{"type":"FeatureCollection","name":"VN_Wards_01","crs":{"type":"name","properties":{"name":"urn:ogc:def:crs:OGC:1.3:CRS84"}},"features":[{"type":"Feature","id":"00004","properties":{"Ward_Code":"00004","Ward_Code_Num":4,"Ward":"Ba Đình","Ward_Alt":"Ba Đình","Ward_Upper":"BA ĐÌNH","Ward_Full":"Phường Ba Đình","Ward_Full_Alt":"Phường Ba Đình","Ward_Full_Upper_Alt":"PHƯỜNG BA ĐÌNH","Ward_Type":"Phường","Province_Code":"01","Province":"Hà Nội","Province_Upper_Alt":"HÀ NỘI"},"geometry":{"type":"MultiPolygon","coordinates":[[[[105.82661,21.03728],[105.82746,21.03968],[105.82863,21.03958],[105.83073,21.04159],[105.83504,21.04189],[105.83512,21.04269],[105.83608,21.04269],[105.83596,21.04308],[105.8366,21.04433],[105.83681,21.04686],[105.83779,21.04721],[105.83916,21.04976],[105.84014,21.05063],[105.84383,21.04673],[105.84697,21.04422],[105.85037,21.04089],[105.84693,21.0398],[105.84563,21.03997],[105.84532,21.03925],[105.84466,21.03935],[105.84412,21.03503],[105.84493,21.03486],[105.84477,21.03407],[105.84371,21.03424],[105.84263,21.02908],[105.84155,21.02825],[105.84156,21.02883],[105.82906,21.03243],[105.82698,21.03211],[105.82718,21.03475],[105.82794,21.03469],[105.82838,21.03705],[105.82661,21.03728]]]]}},
{"type":"Feature","id":"00008","properties":{"Ward_Code":"00008","Ward_Code_Num":8,"Ward":"Ngọc Hà","Ward_Alt":"Ngọc Hà","Ward_Upper":"NGỌC HÀ","Ward_Full":"Phường Ngọc Hà","Ward_Full_Alt":"Phường Ngọc Hà","Ward_Full_Upper_Alt":"PHƯỜNG NGỌC HÀ","Ward_Type":"Phường","Province_Code":"01","Province":"Hà Nội","Province_Upper_Alt":"HÀ NỘI"},"geometry":{"type":"MultiPolygon","coordinates":[[[[105.80565,21.04761],[105.80846,21.04729],[105.81089,21.0462],[105.81339,21.04387],[105.81515,21.04271],[105.82173,21.04181],[105.82746,21.03968],[105.8266,21.0373],[105.82838,21.03705],[105.82794,21.03469],[105.82718,21.03475],[105.82698,21.03211],[105.81727,21.03062],[105.81323,21.03134],[105.81403,21.03389],[105.8103,21.03481],[105.80874,21.03555],[105.80831,21.03626],[105.80627,21.03694],[105.80645,21.03886],[105.80618,21.04008],[105.80664,21.04015],[105.80614,21.04198],[105.80591,21.04554],[105.80524,21.04775],[105.80565,21.04761]]]]}},
{"type":"Feature","id":"00025","properties":{"Ward_Code":"00025","Ward_Code_Num":25,"Ward":"Giảng Võ","Ward_Alt":"Giảng Võ","Ward_Upper":"GIẢNG VÕ","Ward_Full":"Phường Giảng Võ","Ward_Full_Alt":"Phường Giảng Võ","Ward_Full_Upper_Alt":"PHƯỜNG GIẢNG VÕ","Ward_Type":"Phường","Province_Code":"01","Province":"Hà Nội","Province_Upper_Alt":"HÀ NỘI"},"geometry":{"type":"MultiPolygon","coordinates":[[[[105.80995,21.03507],[105.81403,21.03389],[105.81323,21.03134],[105.8159,21.03068],[105.8186,21.0308],[105.82886,21.03246],[105.83001,21.03216],[105.82973,21.03138],[105.82492,21.02786],[105.81991,21.02356],[105.81493,21.0166],[105.80823,21.01986],[105.81125,21.02504],[105.8093,21.02743],[105.80439,21.02894],[105.80138,21.03033],[105.80359,21.03287],[105.80627,21.03694],[105.80831,21.03626],[105.80874,21.03555],[105.80995,21.03507]]]]}},
{"type":"Feature","id":"00070","properties":{"Ward_Code":"00070","Ward_Code_Num":70,"Ward":"Hoàn Kiếm","Ward_Alt":"Hoàn Kiếm","Ward_Upper":"HOÀN KIẾM","Ward_Full":"Phường Hoàn Kiếm","Ward_Full_Alt":"Phường Hoàn Kiếm","Ward_Full_Upper_Alt":"PHƯỜNG HOÀN KIẾM","Ward_Type":"Phường","Province_Code":"01","Province":"Hà Nội","Province_Upper_Alt":"HÀ NỘI"},"geometry":{"type":"MultiPolygon","coordinates":[[[[105.86013,21.02506],[105.85706,21.02438],[105.84324,21.02841],[105.84249,21.02922],[105.84371,21.03424],[105.84477,21.03407],[105.84493,21.03486],[105.84412,21.03503],[105.84466,21.03935],[105.84532,21.03925],[105.84563,21.03997],[105.84693,21.0398],[105.85037,21.04089],[105.85436,21.03586],[105.85839,21.02776],[105.86013,21.02506]]]]}},
{"type":"Feature","id":"00082","properties":{"Ward_Code":"00082","Ward_Code_Num":82,"Ward":"Cửa Nam","Ward_Alt":"Cửa Nam","Ward_Upper":"CỬA NAM","Ward_Full":"Phường Cửa Nam","Ward_Full_Alt":"Phường Cửa Nam","Ward_Full_Upper_Alt":"PHƯỜNG CỬA NAM","Ward_Type":"Phường","Province_Code":"01","Province":"Hà Nội","Province_Upper_Alt":"HÀ NỘI"},"geometry":{"type":"MultiPolygon","coordinates":[[[[105.85698,21.0244],[105.86013,21.02506],[105.86157,21.02129],[105.86205,21.01858],[105.86091,21.01844],[105.85876,21.01907],[105.85502,21.0184],[105.8541,21.01793],[105.84435,21.01975],[105.84144,21.02065],[105.84155,21.02825],[105.84263,21.02908],[105.84339,21.02834],[105.85698,21.0244]]]]}},
{"type":"Feature","id":"00091","properties":{"Ward_Code":"00091","Ward_Code_Num":91,"Ward":"Phú Thượng","Ward_Alt":"Phú Thượng","Ward_Upper":"PHÚ THƯỢNG","Ward_Full":"Phường Phú Thượng","Ward_Full_Alt":"Phường Phú Thượng","Ward_Full_Upper_Alt":"PHƯỜNG PHÚ THƯỢNG","Ward_Type":"Phường","Province_Code":"01","Province":"Hà Nội","Province_Upper_Alt":"HÀ NỘI"},"geometry":{"type":"MultiPolygon","coordinates":[[[[105.82088,21.09322],[105.81781,21.08656],[105.81139,21.07617],[105.80903,21.07044],[105.79837,21.07447],[105.79883,21.07559],[105.79438,21.07731],[105.79386,21.07622],[105.78899,21.0781],[105.7879,21.07912],[105.78843,21.08072],[105.78836,21.08202],[105.78586,21.08982],[105.7864,21.09773],[105.79355,21.09743],[105.80397,21.09559],[105.81654,21.09467],[105.82088,21.09322]]]]}},
{"type":"Feature","id":"00097","properties":{"Ward_Code":"00097","Ward_Code_Num":97,"Ward":"Hồng Hà","Ward_Alt":"Hồng Hà","Ward_Upper":"HỒNG HÀ","Ward_Full":"Phường Hồng Hà","Ward_Full_Alt":"Phường Hồng Hà","Ward_Full_Upper_Alt":"PHƯỜNG HỒNG HÀ","Ward_Type":"Phường","Province_Code":"01","Province":"Hà Nội","Province_Upper_Alt":"HÀ NỘI"},"geometry":{"type":"MultiPolygon","coordinates":[[[[105.87446,21.00262],[105.87423,21.00241],[105.8724,21.00296],[105.87063,21.00391],[105.86478,21.01004],[105.8633,21.01337],[105.86157,21.02129],[105.8605,21.02431],[105.85839,21.02776],[105.85436,21.03586],[105.85037,21.04089],[105.84697,21.04422],[105.84383,21.04673],[105.83812,21.05273],[105.83496,21.05825],[105.83266,21.06115],[105.8316,21.06407],[105.83046,21.06469],[105.82914,21.06489],[105.82627,21.06845],[105.82598,21.07193],[105.8255,21.07305],[105.82059,21.07746],[105.81742,21.08231],[105.81661,21.08457],[105.82088,21.09322],[105.82666,21.09123],[105.83274,21.08704],[105.83522,21.0858],[105.84099,21.08116],[105.84226,21.07828],[105.85278,21.06659],[105.85433,21.06362],[105.85512,21.06277],[105.85788,21.05698],[105.861,21.05268],[105.8624,21.04907],[105.86243,21.0396],[105.86626,21.02634],[105.86652,21.02415],[105.86777,21.02003],[105.87039,21.0138],[105.87233,21.01058],[105.87463,21.00828],[105.87806,21.00628],[105.87446,21.00262]]]]}},
{"type":"Feature","id":"00103","properties":{"Ward_Code":"00103","Ward_Code_Num":103,"Ward":"Tây Hồ","Ward_Alt":"Tây Hồ","Ward_Upper":"TÂY HỒ","Ward_Full":"Phường Tây Hồ","Ward_Full_Alt":"Phường Tây Hồ","Ward_Full_Upper_Alt":"PHƯỜNG TÂY HỒ","Ward_Type":"Phường","Province_Code":"01","Province":"Hà Nội","Province_Upper_Alt":"HÀ NỘI"},"geometry":{"type":"MultiPolygon","coordinates":[[[[105.83795,21.04771],[105.83779,21.04721],[105.83681,21.04686],[105.8366,21.04433],[105.83596,21.04308],[105.83608,21.04269],[105.83512,21.04269],[105.83504,21.04189],[105.83073,21.04159],[105.8284,21.03954],[105.82173,21.04181],[105.81515,21.04271],[105.81339,21.04387],[105.81089,21.0462],[105.80846,21.04729],[105.80524,21.04775],[105.80444,21.05135],[105.80455,21.0624],[105.80903,21.07044],[105.81139,21.07617],[105.81661,21.08457],[105.81742,21.08231],[105.82059,21.07746],[105.82569,21.07275],[105.82605,21.07135],[105.82612,21.06889],[105.8265,21.0681],[105.82914,21.06489],[105.83046,21.06469],[105.8316,21.06407],[105.83266,21.06115],[105.83496,21.05825],[105.83787,21.05307],[105.84014,21.05064],[105.83916,21.04976],[105.83795,21.04771]]]]}},
{"type":"Feature","id":"00118","properties":{"Ward_Code":"00118","Ward_Code_Num":118,"Ward":"Bồ Đề","Ward_Alt":"Bồ Đề","Ward_Upper":"BỒ ĐỀ","Ward_Full":"Phường Bồ Đề","Ward_Full_Alt":"Phường Bồ Đề","Ward_Full_Upper_Alt":"PHƯỜNG BỒ ĐỀ","Ward_Type":"Phường","Province_Code":"01","Province":"Hà Nội","Province_Upper_Alt":"HÀ NỘI"},"geometry":{"type":"MultiPolygon","coordinates":[[[[105.89056,21.05206],[105.88132,21.03298],[105.87975,21.03121],[105.869,21.02197],[105.86746,21.02104],[105.86652,21.02415],[105.86626,21.02634],[105.86243,21.0396],[105.8624,21.04907],[105.861,21.05268],[105.85788,21.05698],[105.85512,21.06277],[105.85433,21.06362],[105.85278,21.06659],[105.84226,21.07828],[105.84099,21.08116],[105.84263,21.08103],[105.84572,21.07999],[105.8564,21.07205],[105.86055,21.06853],[105.86426,21.06662],[105.8663,21.06645],[105.86898,21.06702],[105.87235,21.06826],[105.87806,21.07124],[105.88052,21.06743],[105.88326,21.05974],[105.88426,21.05847],[105.88859,21.05466],[105.89056,21.05206]]]]}},
{"type":"Feature","id":"00127","properties":{"Ward_Code":"00127","Ward_Code_Num":127,"Ward":"Việt Hưng","Ward_Alt":"Việt Hưng","Ward_Upper":"VIỆT HƯNG","Ward_Full":"Phường Việt Hưng","Ward_Full_Alt":"Phường Việt Hưng","Ward_Full_Upper_Alt":"PHƯỜNG VIỆT HƯNG","Ward_Type":"Phường","Province_Code":"01","Province":"Hà Nội","Province_Upper_Alt":"HÀ NỘI"},"geometry":{"type":"MultiPolygon","coordinates":[[[[105.90272,21.0786],[105.91787,21.0761],[105.92078,21.07476],[105.92305,21.07331],[105.92435,21.07223],[105.92775,21.06772],[105.9314,21.06054],[105.93228,21.05817],[105.92316,21.05301],[105.9216,21.0553],[105.92021,21.05533],[105.91938,21.05585],[105.91875,21.05683],[105.91857,21.05801],[105.91778,21.05782],[105.90085,21.04937],[105.89465,21.04576],[105.8919,21.05019],[105.88859,21.05466],[105.88426,21.05847],[105.88326,21.05974],[105.88052,21.06743],[105.87806,21.07124],[105.88548,21.07628],[105.89162,21.07873],[105.89537,21.07959],[105.89772,21.07979],[105.90272,21.0786]]]]}},
{"type":"Feature","id":"00136","properties":{"Ward_Code":"00136","Ward_Code_Num":136,"Ward":"Phúc Lợi","Ward_Alt":"Phúc Lợi","Ward_Upper":"PHÚC LỢI","Ward_Full":"Phường Phúc Lợi","Ward_Full_Alt":"Phường Phúc Lợi","Ward_Full_Upper_Alt":"PHƯỜNG PHÚC LỢI","Ward_Type":"Phường","Province_Code":"01","Province":"Hà Nội","Province_Upper_Alt":"HÀ NỘI"},"geometry":{"type":"MultiPolygon","coordinates":[[[[105.9338,21.0533],[105.93568,21.04663],[105.93872,21.041],[105.93302,21.033],[105.92912,21.02474],[105.92194,21.0277],[105.9133,21.03027],[105.89963,21.03697],[105.89869,21.03796],[105.89708,21.04191],[105.89465,21.04576],[105.90085,21.04937],[105.91815,21.05794],[105.91857,21.05801],[105.91879,21.05673],[105.91949,21.05574],[105.92021,21.05533],[105.9216,21.0553],[105.92316,21.05301],[105.93228,21.05817],[105.9338,21.0533]]]]}},
{"type":"Feature","id":"00145","properties":{"Ward_Code":"00145","Ward_Code_Num":145,"Ward":"Long Biên","Ward_Alt":"Long Biên","Ward_Upper":"LONG BIÊN","Ward_Full":"Phường Long Biên","Ward_Full_Alt":"Phường Long Biên","Ward_Full_Upper_Alt":"PHƯỜNG LONG BIÊN","Ward_Type":"Phường","Province_Code":"01","Province":"Hà Nội","Province_Upper_Alt":"HÀ NỘI"},"geometry":{"type":"MultiPolygon","coordinates":[[[[105.89465,21.04576],[105.89708,21.04191],[105.89869,21.03796],[105.89963,21.03697],[105.9133,21.03027],[105.92194,21.0277],[105.92912,21.02474],[105.92746,21.02194],[105.921,21.0164],[105.91497,21.00851],[105.90184,20.99374],[105.898,20.99664],[105.89229,20.99971],[105.88296,21.00368],[105.87463,21.00828],[105.87233,21.01058],[105.87039,21.0138],[105.86746,21.02104],[105.869,21.02197],[105.87975,21.03121],[105.88132,21.03298],[105.89056,21.05206],[105.89465,21.04576]]]]}},
{"type":"Feature","id":"00160","properties":{"Ward_Code":"00160","Ward_Code_Num":160,"Ward":"Nghĩa Đô","Ward_Alt":"Nghĩa Đô","Ward_Upper":"NGHĨA ĐÔ","Ward_Full":"Phường Nghĩa Đô","Ward_Full_Alt":"Phường Nghĩa Đô","Ward_Full_Upper_Alt":"PHƯỜNG NGHĨA ĐÔ","Ward_Type":"Phường","Province_Code":"01","Province":"Hà Nội","Province_Upper_Alt":"HÀ NỘI"},"geometry":{"type":"MultiPolygon","coordinates":[[[[105.78994,21.0566],[105.79011,21.0519],[105.80443,21.05182],[105.80468,21.0496],[105.80599,21.04505],[105.80614,21.04198],[105.80664,21.04015],[105.80618,21.04008],[105.80636,21.03748],[105.8061,21.03654],[105.80359,21.03287],[105.80129,21.03027],[105.79738,21.03385],[105.79779,21.03662],[105.79769,21.03903],[105.79612,21.03881],[105.79572,21.0392],[105.79472,21.0392],[105.79476,21.03766],[105.79425,21.03746],[105.7905,21.04024],[105.79048,21.04164],[105.78096,21.04185],[105.78185,21.05366],[105.78236,21.05624],[105.7844,21.0566],[105.78602,21.05633],[105.7883,21.05675],[105.78994,21.0566]]]]}},
{"type":"Feature","id":"00166","properties":{"Ward_Code":"00166","Ward_Code_Num":166,"Ward":"Cầu Giấy","Ward_Alt":"Cầu Giấy","Ward_Upper":"CẦU GIẤY","Ward_Full":"Phường Cầu Giấy","Ward_Full_Alt":"Phường Cầu Giấy","Ward_Full_Upper_Alt":"PHƯỜNG CẦU GIẤY","Ward_Type":"Phường","Province_Code":"01","Province":"Hà Nội","Province_Upper_Alt":"HÀ NỘI"},"geometry":{"type":"MultiPolygon","coordinates":[[[[105.78675,21.04163],[105.79048,21.04164],[105.7905,21.04024],[105.79425,21.03746],[105.79476,21.03766],[105.79472,21.0392],[105.79572,21.0392],[105.79612,21.03881],[105.79769,21.03903],[105.79779,21.03662],[105.79738,21.03385],[105.80129,21.03027],[105.7983,21.02679],[105.79765,21.02504],[105.79402,21.02617],[105.7822,21.01766],[105.77944,21.0213],[105.77865,21.02408],[105.78057,21.03642],[105.78096,21.04185],[105.78675,21.04163]]]]}},
{"type":"Feature","id":"00175","properties":{"Ward_Code":"00175","Ward_Code_Num":175,"Ward":"Yên Hoà","Ward_Alt":"Yên Hòa","Ward_Upper":"YÊN HOÀ","Ward_Full":"Phường Yên Hoà","Ward_Full_Alt":"Phường Yên Hòa","Ward_Full_Upper_Alt":"PHƯỜNG YÊN HÒA","Ward_Type":"Phường","Province_Code":"01","Province":"Hà Nội","Province_Upper_Alt":"HÀ NỘI"},"geometry":{"type":"MultiPolygon","coordinates":[[[[105.80514,21.00566],[105.8003,21.00223],[105.79765,21.00548],[105.79409,21.00297],[105.7822,21.01766],[105.79402,21.02617],[105.79765,21.02504],[105.7978,21.02406],[105.80022,21.02187],[105.80416,21.01573],[105.80781,21.01254],[105.81078,21.01055],[105.80933,21.00864],[105.80514,21.00566]]]]}},
{"type":"Feature","id":"00190","properties":{"Ward_Code":"00190","Ward_Code_Num":190,"Ward":"Ô Chợ Dừa","Ward_Alt":"Ô Chợ Dừa","Ward_Upper":"Ô CHỢ DỪA","Ward_Full":"Phường Ô Chợ Dừa","Ward_Full_Alt":"Phường Ô Chợ Dừa","Ward_Full_Upper_Alt":"PHƯỜNG Ô CHỢ DỪA","Ward_Type":"Phường","Province_Code":"01","Province":"Hà Nội","Province_Upper_Alt":"HÀ NỘI"},"geometry":{"type":"MultiPolygon","coordinates":[[[[105.83604,21.03042],[105.83413,21.02762],[105.82976,21.01825],[105.82567,21.02083],[105.82348,21.01665],[105.82119,21.01633],[105.81889,21.01394],[105.81499,21.01669],[105.81991,21.02356],[105.82492,21.02786],[105.82973,21.03138],[105.83001,21.03216],[105.83604,21.03042]]]]}},
{"type":"Feature","id":"00199","properties":{"Ward_Code":"00199","Ward_Code_Num":199,"Ward":"Láng","Ward_Alt":"Láng","Ward_Upper":"LÁNG","Ward_Full":"Phường Láng","Ward_Full_Alt":"Phường Láng","Ward_Full_Upper_Alt":"PHƯỜNG LÁNG","Ward_Type":"Phường","Province_Code":"01","Province":"Hà Nội","Province_Upper_Alt":"HÀ NỘI"},"geometry":{"type":"MultiPolygon","coordinates":[[[[105.80138,21.03033],[105.80478,21.0288],[105.80902,21.02762],[105.81125,21.02504],[105.80823,21.01986],[105.81493,21.0166],[105.81078,21.01055],[105.80781,21.01254],[105.80416,21.01573],[105.80022,21.02187],[105.7978,21.02406],[105.79766,21.0251],[105.7983,21.02679],[105.80138,21.03033]]]]}},
{"type":"Feature","id":"00226","properties":{"Ward_Code":"00226","Ward_Code_Num":226,"Ward":"Văn Miếu - Quốc Tử Giám","Ward_Alt":"Văn Miếu - Quốc Tử Giám","Ward_Upper":"VĂN MIẾU - QUỐC TỬ GIÁM","Ward_Full":"Phường Văn Miếu - Quốc Tử Giám","Ward_Full_Alt":"Phường Văn Miếu - Quốc Tử Giám","Ward_Full_Upper_Alt":"PHƯỜNG VĂN MIẾU - QUỐC TỬ GIÁM","Ward_Type":"Phường","Province_Code":"01","Province":"Hà Nội","Province_Upper_Alt":"HÀ NỘI"},"geometry":{"type":"MultiPolygon","coordinates":[[[[105.84138,21.00792],[105.84138,21.00771],[105.84028,21.00799],[105.83877,21.00903],[105.83275,21.0157],[105.82976,21.01825],[105.83413,21.02762],[105.83604,21.03042],[105.84156,21.02883],[105.84138,21.00792]]]]}},
{"type":"Feature","id":"00229","properties":{"Ward_Code":"00229","Ward_Code_Num":229,"Ward":"Kim Liên","Ward_Alt":"Kim Liên","Ward_Upper":"KIM LIÊN","Ward_Full":"Phường Kim Liên","Ward_Full_Alt":"Phường Kim Liên","Ward_Full_Upper_Alt":"PHƯỜNG KIM LIÊN","Ward_Type":"Phường","Province_Code":"01","Province":"Hà Nội","Province_Upper_Alt":"HÀ NỘI"},"geometry":{"type":"MultiPolygon","coordinates":[[[[105.82021,21.00312],[105.82218,21.00482],[105.82514,21.01067],[105.82691,21.01347],[105.83105,21.01132],[105.83414,21.01424],[105.83877,21.00903],[105.84004,21.0081],[105.84138,21.00771],[105.84126,20.99777],[105.83176,20.99988],[105.82021,21.00312]]]]}},
{"type":"Feature","id":"00235","properties":{"Ward_Code":"00235","Ward_Code_Num":235,"Ward":"Đống Đa","Ward_Alt":"Đống Đa","Ward_Upper":"ĐỐNG ĐA","Ward_Full":"Phường Đống Đa","Ward_Full_Alt":"Phường Đống Đa","Ward_Full_Upper_Alt":"PHƯỜNG ĐỐNG ĐA","Ward_Type":"Phường","Province_Code":"01","Province":"Hà Nội","Province_Upper_Alt":"HÀ NỘI"},"geometry":{"type":"MultiPolygon","coordinates":[[[[105.81078,21.01055],[105.81499,21.01669],[105.81889,21.01394],[105.82119,21.01633],[105.82348,21.01665],[105.82567,21.02083],[105.82925,21.01874],[105.83414,21.01424],[105.83105,21.01132],[105.82691,21.01347],[105.82192,21.00445],[105.81811,21.00159],[105.81648,21.00545],[105.8151,21.00747],[105.81408,21.00845],[105.81078,21.01055]]]]}},
{"type":"Feature","id":"00256","properties":{"Ward_Code":"00256","Ward_Code_Num":256,"Ward":"Hai Bà Trưng","Ward_Alt":"Hai Bà Trưng","Ward_Upper":"HAI BÀ TRƯNG","Ward_Full":"Phường Hai Bà Trưng","Ward_Full_Alt":"Phường Hai Bà Trưng","Ward_Full_Upper_Alt":"PHƯỜNG HAI BÀ TRƯNG","Ward_Type":"Phường","Province_Code":"01","Province":"Hà Nội","Province_Upper_Alt":"HÀ NỘI"},"geometry":{"type":"MultiPolygon","coordinates":[[[[105.86586,21.0088],[105.86262,21.00872],[105.85605,21.00918],[105.85307,21.00868],[105.85051,21.0087],[105.84333,21.00772],[105.84138,21.00771],[105.84144,21.02065],[105.84435,21.01975],[105.8541,21.01793],[105.85502,21.0184],[105.85876,21.01907],[105.86091,21.01844],[105.86205,21.01858],[105.86385,21.01174],[105.86586,21.0088]]]]}},
{"type":"Feature","id":"00283","properties":{"Ward_Code":"00283","Ward_Code_Num":283,"Ward":"Vĩnh Tuy","Ward_Alt":"Vĩnh Tuy","Ward_Upper":"VĨNH TUY","Ward_Full":"Phường Vĩnh Tuy","Ward_Full_Alt":"Phường Vĩnh Tuy","Ward_Full_Upper_Alt":"PHƯỜNG VĨNH TUY","Ward_Type":"Phường","Province_Code":"01","Province":"Hà Nội","Province_Upper_Alt":"HÀ NỘI"},"geometry":{"type":"MultiPolygon","coordinates":[[[[105.87423,21.00241],[105.87196,21.00027],[105.87257,20.99983],[105.8737,20.99765],[105.87406,20.9953],[105.87373,20.99278],[105.87225,20.98968],[105.87016,20.9874],[105.86891,20.98664],[105.86684,20.98798],[105.86271,20.99213],[105.86074,21.00892],[105.86586,21.0088],[105.87063,21.00391],[105.87208,21.00307],[105.87423,21.00241]]]]}},
{"type":"Feature","id":"00292","properties":{"Ward_Code":"00292","Ward_Code_Num":292,"Ward":"Bạch Mai","Ward_Alt":"Bạch Mai","Ward_Upper":"BẠCH MAI","Ward_Full":"Phường Bạch Mai","Ward_Full_Alt":"Phường Bạch Mai","Ward_Full_Upper_Alt":"PHƯỜNG BẠCH MAI","Ward_Type":"Phường","Province_Code":"01","Province":"Hà Nội","Province_Upper_Alt":"HÀ NỘI"},"geometry":{"type":"MultiPolygon","coordinates":[[[[105.86223,20.9963],[105.85892,20.9953],[105.85702,20.99519],[105.84722,20.99632],[105.84126,20.99777],[105.84138,21.00771],[105.84333,21.00772],[105.85051,21.0087],[105.85307,21.00868],[105.85584,21.00917],[105.8608,21.00903],[105.86223,20.9963]]]]}},
{"type":"Feature","id":"00301","properties":{"Ward_Code":"00301","Ward_Code_Num":301,"Ward":"Vĩnh Hưng","Ward_Alt":"Vĩnh Hưng","Ward_Upper":"VĨNH HƯNG","Ward_Full":"Phường Vĩnh Hưng","Ward_Full_Alt":"Phường Vĩnh Hưng","Ward_Full_Upper_Alt":"PHƯỜNG VĨNH HƯNG","Ward_Type":"Phường","Province_Code":"01","Province":"Hà Nội","Province_Upper_Alt":"HÀ NỘI"},"geometry":{"type":"MultiPolygon","coordinates":[[[[105.87548,20.9836],[105.87079,20.98544],[105.86891,20.98664],[105.87016,20.9874],[105.87225,20.98968],[105.87373,20.99278],[105.87406,20.9953],[105.8737,20.99765],[105.87257,20.99983],[105.87196,21.00027],[105.87423,21.00241],[105.87683,21.00202],[105.87943,21.00064],[105.8819,21.00125],[105.88361,21.00098],[105.88523,21.00036],[105.88727,20.99876],[105.89213,20.99648],[105.89245,20.99586],[105.89245,20.99338],[105.89206,20.99286],[105.89209,20.99224],[105.8936,20.98998],[105.89493,20.9869],[105.895,20.98606],[105.88922,20.97957],[105.88352,20.9804],[105.87548,20.9836]]]]}},
{"type":"Feature","id":"00316","properties":{"Ward_Code":"00316","Ward_Code_Num":316,"Ward":"Định Công","Ward_Alt":"Định Công","Ward_Upper":"ĐỊNH CÔNG","Ward_Full":"Phường Định Công","Ward_Full_Alt":"Phường Định Công","Ward_Full_Upper_Alt":"PHƯỜNG ĐỊNH CÔNG","Ward_Type":"Phường","Province_Code":"01","Province":"Hà Nội","Province_Upper_Alt":"HÀ NỘI"},"geometry":{"type":"MultiPolygon","coordinates":[[[[105.83151,20.98369],[105.84103,20.98369],[105.84088,20.97225],[105.84136,20.97024],[105.84004,20.97019],[105.83865,20.97103],[105.8349,20.97082],[105.8292,20.96923],[105.82651,20.9673],[105.82406,20.96855],[105.82495,20.97073],[105.82162,20.97175],[105.82122,20.97051],[105.82034,20.96936],[105.81883,20.9676],[105.81783,20.96697],[105.80696,20.97322],[105.80864,20.9769],[105.80644,20.97978],[105.80652,20.98004],[105.81,20.98234],[105.81247,20.97899],[105.81423,20.98195],[105.81568,20.98322],[105.81834,20.98074],[105.81886,20.98186],[105.81929,20.98457],[105.82304,20.98692],[105.82487,20.98871],[105.82857,20.98489],[105.82964,20.98423],[105.83151,20.98369]]]]}},
{"type":"Feature","id":"00322","properties":{"Ward_Code":"00322","Ward_Code_Num":322,"Ward":"Tương Mai","Ward_Alt":"Tương Mai","Ward_Upper":"TƯƠNG MAI","Ward_Full":"Phường Tương Mai","Ward_Full_Alt":"Phường Tương Mai","Ward_Full_Upper_Alt":"PHƯỜNG TƯƠNG MAI","Ward_Type":"Phường","Province_Code":"01","Province":"Hà Nội","Province_Upper_Alt":"HÀ NỘI"},"geometry":{"type":"MultiPolygon","coordinates":[[[[105.84575,20.99662],[105.85702,20.99519],[105.85892,20.9953],[105.86223,20.9963],[105.86271,20.99213],[105.86684,20.98798],[105.87079,20.98544],[105.87548,20.9836],[105.84103,20.98369],[105.84126,20.99777],[105.84575,20.99662]]]]}},
{"type":"Feature","id":"00328","properties":{"Ward_Code":"00328","Ward_Code_Num":328,"Ward":"Lĩnh Nam","Ward_Alt":"Lĩnh Nam","Ward_Upper":"LĨNH NAM","Ward_Full":"Phường Lĩnh Nam","Ward_Full_Alt":"Phường Lĩnh Nam","Ward_Full_Upper_Alt":"PHƯỜNG LĨNH NAM","Ward_Type":"Phường","Province_Code":"01","Province":"Hà Nội","Province_Upper_Alt":"HÀ NỘI"},"geometry":{"type":"MultiPolygon","coordinates":[[[[105.90184,20.99374],[105.90462,20.99128],[105.90679,20.98774],[105.90776,20.98522],[105.90794,20.98235],[105.90664,20.97652],[105.90293,20.96776],[105.8974,20.96018],[105.89246,20.9546],[105.88617,20.94552],[105.87919,20.95126],[105.87108,20.95662],[105.87251,20.95845],[105.87344,20.96027],[105.87457,20.96117],[105.87531,20.9644],[105.87678,20.96494],[105.87634,20.96644],[105.87801,20.96816],[105.88155,20.9729],[105.88551,20.97568],[105.88697,20.97705],[105.895,20.98606],[105.89499,20.98673],[105.8936,20.98998],[105.89209,20.99224],[105.89206,20.99286],[105.89245,20.99338],[105.89245,20.99586],[105.89197,20.99664],[105.88727,20.99876],[105.88523,21.00036],[105.88361,21.00098],[105.8819,21.00125],[105.87943,21.00064],[105.87683,21.00202],[105.87423,21.00241],[105.87806,21.00628],[105.88296,21.00368],[105.89229,20.99971],[105.898,20.99664],[105.90184,20.99374]]]]}},
{"type":"Feature","id":"00331","properties":{"Ward_Code":"00331","Ward_Code_Num":331,"Ward":"Hoàng Mai","Ward_Alt":"Hoàng Mai","Ward_Upper":"HOÀNG MAI","Ward_Full":"Phường Hoàng Mai","Ward_Full_Alt":"Phường Hoàng Mai","Ward_Full_Upper_Alt":"PHƯỜNG HOÀNG MAI","Ward_Type":"Phường","Province_Code":"01","Province":"Hà Nội","Province_Upper_Alt":"HÀ NỘI"},"geometry":{"type":"MultiPolygon","coordinates":[[[[105.87634,20.96644],[105.87443,20.96522],[105.87196,20.96442],[105.86287,20.96394],[105.85092,20.96571],[105.84198,20.96573],[105.8419,20.96807],[105.84088,20.97225],[105.84103,20.98369],[105.87548,20.9836],[105.88352,20.9804],[105.88922,20.97957],[105.88586,20.97596],[105.88155,20.9729],[105.87801,20.96816],[105.87634,20.96644]]]]}},
{"type":"Feature","id":"00337","properties":{"Ward_Code":"00337","Ward_Code_Num":337,"Ward":"Hoàng Liệt","Ward_Alt":"Hoàng Liệt","Ward_Upper":"HOÀNG LIỆT","Ward_Full":"Phường Hoàng Liệt","Ward_Full_Alt":"Phường Hoàng Liệt","Ward_Full_Upper_Alt":"PHƯỜNG HOÀNG LIỆT","Ward_Type":"Phường","Province_Code":"01","Province":"Hà Nội","Province_Upper_Alt":"HÀ NỘI"},"geometry":{"type":"MultiPolygon","coordinates":[[[[105.82406,20.96855],[105.82651,20.9673],[105.8292,20.96923],[105.8349,20.97082],[105.83865,20.97103],[105.84004,20.97019],[105.84136,20.97024],[105.84195,20.96757],[105.84205,20.96136],[105.84415,20.95119],[105.84287,20.95111],[105.84241,20.95317],[105.84175,20.95386],[105.84074,20.95425],[105.83943,20.95404],[105.83594,20.95237],[105.83247,20.95227],[105.82948,20.95373],[105.82553,20.9565],[105.82017,20.95745],[105.81758,20.95965],[105.81572,20.95989],[105.81394,20.95947],[105.8132,20.95984],[105.81339,20.9606],[105.81745,20.96277],[105.82171,20.96588],[105.82363,20.9677],[105.82406,20.96855]]]]}},
{"type":"Feature","id":"00340","properties":{"Ward_Code":"00340","Ward_Code_Num":340,"Ward":"Yên Sở","Ward_Alt":"Yên Sở","Ward_Upper":"YÊN SỞ","Ward_Full":"Phường Yên Sở","Ward_Full_Alt":"Phường Yên Sở","Ward_Full_Upper_Alt":"PHƯỜNG YÊN SỞ","Ward_Type":"Phường","Province_Code":"01","Province":"Hà Nội","Province_Upper_Alt":"HÀ NỘI"},"geometry":{"type":"MultiPolygon","coordinates":[[[[105.87108,20.95662],[105.86962,20.95455],[105.86774,20.95372],[105.86646,20.95144],[105.86627,20.9501],[105.86476,20.94911],[105.86395,20.94584],[105.86401,20.94326],[105.85927,20.94488],[105.85422,20.94719],[105.85237,20.94698],[105.84928,20.94771],[105.84888,20.94797],[105.848,20.94997],[105.84754,20.95212],[105.84415,20.95119],[105.84205,20.96136],[105.84198,20.96573],[105.85092,20.96571],[105.86287,20.96394],[105.87196,20.96442],[105.87443,20.96522],[105.87634,20.96644],[105.87678,20.96494],[105.87531,20.9644],[105.87457,20.96117],[105.87344,20.96027],[105.87251,20.95845],[105.87108,20.95662]]]]}},
{"type":"Feature","id":"00352","properties":{"Ward_Code":"00352","Ward_Code_Num":352,"Ward":"Phương Liệt","Ward_Alt":"Phương Liệt","Ward_Upper":"PHƯƠNG LIỆT","Ward_Full":"Phường Phương Liệt","Ward_Full_Alt":"Phường Phương Liệt","Ward_Full_Upper_Alt":"PHƯỜNG PHƯƠNG LIỆT","Ward_Type":"Phường","Province_Code":"01","Province":"Hà Nội","Province_Upper_Alt":"HÀ NỘI"},"geometry":{"type":"MultiPolygon","coordinates":[[[[105.83338,20.98363],[105.83077,20.98381],[105.82857,20.98489],[105.82567,20.98773],[105.82148,20.99274],[105.82227,20.99448],[105.8218,20.9968],[105.82182,20.99932],[105.82281,21.00243],[105.83361,20.99941],[105.84126,20.99777],[105.84103,20.98369],[105.83338,20.98363]]]]}},
{"type":"Feature","id":"00364","properties":{"Ward_Code":"00364","Ward_Code_Num":364,"Ward":"Khương Đình","Ward_Alt":"Khương Đình","Ward_Upper":"KHƯƠNG ĐÌNH","Ward_Full":"Phường Khương Đình","Ward_Full_Alt":"Phường Khương Đình","Ward_Full_Upper_Alt":"PHƯỜNG KHƯƠNG ĐÌNH","Ward_Type":"Phường","Province_Code":"01","Province":"Hà Nội","Province_Upper_Alt":"HÀ NỘI"},"geometry":{"type":"MultiPolygon","coordinates":[[[[105.82281,21.00243],[105.82182,20.99932],[105.8218,20.9968],[105.82227,20.99448],[105.82146,20.9928],[105.82487,20.98871],[105.82304,20.98692],[105.81929,20.98457],[105.81886,20.98186],[105.81834,20.98074],[105.81568,20.98322],[105.81423,20.98195],[105.81247,20.97899],[105.80322,20.99148],[105.82021,21.00312],[105.82281,21.00243]]]]}},
{"type":"Feature","id":"00367","properties":{"Ward_Code":"00367","Ward_Code_Num":367,"Ward":"Thanh Xuân","Ward_Alt":"Thanh Xuân","Ward_Upper":"THANH XUÂN","Ward_Full":"Phường Thanh Xuân","Ward_Full_Alt":"Phường Thanh Xuân","Ward_Full_Upper_Alt":"PHƯỜNG THANH XUÂN","Ward_Type":"Phường","Province_Code":"01","Province":"Hà Nội","Province_Upper_Alt":"HÀ NỘI"},"geometry":{"type":"MultiPolygon","coordinates":[[[[105.81698,21.00417],[105.81811,21.00159],[105.79874,20.98831],[105.79536,20.9918],[105.79021,20.99479],[105.79693,20.99945],[105.79409,21.00297],[105.79765,21.00548],[105.8003,21.00223],[105.80888,21.00828],[105.81078,21.01055],[105.81495,21.00764],[105.81648,21.00545],[105.81698,21.00417]]]]}},
{"type":"Feature","id":"00376","properties":{"Ward_Code":"00376","Ward_Code_Num":376,"Ward":"Sóc Sơn","Ward_Alt":"Sóc Sơn","Ward_Upper":"SÓC SƠN","Ward_Full":"Xã Sóc Sơn","Ward_Full_Alt":"Xã Sóc Sơn","Ward_Full_Upper_Alt":"XÃ SÓC SƠN","Ward_Type":"Xã","Province_Code":"01","Province":"Hà Nội","Province_Upper_Alt":"HÀ NỘI"},"geometry":{"type":"MultiPolygon","coordinates":[[[[105.83562,21.30012],[105.83729,21.29958],[105.83791,21.29888],[105.83918,21.2989],[105.83961,21.29862],[105.84025,21.29636],[105.84155,21.29499],[105.84287,21.29583],[105.84398,21.29555],[105.84554,21.29657],[105.84579,21.29597],[105.84688,21.29626],[105.84702,21.29581],[105.85156,21.2975],[105.85184,21.29667],[105.85302,21.29672],[105.85335,21.29612],[105.85392,21.29638],[105.8551,21.29597],[105.85576,21.29508],[105.85676,21.29456],[105.857,21.29471],[105.85744,21.294],[105.8569,21.29329],[105.85613,21.2931],[105.85586,21.29248],[105.85664,21.29138],[105.85608,21.28956],[105.85705,21.28948],[105.85714,21.28911],[105.85869,21.28817],[105.85935,21.28827],[105.85975,21.28746],[105.86009,21.28748],[105.86038,21.28809],[105.86267,21.28722],[105.86512,21.28718],[105.86634,21.29248],[105.867,21.29239],[105.86745,21.29294],[105.86776,21.29268],[105.8682,21.29322],[105.87108,21.29461],[105.87128,21.29395],[105.87204,21.29408],[105.87187,21.29434],[105.87268,21.29519],[105.87312,21.29509],[105.87274,21.29422],[105.87319,21.29337],[105.87378,21.29364],[105.87439,21.29322],[105.87583,21.29339],[105.87629,21.29282],[105.8767,21.29305],[105.87737,21.29288],[105.87801,21.29365],[105.87971,21.29458],[105.88034,21.29379],[105.88229,21.29384],[105.88322,21.29354],[105.88382,21.29273],[105.88487,21.29244],[105.88528,21.29084],[105.88618,21.29009],[105.8868,21.28878],[105.88646,21.28693],[105.88675,21.28661],[105.88637,21.28552],[105.88604,21.28546],[105.88731,21.28062],[105.88609,21.28111],[105.88555,21.28084],[105.88483,21.27815],[105.88484,21.2762],[105.88244,21.27656],[105.88152,21.27815],[105.88105,21.27838],[105.88012,21.27825],[105.87983,21.2772],[105.88016,21.27568],[105.88185,21.27532],[105.88092,21.27181],[105.88226,21.27052],[105.88251,21.2695],[105.8821,21.26919],[105.88318,21.26837],[105.88337,21.26736],[105.88366,21.2676],[105.88399,21.2674],[105.8834,21.26682],[105.88374,21.26577],[105.88355,21.26561],[105.88454,21.26397],[105.88457,21.26314],[105.88397,21.26254],[105.8846,21.2617],[105.88424,21.26051],[105.88469,21.25917],[105.88394,21.25796],[105.88504,21.25673],[105.88566,21.25473],[105.88489,21.25366],[105.88524,21.25216],[105.88659,21.2486],[105.88742,21.24843],[105.88726,21.246949999999998],[105.88751,21.24691],[105.8856,21.24527],[105.8842,21.24569],[105.88341,21.24447],[105.88247,21.24498],[105.88113,21.24403],[105.88045,21.24134],[105.87475,21.24224],[105.87419,21.24293],[105.87356,21.24309],[105.8728,21.23906],[105.87176,21.23907],[105.87178,21.23875],[105.87139,21.23871],[105.8709,21.23929],[105.87006,21.23883],[105.87021,21.23861],[105.86956,21.23762],[105.86953,21.23636],[105.86631,21.23537],[105.86681,21.23444],[105.86374,21.23312],[105.86255,21.23424],[105.86202,21.23415],[105.862,21.23377],[105.86189,21.22829],[105.86614,21.22588],[105.86607,21.22568],[105.87155,21.22455],[105.87151,21.22291],[105.87858,21.21932],[105.88305,21.21816],[105.88357,21.21978],[105.88597,21.2188],[105.88588,21.2171],[105.88437,21.21486],[105.88485,21.21341],[105.88367,21.21279],[105.88329,21.21302],[105.8826,21.21239],[105.88229,21.21194],[105.88272,21.21186],[105.88242,21.21119],[105.88279,21.21087],[105.88176,21.21117],[105.88041,21.21013],[105.88041,21.20963],[105.88088,21.20942],[105.88085,21.20794],[105.88296,21.20737],[105.88295,21.20713],[105.88106,21.20764],[105.88069,21.20469],[105.87989,21.20458],[105.87984,21.20326],[105.8777,21.20288],[105.87551,21.20191],[105.87459,21.20238],[105.87248,21.20616],[105.8718,21.20641],[105.87143,21.20444],[105.87155,21.20292],[105.87255,21.20144],[105.87274,21.20059],[105.87226,21.19891],[105.87134,21.1981],[105.86897,21.19799],[105.86791,21.19825],[105.86729,21.19876],[105.86737,21.20008],[105.86709,21.20066],[105.86647,21.20089],[105.8651,21.20062],[105.86261,21.19948],[105.86021,21.19596],[105.85832,21.19457],[105.85324,21.19228],[105.85106,21.19074],[105.84727,21.18922],[105.84558,21.18886],[105.84427,21.18901],[105.84098,21.19046],[105.83969,21.1903],[105.83835,21.18935],[105.83799,21.18958],[105.83739,21.19012],[105.83679,21.1914],[105.83554,21.19159],[105.83545,21.19269],[105.83476,21.19286],[105.83397,21.19813],[105.8249,21.19829],[105.82498,21.20136],[105.82218,21.20162],[105.82228,21.20313],[105.82195,21.20312],[105.82225,21.20561],[105.82209,21.20759],[105.81655,21.20914],[105.81879,21.21321],[105.82486,21.2117],[105.82695,21.21376],[105.82769,21.21584],[105.82292,21.21962],[105.81923,21.22118],[105.81169,21.22336],[105.81299,21.22758],[105.808,21.2291],[105.80709,21.23146],[105.80548,21.23413],[105.8143,21.2381],[105.81409,21.23881],[105.81555,21.23947],[105.8148,21.24092],[105.8161,21.24147],[105.81557,21.24574],[105.81599,21.24596],[105.81684,21.24771],[105.81828,21.2483],[105.81952,21.24816],[105.81968,21.24854],[105.81932,21.24876],[105.81961,21.24907],[105.81923,21.24942],[105.82058,21.24932],[105.82083,21.24975],[105.82212,21.2488],[105.82595,21.25151],[105.82602,21.2525],[105.82548,21.25386],[105.82503,21.25418],[105.82542,21.25553],[105.82504,21.25587],[105.82514,21.25645],[105.82356,21.25747],[105.82284,21.25972],[105.82282,21.2615],[105.81986,21.26429],[105.81962,21.26542],[105.81978,21.26775],[105.82108,21.27008],[105.82194,21.27059],[105.82457,21.27117],[105.82289,21.27226],[105.8225,21.27288],[105.82236,21.27651],[105.8217,21.2775],[105.82218,21.27869],[105.82202,21.281],[105.82322,21.28396],[105.82281,21.28634],[105.82221,21.28685],[105.82194,21.2878],[105.82401,21.28963],[105.82409,21.29257],[105.82457,21.29395],[105.82429,21.29868],[105.83026,21.30049],[105.83317,21.30196],[105.83411,21.30174],[105.8348,21.30068],[105.83562,21.30012]]]]}},
{"type":"Feature","id":"00382","properties":{"Ward_Code":"00382","Ward_Code_Num":382,"Ward":"Kim Anh","Ward_Alt":"Kim Anh","Ward_Upper":"KIM ANH","Ward_Full":"Xã Kim Anh","Ward_Full_Alt":"Xã Kim Anh","Ward_Full_Upper_Alt":"XÃ KIM ANH","Ward_Type":"Xã","Province_Code":"01","Province":"Hà Nội","Province_Upper_Alt":"HÀ NỘI"},"geometry":{"type":"MultiPolygon","coordinates":[[[[105.78804,21.35222],[105.78848,21.3522],[105.78881,21.35167],[105.78864,21.35094],[105.78951,21.35069],[105.78943,21.35011],[105.78995,21.34883],[105.7929,21.34669],[105.79315,21.34608],[105.79687,21.34488],[105.79775,21.34392],[105.79775,21.34158],[105.79715,21.33776],[105.79722,21.33677],[105.79773,21.3359],[105.79704,21.33498],[105.79794,21.33324],[105.79694,21.33256],[105.79672,21.33199],[105.79787,21.33135],[105.7979,21.3309],[105.79956,21.3287],[105.79863,21.32824],[105.79837,21.3276],[105.79749,21.32707],[105.79789,21.32631],[105.79692,21.32417],[105.79776,21.3235],[105.79575,21.32318],[105.7943,21.32222],[105.79395,21.31793],[105.78867,21.31402],[105.78898,21.31292],[105.7887,21.31077],[105.78896,21.31038],[105.78845,21.31004],[105.78859,21.30885],[105.78835,21.30832],[105.78868,21.30745],[105.7886,21.30401],[105.78883,21.30324],[105.79186,21.30198],[105.7931,21.30064],[105.79377,21.29911],[105.79383,21.29762],[105.79419,21.29723],[105.7939,21.29664],[105.79406,21.29514],[105.79454,21.29399],[105.79536,21.29313],[105.79533,21.29254],[105.79639,21.29204],[105.79736,21.28957],[105.79787,21.28919],[105.79797,21.28831],[105.801,21.28543],[105.80319,21.28575],[105.8029,21.2807],[105.80335,21.27963],[105.80186,21.27894],[105.80099,21.27718],[105.79986,21.27674],[105.79914,21.27537],[105.79938,21.27437],[105.79732,21.27353],[105.79817,21.27219],[105.79603,21.26942],[105.79688,21.26904],[105.7957,21.26562],[105.79361,21.26636],[105.78908,21.26058],[105.78534,21.26226],[105.78377,21.26061],[105.78227,21.26201],[105.78164,21.26167],[105.78032,21.26216],[105.78002,21.26086],[105.781,21.2598],[105.77767,21.25906],[105.77769,21.25685],[105.77736,21.25706],[105.77391,21.25396],[105.77433,21.25314],[105.77185,21.25119],[105.77093,21.24977],[105.77239,21.24896],[105.77114,21.24772],[105.77001,21.24803],[105.76957,21.24734],[105.77004,21.24645],[105.76926,21.24559],[105.76976,21.245],[105.77006,21.24248],[105.76978,21.24247],[105.76984,21.24155],[105.7657,21.24063],[105.76474,21.23799],[105.76435,21.23813],[105.76441,21.23837],[105.76381,21.23826],[105.76388,21.23854],[105.76356,21.23863],[105.76302,21.23828],[105.76212,21.23959],[105.7623,21.23994],[105.76168,21.23972],[105.76118,21.24014],[105.75883,21.23969],[105.75939,21.2388],[105.75644,21.23809],[105.75568,21.23748],[105.75493,21.23855],[105.75335,21.23734],[105.7531,21.23666],[105.75046,21.23743],[105.74919,21.23871],[105.74798,21.23922],[105.74637,21.23729],[105.74603,21.23765],[105.74563,21.23732],[105.74473,21.23835],[105.74434,21.2395],[105.74287,21.24],[105.74218,21.23943],[105.74273,21.23898],[105.74223,21.23843],[105.74068,21.23959],[105.74006,21.239],[105.74047,21.23876],[105.7387,21.23674],[105.73841,21.23691],[105.73756,21.23659],[105.73603,21.24032],[105.73426,21.24181],[105.73228,21.24196],[105.72877,21.24072],[105.7261,21.24154],[105.72521,21.24214],[105.72499,21.24269],[105.72664,21.24322],[105.72852,21.24615],[105.7292,21.24876],[105.72881,21.2494],[105.72637,21.25],[105.72643,21.25049],[105.72601,21.25051],[105.72588,21.25091],[105.7235,21.25177],[105.72418,21.25293],[105.72479,21.25763],[105.72379,21.26282],[105.72452,21.26608],[105.72557,21.26656],[105.72748,21.26829],[105.72866,21.26831],[105.72931,21.2694],[105.72734,21.27095],[105.72573,21.2712],[105.7252,21.27214],[105.72547,21.27312],[105.72646,21.27355],[105.72735,21.27296],[105.72788,21.27298],[105.72897,21.27424],[105.72877,21.27568],[105.72908,21.27596],[105.7321,21.27499],[105.7327,21.27518],[105.73268,21.27629],[105.73342,21.27776],[105.73341,21.27946],[105.7339,21.27964],[105.73569,21.27933],[105.73596,21.27954],[105.73599,21.28077],[105.7351,21.28433],[105.73687,21.28574],[105.73623,21.28674],[105.73816,21.28812],[105.73914,21.28785],[105.73863,21.28715],[105.73941,21.28667],[105.73988,21.28694],[105.73964,21.28787],[105.74196,21.28733],[105.74253,21.28816],[105.74256,21.28903],[105.74202,21.28952],[105.74088,21.28986],[105.7408,21.29047],[105.74165,21.29096],[105.74277,21.2903],[105.743,21.29085],[105.74254,21.29182],[105.74307,21.2929],[105.74494,21.29191],[105.74568,21.29403],[105.7463,21.29445],[105.74762,21.29434],[105.74949,21.29603],[105.75212,21.29509],[105.75264,21.29528],[105.75292,21.29507],[105.75342,21.29548],[105.75282,21.29735],[105.75421,21.29795],[105.75541,21.29997],[105.75631,21.29994],[105.75704,21.30059],[105.75646,21.30165],[105.75934,21.30329],[105.75844,21.3042],[105.76078,21.30667],[105.76023,21.30835],[105.76264,21.31399],[105.76587,21.31739],[105.76779,21.3183],[105.77048,21.32394],[105.7719,21.32535],[105.7726,21.32951],[105.77341,21.33144],[105.77624,21.33576],[105.77615,21.33705],[105.77783,21.33828],[105.78017,21.33936],[105.7831,21.3429],[105.78532,21.34289],[105.78525,21.34807],[105.78302,21.35387],[105.78593,21.35473],[105.78634,21.35373],[105.78707,21.3532],[105.7871,21.35271],[105.78804,21.35222]]]]}},
{"type":"Feature","id":"00385","properties":{"Ward_Code":"00385","Ward_Code_Num":385,"Ward":"Trung Giã","Ward_Alt":"Trung Giã","Ward_Upper":"TRUNG GIÃ","Ward_Full":"Xã Trung Giã","Ward_Full_Alt":"Xã Trung Giã","Ward_Full_Upper_Alt":"XÃ TRUNG GIÃ","Ward_Type":"Xã","Province_Code":"01","Province":"Hà Nội","Province_Upper_Alt":"HÀ NỘI"},"geometry":{"type":"MultiPolygon","coordinates":[[[[105.80218,21.38459],[105.80311,21.38475],[105.80399,21.38444],[105.80364,21.38394],[105.80486,21.38237],[105.80564,21.38288],[105.80654,21.38271],[105.80748,21.38297],[105.8103,21.38184],[105.81156,21.38189],[105.81275,21.3806],[105.8134,21.38099],[105.8133,21.38221],[105.81366,21.38285],[105.8148,21.38315],[105.81612,21.38276],[105.81648,21.38305],[105.8167,21.38189],[105.81832,21.38113],[105.81841,21.38064],[105.81911,21.38005],[105.82106,21.37941],[105.82138,21.37794],[105.82343,21.37825],[105.82533,21.37678],[105.82895,21.37608],[105.82979,21.37521],[105.83033,21.3757],[105.83074,21.3752],[105.8304,21.37463],[105.83097,21.37459],[105.83127,21.37415],[105.83177,21.37426],[105.83153,21.37378],[105.83176,21.37335],[105.83309,21.37349],[105.83373,21.37297],[105.83396,21.37296],[105.834,21.37372],[105.83509,21.3734],[105.83603,21.37427],[105.8362,21.37535],[105.83711,21.37609],[105.83726,21.37661],[105.83855,21.37648],[105.83968,21.37744],[105.8405,21.37717],[105.84168,21.37757],[105.84308,21.37745],[105.84461,21.37698],[105.84487,21.37726],[105.84689,21.37742],[105.84865,21.37478],[105.84928,21.37434],[105.85568,21.37604],[105.85671,21.37588],[105.85826,21.37483],[105.85849,21.37402],[105.85789,21.37154],[105.85813,21.36863],[105.85718,21.36769],[105.8562,21.36786],[105.85561,21.36763],[105.85494,21.36659],[105.85469,21.36462],[105.85344,21.36251],[105.8537,21.35942],[105.85222,21.35836],[105.85168,21.35716],[105.85185,21.35553],[105.85412,21.35373],[105.85466,21.35245],[105.85263,21.35088],[105.85226,21.34994],[105.85246,21.34899],[105.85343,21.34816],[105.85703,21.34698],[105.85878,21.34565],[105.85871,21.34533],[105.85812,21.34525],[105.85652,21.34596],[105.85564,21.34402],[105.85579,21.34265],[105.85679,21.34167],[105.85768,21.33918],[105.85824,21.33847],[105.85959,21.33794],[105.86157,21.3383],[105.86295,21.3378],[105.86321,21.3364],[105.86571,21.33356],[105.86593,21.33072],[105.86662,21.32846],[105.86836,21.32699],[105.86953,21.32768],[105.87057,21.32946],[105.87116,21.32966],[105.87556,21.32788],[105.8839,21.32747],[105.88599,21.3266],[105.88932,21.32577],[105.89129,21.32574],[105.8957,21.32736],[105.89693,21.3275],[105.89781,21.32702],[105.89942,21.32418],[105.89946,21.32259],[105.89864,21.32015],[105.89872,21.31769],[105.89602,21.31757],[105.89605,21.31689],[105.89435,21.3164],[105.89121,21.31553],[105.88548,21.3146],[105.88244,21.31271],[105.88168,21.31319],[105.8814,21.31247],[105.88149,21.31117],[105.8807,21.30986],[105.88072,21.30859],[105.88019,21.30788],[105.88056,21.30646],[105.87938,21.30489],[105.88061,21.30436],[105.87997,21.30328],[105.87944,21.30301],[105.88153,21.30053],[105.88207,21.30068],[105.88252,21.29896],[105.88226,21.29726],[105.88295,21.296],[105.8823,21.29487],[105.88102,21.29379],[105.88034,21.29379],[105.87971,21.29458],[105.87801,21.29365],[105.87737,21.29288],[105.8767,21.29305],[105.87629,21.29282],[105.87583,21.29339],[105.87439,21.29322],[105.87378,21.29364],[105.87319,21.29337],[105.87274,21.29422],[105.87312,21.29509],[105.87268,21.29519],[105.87187,21.29434],[105.87204,21.29408],[105.87128,21.29395],[105.87108,21.29461],[105.8682,21.29322],[105.86776,21.29268],[105.86745,21.29294],[105.867,21.29239],[105.86634,21.29248],[105.86512,21.28718],[105.86267,21.28722],[105.86038,21.28809],[105.86009,21.28748],[105.85975,21.28746],[105.85935,21.28827],[105.85869,21.28817],[105.85714,21.28911],[105.85705,21.28948],[105.85608,21.28956],[105.85664,21.29138],[105.85586,21.29248],[105.85613,21.2931],[105.8569,21.29329],[105.85744,21.294],[105.857,21.29471],[105.85676,21.29456],[105.85576,21.29508],[105.8551,21.29597],[105.85392,21.29638],[105.85335,21.29612],[105.85302,21.29672],[105.85184,21.29667],[105.85156,21.2975],[105.84702,21.29581],[105.84688,21.29626],[105.84579,21.29597],[105.84554,21.29657],[105.84398,21.29555],[105.84287,21.29583],[105.84207,21.29516],[105.84134,21.29504],[105.84022,21.29642],[105.83961,21.29862],[105.83918,21.2989],[105.83791,21.29888],[105.83729,21.29958],[105.83608,21.2998],[105.8348,21.30068],[105.83411,21.30174],[105.83317,21.30196],[105.83026,21.30049],[105.82429,21.29868],[105.82457,21.29395],[105.82409,21.29257],[105.82401,21.28963],[105.82194,21.2878],[105.81933,21.28778],[105.81879,21.28724],[105.81832,21.28477],[105.81637,21.28407],[105.81621,21.28288],[105.81449,21.28201],[105.81099,21.27927],[105.80979,21.27762],[105.80815,21.283],[105.80754,21.28389],[105.80748,21.28476],[105.80319,21.28575],[105.801,21.28543],[105.79802,21.28825],[105.79787,21.28919],[105.79736,21.28957],[105.79639,21.29204],[105.79533,21.29254],[105.79536,21.29313],[105.79454,21.29399],[105.79406,21.29514],[105.7939,21.29664],[105.79419,21.29723],[105.79383,21.29762],[105.79377,21.29911],[105.7931,21.30064],[105.79186,21.30198],[105.78879,21.30332],[105.78868,21.30745],[105.78835,21.30832],[105.78859,21.30885],[105.78845,21.31004],[105.78896,21.31038],[105.7887,21.31077],[105.78898,21.31292],[105.78867,21.31402],[105.79395,21.31793],[105.7943,21.32222],[105.79575,21.32318],[105.79776,21.3235],[105.79692,21.32417],[105.79789,21.32631],[105.79749,21.32707],[105.79837,21.3276],[105.79863,21.32824],[105.79956,21.32864],[105.79933,21.32932],[105.7979,21.3309],[105.79787,21.33135],[105.79672,21.33199],[105.79694,21.33256],[105.79794,21.33324],[105.79704,21.33498],[105.79773,21.3359],[105.79722,21.33677],[105.79715,21.33776],[105.79775,21.34158],[105.79775,21.34392],[105.79687,21.34488],[105.79315,21.34608],[105.7929,21.34669],[105.78991,21.34888],[105.78943,21.35011],[105.78951,21.35069],[105.78858,21.35102],[105.78887,21.35149],[105.78852,21.35217],[105.78716,21.35264],[105.78707,21.3532],[105.78634,21.35373],[105.78593,21.35473],[105.78524,21.35443],[105.78613,21.35515],[105.7864,21.35679],[105.78622,21.3576],[105.78467,21.35964],[105.78578,21.3611],[105.78584,21.36246],[105.78653,21.36445],[105.78646,21.3658],[105.78686,21.36662],[105.78582,21.37045],[105.78608,21.371],[105.7869,21.37078],[105.78718,21.37201],[105.78776,21.37187],[105.78967,21.3733],[105.788,21.37585],[105.78933,21.37599],[105.79018,21.37792],[105.79099,21.37805],[105.79124,21.37856],[105.79179,21.37852],[105.79236,21.37899],[105.7923,21.37951],[105.79349,21.37939],[105.79428,21.37984],[105.79481,21.37968],[105.79533,21.3807],[105.79525,21.38124],[105.79677,21.38109],[105.79662,21.38182],[105.79708,21.38194],[105.79658,21.38228],[105.79666,21.38254],[105.79779,21.38237],[105.79897,21.3815],[105.79964,21.38357],[105.80087,21.38539],[105.8015,21.38533],[105.80158,21.38474],[105.80218,21.38459]]]]}},
{"type":"Feature","id":"00430","properties":{"Ward_Code":"00430","Ward_Code_Num":430,"Ward":"Đa Phúc","Ward_Alt":"Đa Phúc","Ward_Upper":"ĐA PHÚC","Ward_Full":"Xã Đa Phúc","Ward_Full_Alt":"Xã Đa Phúc","Ward_Full_Upper_Alt":"XÃ ĐA PHÚC","Ward_Type":"Xã","Province_Code":"01","Province":"Hà Nội","Province_Upper_Alt":"HÀ NỘI"},"geometry":{"type":"MultiPolygon","coordinates":[[[[105.89879,21.31729],[105.89791,21.31254],[105.89699,21.3098],[105.89707,21.30833],[105.89842,21.30628],[105.90174,21.30354],[105.90398,21.30229],[105.90552,21.30181],[105.90923,21.3016],[105.91119,21.30212],[105.91502,21.30527],[105.91603,21.30556],[105.91709,21.30544],[105.91765,21.30506],[105.91767,21.30384],[105.91578,21.29666],[105.91614,21.29551],[105.91696,21.29474],[105.91914,21.29406],[105.92369,21.29392],[105.92556,21.29424],[105.92823,21.29521],[105.92968,21.29531],[105.93059,21.29501],[105.93156,21.29398],[105.93138,21.2924],[105.93075,21.29159],[105.92639,21.29012],[105.9243,21.28882],[105.9232,21.28754],[105.92256,21.28443],[105.92232,21.28096],[105.92244,21.27242],[105.92323,21.2694],[105.92384,21.26823],[105.92983,21.26059],[105.93468,21.25198],[105.93631,21.24987],[105.93752,21.24902],[105.93895,21.24678],[105.93906,21.24607],[105.93877,21.24471],[105.93778,21.24349],[105.93626,21.24514],[105.93516,21.24551],[105.93351,21.24544],[105.93382,21.24281],[105.93318,21.24236],[105.93292,21.2417],[105.93209,21.24151],[105.93174,21.24198],[105.93057,21.24202],[105.93017,21.24145],[105.92958,21.24142],[105.92911,21.24007],[105.9281,21.24015],[105.92788,21.23927],[105.92694,21.2383],[105.92173,21.235],[105.92072,21.23496],[105.92077,21.23234],[105.91955,21.23098],[105.91804,21.23121],[105.91722,21.2309],[105.91514,21.2321],[105.91363,21.23208],[105.91284,21.23096],[105.9115,21.23184],[105.90935,21.23205],[105.90919,21.23148],[105.90794,21.23165],[105.90673,21.23229],[105.90589,21.23163],[105.9062,21.23129],[105.90564,21.23082],[105.90582,21.23054],[105.9056,21.23037],[105.90666,21.2291],[105.90532,21.22789],[105.90542,21.22728],[105.90445,21.22734],[105.90380999999999,21.22536],[105.90394,21.22336],[105.90463,21.22256],[105.90546,21.22241],[105.90671,21.22294],[105.90929,21.22495],[105.90998,21.22488],[105.91065,21.22437],[105.9119,21.221],[105.91396,21.21914],[105.91505,21.21741],[105.91547,21.21478],[105.91573,21.20886],[105.91527,21.2082],[105.91216,21.20812],[105.91037,21.20764],[105.90991,21.20714],[105.90998,21.20636],[105.91056,21.20556],[105.91204,21.20433],[105.91366,21.20351],[105.91376,21.2031],[105.91197,21.20184],[105.9123,21.20137],[105.90922,21.19994],[105.90708,21.19667],[105.90679,21.19496],[105.90652,21.19491],[105.90704,21.19293],[105.90697,21.18971],[105.90551,21.18301],[105.90479,21.18276],[105.90243,21.18284],[105.90032,21.182],[105.90027,21.18085],[105.9016,21.17873],[105.90158,21.17829],[105.90098,21.17791],[105.89857,21.17768],[105.89628,21.17702],[105.89596,21.17739],[105.89631,21.17838],[105.89786,21.18018],[105.89854,21.18182],[105.89824,21.1832],[105.8967,21.1845],[105.89241,21.18417],[105.89117,21.18489],[105.89024,21.18472],[105.88926,21.1853],[105.88833,21.18651],[105.88823,21.18769],[105.8872,21.19011],[105.88514,21.18958],[105.88219,21.18782],[105.88043,21.18719],[105.87718,21.18668],[105.87644,21.18715],[105.87613,21.1879],[105.87624,21.18859],[105.87672,21.18902],[105.87767,21.18911],[105.87967,21.18854],[105.882,21.18946],[105.88321,21.19101],[105.88419,21.19455],[105.88596,21.19862],[105.88703,21.19949],[105.89018,21.20067],[105.89198,21.20262],[105.89196,21.20306],[105.89127,21.20381],[105.88699,21.20579],[105.88579,21.20542],[105.88413,21.204],[105.88306,21.2035],[105.87984,21.20326],[105.87989,21.20458],[105.88069,21.20469],[105.88106,21.20764],[105.88295,21.20713],[105.88296,21.20737],[105.88085,21.20794],[105.88088,21.20942],[105.88041,21.20963],[105.88041,21.21013],[105.88176,21.21117],[105.88279,21.21087],[105.88242,21.21119],[105.88272,21.21186],[105.88229,21.21194],[105.8826,21.21239],[105.88329,21.21302],[105.88367,21.21279],[105.88485,21.21341],[105.88437,21.21486],[105.88588,21.2171],[105.88597,21.2188],[105.88357,21.21978],[105.88305,21.21816],[105.87858,21.21932],[105.87151,21.22291],[105.87155,21.22455],[105.86607,21.22568],[105.86614,21.22588],[105.86182,21.22834],[105.86202,21.23415],[105.86255,21.23424],[105.86374,21.23312],[105.86681,21.23444],[105.86631,21.23537],[105.86953,21.23636],[105.86956,21.23762],[105.87021,21.23861],[105.87006,21.23883],[105.8709,21.23929],[105.87139,21.23871],[105.87178,21.23875],[105.87176,21.23907],[105.8728,21.23906],[105.87356,21.24309],[105.87419,21.24293],[105.87475,21.24224],[105.88045,21.24134],[105.88113,21.24403],[105.88247,21.24498],[105.88341,21.24447],[105.8842,21.24569],[105.8856,21.24527],[105.88751,21.24691],[105.88726,21.246949999999998],[105.88742,21.24843],[105.88659,21.2486],[105.88524,21.25216],[105.88489,21.25366],[105.88566,21.25473],[105.88504,21.25673],[105.88394,21.25796],[105.88469,21.25917],[105.88424,21.26051],[105.8846,21.2617],[105.88397,21.26254],[105.88457,21.26314],[105.88454,21.26397],[105.88355,21.26561],[105.88374,21.26577],[105.8834,21.26682],[105.88399,21.2674],[105.88366,21.2676],[105.88337,21.26736],[105.88318,21.26837],[105.8821,21.26919],[105.88251,21.2695],[105.88226,21.27052],[105.88092,21.27181],[105.88185,21.27532],[105.88016,21.27568],[105.87983,21.2772],[105.88012,21.27825],[105.88105,21.27838],[105.88152,21.27815],[105.88244,21.27656],[105.88484,21.2762],[105.88483,21.27815],[105.88555,21.28084],[105.88609,21.28111],[105.88731,21.28062],[105.88604,21.28546],[105.88637,21.28552],[105.88675,21.28661],[105.88646,21.28693],[105.8868,21.28878],[105.88618,21.29009],[105.88528,21.29084],[105.88487,21.29244],[105.88382,21.29273],[105.88322,21.29354],[105.88102,21.29379],[105.88258,21.29514],[105.88295,21.296],[105.88226,21.29726],[105.88252,21.29896],[105.88207,21.30068],[105.88153,21.30053],[105.87944,21.30301],[105.87997,21.30328],[105.88061,21.30436],[105.87938,21.30489],[105.88056,21.30646],[105.88019,21.30788],[105.88072,21.30859],[105.8807,21.30986],[105.88149,21.31117],[105.8814,21.31247],[105.88168,21.31319],[105.88244,21.31271],[105.88548,21.3146],[105.89121,21.31553],[105.89435,21.3164],[105.89605,21.31689],[105.89602,21.31757],[105.89872,21.31769],[105.89879,21.31729]]]]}},
{"type":"Feature","id":"00433","properties":{"Ward_Code":"00433","Ward_Code_Num":433,"Ward":"Nội Bài","Ward_Alt":"Nội Bài","Ward_Upper":"NỘI BÀI","Ward_Full":"Xã Nội Bài","Ward_Full_Alt":"Xã Nội Bài","Ward_Full_Upper_Alt":"XÃ NỘI BÀI","Ward_Type":"Xã","Province_Code":"01","Province":"Hà Nội","Province_Upper_Alt":"HÀ NỘI"},"geometry":{"type":"MultiPolygon","coordinates":[[[[105.82016,21.28772],[105.82194,21.2878],[105.82318,21.28511],[105.82313,21.28327],[105.82202,21.281],[105.82218,21.27869],[105.8217,21.2775],[105.82236,21.27651],[105.8225,21.27288],[105.82289,21.27226],[105.82457,21.27117],[105.82194,21.27059],[105.82108,21.27008],[105.81978,21.26775],[105.81962,21.26542],[105.81986,21.26429],[105.82282,21.2615],[105.82284,21.25972],[105.82356,21.25747],[105.82514,21.25645],[105.82504,21.25587],[105.82542,21.25553],[105.82503,21.25418],[105.82548,21.25386],[105.82602,21.2525],[105.82595,21.25151],[105.82212,21.2488],[105.82083,21.24975],[105.82058,21.24932],[105.81923,21.24942],[105.81961,21.24907],[105.81932,21.24876],[105.81968,21.24854],[105.81952,21.24816],[105.81828,21.2483],[105.81684,21.24771],[105.81599,21.24596],[105.81557,21.24574],[105.8161,21.24147],[105.8148,21.24092],[105.81555,21.23947],[105.81409,21.23881],[105.8143,21.2381],[105.80548,21.23413],[105.80709,21.23146],[105.808,21.2291],[105.81299,21.22758],[105.81169,21.22336],[105.81923,21.22118],[105.82292,21.21962],[105.82769,21.21584],[105.82695,21.21376],[105.82486,21.2117],[105.81879,21.21321],[105.81655,21.20914],[105.82209,21.20759],[105.82225,21.20561],[105.82195,21.20312],[105.82228,21.20313],[105.82218,21.20162],[105.82498,21.20136],[105.8249,21.19829],[105.83397,21.19813],[105.83476,21.19286],[105.83545,21.19269],[105.83554,21.19159],[105.83677,21.19142],[105.83739,21.19012],[105.83835,21.18935],[105.83641,21.18713],[105.83494,21.18623],[105.83105,21.18823],[105.82869,21.18848],[105.82323,21.18712],[105.82133,21.18629],[105.8186,21.18453],[105.81634,21.18418],[105.8137,21.18439],[105.81289,21.18488],[105.81292,21.18578],[105.81504,21.18647],[105.81539,21.18753],[105.81474,21.1889],[105.81384,21.18985],[105.81184,21.19106],[105.80981,21.19117],[105.80811,21.19083],[105.80534,21.18949],[105.80319,21.18792],[105.80128,21.18741],[105.79972,21.18775],[105.79782,21.1909],[105.79537,21.19252],[105.79344,21.19243],[105.79086,21.19075],[105.79002,21.19068],[105.78896,21.19541],[105.78757,21.19709],[105.78476,21.19848],[105.77823,21.2],[105.77119,21.20542],[105.76981,21.20861],[105.76966,21.21148],[105.76997,21.21238],[105.76925,21.21396],[105.76859,21.21425],[105.76502,21.21312],[105.76336,21.21307],[105.76208,21.21342],[105.76072,21.21456],[105.75916,21.21718],[105.75903,21.22109],[105.75822,21.22288],[105.75718,21.22296],[105.75542,21.2218],[105.75395,21.22193],[105.75309,21.22313],[105.75213,21.22626],[105.75037,21.22784],[105.74556,21.22972],[105.74253,21.23145],[105.73776,21.23158],[105.73367,21.23333],[105.73265,21.23418],[105.73223,21.23497],[105.73244,21.23544],[105.73324,21.23586],[105.73504,21.23519],[105.73695,21.23544],[105.73751,21.23592],[105.73756,21.23659],[105.73841,21.23691],[105.7387,21.23674],[105.74047,21.23876],[105.74006,21.239],[105.74068,21.23959],[105.74223,21.23843],[105.74273,21.23898],[105.74218,21.23943],[105.74287,21.24],[105.74434,21.2395],[105.74473,21.23835],[105.74563,21.23732],[105.74603,21.23765],[105.74637,21.23729],[105.74798,21.23922],[105.74919,21.23871],[105.75046,21.23743],[105.7531,21.23666],[105.75335,21.23734],[105.75493,21.23855],[105.75568,21.23748],[105.75644,21.23809],[105.75939,21.2388],[105.75883,21.23969],[105.76118,21.24014],[105.76168,21.23972],[105.7623,21.23994],[105.76212,21.23959],[105.76302,21.23828],[105.76356,21.23863],[105.76388,21.23854],[105.76381,21.23826],[105.76441,21.23837],[105.76435,21.23813],[105.76474,21.23799],[105.7657,21.24063],[105.76984,21.24155],[105.76978,21.24247],[105.77006,21.24248],[105.76976,21.245],[105.76926,21.24559],[105.77004,21.24645],[105.76957,21.24734],[105.77001,21.24803],[105.77114,21.24772],[105.77239,21.24896],[105.77093,21.24977],[105.77185,21.25119],[105.77433,21.25314],[105.77391,21.25396],[105.77736,21.25706],[105.77769,21.25685],[105.77767,21.25906],[105.781,21.2598],[105.78002,21.26086],[105.78032,21.26216],[105.78164,21.26167],[105.78227,21.26201],[105.78377,21.26061],[105.78534,21.26226],[105.78908,21.26058],[105.79361,21.26636],[105.7957,21.26562],[105.79688,21.26904],[105.79603,21.26942],[105.79817,21.27219],[105.79732,21.27353],[105.79938,21.27437],[105.79914,21.27537],[105.79986,21.27674],[105.80099,21.27718],[105.80186,21.27894],[105.80335,21.27963],[105.8029,21.2807],[105.80319,21.28575],[105.80748,21.28476],[105.80754,21.28389],[105.80815,21.283],[105.80979,21.27762],[105.81099,21.27927],[105.81449,21.28201],[105.81621,21.28288],[105.81637,21.28407],[105.81829,21.28474],[105.81862,21.28537],[105.81879,21.28724],[105.81933,21.28778],[105.82016,21.28772]]]]}},
{"type":"Feature","id":"00454","properties":{"Ward_Code":"00454","Ward_Code_Num":454,"Ward":"Đông Anh","Ward_Alt":"Đông Anh","Ward_Upper":"ĐÔNG ANH","Ward_Full":"Xã Đông Anh","Ward_Full_Alt":"Xã Đông Anh","Ward_Full_Upper_Alt":"XÃ ĐÔNG ANH","Ward_Type":"Xã","Province_Code":"01","Province":"Hà Nội","Province_Upper_Alt":"HÀ NỘI"},"geometry":{"type":"MultiPolygon","coordinates":[[[[105.84099,21.08116],[105.84601,21.08632],[105.84601,21.08676],[105.84712,21.08742],[105.84782,21.08905],[105.84885,21.09251],[105.84865,21.09565],[105.84806,21.09767],[105.84682,21.10002],[105.84757,21.10022],[105.84636,21.10232],[105.8463,21.10357],[105.8459,21.10449],[105.85013,21.10733],[105.83909,21.12072],[105.83718,21.12262],[105.83498,21.12387],[105.83309,21.12442],[105.82709,21.12462],[105.82711,21.13075],[105.83199,21.13086],[105.83938,21.13221],[105.84165,21.13214],[105.84365,21.13334],[105.84604,21.14898],[105.84638,21.15357],[105.8548,21.15066],[105.86276,21.14898],[105.89552,21.13593],[105.8979,21.1346],[105.90123,21.1318],[105.91511,21.1189],[105.91004,21.11744],[105.90742,21.11576],[105.90555,21.11413],[105.90558,21.11253],[105.90366,21.11008],[105.90142,21.10539],[105.9003,21.10648],[105.89924,21.10094],[105.89781,21.10116],[105.89645,21.09832],[105.89842,21.09688],[105.90139,21.09318],[105.90194,21.09183],[105.90431,21.08926],[105.90489,21.08987],[105.90573,21.08976],[105.90488,21.08808],[105.90505,21.08585],[105.90467,21.08212],[105.90272,21.0786],[105.89772,21.07979],[105.89461,21.07945],[105.89074,21.07846],[105.88548,21.07628],[105.87688,21.0704],[105.87235,21.06826],[105.86898,21.06702],[105.86527,21.06645],[105.86317,21.06705],[105.86055,21.06853],[105.8564,21.07205],[105.84572,21.07999],[105.84263,21.08103],[105.84099,21.08116]]]]}},
{"type":"Feature","id":"00466","properties":{"Ward_Code":"00466","Ward_Code_Num":466,"Ward":"Phúc Thịnh","Ward_Alt":"Phúc Thịnh","Ward_Upper":"PHÚC THỊNH","Ward_Full":"Xã Phúc Thịnh","Ward_Full_Alt":"Xã Phúc Thịnh","Ward_Full_Upper_Alt":"XÃ PHÚC THỊNH","Ward_Type":"Xã","Province_Code":"01","Province":"Hà Nội","Province_Upper_Alt":"HÀ NỘI"},"geometry":{"type":"MultiPolygon","coordinates":[[[[105.85555,21.18917],[105.85318,21.18071],[105.85631,21.17911],[105.85629,21.17785],[105.85234,21.17799],[105.84793,21.16312],[105.84654,21.16341],[105.84624,21.16042],[105.84634,21.15125],[105.84365,21.13334],[105.84165,21.13214],[105.83938,21.13221],[105.83199,21.13086],[105.82711,21.13075],[105.82709,21.12462],[105.80749,21.12461],[105.80769,21.1272],[105.80894,21.1288],[105.80858,21.12966],[105.80886,21.13075],[105.80742,21.13209],[105.80664,21.13365],[105.80451,21.13467],[105.80401,21.13535],[105.80416,21.1372],[105.80514,21.1398],[105.80652,21.14139],[105.80598,21.14597],[105.80428,21.14911],[105.80328,21.1495],[105.80277,21.15267],[105.80088,21.15346],[105.79978,21.15455],[105.79919,21.15456],[105.79771,21.1538],[105.79533,21.15186],[105.79355,21.14943],[105.79256,21.14938],[105.78673,21.15149],[105.78312,21.15218],[105.77834,21.15024],[105.77552,21.14857],[105.77358,21.14728],[105.77258,21.14585],[105.77192,21.14716],[105.77072,21.14796],[105.77161,21.14914],[105.77206,21.14906],[105.77057,21.16454],[105.77047,21.16653],[105.77072,21.16665],[105.77017,21.1693],[105.77142,21.16936],[105.77078,21.173],[105.77105,21.17541],[105.7719,21.17822],[105.77388,21.17787],[105.77407,21.1785],[105.77523,21.17822],[105.77546,21.17901],[105.7807,21.17732],[105.78101,21.17833],[105.7837,21.17742],[105.78372,21.17807],[105.78462,21.17798],[105.78498,21.17952],[105.78794,21.17895],[105.78809,21.18018],[105.79046,21.18007],[105.7909,21.18177],[105.78975,21.18207],[105.79041,21.18411],[105.78844,21.18514],[105.78816,21.1854],[105.78827,21.18619],[105.78791,21.18635],[105.78942,21.18803],[105.79033,21.19062],[105.79286,21.1922],[105.79506,21.19256],[105.79691,21.19169],[105.79821,21.19044],[105.79935,21.18809],[105.80078,21.18742],[105.80319,21.18792],[105.80534,21.18949],[105.80852,21.19096],[105.81054,21.19121],[105.81215,21.19097],[105.81452,21.18917],[105.81539,21.18753],[105.81504,21.18647],[105.81292,21.18578],[105.81289,21.18488],[105.8137,21.18439],[105.81634,21.18418],[105.8186,21.18453],[105.82133,21.18629],[105.82323,21.18712],[105.82869,21.18848],[105.83105,21.18823],[105.83494,21.18623],[105.83641,21.18713],[105.83819,21.1892],[105.83969,21.1903],[105.84133,21.1904],[105.84427,21.18901],[105.84564,21.18887],[105.84727,21.18922],[105.85106,21.19074],[105.85324,21.19228],[105.85497,21.19294],[105.85555,21.18917]]]]}},
{"type":"Feature","id":"00475","properties":{"Ward_Code":"00475","Ward_Code_Num":475,"Ward":"Thư Lâm","Ward_Alt":"Thư Lâm","Ward_Upper":"THƯ LÂM","Ward_Full":"Xã Thư Lâm","Ward_Full_Alt":"Xã Thư Lâm","Ward_Full_Upper_Alt":"XÃ THƯ LÂM","Ward_Type":"Xã","Province_Code":"01","Province":"Hà Nội","Province_Upper_Alt":"HÀ NỘI"},"geometry":{"type":"MultiPolygon","coordinates":[[[[105.87535,21.20192],[105.87864,21.20313],[105.88306,21.2035],[105.88672,21.20578],[105.88837,21.20535],[105.89176,21.20337],[105.89191,21.20243],[105.89072,21.20106],[105.88703,21.19949],[105.88596,21.19862],[105.88419,21.19455],[105.88321,21.19101],[105.882,21.18946],[105.87967,21.18854],[105.87767,21.18911],[105.87672,21.18902],[105.87624,21.18859],[105.87613,21.1879],[105.87644,21.18715],[105.87718,21.18668],[105.88043,21.18719],[105.88219,21.18782],[105.88514,21.18958],[105.8872,21.19011],[105.88823,21.18769],[105.88833,21.18651],[105.88926,21.1853],[105.89024,21.18472],[105.89117,21.18489],[105.89241,21.18417],[105.8967,21.1845],[105.89824,21.1832],[105.89853,21.18179],[105.89786,21.18018],[105.89631,21.17838],[105.89597,21.17753],[105.89616,21.17704],[105.89857,21.17768],[105.90098,21.17791],[105.90158,21.17829],[105.9016,21.17873],[105.90027,21.18085],[105.90032,21.182],[105.90243,21.18284],[105.90479,21.18276],[105.90551,21.18301],[105.90672,21.18794],[105.90706,21.19247],[105.91233,21.19236],[105.91226,21.19026],[105.91388,21.19014],[105.91611,21.18884],[105.91535,21.18727],[105.91794,21.18548],[105.92359,21.18276],[105.92022,21.17834],[105.92165,21.17702],[105.92082,21.17607],[105.92114,21.17377],[105.91809,21.17357],[105.91813,21.17159],[105.91687,21.17158],[105.917,21.16977],[105.91786,21.16912],[105.9173,21.16878],[105.91722,21.16772],[105.91923,21.16328],[105.92223,21.16352],[105.92253,21.16318],[105.92227,21.16223],[105.92288,21.16164],[105.92105,21.15964],[105.92031,21.15652],[105.91954,21.15543],[105.92208,21.15186],[105.92338,21.14728],[105.92559,21.147],[105.92517,21.1451],[105.92671,21.14452],[105.92621,21.14352],[105.9266,21.1435],[105.92661,21.14309],[105.92729,21.14246],[105.92522,21.14159],[105.9263,21.14051],[105.92383,21.13818],[105.92538,21.13632],[105.92516,21.13452],[105.92455,21.13415],[105.92458,21.13332],[105.92358,21.13312],[105.92191,21.1353],[105.91787,21.13205],[105.91927,21.12992],[105.91557,21.12709],[105.91509,21.12638],[105.91427,21.1272],[105.91298,21.12621],[105.91477,21.12288],[105.91492,21.12196],[105.9155,21.12206],[105.91561,21.11895],[105.91511,21.1189],[105.8991,21.13364],[105.89552,21.13593],[105.86276,21.14898],[105.8548,21.15066],[105.84638,21.15357],[105.84624,21.16042],[105.84654,21.16341],[105.84793,21.16312],[105.85234,21.17799],[105.85629,21.17785],[105.85631,21.17911],[105.85318,21.18071],[105.85547,21.18859],[105.85551,21.19069],[105.85497,21.19294],[105.85981,21.1956],[105.86158,21.1977],[105.86222,21.19913],[105.8651,21.20062],[105.86647,21.20089],[105.86709,21.20066],[105.86737,21.20008],[105.86729,21.19876],[105.86791,21.19825],[105.86897,21.19799],[105.87134,21.1981],[105.87226,21.19891],[105.87274,21.20059],[105.87255,21.20144],[105.87155,21.20292],[105.87143,21.20444],[105.8718,21.20641],[105.87248,21.20616],[105.87418,21.20291],[105.87535,21.20192]]]]}},
{"type":"Feature","id":"00493","properties":{"Ward_Code":"00493","Ward_Code_Num":493,"Ward":"Thiên Lộc","Ward_Alt":"Thiên Lộc","Ward_Upper":"THIÊN LỘC","Ward_Full":"Xã Thiên Lộc","Ward_Full_Alt":"Xã Thiên Lộc","Ward_Full_Upper_Alt":"XÃ THIÊN LỘC","Ward_Type":"Xã","Province_Code":"01","Province":"Hà Nội","Province_Upper_Alt":"HÀ NỘI"},"geometry":{"type":"MultiPolygon","coordinates":[[[[105.80749,21.12461],[105.79466,21.12465],[105.78987,21.12563],[105.78443,21.12606],[105.78127,21.12545],[105.78709,21.10801],[105.7864,21.09773],[105.7623,21.09902],[105.75112,21.09869],[105.74887,21.09947],[105.74147,21.108],[105.73544,21.11334],[105.73608,21.11375],[105.73186,21.1221],[105.73392,21.1217],[105.73596,21.12192],[105.73612,21.12255],[105.73533,21.12294],[105.73547,21.12399],[105.7363,21.12452],[105.73649,21.12536],[105.73692,21.12519],[105.73723,21.12574],[105.73865,21.12519],[105.73913,21.12714],[105.73887,21.12784],[105.73906,21.12815],[105.73873,21.12848],[105.74008,21.1289],[105.74107,21.12882],[105.74204,21.13288],[105.74318,21.13262],[105.74368,21.13472],[105.75011,21.13424],[105.75175,21.13376],[105.75317,21.13397],[105.75971,21.13376],[105.75956,21.13478],[105.76005,21.13489],[105.76047,21.1358],[105.76205,21.1359],[105.76369,21.13547],[105.76533,21.13586],[105.76667,21.13669],[105.76827,21.13839],[105.76922,21.14014],[105.77097,21.14232],[105.77102,21.14389],[105.77358,21.14728],[105.77834,21.15024],[105.77921,21.1504],[105.7822,21.15197],[105.78409,21.15217],[105.7896,21.15061],[105.79256,21.14938],[105.79355,21.14943],[105.79533,21.15186],[105.79771,21.1538],[105.79948,21.15458],[105.79997,21.15446],[105.80088,21.15346],[105.80277,21.15267],[105.80328,21.1495],[105.80428,21.14911],[105.80598,21.14597],[105.80652,21.14139],[105.80514,21.1398],[105.80416,21.1372],[105.80401,21.13535],[105.80451,21.13467],[105.80664,21.13365],[105.80742,21.13209],[105.80886,21.13075],[105.80858,21.12966],[105.80894,21.1288],[105.80769,21.1272],[105.80749,21.12461]]]]}},
{"type":"Feature","id":"00508","properties":{"Ward_Code":"00508","Ward_Code_Num":508,"Ward":"Vĩnh Thanh","Ward_Alt":"Vĩnh Thanh","Ward_Upper":"VĨNH THANH","Ward_Full":"Xã Vĩnh Thanh","Ward_Full_Alt":"Xã Vĩnh Thanh","Ward_Full_Upper_Alt":"XÃ VĨNH THANH","Ward_Type":"Xã","Province_Code":"01","Province":"Hà Nội","Province_Upper_Alt":"HÀ NỘI"},"geometry":{"type":"MultiPolygon","coordinates":[[[[105.80749,21.12461],[105.83081,21.1246],[105.83309,21.12442],[105.83498,21.12387],[105.83676,21.12292],[105.83852,21.12139],[105.84949,21.10819],[105.85013,21.10733],[105.8459,21.10449],[105.8463,21.10357],[105.84636,21.10232],[105.84757,21.10022],[105.84682,21.10002],[105.84806,21.09767],[105.84865,21.09565],[105.84885,21.09251],[105.84782,21.08905],[105.84712,21.08742],[105.84601,21.08676],[105.84601,21.08632],[105.84099,21.08116],[105.83522,21.0858],[105.83274,21.08704],[105.82666,21.09123],[105.81654,21.09467],[105.80397,21.09559],[105.79355,21.09743],[105.7864,21.09773],[105.78709,21.10801],[105.78127,21.12545],[105.78443,21.12606],[105.78987,21.12563],[105.79466,21.12465],[105.80749,21.12461]]]]}},
{"type":"Feature","id":"00541","properties":{"Ward_Code":"00541","Ward_Code_Num":541,"Ward":"Phù Đổng","Ward_Alt":"Phù Đổng","Ward_Upper":"PHÙ ĐỔNG","Ward_Full":"Xã Phù Đổng","Ward_Full_Alt":"Xã Phù Đổng","Ward_Full_Upper_Alt":"XÃ PHÙ ĐỔNG","Ward_Type":"Xã","Province_Code":"01","Province":"Hà Nội","Province_Upper_Alt":"HÀ NỘI"},"geometry":{"type":"MultiPolygon","coordinates":[[[[105.92382,21.12041],[105.92351,21.12],[105.92325,21.1201],[105.92102,21.11636],[105.92321,21.11588],[105.92573,21.11484],[105.9248,21.11325],[105.92733,21.11172],[105.92758,21.11257],[105.92877,21.11206],[105.9302,21.11194],[105.93144,21.11008],[105.93136,21.10918],[105.93094,21.1088],[105.9339,21.10666],[105.93498,21.10493],[105.93405,21.10407],[105.93473,21.10348],[105.93426,21.103],[105.93522,21.10189],[105.93642,21.10166],[105.93529,21.09867],[105.9348,21.09836],[105.93495,21.09796],[105.93455,21.09661],[105.93588,21.09521],[105.93658,21.09316],[105.9382,21.0938],[105.94037,21.08992],[105.93972,21.08951],[105.94016,21.08894],[105.93964,21.08858],[105.94006,21.08824],[105.93967,21.08788],[105.94053,21.08682],[105.93987,21.08529],[105.94029,21.08334],[105.94472,21.08533],[105.94566,21.08502],[105.94672,21.08549],[105.95511,21.09005],[105.95802,21.09127],[105.95996,21.08842],[105.96207,21.0779],[105.96363,21.07757],[105.96621,21.07577],[105.96736,21.07453],[105.96886,21.0737],[105.96826,21.07212],[105.9771,21.07024],[105.98692,21.06992],[105.9937,21.06893],[105.99964,21.07456],[105.99943,21.07376],[106.00028,21.07234],[106.00141,21.06887],[106.00227,21.06924],[106.00259,21.06871],[105.99943,21.06716],[105.9982,21.06613],[105.99588,21.06329],[105.99486,21.06007],[105.9945,21.05226],[105.99469,21.0511],[105.99367,21.04479],[105.99238,21.04155],[105.99088,21.04002],[105.98937,21.03937],[105.98536,21.04037],[105.97533,21.04674],[105.97321,21.04781],[105.97063,21.04858],[105.96575,21.04699],[105.9613,21.04447],[105.95633,21.04068],[105.94985,21.03738],[105.94854,21.03749],[105.93909,21.04055],[105.93751,21.04292],[105.93568,21.04663],[105.93358,21.05423],[105.9314,21.06054],[105.92775,21.06772],[105.92428,21.07231],[105.92078,21.07476],[105.91787,21.0761],[105.90272,21.0786],[105.90467,21.08212],[105.90505,21.08585],[105.90488,21.08808],[105.90573,21.08976],[105.90489,21.08987],[105.90431,21.08926],[105.90194,21.09183],[105.90139,21.09318],[105.89842,21.09688],[105.89645,21.09832],[105.89781,21.10116],[105.89924,21.10094],[105.9003,21.10648],[105.90142,21.10539],[105.90366,21.11008],[105.90558,21.11253],[105.9055,21.11406],[105.90961,21.11722],[105.91367,21.11858],[105.91672,21.1191],[105.91927,21.11904],[105.92147,21.11856],[105.92253,21.12114],[105.92382,21.12041]]]]}},
{"type":"Feature","id":"00562","properties":{"Ward_Code":"00562","Ward_Code_Num":562,"Ward":"Thuận An","Ward_Alt":"Thuận An","Ward_Upper":"THUẬN AN","Ward_Full":"Xã Thuận An","Ward_Full_Alt":"Xã Thuận An","Ward_Full_Upper_Alt":"XÃ THUẬN AN","Ward_Type":"Xã","Province_Code":"01","Province":"Hà Nội","Province_Upper_Alt":"HÀ NỘI"},"geometry":{"type":"MultiPolygon","coordinates":[[[[106.00306,21.06792],[106.00676,21.06287],[106.00869,21.06422],[106.00904,21.06277],[106.00957,21.06232],[106.00861,21.06069],[106.00897,21.06037],[106.00861,21.0593],[106.00789,21.05856],[106.00821,21.05826],[106.00823,21.05553],[106.00986,21.05601],[106.01014,21.05772],[106.01134,21.0582],[106.01105,21.05697],[106.01432,21.05596],[106.01367,21.05378],[106.01525,21.05284],[106.0139,21.05096],[106.02003,21.04762],[106.01981,21.04387],[106.02013,21.04148],[106.01932,21.0396],[106.01827,21.03997],[106.01762,21.03838],[106.01806,21.03823],[106.01873,21.03915],[106.01895,21.03907],[106.01767,21.03664],[106.01655,21.03466],[106.01285,21.03026],[106.00926,21.0295],[106.00936,21.02904],[106.00662,21.02863],[106.00942,21.02437],[106.00697,21.02426],[106.00465,21.02209],[106.00372,21.01886],[106.00394,21.01878],[106.0032,21.01752],[106.00617,21.01509],[106.00488,21.01382],[106.00543,21.01344],[106.00447,21.01168],[106.0064,21.01155],[106.0096,21.01239],[106.01016,21.01079],[106.0089,21.01051],[106.00847,21.00827],[106.00486,21.0085],[106.00482,21.00797],[106.00132,21.00749],[106.00104,21.00698],[106.00119,21.00567],[105.99953,21.00547],[106.00085,21.00119],[106.00015,21.001],[105.99997,20.99999],[105.9994,20.99983],[105.99418,21.00067],[105.99402,21.00018],[105.99136,21.00103],[105.98937,20.99902],[105.98918,20.99847],[105.9873,20.99722],[105.98502,20.99652],[105.98441,20.99686],[105.98398,20.99656],[105.98236,20.99684],[105.97897,20.99827],[105.97797,20.99902],[105.97658,21.00088],[105.97367,21.00886],[105.97014,21.01581],[105.96719,21.01869],[105.96632,21.02018],[105.96553,21.01967],[105.96512,21.02067],[105.96484,21.02048],[105.96395,21.02168],[105.95765,21.01949],[105.95659,21.01799],[105.95676,21.01781],[105.95196,21.01205],[105.9469,21.01562],[105.9481,21.01693],[105.94748,21.01742],[105.95019,21.02064],[105.95068,21.02081],[105.95114,21.02056],[105.95159,21.0211],[105.95046,21.02183],[105.95232,21.02703],[105.94902,21.03134],[105.94988,21.03197],[105.94942,21.03285],[105.94973,21.03297],[105.94926,21.03447],[105.94876,21.03442],[105.94854,21.03749],[105.94998,21.03742],[105.95633,21.04068],[105.9613,21.04447],[105.96575,21.04699],[105.97063,21.04858],[105.97321,21.04781],[105.97533,21.04674],[105.98502,21.04052],[105.98849,21.03946],[105.98974,21.03938],[105.99045,21.03971],[105.99238,21.04155],[105.99367,21.04479],[105.99469,21.0511],[105.9945,21.05226],[105.99486,21.06007],[105.99595,21.06346],[105.99943,21.06716],[106.00259,21.06871],[106.00306,21.06792]]]]}},
{"type":"Feature","id":"00565","properties":{"Ward_Code":"00565","Ward_Code_Num":565,"Ward":"Gia Lâm","Ward_Alt":"Gia Lâm","Ward_Upper":"GIA LÂM","Ward_Full":"Xã Gia Lâm","Ward_Full_Alt":"Xã Gia Lâm","Ward_Full_Upper_Alt":"XÃ GIA LÂM","Ward_Type":"Xã","Province_Code":"01","Province":"Hà Nội","Province_Upper_Alt":"HÀ NỘI"},"geometry":{"type":"MultiPolygon","coordinates":[[[[105.94865,21.03516],[105.94876,21.03442],[105.94926,21.03447],[105.94973,21.03297],[105.94942,21.03285],[105.94988,21.03197],[105.94902,21.03134],[105.95232,21.02703],[105.95046,21.02183],[105.95159,21.0211],[105.95114,21.02056],[105.95068,21.02081],[105.95019,21.02064],[105.94748,21.01742],[105.9481,21.01693],[105.9469,21.01562],[105.95196,21.01205],[105.95676,21.01781],[105.95659,21.01799],[105.95765,21.01949],[105.96395,21.02168],[105.96484,21.02048],[105.96512,21.02067],[105.96553,21.01967],[105.96632,21.02018],[105.96719,21.01869],[105.97014,21.01581],[105.97367,21.00886],[105.97612,21.00182],[105.97797,20.99902],[105.97716,20.99891],[105.97626,20.99784],[105.97578,20.99813],[105.97355,20.9963],[105.97174,20.99701],[105.97148,20.99448],[105.97227,20.99355],[105.97248,20.99201],[105.97224,20.98977],[105.96881,20.98866],[105.96664,20.99102],[105.96564,20.99041],[105.96507,20.99102],[105.9616,20.98916],[105.96136,20.98833],[105.96349,20.98603],[105.96335,20.98548],[105.96398,20.98454],[105.96514,20.98505],[105.9651,20.98416],[105.96342,20.98308],[105.96274,20.98228],[105.96234,20.98234],[105.96186,20.9814],[105.96233,20.98122],[105.96298,20.9802],[105.96133,20.97589],[105.96304,20.97484],[105.96245,20.97352],[105.96472,20.97246],[105.9652,20.96793],[105.96443,20.96796],[105.96448,20.96588],[105.96472,20.96588],[105.96402,20.96341],[105.96164,20.96392],[105.96111,20.9632],[105.95917,20.96416],[105.95934,20.96465],[105.95871,20.96484],[105.95858,20.96605],[105.95679,20.96614],[105.95679,20.96794],[105.95614,20.96818],[105.95573,20.96717],[105.95537,20.96726],[105.95543,20.9677],[105.95484,20.9676],[105.95386,20.96803],[105.95352,20.96768],[105.95235,20.96783],[105.95185,20.9666],[105.95043,20.96671],[105.95042,20.96698],[105.9496,20.96665],[105.94958,20.96702],[105.94843,20.96708],[105.9489,20.96746],[105.94838,20.96776],[105.94846,20.96839],[105.94778,20.96824],[105.94766,20.96928],[105.93978,20.96795],[105.9396,20.96907],[105.93895,20.96921],[105.9385,20.97021],[105.93626,20.96983],[105.93976,20.97406],[105.9418,20.97587],[105.94408,20.97716],[105.94385,20.97768],[105.9441,20.9778],[105.94332,20.97875],[105.94324,20.97963],[105.9438,20.98085],[105.94447,20.98085],[105.94488,20.982],[105.93941,20.98894],[105.91791,21.01232],[105.92132,21.01675],[105.92653,21.02098],[105.92782,21.0224],[105.93302,21.033],[105.93872,21.041],[105.93909,21.04055],[105.94854,21.03749],[105.94865,21.03516]]]]}},
{"type":"Feature","id":"00577","properties":{"Ward_Code":"00577","Ward_Code_Num":577,"Ward":"Bát Tràng","Ward_Alt":"Bát Tràng","Ward_Upper":"BÁT TRÀNG","Ward_Full":"Xã Bát Tràng","Ward_Full_Alt":"Xã Bát Tràng","Ward_Full_Upper_Alt":"XÃ BÁT TRÀNG","Ward_Type":"Xã","Province_Code":"01","Province":"Hà Nội","Province_Upper_Alt":"HÀ NỘI"},"geometry":{"type":"MultiPolygon","coordinates":[[[[105.94468,20.9813],[105.94447,20.98085],[105.9438,20.98085],[105.9432,20.97936],[105.94332,20.97875],[105.9441,20.9778],[105.94385,20.97768],[105.94408,20.97716],[105.9418,20.97587],[105.93976,20.97406],[105.93626,20.96983],[105.93236,20.9736],[105.93,20.97262],[105.9244,20.97458],[105.92427,20.97574],[105.92251,20.97571],[105.92237,20.97467],[105.9203,20.97465],[105.91986,20.97472],[105.91983,20.9757],[105.91849,20.97575],[105.91836,20.97508],[105.91481,20.97484],[105.91417,20.97371],[105.91302,20.97369],[105.91337,20.97296],[105.9132,20.9708],[105.91233,20.97089],[105.91204,20.96902],[105.90803,20.96153],[105.90728,20.95813],[105.90649,20.958],[105.90615,20.95537],[105.90545,20.95366],[105.9057,20.95358],[105.90515,20.95079],[105.9031,20.94722],[105.91,20.94216],[105.9117,20.93876],[105.91194,20.93892],[105.91215,20.9384],[105.91478,20.93733],[105.91021,20.92953],[105.90821,20.92707],[105.90282,20.92874],[105.90002,20.92916],[105.89204,20.92908],[105.88683,20.92851],[105.8842,20.92882],[105.88213,20.92973],[105.88128,20.93283],[105.88169,20.93903],[105.88211,20.94034],[105.88721,20.94679],[105.89246,20.9546],[105.8974,20.96018],[105.90293,20.96776],[105.90664,20.97652],[105.90794,20.98235],[105.90776,20.98522],[105.90679,20.98774],[105.90462,20.99128],[105.90184,20.99374],[105.91497,21.00851],[105.91791,21.01232],[105.94018,20.98807],[105.94488,20.982],[105.94468,20.9813]]]]}},
{"type":"Feature","id":"00592","properties":{"Ward_Code":"00592","Ward_Code_Num":592,"Ward":"Từ Liêm","Ward_Alt":"Từ Liêm","Ward_Upper":"TỪ LIÊM","Ward_Full":"Phường Từ Liêm","Ward_Full_Alt":"Phường Từ Liêm","Ward_Full_Upper_Alt":"PHƯỜNG TỪ LIÊM","Ward_Type":"Phường","Province_Code":"01","Province":"Hà Nội","Province_Upper_Alt":"HÀ NỘI"},"geometry":{"type":"MultiPolygon","coordinates":[[[[105.77867,21.03662],[105.78059,21.0366],[105.77868,21.02519],[105.77878,21.02313],[105.77926,21.02167],[105.78049,21.01976],[105.79231,21.00516],[105.78974,21.00337],[105.78709,21.0023],[105.78479,21.00202],[105.78295,21.00218],[105.7627,21.00643],[105.76328,21.00819],[105.76256,21.0098],[105.75833,21.01318],[105.7541,21.01766],[105.75374,21.0185],[105.75524,21.02243],[105.75422,21.02462],[105.75418,21.02536],[105.75494,21.0266],[105.75832,21.03013],[105.75883,21.03415],[105.75841,21.03801],[105.75885,21.03871],[105.76062,21.04],[105.76142,21.04167],[105.77201,21.0383],[105.77867,21.03662]]]]}},
{"type":"Feature","id":"00598","properties":{"Ward_Code":"00598","Ward_Code_Num":598,"Ward":"Thượng Cát","Ward_Alt":"Thượng Cát","Ward_Upper":"THƯỢNG CÁT","Ward_Full":"Phường Thượng Cát","Ward_Full_Alt":"Phường Thượng Cát","Ward_Full_Upper_Alt":"PHƯỜNG THƯỢNG CÁT","Ward_Type":"Phường","Province_Code":"01","Province":"Hà Nội","Province_Upper_Alt":"HÀ NỘI"},"geometry":{"type":"MultiPolygon","coordinates":[[[[105.74565,21.10318],[105.74887,21.09947],[105.75112,21.09869],[105.7623,21.09902],[105.77251,21.09849],[105.77136,21.09217],[105.77054,21.0901],[105.77174,21.07154],[105.76273,21.07164],[105.76276,21.07121],[105.76121,21.07139],[105.76129,21.06991],[105.76096,21.0699],[105.76087,21.06921],[105.76113,21.06766],[105.76036,21.0675],[105.76055,21.06658],[105.75945,21.0661],[105.75978,21.06594],[105.75953,21.0658],[105.74056,21.07286],[105.72833,21.08255],[105.728,21.08301],[105.72794,21.0845],[105.7266,21.08537],[105.72701,21.08843],[105.7257,21.0888],[105.72593,21.09304],[105.72659,21.09285],[105.72698,21.09392],[105.72593,21.09581],[105.72471,21.09689],[105.72527,21.09687],[105.72626,21.09912],[105.72749,21.09882],[105.72863,21.09982],[105.72917,21.09982],[105.7299,21.1009],[105.73093,21.10064],[105.73097,21.10097],[105.73191,21.1011],[105.73184,21.1014],[105.73361,21.10224],[105.74147,21.108],[105.74565,21.10318]]]]}},
{"type":"Feature","id":"00602","properties":{"Ward_Code":"00602","Ward_Code_Num":602,"Ward":"Đông Ngạc","Ward_Alt":"Đông Ngạc","Ward_Upper":"ĐÔNG NGẠC","Ward_Full":"Phường Đông Ngạc","Ward_Full_Alt":"Phường Đông Ngạc","Ward_Full_Upper_Alt":"PHƯỜNG ĐÔNG NGẠC","Ward_Type":"Phường","Province_Code":"01","Province":"Hà Nội","Province_Upper_Alt":"HÀ NỘI"},"geometry":{"type":"MultiPolygon","coordinates":[[[[105.7864,21.09773],[105.78586,21.08982],[105.78827,21.0824],[105.78846,21.08098],[105.78809,21.07951],[105.78599,21.07575],[105.78513,21.06715],[105.78223,21.0557],[105.7721,21.05429],[105.77273,21.0563],[105.77266,21.05708],[105.77072,21.05678],[105.76811,21.05736],[105.76104,21.06025],[105.75551,21.06505],[105.75602,21.06697],[105.75953,21.0658],[105.75978,21.06594],[105.75945,21.0661],[105.76055,21.06658],[105.76036,21.0675],[105.76113,21.06766],[105.76087,21.06921],[105.76096,21.0699],[105.76129,21.06991],[105.76121,21.07139],[105.76276,21.07121],[105.76273,21.07164],[105.77174,21.07154],[105.77054,21.0901],[105.77136,21.09217],[105.77251,21.09849],[105.7864,21.09773]]]]}},
{"type":"Feature","id":"00611","properties":{"Ward_Code":"00611","Ward_Code_Num":611,"Ward":"Xuân Đỉnh","Ward_Alt":"Xuân Đỉnh","Ward_Upper":"XUÂN ĐỈNH","Ward_Full":"Phường Xuân Đỉnh","Ward_Full_Alt":"Phường Xuân Đỉnh","Ward_Full_Upper_Alt":"PHƯỜNG XUÂN ĐỈNH","Ward_Type":"Phường","Province_Code":"01","Province":"Hà Nội","Province_Upper_Alt":"HÀ NỘI"},"geometry":{"type":"MultiPolygon","coordinates":[[[[105.79295,21.07657],[105.79386,21.07622],[105.79441,21.0773],[105.79883,21.07559],[105.79837,21.07447],[105.80903,21.07044],[105.80455,21.0624],[105.80443,21.05182],[105.79011,21.0519],[105.78995,21.05678],[105.78642,21.05658],[105.78602,21.05633],[105.7844,21.0566],[105.78236,21.05624],[105.78505,21.06673],[105.7858,21.07478],[105.78642,21.07675],[105.7879,21.07912],[105.78899,21.0781],[105.79295,21.07657]]]]}},
{"type":"Feature","id":"00613","properties":{"Ward_Code":"00613","Ward_Code_Num":613,"Ward":"Tây Tựu","Ward_Alt":"Tây Tựu","Ward_Upper":"TÂY TỰU","Ward_Full":"Phường Tây Tựu","Ward_Full_Alt":"Phường Tây Tựu","Ward_Full_Upper_Alt":"PHƯỜNG TÂY TỰU","Ward_Type":"Phường","Province_Code":"01","Province":"Hà Nội","Province_Upper_Alt":"HÀ NỘI"},"geometry":{"type":"MultiPolygon","coordinates":[[[[105.75602,21.06697],[105.75551,21.06505],[105.7581,21.06298],[105.76081,21.06026],[105.74854,21.05551],[105.74881,21.05481],[105.74782,21.05444],[105.74872,21.05223],[105.74547,21.05013],[105.74625,21.04931],[105.74582,21.04897],[105.74614,21.04865],[105.74536,21.04778],[105.73768,21.05091],[105.72467,21.05979],[105.72483,21.06542],[105.72414,21.07442],[105.7246,21.07694],[105.72587,21.07928],[105.72833,21.08255],[105.73979,21.07329],[105.75602,21.06697]]]]}},
{"type":"Feature","id":"00619","properties":{"Ward_Code":"00619","Ward_Code_Num":619,"Ward":"Phú Diễn","Ward_Alt":"Phú Diễn","Ward_Upper":"PHÚ DIỄN","Ward_Full":"Phường Phú Diễn","Ward_Full_Alt":"Phường Phú Diễn","Ward_Full_Upper_Alt":"PHƯỜNG PHÚ DIỄN","Ward_Type":"Phường","Province_Code":"01","Province":"Hà Nội","Province_Upper_Alt":"HÀ NỘI"},"geometry":{"type":"MultiPolygon","coordinates":[[[[105.77233,21.05486],[105.7721,21.05429],[105.78223,21.0557],[105.78177,21.05277],[105.78057,21.0366],[105.77756,21.03674],[105.76795,21.0395],[105.75965,21.0423],[105.74536,21.04778],[105.74614,21.04865],[105.74582,21.04897],[105.74625,21.04931],[105.74547,21.05013],[105.74872,21.05223],[105.74782,21.05444],[105.74881,21.05481],[105.74854,21.05551],[105.76037,21.05992],[105.76087,21.0604],[105.76811,21.05736],[105.77072,21.05678],[105.77266,21.05708],[105.77233,21.05486]]]]}},
{"type":"Feature","id":"00622","properties":{"Ward_Code":"00622","Ward_Code_Num":622,"Ward":"Xuân Phương","Ward_Alt":"Xuân Phương","Ward_Upper":"XUÂN PHƯƠNG","Ward_Full":"Phường Xuân Phương","Ward_Full_Alt":"Phường Xuân Phương","Ward_Full_Upper_Alt":"PHƯỜNG XUÂN PHƯƠNG","Ward_Type":"Phường","Province_Code":"01","Province":"Hà Nội","Province_Upper_Alt":"HÀ NỘI"},"geometry":{"type":"MultiPolygon","coordinates":[[[[105.74402,21.04831],[105.76142,21.04167],[105.76062,21.04],[105.75885,21.03871],[105.75841,21.03801],[105.75883,21.03415],[105.75832,21.03013],[105.75494,21.0266],[105.75418,21.02536],[105.75422,21.02462],[105.75524,21.02243],[105.75374,21.0185],[105.7541,21.01766],[105.75833,21.01318],[105.76256,21.0098],[105.76328,21.00819],[105.7627,21.00643],[105.74775,21.0094],[105.73301,21.0104],[105.73303,21.01141],[105.73235,21.01207],[105.73397,21.01546],[105.73257,21.0168],[105.7314,21.01701],[105.7313,21.01649],[105.72998,21.01793],[105.73391,21.02143],[105.73446,21.02259],[105.7351,21.02235],[105.73494,21.02182],[105.7356,21.02174],[105.73603,21.02191],[105.73608,21.02264],[105.73651,21.02244],[105.73675,21.02283],[105.73707,21.02349],[105.73467,21.02504],[105.73485,21.02631],[105.73854,21.02779],[105.73803,21.02895],[105.73763,21.02886],[105.73732,21.02921],[105.73758,21.02988],[105.73729,21.03004],[105.73713,21.03096],[105.73738,21.03148],[105.73873,21.03181],[105.73842,21.03266],[105.73894,21.03275],[105.73806,21.03647],[105.73474,21.03681],[105.73481,21.03725],[105.73364,21.03838],[105.73391,21.03886],[105.73371,21.04028],[105.73398,21.04086],[105.73348,21.04152],[105.73356,21.04341],[105.73233,21.04383],[105.73206,21.04466],[105.73265,21.04529],[105.73131,21.04668],[105.73098,21.04638],[105.73022,21.04703],[105.72932,21.04713],[105.72952,21.04806],[105.72797,21.0484],[105.72866,21.05054],[105.72656,21.05271],[105.72959,21.05647],[105.73768,21.05091],[105.74402,21.04831]]]]}},
{"type":"Feature","id":"00634","properties":{"Ward_Code":"00634","Ward_Code_Num":634,"Ward":"Tây Mỗ","Ward_Alt":"Tây Mỗ","Ward_Upper":"TÂY MỖ","Ward_Full":"Phường Tây Mỗ","Ward_Full_Alt":"Phường Tây Mỗ","Ward_Full_Upper_Alt":"PHƯỜNG TÂY MỖ","Ward_Type":"Phường","Province_Code":"01","Province":"Hà Nội","Province_Upper_Alt":"HÀ NỘI"},"geometry":{"type":"MultiPolygon","coordinates":[[[[105.73301,21.0104],[105.74775,21.0094],[105.76209,21.00656],[105.76222,21.00499],[105.76141,21.00321],[105.76214,21.00074],[105.76146,20.99864],[105.7619,20.99722],[105.76265,20.99662],[105.75985,20.99197],[105.75298,20.99168],[105.74633,20.98957],[105.74251,20.99308],[105.74168,20.99489],[105.73578,20.99333],[105.73048,21.01056],[105.73301,21.0104]]]]}},
{"type":"Feature","id":"00637","properties":{"Ward_Code":"00637","Ward_Code_Num":637,"Ward":"Đại Mỗ","Ward_Alt":"Đại Mỗ","Ward_Upper":"ĐẠI MỖ","Ward_Full":"Phường Đại Mỗ","Ward_Full_Alt":"Phường Đại Mỗ","Ward_Full_Upper_Alt":"PHƯỜNG ĐẠI MỖ","Ward_Type":"Phường","Province_Code":"01","Province":"Hà Nội","Province_Upper_Alt":"HÀ NỘI"},"geometry":{"type":"MultiPolygon","coordinates":[[[[105.78398,21.00206],[105.78574,21.00206],[105.78814,21.00261],[105.79231,21.00516],[105.79693,20.99945],[105.79021,20.99479],[105.79536,20.9918],[105.79874,20.98831],[105.79238,20.98376],[105.79106,20.98527],[105.78688,20.98553],[105.78355,20.9867],[105.78383,20.98691],[105.78183,20.98806],[105.78106,20.98908],[105.77609,20.98565],[105.77522,20.98595],[105.77337,20.98504],[105.77281,20.98579],[105.7721,20.98526],[105.77157,20.98593],[105.76916,20.98425],[105.76736,20.98342],[105.76694,20.98475],[105.76593,20.98456],[105.76611,20.98304],[105.76466,20.98286],[105.76414,20.98008],[105.76292,20.97979],[105.76127,20.97986],[105.75509,20.98429],[105.75414,20.9855],[105.75342,20.98811],[105.7554,20.9895],[105.75284,20.9908],[105.75266,20.99162],[105.75985,20.99197],[105.76265,20.99662],[105.7619,20.99722],[105.76146,20.99864],[105.76214,21.00074],[105.76141,21.00321],[105.76222,21.00499],[105.76209,21.00656],[105.78398,21.00206]]]]}},
{"type":"Feature","id":"00640","properties":{"Ward_Code":"00640","Ward_Code_Num":640,"Ward":"Thanh Trì","Ward_Alt":"Thanh Trì","Ward_Upper":"THANH TRÌ","Ward_Full":"Xã Thanh Trì","Ward_Full_Alt":"Xã Thanh Trì","Ward_Full_Upper_Alt":"XÃ THANH TRÌ","Ward_Type":"Xã","Province_Code":"01","Province":"Hà Nội","Province_Upper_Alt":"HÀ NỘI"},"geometry":{"type":"MultiPolygon","coordinates":[[[[105.88617,20.94552],[105.88211,20.94034],[105.88169,20.93903],[105.88146,20.93573],[105.86405,20.93386],[105.85912,20.93238],[105.85989,20.92218],[105.85124,20.92454],[105.85047,20.92451],[105.84903,20.92514],[105.84776,20.92474],[105.84537,20.92332],[105.84418,20.92337],[105.83632,20.92787],[105.83603,20.92835],[105.83592,20.93186],[105.84031,20.93848],[105.84202,20.94266],[105.84246,20.94322],[105.84417,20.94301],[105.84446,20.94476],[105.84415,20.95119],[105.84754,20.95212],[105.848,20.94997],[105.84917,20.94776],[105.85237,20.94698],[105.85422,20.94719],[105.85927,20.94488],[105.86401,20.94326],[105.86395,20.94584],[105.86476,20.94911],[105.86627,20.9501],[105.86646,20.95144],[105.86774,20.95372],[105.86962,20.95455],[105.87108,20.95662],[105.87919,20.95126],[105.88617,20.94552]]]]}},
{"type":"Feature","id":"00643","properties":{"Ward_Code":"00643","Ward_Code_Num":643,"Ward":"Thanh Liệt","Ward_Alt":"Thanh Liệt","Ward_Upper":"THANH LIỆT","Ward_Full":"Phường Thanh Liệt","Ward_Full_Alt":"Phường Thanh Liệt","Ward_Full_Upper_Alt":"PHƯỜNG THANH LIỆT","Ward_Type":"Phường","Province_Code":"01","Province":"Hà Nội","Province_Upper_Alt":"HÀ NỘI"},"geometry":{"type":"MultiPolygon","coordinates":[[[[105.80562,20.98828],[105.81,20.98234],[105.80647,20.97995],[105.80864,20.9769],[105.80696,20.97322],[105.81783,20.96697],[105.81883,20.9676],[105.82034,20.96936],[105.82122,20.97051],[105.82162,20.97175],[105.82495,20.97073],[105.82363,20.9677],[105.82171,20.96588],[105.81745,20.96277],[105.81396,20.96096],[105.81314,20.96021],[105.8132,20.95984],[105.81394,20.95947],[105.81572,20.95989],[105.81758,20.95965],[105.82,20.95756],[105.82126,20.95715],[105.82098,20.95559],[105.82056,20.9557],[105.8199,20.95462],[105.81993,20.95412],[105.81933,20.95375],[105.81687,20.94965],[105.81614,20.95011],[105.81573,20.95122],[105.81278,20.95348],[105.81338,20.95423],[105.79734,20.96278],[105.79208,20.96972],[105.79317,20.97056],[105.79394,20.97196],[105.79409,20.9729],[105.7937,20.97383],[105.79488,20.97411],[105.79489,20.97366],[105.79656,20.97378],[105.79639,20.97483],[105.79919,20.97533],[105.79867,20.97817],[105.79728,20.97793],[105.79238,20.98376],[105.80322,20.99148],[105.80562,20.98828]]]]}},
{"type":"Feature","id":"00664","properties":{"Ward_Code":"00664","Ward_Code_Num":664,"Ward":"Đại Thanh","Ward_Alt":"Đại Thanh","Ward_Upper":"ĐẠI THANH","Ward_Full":"Xã Đại Thanh","Ward_Full_Alt":"Xã Đại Thanh","Ward_Full_Upper_Alt":"XÃ ĐẠI THANH","Ward_Type":"Xã","Province_Code":"01","Province":"Hà Nội","Province_Upper_Alt":"HÀ NỘI"},"geometry":{"type":"MultiPolygon","coordinates":[[[[105.80469,20.95881],[105.81338,20.95423],[105.81278,20.95348],[105.81573,20.95122],[105.81614,20.95011],[105.81687,20.94965],[105.81933,20.95375],[105.81993,20.95412],[105.8199,20.95462],[105.82056,20.9557],[105.82098,20.95559],[105.82126,20.95715],[105.82567,20.95644],[105.82948,20.95373],[105.83271,20.95221],[105.83594,20.95237],[105.83981,20.95418],[105.84125,20.95412],[105.84241,20.95317],[105.84287,20.95111],[105.84415,20.95119],[105.84446,20.94476],[105.84417,20.94301],[105.84246,20.94322],[105.84202,20.94266],[105.84031,20.93848],[105.83592,20.93186],[105.83584,20.9292],[105.83422,20.92867],[105.83105,20.92578],[105.8303,20.92637],[105.82798,20.92428],[105.82847,20.92371],[105.82709,20.92283],[105.82466,20.92508],[105.81459,20.91937],[105.81241,20.91886],[105.80621,20.91143],[105.80612,20.91067],[105.80666,20.9099],[105.80536,20.90929],[105.80447,20.90966],[105.80335,20.9109],[105.80305,20.91252],[105.79937,20.91257],[105.79802,20.91313],[105.79746,20.91211],[105.79661,20.91194],[105.79505,20.91304],[105.79453,20.91498],[105.79268,20.91552],[105.79125,20.9152],[105.78986,20.91778],[105.78946,20.91978],[105.79091,20.92061],[105.79172,20.92148],[105.79078,20.92452],[105.79178,20.92726],[105.7931,20.92823],[105.79476,20.92869],[105.79622,20.9304],[105.79771,20.93088],[105.79912,20.93422],[105.80149,20.9342],[105.80159,20.935669999999998],[105.80076,20.93591],[105.80006,20.93569],[105.7983,20.93703],[105.79933,20.93866],[105.79891,20.93895],[105.79834,20.93841],[105.79638,20.93935],[105.79236,20.93842],[105.79045,20.93908],[105.79479,20.95052],[105.79425,20.9509],[105.79404,20.95191],[105.79478,20.95472],[105.79749,20.9557],[105.79747,20.9571],[105.79792,20.95717],[105.79816,20.95761],[105.79892,20.95742],[105.80052,20.95828],[105.80126,20.95798],[105.80191,20.95718],[105.80354,20.95941],[105.80469,20.95881]]]]}},
{"type":"Feature","id":"00679","properties":{"Ward_Code":"00679","Ward_Code_Num":679,"Ward":"Ngọc Hồi","Ward_Alt":"Ngọc Hồi","Ward_Upper":"NGỌC HỒI","Ward_Full":"Xã Ngọc Hồi","Ward_Full_Alt":"Xã Ngọc Hồi","Ward_Full_Upper_Alt":"XÃ NGỌC HỒI","Ward_Type":"Xã","Province_Code":"01","Province":"Hà Nội","Province_Upper_Alt":"HÀ NỘI"},"geometry":{"type":"MultiPolygon","coordinates":[[[[105.83981,20.92582],[105.84468,20.92326],[105.8455,20.92337],[105.84776,20.92474],[105.84903,20.92514],[105.85047,20.92451],[105.85124,20.92454],[105.85989,20.92218],[105.8599,20.91555],[105.86033,20.9115],[105.86105,20.90809],[105.86274,20.90302],[105.85934,20.89716],[105.85817,20.89605],[105.85737,20.89597],[105.85639,20.89535],[105.85534,20.89537],[105.85426,20.8968],[105.8511,20.89913],[105.84132,20.90202],[105.83782,20.90362],[105.83494,20.90436],[105.83377,20.90425],[105.83304,20.90372],[105.83263,20.90277],[105.83294,20.90152],[105.83134,20.90109],[105.83092,20.90024],[105.83061,20.90036],[105.82866,20.89687],[105.82639,20.89802],[105.82727,20.8995],[105.82694,20.90067],[105.82567,20.90061],[105.82537,20.9019],[105.82557,20.9029],[105.8253,20.90335],[105.8244,20.90382],[105.8157,20.90266],[105.80647,20.91005],[105.80612,20.91067],[105.80637,20.91165],[105.81241,20.91886],[105.81459,20.91937],[105.82466,20.92508],[105.82709,20.92283],[105.82847,20.92371],[105.82798,20.92428],[105.8303,20.92637],[105.83105,20.92578],[105.83422,20.92867],[105.83567,20.92928],[105.83632,20.92787],[105.83851,20.92684],[105.83981,20.92582]]]]}},
{"type":"Feature","id":"00685","properties":{"Ward_Code":"00685","Ward_Code_Num":685,"Ward":"Nam Phù","Ward_Alt":"Nam Phù","Ward_Upper":"NAM PHÙ","Ward_Full":"Xã Nam Phù","Ward_Full_Alt":"Xã Nam Phù","Ward_Full_Upper_Alt":"XÃ NAM PHÙ","Ward_Type":"Xã","Province_Code":"01","Province":"Hà Nội","Province_Upper_Alt":"HÀ NỘI"},"geometry":{"type":"MultiPolygon","coordinates":[[[[105.8842,20.92882],[105.88683,20.92851],[105.89204,20.92908],[105.90002,20.92916],[105.90713,20.92761],[105.91053,20.92554],[105.91204,20.92363],[105.91327,20.92031],[105.91305,20.91521],[105.90955,20.91215],[105.90506,20.90967],[105.89918,20.90508],[105.895,20.90832],[105.89306,20.90931],[105.89237,20.9094],[105.89178,20.90661],[105.89119,20.90619],[105.89009,20.90654],[105.88962,20.90596],[105.88772,20.90621],[105.88738,20.90835],[105.8788,20.91021],[105.87489,20.91208],[105.87418,20.91079],[105.87366,20.91063],[105.87419,20.90895],[105.87371,20.90665],[105.86775,20.90913],[105.86594,20.90615],[105.86274,20.90302],[105.86105,20.90809],[105.86012,20.913],[105.85986,20.92491],[105.85912,20.93238],[105.86405,20.93386],[105.88146,20.93573],[105.88128,20.93283],[105.88174,20.93047],[105.88252,20.92938],[105.8842,20.92882]]]]}},
{"type":"Feature","id":"04930","properties":{"Ward_Code":"04930","Ward_Code_Num":4930,"Ward":"Yên Xuân","Ward_Alt":"Yên Xuân","Ward_Upper":"YÊN XUÂN","Ward_Full":"Xã Yên Xuân","Ward_Full_Alt":"Xã Yên Xuân","Ward_Full_Upper_Alt":"XÃ YÊN XUÂN","Ward_Type":"Xã","Province_Code":"01","Province":"Hà Nội","Province_Upper_Alt":"HÀ NỘI"},"geometry":{"type":"MultiPolygon","coordinates":[[[[105.41313,21.01393],[105.41567,21.01251],[105.41695,21.01136],[105.4196,21.01289],[105.42087,21.01303],[105.42204,21.01275],[105.42307,21.01346],[105.42486,21.014],[105.42576,21.01379],[105.42744,21.01421],[105.42777,21.01462],[105.42892,21.01456],[105.43045,21.01503],[105.43113,21.01471],[105.43242,21.01614],[105.43324,21.01639],[105.43356,21.01699],[105.43518,21.01712],[105.43672,21.01609],[105.44062,21.01593],[105.44162,21.01474],[105.44325,21.01407],[105.44579,21.01514],[105.44676,21.01475],[105.44838,21.01497],[105.44984,21.01412],[105.45073,21.01447],[105.45271,21.01235],[105.45455,21.01172],[105.45897,21.013],[105.46335,21.01287],[105.46634,21.0118],[105.47296,21.00659],[105.48961,20.99445],[105.49278,20.99264],[105.49598,20.99128],[105.50054,20.99006],[105.50483,20.98954],[105.51696,20.99028],[105.52488,20.9904],[105.52699,20.98131],[105.52952,20.97816],[105.52896,20.97746],[105.52898,20.97645],[105.52771,20.97535],[105.52711,20.97439],[105.52718,20.97357],[105.52594,20.97354],[105.5255,20.97322],[105.52729,20.97127],[105.52714,20.97088],[105.52917,20.96882],[105.52945,20.96791],[105.5291,20.96783],[105.52901,20.96742],[105.53025,20.96538],[105.53013,20.96473],[105.52921,20.96428],[105.52914,20.96333],[105.52831,20.96301],[105.52834,20.96143],[105.52774,20.96139],[105.52799,20.96121],[105.52791,20.96069],[105.52746,20.96046],[105.52713,20.95971],[105.5276,20.95892],[105.52723,20.95824],[105.52779,20.95783],[105.52885,20.95779],[105.52929,20.95708],[105.52812,20.95554],[105.52819,20.95473],[105.52908,20.95414],[105.52937,20.95351],[105.52882,20.95271],[105.52876,20.95187],[105.52805,20.95201],[105.52775,20.95246],[105.52714,20.95239],[105.52558,20.95297],[105.52504,20.95253],[105.52508,20.95207],[105.52396,20.95149],[105.52285,20.95254],[105.52223,20.95207],[105.52238,20.95113],[105.52159,20.95028],[105.52057,20.9501],[105.52026,20.95093],[105.51987,20.95101],[105.51847,20.94965],[105.51627,20.94863],[105.51704,20.94644],[105.51661,20.94618],[105.51736,20.94547],[105.51799,20.94352],[105.51746,20.94301],[105.51658,20.94298],[105.51602,20.94211],[105.51573,20.94138],[105.51598,20.94057],[105.51573,20.9393],[105.51174,20.93479],[105.50955,20.934],[105.50763,20.93184],[105.50591,20.9309],[105.50491,20.92994],[105.50364,20.92955],[105.50287,20.93013],[105.50236,20.93103],[105.49997,20.93073],[105.499,20.9303],[105.49785,20.93161],[105.49565,20.93233],[105.49525,20.93294],[105.49382,20.9336],[105.4926,20.9335],[105.49229,20.934],[105.4918,20.9341],[105.49071,20.93356],[105.49023,20.93375],[105.48848,20.93564],[105.4889,20.93648],[105.48808,20.93778],[105.48573,20.93939],[105.48548,20.94008],[105.48576,20.94074],[105.48394,20.94277],[105.48383,20.94329],[105.48326,20.94344],[105.48084,20.94593],[105.48071,20.94694],[105.47934,20.94776],[105.47831,20.9489],[105.4752,20.94847],[105.47113,20.949],[105.47014,20.9483],[105.46778,20.94754],[105.4674,20.947],[105.46561,20.94621],[105.46142,20.94656],[105.45959,20.94741],[105.45898,20.94821],[105.45899,20.94893],[105.45803,20.94938],[105.4576,20.95025],[105.45542,20.95107],[105.45517,20.95188],[105.45282,20.95339],[105.4489,20.95473],[105.44561,20.9552],[105.44433,20.95623],[105.44443,20.95739],[105.4438,20.95797],[105.44371,20.95969],[105.44274,20.96084],[105.44301,20.96244],[105.44221,20.96431],[105.44123,20.96577],[105.43996,20.96664],[105.43938,20.96785],[105.43584,20.96779],[105.4317,20.97251],[105.43022,20.9751],[105.42907,20.98039],[105.42815,20.98088],[105.42778,20.98223],[105.42683,20.98252],[105.42211,20.98191],[105.42152,20.98246],[105.42174,20.9848],[105.42096,20.98553],[105.42132,20.9876],[105.42027,20.98917],[105.42,20.9905],[105.41958,20.99068],[105.41917,20.99169],[105.41794,20.99258],[105.41834,20.99424],[105.41909,20.99436],[105.41811,20.99489],[105.4183,20.99519],[105.41805,20.99544],[105.41734,20.99551],[105.41725,20.99761],[105.41695,20.99764],[105.41647,20.99855],[105.41512,20.99733],[105.41446,20.99743],[105.4141,20.99789],[105.41362,20.99699],[105.41261,20.99842],[105.41189,20.99883],[105.41146,20.99821],[105.40923,20.998],[105.40818,20.99803],[105.40764,20.99842],[105.40337,20.99794],[105.40183,20.99824],[105.40081,20.9999],[105.40007,20.99972],[105.3976,21.00107],[105.39679,21.00098],[105.39641,21.0017],[105.39374,21.00295],[105.39323,21.00441],[105.39187,21.00608],[105.39167,21.00708],[105.39253,21.00859],[105.39265,21.01008],[105.39194,21.01127],[105.39215,21.01223],[105.3917,21.01488],[105.3932,21.01406],[105.39606,21.01437],[105.39683,21.01493],[105.39835,21.01521],[105.40023,21.014],[105.40157,21.01378],[105.40374,21.01461],[105.40678,21.01707],[105.41111,21.01823],[105.41136,21.01656],[105.41292,21.01477],[105.41313,21.01393]]]]}},
{"type":"Feature","id":"08974","properties":{"Ward_Code":"08974","Ward_Code_Num":8974,"Ward":"Quang Minh","Ward_Alt":"Quang Minh","Ward_Upper":"QUANG MINH","Ward_Full":"Xã Quang Minh","Ward_Full_Alt":"Xã Quang Minh","Ward_Full_Upper_Alt":"XÃ QUANG MINH","Ward_Type":"Xã","Province_Code":"01","Province":"Hà Nội","Province_Upper_Alt":"HÀ NỘI"},"geometry":{"type":"MultiPolygon","coordinates":[[[[105.75487,21.22174],[105.75598,21.222],[105.75718,21.22296],[105.75824,21.22286],[105.75902,21.22115],[105.75926,21.21688],[105.7604,21.21493],[105.76208,21.21342],[105.76457,21.21304],[105.76859,21.21425],[105.76941,21.21381],[105.76997,21.21238],[105.76966,21.21148],[105.76972,21.20904],[105.7708,21.20596],[105.77177,21.20483],[105.77481,21.20285],[105.77734,21.2005],[105.77951,21.19952],[105.78522,21.19832],[105.78724,21.19734],[105.78827,21.19644],[105.78928,21.19439],[105.78981,21.19105],[105.79036,21.19047],[105.78942,21.18803],[105.78791,21.18635],[105.78827,21.18619],[105.78816,21.1854],[105.78844,21.18514],[105.79041,21.18411],[105.78975,21.18207],[105.7909,21.18177],[105.79046,21.18007],[105.78809,21.18018],[105.78794,21.17895],[105.78498,21.17952],[105.78462,21.17798],[105.78372,21.17807],[105.7837,21.17742],[105.78101,21.17833],[105.7807,21.17732],[105.77546,21.17901],[105.77523,21.17822],[105.77407,21.1785],[105.77388,21.17787],[105.7719,21.17822],[105.77105,21.17541],[105.77078,21.173],[105.77142,21.16936],[105.73404,21.16811],[105.73182,21.16854],[105.73059,21.1693],[105.71492,21.18375],[105.71177,21.18803],[105.7266,21.20258],[105.72898,21.20531],[105.74308,21.2242],[105.74732,21.22912],[105.74995,21.22808],[105.75149,21.22698],[105.75246,21.2256],[105.7534,21.2225],[105.75395,21.22193],[105.75487,21.22174]]]]}},
{"type":"Feature","id":"08980","properties":{"Ward_Code":"08980","Ward_Code_Num":8980,"Ward":"Yên Lãng","Ward_Alt":"Yên Lãng","Ward_Upper":"YÊN LÃNG","Ward_Full":"Xã Yên Lãng","Ward_Full_Alt":"Xã Yên Lãng","Ward_Full_Upper_Alt":"XÃ YÊN LÃNG","Ward_Type":"Xã","Province_Code":"01","Province":"Hà Nội","Province_Upper_Alt":"HÀ NỘI"},"geometry":{"type":"MultiPolygon","coordinates":[[[[105.63844,21.20631],[105.63861,21.20594],[105.64169,21.20653],[105.64508,21.20579],[105.64512,21.20542],[105.65289,21.20662],[105.65314,21.20564],[105.65382,21.20473],[105.65632,21.20383],[105.65775,21.20267],[105.65885,21.20227],[105.65843,21.20164],[105.65994,21.20108],[105.65983,21.20063],[105.66131,21.19995],[105.66147,21.20069],[105.66444,21.1993],[105.66683,21.20128],[105.678,21.19145],[105.6773,21.18901],[105.68413,21.18284],[105.68523,21.1833],[105.69018,21.18699],[105.70252,21.17552],[105.70137,21.16804],[105.70135,21.16472],[105.69706,21.16611],[105.69819,21.16426],[105.6979,21.16393],[105.69803,21.16355],[105.69913,21.1622],[105.69912,21.16184],[105.69876,21.15702],[105.69689,21.14587],[105.69596,21.14489],[105.69575,21.14417],[105.69584,21.14138],[105.69086,21.14122],[105.68275,21.13915],[105.67802,21.13612],[105.67467,21.13317],[105.67171,21.13166],[105.66736,21.1314],[105.66546,21.13192],[105.66192,21.13475],[105.65117,21.14617],[105.64472,21.15527],[105.63617,21.16454],[105.63198,21.16796],[105.62663,21.17056],[105.62661,21.17784],[105.62457,21.17966],[105.62421,21.18072],[105.62472,21.18147],[105.62567,21.18177],[105.62823,21.18066],[105.62828,21.1812],[105.62872,21.18134],[105.6284,21.18179],[105.62792,21.18159],[105.62704,21.18297],[105.62914,21.18488],[105.62686,21.18614],[105.62493,21.18766],[105.62492,21.19199],[105.62457,21.19349],[105.62356,21.19426],[105.62146,21.19496],[105.6216,21.19518],[105.62222,21.19488],[105.62215,21.19561],[105.6216,21.1959],[105.62161,21.19721],[105.62266,21.20048],[105.62084,21.2014],[105.62081,21.20093],[105.6198,21.2011],[105.61979,21.20191],[105.61622,21.20257],[105.61649,21.20574],[105.61615,21.20612],[105.61551,21.20603],[105.61523,21.2076],[105.61611,21.20857],[105.6167,21.20877],[105.61878,21.20684],[105.62009,21.20622],[105.62164,21.20606],[105.62248,21.20677],[105.62276,21.2077],[105.62418,21.2089],[105.62668,21.21032],[105.62885,21.21096],[105.63108,21.20896],[105.6385,21.20724],[105.63844,21.20631]]]]}},
{"type":"Feature","id":"08995","properties":{"Ward_Code":"08995","Ward_Code_Num":8995,"Ward":"Tiến Thắng","Ward_Alt":"Tiến Thắng","Ward_Upper":"TIẾN THẮNG","Ward_Full":"Xã Tiến Thắng","Ward_Full_Alt":"Xã Tiến Thắng","Ward_Full_Upper_Alt":"XÃ TIẾN THẮNG","Ward_Type":"Xã","Province_Code":"01","Province":"Hà Nội","Province_Upper_Alt":"HÀ NỘI"},"geometry":{"type":"MultiPolygon","coordinates":[[[[105.66857,21.23491],[105.66863,21.23332],[105.6706,21.23283],[105.6716,21.23313],[105.67235,21.23377],[105.67336,21.23608],[105.67398,21.23644],[105.67463,21.23623],[105.67519,21.23532],[105.67538,21.23407],[105.67346,21.23219],[105.67151,21.23087],[105.67136,21.23038],[105.67497,21.22765],[105.67637,21.22697],[105.67736,21.2273],[105.67905,21.22889],[105.6806,21.23374],[105.68146,21.23467],[105.68335,21.23535],[105.68493,21.23547],[105.68807,21.23462],[105.68891,21.2335],[105.68852,21.23264],[105.6869,21.23194],[105.68317,21.23189],[105.68254,21.23118],[105.68274,21.23027],[105.68382,21.22974],[105.68528,21.23014],[105.68532,21.2298],[105.68586,21.22966],[105.68589,21.22646],[105.68795,21.22283],[105.68867,21.22249],[105.68866,21.2215],[105.68962,21.22111],[105.69024,21.21988],[105.69126,21.22075],[105.69158,21.22042],[105.69208,21.22127],[105.69334,21.2215],[105.69558,21.21615],[105.69762,21.21379],[105.69822,21.21354],[105.69728,21.21842],[105.69856,21.21838],[105.69851,21.21963],[105.70073,21.21985],[105.70177,21.2186],[105.70227,21.21891],[105.70326,21.22128],[105.70446,21.2209],[105.7051,21.22143],[105.70594,21.22132],[105.70594,21.22077],[105.7067,21.22023],[105.70714,21.22081],[105.70753,21.2207],[105.70762,21.22014],[105.70824,21.21956],[105.7099,21.21968],[105.71112,21.22062],[105.71113,21.2214],[105.71065,21.22184],[105.71145,21.22248],[105.71202,21.22228],[105.71171,21.2228],[105.71235,21.22317],[105.71271,21.22264],[105.71568,21.22448],[105.71776,21.22277],[105.7182,21.22319],[105.71882,21.22296],[105.71968,21.22315],[105.7205,21.2249],[105.72166,21.22608],[105.72163,21.22691],[105.72208,21.2275],[105.72472,21.22472],[105.73005,21.22881],[105.73459,21.23311],[105.73795,21.23154],[105.74101,21.23168],[105.74253,21.23145],[105.74543,21.22978],[105.74732,21.22912],[105.74308,21.2242],[105.72959,21.20607],[105.7266,21.20258],[105.70765,21.18393],[105.70738,21.18311],[105.70419,21.17931],[105.70252,21.17552],[105.69018,21.18699],[105.68523,21.1833],[105.68413,21.18284],[105.6773,21.18901],[105.678,21.19145],[105.66683,21.20128],[105.66444,21.1993],[105.66147,21.20069],[105.66131,21.19995],[105.65983,21.20063],[105.65994,21.20108],[105.65843,21.20164],[105.65885,21.20227],[105.65775,21.20267],[105.65632,21.20383],[105.65382,21.20473],[105.65314,21.20564],[105.65289,21.20662],[105.64512,21.20542],[105.64508,21.20579],[105.64169,21.20653],[105.63842,21.20593],[105.6385,21.20725],[105.6393,21.20735],[105.63957,21.2078],[105.63936,21.2117],[105.63905,21.21236],[105.63704,21.21394],[105.63602,21.21549],[105.63582,21.217],[105.6361,21.2175],[105.63708,21.21798],[105.63919,21.21777],[105.6417,21.21651],[105.64496,21.21554],[105.64772,21.21649],[105.65334,21.21777],[105.65549,21.21868],[105.65813,21.22024],[105.65897,21.22163],[105.659,21.22326],[105.65471,21.22754],[105.65387,21.22755],[105.65265,21.22622],[105.65146,21.22592],[105.64941,21.22702],[105.64656,21.2268],[105.6453,21.22722],[105.64427,21.23254],[105.64451,21.23424],[105.64488,21.23473],[105.64772,21.23662],[105.65211,21.23811],[105.65316,21.23782],[105.65452,21.23608],[105.65667,21.23482],[105.65814,21.23462],[105.66145,21.23497],[105.66371,21.23619],[105.66596,21.23911],[105.66666,21.23946],[105.66722,21.23936],[105.66749,21.23896],[105.66858,21.23612],[105.66857,21.23491]]]]}},
{"type":"Feature","id":"09022","properties":{"Ward_Code":"09022","Ward_Code_Num":9022,"Ward":"Mê Linh","Ward_Alt":"Mê Linh","Ward_Upper":"MÊ LINH","Ward_Full":"Xã Mê Linh","Ward_Full_Alt":"Xã Mê Linh","Ward_Full_Upper_Alt":"XÃ MÊ LINH","Ward_Type":"Xã","Province_Code":"01","Province":"Hà Nội","Province_Upper_Alt":"HÀ NỘI"},"geometry":{"type":"MultiPolygon","coordinates":[[[[105.72492,21.17452],[105.73059,21.1693],[105.73306,21.16819],[105.77017,21.1693],[105.77072,21.16665],[105.77047,21.16653],[105.77057,21.16454],[105.77206,21.14906],[105.77161,21.14914],[105.77072,21.14796],[105.77192,21.14716],[105.77258,21.14585],[105.77102,21.14389],[105.77097,21.14232],[105.76758,21.13755],[105.76625,21.13634],[105.7646,21.13565],[105.76318,21.13547],[105.76205,21.1359],[105.76047,21.1358],[105.76005,21.13489],[105.75956,21.13478],[105.75971,21.13376],[105.75317,21.13397],[105.75175,21.13376],[105.75011,21.13424],[105.74368,21.13472],[105.74318,21.13262],[105.74204,21.13288],[105.74107,21.12882],[105.74008,21.1289],[105.73873,21.12848],[105.73906,21.12815],[105.73887,21.12784],[105.73913,21.12714],[105.73865,21.12519],[105.73723,21.12574],[105.73692,21.12519],[105.73649,21.12536],[105.7363,21.12452],[105.73547,21.12399],[105.73533,21.12294],[105.73612,21.12255],[105.73596,21.12192],[105.73392,21.1217],[105.73186,21.1221],[105.73608,21.11375],[105.73544,21.11334],[105.74147,21.108],[105.73699,21.10476],[105.73219,21.10838],[105.72762,21.11252],[105.72255,21.11912],[105.71877,21.12337],[105.71776,21.13106],[105.71771,21.13584],[105.71712,21.13843],[105.71574,21.1407],[105.71457,21.14179],[105.71271,21.14289],[105.7108,21.14337],[105.70756,21.1431],[105.70289,21.14182],[105.70006,21.1414],[105.69584,21.14138],[105.69575,21.14417],[105.69596,21.14489],[105.69689,21.14587],[105.69876,21.15702],[105.69912,21.16184],[105.69913,21.1622],[105.69803,21.16355],[105.6979,21.16393],[105.69819,21.16426],[105.69706,21.16611],[105.70135,21.16472],[105.70137,21.16804],[105.70194,21.17292],[105.70266,21.17604],[105.70419,21.17931],[105.70738,21.18311],[105.70765,21.18393],[105.71187,21.18788],[105.71492,21.18375],[105.72492,21.17452]]]]}},
{"type":"Feature","id":"09552","properties":{"Ward_Code":"09552","Ward_Code_Num":9552,"Ward":"Kiến Hưng","Ward_Alt":"Kiến Hưng","Ward_Upper":"KIẾN HƯNG","Ward_Full":"Phường Kiến Hưng","Ward_Full_Alt":"Phường Kiến Hưng","Ward_Full_Upper_Alt":"PHƯỜNG KIẾN HƯNG","Ward_Type":"Phường","Province_Code":"01","Province":"Hà Nội","Province_Upper_Alt":"HÀ NỘI"},"geometry":{"type":"MultiPolygon","coordinates":[[[[105.80354,20.95941],[105.80191,20.95718],[105.80126,20.95798],[105.80052,20.95828],[105.79892,20.95742],[105.79816,20.95761],[105.79792,20.95717],[105.79747,20.9571],[105.79749,20.9557],[105.79478,20.95472],[105.79404,20.95191],[105.79425,20.9509],[105.79479,20.95052],[105.79186,20.9425],[105.75476,20.95455],[105.76919,20.96567],[105.7721,20.96241],[105.77218,20.95989],[105.77744,20.96408],[105.7779,20.96352],[105.77878,20.96319],[105.78302,20.96262],[105.78473,20.96314],[105.78475,20.9635],[105.78684,20.96327],[105.78662,20.9622],[105.787,20.96138],[105.78831,20.96099],[105.79032,20.95974],[105.79173,20.9594],[105.7953,20.96003],[105.79629,20.96112],[105.79614,20.96182],[105.79684,20.96338],[105.79734,20.96278],[105.80354,20.95941]]]]}},
{"type":"Feature","id":"09556","properties":{"Ward_Code":"09556","Ward_Code_Num":9556,"Ward":"Hà Đông","Ward_Alt":"Hà Đông","Ward_Upper":"HÀ ĐÔNG","Ward_Full":"Phường Hà Đông","Ward_Full_Alt":"Phường Hà Đông","Ward_Full_Upper_Alt":"PHƯỜNG HÀ ĐÔNG","Ward_Type":"Phường","Province_Code":"01","Province":"Hà Nội","Province_Upper_Alt":"HÀ NỘI"},"geometry":{"type":"MultiPolygon","coordinates":[[[[105.79238,20.98376],[105.79728,20.97793],[105.79867,20.97817],[105.79919,20.97533],[105.79639,20.97483],[105.79656,20.97378],[105.79489,20.97366],[105.79488,20.97411],[105.7937,20.97383],[105.79409,20.9729],[105.79394,20.97196],[105.79317,20.97056],[105.79208,20.96972],[105.79684,20.96338],[105.79614,20.96182],[105.79629,20.96112],[105.79484,20.9598],[105.79173,20.9594],[105.79032,20.95974],[105.78831,20.96099],[105.787,20.96138],[105.78662,20.9622],[105.78684,20.96327],[105.78475,20.9635],[105.78473,20.96314],[105.78302,20.96262],[105.77878,20.96319],[105.7779,20.96352],[105.77744,20.96408],[105.77218,20.95989],[105.7721,20.96241],[105.76919,20.96567],[105.76492,20.96233],[105.75366,20.96866],[105.75588,20.97159],[105.76397,20.97794],[105.76127,20.97986],[105.76414,20.98008],[105.76466,20.98286],[105.76611,20.98304],[105.76593,20.98456],[105.76694,20.98475],[105.76736,20.98342],[105.76916,20.98425],[105.77157,20.98593],[105.7721,20.98526],[105.77281,20.98579],[105.77337,20.98504],[105.77522,20.98595],[105.77609,20.98565],[105.78106,20.98908],[105.78183,20.98806],[105.78383,20.98691],[105.78355,20.9867],[105.78688,20.98553],[105.79106,20.98527],[105.79238,20.98376]]]]}},
{"type":"Feature","id":"09562","properties":{"Ward_Code":"09562","Ward_Code_Num":9562,"Ward":"Yên Nghĩa","Ward_Alt":"Yên Nghĩa","Ward_Upper":"YÊN NGHĨA","Ward_Full":"Phường Yên Nghĩa","Ward_Full_Alt":"Phường Yên Nghĩa","Ward_Full_Upper_Alt":"PHƯỜNG YÊN NGHĨA","Ward_Type":"Phường","Province_Code":"01","Province":"Hà Nội","Province_Upper_Alt":"HÀ NỘI"},"geometry":{"type":"MultiPolygon","coordinates":[[[[105.75476,20.95455],[105.75036,20.95122],[105.75117,20.95023],[105.74974,20.94885],[105.74936,20.94928],[105.74886,20.94883],[105.74821,20.94765],[105.74845,20.94761],[105.74668,20.9459],[105.74529,20.94552],[105.74624,20.9429],[105.74601,20.94278],[105.7464,20.93991],[105.74805,20.93962],[105.74789,20.9379],[105.74908,20.93783],[105.7495,20.93593],[105.74933,20.93504],[105.75132,20.93464],[105.74996,20.92871],[105.74908,20.92628],[105.75086,20.92618],[105.75146,20.92334],[105.75045,20.92317],[105.75078,20.92082],[105.75004,20.92071],[105.75005,20.92015],[105.74936,20.9201],[105.74875,20.92046],[105.74964,20.91664],[105.74204,20.91537],[105.74212,20.91373],[105.74149,20.91341],[105.74112,20.91265],[105.7407,20.91257],[105.73938,20.91332],[105.73929,20.91383],[105.73679,20.9142],[105.73643,20.91305],[105.73443,20.91383],[105.73209,20.91523],[105.73045,20.91748],[105.72989,20.92137],[105.73031,20.92384],[105.73013,20.9255],[105.73039,20.92702],[105.72983,20.93023],[105.72665,20.93827],[105.72478,20.94092],[105.72428,20.9411],[105.72381,20.94074],[105.72331,20.93781],[105.72177,20.9355],[105.72082,20.93488],[105.7192,20.93444],[105.7168,20.93459],[105.71519,20.93513],[105.71283,20.93687],[105.71168,20.93838],[105.71131,20.93979],[105.7117,20.94176],[105.71341,20.94411],[105.7143,20.94494],[105.71795,20.94685],[105.72258,20.94882],[105.72532,20.95115],[105.72584,20.95224],[105.7258,20.95375],[105.72503,20.95537],[105.73054,20.96092],[105.73163,20.95958],[105.73807,20.96328],[105.73989,20.96221],[105.74495,20.96017],[105.75161,20.95588],[105.75476,20.95455]]]]}},
{"type":"Feature","id":"09568","properties":{"Ward_Code":"09568","Ward_Code_Num":9568,"Ward":"Phú Lương","Ward_Alt":"Phú Lương","Ward_Upper":"PHÚ LƯƠNG","Ward_Full":"Phường Phú Lương","Ward_Full_Alt":"Phường Phú Lương","Ward_Full_Upper_Alt":"PHƯỜNG PHÚ LƯƠNG","Ward_Type":"Phường","Province_Code":"01","Province":"Hà Nội","Province_Upper_Alt":"HÀ NỘI"},"geometry":{"type":"MultiPolygon","coordinates":[[[[105.77234,20.94885],[105.79186,20.9425],[105.79045,20.93908],[105.78848,20.93974],[105.78797,20.93837],[105.78633,20.93891],[105.7856,20.93702],[105.78558,20.9358],[105.78358,20.93574],[105.78373,20.92848],[105.78118,20.92841],[105.78115,20.92906],[105.77898,20.929],[105.7784,20.92964],[105.77787,20.92922],[105.77686,20.93036],[105.77231,20.92688],[105.77401,20.92483],[105.77244,20.92371],[105.77268,20.92341],[105.77055,20.9226],[105.76784,20.92556],[105.76651,20.92407],[105.76459,20.92489],[105.76477,20.92541],[105.7602,20.9284],[105.7621,20.92992],[105.75939,20.93176],[105.75794,20.93051],[105.75786,20.93205],[105.75865,20.9323],[105.7579,20.93287],[105.75759,20.93286],[105.75767,20.93211],[105.75652,20.93225],[105.75697,20.93041],[105.75523,20.92985],[105.75446,20.93061],[105.75396,20.92979],[105.75211,20.93071],[105.75176,20.92973],[105.75019,20.93032],[105.75132,20.93464],[105.74933,20.93504],[105.7495,20.93593],[105.74908,20.93783],[105.74789,20.9379],[105.74805,20.93962],[105.7464,20.93991],[105.74601,20.94278],[105.74624,20.9429],[105.74529,20.94552],[105.74656,20.94579],[105.74845,20.94761],[105.74821,20.94765],[105.74886,20.94883],[105.74936,20.94928],[105.74974,20.94885],[105.75117,20.95023],[105.75036,20.95122],[105.75476,20.95455],[105.77234,20.94885]]]]}},
{"type":"Feature","id":"09574","properties":{"Ward_Code":"09574","Ward_Code_Num":9574,"Ward":"Sơn Tây","Ward_Alt":"Sơn Tây","Ward_Upper":"SƠN TÂY","Ward_Full":"Phường Sơn Tây","Ward_Full_Alt":"Phường Sơn Tây","Ward_Full_Upper_Alt":"PHƯỜNG SƠN TÂY","Ward_Type":"Phường","Province_Code":"01","Province":"Hà Nội","Province_Upper_Alt":"HÀ NỘI"},"geometry":{"type":"MultiPolygon","coordinates":[[[[105.47882,21.1691],[105.4866,21.16292],[105.49272,21.16023],[105.49695,21.15917],[105.51564,21.15651],[105.51515,21.1524],[105.51692,21.15215],[105.51698,21.15123],[105.51614,21.14795],[105.51667,21.14781],[105.51558,21.14488],[105.51621,21.14014],[105.51663,21.14019],[105.51702,21.13959],[105.52104,21.13922],[105.52134,21.13755],[105.52223,21.1356],[105.5244,21.13508],[105.52463,21.13385],[105.52372,21.13385],[105.52178,21.13311],[105.52038,21.13177],[105.51992,21.13083],[105.52008,21.12989],[105.51876,21.12915],[105.51925,21.12863],[105.51898,21.12845],[105.51848,21.12866],[105.51872,21.12884],[105.51795,21.12966],[105.5173,21.12911],[105.51695,21.12953],[105.51632,21.12916],[105.51622,21.12823],[105.51588,21.12798],[105.51478,21.12905],[105.51429,21.12857],[105.51357,21.12869],[105.51292,21.12765],[105.51264,21.12581],[105.51051,21.12364],[105.5092,21.12409],[105.50858,21.12475],[105.50797,21.12475],[105.50748,21.12352],[105.50603,21.12401],[105.50478,21.12323],[105.5054,21.1203],[105.50339,21.11783],[105.50246,21.11845],[105.50084,21.11764],[105.50003,21.11907],[105.49914,21.11868],[105.49846,21.11758],[105.49766,21.11702],[105.4992,21.11639],[105.49917,21.1161],[105.49865,21.11602],[105.49784,21.11525],[105.49828,21.11365],[105.498,21.11317],[105.49662,21.11327],[105.49633,21.11281],[105.49537,21.11275],[105.49535,21.11642],[105.49169,21.12153],[105.49103,21.12419],[105.48877,21.12727],[105.48591,21.13032],[105.48432,21.13296],[105.48008,21.13178],[105.47677,21.13201],[105.46246,21.13778],[105.45898,21.1384],[105.45933,21.14104],[105.45906,21.14126],[105.45945,21.14156],[105.45804,21.1428],[105.45725,21.14402],[105.45703,21.14421],[105.45651,21.14339],[105.45641,21.14236],[105.45606,21.14231],[105.4559,21.14352],[105.45488,21.1447],[105.45286,21.14588],[105.45159,21.14626],[105.45062,21.14746],[105.45134,21.1479],[105.45244,21.1466],[105.45406,21.14619],[105.45602,21.14507],[105.45614,21.14584],[105.45735,21.14637],[105.45787,21.14754],[105.45744,21.14795],[105.45812,21.14899],[105.45859,21.14886],[105.45864,21.14915],[105.45901,21.14917],[105.4594,21.14997],[105.46102,21.15],[105.46091,21.15101],[105.46142,21.1522],[105.46051,21.15327],[105.46053,21.15363],[105.46147,21.15365],[105.46142999999999,21.15419],[105.46213,21.15532],[105.46198,21.15636],[105.4637,21.1558],[105.46431,21.15694],[105.46399,21.15706],[105.46349,21.15848],[105.46299,21.15878],[105.46315,21.15925],[105.46414,21.1601],[105.46459,21.15979],[105.46472,21.16014],[105.46622,21.16092],[105.46557,21.16137],[105.46505,21.16233],[105.46546,21.16253],[105.4658,21.16193],[105.4663,21.16224],[105.46621,21.16282],[105.46663,21.16326],[105.46729,21.16346],[105.46694,21.16538],[105.46733,21.16577],[105.46672,21.1661],[105.46732,21.16725],[105.46701,21.16812],[105.46735,21.16856],[105.46784,21.16893],[105.4692,21.16785],[105.46991,21.16903],[105.4754,21.1721],[105.47882,21.1691]]]]}},
{"type":"Feature","id":"09604","properties":{"Ward_Code":"09604","Ward_Code_Num":9604,"Ward":"Tùng Thiện","Ward_Alt":"Tùng Thiện","Ward_Upper":"TÙNG THIỆN","Ward_Full":"Phường Tùng Thiện","Ward_Full_Alt":"Phường Tùng Thiện","Ward_Full_Upper_Alt":"PHƯỜNG TÙNG THIỆN","Ward_Type":"Phường","Province_Code":"01","Province":"Hà Nội","Province_Upper_Alt":"HÀ NỘI"},"geometry":{"type":"MultiPolygon","coordinates":[[[[105.45356,21.14541],[105.45552,21.14408],[105.4559,21.14352],[105.45606,21.14231],[105.45641,21.14236],[105.45651,21.14339],[105.45703,21.14421],[105.45804,21.1428],[105.45939,21.14167],[105.45906,21.14126],[105.45933,21.14104],[105.45898,21.1384],[105.46246,21.13778],[105.47677,21.13201],[105.48008,21.13178],[105.48432,21.13296],[105.48591,21.13032],[105.48877,21.12727],[105.49103,21.12419],[105.49169,21.12153],[105.49535,21.11642],[105.49537,21.11275],[105.49633,21.11281],[105.49662,21.11327],[105.49803,21.11321],[105.49828,21.11365],[105.49784,21.11525],[105.49865,21.11602],[105.49917,21.1161],[105.4992,21.11639],[105.49766,21.11702],[105.49942,21.11889],[105.50003,21.11907],[105.50084,21.11764],[105.50246,21.11845],[105.5028,21.11799],[105.50319,21.11802],[105.50339,21.11783],[105.50308,21.11717],[105.50178,21.11682],[105.50236,21.1162],[105.50186,21.11566],[105.50283,21.11509],[105.5025,21.11445],[105.50189,21.11451],[105.50201,21.11386],[105.50119,21.11391],[105.50056,21.11299],[105.50156,21.11201],[105.5018,21.11139],[105.50144,21.11131],[105.50153,21.11027],[105.50234,21.10997],[105.5027,21.10862],[105.50236,21.10839],[105.50329,21.10713],[105.50612,21.10702],[105.50554,21.10473],[105.50634,21.1038],[105.50547,21.10169],[105.50364,21.09997],[105.5033,21.09996],[105.50277,21.09899],[105.50183,21.09908],[105.5002,21.09821],[105.49949,21.0985],[105.49774,21.09766],[105.4979,21.09711],[105.4965,21.09598],[105.49631,21.09522],[105.49345,21.09582],[105.49358,21.09505],[105.49312,21.09476],[105.49312,21.09414],[105.49198,21.0947],[105.4907,21.0936],[105.4885,21.0934],[105.48792,21.09379],[105.48818,21.0946],[105.48767,21.0959],[105.48779,21.09665],[105.48738,21.09675],[105.48727,21.0975],[105.48795,21.09748],[105.48805,21.09788],[105.48755,21.09879],[105.488,21.10016],[105.48802,21.10159],[105.48826,21.10168],[105.4865,21.1027],[105.4861,21.1033],[105.485,21.10316],[105.48458,21.10443],[105.48519,21.10482],[105.48449,21.10543],[105.48056,21.10453],[105.4788,21.10503],[105.47775,21.10614],[105.47769,21.10572],[105.47654,21.10561],[105.47582,21.10516],[105.47611,21.10485],[105.47575,21.10457],[105.47477,21.10424],[105.47497,21.10358],[105.47564,21.10341],[105.47508,21.10232],[105.4726,21.10361],[105.47238,21.1034],[105.4726,21.10277],[105.4719,21.10256],[105.47052,21.10034],[105.46985,21.10029],[105.47026,21.10137],[105.4703,21.10322],[105.46057,21.10321],[105.4603,21.10229],[105.45984,21.10188],[105.45724,21.1015],[105.45635,21.10077],[105.45516,21.10034],[105.45322,21.10011],[105.45213,21.09962],[105.4514,21.09989],[105.45064,21.09955],[105.44896,21.10073],[105.4488,21.10152],[105.4466,21.10127],[105.44274,21.09893],[105.44202,21.09979],[105.44134,21.10188],[105.44008,21.10232],[105.44017,21.10268],[105.44154,21.10356],[105.44118,21.10391],[105.44209,21.10474],[105.4419,21.10498],[105.44072,21.10451],[105.43756,21.10228],[105.43464,21.10109],[105.43406,21.10113],[105.43027,21.10387],[105.42878,21.10367],[105.42861,21.10396],[105.42832,21.10367],[105.42794,21.104],[105.4268,21.10357],[105.42579,21.10405],[105.42549,21.10503],[105.42382,21.10466],[105.42399,21.10546],[105.431,21.10677],[105.43062,21.10917],[105.43146,21.10944],[105.43123,21.10992],[105.43042,21.10977],[105.42988,21.11049],[105.42963,21.11371],[105.43009,21.11595],[105.42958,21.11692],[105.42969,21.11766],[105.43075,21.11892],[105.43125,21.12014],[105.42812,21.12079],[105.42685,21.12163],[105.4254,21.12205],[105.42468,21.12448],[105.42452,21.12676],[105.42341,21.1274],[105.42321,21.12944],[105.42163,21.12965],[105.42084,21.13176],[105.41938,21.13177],[105.41794,21.13475],[105.41576,21.13464],[105.41456,21.13524],[105.41529,21.13609],[105.41514,21.13793],[105.41786,21.13967],[105.41873,21.14345],[105.4197,21.14458],[105.42047,21.1436],[105.42259,21.14411],[105.42377,21.14547],[105.42785,21.14722],[105.4319,21.15055],[105.43414,21.15147],[105.43606,21.14939],[105.4383,21.14911],[105.44,21.14932],[105.44036,21.14837],[105.44145,21.14838],[105.44254,21.14886],[105.44393,21.14826],[105.4448,21.14862],[105.44553,21.14851],[105.44586,21.14844],[105.44607,21.14641],[105.44908,21.14678],[105.44966,21.14548],[105.44861,21.14396],[105.44993,21.14353],[105.45073,21.14275],[105.45094,21.14305],[105.45074,21.1434],[105.45206,21.14406],[105.45272,21.14364],[105.45224,21.14491],[105.45356,21.14541]]]]}},
{"type":"Feature","id":"09616","properties":{"Ward_Code":"09616","Ward_Code_Num":9616,"Ward":"Đoài Phương","Ward_Alt":"Đoài Phương","Ward_Upper":"ĐOÀI PHƯƠNG","Ward_Full":"Xã Đoài Phương","Ward_Full_Alt":"Xã Đoài Phương","Ward_Full_Upper_Alt":"XÃ ĐOÀI PHƯƠNG","Ward_Type":"Xã","Province_Code":"01","Province":"Hà Nội","Province_Upper_Alt":"HÀ NỘI"},"geometry":{"type":"MultiPolygon","coordinates":[[[[105.53438,21.05715],[105.53386,21.05547],[105.53482,21.05577],[105.53579,21.05528],[105.53488,21.05514],[105.53431,21.05469],[105.5351,21.05385],[105.53414,21.05375],[105.53348,21.05306],[105.5315,21.05199],[105.53178,21.05169],[105.53271,21.05198],[105.5334,21.05148],[105.53423,21.05184],[105.53487,21.05165],[105.53451,21.05037],[105.53356,21.0506],[105.53334,21.05047],[105.5335,21.04997],[105.53313,21.04975],[105.53243,21.04956],[105.53175,21.04999],[105.52994,21.04913],[105.53073,21.04879],[105.53083,21.04846],[105.52982,21.048],[105.52903,21.0481],[105.5293,21.04674],[105.52837,21.04658],[105.52818,21.04596],[105.52832,21.04536],[105.52892,21.04536],[105.52946,21.04444],[105.52826,21.04309],[105.5276,21.04354],[105.52672,21.04336],[105.52555,21.04042],[105.52366,21.0395],[105.52232,21.03734],[105.52086,21.03663],[105.52027,21.03571],[105.51912,21.03593],[105.51715,21.03571],[105.51717,21.03295],[105.5155,21.03295],[105.51137,21.04028],[105.50489,21.0489],[105.50122,21.04821],[105.49681,21.04648],[105.48842,21.04173],[105.48623,21.0398],[105.46891,21.02195],[105.46547,21.02404],[105.46324,21.0259],[105.46343,21.02621],[105.46194,21.02732],[105.46069,21.02918],[105.4572,21.03222],[105.45688,21.0328],[105.45812,21.03879],[105.45829,21.05513],[105.45981,21.05665],[105.46052,21.05676],[105.46132,21.0578],[105.46104,21.05905],[105.46126,21.06006],[105.46098,21.06046],[105.46125,21.06068],[105.4611,21.0613],[105.46151,21.06152],[105.46178,21.06245],[105.46124,21.06278],[105.46088,21.06439],[105.46161,21.06588],[105.46224,21.06599],[105.46295,21.06674],[105.46428,21.06684],[105.4646,21.06718],[105.46425,21.07014],[105.46453,21.07059],[105.46525,21.07078],[105.46579,21.07212],[105.46516,21.07256],[105.46476,21.07207],[105.46502,21.07114],[105.46305,21.07105],[105.46059,21.06829],[105.46051,21.06785],[105.46121,21.06626],[105.46036,21.06562],[105.46056,21.06484],[105.45967,21.06296],[105.45904,21.0591],[105.45924,21.0587],[105.45866,21.05789],[105.45748,21.05799],[105.4576,21.0585],[105.45698,21.05934],[105.45524,21.05987],[105.45724,21.06047],[105.45806,21.06168],[105.45793,21.06209],[105.45742,21.0622],[105.45751,21.06266],[105.45869,21.06377],[105.4588,21.06343],[105.45902,21.06361],[105.45973,21.06684],[105.45924,21.06793],[105.45915,21.06911],[105.45993,21.07026],[105.45941,21.07067],[105.4573,21.06868],[105.45684,21.06734],[105.45644,21.06728],[105.45625,21.06682],[105.4558,21.06689],[105.45477,21.06502],[105.45489,21.064],[105.45425,21.06343],[105.45347,21.06341],[105.4544,21.06731],[105.45386,21.06702],[105.45372,21.06617],[105.45177,21.06542],[105.44898,21.06304],[105.44851,21.06318],[105.44807,21.06287],[105.44662,21.06357],[105.44534,21.06277],[105.44521,21.06229],[105.44016,21.06645],[105.44088,21.06655],[105.44037,21.06734],[105.43979,21.06762],[105.43995,21.06811],[105.43907,21.06976],[105.44076,21.07148],[105.44051,21.07249],[105.44158,21.07405],[105.44092,21.0757],[105.44056,21.07563],[105.44045,21.07691],[105.43914,21.07797],[105.43892,21.07969],[105.44103,21.08004],[105.44067,21.0818],[105.43963,21.08182],[105.43866,21.08235],[105.4388,21.08318],[105.43952,21.0832],[105.43959,21.084],[105.44056,21.08406],[105.4407,21.08568],[105.43953,21.0871],[105.43964,21.0882],[105.44052,21.08943],[105.44062,21.09069],[105.44138,21.09205],[105.44331,21.09304],[105.44527,21.095],[105.44462,21.09574],[105.44239,21.09678],[105.4412,21.09775],[105.4466,21.10127],[105.4488,21.10152],[105.44896,21.10073],[105.45016,21.09974],[105.45077,21.09955],[105.4514,21.09989],[105.45213,21.09962],[105.45322,21.10011],[105.45585,21.10056],[105.45724,21.1015],[105.4596,21.10176],[105.4603,21.10229],[105.46057,21.10321],[105.4703,21.10322],[105.47026,21.10137],[105.46985,21.10029],[105.47052,21.10034],[105.4719,21.10256],[105.4726,21.10277],[105.47244,21.10354],[105.47307,21.10349],[105.47508,21.10232],[105.47564,21.10341],[105.47497,21.10358],[105.47477,21.10424],[105.47575,21.10457],[105.47611,21.10485],[105.47582,21.10516],[105.47654,21.10561],[105.47769,21.10572],[105.47795,21.10615],[105.47853,21.10521],[105.48002,21.10459],[105.48104,21.10455],[105.48272,21.10518],[105.48454,21.10541],[105.48519,21.10482],[105.48458,21.10443],[105.485,21.10316],[105.4861,21.1033],[105.4865,21.1027],[105.48826,21.10168],[105.48802,21.10159],[105.488,21.10016],[105.48755,21.09879],[105.48805,21.09788],[105.48795,21.09748],[105.48727,21.0975],[105.48738,21.09675],[105.48779,21.09665],[105.48767,21.0959],[105.48818,21.0946],[105.48792,21.09379],[105.4885,21.0934],[105.4907,21.0936],[105.49198,21.0947],[105.49312,21.09414],[105.49312,21.09476],[105.49358,21.09505],[105.49345,21.09582],[105.49631,21.09522],[105.4965,21.09598],[105.4979,21.09711],[105.49774,21.09766],[105.49949,21.0985],[105.5005,21.09835],[105.50071,21.0979],[105.50116,21.09805],[105.50184,21.09756],[105.50197,21.09658],[105.5013,21.09629],[105.50126,21.09589],[105.50181,21.09571],[105.50196,21.09525],[105.50271,21.0955],[105.50366,21.09514],[105.50559,21.0956],[105.50743,21.0965],[105.50726,21.09749],[105.50802,21.09773],[105.51048,21.09533],[105.51178,21.09535],[105.5114,21.09449],[105.51105,21.09428],[105.51041,21.09449],[105.51027,21.0939],[105.51141,21.09349],[105.51215,21.09175],[105.51447,21.09017],[105.51538,21.09049],[105.51562,21.09095],[105.5154,21.09144],[105.5161,21.09199],[105.5169,21.09191],[105.51688,21.09222],[105.51735,21.0918],[105.51736,21.09066],[105.51777,21.09032],[105.51822,21.09018],[105.51945,21.09059],[105.52077,21.08995],[105.52178,21.09025],[105.522,21.0896],[105.52296,21.08904],[105.52348,21.08905],[105.52359,21.08942],[105.52411,21.08902],[105.52493,21.08928],[105.52515,21.08867],[105.52492,21.08838],[105.52352,21.08831],[105.52318,21.08789],[105.52392,21.08656],[105.52352,21.08479],[105.52391,21.08376],[105.52439,21.08339],[105.52696,21.08302],[105.52957,21.08213],[105.53076,21.08054],[105.53218,21.08064],[105.53187,21.0781],[105.53249,21.07619],[105.53302,21.07602],[105.53298,21.07505],[105.532,21.07506],[105.53244,21.07411],[105.53511,21.07482],[105.53527,21.07401],[105.53788,21.07307],[105.538,21.07265],[105.53775,21.07258],[105.53588,21.0727],[105.5352,21.07237],[105.53531,21.07153],[105.53612,21.07081],[105.53501,21.0701],[105.53446,21.07059],[105.53364,21.07055],[105.53132,21.06937],[105.53019,21.06664],[105.52977,21.06625],[105.53037,21.06505],[105.52901,21.06383],[105.53066,21.06331],[105.53087,21.06302],[105.53046,21.06267],[105.53079,21.06227],[105.5306,21.06215],[105.53179,21.06112],[105.53317,21.06118],[105.53368,21.06068],[105.53402,21.06111],[105.53441,21.06094],[105.53356,21.05874],[105.53428,21.05803],[105.53438,21.05715]]]]}},
{"type":"Feature","id":"09619","properties":{"Ward_Code":"09619","Ward_Code_Num":9619,"Ward":"Quảng Oai","Ward_Alt":"Quảng Oai","Ward_Upper":"QUẢNG OAI","Ward_Full":"Xã Quảng Oai","Ward_Full_Alt":"Xã Quảng Oai","Ward_Full_Upper_Alt":"XÃ QUẢNG OAI","Ward_Type":"Xã","Province_Code":"01","Province":"Hà Nội","Province_Upper_Alt":"HÀ NỘI"},"geometry":{"type":"MultiPolygon","coordinates":[[[[105.4677,21.17986],[105.46774,21.17796],[105.47145,21.17565],[105.4754,21.1721],[105.46991,21.16903],[105.4692,21.16785],[105.46784,21.16893],[105.46706,21.16826],[105.46732,21.16725],[105.46672,21.1661],[105.46733,21.16577],[105.46694,21.16538],[105.46729,21.16346],[105.46663,21.16326],[105.46621,21.16282],[105.4663,21.16224],[105.4658,21.16193],[105.46546,21.16253],[105.46505,21.16233],[105.46557,21.16137],[105.46622,21.16092],[105.46472,21.16014],[105.46459,21.15979],[105.46414,21.1601],[105.46311,21.15919],[105.46299,21.15878],[105.46349,21.15848],[105.46399,21.15706],[105.46431,21.15694],[105.4637,21.1558],[105.46198,21.15636],[105.46213,21.15532],[105.46142999999999,21.15419],[105.46147,21.15365],[105.46053,21.15363],[105.46051,21.15327],[105.46142,21.1522],[105.46091,21.15101],[105.46102,21.15],[105.4594,21.14997],[105.45901,21.14917],[105.45864,21.14915],[105.45859,21.14886],[105.45812,21.14899],[105.45744,21.14795],[105.45787,21.14754],[105.45735,21.14637],[105.45614,21.14584],[105.45602,21.14507],[105.45406,21.14619],[105.45244,21.1466],[105.45134,21.1479],[105.45062,21.14746],[105.45109,21.14663],[105.45356,21.14541],[105.45224,21.14491],[105.45272,21.14364],[105.45206,21.14406],[105.45074,21.1434],[105.45094,21.14305],[105.45073,21.14275],[105.44993,21.14353],[105.44861,21.14396],[105.44966,21.14548],[105.44908,21.14678],[105.44607,21.14641],[105.44586,21.14844],[105.4448,21.14862],[105.44393,21.14826],[105.44254,21.14886],[105.44145,21.14838],[105.44036,21.14837],[105.44,21.14932],[105.4383,21.14911],[105.43606,21.14939],[105.43414,21.15147],[105.43354,21.15135],[105.4319,21.15055],[105.42785,21.14722],[105.42377,21.14547],[105.42259,21.14411],[105.42047,21.1436],[105.41966,21.14455],[105.41847,21.14287],[105.41786,21.13967],[105.41514,21.13793],[105.41529,21.13609],[105.41456,21.13524],[105.41172,21.13789],[105.4109,21.13777],[105.40947,21.1385],[105.40824,21.13872],[105.40846,21.14015],[105.40809,21.14163],[105.40605,21.14453],[105.40635,21.14584],[105.40588,21.14654],[105.40421,21.14593],[105.40484,21.1448],[105.40429,21.14385],[105.40384,21.14373],[105.40338,21.14374],[105.40289,21.14443],[105.4008,21.14569],[105.40033,21.14626],[105.40046,21.14739],[105.3998,21.1472],[105.3986,21.14886],[105.39914,21.14958],[105.39838,21.14987],[105.39809,21.15087],[105.39603,21.15238],[105.3959,21.15299],[105.39518,21.15331],[105.39524,21.15424],[105.39473,21.15454],[105.39417,21.15401],[105.39359,21.15421],[105.39389,21.15598],[105.39334,21.155639999999998],[105.39265,21.156],[105.39254,21.15523],[105.39198,21.15512],[105.39107,21.15575],[105.39081,21.15643],[105.39121,21.15672],[105.39087,21.15698],[105.38983,21.15659],[105.38924,21.15709],[105.38818,21.15724],[105.38633,21.15818],[105.38519,21.16048],[105.38533,21.16078],[105.38455,21.16121],[105.38309,21.16454],[105.38178,21.16541],[105.37838,21.16644],[105.37657,21.16653],[105.37478,21.17003],[105.37452,21.17143],[105.37632,21.17386],[105.37681,21.17402],[105.37784,21.17381],[105.37918,21.17297],[105.38034,21.17304],[105.38322,21.17597],[105.38306,21.17694],[105.38337,21.17732],[105.38494,21.17709],[105.38628,21.17748],[105.39119,21.17775],[105.39167,21.17826],[105.39179,21.17937],[105.39111,21.18029],[105.3922,21.1808],[105.39228,21.18136],[105.39318,21.18134],[105.3938,21.17984],[105.39569,21.17986],[105.39632,21.18035],[105.39702,21.18176],[105.4,21.18278],[105.40143,21.1826],[105.40422,21.1841],[105.4039,21.18507],[105.40326,21.18514],[105.40269,21.1858],[105.40316,21.1872],[105.40352,21.18734],[105.40378,21.186889999999998],[105.40431,21.18676],[105.40513,21.18794],[105.40722,21.18826],[105.40829,21.18943],[105.40954,21.19021],[105.41059,21.19179],[105.4106,21.19252],[105.40847,21.1957],[105.41224,21.19912],[105.41455,21.20187],[105.41457,21.20242],[105.41366,21.20375],[105.41341,21.20507],[105.41542,21.20739],[105.41731,21.20538],[105.42018,21.20741],[105.42013,21.20795],[105.42111,21.20846],[105.42038,21.21088],[105.41909,21.21296],[105.4203,21.2156],[105.41883,21.21643],[105.41766,21.21763],[105.41758,21.2181],[105.41974,21.21915],[105.42076,21.21658],[105.42407,21.21584],[105.42391,21.21466],[105.428,21.2146],[105.42962,21.21395],[105.43787,21.21654],[105.43712,21.22359],[105.43938,21.22529],[105.44238,21.22941],[105.44107,21.21963],[105.44141,21.21105],[105.44175,21.20915],[105.44286,21.20629],[105.44431,21.20392],[105.44634,21.20157],[105.4677,21.17986]]]]}},
{"type":"Feature","id":"09634","properties":{"Ward_Code":"09634","Ward_Code_Num":9634,"Ward":"Cổ Đô","Ward_Alt":"Cổ Đô","Ward_Upper":"CỔ ĐÔ","Ward_Full":"Xã Cổ Đô","Ward_Full_Alt":"Xã Cổ Đô","Ward_Full_Upper_Alt":"XÃ CỔ ĐÔ","Ward_Type":"Xã","Province_Code":"01","Province":"Hà Nội","Province_Upper_Alt":"HÀ NỘI"},"geometry":{"type":"MultiPolygon","coordinates":[[[[105.39312,21.30567],[105.4113,21.29903],[105.41585,21.29699],[105.42963,21.28898],[105.43523,21.28658],[105.43938,21.28164],[105.44319,21.27131],[105.44362,21.26909],[105.44442,21.25835],[105.44558,21.2518],[105.4395,21.25105],[105.43521,21.25224],[105.43475,21.2511],[105.43386,21.25132],[105.43337,21.25042],[105.4326,21.2506],[105.4318,21.24671],[105.42947,21.24358],[105.42668,21.24274],[105.42521,21.24294],[105.42515,21.24236],[105.42334,21.24198],[105.41529,21.2384],[105.41172,21.2402],[105.41186,21.24061],[105.40669,21.2409],[105.40478,21.24041],[105.40331,21.24085],[105.4028,21.24138],[105.39542,21.23781],[105.39073,21.24071],[105.38912,21.24016],[105.38805,21.24017],[105.3846,21.2366],[105.37701,21.24214],[105.37234,21.24497],[105.37162,21.2468],[105.3699,21.24425],[105.36922,21.24424],[105.36928,21.24379],[105.36802,21.24368],[105.36798,21.24438],[105.36641,21.24506],[105.36644,21.24482],[105.36493,21.24413],[105.36389,21.24406],[105.36357,21.24478],[105.36308,21.24493],[105.36306,21.24435],[105.36262,21.24423],[105.3623,21.24456],[105.36247,21.24545],[105.36195,21.2453],[105.36096,21.24409],[105.3603,21.24476],[105.36006,21.24428],[105.35895,21.24476],[105.3594,21.24375],[105.35866,21.24382],[105.35778,21.2431],[105.35678,21.24289],[105.35548,21.2448],[105.35344,21.2458],[105.35202,21.23959],[105.34729,21.22652],[105.35201,21.23959],[105.35335,21.2451],[105.35407,21.25213],[105.35249,21.25954],[105.35235,21.27006],[105.35387,21.27986],[105.35702,21.28973],[105.36217,21.28493],[105.37428,21.29217],[105.37516,21.29546],[105.38769,21.30352],[105.39196,21.30567],[105.39312,21.30567]]]]}},
{"type":"Feature","id":"09661","properties":{"Ward_Code":"09661","Ward_Code_Num":9661,"Ward":"Minh Châu","Ward_Alt":"Minh Châu","Ward_Upper":"MINH CHÂU","Ward_Full":"Xã Minh Châu","Ward_Full_Alt":"Xã Minh Châu","Ward_Full_Upper_Alt":"XÃ MINH CHÂU","Ward_Type":"Xã","Province_Code":"01","Province":"Hà Nội","Province_Upper_Alt":"HÀ NỘI"},"geometry":{"type":"MultiPolygon","coordinates":[[[[105.46244,21.20606],[105.4639,21.20636],[105.46443,21.20338],[105.46306,21.2031],[105.4639,21.2013],[105.46449,21.20075],[105.46636,21.20098],[105.4677,21.17986],[105.44634,21.20157],[105.44431,21.20392],[105.44286,21.20629],[105.44175,21.20915],[105.44141,21.21105],[105.44107,21.21963],[105.44247,21.2301],[105.44636,21.2443],[105.45162,21.23787],[105.45132,21.23763],[105.45856,21.22584],[105.46234,21.2146],[105.46209,21.21452],[105.46326,21.20871],[105.46144,21.20815],[105.46244,21.20606]]]]}},
{"type":"Feature","id":"09664","properties":{"Ward_Code":"09664","Ward_Code_Num":9664,"Ward":"Vật Lại","Ward_Alt":"Vật Lại","Ward_Upper":"VẬT LẠI","Ward_Full":"Xã Vật Lại","Ward_Full_Alt":"Xã Vật Lại","Ward_Full_Upper_Alt":"XÃ VẬT LẠI","Ward_Type":"Xã","Province_Code":"01","Province":"Hà Nội","Province_Upper_Alt":"HÀ NỘI"},"geometry":{"type":"MultiPolygon","coordinates":[[[[105.43886,21.25118],[105.44558,21.2518],[105.44636,21.2443],[105.44238,21.22941],[105.43938,21.22529],[105.43712,21.22359],[105.43787,21.21654],[105.42962,21.21395],[105.428,21.2146],[105.42391,21.21466],[105.42407,21.21584],[105.42076,21.21658],[105.41974,21.21915],[105.41758,21.2181],[105.41766,21.21763],[105.41883,21.21643],[105.4203,21.2156],[105.41909,21.21296],[105.42038,21.21088],[105.42111,21.20846],[105.42013,21.20795],[105.42018,21.20741],[105.41731,21.20538],[105.41542,21.20739],[105.41341,21.20507],[105.41366,21.20375],[105.41457,21.20242],[105.41455,21.20187],[105.41224,21.19912],[105.40847,21.1957],[105.4106,21.19252],[105.41059,21.19179],[105.40954,21.19021],[105.40829,21.18943],[105.40722,21.18826],[105.40513,21.18794],[105.40431,21.18676],[105.40378,21.186889999999998],[105.40352,21.18734],[105.40316,21.1872],[105.40269,21.1858],[105.40326,21.18514],[105.4039,21.18507],[105.40422,21.1841],[105.40143,21.1826],[105.4,21.18278],[105.39702,21.18176],[105.39632,21.18035],[105.39569,21.17986],[105.3938,21.17984],[105.39318,21.18134],[105.39228,21.18136],[105.3922,21.1808],[105.39111,21.18029],[105.39172,21.17965],[105.39179,21.17861],[105.39094,21.17763],[105.38816,21.17765],[105.3847,21.17708],[105.38337,21.17732],[105.38306,21.17694],[105.38322,21.17597],[105.38034,21.17304],[105.37918,21.17297],[105.37708,21.17406],[105.37632,21.17386],[105.37452,21.17143],[105.37409,21.17225],[105.37414,21.17304],[105.37343,21.17389],[105.37296,21.17687],[105.37266,21.18229],[105.37381,21.18637],[105.37358,21.18692],[105.36876,21.1916],[105.36915,21.19867],[105.35786,21.1998],[105.3563,21.19969],[105.35357,21.20111],[105.35274,21.20203],[105.34996,21.20756],[105.34914,21.20747],[105.34933,21.20789],[105.34696,21.2082],[105.34619,21.20821],[105.34561,21.20772],[105.33927,21.21004],[105.34374,21.21981],[105.34729,21.22652],[105.35202,21.23959],[105.35344,21.2458],[105.35548,21.2448],[105.35678,21.24289],[105.35778,21.2431],[105.35866,21.24382],[105.3594,21.24375],[105.35895,21.24476],[105.36006,21.24428],[105.3603,21.24476],[105.36096,21.24409],[105.36195,21.2453],[105.36247,21.24545],[105.3623,21.24456],[105.36262,21.24423],[105.36306,21.24435],[105.36308,21.24493],[105.36357,21.24478],[105.36389,21.24406],[105.36493,21.24413],[105.36644,21.24482],[105.36641,21.24506],[105.36798,21.24438],[105.36802,21.24368],[105.36928,21.24379],[105.36922,21.24424],[105.3699,21.24425],[105.37162,21.2468],[105.37234,21.24497],[105.37701,21.24214],[105.3846,21.2366],[105.38805,21.24017],[105.38912,21.24016],[105.39073,21.24071],[105.39542,21.23781],[105.4028,21.24138],[105.40331,21.24085],[105.40478,21.24041],[105.40669,21.2409],[105.41186,21.24061],[105.41172,21.2402],[105.41529,21.2384],[105.42334,21.24198],[105.42515,21.24236],[105.42521,21.24294],[105.42668,21.24274],[105.42947,21.24358],[105.4318,21.24671],[105.4326,21.2506],[105.43337,21.25042],[105.43386,21.25132],[105.43475,21.2511],[105.43521,21.25224],[105.43886,21.25118]]]]}},
{"type":"Feature","id":"09676","properties":{"Ward_Code":"09676","Ward_Code_Num":9676,"Ward":"Bất Bạt","Ward_Alt":"Bất Bạt","Ward_Upper":"BẤT BẠT","Ward_Full":"Xã Bất Bạt","Ward_Full_Alt":"Xã Bất Bạt","Ward_Full_Upper_Alt":"XÃ BẤT BẠT","Ward_Type":"Xã","Province_Code":"01","Province":"Hà Nội","Province_Upper_Alt":"HÀ NỘI"},"geometry":{"type":"MultiPolygon","coordinates":[[[[105.34405,21.20825],[105.34561,21.20772],[105.34619,21.20821],[105.34696,21.2082],[105.34933,21.20789],[105.34914,21.20747],[105.34996,21.20756],[105.35274,21.20203],[105.35357,21.20111],[105.3563,21.19969],[105.35786,21.1998],[105.36915,21.19867],[105.36876,21.1916],[105.37375,21.18657],[105.37267,21.18244],[105.37296,21.17687],[105.37343,21.17389],[105.37414,21.17304],[105.37409,21.17225],[105.37477,21.17093],[105.37478,21.17003],[105.37657,21.16653],[105.37068,21.15808],[105.37046,21.15011],[105.36788,21.14674],[105.36617,21.14094],[105.36347,21.1399],[105.36354,21.13824],[105.36028,21.13855],[105.35762,21.13832],[105.35527,21.1393],[105.3542,21.13911],[105.35317,21.14001],[105.35045,21.14081],[105.3489,21.14094],[105.34823,21.14175],[105.34677,21.14538],[105.3456,21.1462],[105.34434,21.14487],[105.34352,21.14283],[105.34202,21.14219],[105.34074,21.14118],[105.33905,21.1413],[105.33647,21.14336],[105.33721,21.14606],[105.33425,21.148],[105.3336,21.14741],[105.33227,21.14739],[105.33016,21.1483],[105.32831,21.1467],[105.32822,21.14518],[105.32765,21.14433],[105.3267,21.1448],[105.32604,21.1439],[105.32382,21.14514],[105.3221,21.14326],[105.31866,21.14224],[105.31984,21.14026],[105.31967,21.1391],[105.32189,21.13773],[105.32246,21.13689],[105.32109,21.1367],[105.32018,21.13619],[105.31969,21.13532],[105.31835,21.13481],[105.31831,21.13422],[105.31873,21.13345],[105.32002,21.13243],[105.31966,21.13166],[105.32023,21.13106],[105.32062,21.12966],[105.32148,21.12837],[105.32158,21.12715],[105.32218,21.12637],[105.32309,21.12593],[105.32363,21.12289],[105.32767,21.12168],[105.32971,21.12172],[105.33061,21.12063],[105.33066,21.11875],[105.33111,21.11731],[105.33264,21.11584],[105.33124,21.11298],[105.32597,21.114],[105.32546,21.11375],[105.32384,21.11118],[105.32266,21.1107],[105.32011,21.11083],[105.32005,21.10725],[105.31913,21.1013],[105.31829,21.09706],[105.3167,21.09277],[105.31438,21.08837],[105.30696,21.08028],[105.30381,21.07568],[105.30122,21.07046],[105.3038,21.07567],[105.30695,21.08028],[105.31438,21.08836],[105.31684,21.09309],[105.31828,21.09706],[105.3198,21.10549],[105.32018,21.11013],[105.31974,21.1136],[105.31616,21.11891],[105.31325,21.12444],[105.31001,21.12887],[105.30724,21.13444],[105.30352,21.1381],[105.29474,21.1478],[105.28844,21.1581],[105.28596,21.16118],[105.28535,21.17188],[105.28961,21.17312],[105.29205,21.17197],[105.30276,21.19074],[105.32538,21.2034],[105.32917,21.20411],[105.33591,21.20116],[105.33906,21.20177],[105.34182,21.20376],[105.34405,21.20825]]]]}},
{"type":"Feature","id":"09694","properties":{"Ward_Code":"09694","Ward_Code_Num":9694,"Ward":"Suối Hai","Ward_Alt":"Suối Hai","Ward_Upper":"SUỐI HAI","Ward_Full":"Xã Suối Hai","Ward_Full_Alt":"Xã Suối Hai","Ward_Full_Upper_Alt":"XÃ SUỐI HAI","Ward_Type":"Xã","Province_Code":"01","Province":"Hà Nội","Province_Upper_Alt":"HÀ NỘI"},"geometry":{"type":"MultiPolygon","coordinates":[[[[105.3886,21.1571],[105.38924,21.15709],[105.38993,21.15657],[105.3911,21.15685],[105.39081,21.15643],[105.39107,21.15575],[105.39198,21.15512],[105.39254,21.15523],[105.39265,21.156],[105.39334,21.155639999999998],[105.39389,21.15598],[105.39359,21.15421],[105.39417,21.15401],[105.39473,21.15454],[105.39524,21.15424],[105.39518,21.15331],[105.3959,21.15299],[105.39603,21.15238],[105.39809,21.15087],[105.39838,21.14987],[105.39914,21.14958],[105.3986,21.14886],[105.3998,21.1472],[105.40046,21.14739],[105.40036,21.14616],[105.40289,21.14443],[105.40338,21.14374],[105.40429,21.14385],[105.40484,21.1448],[105.40421,21.14593],[105.40588,21.14654],[105.40635,21.14584],[105.40605,21.14453],[105.40809,21.14163],[105.40846,21.14015],[105.40832,21.13863],[105.40947,21.1385],[105.4109,21.13777],[105.41172,21.13789],[105.4154,21.13472],[105.41794,21.13475],[105.41938,21.13177],[105.42084,21.13176],[105.42163,21.12965],[105.42321,21.12944],[105.42341,21.1274],[105.42452,21.12676],[105.42468,21.12448],[105.4254,21.12205],[105.42685,21.12163],[105.42812,21.12079],[105.43125,21.12014],[105.43075,21.11892],[105.42969,21.11766],[105.42959,21.1168],[105.43009,21.1159],[105.42963,21.11328],[105.43001,21.11019],[105.4305,21.10974],[105.43123,21.10992],[105.43146,21.10944],[105.43062,21.10917],[105.431,21.10677],[105.42399,21.10546],[105.42382,21.10466],[105.42549,21.10503],[105.42579,21.10405],[105.42404,21.10388],[105.42381,21.1044],[105.42311,21.1045],[105.4189,21.10138],[105.4131,21.102],[105.41222,21.10242],[105.40489,21.09782],[105.40276,21.09806],[105.40196,21.09718],[105.4024,21.09602],[105.40181,21.09452],[105.39959,21.09411],[105.39872,21.09229],[105.39752,21.09201],[105.39575,21.09266],[105.39521,21.09214],[105.39356,21.0916],[105.392,21.0918],[105.39152,21.09103],[105.39152,21.08939],[105.39124,21.08882],[105.3905,21.08863],[105.39043,21.08794],[105.38975,21.0881],[105.38845,21.0871],[105.38544,21.08571],[105.38473,21.08461],[105.38556,21.08485],[105.38504,21.08424],[105.38434,21.08403],[105.38291,21.08422],[105.38373,21.08341],[105.38171,21.08391],[105.38244,21.08321],[105.38169,21.08312],[105.37983,21.0837],[105.37939,21.08453],[105.37773,21.08515],[105.37693,21.08488],[105.37571,21.08573],[105.37613,21.08661],[105.37714,21.08758],[105.37887,21.0923],[105.37952,21.09291],[105.38008,21.09492],[105.37938,21.09534],[105.37936,21.09619],[105.3776,21.09724],[105.37695,21.09654],[105.37418,21.0954],[105.37342,21.09542],[105.3734,21.09429],[105.37272,21.09447],[105.37203,21.09422],[105.3714,21.09468],[105.37228,21.09684],[105.37396,21.0978],[105.37475,21.09884],[105.37467,21.09938],[105.37362,21.09972],[105.37445,21.10028],[105.37505,21.10144],[105.37426,21.10329],[105.37525,21.10448],[105.37528,21.1051],[105.37156,21.10717],[105.3729,21.10898],[105.37243,21.10956],[105.37346,21.11004],[105.37319,21.11158],[105.37062,21.11087],[105.36962,21.11014],[105.36838,21.11032],[105.36818,21.11099],[105.3676,21.11131],[105.36711,21.10964],[105.36603,21.10919],[105.36628,21.10852],[105.36508,21.10854],[105.36508,21.10888],[105.36416,21.10927],[105.36285,21.10837],[105.36213,21.10848],[105.36063,21.10739],[105.36171,21.10584],[105.3617,21.10531],[105.36085,21.10484],[105.36033,21.10319],[105.35935,21.10231],[105.35844,21.10041],[105.35548,21.09788],[105.3554,21.09692],[105.3546,21.09781],[105.35091,21.0993],[105.34959,21.10036],[105.34712,21.10066],[105.3455,21.10252],[105.34468,21.10433],[105.34428,21.10559],[105.34452,21.10658],[105.34395,21.1071],[105.34381,21.10774],[105.34285,21.10852],[105.34352,21.10965],[105.34272,21.10978],[105.33811,21.11274],[105.33424,21.11224],[105.33124,21.11298],[105.33264,21.11584],[105.33111,21.11731],[105.33066,21.11875],[105.33061,21.12063],[105.33014,21.12129],[105.32971,21.12172],[105.32767,21.12168],[105.32363,21.12289],[105.32309,21.12593],[105.32218,21.12637],[105.32158,21.12715],[105.32148,21.12837],[105.32062,21.12966],[105.32023,21.13106],[105.31966,21.13166],[105.32002,21.13243],[105.31873,21.13345],[105.31831,21.13422],[105.31835,21.13481],[105.31969,21.13532],[105.32018,21.13619],[105.32109,21.1367],[105.32246,21.13689],[105.32189,21.13773],[105.31967,21.1391],[105.31984,21.14026],[105.31866,21.14224],[105.3221,21.14326],[105.32382,21.14514],[105.32604,21.1439],[105.3267,21.1448],[105.32765,21.14433],[105.32822,21.14518],[105.32831,21.1467],[105.33016,21.1483],[105.33227,21.14739],[105.3336,21.14741],[105.33425,21.148],[105.33721,21.14606],[105.33647,21.14336],[105.33905,21.1413],[105.34074,21.14118],[105.34202,21.14219],[105.34352,21.14283],[105.34434,21.14487],[105.3456,21.1462],[105.34677,21.14538],[105.34823,21.14175],[105.3489,21.14094],[105.35045,21.14081],[105.35317,21.14001],[105.3542,21.13911],[105.35527,21.1393],[105.35762,21.13832],[105.36028,21.13855],[105.36354,21.13824],[105.36347,21.1399],[105.36617,21.14094],[105.36788,21.14674],[105.37046,21.15011],[105.37068,21.15808],[105.37647,21.16648],[105.37838,21.16644],[105.38262,21.16496],[105.38343,21.164],[105.38455,21.16121],[105.38533,21.16078],[105.38519,21.16048],[105.38626,21.15825],[105.3886,21.1571]]]]}},
{"type":"Feature","id":"09700","properties":{"Ward_Code":"09700","Ward_Code_Num":9700,"Ward":"Ba Vì","Ward_Alt":"Ba Vì","Ward_Upper":"BA VÌ","Ward_Full":"Xã Ba Vì","Ward_Full_Alt":"Xã Ba Vì","Ward_Full_Upper_Alt":"XÃ BA VÌ","Ward_Type":"Xã","Province_Code":"01","Province":"Hà Nội","Province_Upper_Alt":"HÀ NỘI"},"geometry":{"type":"MultiPolygon","coordinates":[[[[105.33424,21.11224],[105.33822,21.11271],[105.34272,21.10978],[105.34352,21.10965],[105.34285,21.10852],[105.34381,21.10774],[105.34395,21.1071],[105.34452,21.10658],[105.34428,21.10559],[105.34465,21.1044],[105.3455,21.10252],[105.34699,21.10078],[105.34959,21.10036],[105.35091,21.0993],[105.3546,21.09781],[105.3554,21.09692],[105.35548,21.09788],[105.35844,21.10041],[105.35935,21.10231],[105.36033,21.10319],[105.36085,21.10484],[105.3617,21.10531],[105.36171,21.10584],[105.36063,21.10739],[105.36213,21.10848],[105.36285,21.10837],[105.36411,21.10926],[105.36508,21.10888],[105.36508,21.10854],[105.36628,21.10852],[105.36603,21.10919],[105.36711,21.10964],[105.3676,21.11131],[105.36818,21.11099],[105.36838,21.11032],[105.36962,21.11014],[105.37062,21.11087],[105.37319,21.11158],[105.37346,21.11004],[105.37243,21.10956],[105.3729,21.10898],[105.37156,21.10717],[105.37528,21.1051],[105.37525,21.10448],[105.37426,21.10329],[105.37505,21.10144],[105.37445,21.10028],[105.37362,21.09972],[105.37467,21.09938],[105.37475,21.09884],[105.37396,21.0978],[105.37228,21.09684],[105.37142,21.09462],[105.37203,21.09422],[105.37272,21.09447],[105.3734,21.09429],[105.37342,21.09542],[105.37418,21.0954],[105.37695,21.09654],[105.3776,21.09724],[105.37929,21.09626],[105.37938,21.09534],[105.38008,21.09492],[105.37952,21.09291],[105.37887,21.0923],[105.37714,21.08758],[105.37613,21.08661],[105.37571,21.08573],[105.37693,21.08488],[105.37773,21.08515],[105.37939,21.08453],[105.37983,21.0837],[105.38169,21.08312],[105.37818,21.03465],[105.38009,21.03121],[105.38074,21.03079],[105.3808,21.03012],[105.38217,21.02986],[105.38287,21.029],[105.38324,21.02911],[105.38444,21.02849],[105.38566,21.02678],[105.3865,21.02488],[105.38749,21.02444],[105.38325,21.02201],[105.37891,21.01871],[105.37688,21.01599],[105.37563,21.01506],[105.37201,21.01358],[105.36848,21.01272],[105.36604,21.01256],[105.36318,21.01075],[105.36102,21.01052],[105.36018,21.00952],[105.35937,21.00938],[105.35908,21.00898],[105.35678,21.00852],[105.35345,21.00724],[105.3519,21.00799],[105.35101,21.00902],[105.34942,21.01256],[105.34777,21.01416],[105.34599,21.01307],[105.3449,21.0133],[105.34309,21.01272],[105.33891,21.01344],[105.33838,21.012],[105.3354,21.01136],[105.33361,21.01024],[105.33362,21.00978],[105.33504,21.0093],[105.3337,21.00852],[105.3313,21.00839],[105.33086,21.00875],[105.33074,21.0082],[105.33017,21.00835],[105.3295,21.00801],[105.3287,21.00862],[105.32828,21.00857],[105.32781,21.00914],[105.32728,21.00888],[105.32677,21.00909],[105.32641,21.00876],[105.32644,21.00945],[105.32553,21.00976],[105.32604,21.00995],[105.32594,21.01019],[105.32542,21.01032],[105.32501,21.01003],[105.32543,21.01122],[105.32629,21.01109],[105.32702,21.01199],[105.32718,21.01244],[105.32677,21.01322],[105.32773,21.01383],[105.32691,21.01454],[105.32669,21.01647],[105.3278,21.01708],[105.32847,21.0165],[105.32884,21.01668],[105.32875,21.01744],[105.32923,21.01758],[105.33047,21.01903],[105.33024,21.01924],[105.33068,21.01973],[105.3302,21.01998],[105.33017,21.02067],[105.33072,21.02065],[105.33121,21.02131],[105.33126,21.02293],[105.33029,21.023],[105.3298,21.02356],[105.32915,21.02363],[105.32887,21.02412],[105.32819,21.02372],[105.32738,21.0238],[105.32653,21.02162],[105.32571,21.02111],[105.3243,21.02162],[105.32376,21.02028],[105.32315,21.02028],[105.32301,21.02075],[105.32175,21.0202],[105.32125,21.02043],[105.32019,21.02022],[105.32188,21.01971],[105.32205,21.01859],[105.32157,21.01819],[105.32087,21.01858],[105.32056,21.01845],[105.32067,21.01759],[105.32037,21.01769],[105.32019,21.01836],[105.31978,21.01824],[105.31641,21.01365],[105.31438,21.01577],[105.30649,21.02132],[105.305,21.02267],[105.30079,21.0293],[105.29788,21.0332],[105.29699,21.03541],[105.29348,21.05057],[105.29338,21.05266],[105.29467,21.05674],[105.29749,21.06152],[105.29927,21.06665],[105.30381,21.07568],[105.30696,21.08028],[105.31438,21.08837],[105.31685,21.0931],[105.31829,21.09706],[105.31913,21.1013],[105.32005,21.10725],[105.32011,21.11083],[105.32266,21.1107],[105.32384,21.11118],[105.32546,21.11375],[105.32597,21.114],[105.33424,21.11224]]]]}},
{"type":"Feature","id":"09706","properties":{"Ward_Code":"09706","Ward_Code_Num":9706,"Ward":"Yên Bài","Ward_Alt":"Yên Bài","Ward_Upper":"YÊN BÀI","Ward_Full":"Xã Yên Bài","Ward_Full_Alt":"Xã Yên Bài","Ward_Full_Upper_Alt":"XÃ YÊN BÀI","Ward_Type":"Xã","Province_Code":"01","Province":"Hà Nội","Province_Upper_Alt":"HÀ NỘI"},"geometry":{"type":"MultiPolygon","coordinates":[[[[105.44066,21.10279],[105.44017,21.10268],[105.44008,21.10232],[105.44134,21.10188],[105.44202,21.09979],[105.44274,21.09893],[105.4412,21.09775],[105.44239,21.09678],[105.44462,21.09574],[105.44527,21.095],[105.44331,21.09304],[105.44138,21.09205],[105.44062,21.09069],[105.44052,21.08943],[105.43964,21.0882],[105.43953,21.0871],[105.4407,21.08568],[105.44056,21.08406],[105.43959,21.084],[105.43952,21.0832],[105.4388,21.08318],[105.43866,21.08235],[105.43963,21.08182],[105.44067,21.0818],[105.44103,21.08004],[105.43892,21.07969],[105.43914,21.07797],[105.44045,21.07691],[105.44056,21.07563],[105.44092,21.0757],[105.44158,21.07405],[105.44051,21.07249],[105.44076,21.07148],[105.43907,21.06976],[105.43995,21.06811],[105.43979,21.06762],[105.44037,21.06734],[105.44088,21.06655],[105.44016,21.06645],[105.44521,21.06229],[105.44534,21.06277],[105.44662,21.06357],[105.44807,21.06287],[105.44851,21.06318],[105.44898,21.06304],[105.45177,21.06542],[105.45372,21.06617],[105.45386,21.06702],[105.4544,21.06731],[105.45347,21.06341],[105.45425,21.06343],[105.45489,21.064],[105.45477,21.06502],[105.4558,21.06689],[105.45625,21.06682],[105.45644,21.06728],[105.45684,21.06734],[105.4573,21.06868],[105.45941,21.07067],[105.45993,21.07026],[105.45915,21.06911],[105.45924,21.06793],[105.45973,21.06684],[105.45902,21.06361],[105.4588,21.06343],[105.45869,21.06377],[105.45751,21.06266],[105.45742,21.0622],[105.45793,21.06209],[105.45806,21.06168],[105.45724,21.06047],[105.45524,21.05987],[105.45698,21.05934],[105.4576,21.0585],[105.45748,21.05799],[105.45866,21.05789],[105.45924,21.0587],[105.45904,21.0591],[105.45967,21.06296],[105.46056,21.06484],[105.46036,21.06562],[105.46121,21.06626],[105.46051,21.06785],[105.46059,21.06829],[105.46305,21.07105],[105.46502,21.07114],[105.46476,21.07207],[105.46516,21.07256],[105.46579,21.07212],[105.46525,21.07078],[105.46453,21.07059],[105.46425,21.07014],[105.4646,21.06718],[105.46428,21.06684],[105.46295,21.06674],[105.46224,21.06599],[105.46161,21.06588],[105.46088,21.06439],[105.46124,21.06278],[105.46178,21.06245],[105.46151,21.06152],[105.4611,21.0613],[105.46125,21.06068],[105.46098,21.06046],[105.46126,21.06006],[105.46104,21.05905],[105.46132,21.0578],[105.46052,21.05676],[105.45981,21.05665],[105.45829,21.05513],[105.45812,21.03879],[105.45688,21.0328],[105.4572,21.03222],[105.46069,21.02918],[105.46194,21.02732],[105.46343,21.02621],[105.46324,21.0259],[105.46547,21.02404],[105.46891,21.02195],[105.46509,21.01801],[105.46125,21.01312],[105.45825,21.01286],[105.45455,21.01172],[105.45271,21.01235],[105.45073,21.01447],[105.44984,21.01412],[105.44838,21.01497],[105.44676,21.01475],[105.44579,21.01514],[105.44325,21.01407],[105.44162,21.01474],[105.44062,21.01593],[105.43672,21.01609],[105.43518,21.01712],[105.43397,21.01711],[105.43356,21.01699],[105.43324,21.01639],[105.43242,21.01614],[105.43113,21.01471],[105.43045,21.01503],[105.42892,21.01456],[105.42777,21.01462],[105.42744,21.01421],[105.42576,21.01379],[105.42486,21.014],[105.42307,21.01346],[105.42204,21.01275],[105.42087,21.01303],[105.4196,21.01289],[105.41814,21.01185],[105.41674,21.01136],[105.41567,21.01251],[105.41313,21.01393],[105.41292,21.01477],[105.41136,21.01656],[105.41111,21.01823],[105.40678,21.01707],[105.40374,21.01461],[105.40157,21.01378],[105.40023,21.014],[105.39835,21.01521],[105.39683,21.01493],[105.39606,21.01437],[105.39262,21.0142],[105.39077,21.01553],[105.38678,21.01936],[105.38656,21.02012],[105.38766,21.02264],[105.38749,21.02444],[105.3865,21.02488],[105.38566,21.02678],[105.38444,21.02849],[105.38324,21.02911],[105.38287,21.029],[105.38217,21.02986],[105.3808,21.03012],[105.38074,21.03079],[105.38009,21.03121],[105.37818,21.03465],[105.38169,21.08312],[105.38244,21.08321],[105.38165,21.08388],[105.38373,21.08341],[105.38291,21.08422],[105.38434,21.08403],[105.38504,21.08424],[105.38556,21.08485],[105.38473,21.08461],[105.38544,21.08571],[105.38845,21.0871],[105.38975,21.0881],[105.39043,21.08794],[105.3905,21.08863],[105.39124,21.08882],[105.39152,21.08939],[105.39152,21.09103],[105.392,21.0918],[105.39356,21.0916],[105.39521,21.09214],[105.39575,21.09266],[105.39745,21.09202],[105.39848,21.09212],[105.39932,21.093139999999998],[105.39959,21.09411],[105.40181,21.09452],[105.4024,21.09602],[105.40196,21.09718],[105.40276,21.09806],[105.40489,21.09782],[105.41222,21.10242],[105.4131,21.102],[105.4189,21.10138],[105.42323,21.1045],[105.42381,21.1044],[105.42404,21.10388],[105.42603,21.10406],[105.4268,21.10357],[105.42794,21.104],[105.42832,21.10367],[105.42861,21.10396],[105.42878,21.10367],[105.43027,21.10387],[105.43406,21.10113],[105.43464,21.10109],[105.43756,21.10228],[105.44072,21.10451],[105.4419,21.10498],[105.44209,21.10474],[105.44118,21.10391],[105.44154,21.10356],[105.44066,21.10279]]]]}},
{"type":"Feature","id":"09715","properties":{"Ward_Code":"09715","Ward_Code_Num":9715,"Ward":"Phúc Thọ","Ward_Alt":"Phúc Thọ","Ward_Upper":"PHÚC THỌ","Ward_Full":"Xã Phúc Thọ","Ward_Full_Alt":"Xã Phúc Thọ","Ward_Full_Upper_Alt":"XÃ PHÚC THỌ","Ward_Type":"Xã","Province_Code":"01","Province":"Hà Nội","Province_Upper_Alt":"HÀ NỘI"},"geometry":{"type":"MultiPolygon","coordinates":[[[[105.61156,21.13564],[105.60956,21.13323],[105.60866,21.1314],[105.60824,21.13142],[105.60769,21.13057],[105.60704,21.13024],[105.60541,21.13004],[105.60588,21.12437],[105.60508,21.1233],[105.60503,21.12146],[105.60515,21.12005],[105.60606,21.11982],[105.60615,21.11583],[105.60571,21.11566],[105.60669,21.11369],[105.60504,21.11271],[105.60465,21.11398],[105.60224,21.11812],[105.59888,21.12072],[105.59842,21.12035],[105.59748,21.12071],[105.5963,21.11081],[105.59346,21.1101],[105.59026,21.1099],[105.59062,21.10885],[105.5895,21.10792],[105.58963,21.10678],[105.5929,21.10672],[105.59376,21.09813],[105.59378,21.09771],[105.59308,21.09783],[105.59294,21.09657],[105.5936,21.09568],[105.59402,21.09262],[105.59294,21.09215],[105.59259,21.09061],[105.59298,21.09038],[105.59307,21.08807],[105.59253,21.08673],[105.59379,21.08702],[105.59381,21.08674],[105.5927,21.08472],[105.59130999999999,21.08467],[105.59217,21.07993],[105.59352,21.07786],[105.59212,21.07762],[105.59219,21.07688],[105.58328,21.07517],[105.58335,21.07567],[105.58145,21.07803],[105.58094,21.07788],[105.57681,21.08028],[105.57494,21.08218],[105.57677,21.08631],[105.57608,21.08681],[105.57634,21.08796],[105.57545,21.08845],[105.57679,21.0932],[105.57612,21.09412],[105.57624,21.0944],[105.57555,21.09464],[105.5759,21.0965],[105.57549,21.09766],[105.57569,21.0988],[105.57528,21.09905],[105.57554,21.09968],[105.57422,21.10009],[105.57109,21.10046],[105.56338,21.10008],[105.55743,21.10206],[105.55483,21.09639],[105.55406,21.09732],[105.5527,21.09701],[105.5525,21.09652],[105.55171,21.09702],[105.55122,21.0967],[105.55106,21.09722],[105.55051,21.0968],[105.54993,21.09703],[105.54934,21.09596],[105.54942,21.094],[105.54819,21.09416],[105.54777,21.09384],[105.54676,21.09504],[105.54556,21.09446],[105.54378,21.09502],[105.54404,21.0954],[105.54361,21.09624],[105.54252,21.09524],[105.54203,21.09411],[105.54129,21.09393],[105.54037,21.0928],[105.53968,21.0926],[105.53947,21.0923],[105.53977,21.09144],[105.53927,21.09104],[105.53894,21.09133],[105.5376,21.09106],[105.532,21.09098],[105.53027,21.09084],[105.5302,21.09049],[105.52953,21.09129],[105.52868,21.09133],[105.52772,21.09056],[105.52752,21.08928],[105.52663,21.08967],[105.52413,21.08902],[105.52359,21.08942],[105.52334,21.089],[105.5223,21.08932],[105.52178,21.09025],[105.52077,21.08995],[105.51945,21.09059],[105.51822,21.09018],[105.51777,21.09032],[105.51736,21.09066],[105.51735,21.0918],[105.51688,21.09222],[105.5169,21.09191],[105.5161,21.09199],[105.5154,21.09144],[105.51562,21.09095],[105.51538,21.09049],[105.5143,21.09026],[105.51215,21.09175],[105.51141,21.09349],[105.51027,21.0939],[105.51041,21.09449],[105.51105,21.09428],[105.5114,21.09449],[105.51178,21.09535],[105.51048,21.09533],[105.50788,21.09778],[105.50726,21.09749],[105.50743,21.0965],[105.50559,21.0956],[105.50366,21.09514],[105.50271,21.0955],[105.50196,21.09525],[105.50181,21.09571],[105.50128,21.09579],[105.5013,21.09629],[105.50197,21.09658],[105.50187,21.09752],[105.50116,21.09805],[105.50071,21.0979],[105.5005,21.09835],[105.50183,21.09908],[105.50285,21.09905],[105.50323,21.09989],[105.5055,21.10173],[105.50634,21.1038],[105.50554,21.10473],[105.50612,21.10702],[105.50329,21.10713],[105.50236,21.10839],[105.5027,21.10862],[105.50234,21.10997],[105.50153,21.11027],[105.50144,21.11131],[105.5018,21.11139],[105.50156,21.11201],[105.50056,21.11299],[105.50119,21.11391],[105.50201,21.11386],[105.50189,21.11451],[105.50248,21.11442],[105.50283,21.11509],[105.50186,21.11566],[105.50236,21.1162],[105.50178,21.11682],[105.50308,21.11717],[105.5054,21.1203],[105.50478,21.12323],[105.50603,21.12401],[105.50748,21.12352],[105.50797,21.12475],[105.50858,21.12475],[105.5092,21.12409],[105.51051,21.12364],[105.51264,21.12581],[105.51292,21.12765],[105.51357,21.12869],[105.51429,21.12857],[105.51478,21.12905],[105.51588,21.12798],[105.51622,21.12823],[105.51632,21.12916],[105.51695,21.12953],[105.5173,21.12911],[105.51795,21.12966],[105.51872,21.12884],[105.51848,21.12866],[105.51898,21.12845],[105.51925,21.12863],[105.51876,21.12915],[105.52008,21.12989],[105.51992,21.13083],[105.52038,21.13177],[105.52178,21.13311],[105.52269,21.1335],[105.52627,21.13429],[105.52676,21.13374],[105.52816,21.13366],[105.52913,21.13303],[105.53073,21.13416],[105.53239,21.13392],[105.53402,21.13313],[105.53483,21.1318],[105.53551,21.12548],[105.5385,21.12313],[105.54024,21.12256],[105.5405,21.12215],[105.54224,21.12204],[105.54794,21.11999],[105.54983,21.11966],[105.54998,21.12022],[105.55142,21.12008],[105.5544,21.1209],[105.55452,21.12051],[105.55591,21.12022],[105.5595,21.1207],[105.5617,21.11723],[105.5631,21.11762],[105.56239,21.12038],[105.56258,21.12096],[105.56206,21.121],[105.56183,21.12193],[105.56294,21.12212],[105.563,21.12145],[105.5643,21.12132],[105.56393,21.12257],[105.56673,21.12364],[105.56689,21.12344],[105.56837,21.12422],[105.5719,21.1272],[105.57364,21.12912],[105.57315,21.12954],[105.57474,21.13156],[105.57471,21.13204],[105.57321,21.13317],[105.57368,21.13376],[105.57464,21.13348],[105.57502,21.13457],[105.57603,21.13478],[105.57765,21.13712],[105.57927,21.13833],[105.58182,21.13508],[105.58474,21.13491],[105.58448,21.13383],[105.58486,21.13257],[105.58711,21.13121],[105.58576,21.12875],[105.58656,21.12834],[105.58626,21.12791],[105.58841,21.1266],[105.59147,21.13365],[105.59088,21.13431],[105.59103,21.13487],[105.59337,21.13439],[105.5965,21.1343],[105.59959,21.13236],[105.60057,21.1321],[105.60688,21.13944],[105.60823,21.13797],[105.61156,21.13564]]]]}},
{"type":"Feature","id":"09739","properties":{"Ward_Code":"09739","Ward_Code_Num":9739,"Ward":"Phúc Lộc","Ward_Alt":"Phúc Lộc","Ward_Upper":"PHÚC LỘC","Ward_Full":"Xã Phúc Lộc","Ward_Full_Alt":"Xã Phúc Lộc","Ward_Full_Upper_Alt":"XÃ PHÚC LỘC","Ward_Type":"Xã","Province_Code":"01","Province":"Hà Nội","Province_Upper_Alt":"HÀ NỘI"},"geometry":{"type":"MultiPolygon","coordinates":[[[[105.62662,21.17062],[105.62777,21.14404],[105.6275,21.14352],[105.62561,21.14399],[105.62471,21.14261],[105.62374,21.14294],[105.62346,21.14252],[105.62296,21.14146],[105.62523,21.14053],[105.62358,21.13709],[105.62185,21.13793],[105.6211,21.1365],[105.61988,21.13729],[105.61725,21.13741],[105.6156,21.13539],[105.61383,21.13475],[105.61056,21.13624],[105.60782,21.13831],[105.60688,21.13944],[105.60057,21.1321],[105.59959,21.13236],[105.5965,21.1343],[105.59337,21.13439],[105.59103,21.13487],[105.59088,21.13431],[105.59147,21.13365],[105.58841,21.1266],[105.58626,21.12791],[105.58656,21.12834],[105.58576,21.12875],[105.58711,21.13121],[105.58486,21.13257],[105.58448,21.13383],[105.58474,21.13491],[105.58182,21.13508],[105.57927,21.13833],[105.57765,21.13712],[105.57603,21.13478],[105.57502,21.13457],[105.57464,21.13348],[105.57368,21.13376],[105.57321,21.13317],[105.57471,21.13204],[105.57474,21.13156],[105.57315,21.12954],[105.57364,21.12912],[105.5719,21.1272],[105.56837,21.12422],[105.56689,21.12344],[105.56673,21.12364],[105.56393,21.12257],[105.5643,21.12132],[105.563,21.12145],[105.56294,21.12212],[105.56183,21.12193],[105.56206,21.121],[105.56258,21.12096],[105.56239,21.12038],[105.5631,21.11762],[105.56244,21.11742],[105.5617,21.11723],[105.5595,21.1207],[105.55591,21.12022],[105.55452,21.12051],[105.5544,21.1209],[105.55142,21.12008],[105.54998,21.12022],[105.54983,21.11966],[105.54794,21.11999],[105.54224,21.12204],[105.5405,21.12215],[105.54024,21.12256],[105.5385,21.12313],[105.53551,21.12548],[105.53497,21.13138],[105.53402,21.13313],[105.53123,21.13416],[105.53039,21.13404],[105.52913,21.13303],[105.52816,21.13366],[105.52676,21.13374],[105.52627,21.13429],[105.52464,21.13393],[105.52428,21.13524],[105.52331,21.1352],[105.52223,21.1356],[105.52134,21.13755],[105.52104,21.13922],[105.51702,21.13959],[105.51663,21.14019],[105.51621,21.14014],[105.51558,21.14488],[105.51667,21.14781],[105.51614,21.14795],[105.51698,21.15123],[105.51692,21.15215],[105.51515,21.1524],[105.51564,21.15651],[105.52831,21.15514],[105.53334,21.15544],[105.55393,21.15909],[105.57082,21.16037],[105.5709,21.16122],[105.5749,21.16126],[105.57515,21.16431],[105.62434,21.17369],[105.62662,21.17062]]]]}},
{"type":"Feature","id":"09772","properties":{"Ward_Code":"09772","Ward_Code_Num":9772,"Ward":"Hát Môn","Ward_Alt":"Hát Môn","Ward_Upper":"HÁT MÔN","Ward_Full":"Xã Hát Môn","Ward_Full_Alt":"Xã Hát Môn","Ward_Full_Upper_Alt":"XÃ HÁT MÔN","Ward_Type":"Xã","Province_Code":"01","Province":"Hà Nội","Province_Upper_Alt":"HÀ NỘI"},"geometry":{"type":"MultiPolygon","coordinates":[[[[105.62358,21.13709],[105.62389,21.13685],[105.62331,21.1353],[105.62339,21.13426],[105.62476,21.13242],[105.62967,21.12758],[105.63057,21.12548],[105.62983,21.12374],[105.62782,21.12225],[105.62688,21.12209],[105.62441,21.12021],[105.62445,21.11849],[105.62548,21.11708],[105.62964,21.11408],[105.63719,21.11168],[105.63748,21.11147],[105.63705,21.10992],[105.63944,21.10959],[105.63853,21.10561],[105.63664,21.10714],[105.63634,21.107],[105.63432,21.1009],[105.63509,21.10066],[105.63478,21.10018],[105.63612,21.1],[105.64109,21.09814],[105.64329,21.09657],[105.64604,21.09384],[105.64732,21.09104],[105.64722,21.08944],[105.64671,21.08862],[105.64555,21.0878],[105.64497,21.08606],[105.64544,21.08218],[105.64511,21.07524],[105.64616,21.07112],[105.64694,21.07002],[105.64848,21.06873],[105.65116,21.06823],[105.65335,21.0688],[105.6582,21.07197],[105.65925,21.07216],[105.6603,21.07153],[105.66187,21.06831],[105.66365,21.06642],[105.6647,21.064],[105.66485,21.06249],[105.66428,21.06173],[105.6639,21.06016],[105.66203,21.05883],[105.66006,21.0587],[105.65801,21.05904],[105.65584,21.05994],[105.65072,21.06364],[105.64986,21.06469],[105.64827,21.0647],[105.64786,21.06514],[105.64741,21.06509],[105.64622,21.06323],[105.64624,21.06253],[105.64643,21.0616],[105.64824,21.05824],[105.65093,21.0441],[105.65029,21.044],[105.64978,21.04331],[105.64824,21.04028],[105.64732,21.04053],[105.64695,21.04238],[105.64697,21.04265],[105.64787,21.04296],[105.64798,21.0463],[105.64727,21.04608],[105.64713,21.04445],[105.64666,21.0444],[105.64654,21.04364],[105.64692,21.04239],[105.64459,21.04334],[105.64331,21.04094],[105.64305,21.04373],[105.63473,21.04417],[105.63064,21.05122],[105.63212,21.05241],[105.62875,21.05968],[105.62966,21.06005],[105.62881,21.0604],[105.62673,21.06294],[105.62437,21.06485],[105.61929,21.06751],[105.61729,21.06792],[105.61647,21.06953],[105.61511,21.06862],[105.61602,21.06794],[105.61579,21.06756],[105.60931,21.07254],[105.60834,21.07128],[105.60813,21.07139],[105.60724,21.07048],[105.6032,21.07211],[105.60123,21.07328],[105.59839,21.0736],[105.59496,21.07466],[105.59451,21.07701],[105.59373,21.07745],[105.59217,21.07993],[105.59130999999999,21.08467],[105.5927,21.08472],[105.59381,21.08674],[105.59379,21.08702],[105.59253,21.08673],[105.59307,21.08807],[105.59298,21.09038],[105.59259,21.09061],[105.59294,21.09215],[105.59402,21.09262],[105.5936,21.09568],[105.59294,21.09657],[105.59308,21.09783],[105.59378,21.09771],[105.59376,21.09813],[105.5929,21.10672],[105.58961,21.10679],[105.5895,21.10792],[105.59062,21.10885],[105.59026,21.1099],[105.59346,21.1101],[105.5963,21.11081],[105.59751,21.12072],[105.59842,21.12035],[105.59888,21.12072],[105.60224,21.11812],[105.60465,21.11398],[105.60504,21.11271],[105.60669,21.11369],[105.60571,21.11566],[105.60615,21.11583],[105.60606,21.11982],[105.60515,21.12005],[105.60503,21.12146],[105.60508,21.1233],[105.60588,21.12437],[105.60541,21.13004],[105.60704,21.13024],[105.60769,21.13057],[105.60824,21.13142],[105.60866,21.1314],[105.60956,21.13323],[105.61156,21.13564],[105.6142,21.13474],[105.61579,21.13554],[105.61725,21.13741],[105.61988,21.13729],[105.6211,21.1365],[105.62185,21.13793],[105.62358,21.13709]]]]}},
{"type":"Feature","id":"09784","properties":{"Ward_Code":"09784","Ward_Code_Num":9784,"Ward":"Đan Phượng","Ward_Alt":"Đan Phượng","Ward_Upper":"ĐAN PHƯỢNG","Ward_Full":"Xã Đan Phượng","Ward_Full_Alt":"Xã Đan Phượng","Ward_Full_Upper_Alt":"XÃ ĐAN PHƯỢNG","Ward_Type":"Xã","Province_Code":"01","Province":"Hà Nội","Province_Upper_Alt":"HÀ NỘI"},"geometry":{"type":"MultiPolygon","coordinates":[[[[105.68678,21.0903],[105.686,21.08975],[105.68505999999999,21.08783],[105.68372,21.08756],[105.68382,21.08734],[105.68004,21.0847],[105.67885,21.08491],[105.67717,21.08414],[105.67723,21.08283],[105.67764,21.08202],[105.67748,21.08153],[105.67949,21.08107],[105.67556,21.07674],[105.67593,21.07627],[105.67485,21.07553],[105.67608,21.07385],[105.673,21.07257],[105.67311,21.07235],[105.67182,21.07156],[105.67253,21.07026],[105.66996,21.07022],[105.66874,21.0717],[105.66656,21.07264],[105.66404,21.07082],[105.66375,21.0704],[105.66393,21.06814],[105.66549,21.06794],[105.66605,21.06832],[105.66673,21.06754],[105.66533,21.06646],[105.66372,21.06613],[105.66187,21.06831],[105.6603,21.07153],[105.65925,21.07216],[105.6582,21.07197],[105.65335,21.0688],[105.65116,21.06823],[105.64848,21.06873],[105.64694,21.07002],[105.64608,21.07128],[105.6451,21.07537],[105.64544,21.08218],[105.64509,21.08341],[105.64506,21.08648],[105.64555,21.0878],[105.64671,21.08862],[105.64722,21.08944],[105.64743,21.09041],[105.64707,21.09158],[105.6493,21.09242],[105.64904,21.09326],[105.64931,21.09339],[105.64969,21.09277],[105.65096,21.09324],[105.65189,21.094],[105.65291,21.09551],[105.65518,21.10033],[105.65474,21.101],[105.65289,21.10007],[105.65016,21.10188],[105.64969,21.1024],[105.6485,21.10552],[105.65272,21.1066],[105.65229,21.10761],[105.65573,21.10848],[105.65975,21.10196],[105.65943,21.10113],[105.66035,21.09806],[105.66373,21.09992],[105.66401,21.09969],[105.66605,21.10156],[105.66676,21.10116],[105.66649,21.10074],[105.66745,21.10022],[105.66826,21.10002],[105.66885,21.10076],[105.67067,21.09995],[105.67117,21.10015],[105.67159,21.10245],[105.6729,21.10552],[105.6728,21.10643],[105.67,21.1065],[105.66651,21.1076],[105.66564,21.10755],[105.66604,21.10796],[105.66449,21.10926],[105.66477,21.1097],[105.66439,21.11001],[105.66541,21.11104],[105.66628,21.1136],[105.66705,21.1145],[105.6655,21.11901],[105.66763,21.11989],[105.66968,21.11942],[105.66935,21.11978],[105.67014,21.12051],[105.66944,21.12181],[105.67225,21.12301],[105.67376,21.12172],[105.67255,21.11952],[105.67296,21.11854],[105.67572,21.11615],[105.67649,21.1157],[105.67686,21.11613],[105.67976,21.1145],[105.67876,21.1122],[105.68083,21.10952],[105.68166,21.11111],[105.68261,21.10985],[105.68408,21.11037],[105.68463,21.10973],[105.68536,21.10967],[105.68591,21.10834],[105.68576,21.10768],[105.68605,21.10685],[105.68482,21.10647],[105.6843,21.10675],[105.68524,21.1049],[105.68301,21.10316],[105.68757,21.09949],[105.68684,21.09659],[105.68659,21.09673],[105.68522,21.095],[105.68442,21.09469],[105.6852,21.09422],[105.68698,21.09094],[105.68678,21.0903]]]]}},
{"type":"Feature","id":"09787","properties":{"Ward_Code":"09787","Ward_Code_Num":9787,"Ward":"Liên Minh","Ward_Alt":"Liên Minh","Ward_Upper":"LIÊN MINH","Ward_Full":"Xã Liên Minh","Ward_Full_Alt":"Xã Liên Minh","Ward_Full_Upper_Alt":"XÃ LIÊN MINH","Ward_Type":"Xã","Province_Code":"01","Province":"Hà Nội","Province_Upper_Alt":"HÀ NỘI"},"geometry":{"type":"MultiPolygon","coordinates":[[[[105.64472,21.15527],[105.65117,21.14617],[105.66192,21.13475],[105.66546,21.13192],[105.66718,21.13141],[105.67171,21.13166],[105.67397,21.13276],[105.67705,21.12634],[105.67446,21.1247],[105.67328,21.12358],[105.66944,21.12181],[105.67014,21.12051],[105.66935,21.11978],[105.66968,21.11942],[105.66763,21.11989],[105.6655,21.11901],[105.66705,21.1145],[105.66628,21.1136],[105.66541,21.11104],[105.66439,21.11001],[105.66477,21.1097],[105.66449,21.10926],[105.66604,21.10796],[105.66564,21.10755],[105.66651,21.1076],[105.67,21.1065],[105.6728,21.10643],[105.6729,21.10552],[105.67159,21.10245],[105.67136,21.10034],[105.67071,21.09994],[105.66885,21.10076],[105.66826,21.10002],[105.66649,21.10074],[105.66676,21.10116],[105.66605,21.10156],[105.66401,21.09969],[105.66373,21.09992],[105.66035,21.09806],[105.65943,21.10113],[105.65975,21.10196],[105.65573,21.10848],[105.65315,21.108],[105.65229,21.10761],[105.65272,21.1066],[105.6485,21.10552],[105.64969,21.1024],[105.65016,21.10188],[105.65289,21.10007],[105.65474,21.101],[105.65518,21.10033],[105.65291,21.09551],[105.65189,21.094],[105.65096,21.09324],[105.64969,21.09277],[105.64931,21.09339],[105.64904,21.09326],[105.6493,21.09242],[105.64707,21.09158],[105.64604,21.09384],[105.64329,21.09657],[105.64109,21.09814],[105.63612,21.1],[105.63478,21.10018],[105.63509,21.10066],[105.63432,21.1009],[105.63634,21.107],[105.63664,21.10714],[105.63853,21.10561],[105.63944,21.10959],[105.63705,21.10992],[105.63748,21.11147],[105.63719,21.11168],[105.62964,21.11408],[105.62548,21.11708],[105.62442,21.11856],[105.62441,21.12021],[105.62688,21.12209],[105.62782,21.12225],[105.62983,21.12374],[105.63057,21.12548],[105.62967,21.12758],[105.62476,21.13242],[105.62332,21.13446],[105.62338,21.13561],[105.62389,21.13685],[105.62355,21.13703],[105.62523,21.14053],[105.62296,21.1416],[105.62374,21.14294],[105.62471,21.14261],[105.62561,21.14399],[105.6275,21.14352],[105.62777,21.14404],[105.62663,21.17056],[105.63198,21.16796],[105.63617,21.16454],[105.64472,21.15527]]]]}},
{"type":"Feature","id":"09817","properties":{"Ward_Code":"09817","Ward_Code_Num":9817,"Ward":"Ô Diên","Ward_Alt":"Ô Diên","Ward_Upper":"Ô DIÊN","Ward_Full":"Xã Ô Diên","Ward_Full_Alt":"Xã Ô Diên","Ward_Full_Upper_Alt":"XÃ Ô DIÊN","Ward_Type":"Xã","Province_Code":"01","Province":"Hà Nội","Province_Upper_Alt":"HÀ NỘI"},"geometry":{"type":"MultiPolygon","coordinates":[[[[105.73699,21.10476],[105.73361,21.10224],[105.73184,21.1014],[105.73191,21.1011],[105.73097,21.10097],[105.73093,21.10064],[105.7299,21.1009],[105.72917,21.09982],[105.72863,21.09982],[105.72749,21.09882],[105.72626,21.09912],[105.72527,21.09687],[105.72471,21.09689],[105.72593,21.09581],[105.72698,21.09392],[105.72659,21.09285],[105.72593,21.09304],[105.7257,21.0888],[105.72701,21.08843],[105.7266,21.08537],[105.72794,21.0845],[105.728,21.08301],[105.72833,21.08255],[105.72587,21.07928],[105.7246,21.07694],[105.72414,21.07442],[105.72453,21.06917],[105.71912,21.07247],[105.71024,21.07518],[105.70962,21.07523],[105.70822,21.07112],[105.70536,21.0722],[105.70504,21.07137],[105.69868,21.07484],[105.69977,21.07649],[105.6999,21.07728],[105.70054,21.07776],[105.70146,21.08074],[105.69802,21.08265],[105.6982,21.08359],[105.697,21.08353],[105.69698,21.08493],[105.69763,21.08496],[105.69682,21.08678],[105.69563,21.08634],[105.69073,21.08819],[105.69004,21.0882],[105.68994,21.08865],[105.68868,21.08855],[105.68808,21.08923],[105.6868,21.0899],[105.68698,21.09094],[105.6852,21.09422],[105.68442,21.09469],[105.68522,21.095],[105.68659,21.09673],[105.68684,21.09659],[105.68757,21.09949],[105.68301,21.10316],[105.68524,21.1049],[105.6843,21.10675],[105.68482,21.10647],[105.68605,21.10685],[105.68576,21.10768],[105.68591,21.10834],[105.68536,21.10967],[105.68463,21.10973],[105.68408,21.11037],[105.68261,21.10985],[105.68166,21.11111],[105.68083,21.10952],[105.67876,21.1122],[105.67976,21.1145],[105.67686,21.11613],[105.67649,21.1157],[105.67572,21.11615],[105.67296,21.11854],[105.67255,21.11952],[105.67376,21.12172],[105.67215,21.12309],[105.67354,21.12374],[105.67446,21.1247],[105.67705,21.12634],[105.67397,21.13276],[105.68096,21.13818],[105.68466,21.1398],[105.69242,21.14141],[105.70006,21.1414],[105.7095,21.14332],[105.7108,21.14337],[105.71271,21.14289],[105.71564,21.14083],[105.71702,21.13876],[105.71771,21.13584],[105.71776,21.13106],[105.71877,21.12337],[105.72255,21.11912],[105.72762,21.11252],[105.73219,21.10838],[105.73699,21.10476]]]]}},
{"type":"Feature","id":"09832","properties":{"Ward_Code":"09832","Ward_Code_Num":9832,"Ward":"Hoài Đức","Ward_Alt":"Hoài Đức","Ward_Upper":"HOÀI ĐỨC","Ward_Full":"Xã Hoài Đức","Ward_Full_Alt":"Xã Hoài Đức","Ward_Full_Upper_Alt":"XÃ HOÀI ĐỨC","Ward_Type":"Xã","Province_Code":"01","Province":"Hà Nội","Province_Upper_Alt":"HÀ NỘI"},"geometry":{"type":"MultiPolygon","coordinates":[[[[105.72453,21.06917],[105.72483,21.06542],[105.72467,21.05979],[105.72959,21.05647],[105.72656,21.05271],[105.72866,21.05054],[105.72797,21.0484],[105.72952,21.04806],[105.72932,21.04713],[105.72987,21.04698],[105.72831,21.04626],[105.72735,21.04524],[105.7252,21.0401],[105.72316,21.0401],[105.72322,21.03833],[105.72151,21.03776],[105.72146,21.03614],[105.72028,21.03435],[105.71979,21.03442],[105.71865,21.03371],[105.7173,21.03407],[105.71682,21.03362],[105.71602,21.03378],[105.71591,21.03427],[105.71552,21.0343],[105.71519,21.03368],[105.71229,21.03412],[105.71237,21.03474],[105.71104,21.0353],[105.71118,21.03556],[105.71088,21.03578],[105.71041,21.03534],[105.70483,21.04464],[105.705,21.0471],[105.70407,21.04728],[105.7041,21.05066],[105.70298,21.05081],[105.70134,21.05046],[105.70086,21.05056],[105.70056,21.05134],[105.69297,21.05152],[105.69088,21.0567],[105.68997,21.05656],[105.68898,21.05892],[105.68505999999999,21.07088],[105.68172,21.07032],[105.67556,21.07666],[105.67949,21.08107],[105.67748,21.08153],[105.67764,21.08202],[105.67723,21.08283],[105.67714,21.08405],[105.67862,21.08486],[105.68004,21.0847],[105.68382,21.08734],[105.68372,21.08756],[105.68505999999999,21.08783],[105.686,21.08975],[105.68678,21.0903],[105.6868,21.0899],[105.68808,21.08923],[105.68868,21.08855],[105.68994,21.08865],[105.69004,21.0882],[105.69073,21.08819],[105.69563,21.08634],[105.69682,21.08678],[105.69763,21.08496],[105.69698,21.08493],[105.697,21.08353],[105.6982,21.08359],[105.69802,21.08265],[105.70146,21.08074],[105.70054,21.07776],[105.6999,21.07728],[105.69884,21.07475],[105.70504,21.07137],[105.70536,21.0722],[105.70822,21.07112],[105.70962,21.07523],[105.71024,21.07518],[105.71912,21.07247],[105.72453,21.06917]]]]}},
{"type":"Feature","id":"09856","properties":{"Ward_Code":"09856","Ward_Code_Num":9856,"Ward":"Dương Hoà","Ward_Alt":"Dương Hòa","Ward_Upper":"DƯƠNG HOÀ","Ward_Full":"Xã Dương Hoà","Ward_Full_Alt":"Xã Dương Hòa","Ward_Full_Upper_Alt":"XÃ DƯƠNG HÒA","Ward_Type":"Xã","Province_Code":"01","Province":"Hà Nội","Province_Upper_Alt":"HÀ NỘI"},"geometry":{"type":"MultiPolygon","coordinates":[[[[105.68172,21.07032],[105.68505999999999,21.07088],[105.68898,21.05892],[105.68997,21.05656],[105.69088,21.0567],[105.69304,21.05148],[105.69255,21.05126],[105.6925,21.05028],[105.69251,21.03515],[105.69346,21.0349],[105.69453,21.03238],[105.69663,21.03109],[105.6965,21.03072],[105.69685,21.03057],[105.6957,21.03005],[105.68662,21.03168],[105.68538,21.03215],[105.6835,21.03406],[105.68249,21.03342],[105.6823,21.03191],[105.6822,21.03162],[105.6819,21.0317],[105.68176,21.03114],[105.68207,21.02975],[105.68171,21.02961],[105.68191,21.02901],[105.67969,21.02533],[105.67911,21.02566],[105.67767,21.02321],[105.67414,21.02512],[105.67217,21.02187],[105.66872,21.02375],[105.6693,21.02482],[105.66904,21.02485],[105.6689,21.02679],[105.66799,21.02675],[105.66684,21.02898],[105.6676,21.02956],[105.66702,21.03017],[105.66728,21.03066],[105.66659,21.03098],[105.66441,21.03366],[105.66403,21.03338],[105.66342,21.03351],[105.663,21.03437],[105.66227,21.03471],[105.66218,21.03444],[105.66128,21.03473],[105.66136,21.03499],[105.65458,21.03762],[105.65461,21.03869],[105.65424,21.0389],[105.65459,21.03958],[105.653,21.04035],[105.65254,21.04259],[105.65135,21.04341],[105.65083,21.04436],[105.64832,21.05792],[105.64696,21.06102],[105.64643,21.0616],[105.64622,21.06323],[105.64753,21.06518],[105.64827,21.0647],[105.64971,21.06476],[105.65072,21.06364],[105.6561,21.05981],[105.65959,21.05873],[105.66174,21.05875],[105.6639,21.06016],[105.66428,21.06173],[105.66485,21.06249],[105.6647,21.064],[105.66372,21.06613],[105.66533,21.06646],[105.66673,21.06754],[105.66605,21.06832],[105.66549,21.06794],[105.66399,21.06808],[105.66376,21.0705],[105.66656,21.07264],[105.66874,21.0717],[105.66996,21.07022],[105.67253,21.07026],[105.67182,21.07156],[105.67311,21.07235],[105.673,21.07257],[105.67608,21.07385],[105.67485,21.07553],[105.67593,21.07627],[105.68172,21.07032]]]]}},
{"type":"Feature","id":"09871","properties":{"Ward_Code":"09871","Ward_Code_Num":9871,"Ward":"Sơn Đồng","Ward_Alt":"Sơn Đồng","Ward_Upper":"SƠN ĐỒNG","Ward_Full":"Xã Sơn Đồng","Ward_Full_Alt":"Xã Sơn Đồng","Ward_Full_Upper_Alt":"XÃ SƠN ĐỒNG","Ward_Type":"Xã","Province_Code":"01","Province":"Hà Nội","Province_Upper_Alt":"HÀ NỘI"},"geometry":{"type":"MultiPolygon","coordinates":[[[[105.72987,21.04698],[105.73187,21.04628],[105.73265,21.04529],[105.73204,21.04476],[105.73233,21.04383],[105.73356,21.04341],[105.73348,21.04152],[105.73398,21.04086],[105.73371,21.04028],[105.73391,21.03886],[105.73364,21.03838],[105.73481,21.03725],[105.73474,21.03681],[105.73806,21.03647],[105.73894,21.03275],[105.73842,21.03266],[105.73873,21.03181],[105.73738,21.03148],[105.73713,21.03096],[105.73729,21.03004],[105.73758,21.02988],[105.73732,21.02921],[105.73763,21.02886],[105.73803,21.02895],[105.73854,21.02779],[105.73485,21.02631],[105.73467,21.02504],[105.73707,21.02349],[105.73675,21.02283],[105.73651,21.02244],[105.73608,21.02264],[105.73603,21.02191],[105.7356,21.02174],[105.73494,21.02182],[105.7351,21.02235],[105.73446,21.02259],[105.73391,21.02143],[105.72998,21.01793],[105.7313,21.01649],[105.7314,21.01701],[105.73257,21.0168],[105.73397,21.01546],[105.73235,21.01207],[105.73303,21.01141],[105.73301,21.0104],[105.72221,21.01109],[105.71672,21.01103],[105.71176,21.01023],[105.69092,21.00554],[105.66392,21.00313],[105.66344,21.00694],[105.66392,21.00763],[105.66664,21.0095],[105.6679,21.00974],[105.66996,21.00952],[105.67115,21.00919],[105.67179,21.00864],[105.67458,21.00816],[105.67657,21.00918],[105.67664,21.01513],[105.67758,21.01891],[105.67217,21.02187],[105.67414,21.02512],[105.67767,21.02321],[105.67911,21.02566],[105.67969,21.02533],[105.68191,21.02901],[105.6818,21.03143],[105.68222,21.03167],[105.68253,21.03346],[105.6835,21.03406],[105.68538,21.03215],[105.68784,21.03139],[105.6957,21.03005],[105.69685,21.03057],[105.6965,21.03072],[105.69663,21.03109],[105.69453,21.03238],[105.69346,21.0349],[105.69251,21.03515],[105.69261,21.05131],[105.70056,21.05134],[105.70094,21.05053],[105.7041,21.05066],[105.70407,21.04728],[105.705,21.0471],[105.70483,21.04464],[105.71041,21.03534],[105.71088,21.03578],[105.71118,21.03556],[105.71104,21.0353],[105.71237,21.03474],[105.71229,21.03412],[105.71519,21.03368],[105.71552,21.0343],[105.71596,21.03423],[105.71607,21.03375],[105.71682,21.03362],[105.7173,21.03407],[105.71865,21.03371],[105.71979,21.03442],[105.72028,21.03435],[105.72146,21.03614],[105.72151,21.03776],[105.72322,21.03833],[105.72316,21.0401],[105.7252,21.0401],[105.72735,21.04524],[105.72831,21.04626],[105.72987,21.04698]]]]}},
{"type":"Feature","id":"09877","properties":{"Ward_Code":"09877","Ward_Code_Num":9877,"Ward":"An Khánh","Ward_Alt":"An Khánh","Ward_Upper":"AN KHÁNH","Ward_Full":"Xã An Khánh","Ward_Full_Alt":"Xã An Khánh","Ward_Full_Upper_Alt":"XÃ AN KHÁNH","Ward_Type":"Xã","Province_Code":"01","Province":"Hà Nội","Province_Upper_Alt":"HÀ NỘI"},"geometry":{"type":"MultiPolygon","coordinates":[[[[105.7332,21.00172],[105.73578,20.99333],[105.73009,20.99168],[105.7307,20.99051],[105.73271,20.99066],[105.73296,20.99045],[105.73515,20.98625],[105.73785,20.98587],[105.7397,20.97622],[105.74078,20.9748],[105.73999,20.97413],[105.74048,20.97325],[105.74028,20.97268],[105.73951,20.97118],[105.7389,20.97076],[105.73939,20.96947],[105.74,20.96942],[105.74011,20.96869],[105.74097,20.96895],[105.74129,20.96748],[105.7419,20.96756],[105.74195,20.967],[105.74116,20.96684],[105.74125,20.96613],[105.74062,20.96592],[105.74101,20.9649],[105.74207,20.96535],[105.74278,20.96412],[105.73961,20.96257],[105.73903,20.96372],[105.73615,20.96235],[105.73163,20.95958],[105.73054,20.96092],[105.72503,20.95537],[105.72417,20.95635],[105.71642,20.96195],[105.71412,20.96501],[105.71314,20.9689],[105.71006,20.97187],[105.70959,20.97271],[105.70412,20.97495],[105.70199,20.97667],[105.70018,20.97767],[105.69886,20.97813],[105.69529,20.97842],[105.69108,20.97588],[105.69037,20.97492],[105.68902,20.97443],[105.68866,20.9729],[105.68917,20.97265],[105.68703,20.96992],[105.68613,20.97015],[105.6853,20.96938],[105.68395,20.97032],[105.68639,20.97283],[105.6873,20.97483],[105.68581,20.97519],[105.68468,20.97689],[105.68215,20.97802],[105.68085,20.98052],[105.67687,20.98459],[105.67604,20.98609],[105.6745,20.98658],[105.6741,20.98552],[105.673,20.98463],[105.6716,20.9843],[105.66762,20.98204],[105.66583,20.98232],[105.66512,20.983],[105.66717,20.99094],[105.6675,20.99618],[105.667,20.9969],[105.66714,20.99854],[105.66632,20.99903],[105.66593,21.0013],[105.66462,21.00152],[105.66392,21.00313],[105.69092,21.00554],[105.7134,21.01057],[105.7205,21.01115],[105.73048,21.01056],[105.7332,21.00172]]]]}},
{"type":"Feature","id":"09886","properties":{"Ward_Code":"09886","Ward_Code_Num":9886,"Ward":"Dương Nội","Ward_Alt":"Dương Nội","Ward_Upper":"DƯƠNG NỘI","Ward_Full":"Phường Dương Nội","Ward_Full_Alt":"Phường Dương Nội","Ward_Full_Upper_Alt":"PHƯỜNG DƯƠNG NỘI","Ward_Type":"Phường","Province_Code":"01","Province":"Hà Nội","Province_Upper_Alt":"HÀ NỘI"},"geometry":{"type":"MultiPolygon","coordinates":[[[[105.74319,20.99245],[105.74633,20.98957],[105.75266,20.99162],[105.75284,20.9908],[105.7554,20.9895],[105.75342,20.98811],[105.75445,20.98498],[105.76397,20.97794],[105.75588,20.97159],[105.75366,20.96866],[105.76492,20.96233],[105.75476,20.95455],[105.75161,20.95588],[105.74495,20.96017],[105.73989,20.96221],[105.73807,20.96328],[105.73903,20.96372],[105.73961,20.96257],[105.74278,20.96412],[105.74207,20.96535],[105.74101,20.9649],[105.74062,20.96592],[105.74125,20.96613],[105.74116,20.96684],[105.74195,20.967],[105.7419,20.96756],[105.74129,20.96748],[105.74097,20.96895],[105.74011,20.96869],[105.74,20.96942],[105.73939,20.96947],[105.7389,20.97076],[105.73951,20.97118],[105.74028,20.97268],[105.74048,20.97325],[105.73999,20.97413],[105.74078,20.9748],[105.7397,20.97622],[105.73785,20.98587],[105.73515,20.98625],[105.73296,20.99045],[105.73271,20.99066],[105.7307,20.99051],[105.73008,20.99174],[105.74168,20.99489],[105.74202,20.99371],[105.74319,20.99245]]]]}},
{"type":"Feature","id":"09895","properties":{"Ward_Code":"09895","Ward_Code_Num":9895,"Ward":"Quốc Oai","Ward_Alt":"Quốc Oai","Ward_Upper":"QUỐC OAI","Ward_Full":"Xã Quốc Oai","Ward_Full_Alt":"Xã Quốc Oai","Ward_Full_Upper_Alt":"XÃ QUỐC OAI","Ward_Type":"Xã","Province_Code":"01","Province":"Hà Nội","Province_Upper_Alt":"HÀ NỘI"},"geometry":{"type":"MultiPolygon","coordinates":[[[[105.64695,21.04238],[105.64732,21.04053],[105.64824,21.04028],[105.64978,21.04331],[105.65029,21.044],[105.65093,21.0441],[105.6518,21.04298],[105.65254,21.04259],[105.653,21.04035],[105.65459,21.03958],[105.65424,21.0389],[105.65461,21.03869],[105.65458,21.03762],[105.66136,21.03499],[105.66128,21.03473],[105.66218,21.03444],[105.66227,21.03471],[105.663,21.03437],[105.66342,21.03351],[105.66403,21.03338],[105.66441,21.03366],[105.66659,21.03098],[105.66728,21.03066],[105.66702,21.03017],[105.6676,21.02956],[105.66684,21.02898],[105.66799,21.02675],[105.6689,21.02679],[105.66904,21.02485],[105.6693,21.02482],[105.66872,21.02375],[105.67758,21.01891],[105.67664,21.01513],[105.67675,21.00954],[105.67611,21.00882],[105.67458,21.00816],[105.67179,21.00864],[105.67115,21.00919],[105.66996,21.00952],[105.66738,21.0097],[105.66589,21.0091],[105.66392,21.00763],[105.66344,21.00694],[105.664,21.00259],[105.66462,21.00152],[105.66593,21.0013],[105.66632,20.99903],[105.66714,20.99854],[105.667,20.9969],[105.6675,20.99618],[105.66717,20.99094],[105.66602,20.98614],[105.66514,20.98382],[105.66517,20.9829],[105.66453,20.98276],[105.66438,20.98237],[105.66224,20.98188],[105.66188,20.98419],[105.6592,20.98447],[105.66092,20.98815],[105.66018,20.98881],[105.6595,20.9902],[105.65657,20.98976],[105.65667,20.98819],[105.65531,20.9882],[105.65542,20.98962],[105.65349,20.99002],[105.65309,20.9905],[105.64837,20.98906],[105.64867,20.98834],[105.64802,20.98811],[105.64821,20.98726],[105.64725,20.9856],[105.64686,20.98595],[105.64597,20.98525],[105.6448,20.98507],[105.64302,20.98339],[105.64366,20.98233],[105.64093,20.98172],[105.64097,20.98001],[105.6372,20.97932],[105.63831,20.97589],[105.63819,20.97378],[105.63266,20.97143],[105.63152,20.9718],[105.63144,20.97055],[105.63079,20.97065],[105.62949,20.97303],[105.63087,20.97525],[105.63026,20.97672],[105.63248,20.97754],[105.63052,20.97967],[105.63243,20.98257],[105.63153,20.98309],[105.63204,20.98367],[105.63175,20.98439],[105.63051,20.98558],[105.63056,20.98688],[105.63,20.98808],[105.63019,20.98871],[105.62966,20.98905],[105.62965,20.9896],[105.63034,20.98984],[105.6301,20.99115],[105.63204,20.99212],[105.63278,20.9918],[105.63299,20.98982],[105.63357,20.9891],[105.63416,20.98902],[105.63522,20.9901],[105.6344,20.99109],[105.63378,20.99111],[105.63367,20.99179],[105.633,20.99224],[105.63336,20.99244],[105.63325,20.99339],[105.63193,20.99317],[105.63019,20.99538],[105.63244,20.996949999999998],[105.62809,21.00234],[105.63973,21.0035],[105.64001,21.01069],[105.63895,21.01322],[105.63814,21.01321],[105.63471,21.01633],[105.63227,21.014],[105.63124,21.0147],[105.63106,21.01456],[105.62792,21.01763],[105.63226,21.02257],[105.63269,21.02242],[105.6342,21.02512],[105.63074,21.02703],[105.63315,21.03543],[105.63216,21.03556],[105.63233,21.03699],[105.63455,21.03668],[105.63457,21.04116],[105.63551,21.0412],[105.63446,21.04406],[105.64305,21.04373],[105.64331,21.04094],[105.64459,21.04334],[105.64692,21.04239],[105.64654,21.04364],[105.64666,21.0444],[105.64713,21.04445],[105.64727,21.04608],[105.64798,21.0463],[105.64787,21.04296],[105.64697,21.04265],[105.64695,21.04238]]]]}},
{"type":"Feature","id":"09910","properties":{"Ward_Code":"09910","Ward_Code_Num":9910,"Ward":"Kiều Phú","Ward_Alt":"Kiều Phú","Ward_Upper":"KIỀU PHÚ","Ward_Full":"Xã Kiều Phú","Ward_Full_Alt":"Xã Kiều Phú","Ward_Full_Upper_Alt":"XÃ KIỀU PHÚ","Ward_Type":"Xã","Province_Code":"01","Province":"Hà Nội","Province_Upper_Alt":"HÀ NỘI"},"geometry":{"type":"MultiPolygon","coordinates":[[[[105.62809,21.00234],[105.63244,20.996949999999998],[105.63019,20.99538],[105.63193,20.99317],[105.63325,20.99339],[105.63336,20.99244],[105.633,20.99224],[105.63367,20.99179],[105.63378,20.99111],[105.6344,20.99109],[105.63522,20.9901],[105.63438,20.98916],[105.63376,20.989],[105.63299,20.98982],[105.63269,20.99191],[105.63183,20.99209],[105.6301,20.99115],[105.63034,20.98984],[105.62965,20.9896],[105.62963,20.98929],[105.63019,20.98871],[105.63,20.98808],[105.63056,20.98688],[105.63051,20.98558],[105.63175,20.98439],[105.63204,20.98367],[105.63153,20.98309],[105.63243,20.98257],[105.63052,20.97967],[105.63248,20.97754],[105.63026,20.97672],[105.63087,20.97525],[105.62949,20.97303],[105.63098,20.97047],[105.63122,20.96861],[105.63081,20.96762],[105.63156,20.96679],[105.63196,20.96719],[105.63324,20.96579],[105.63204,20.96165],[105.63672,20.96064],[105.63483,20.95881],[105.63336,20.95358],[105.6328,20.94988],[105.62991,20.94812],[105.63061,20.94731],[105.6292,20.94664],[105.62929,20.94621],[105.6287,20.94592],[105.6283,20.94622],[105.62744,20.94533],[105.6266,20.94396],[105.62676,20.94331],[105.62628,20.94326],[105.62602,20.94286],[105.62602,20.94115],[105.62456,20.94089],[105.6243,20.94041],[105.62208,20.94007],[105.62363,20.93818],[105.61996,20.93646],[105.61731,20.93627],[105.61578,20.93544],[105.6151,20.93541],[105.61464,20.93578],[105.61455,20.93677],[105.61493,20.93787],[105.61583,20.93889],[105.61546,20.94036],[105.61407,20.94142],[105.61191,20.94224],[105.611,20.94384],[105.60994,20.94383],[105.60844,20.94294],[105.60706,20.94284],[105.60612,20.94339],[105.60585,20.94521],[105.60518,20.94577],[105.59873,20.9451],[105.59722,20.94555],[105.5954,20.94856],[105.59534,20.94959],[105.59578,20.95128],[105.59555,20.95359],[105.59466,20.95411],[105.59212,20.95474],[105.59013,20.95654],[105.58915,20.95881],[105.58719,20.96135],[105.58662,20.96173],[105.58533,20.96163],[105.5847,20.96193],[105.58396,20.96454],[105.58332,20.96452],[105.58246,20.9633],[105.58163,20.96313],[105.58103,20.96338],[105.58066,20.96392],[105.581,20.96418],[105.58084,20.96459],[105.58214,20.96511],[105.58202,20.96819],[105.58288,20.96923],[105.58244,20.97018],[105.58161,20.96957],[105.58077,20.97011],[105.57897,20.97031],[105.57895,20.97002],[105.57847,20.96992],[105.57782,20.97059],[105.57762,20.97048],[105.57478,20.97315],[105.57439,20.9747],[105.57489,20.97605],[105.57368,20.9772],[105.57433,20.9777],[105.57596,20.97733],[105.57635,20.97756],[105.57637,20.97846],[105.57582,20.97979],[105.57598,20.98127],[105.5749,20.98263],[105.57603,20.98408],[105.57619,20.9854],[105.57744,20.98593],[105.57823,20.98552],[105.57825,20.98455],[105.5771,20.98255],[105.57724,20.98206],[105.57794,20.98173],[105.57946,20.98172],[105.57994,20.983],[105.5812,20.98355],[105.58152,20.98408],[105.58154999999999,20.98493],[105.58019,20.986],[105.5812,20.98676],[105.58138,20.9876],[105.58284,20.98919],[105.58162,20.98997],[105.5809,20.98938],[105.5791,20.99166],[105.58026,20.99519],[105.58196,20.99604],[105.5816,20.99668],[105.58053,20.99654],[105.58079,20.99818],[105.5802,20.99835],[105.58104,20.99931],[105.58138,21.00197],[105.58169,21.00191],[105.5823,21.00297],[105.58353,21.0041],[105.58421,21.0043],[105.585,21.00312],[105.58717,21.00338],[105.58756,21.0042],[105.58793,21.00431],[105.59072,21.00414],[105.59175,21.00367],[105.59234,21.00392],[105.59257,21.00442],[105.59188,21.00526],[105.59062,21.00496],[105.59109,21.00697],[105.59232,21.00702],[105.59257,21.00774],[105.59284,21.00754],[105.59324,21.008],[105.5939,21.00949],[105.59324,21.01051],[105.5938,21.01102],[105.59376,21.01264],[105.59474,21.01333],[105.59586,21.01344],[105.59993,21.00603],[105.60206,21.00502],[105.61502,21.00825],[105.61446,21.00133],[105.62809,21.00234]]]]}},
{"type":"Feature","id":"09931","properties":{"Ward_Code":"09931","Ward_Code_Num":9931,"Ward":"Hưng Đạo","Ward_Alt":"Hưng Đạo","Ward_Upper":"HƯNG ĐẠO","Ward_Full":"Xã Hưng Đạo","Ward_Full_Alt":"Xã Hưng Đạo","Ward_Full_Upper_Alt":"XÃ HƯNG ĐẠO","Ward_Type":"Xã","Province_Code":"01","Province":"Hà Nội","Province_Upper_Alt":"HÀ NỘI"},"geometry":{"type":"MultiPolygon","coordinates":[[[[105.65411,20.98984],[105.65542,20.98962],[105.65531,20.9882],[105.65667,20.98819],[105.65657,20.98976],[105.6595,20.9902],[105.66018,20.98881],[105.66092,20.98815],[105.6592,20.98447],[105.66188,20.98419],[105.66234,20.98186],[105.66438,20.98237],[105.66453,20.98276],[105.66517,20.9829],[105.6663,20.98215],[105.66762,20.98204],[105.6716,20.9843],[105.673,20.98463],[105.6741,20.98552],[105.6745,20.98658],[105.67604,20.98609],[105.67687,20.98459],[105.68085,20.98052],[105.68215,20.97802],[105.68468,20.97689],[105.68581,20.97519],[105.6873,20.97483],[105.68639,20.97283],[105.68395,20.97032],[105.6853,20.96938],[105.68613,20.97015],[105.68703,20.96992],[105.68917,20.97265],[105.68866,20.9729],[105.68902,20.97443],[105.69018,20.9748],[105.69108,20.97588],[105.69566,20.97851],[105.69981,20.97783],[105.70199,20.97667],[105.70412,20.97495],[105.70925,20.97291],[105.71291,20.96926],[105.71339,20.96837],[105.71412,20.96501],[105.71642,20.96195],[105.72417,20.95635],[105.72517,20.9552],[105.7258,20.95375],[105.72588,20.9525],[105.72549,20.95138],[105.72512,20.95096],[105.72257,20.95269],[105.72023,20.95381],[105.71804,20.95386],[105.71708,20.95498],[105.71516,20.95608],[105.71404,20.95619],[105.71254,20.95554],[105.71224,20.95551],[105.71227,20.95588],[105.71164,20.95572],[105.71148,20.95616],[105.71094,20.95627],[105.7091,20.95776],[105.70724,20.95629],[105.70611,20.95728],[105.70464,20.95786],[105.70448,20.95682],[105.70089,20.95733],[105.6992,20.95588],[105.69748,20.95688],[105.69637,20.9549],[105.6945,20.9552],[105.69359,20.9558],[105.69337,20.95673],[105.6952,20.95993],[105.6951,20.96093],[105.69639,20.96378],[105.69619,20.96438],[105.6956,20.96476],[105.6952,20.96471],[105.69262,20.96154],[105.69038,20.96247],[105.6899,20.962],[105.68869,20.96224],[105.68756,20.96206],[105.6878,20.96149],[105.68593,20.96096],[105.68645,20.95848],[105.68296,20.95793],[105.68332,20.95538],[105.67971,20.95446],[105.67968,20.95335],[105.67906,20.95278],[105.6791,20.95218],[105.67956,20.95165],[105.67841,20.95071],[105.67656,20.95154],[105.66305,20.94892],[105.65188,20.95165],[105.64622,20.95109],[105.6456,20.95231],[105.6449,20.95218],[105.64168,20.95538],[105.63937,20.95409],[105.63939,20.95497],[105.63633,20.95453],[105.63633,20.9554],[105.63394,20.95574],[105.63483,20.95881],[105.63672,20.96064],[105.63204,20.96165],[105.63324,20.96579],[105.63196,20.96719],[105.63156,20.96679],[105.63081,20.96762],[105.63124,20.96911],[105.63079,20.97065],[105.63144,20.97055],[105.63152,20.9718],[105.63266,20.97143],[105.63819,20.97378],[105.63831,20.97589],[105.6372,20.97932],[105.64097,20.98001],[105.64093,20.98172],[105.64366,20.98233],[105.64302,20.98339],[105.6448,20.98507],[105.64597,20.98525],[105.64686,20.98595],[105.64725,20.9856],[105.64821,20.98726],[105.64802,20.98811],[105.64867,20.98834],[105.64837,20.98906],[105.65309,20.9905],[105.65411,20.98984]]]]}},
{"type":"Feature","id":"09952","properties":{"Ward_Code":"09952","Ward_Code_Num":9952,"Ward":"Phú Cát","Ward_Alt":"Phú Cát","Ward_Upper":"PHÚ CÁT","Ward_Full":"Xã Phú Cát","Ward_Full_Alt":"Xã Phú Cát","Ward_Full_Upper_Alt":"XÃ PHÚ CÁT","Ward_Type":"Xã","Province_Code":"01","Province":"Hà Nội","Province_Upper_Alt":"HÀ NỘI"},"geometry":{"type":"MultiPolygon","coordinates":[[[[105.55502,20.9894],[105.55499,20.98352],[105.55686,20.9817],[105.55809,20.98146],[105.55882,20.98242],[105.55979,20.98255],[105.56156,20.98113],[105.56213,20.98153],[105.56411,20.9813],[105.56499,20.97952],[105.56672,20.97933],[105.56605,20.97755],[105.56629,20.97744],[105.56613,20.97701],[105.56717,20.97691],[105.56906,20.97743],[105.56891,20.97661],[105.56954,20.97672],[105.56924,20.97563],[105.57095,20.97611],[105.5724,20.97428],[105.57344,20.97481],[105.57439,20.9747],[105.57495,20.97287],[105.57842,20.96994],[105.57895,20.97002],[105.57897,20.97031],[105.58077,20.97011],[105.58161,20.96957],[105.58244,20.97018],[105.58288,20.96923],[105.58202,20.96819],[105.58214,20.96511],[105.58084,20.96459],[105.581,20.96418],[105.58066,20.96392],[105.58126,20.96322],[105.5822,20.96321],[105.58281,20.96355],[105.58332,20.96452],[105.58396,20.96454],[105.5847,20.96193],[105.58533,20.96163],[105.58662,20.96173],[105.58719,20.96135],[105.58915,20.95881],[105.59013,20.95654],[105.59212,20.95474],[105.59466,20.95411],[105.59555,20.95359],[105.59578,20.95128],[105.59534,20.94959],[105.5954,20.94856],[105.59722,20.94555],[105.59873,20.9451],[105.60518,20.94577],[105.60585,20.94521],[105.60612,20.94339],[105.60706,20.94284],[105.60844,20.94294],[105.60994,20.94383],[105.611,20.94384],[105.61191,20.94224],[105.61407,20.94142],[105.61546,20.94036],[105.61587,20.93907],[105.61473,20.93751],[105.61474,20.93564],[105.61555,20.93538],[105.61712,20.93621],[105.61792,20.93627],[105.61832,20.93592],[105.6187,20.93386],[105.6204,20.93288],[105.61899,20.93034],[105.61843,20.93006],[105.61698,20.93025],[105.61622,20.93214],[105.61502,20.93303],[105.61432,20.93297],[105.61317,20.93216],[105.61271,20.93158],[105.61279,20.931],[105.61509,20.92899],[105.61561,20.92795],[105.61509,20.92586],[105.60935,20.92327],[105.60854,20.92322],[105.60587,20.92397],[105.60431,20.92236],[105.60217,20.92242],[105.60123,20.92074],[105.6025,20.91907],[105.60238,20.91829],[105.5987,20.91825],[105.59765,20.91779],[105.59794,20.9135],[105.59759,20.91286],[105.59622,20.91283],[105.59477,20.91361],[105.59409,20.91365],[105.59296,20.91264],[105.59274,20.91104],[105.59176,20.91174],[105.59239,20.91239],[105.59227,20.91261],[105.59058,20.91267],[105.58808,20.91231],[105.58719,20.91118],[105.58587,20.91121],[105.58466,20.90998],[105.58397,20.91059],[105.58312,20.91069],[105.58191,20.90976],[105.58139,20.91053],[105.58236,20.91142],[105.58234,20.91223],[105.58011,20.9125],[105.58019,20.91431],[105.57941,20.91446],[105.57895,20.91635],[105.58012,20.91777],[105.5791,20.9186],[105.57918,20.91932],[105.57846,20.92028],[105.57898,20.92084],[105.57938,20.92034],[105.58098,20.92041],[105.58183,20.91982],[105.58403,20.9214],[105.58452,20.92276],[105.58291,20.92307],[105.58179,20.92396],[105.58116,20.92361],[105.57966,20.92484],[105.58111,20.92544],[105.58127,20.92578],[105.58085,20.92657],[105.58082,20.92748],[105.57989,20.92749],[105.57996,20.92876],[105.57673,20.92948],[105.57614,20.92922],[105.57584,20.92932],[105.57556,20.93018],[105.5734,20.92841],[105.57248,20.92917],[105.5714,20.92948],[105.57076,20.93014],[105.57016,20.92974],[105.57101,20.92791],[105.5686,20.9273],[105.56626,20.92761],[105.56502,20.92658],[105.56368,20.92658],[105.56116,20.92582],[105.56068,20.92468],[105.56036,20.92522],[105.55881,20.92559],[105.55667,20.92684],[105.55501,20.92711],[105.55351,20.92656],[105.5527,20.92729],[105.55208,20.92741],[105.55146,20.92698],[105.55141,20.9262],[105.55104,20.92578],[105.54777,20.92437],[105.54588,20.92315],[105.54115,20.92522],[105.53835,20.92782],[105.53746,20.92601],[105.53502,20.92414],[105.53362,20.92366],[105.53258,20.92236],[105.53097,20.92193],[105.52961,20.92067],[105.5253,20.91893],[105.52416,20.91978],[105.52283,20.92153],[105.5213,20.92218],[105.5189,20.92247],[105.51749,20.92182],[105.51432,20.92228],[105.51294,20.92217],[105.50598,20.92621],[105.50464,20.92758],[105.50441,20.92855],[105.50364,20.92955],[105.50491,20.92994],[105.50591,20.9309],[105.50763,20.93184],[105.50955,20.934],[105.51174,20.93479],[105.51584,20.93948],[105.51598,20.94057],[105.51571,20.94117],[105.51602,20.94211],[105.51658,20.94298],[105.51746,20.94301],[105.51799,20.94352],[105.51736,20.94547],[105.51661,20.94618],[105.51704,20.94644],[105.51627,20.94863],[105.51847,20.94965],[105.51987,20.95101],[105.52026,20.95093],[105.52057,20.9501],[105.52159,20.95028],[105.52238,20.95113],[105.52223,20.95207],[105.52285,20.95254],[105.52396,20.95149],[105.52508,20.95207],[105.52504,20.95253],[105.52558,20.95297],[105.52714,20.95239],[105.52775,20.95246],[105.52805,20.95201],[105.52876,20.95187],[105.52882,20.95271],[105.52937,20.95351],[105.52908,20.95414],[105.52819,20.95473],[105.52812,20.95554],[105.52929,20.95708],[105.52885,20.95779],[105.52779,20.95783],[105.52723,20.95824],[105.5276,20.95892],[105.52713,20.95971],[105.52746,20.96046],[105.52791,20.96069],[105.52799,20.96121],[105.52774,20.96139],[105.52834,20.96143],[105.52831,20.96301],[105.52914,20.96333],[105.52921,20.96428],[105.53013,20.96473],[105.53025,20.96538],[105.52901,20.96742],[105.5291,20.96783],[105.52945,20.96791],[105.52917,20.96882],[105.52714,20.97088],[105.52729,20.97127],[105.5255,20.97322],[105.52594,20.97354],[105.52718,20.97357],[105.52711,20.97439],[105.52771,20.97535],[105.52898,20.97645],[105.52896,20.97746],[105.53039,20.9791],[105.53017,20.97944],[105.53083,20.97981],[105.53202,20.97939],[105.53421,20.97769],[105.53468,20.9782],[105.53572,20.97841],[105.5354,20.9792],[105.53579,20.97975],[105.53798,20.9789],[105.53943,20.97987],[105.54045,20.97909],[105.54136,20.979],[105.54436,20.98081],[105.54624,20.98249],[105.54708,20.98249],[105.54872,20.98343],[105.54889,20.98603],[105.54964,20.98697],[105.5504,20.98672],[105.55148,20.9857],[105.55177,20.9868],[105.5529,20.98699],[105.55384,20.98888],[105.55444,20.98868],[105.55502,20.9894]]]]}},
{"type":"Feature","id":"09955","properties":{"Ward_Code":"09955","Ward_Code_Num":9955,"Ward":"Thạch Thất","Ward_Alt":"Thạch Thất","Ward_Upper":"THẠCH THẤT","Ward_Full":"Xã Thạch Thất","Ward_Full_Alt":"Xã Thạch Thất","Ward_Full_Upper_Alt":"XÃ THẠCH THẤT","Ward_Type":"Xã","Province_Code":"01","Province":"Hà Nội","Province_Upper_Alt":"HÀ NỘI"},"geometry":{"type":"MultiPolygon","coordinates":[[[[105.56335,21.10009],[105.57118,21.10046],[105.57554,21.09968],[105.57528,21.09905],[105.57569,21.0988],[105.57549,21.09766],[105.5759,21.0965],[105.57555,21.09464],[105.57624,21.0944],[105.57612,21.09412],[105.57658,21.09381],[105.57679,21.09308],[105.57545,21.08845],[105.57634,21.08796],[105.57608,21.08681],[105.57677,21.08631],[105.57494,21.08218],[105.57681,21.08028],[105.58094,21.07788],[105.58145,21.07803],[105.58335,21.07567],[105.58328,21.07517],[105.58747,21.07605],[105.58776,21.07387],[105.59304,21.07441],[105.59456,21.07315],[105.59441,21.07201],[105.5939,21.0711],[105.5944,21.06714],[105.59363,21.06528],[105.59364,21.06432],[105.59294,21.06383],[105.59169,21.06386],[105.59135,21.06257],[105.59288,21.06015],[105.59277,21.05957],[105.59185,21.05931],[105.59114,21.05957],[105.59071,21.05861],[105.58993,21.05893],[105.58947,21.05786],[105.588,21.0564],[105.58872,21.05611],[105.58861,21.05536],[105.58946,21.05318],[105.59025,21.05238],[105.59083,21.05259],[105.59038,21.05036],[105.59072,21.04866],[105.59121,21.04821],[105.59092,21.0477],[105.59174,21.04705],[105.59192,21.04593],[105.59157,21.04588],[105.59033,21.04331],[105.58904,21.04244],[105.5878,21.04252],[105.58797,21.04213],[105.58765,21.04195],[105.58924,21.03923],[105.58769,21.0386],[105.58772,21.03808],[105.58687,21.0378],[105.58683,21.03744],[105.58562,21.0373],[105.58509,21.03681],[105.5835,21.03721],[105.58444,21.03547],[105.58407,21.0353],[105.58318,21.03609],[105.57894,21.03609],[105.57804,21.03486],[105.57875,21.03438],[105.57876,21.03366],[105.57727,21.03078],[105.57607,21.03126],[105.5761,21.03222],[105.57565,21.03192],[105.57387,21.03184],[105.57348,21.03359],[105.57245,21.03352],[105.57238,21.0343],[105.57158,21.03387],[105.57065,21.03404],[105.56989,21.03329],[105.56783,21.03348],[105.56599,21.03291],[105.56347,21.0338],[105.56445,21.0344],[105.56373,21.0365],[105.56451,21.03673],[105.56438,21.0374],[105.5657,21.0377],[105.56690999999999,21.03693],[105.56753,21.03745],[105.56677,21.0379],[105.56712,21.03927],[105.56613,21.03921],[105.56644,21.0387],[105.56607,21.03819],[105.56456,21.0383],[105.56432,21.03895],[105.56475,21.04032],[105.56565,21.04068],[105.56558,21.04101],[105.56513,21.04126],[105.56503,21.04079],[105.5643,21.04098],[105.56419,21.04153],[105.56374,21.04176],[105.56276,21.04093],[105.56224,21.0409],[105.56195,21.04126],[105.56238,21.04151],[105.56265,21.04285],[105.56345,21.04351],[105.56357,21.04427],[105.5631,21.04454],[105.56286,21.04521],[105.56375,21.04545],[105.56313,21.04731],[105.56343,21.048],[105.56328,21.04889],[105.56284,21.04939],[105.56212,21.04898],[105.56197,21.04928],[105.56229,21.04985],[105.56173,21.05028],[105.56339,21.05165],[105.56277,21.05198],[105.56414,21.05369],[105.56335,21.05631],[105.56382,21.0567],[105.56369,21.05742],[105.56416,21.058229999999998],[105.56338,21.05875],[105.56265,21.0588],[105.56172,21.05774],[105.55988,21.0571],[105.5597,21.05677],[105.55768,21.05686],[105.55498,21.0566],[105.55451,21.05631],[105.55446,21.05672],[105.55428,21.05657],[105.55333,21.05715],[105.55247,21.05621],[105.5506,21.05602],[105.54909,21.05527],[105.54839,21.05558],[105.54785,21.0549],[105.54739,21.05515],[105.54649,21.05495],[105.54497,21.05368],[105.54457,21.05297],[105.54358,21.0527],[105.54367,21.05223],[105.54322,21.05178],[105.54173,21.05131],[105.54076,21.05047],[105.53962,21.05164],[105.53854,21.05178],[105.53677,21.05398],[105.5369,21.05435],[105.53623,21.05571],[105.53491,21.0572],[105.53438,21.05715],[105.53428,21.05803],[105.53356,21.05874],[105.53441,21.06094],[105.53402,21.06111],[105.53368,21.06068],[105.53317,21.06118],[105.53179,21.06112],[105.5306,21.06215],[105.53079,21.06227],[105.53046,21.06267],[105.53087,21.06302],[105.53066,21.06331],[105.52901,21.06383],[105.53037,21.06505],[105.52977,21.06625],[105.53019,21.06664],[105.53132,21.06937],[105.53364,21.07055],[105.53446,21.07059],[105.53501,21.0701],[105.53612,21.07081],[105.53531,21.07153],[105.5352,21.07237],[105.53588,21.0727],[105.53775,21.07258],[105.538,21.07265],[105.53788,21.07307],[105.53527,21.07401],[105.53511,21.07482],[105.53244,21.07411],[105.532,21.07506],[105.53298,21.07505],[105.53302,21.07602],[105.53249,21.07619],[105.53187,21.0781],[105.53218,21.08064],[105.53076,21.08054],[105.52957,21.08213],[105.52696,21.08302],[105.52426,21.08344],[105.52353,21.08456],[105.52395,21.0863],[105.5232,21.08762],[105.52331,21.0882],[105.52492,21.08838],[105.52515,21.08867],[105.52493,21.08928],[105.52518,21.08942],[105.52671,21.08967],[105.52752,21.08928],[105.52761,21.09035],[105.52858,21.09131],[105.52953,21.09129],[105.5302,21.09049],[105.53027,21.09084],[105.532,21.09098],[105.5376,21.09106],[105.53894,21.09133],[105.53927,21.09104],[105.53977,21.09144],[105.53947,21.0923],[105.53968,21.0926],[105.54037,21.0928],[105.54129,21.09393],[105.54203,21.09411],[105.54252,21.09524],[105.54361,21.09624],[105.54404,21.0954],[105.54378,21.09502],[105.54556,21.09446],[105.54676,21.09504],[105.54777,21.09384],[105.54819,21.09416],[105.54942,21.094],[105.54934,21.09596],[105.54993,21.09703],[105.55051,21.0968],[105.55106,21.09722],[105.55122,21.0967],[105.55171,21.09702],[105.5525,21.09652],[105.5527,21.09701],[105.55406,21.09732],[105.55483,21.09639],[105.55743,21.10206],[105.56335,21.10009]]]]}},
{"type":"Feature","id":"09982","properties":{"Ward_Code":"09982","Ward_Code_Num":9982,"Ward":"Hạ Bằng","Ward_Alt":"Hạ Bằng","Ward_Upper":"HẠ BẰNG","Ward_Full":"Xã Hạ Bằng","Ward_Full_Alt":"Xã Hạ Bằng","Ward_Full_Upper_Alt":"XÃ HẠ BẰNG","Ward_Type":"Xã","Province_Code":"01","Province":"Hà Nội","Province_Upper_Alt":"HÀ NỘI"},"geometry":{"type":"MultiPolygon","coordinates":[[[[105.58682,21.03744],[105.58641,21.036],[105.58525,21.03532],[105.58758,21.03243],[105.5862,21.032],[105.58635,21.03169],[105.58575,21.03153],[105.58543,21.031],[105.58564,21.03086],[105.58535,21.0301],[105.58485,21.03006],[105.58518,21.02976],[105.58471,21.02912],[105.58371,21.02868],[105.58378,21.02829],[105.58328,21.02767],[105.58342,21.02712],[105.58308,21.02688],[105.58323,21.02578],[105.58452,21.02477],[105.58599,21.0243],[105.58584,21.0233],[105.58725,21.02378],[105.58746,21.02349],[105.58789,21.02434],[105.58927,21.02404],[105.5895,21.0234],[105.59081,21.02216],[105.59102,21.02236],[105.5914,21.02174],[105.59238,21.02239],[105.5948,21.01952],[105.59385,21.01751],[105.59607,21.01348],[105.59474,21.01333],[105.59379,21.01273],[105.5938,21.01102],[105.59324,21.01051],[105.5939,21.00949],[105.59324,21.008],[105.59284,21.00754],[105.59257,21.00774],[105.59232,21.00702],[105.59109,21.00697],[105.59062,21.00496],[105.59188,21.00526],[105.59257,21.00442],[105.59234,21.00392],[105.59175,21.00367],[105.59072,21.00414],[105.58793,21.00431],[105.58756,21.0042],[105.58717,21.00338],[105.585,21.00312],[105.58421,21.0043],[105.58353,21.0041],[105.5823,21.00297],[105.58169,21.00191],[105.58138,21.00197],[105.58104,20.99931],[105.5802,20.99835],[105.58079,20.99818],[105.58053,20.99654],[105.5816,20.99668],[105.58196,20.99604],[105.58026,20.99519],[105.5791,20.99166],[105.5809,20.98938],[105.58162,20.98997],[105.58284,20.98919],[105.58138,20.9876],[105.5812,20.98676],[105.58019,20.986],[105.58154999999999,20.98493],[105.58152,20.98408],[105.5812,20.98355],[105.57994,20.983],[105.57946,20.98172],[105.57794,20.98173],[105.57724,20.98206],[105.5771,20.98255],[105.57825,20.98455],[105.57823,20.98552],[105.57744,20.98593],[105.57616,20.98537],[105.57603,20.98408],[105.5749,20.98263],[105.57598,20.98127],[105.57582,20.97979],[105.57637,20.97846],[105.57635,20.97756],[105.57596,20.97733],[105.57483,20.97771],[105.57386,20.97752],[105.57371,20.97698],[105.57474,20.97629],[105.57484,20.97578],[105.57439,20.9747],[105.57331,20.97478],[105.57253,20.97426],[105.57195,20.97461],[105.57095,20.97611],[105.56919,20.97566],[105.56954,20.97672],[105.56891,20.97661],[105.56906,20.97743],[105.56717,20.97691],[105.56613,20.97701],[105.56629,20.97744],[105.56605,20.97755],[105.56672,20.97933],[105.56499,20.97952],[105.56411,20.9813],[105.56213,20.98153],[105.56156,20.98113],[105.55979,20.98255],[105.55882,20.98242],[105.55814,20.98148],[105.55733,20.98153],[105.5565,20.98197],[105.55499,20.98352],[105.55503,20.98994],[105.55622,20.99193],[105.55635,20.99466],[105.55251,21.01192],[105.55158,21.01282],[105.55069,21.01435],[105.54782,21.01423],[105.54719,21.01481],[105.54811,21.01791],[105.54938,21.0196],[105.54919,21.0207],[105.54957,21.0217],[105.54953,21.02294],[105.54793,21.02664],[105.54556,21.02916],[105.54544,21.03486],[105.5448,21.03399],[105.54392,21.03364],[105.53984,21.03433],[105.53871,21.03411],[105.53795,21.03316],[105.53665,21.03235],[105.53504,21.03029],[105.53129,21.0288],[105.52916,21.02877],[105.5268,21.02801],[105.52341,21.02632],[105.51921,21.02701],[105.5155,21.03295],[105.51717,21.03295],[105.51715,21.03571],[105.51912,21.03593],[105.52013,21.03566],[105.52086,21.03663],[105.5222,21.03721],[105.52366,21.0395],[105.52555,21.04042],[105.52672,21.04336],[105.5276,21.04354],[105.52813,21.04307],[105.52854,21.04329],[105.52951,21.04464],[105.52892,21.04536],[105.52832,21.04536],[105.5283,21.04647],[105.5293,21.04674],[105.52903,21.0481],[105.52982,21.048],[105.53086,21.04858],[105.52994,21.04913],[105.53175,21.04999],[105.53243,21.04956],[105.53313,21.04975],[105.5335,21.04997],[105.53334,21.05047],[105.53356,21.0506],[105.53451,21.05037],[105.53487,21.05165],[105.53423,21.05184],[105.5334,21.05148],[105.53271,21.05198],[105.53178,21.05169],[105.5315,21.05199],[105.53348,21.05306],[105.53414,21.05375],[105.5351,21.05385],[105.53431,21.05469],[105.53488,21.05514],[105.53579,21.05528],[105.53482,21.05577],[105.53386,21.05547],[105.53438,21.05715],[105.53475,21.0572],[105.5363,21.05561],[105.5369,21.05435],[105.53677,21.05398],[105.53854,21.05178],[105.53962,21.05164],[105.54076,21.05047],[105.54173,21.05131],[105.54322,21.05178],[105.54367,21.05223],[105.54358,21.0527],[105.54457,21.05297],[105.54497,21.05368],[105.54649,21.05495],[105.54739,21.05515],[105.54785,21.0549],[105.54839,21.05558],[105.54909,21.05527],[105.5506,21.05602],[105.55247,21.05621],[105.55333,21.05715],[105.55428,21.05657],[105.55446,21.05672],[105.55451,21.05631],[105.55498,21.0566],[105.55768,21.05686],[105.5597,21.05677],[105.55988,21.0571],[105.56172,21.05774],[105.56281,21.05887],[105.56416,21.058229999999998],[105.56369,21.05742],[105.56382,21.0567],[105.56335,21.05631],[105.56414,21.05369],[105.56277,21.05198],[105.56339,21.05165],[105.56173,21.05028],[105.56229,21.04985],[105.56197,21.04928],[105.56212,21.04898],[105.56284,21.04939],[105.56328,21.04889],[105.56343,21.048],[105.56313,21.04731],[105.56375,21.04545],[105.56286,21.04521],[105.5631,21.04454],[105.56357,21.04427],[105.56345,21.04351],[105.56265,21.04285],[105.56238,21.04151],[105.56195,21.04126],[105.56224,21.0409],[105.56276,21.04093],[105.56374,21.04176],[105.56419,21.04153],[105.5643,21.04098],[105.56503,21.04079],[105.56513,21.04126],[105.56558,21.04101],[105.56565,21.04068],[105.56475,21.04032],[105.56432,21.03895],[105.56456,21.0383],[105.56607,21.03819],[105.56644,21.0387],[105.56613,21.03921],[105.56712,21.03927],[105.56677,21.0379],[105.56753,21.03745],[105.56690999999999,21.03693],[105.5657,21.0377],[105.56438,21.0374],[105.56451,21.03673],[105.56373,21.0365],[105.56445,21.0344],[105.56356,21.03394],[105.56365,21.03366],[105.56599,21.03291],[105.56783,21.03348],[105.56989,21.03329],[105.57065,21.03404],[105.57158,21.03387],[105.57238,21.0343],[105.57245,21.03352],[105.57348,21.03359],[105.57387,21.03184],[105.57565,21.03192],[105.5761,21.03222],[105.57607,21.03126],[105.57727,21.03078],[105.57876,21.03366],[105.57875,21.03438],[105.57804,21.03486],[105.57894,21.03609],[105.58318,21.03609],[105.58407,21.0353],[105.58444,21.03547],[105.5835,21.03721],[105.5846,21.03673],[105.58568,21.03732],[105.58682,21.03744]]]]}},
{"type":"Feature","id":"09988","properties":{"Ward_Code":"09988","Ward_Code_Num":9988,"Ward":"Hoà Lạc","Ward_Alt":"Hòa Lạc","Ward_Upper":"HOÀ LẠC","Ward_Full":"Xã Hoà Lạc","Ward_Full_Alt":"Xã Hòa Lạc","Ward_Full_Upper_Alt":"XÃ HÒA LẠC","Ward_Type":"Xã","Province_Code":"01","Province":"Hà Nội","Province_Upper_Alt":"HÀ NỘI"},"geometry":{"type":"MultiPolygon","coordinates":[[[[105.50524,21.04843],[105.51175,21.0397],[105.51355,21.03605],[105.51921,21.02701],[105.52356,21.02635],[105.5268,21.02801],[105.52916,21.02877],[105.53129,21.0288],[105.53504,21.03029],[105.53665,21.03235],[105.53795,21.03316],[105.53871,21.03411],[105.53984,21.03433],[105.54392,21.03364],[105.54553,21.03469],[105.54556,21.02916],[105.54793,21.02664],[105.54953,21.02294],[105.54957,21.0217],[105.54919,21.0207],[105.54938,21.0196],[105.54811,21.01791],[105.54719,21.01481],[105.54782,21.01423],[105.55069,21.01435],[105.55258,21.01176],[105.55647,20.99329],[105.55622,20.99193],[105.55503,20.98994],[105.55502,20.9894],[105.55444,20.98868],[105.55384,20.98888],[105.5529,20.98699],[105.55192,20.98693],[105.55132,20.98569],[105.5504,20.98672],[105.54964,20.98697],[105.54889,20.98603],[105.54872,20.98343],[105.54708,20.98249],[105.54624,20.98249],[105.54436,20.98081],[105.54161,20.97911],[105.54045,20.97909],[105.53943,20.97987],[105.53798,20.9789],[105.53579,20.97975],[105.5354,20.9792],[105.53572,20.97841],[105.53468,20.9782],[105.53421,20.97769],[105.53334,20.97861],[105.53073,20.97981],[105.53017,20.97944],[105.53039,20.9791],[105.52952,20.97816],[105.52699,20.98131],[105.52488,20.9904],[105.51696,20.99028],[105.50483,20.98954],[105.49855,20.99048],[105.49483,20.99171],[105.49174,20.99317],[105.48846,20.99522],[105.46634,21.0118],[105.46405,21.01269],[105.46125,21.01312],[105.46509,21.01801],[105.48623,21.0398],[105.48842,21.04173],[105.49834,21.04721],[105.50122,21.04821],[105.50489,21.0489],[105.50524,21.04843]]]]}},
{"type":"Feature","id":"10003","properties":{"Ward_Code":"10003","Ward_Code_Num":10003,"Ward":"Tây Phương","Ward_Alt":"Tây Phương","Ward_Upper":"TÂY PHƯƠNG","Ward_Full":"Xã Tây Phương","Ward_Full_Alt":"Xã Tây Phương","Ward_Full_Upper_Alt":"XÃ TÂY PHƯƠNG","Ward_Type":"Xã","Province_Code":"01","Province":"Hà Nội","Province_Upper_Alt":"HÀ NỘI"},"geometry":{"type":"MultiPolygon","coordinates":[[[[105.63473,21.04417],[105.63446,21.04406],[105.63551,21.0412],[105.63457,21.04116],[105.63455,21.03668],[105.63233,21.03699],[105.63216,21.03556],[105.63315,21.03543],[105.63074,21.02703],[105.6342,21.02512],[105.63269,21.02242],[105.63226,21.02257],[105.62792,21.01763],[105.63168,21.01423],[105.63227,21.014],[105.63471,21.01633],[105.63814,21.01321],[105.63895,21.01322],[105.64001,21.01069],[105.63973,21.0035],[105.62115,21.00166],[105.61446,21.00133],[105.61502,21.00825],[105.60293,21.00507],[105.60206,21.00502],[105.60023,21.00578],[105.59831,21.00885],[105.59586,21.01344],[105.59607,21.01348],[105.59524,21.01537],[105.59385,21.01751],[105.5948,21.01952],[105.59238,21.02239],[105.5914,21.02174],[105.59102,21.02236],[105.59081,21.02216],[105.5895,21.0234],[105.58918,21.02409],[105.58782,21.02434],[105.58762,21.02418],[105.58786,21.02387],[105.58746,21.02349],[105.58725,21.02378],[105.58576,21.02333],[105.58599,21.0243],[105.58373,21.02526],[105.58323,21.02578],[105.58305,21.02661],[105.58371,21.02868],[105.58459,21.02899],[105.58518,21.02976],[105.58485,21.03006],[105.58535,21.0301],[105.58575,21.03153],[105.58635,21.03169],[105.5862,21.032],[105.58758,21.03243],[105.58525,21.03532],[105.58641,21.036],[105.58687,21.0378],[105.5877,21.03806],[105.58769,21.0386],[105.58924,21.03923],[105.58765,21.04195],[105.58797,21.04213],[105.5878,21.04252],[105.58904,21.04244],[105.59033,21.04331],[105.59157,21.04588],[105.59192,21.04593],[105.59174,21.04705],[105.59092,21.0477],[105.59121,21.04821],[105.59072,21.04866],[105.59038,21.05036],[105.59083,21.05259],[105.59025,21.05238],[105.58946,21.05318],[105.58861,21.05536],[105.58872,21.05611],[105.588,21.0564],[105.58947,21.05786],[105.58993,21.05893],[105.59071,21.05861],[105.59114,21.05957],[105.59185,21.05931],[105.59273,21.0595],[105.59288,21.06015],[105.59137,21.06238],[105.59152,21.06344],[105.59184,21.06394],[105.59294,21.06383],[105.59357,21.06418],[105.59363,21.06528],[105.5944,21.06714],[105.5939,21.0711],[105.59453,21.07246],[105.59443,21.0734],[105.59304,21.07441],[105.58776,21.07387],[105.58747,21.07605],[105.59219,21.07688],[105.59212,21.07762],[105.59352,21.07786],[105.59452,21.07699],[105.59496,21.07466],[105.59839,21.0736],[105.60123,21.07328],[105.6032,21.07211],[105.60724,21.07048],[105.60813,21.07139],[105.60834,21.07128],[105.60931,21.07254],[105.61579,21.06756],[105.61602,21.06794],[105.61511,21.06862],[105.61647,21.06953],[105.61729,21.06792],[105.61929,21.06751],[105.62437,21.06485],[105.62673,21.06294],[105.62881,21.0604],[105.62966,21.06005],[105.62875,21.05968],[105.63212,21.05241],[105.63064,21.05122],[105.63473,21.04417]]]]}},
{"type":"Feature","id":"10015","properties":{"Ward_Code":"10015","Ward_Code_Num":10015,"Ward":"Chương Mỹ","Ward_Alt":"Chương Mỹ","Ward_Upper":"CHƯƠNG MỸ","Ward_Full":"Phường Chương Mỹ","Ward_Full_Alt":"Phường Chương Mỹ","Ward_Full_Upper_Alt":"PHƯỜNG CHƯƠNG MỸ","Ward_Type":"Phường","Province_Code":"01","Province":"Hà Nội","Province_Upper_Alt":"HÀ NỘI"},"geometry":{"type":"MultiPolygon","coordinates":[[[[105.69554,20.96475],[105.69619,20.96438],[105.69639,20.96378],[105.6951,20.96093],[105.6952,20.95993],[105.69337,20.95673],[105.69359,20.9558],[105.6945,20.9552],[105.69637,20.9549],[105.69748,20.95688],[105.6992,20.95588],[105.70089,20.95733],[105.70448,20.95682],[105.70464,20.95786],[105.70611,20.95728],[105.70724,20.95629],[105.7091,20.95776],[105.71094,20.95627],[105.71148,20.95616],[105.71164,20.95572],[105.71227,20.95588],[105.71224,20.95551],[105.71254,20.95554],[105.71404,20.95619],[105.71516,20.95608],[105.71708,20.95498],[105.71804,20.95386],[105.72023,20.95381],[105.72257,20.95269],[105.72512,20.95096],[105.72258,20.94882],[105.71836,20.94706],[105.71401,20.94472],[105.7117,20.94176],[105.71131,20.93979],[105.71161,20.93857],[105.71283,20.93687],[105.71519,20.93513],[105.7168,20.93459],[105.7192,20.93444],[105.72082,20.93488],[105.72221,20.93606],[105.72331,20.93781],[105.72396,20.94099],[105.72448,20.94106],[105.72526,20.94047],[105.72691,20.93769],[105.72995,20.92969],[105.73039,20.92702],[105.73013,20.9255],[105.73031,20.92384],[105.72989,20.92137],[105.73021,20.91804],[105.73209,20.91523],[105.73443,20.91383],[105.73643,20.91305],[105.7361,20.91172],[105.73221,20.90899],[105.73091,20.90755],[105.72954,20.90558],[105.72802,20.90218],[105.72671,20.90009],[105.72317,20.89609],[105.71773,20.89857],[105.70069,20.89862],[105.70079,20.89588],[105.70406,20.88558],[105.70133,20.88551],[105.70126,20.88601],[105.70076,20.886],[105.70038,20.88656],[105.70046,20.8875],[105.6978,20.8873],[105.69781,20.8882],[105.69724,20.88824],[105.69723,20.88897],[105.69663,20.88891],[105.6968,20.89026],[105.6927,20.89045],[105.68754,20.8898],[105.68672,20.89091],[105.6832,20.88801],[105.68061,20.89236],[105.67693,20.89104],[105.6768,20.89293],[105.67518,20.89524],[105.67546,20.89561],[105.67518,20.89628],[105.67551,20.89657],[105.67502,20.8984],[105.67538,20.89902],[105.67517,20.89973],[105.67606,20.90009],[105.6761,20.90042],[105.67707,20.90057],[105.67548,20.90633],[105.67261,20.91364],[105.67655,20.91737],[105.67703,20.91837],[105.67742,20.9235],[105.67669,20.92406],[105.67521,20.92365],[105.67496,20.92888],[105.67297,20.92884],[105.67297,20.9292],[105.67238,20.92917],[105.67224,20.92957],[105.67231,20.93089],[105.67407,20.93078],[105.67415,20.93286],[105.67343,20.93324],[105.67104,20.93314],[105.67094,20.93502],[105.66501,20.9348],[105.66478,20.94014],[105.66264,20.94002],[105.66211,20.94916],[105.66334,20.9489],[105.67656,20.95154],[105.67841,20.95071],[105.67956,20.95165],[105.6791,20.95218],[105.67906,20.95278],[105.67968,20.95335],[105.67971,20.95446],[105.68332,20.95538],[105.68296,20.95793],[105.68645,20.95848],[105.68593,20.96096],[105.6878,20.96149],[105.68756,20.96206],[105.68869,20.96224],[105.6899,20.962],[105.69038,20.96247],[105.69262,20.96154],[105.6952,20.96471],[105.69554,20.96475]]]]}},
{"type":"Feature","id":"10030","properties":{"Ward_Code":"10030","Ward_Code_Num":10030,"Ward":"Phú Nghĩa","Ward_Alt":"Phú Nghĩa","Ward_Upper":"PHÚ NGHĨA","Ward_Full":"Xã Phú Nghĩa","Ward_Full_Alt":"Xã Phú Nghĩa","Ward_Full_Upper_Alt":"XÃ PHÚ NGHĨA","Ward_Type":"Xã","Province_Code":"01","Province":"Hà Nội","Province_Upper_Alt":"HÀ NỘI"},"geometry":{"type":"MultiPolygon","coordinates":[[[[105.66211,20.94916],[105.66264,20.94002],[105.66478,20.94014],[105.66501,20.9348],[105.67094,20.93502],[105.67104,20.93314],[105.67387,20.93314],[105.67429,20.93237],[105.67407,20.93078],[105.67231,20.93089],[105.67214,20.93003],[105.67238,20.92917],[105.67297,20.9292],[105.67297,20.92884],[105.67496,20.92888],[105.67521,20.92365],[105.67669,20.92406],[105.67742,20.9235],[105.67703,20.91837],[105.67655,20.91737],[105.67261,20.91364],[105.67548,20.90633],[105.67707,20.90057],[105.6761,20.90042],[105.67606,20.90009],[105.67511,20.89957],[105.67317,20.89979],[105.67327,20.89883],[105.67425,20.89824],[105.67425,20.89784],[105.67112,20.89776],[105.67017,20.89742],[105.66965,20.89665],[105.67001,20.8956],[105.66818,20.89602],[105.668,20.89664],[105.66734,20.89648],[105.66629,20.89618],[105.66689,20.89502],[105.6663,20.89455],[105.66575,20.89479],[105.66517,20.89385],[105.65842,20.89164],[105.65788,20.89185],[105.65645,20.89162],[105.65618,20.89219],[105.65538,20.89273],[105.65548,20.89174],[105.65447,20.89162],[105.65374,20.89017],[105.65313,20.88998],[105.65163,20.89047],[105.65012,20.88671],[105.64939,20.88719],[105.64865,20.88685],[105.64861,20.88624],[105.64641,20.88588],[105.64576,20.88416],[105.64752,20.88304],[105.64692,20.88183],[105.64877,20.88117],[105.64865,20.88071],[105.64302,20.88168],[105.64224,20.88205],[105.64168,20.88395],[105.64233,20.88849],[105.64097,20.88955],[105.63695,20.89146],[105.63563,20.89263],[105.63494,20.89169],[105.63202,20.89305],[105.63154,20.89208],[105.63097,20.89208],[105.63,20.89113],[105.6303,20.89017],[105.62914,20.88977],[105.62898,20.88938],[105.62787,20.88953],[105.62741,20.89068],[105.62712,20.89059],[105.62701,20.89136],[105.62515,20.8916],[105.62337,20.89234],[105.62009,20.89553],[105.61908,20.89535],[105.61862,20.89482],[105.61701,20.89055],[105.61636,20.88982],[105.61268,20.88922],[105.61195,20.8888],[105.61121,20.8876],[105.6094,20.88748],[105.60916,20.88814],[105.60977,20.89169],[105.61103,20.8951],[105.6118,20.89545],[105.6131,20.89538],[105.61312,20.89719],[105.61361,20.89716],[105.61368,20.89746],[105.61215,20.89827],[105.61218,20.89872],[105.61138,20.89921],[105.61068,20.90135],[105.61111,20.90183],[105.61242,20.90212],[105.6124,20.90264],[105.61174,20.90351],[105.61227,20.90433],[105.61343,20.90464],[105.61409,20.90568],[105.61408,20.90642],[105.61257,20.9077],[105.6125,20.90916],[105.61197,20.90945],[105.61095,20.90874],[105.61064,20.90925],[105.60989,20.90862],[105.60866,20.909],[105.60833,20.90845],[105.60804,20.90861],[105.60762,20.90834],[105.60734,20.90865],[105.60658,20.90829],[105.60578,20.9094],[105.60652,20.90961],[105.60536,20.91093],[105.60432,20.91036],[105.60422,20.91109],[105.60496,20.91159],[105.60421,20.91283],[105.60369,20.91285],[105.60342,20.91356],[105.60122,20.91454],[105.59784,20.9147],[105.59755,20.91745],[105.59775,20.91792],[105.59925,20.9183],[105.60238,20.91829],[105.6025,20.91907],[105.60123,20.92074],[105.60217,20.92242],[105.60431,20.92236],[105.60587,20.92397],[105.60854,20.92322],[105.60935,20.92327],[105.61509,20.92586],[105.61565,20.92754],[105.6155,20.92831],[105.61279,20.931],[105.61282,20.93178],[105.61401,20.93281],[105.61502,20.93303],[105.61622,20.93214],[105.6172,20.9301],[105.61843,20.93006],[105.61899,20.93034],[105.62045,20.93273],[105.61998,20.93328],[105.6187,20.93386],[105.61832,20.93592],[105.61792,20.93627],[105.61996,20.93646],[105.62363,20.93818],[105.62208,20.94007],[105.6243,20.94041],[105.62456,20.94089],[105.62602,20.94115],[105.62602,20.94286],[105.62628,20.94326],[105.62676,20.94331],[105.6266,20.94396],[105.62744,20.94533],[105.6283,20.94622],[105.6287,20.94592],[105.62929,20.94621],[105.6292,20.94664],[105.63061,20.94731],[105.62991,20.94812],[105.6328,20.94988],[105.63394,20.95574],[105.63633,20.9554],[105.63633,20.95453],[105.63939,20.95497],[105.63937,20.95409],[105.64168,20.95538],[105.6449,20.95218],[105.6456,20.95231],[105.64622,20.95109],[105.65188,20.95165],[105.66211,20.94916]]]]}},
{"type":"Feature","id":"10045","properties":{"Ward_Code":"10045","Ward_Code_Num":10045,"Ward":"Xuân Mai","Ward_Alt":"Xuân Mai","Ward_Upper":"XUÂN MAI","Ward_Full":"Xã Xuân Mai","Ward_Full_Alt":"Xã Xuân Mai","Ward_Full_Upper_Alt":"XÃ XUÂN MAI","Ward_Type":"Xã","Province_Code":"01","Province":"Hà Nội","Province_Upper_Alt":"HÀ NỘI"},"geometry":{"type":"MultiPolygon","coordinates":[[[[105.57908,20.91507],[105.57941,20.91446],[105.58019,20.91431],[105.58018,20.91244],[105.58228,20.91235],[105.58236,20.91142],[105.58139,20.91053],[105.58204,20.90969],[105.58303,20.91066],[105.58397,20.91059],[105.58466,20.90998],[105.58587,20.91121],[105.58719,20.91118],[105.58808,20.91231],[105.59058,20.91267],[105.59227,20.91261],[105.59239,20.91239],[105.59176,20.91174],[105.59274,20.91104],[105.59296,20.91264],[105.59377,20.91346],[105.59455,20.91369],[105.59587,20.91292],[105.5974,20.91277],[105.59791,20.91335],[105.59784,20.9147],[105.59843,20.91471],[105.6017,20.91444],[105.60342,20.91356],[105.60369,20.91285],[105.60421,20.91283],[105.60496,20.91159],[105.60422,20.91109],[105.60432,20.91036],[105.60536,20.91093],[105.60652,20.90961],[105.60578,20.9094],[105.60658,20.90829],[105.60734,20.90865],[105.60762,20.90834],[105.60804,20.90861],[105.60833,20.90845],[105.60866,20.909],[105.60989,20.90862],[105.61064,20.90925],[105.61095,20.90874],[105.61197,20.90945],[105.6125,20.90916],[105.61251,20.90781],[105.61386,20.90678],[105.61416,20.90591],[105.61343,20.90464],[105.61227,20.90433],[105.61174,20.90351],[105.6124,20.90264],[105.61242,20.90212],[105.61097,20.90175],[105.61065,20.90106],[105.61138,20.89921],[105.61218,20.89872],[105.61223,20.89821],[105.6136,20.89772],[105.61365,20.89722],[105.61312,20.89719],[105.6131,20.89538],[105.6118,20.89545],[105.61103,20.8951],[105.60977,20.89169],[105.60916,20.88814],[105.6094,20.88748],[105.61121,20.8876],[105.61195,20.8888],[105.61268,20.88922],[105.61636,20.88982],[105.61701,20.89055],[105.61862,20.89482],[105.61908,20.89535],[105.62009,20.89553],[105.62337,20.89234],[105.62515,20.8916],[105.62701,20.89136],[105.62712,20.89059],[105.62741,20.89068],[105.62787,20.88953],[105.62898,20.88938],[105.62914,20.88977],[105.6303,20.89017],[105.63,20.89113],[105.63097,20.89208],[105.63154,20.89208],[105.63204,20.89305],[105.63494,20.89169],[105.63563,20.89263],[105.63765,20.89104],[105.64174,20.88911],[105.64244,20.88805],[105.64187,20.88649],[105.64168,20.88395],[105.64224,20.88205],[105.63887,20.88013],[105.63669,20.88079],[105.63458,20.87508],[105.63116,20.87414],[105.6312,20.87378],[105.62971,20.87328],[105.63,20.8723],[105.63145,20.87233],[105.63169,20.87122],[105.63054,20.87076],[105.62965,20.86985],[105.62979,20.86943],[105.6302,20.86933],[105.63126,20.87006],[105.63171,20.86996],[105.63111,20.86937],[105.6319,20.86886],[105.63182,20.86855],[105.63117,20.8684],[105.63164,20.86741],[105.63073,20.86784],[105.62902,20.86759],[105.62872,20.86742],[105.62853,20.86644],[105.62725,20.86522],[105.62547,20.86533],[105.62569,20.86482],[105.62542,20.86448],[105.62552,20.86384],[105.62614,20.86313],[105.62544,20.86323],[105.62524,20.86205],[105.62445,20.8621],[105.62392,20.86176],[105.62429,20.86001],[105.62374,20.85932],[105.62374,20.85682],[105.62286,20.85644],[105.62185,20.85469],[105.62222,20.85448],[105.62193,20.85321],[105.62267,20.85222],[105.62236,20.85193],[105.62054,20.85132],[105.62011,20.85104],[105.62031,20.85085],[105.62011,20.85068],[105.619,20.85064],[105.61794,20.85004],[105.61759,20.84907],[105.61362,20.84842],[105.61043,20.84942],[105.60805,20.85085],[105.60116,20.85214],[105.59896,20.8506],[105.59911,20.84994],[105.5995,20.85],[105.60014,20.84877],[105.6005,20.84994],[105.60118,20.84969],[105.60135,20.84768],[105.60205,20.84695],[105.60229,20.84573],[105.60268,20.84551],[105.60351,20.84636],[105.60469,20.84661],[105.60535,20.84732],[105.60606,20.84652],[105.60643,20.8466],[105.6065,20.8477],[105.60748,20.84845],[105.60764,20.84792],[105.6083,20.84756],[105.60828,20.84486],[105.60862,20.84481],[105.6086,20.84419],[105.61007,20.84201],[105.60891,20.84076],[105.60916,20.84045],[105.60911,20.83943],[105.60791,20.83912],[105.60873,20.83843],[105.60882,20.83795],[105.60766,20.83798],[105.60695,20.83866],[105.60598,20.83803],[105.60453,20.83834],[105.60407,20.83879],[105.6029,20.83793],[105.59994,20.84118],[105.59796,20.84184],[105.59797,20.8412],[105.59772,20.84113],[105.59672,20.84184],[105.59631,20.84147],[105.59653,20.84026],[105.59781,20.83863],[105.59697,20.83831],[105.59653,20.83734],[105.59719,20.83609],[105.59664,20.83575],[105.5966,20.83467],[105.59729,20.83428],[105.59702,20.83376],[105.59776,20.83349],[105.59669,20.83172],[105.59473,20.83048],[105.59191,20.8309],[105.5904,20.83064],[105.589,20.83151],[105.5881,20.83133],[105.58766,20.82994],[105.58722,20.82971],[105.58663,20.82648],[105.58734,20.82498],[105.58734,20.8239],[105.58785,20.82275],[105.58777,20.82048],[105.58718,20.81973],[105.58463,20.81882],[105.58384,20.81755],[105.58319,20.81447],[105.58341,20.81179],[105.5813,20.81158],[105.57824,20.80924],[105.57519,20.80794],[105.57168,20.80865],[105.57052,20.80836],[105.56624,20.80842],[105.56428,20.80946],[105.56308,20.80874],[105.55916,20.80826],[105.5572,20.8074],[105.55579,20.80606],[105.55472,20.80646],[105.55339,20.80647],[105.55204,20.80716],[105.55088,20.80921],[105.55826,20.81229],[105.55853,20.81495],[105.55942,20.81591],[105.56005999999999,20.81739],[105.56016,20.81868],[105.56214,20.82275],[105.56278,20.82295],[105.56457,20.82255],[105.56617,20.82166],[105.56748,20.82201],[105.57085,20.82168],[105.57347,20.8222],[105.57445,20.82209],[105.5754,20.82256],[105.57637,20.82405],[105.57934,20.82646],[105.57955,20.8272],[105.57904,20.82795],[105.57961,20.82856],[105.58038,20.83073],[105.58046,20.83208],[105.58014,20.83328],[105.58114,20.83582],[105.58164,20.83604],[105.58146,20.83684],[105.58325,20.83752],[105.58353,20.8388],[105.58448,20.83888],[105.58473,20.83959],[105.58607,20.84027],[105.58626,20.8408],[105.58525,20.84172],[105.58525,20.84234],[105.58561,20.84267],[105.5873,20.84286],[105.58759,20.84357],[105.58724,20.84398],[105.58812,20.8451],[105.5881,20.84545],[105.58764,20.84549],[105.58687,20.84431],[105.58627,20.84407],[105.58609,20.84472],[105.58539,20.84484],[105.58577,20.84555],[105.58567,20.84602],[105.58635,20.84623],[105.58588,20.84668],[105.58674,20.84709],[105.58699,20.84772],[105.58702,20.84904],[105.58742,20.84906],[105.58768,20.84956],[105.58699,20.85013],[105.58693,20.8508],[105.58611,20.85124],[105.58628,20.85349],[105.5851,20.85459],[105.58502,20.85575],[105.5855,20.85684],[105.58524,20.85699],[105.58541,20.8574],[105.58261,20.85918],[105.58109,20.86086],[105.58022,20.86248],[105.57942,20.86145],[105.57547,20.86401],[105.57564,20.86632],[105.575,20.86625],[105.57361,20.86769],[105.57314,20.8691],[105.57198,20.86888],[105.57123,20.8691],[105.5706,20.86985],[105.56967,20.87024],[105.56882,20.87185],[105.56792,20.87258],[105.56735,20.87236],[105.56692,20.87265],[105.56279,20.87322],[105.56326,20.87432],[105.56316,20.8756],[105.5634,20.87606],[105.56303,20.87627],[105.56127,20.87546],[105.5606,20.87732],[105.55956,20.8774],[105.55962,20.8785],[105.55908,20.87865],[105.55915,20.87927],[105.56022,20.87955],[105.55996,20.87997],[105.55941,20.88009],[105.55936,20.88085],[105.55638,20.87956],[105.55402,20.87976],[105.55363,20.88047],[105.5537,20.88259],[105.55277,20.88275],[105.55271,20.88314],[105.55616,20.88371],[105.55603,20.88505],[105.55499,20.8863],[105.55562,20.88684],[105.5556,20.88748],[105.55638,20.88789],[105.55638,20.88841],[105.55677,20.8885],[105.55692,20.88959],[105.5596,20.89089],[105.55941,20.89129],[105.55986,20.89173],[105.56011,20.89292],[105.55992,20.89412],[105.56038,20.89473],[105.56038,20.89555],[105.56098,20.89695],[105.56067,20.89733],[105.56099,20.8979],[105.56199,20.8986],[105.56338,20.89851],[105.56333,20.89908],[105.56237,20.89926],[105.56141,20.90056],[105.56048,20.90109],[105.55944,20.90126],[105.5597,20.9019],[105.55546,20.90476],[105.55642,20.9063],[105.55703,20.90666],[105.55781,20.9065],[105.55975,20.90531],[105.56003,20.90552],[105.55846,20.9067],[105.55856,20.90737],[105.55753,20.908],[105.56007,20.90988],[105.56056,20.90996],[105.56149,20.90918],[105.56209,20.90936],[105.56282,20.90887],[105.56899,20.91154],[105.57232,20.91354],[105.57531,20.91353],[105.57586,20.91431],[105.57712,20.91489],[105.57711,20.91541],[105.57823,20.91553],[105.57908,20.91507]]]]}},
{"type":"Feature","id":"10072","properties":{"Ward_Code":"10072","Ward_Code_Num":10072,"Ward":"Quảng Bị","Ward_Alt":"Quảng Bị","Ward_Upper":"QUẢNG BỊ","Ward_Full":"Xã Quảng Bị","Ward_Full_Alt":"Xã Quảng Bị","Ward_Full_Upper_Alt":"XÃ QUẢNG BỊ","Ward_Type":"Xã","Province_Code":"01","Province":"Hà Nội","Province_Upper_Alt":"HÀ NỘI"},"geometry":{"type":"MultiPolygon","coordinates":[[[[105.67511,20.89957],[105.67538,20.89902],[105.67502,20.8984],[105.6751,20.89772],[105.67551,20.89657],[105.67518,20.89628],[105.67546,20.89561],[105.67518,20.89524],[105.6768,20.89293],[105.67693,20.89104],[105.68061,20.89236],[105.6832,20.88801],[105.68672,20.89091],[105.68754,20.8898],[105.6927,20.89045],[105.6968,20.89026],[105.69663,20.88891],[105.69723,20.88897],[105.69724,20.88824],[105.69781,20.8882],[105.6978,20.8873],[105.70046,20.8875],[105.70038,20.88656],[105.70076,20.886],[105.70126,20.88601],[105.70133,20.88551],[105.70406,20.88558],[105.70079,20.89588],[105.70069,20.89862],[105.71787,20.89855],[105.72317,20.89609],[105.72239,20.89444],[105.72351,20.89332],[105.72498,20.8931],[105.72943,20.89382],[105.73108,20.89372],[105.73415,20.89302],[105.73622,20.892],[105.73854,20.88838],[105.73924,20.88476],[105.73881,20.87902],[105.73767,20.87533],[105.73663,20.87402],[105.73514,20.87312],[105.73414,20.87305],[105.73251,20.87385],[105.73034,20.87592],[105.72917,20.87595],[105.7284,20.87484],[105.72869,20.87167],[105.73153,20.86714],[105.73676,20.86248],[105.73904,20.8609],[105.74042,20.86042],[105.74203,20.85903],[105.74298,20.85889],[105.74399,20.85809],[105.74542,20.8578],[105.74648,20.85708],[105.74958,20.85606],[105.7508,20.85606],[105.75257,20.85462],[105.75358,20.85436],[105.75458,20.85299],[105.7554,20.85258],[105.75624,20.85114],[105.75612,20.84858],[105.7554,20.84802],[105.74985,20.84659],[105.746,20.84628],[105.74163,20.84669],[105.73622,20.84516],[105.73549,20.84467],[105.73484,20.84471],[105.73467,20.84509],[105.73318,20.84505],[105.72869,20.85167],[105.72715,20.85084],[105.72571,20.85439],[105.72459,20.85512],[105.72398,20.85491],[105.72076,20.85656],[105.72008,20.85697],[105.71968,20.85791],[105.71904,20.85846],[105.71672,20.85937],[105.71549,20.859],[105.71501,20.85837],[105.71374,20.85822],[105.71267,20.85847],[105.71154,20.85609],[105.70948,20.85666],[105.70968,20.85384],[105.71142,20.85365],[105.71138,20.85148],[105.7107,20.85082],[105.70897,20.85136],[105.70649,20.84783],[105.70114,20.84789],[105.70082,20.84757],[105.70016,20.84767],[105.70022,20.84872],[105.69914,20.84837],[105.69838,20.84855],[105.69758,20.84804],[105.69642,20.84621],[105.695,20.84652],[105.69302,20.84624],[105.68887,20.84366],[105.68541,20.84415],[105.6849,20.84467],[105.68459,20.84568],[105.68553,20.84982],[105.68527,20.85254],[105.68458,20.8539],[105.68177,20.85661],[105.68039,20.85861],[105.67962,20.86025],[105.67882,20.86387],[105.67793,20.86457],[105.67647,20.86481],[105.67636,20.86513],[105.6773,20.86609],[105.67389,20.87028],[105.67302,20.87081],[105.67269,20.86989],[105.67104,20.86958],[105.6693,20.87228],[105.66786,20.87154],[105.66694,20.87168],[105.66528,20.87079],[105.66448,20.87131],[105.66386,20.873],[105.66666,20.87408],[105.66567,20.87636],[105.66535,20.87687],[105.66399,20.87623],[105.6635,20.87684],[105.66252,20.87602],[105.66199,20.87626],[105.66161,20.87593],[105.66138,20.87607],[105.66222,20.8772],[105.66145,20.87755],[105.66057,20.8785],[105.6607,20.87932],[105.65391,20.87917],[105.65297,20.8787],[105.65168,20.87677],[105.65018,20.87542],[105.64924,20.87548],[105.6488,20.87599],[105.64876,20.87667],[105.64975,20.88025],[105.64865,20.88071],[105.64877,20.88117],[105.64692,20.88183],[105.64752,20.88304],[105.64576,20.88416],[105.64641,20.88588],[105.64861,20.88624],[105.64865,20.88685],[105.64939,20.88719],[105.65012,20.88671],[105.65163,20.89047],[105.65313,20.88998],[105.65374,20.89017],[105.65447,20.89162],[105.65548,20.89174],[105.65538,20.89273],[105.65618,20.89219],[105.65645,20.89162],[105.65788,20.89185],[105.65842,20.89164],[105.66517,20.89385],[105.66575,20.89479],[105.6663,20.89455],[105.66689,20.89502],[105.66629,20.89618],[105.668,20.89664],[105.66818,20.89602],[105.67001,20.8956],[105.66965,20.89665],[105.67017,20.89742],[105.67112,20.89776],[105.67425,20.89784],[105.67425,20.89824],[105.67327,20.89883],[105.67308,20.89972],[105.67511,20.89957]]]]}},
{"type":"Feature","id":"10081","properties":{"Ward_Code":"10081","Ward_Code_Num":10081,"Ward":"Trần Phú","Ward_Alt":"Trần Phú","Ward_Upper":"TRẦN PHÚ","Ward_Full":"Xã Trần Phú","Ward_Full_Alt":"Xã Trần Phú","Ward_Full_Upper_Alt":"XÃ TRẦN PHÚ","Ward_Type":"Xã","Province_Code":"01","Province":"Hà Nội","Province_Upper_Alt":"HÀ NỘI"},"geometry":{"type":"MultiPolygon","coordinates":[[[[105.64975,20.88023],[105.64876,20.87667],[105.6488,20.87599],[105.64924,20.87548],[105.65018,20.87542],[105.65168,20.87677],[105.65297,20.8787],[105.65391,20.87917],[105.6607,20.87932],[105.66057,20.8785],[105.66145,20.87755],[105.66222,20.8772],[105.66138,20.87607],[105.66161,20.87593],[105.66199,20.87626],[105.66252,20.87602],[105.6635,20.87684],[105.66399,20.87623],[105.66535,20.87687],[105.66567,20.87636],[105.66666,20.87408],[105.66386,20.873],[105.66448,20.87131],[105.66528,20.87079],[105.66694,20.87168],[105.66786,20.87154],[105.6693,20.87228],[105.67104,20.86958],[105.67269,20.86989],[105.67302,20.87081],[105.67418,20.86995],[105.6773,20.86609],[105.67636,20.86513],[105.67647,20.86481],[105.67793,20.86457],[105.67882,20.86387],[105.67962,20.86025],[105.68039,20.85861],[105.68177,20.85661],[105.68458,20.8539],[105.68527,20.85254],[105.68553,20.84982],[105.68459,20.84568],[105.6849,20.84467],[105.68578,20.84403],[105.6856,20.84137],[105.68622,20.84166],[105.68683,20.84091],[105.68669,20.83965],[105.68701,20.83722],[105.68958,20.83762],[105.69089,20.83102],[105.68867,20.83079],[105.6856,20.82948],[105.68673,20.82789],[105.68571,20.82779],[105.68532,20.82626],[105.68499,20.82605],[105.68469,20.82652],[105.68436,20.82648],[105.68349,20.82584],[105.68229,20.82731],[105.68084,20.8269],[105.68071,20.82635],[105.679,20.82604],[105.67861,20.82623],[105.67835,20.82716],[105.67485,20.82634],[105.67387,20.82531],[105.67458,20.82468],[105.67429,20.8241],[105.67347,20.82471],[105.67246,20.82461],[105.67241,20.82398],[105.67139,20.82385],[105.67033,20.82259],[105.66825,20.8224],[105.667,20.82122],[105.66613,20.82111],[105.66626,20.82066],[105.66274,20.81897],[105.6612,20.81859],[105.66085,20.81786],[105.65812,20.81656],[105.65763,20.81527],[105.657,20.8149],[105.65948,20.81425],[105.66286,20.80835],[105.66017,20.8086],[105.65835,20.8082],[105.6562,20.80897],[105.64942,20.80953],[105.65009,20.80428],[105.65054,20.79512],[105.65045,20.79436],[105.64763,20.79361],[105.64792,20.79248],[105.6484,20.7921],[105.6463,20.79228],[105.6465,20.79461],[105.64588,20.79564],[105.64574,20.79655],[105.64496,20.79633],[105.64359,20.79274],[105.6429,20.79304],[105.64208,20.79282],[105.64238,20.79227],[105.64128,20.79179],[105.64098,20.79186],[105.6409,20.79271],[105.64055,20.79291],[105.64004,20.7928],[105.63724,20.7937],[105.63599,20.79531],[105.63543,20.79522],[105.63484,20.79378],[105.63381,20.79297],[105.63167,20.7932],[105.63076,20.79348],[105.63065,20.79392],[105.63318,20.79616],[105.63324,20.79781],[105.6343,20.79933],[105.63466,20.80058],[105.63418,20.8021],[105.63434,20.80236],[105.63251,20.80298],[105.63252,20.80409],[105.63307,20.80564],[105.63226,20.80793],[105.6322,20.80987],[105.63112,20.81119],[105.63184,20.81164],[105.63183,20.8128],[105.6322,20.81376],[105.63087,20.81402],[105.63124,20.81492],[105.63056,20.81589],[105.62823,20.81543],[105.62804,20.81444],[105.62699,20.81426],[105.62732,20.81498],[105.62707,20.81588],[105.62771,20.81589],[105.62759,20.81662],[105.62796,20.81617],[105.62878,20.81608],[105.62941,20.81624],[105.62939,20.81662],[105.63123,20.81712],[105.63107,20.81775],[105.63157,20.8186],[105.63147,20.81903],[105.63225,20.81992],[105.63193,20.8204],[105.63131,20.8204],[105.63039,20.81983],[105.63054,20.82054],[105.63024,20.82082],[105.63281,20.8208],[105.63313,20.82165],[105.63367,20.82162],[105.63417,20.82217],[105.63515,20.82199],[105.63561,20.8215],[105.63655,20.82149],[105.63979,20.82393],[105.6412,20.82415],[105.64099,20.82537],[105.64194,20.82609],[105.64211,20.82758],[105.64178,20.82842],[105.64122,20.82878],[105.64142,20.82911],[105.64054,20.82994],[105.64093,20.83062],[105.6424,20.83107],[105.64168,20.83303],[105.6363,20.83203],[105.63544,20.83292],[105.63617,20.83539],[105.6353,20.83582],[105.63525,20.83621],[105.63668,20.83905],[105.63667,20.83937],[105.63609,20.83931],[105.63535,20.83916],[105.63497,20.83861],[105.63379,20.83852],[105.63377,20.83695],[105.63206,20.83531],[105.62846,20.83433],[105.62575,20.83275],[105.6249,20.83261],[105.62404,20.8318],[105.62171,20.83189],[105.61962,20.8306],[105.61784,20.83045],[105.61888,20.8319],[105.61752,20.83152],[105.61592,20.8318],[105.61522,20.83396],[105.61389,20.83562],[105.61273,20.83544],[105.61168,20.8358],[105.61082,20.83678],[105.61072,20.8374],[105.60996,20.83803],[105.60952,20.83777],[105.60882,20.83795],[105.60873,20.83843],[105.60796,20.83903],[105.60911,20.83943],[105.60916,20.84045],[105.60891,20.84076],[105.61007,20.84201],[105.6086,20.84419],[105.60862,20.84481],[105.60828,20.84486],[105.6084,20.84739],[105.60764,20.84792],[105.60754,20.84844],[105.6065,20.8477],[105.60643,20.8466],[105.60606,20.84652],[105.60535,20.84732],[105.60469,20.84661],[105.60351,20.84636],[105.60268,20.84551],[105.60229,20.84573],[105.60205,20.84695],[105.60135,20.84768],[105.60118,20.84969],[105.6005,20.84994],[105.60014,20.84877],[105.5995,20.85],[105.59911,20.84994],[105.59896,20.8506],[105.60116,20.85214],[105.60805,20.85085],[105.61043,20.84942],[105.61323,20.84842],[105.61759,20.84907],[105.61794,20.85004],[105.619,20.85064],[105.62011,20.85068],[105.62031,20.85081],[105.62011,20.85104],[105.62054,20.85132],[105.62091,20.85124],[105.62267,20.85222],[105.62193,20.85321],[105.62222,20.85448],[105.62185,20.85469],[105.62286,20.85644],[105.62374,20.85682],[105.62374,20.85932],[105.62429,20.86001],[105.62392,20.86176],[105.62445,20.8621],[105.62524,20.86205],[105.62544,20.86323],[105.62614,20.86313],[105.62552,20.86384],[105.62542,20.86448],[105.62569,20.86482],[105.62547,20.86533],[105.62725,20.86522],[105.62853,20.86644],[105.62872,20.86742],[105.62902,20.86759],[105.63073,20.86784],[105.63164,20.86741],[105.63117,20.8684],[105.63182,20.86855],[105.6319,20.86886],[105.63111,20.86937],[105.63171,20.86996],[105.63126,20.87006],[105.6302,20.86933],[105.62979,20.86943],[105.62965,20.86985],[105.63054,20.87076],[105.63169,20.87122],[105.63145,20.87233],[105.63,20.8723],[105.62971,20.87328],[105.6312,20.87378],[105.63116,20.87414],[105.63458,20.87508],[105.63669,20.88079],[105.63887,20.88013],[105.64224,20.88205],[105.64302,20.88168],[105.64866,20.88071],[105.64975,20.88023]]]]}},
{"type":"Feature","id":"10096","properties":{"Ward_Code":"10096","Ward_Code_Num":10096,"Ward":"Hoà Phú","Ward_Alt":"Hòa Phú","Ward_Upper":"HOÀ PHÚ","Ward_Full":"Xã Hoà Phú","Ward_Full_Alt":"Xã Hòa Phú","Ward_Full_Upper_Alt":"XÃ HÒA PHÚ","Ward_Type":"Xã","Province_Code":"01","Province":"Hà Nội","Province_Upper_Alt":"HÀ NỘI"},"geometry":{"type":"MultiPolygon","coordinates":[[[[105.73549,20.84467],[105.73368,20.84232],[105.73383,20.8403],[105.73454,20.8395],[105.73611,20.83883],[105.73909,20.83678],[105.74088,20.83642],[105.745,20.83675],[105.74605,20.83751],[105.74673,20.83763],[105.75049,20.83699],[105.75629,20.83681],[105.75788,20.83704],[105.75796,20.83651],[105.75875,20.83644],[105.7586,20.83518],[105.76117,20.8348],[105.76078,20.83378],[105.75866,20.83132],[105.75523,20.8283],[105.75311,20.82408],[105.75259,20.82063],[105.75269,20.81941],[105.75366,20.81694],[105.75493,20.81512],[105.75529,20.81403],[105.75513,20.81348],[105.75122,20.81151],[105.74906,20.81001],[105.74624,20.8067],[105.74343,20.80509],[105.74183,20.80538],[105.73726,20.80826],[105.7347,20.80918],[105.73256,20.8092],[105.72781,20.80767],[105.72593,20.80742],[105.71477,20.80833],[105.7091,20.80964],[105.70981,20.81223],[105.7098,20.81386],[105.70723,20.81878],[105.70673,20.82432],[105.70686,20.82492],[105.70756,20.82553],[105.70975,20.82609],[105.71049,20.8266],[105.71064,20.82771],[105.70962,20.83009],[105.70882,20.82996],[105.70886,20.82963],[105.70619,20.8297],[105.70614,20.82893],[105.69688,20.82844],[105.69717,20.8265],[105.69589,20.82626],[105.69828,20.82036],[105.69794,20.81965],[105.69835,20.81913],[105.69847,20.81807],[105.69741,20.81771],[105.69696,20.81722],[105.69663,20.81666],[105.69666,20.81585],[105.69532,20.81584],[105.6948,20.81462],[105.69491,20.81424],[105.69382,20.81258],[105.68987,20.81231],[105.68994,20.81276],[105.68863,20.81279],[105.68855,20.81303],[105.68617,20.81278],[105.68599,20.81381],[105.68174,20.81451],[105.682,20.81302],[105.68135,20.81296],[105.68103,20.81361],[105.68062,20.81361],[105.67977,20.81448],[105.67728,20.81476],[105.67662,20.81434],[105.67427,20.81489],[105.67332,20.81459],[105.67295,20.81396],[105.67143,20.81394],[105.67066,20.81574],[105.66938,20.81651],[105.66912,20.8161],[105.66955,20.81567],[105.66951,20.81454],[105.66894,20.81467],[105.66853,20.81584],[105.66803,20.81581],[105.66853,20.8138],[105.66739,20.81279],[105.66598,20.81315],[105.66518,20.81424],[105.66347,20.81533],[105.66275,20.81523],[105.66388,20.81498],[105.6649,20.81408],[105.66421,20.81376],[105.66323,20.81382],[105.66294,20.81411],[105.66068,20.81382],[105.657,20.8149],[105.65763,20.81527],[105.65812,20.81656],[105.66085,20.81786],[105.6612,20.81859],[105.66274,20.81897],[105.66626,20.82066],[105.66613,20.82111],[105.667,20.82122],[105.66825,20.8224],[105.67033,20.82259],[105.67139,20.82385],[105.67241,20.82398],[105.67246,20.82461],[105.67288,20.82477],[105.67359,20.82466],[105.67429,20.8241],[105.67458,20.82468],[105.67387,20.82531],[105.67485,20.82634],[105.67835,20.82716],[105.67861,20.82623],[105.679,20.82604],[105.68071,20.82635],[105.68084,20.8269],[105.68229,20.82731],[105.68349,20.82584],[105.68436,20.82648],[105.68469,20.82652],[105.68492,20.82606],[105.68532,20.82626],[105.68571,20.82779],[105.68673,20.82789],[105.6856,20.82948],[105.68867,20.83079],[105.69089,20.83102],[105.68958,20.83762],[105.68701,20.83722],[105.68669,20.83965],[105.68683,20.84091],[105.68622,20.84166],[105.6856,20.84137],[105.68578,20.84403],[105.68887,20.84366],[105.69302,20.84624],[105.695,20.84652],[105.69642,20.84621],[105.69758,20.84804],[105.69838,20.84855],[105.69914,20.84837],[105.70022,20.84872],[105.70016,20.84767],[105.70082,20.84757],[105.70114,20.84789],[105.70649,20.84783],[105.70897,20.85136],[105.7107,20.85082],[105.71138,20.85148],[105.71142,20.85365],[105.70968,20.85384],[105.70948,20.85666],[105.71154,20.85609],[105.71267,20.85847],[105.71374,20.85822],[105.71501,20.85837],[105.71549,20.859],[105.71711,20.85935],[105.71904,20.85846],[105.71968,20.85791],[105.72008,20.85697],[105.72076,20.85656],[105.72398,20.85491],[105.72441,20.85516],[105.72511,20.85483],[105.72576,20.8543],[105.72715,20.85084],[105.72869,20.85167],[105.73318,20.84505],[105.73467,20.84509],[105.73484,20.84471],[105.73549,20.84467]]]]}},
{"type":"Feature","id":"10114","properties":{"Ward_Code":"10114","Ward_Code_Num":10114,"Ward":"Thanh Oai","Ward_Alt":"Thanh Oai","Ward_Upper":"THANH OAI","Ward_Full":"Xã Thanh Oai","Ward_Full_Alt":"Xã Thanh Oai","Ward_Full_Upper_Alt":"XÃ THANH OAI","Ward_Type":"Xã","Province_Code":"01","Province":"Hà Nội","Province_Upper_Alt":"HÀ NỘI"},"geometry":{"type":"MultiPolygon","coordinates":[[[[105.75195,20.87692],[105.75184,20.87424],[105.75647,20.87466],[105.75696,20.87508],[105.75773,20.87477],[105.75982,20.87487],[105.76729,20.86994],[105.76891,20.86991],[105.77079,20.86533],[105.77194,20.86602],[105.77807,20.8599],[105.78082,20.86181],[105.78167,20.86036],[105.78233,20.86091],[105.78491,20.85824],[105.7905,20.8554],[105.79289,20.85238],[105.79467,20.85217],[105.79554,20.84814],[105.79714,20.8474],[105.79877,20.84811],[105.79945,20.84779],[105.79904,20.84554],[105.80146,20.84354],[105.80124,20.841919999999998],[105.8001,20.8419],[105.8002,20.84016],[105.79693,20.83964],[105.79588,20.83627],[105.79851,20.83173],[105.79622,20.8305],[105.79702,20.82916],[105.79808,20.82929],[105.7986,20.82845],[105.79574,20.8272],[105.79608,20.82655],[105.79218,20.82454],[105.79198,20.82386],[105.78743,20.82444],[105.78741,20.82605],[105.78698,20.82604],[105.78647,20.82727],[105.78607,20.82716],[105.78498,20.82973],[105.78344,20.82871],[105.78524,20.8254],[105.78013,20.82344],[105.77894,20.82321],[105.77839,20.82358],[105.77763,20.82356],[105.77754,20.82321],[105.77671,20.82318],[105.77365,20.82004],[105.7757,20.81374],[105.77541,20.81367],[105.7753,20.81234],[105.7688,20.8116],[105.7691,20.81318],[105.76434,20.81958],[105.76397,20.81926],[105.76293,20.82082],[105.76173,20.81943],[105.76098,20.81981],[105.76213,20.822],[105.75957,20.8228],[105.75904,20.82128],[105.75263,20.82078],[105.75311,20.82408],[105.75523,20.8283],[105.75866,20.83132],[105.76106,20.83438],[105.76117,20.8348],[105.7586,20.83518],[105.75875,20.83644],[105.75796,20.83651],[105.75788,20.83704],[105.75629,20.83681],[105.75049,20.83699],[105.74673,20.83763],[105.74605,20.83751],[105.745,20.83675],[105.74088,20.83642],[105.73909,20.83678],[105.73611,20.83883],[105.73454,20.8395],[105.73383,20.8403],[105.73358,20.84156],[105.73398,20.84299],[105.73622,20.84516],[105.74163,20.84669],[105.746,20.84628],[105.75188,20.84694],[105.75578,20.84824],[105.75628,20.84894],[105.75634,20.8508],[105.7554,20.85258],[105.75458,20.85299],[105.75333,20.85452],[105.75257,20.85462],[105.7508,20.85606],[105.74958,20.85606],[105.74648,20.85708],[105.74542,20.8578],[105.74399,20.85809],[105.74298,20.85889],[105.74203,20.85903],[105.74042,20.86042],[105.73904,20.8609],[105.73647,20.86269],[105.73303,20.86557],[105.73115,20.86765],[105.72869,20.87167],[105.72844,20.87281],[105.7286,20.87538],[105.72932,20.876],[105.73034,20.87592],[105.73251,20.87385],[105.73414,20.87305],[105.73514,20.87312],[105.73663,20.87402],[105.7375,20.87499],[105.73798,20.8763],[105.73929,20.87414],[105.74053,20.87511],[105.74101,20.87432],[105.74351,20.87493],[105.74543,20.87404],[105.74619,20.8753],[105.74796,20.87534],[105.74892,20.87373],[105.7519,20.87741],[105.75195,20.87692]]]]}},
{"type":"Feature","id":"10126","properties":{"Ward_Code":"10126","Ward_Code_Num":10126,"Ward":"Bình Minh","Ward_Alt":"Bình Minh","Ward_Upper":"BÌNH MINH","Ward_Full":"Xã Bình Minh","Ward_Full_Alt":"Xã Bình Minh","Ward_Full_Upper_Alt":"XÃ BÌNH MINH","Ward_Type":"Xã","Province_Code":"01","Province":"Hà Nội","Province_Upper_Alt":"HÀ NỘI"},"geometry":{"type":"MultiPolygon","coordinates":[[[[105.79045,20.93908],[105.79236,20.93842],[105.79638,20.93935],[105.79834,20.93841],[105.79891,20.93895],[105.79933,20.93866],[105.7983,20.93703],[105.80006,20.93569],[105.80076,20.93591],[105.80159,20.935669999999998],[105.80149,20.9342],[105.79912,20.93422],[105.79771,20.93088],[105.79622,20.9304],[105.79476,20.92869],[105.79264,20.928],[105.79162,20.92704],[105.79078,20.92452],[105.79172,20.92148],[105.79091,20.92061],[105.78946,20.91978],[105.78972,20.9182],[105.79028,20.91723],[105.78953,20.91664],[105.78965,20.91613],[105.78843,20.91505],[105.78794,20.91418],[105.7868,20.90816],[105.78706,20.90759],[105.78635,20.90613],[105.78548,20.90251],[105.78738,20.90196],[105.7871,20.90156],[105.78715,20.90032],[105.7867,20.90029],[105.78666,20.90063],[105.78614,20.90052],[105.78718,20.8995],[105.78644,20.89936],[105.78649,20.89784],[105.78539,20.89775],[105.78525,20.89273],[105.78276,20.89321],[105.78239,20.89263],[105.7826,20.89221],[105.78195,20.89258],[105.78078,20.89097],[105.77775,20.89158],[105.7777,20.89134],[105.77639,20.89153],[105.77605,20.89083],[105.77459,20.89032],[105.77349,20.88752],[105.77319,20.88756],[105.77067,20.87918],[105.77168,20.87738],[105.76911,20.87523],[105.76808,20.87373],[105.76755,20.87193],[105.76749,20.86989],[105.75982,20.87487],[105.75773,20.87477],[105.75696,20.87508],[105.75647,20.87466],[105.75184,20.87424],[105.75185,20.87692],[105.7521,20.87717],[105.7519,20.87741],[105.74892,20.87373],[105.74796,20.87534],[105.74619,20.8753],[105.74543,20.87404],[105.74351,20.87493],[105.74101,20.87432],[105.74053,20.87511],[105.73929,20.87414],[105.73798,20.8763],[105.73903,20.88064],[105.73912,20.88613],[105.73854,20.88838],[105.73689,20.89127],[105.73622,20.892],[105.73294,20.89338],[105.72943,20.89382],[105.72738,20.89329],[105.72413,20.89318],[105.7231,20.8935],[105.72239,20.89444],[105.72317,20.89609],[105.72699,20.90052],[105.72954,20.90558],[105.73091,20.90755],[105.73221,20.90899],[105.7361,20.91172],[105.73676,20.91419],[105.73929,20.91383],[105.73938,20.91332],[105.74092,20.91258],[105.74149,20.91341],[105.74212,20.91373],[105.74204,20.91537],[105.74964,20.91664],[105.74875,20.92046],[105.74936,20.9201],[105.75005,20.92015],[105.75004,20.92071],[105.75078,20.92082],[105.75045,20.92317],[105.75146,20.92334],[105.75086,20.92618],[105.74908,20.92628],[105.74996,20.92871],[105.75019,20.93032],[105.75176,20.92973],[105.75211,20.93071],[105.75396,20.92979],[105.75446,20.93061],[105.75523,20.92985],[105.75697,20.93041],[105.75652,20.93225],[105.75767,20.93211],[105.75759,20.93286],[105.7579,20.93287],[105.75865,20.9323],[105.75786,20.93205],[105.75794,20.93051],[105.75939,20.93176],[105.7621,20.92992],[105.7602,20.9284],[105.76477,20.92541],[105.76459,20.92489],[105.76651,20.92407],[105.76784,20.92556],[105.77055,20.9226],[105.77268,20.92341],[105.77244,20.92371],[105.77401,20.92483],[105.77231,20.92688],[105.77686,20.93036],[105.77787,20.92922],[105.7784,20.92964],[105.77898,20.929],[105.78115,20.92906],[105.78118,20.92841],[105.78373,20.92848],[105.78358,20.93574],[105.78558,20.9358],[105.7856,20.93702],[105.78633,20.93891],[105.78797,20.93837],[105.78848,20.93974],[105.79045,20.93908]]]]}},
{"type":"Feature","id":"10144","properties":{"Ward_Code":"10144","Ward_Code_Num":10144,"Ward":"Tam Hưng","Ward_Alt":"Tam Hưng","Ward_Upper":"TAM HƯNG","Ward_Full":"Xã Tam Hưng","Ward_Full_Alt":"Xã Tam Hưng","Ward_Full_Upper_Alt":"XÃ TAM HƯNG","Ward_Type":"Xã","Province_Code":"01","Province":"Hà Nội","Province_Upper_Alt":"HÀ NỘI"},"geometry":{"type":"MultiPolygon","coordinates":[[[[105.79137,20.91518],[105.79268,20.91552],[105.79453,20.91498],[105.79505,20.91304],[105.79661,20.91194],[105.79746,20.91211],[105.79802,20.91313],[105.79937,20.91257],[105.80305,20.91252],[105.80335,20.9109],[105.80447,20.90966],[105.80536,20.90929],[105.80666,20.9099],[105.81608,20.90221],[105.81596,20.90032],[105.81621,20.89953],[105.81267,20.89817],[105.81268,20.89686],[105.815,20.89544],[105.81285,20.89525],[105.81273,20.89369],[105.81428,20.88687],[105.81566,20.88606],[105.81475,20.88342],[105.81415,20.87997],[105.81622,20.87942],[105.81544,20.87805],[105.81679,20.8741],[105.81534,20.87174],[105.8157,20.87143],[105.81545,20.87098],[105.81561,20.8703],[105.81919,20.87059],[105.82208,20.86985],[105.8241,20.86978],[105.82295,20.86715],[105.82348,20.86671],[105.82322,20.86621],[105.82345,20.86597],[105.82279,20.86546],[105.82445,20.86152],[105.82067,20.86042],[105.82082,20.85915],[105.81937,20.85849],[105.81978,20.85702],[105.82215,20.85639],[105.82142,20.85396],[105.82355,20.8415],[105.81407,20.83964],[105.80376,20.84075],[105.8002,20.84016],[105.8001,20.8419],[105.80124,20.841919999999998],[105.80146,20.84354],[105.79904,20.84554],[105.79945,20.84779],[105.79877,20.84811],[105.79714,20.8474],[105.79554,20.84814],[105.79467,20.85217],[105.79289,20.85238],[105.7905,20.8554],[105.78491,20.85824],[105.78233,20.86091],[105.78167,20.86036],[105.78082,20.86181],[105.77807,20.8599],[105.77194,20.86602],[105.77079,20.86533],[105.76891,20.86991],[105.76749,20.86989],[105.76755,20.87193],[105.76808,20.87373],[105.76911,20.87523],[105.77168,20.87738],[105.77067,20.87918],[105.77319,20.88756],[105.77349,20.88752],[105.77459,20.89032],[105.77605,20.89083],[105.77639,20.89153],[105.7777,20.89134],[105.77775,20.89158],[105.78078,20.89097],[105.78195,20.89258],[105.7826,20.89221],[105.78239,20.89263],[105.78276,20.89321],[105.78525,20.89273],[105.78539,20.89775],[105.78649,20.89784],[105.78644,20.89936],[105.78718,20.8995],[105.78614,20.90052],[105.78666,20.90063],[105.7867,20.90029],[105.78715,20.90032],[105.7871,20.90156],[105.78738,20.90196],[105.78547,20.90245],[105.78635,20.90613],[105.78706,20.90759],[105.7868,20.90816],[105.78794,20.91418],[105.78843,20.91505],[105.78965,20.91613],[105.78953,20.91664],[105.79028,20.91723],[105.79137,20.91518]]]]}},
{"type":"Feature","id":"10180","properties":{"Ward_Code":"10180","Ward_Code_Num":10180,"Ward":"Dân Hoà","Ward_Alt":"Dân Hòa","Ward_Upper":"DÂN HOÀ","Ward_Full":"Xã Dân Hoà","Ward_Full_Alt":"Xã Dân Hòa","Ward_Full_Upper_Alt":"XÃ DÂN HÒA","Ward_Type":"Xã","Province_Code":"01","Province":"Hà Nội","Province_Upper_Alt":"HÀ NỘI"},"geometry":{"type":"MultiPolygon","coordinates":[[[[105.82183,20.84112],[105.82358,20.83793],[105.82625,20.83571],[105.8271,20.83439],[105.82796,20.83182],[105.82762,20.83028],[105.82905,20.82736],[105.82794,20.82771],[105.82772,20.8272],[105.83022,20.82531],[105.83133,20.82532],[105.83727,20.82378],[105.83634,20.82179],[105.83662,20.81763],[105.83717,20.81768],[105.83723,20.81705],[105.83847,20.81571],[105.84123,20.8147],[105.84106,20.81392],[105.83895,20.81419],[105.83838,20.81157],[105.83911,20.81154],[105.83903,20.80994],[105.83953,20.80994],[105.83862,20.80507],[105.83673,20.80506],[105.8367,20.80035],[105.83261,20.8006],[105.83161,20.80626],[105.82662,20.80573],[105.82577,20.80661],[105.82469,20.80634],[105.82425,20.80673],[105.81693,20.80455],[105.82077,20.79527],[105.82055,20.79503],[105.81845,20.7941],[105.81384,20.80191],[105.80986,20.79873],[105.80871,20.79682],[105.80974,20.7947],[105.80835,20.79226],[105.81079,20.78827],[105.81046,20.78794],[105.81077,20.78741],[105.80883,20.78458],[105.80745,20.7812],[105.80661,20.78033],[105.79601,20.78317],[105.79067,20.78646],[105.7901,20.7861],[105.78972,20.78623],[105.78833,20.78931],[105.78721,20.78946],[105.7857,20.78906],[105.78448,20.79177],[105.78237,20.79135],[105.7815,20.78967],[105.78007,20.78886],[105.77834,20.79034],[105.77678,20.79053],[105.77617,20.78795],[105.76852,20.78815],[105.76681,20.78299],[105.76651,20.78318],[105.76592,20.7825],[105.76449,20.78365],[105.76497,20.78431],[105.76362,20.78542],[105.76446,20.78665],[105.76322,20.78722],[105.76362,20.78797],[105.75955,20.79026],[105.75723,20.7874],[105.75448,20.79144],[105.75303,20.79039],[105.7513,20.79268],[105.74893,20.79144],[105.74842,20.79195],[105.74636,20.79043],[105.74536,20.78894],[105.74137,20.7914],[105.7415,20.79203],[105.73832,20.79325],[105.7392,20.79699],[105.73837,20.79799],[105.73827,20.8007],[105.736,20.80575],[105.73571,20.80749],[105.73587,20.80889],[105.74045,20.8061],[105.74267999999999,20.80515],[105.74421,20.80541],[105.74624,20.8067],[105.74906,20.81001],[105.75159,20.81172],[105.7548,20.81316],[105.75527,20.81378],[105.75493,20.81512],[105.75304,20.81829],[105.75263,20.82078],[105.75904,20.82128],[105.75957,20.8228],[105.76213,20.822],[105.76098,20.81981],[105.76173,20.81943],[105.76293,20.82082],[105.76397,20.81926],[105.76434,20.81958],[105.7691,20.81318],[105.7688,20.8116],[105.7753,20.81234],[105.77541,20.81367],[105.7757,20.81374],[105.77365,20.82004],[105.77671,20.82318],[105.77754,20.82321],[105.77763,20.82356],[105.77839,20.82358],[105.77894,20.82321],[105.78013,20.82344],[105.78524,20.8254],[105.78344,20.82871],[105.78498,20.82973],[105.78607,20.82716],[105.78647,20.82727],[105.78698,20.82604],[105.78741,20.82605],[105.78743,20.82444],[105.79198,20.82386],[105.79218,20.82454],[105.79608,20.82655],[105.79574,20.8272],[105.7986,20.82845],[105.79808,20.82929],[105.79702,20.82916],[105.79622,20.8305],[105.79851,20.83173],[105.79588,20.83627],[105.79693,20.83964],[105.80376,20.84075],[105.81407,20.83964],[105.82183,20.84112]]]]}},
{"type":"Feature","id":"10183","properties":{"Ward_Code":"10183","Ward_Code_Num":10183,"Ward":"Thường Tín","Ward_Alt":"Thường Tín","Ward_Upper":"THƯỜNG TÍN","Ward_Full":"Xã Thường Tín","Ward_Full_Alt":"Xã Thường Tín","Ward_Full_Upper_Alt":"XÃ THƯỜNG TÍN","Ward_Type":"Xã","Province_Code":"01","Province":"Hà Nội","Province_Upper_Alt":"HÀ NỘI"},"geometry":{"type":"MultiPolygon","coordinates":[[[[105.83965,20.90279],[105.84132,20.90202],[105.85186,20.89878],[105.8546,20.89648],[105.85521,20.89542],[105.85717,20.89534],[105.85755,20.89462],[105.8581,20.89477],[105.8589,20.89219],[105.85917,20.89188],[105.85989,20.89204],[105.86005,20.89118],[105.86072,20.89084],[105.86196,20.89067],[105.8634,20.89092],[105.86574,20.89212],[105.86705,20.89347],[105.87118,20.89273],[105.87062,20.89079],[105.87471,20.88996],[105.87425,20.882],[105.87535,20.88198],[105.875,20.87243],[105.87578,20.87236],[105.87573,20.8709],[105.86978,20.87167],[105.86958,20.87028],[105.86767999999999,20.8704],[105.86752,20.86954],[105.86693,20.86978],[105.86617,20.86791],[105.86634,20.86715],[105.867,20.86693],[105.86779,20.86721],[105.86814,20.86601],[105.86762,20.86531],[105.8678,20.86506],[105.86722,20.8649],[105.86746,20.86417],[105.86626,20.86419],[105.86592,20.86265],[105.86512,20.86241],[105.86576,20.86119],[105.86627,20.86114],[105.86641,20.86074],[105.86568,20.85841],[105.86389,20.85774],[105.86324,20.85971],[105.85583,20.85764],[105.8546,20.86112],[105.84805,20.85956],[105.8483,20.85988],[105.84765,20.86047],[105.84789,20.86094],[105.84597,20.86199],[105.84534,20.86179],[105.84483,20.8609],[105.8458,20.86034],[105.84536,20.85967],[105.84391,20.86092],[105.84592,20.86334],[105.84465,20.86422],[105.84234,20.86139],[105.84661,20.85847],[105.84737,20.85672],[105.84719,20.85503],[105.84007,20.85274],[105.83931,20.8534],[105.83893,20.85337],[105.83743,20.85239],[105.83663,20.84971],[105.83496,20.84774],[105.83182,20.8464],[105.82924,20.84613],[105.82825,20.83752],[105.82758,20.836],[105.82699,20.83644],[105.82625,20.83571],[105.82358,20.83793],[105.82182,20.84115],[105.82358,20.84157],[105.82142,20.85396],[105.82215,20.85639],[105.82036,20.85669],[105.81966,20.85713],[105.8194,20.85779],[105.81937,20.85849],[105.82082,20.85915],[105.82067,20.86042],[105.82445,20.86152],[105.82279,20.86546],[105.82345,20.86597],[105.82322,20.86621],[105.82348,20.86671],[105.82295,20.86715],[105.8241,20.86978],[105.82208,20.86985],[105.81919,20.87059],[105.81561,20.8703],[105.81545,20.87098],[105.8157,20.87143],[105.81534,20.87174],[105.81679,20.8741],[105.81544,20.87805],[105.81622,20.87942],[105.81415,20.87997],[105.81475,20.88342],[105.81566,20.88606],[105.81428,20.88687],[105.81271,20.89332],[105.81285,20.89525],[105.815,20.89544],[105.81268,20.89686],[105.81267,20.89817],[105.81621,20.89953],[105.81596,20.90032],[105.81616,20.90192],[105.8157,20.90266],[105.81611,20.90289],[105.82454,20.90377],[105.82557,20.9029],[105.82537,20.9019],[105.82567,20.90061],[105.82694,20.90067],[105.82727,20.8995],[105.82639,20.89802],[105.82866,20.89687],[105.83061,20.90036],[105.83092,20.90024],[105.83134,20.90109],[105.83294,20.90152],[105.83264,20.90292],[105.83315,20.90385],[105.83377,20.90425],[105.83557,20.90427],[105.83965,20.90279]]]]}},
{"type":"Feature","id":"10210","properties":{"Ward_Code":"10210","Ward_Code_Num":10210,"Ward":"Hồng Vân","Ward_Alt":"Hồng Vân","Ward_Upper":"HỒNG VÂN","Ward_Full":"Xã Hồng Vân","Ward_Full_Alt":"Xã Hồng Vân","Ward_Full_Upper_Alt":"XÃ HỒNG VÂN","Ward_Type":"Xã","Province_Code":"01","Province":"Hà Nội","Province_Upper_Alt":"HÀ NỘI"},"geometry":{"type":"MultiPolygon","coordinates":[[[[105.87735,20.91078],[105.88068,20.90972],[105.88738,20.90835],[105.88772,20.90621],[105.88924,20.90598],[105.88967,20.90598],[105.89004,20.90654],[105.89119,20.90619],[105.89178,20.90661],[105.89237,20.9094],[105.89363,20.9091],[105.895,20.90832],[105.89918,20.90508],[105.89599,20.90092],[105.89482,20.8987],[105.8945,20.89741],[105.89461,20.89485],[105.89555,20.89339],[105.89654,20.89238],[105.90051,20.8898],[105.9101,20.88592],[105.91674,20.88284],[105.92458,20.87774],[105.92106,20.87082],[105.91922,20.86963],[105.91845,20.86999],[105.91726,20.86805],[105.91638,20.86815],[105.91554,20.86577],[105.91237,20.86606],[105.91244,20.86656],[105.91144,20.86663],[105.91149,20.86728],[105.90503,20.86865],[105.90506,20.86916],[105.90236,20.86887],[105.90241,20.86856],[105.90189,20.86816],[105.90134,20.8651],[105.90117,20.86162],[105.90083,20.86162],[105.90072,20.86079],[105.90013,20.86104],[105.90014,20.86058],[105.89988,20.86057],[105.89972,20.86102],[105.89802,20.86047],[105.89805,20.86005],[105.89708,20.85961],[105.89706,20.85892],[105.89587,20.85871],[105.89527,20.8581],[105.89478,20.85608],[105.89512,20.85266],[105.89466,20.85175],[105.8913,20.85007],[105.89052,20.85131],[105.88992,20.85121],[105.88981,20.85166],[105.88858,20.85162],[105.88842,20.85215],[105.88825,20.85116],[105.889,20.85064],[105.89006,20.85078],[105.8899,20.84971],[105.88876,20.84989],[105.8878,20.85067],[105.88148,20.84775],[105.88048,20.85038],[105.87745,20.84968],[105.87714,20.85044],[105.8764,20.85023],[105.87593,20.85121],[105.87557,20.85111],[105.87585,20.85009],[105.87562,20.85002],[105.87529,20.85068],[105.87356,20.85035],[105.87276,20.85143],[105.87369,20.85187],[105.87255,20.8546],[105.87197,20.85425],[105.8715,20.85481],[105.87102,20.85457],[105.86982,20.85625],[105.86955,20.85625],[105.86931,20.85696],[105.86887,20.85686],[105.86872,20.85733],[105.86842,20.85724],[105.86812,20.85765],[105.86637,20.85699],[105.86678,20.85568],[105.86446,20.85509],[105.86641,20.86052],[105.86627,20.86114],[105.86576,20.86119],[105.86512,20.86241],[105.86592,20.86265],[105.86626,20.86419],[105.86746,20.86417],[105.86722,20.8649],[105.8678,20.86506],[105.86762,20.86531],[105.86814,20.86601],[105.86779,20.86721],[105.867,20.86693],[105.86634,20.86715],[105.86617,20.86791],[105.86693,20.86978],[105.86752,20.86954],[105.86767999999999,20.8704],[105.86958,20.87028],[105.86978,20.87167],[105.87573,20.8709],[105.87578,20.87236],[105.875,20.87243],[105.87535,20.88198],[105.87425,20.882],[105.87471,20.88996],[105.87062,20.89079],[105.87118,20.89273],[105.86705,20.89347],[105.86574,20.89212],[105.8634,20.89092],[105.86196,20.89067],[105.86072,20.89084],[105.86005,20.89118],[105.85989,20.89204],[105.85917,20.89188],[105.8589,20.89219],[105.8581,20.89477],[105.85755,20.89462],[105.85717,20.89534],[105.85639,20.89535],[105.85737,20.89597],[105.85817,20.89605],[105.85934,20.89716],[105.86274,20.90302],[105.86594,20.90615],[105.86775,20.90913],[105.87371,20.90665],[105.87419,20.90895],[105.87366,20.91063],[105.87418,20.91079],[105.87489,20.91208],[105.87735,20.91078]]]]}},
{"type":"Feature","id":"10231","properties":{"Ward_Code":"10231","Ward_Code_Num":10231,"Ward":"Thượng Phúc","Ward_Alt":"Thượng Phúc","Ward_Upper":"THƯỢNG PHÚC","Ward_Full":"Xã Thượng Phúc","Ward_Full_Alt":"Xã Thượng Phúc","Ward_Full_Upper_Alt":"XÃ THƯỢNG PHÚC","Ward_Type":"Xã","Province_Code":"01","Province":"Hà Nội","Province_Upper_Alt":"HÀ NỘI"},"geometry":{"type":"MultiPolygon","coordinates":[[[[105.84519,20.85976],[105.8458,20.86034],[105.84483,20.8609],[105.84534,20.86179],[105.84597,20.86199],[105.84789,20.86094],[105.84765,20.86047],[105.8483,20.85988],[105.84805,20.85956],[105.8546,20.86112],[105.85583,20.85764],[105.86324,20.85971],[105.86389,20.85774],[105.86568,20.85841],[105.86446,20.85509],[105.86678,20.85568],[105.86637,20.85699],[105.86812,20.85765],[105.86842,20.85724],[105.86872,20.85733],[105.86887,20.85686],[105.86931,20.85696],[105.86955,20.85625],[105.86982,20.85625],[105.87102,20.85457],[105.8715,20.85481],[105.87197,20.85425],[105.87255,20.8546],[105.87369,20.85187],[105.87276,20.85143],[105.87356,20.85035],[105.87529,20.85068],[105.87562,20.85002],[105.87585,20.85009],[105.87557,20.85111],[105.87593,20.85121],[105.8764,20.85023],[105.87714,20.85044],[105.87745,20.84968],[105.88048,20.85038],[105.88148,20.84775],[105.8878,20.85067],[105.88876,20.84989],[105.89127,20.84905],[105.89061,20.84812],[105.88968,20.84808],[105.88947,20.84666],[105.89054,20.84251],[105.89024,20.84213],[105.88845,20.84205],[105.88837,20.84101],[105.88455,20.84049],[105.88489,20.83684],[105.88343,20.83677],[105.88391,20.83394],[105.87866,20.83216],[105.87726,20.83141],[105.86776,20.83034],[105.86919,20.81932],[105.87271,20.81943],[105.87354,20.81181],[105.87287,20.8118],[105.87324,20.80919],[105.87227,20.80912],[105.87312,20.80276],[105.87293,20.79712],[105.87212,20.79538],[105.86985,20.79681],[105.8595,20.80005],[105.85833,20.7995],[105.8575,20.7997],[105.853,20.80193],[105.85187,20.80168],[105.84716,20.79835],[105.84256,20.79617],[105.83892,20.79537],[105.83418,20.79507],[105.83402,20.7983],[105.83318,20.79847],[105.83318,20.80056],[105.8367,20.80035],[105.83673,20.80506],[105.83862,20.80507],[105.83953,20.80994],[105.83903,20.80994],[105.83911,20.81154],[105.83838,20.81157],[105.83895,20.81419],[105.84106,20.81392],[105.84123,20.8147],[105.83847,20.81571],[105.83723,20.81705],[105.83717,20.81768],[105.83662,20.81763],[105.83634,20.82179],[105.83727,20.82378],[105.83133,20.82532],[105.83022,20.82531],[105.82772,20.8272],[105.82794,20.82771],[105.82905,20.82736],[105.82762,20.83028],[105.82796,20.83182],[105.8271,20.83439],[105.82625,20.83571],[105.82699,20.83644],[105.82758,20.836],[105.82825,20.83752],[105.82924,20.84613],[105.83182,20.8464],[105.83496,20.84774],[105.83663,20.84971],[105.83743,20.85239],[105.83893,20.85337],[105.83931,20.8534],[105.84007,20.85274],[105.84719,20.85503],[105.84737,20.85672],[105.84661,20.85847],[105.84234,20.86139],[105.84465,20.86422],[105.84592,20.86334],[105.84391,20.86092],[105.84519,20.85976]]]]}},
{"type":"Feature","id":"10237","properties":{"Ward_Code":"10237","Ward_Code_Num":10237,"Ward":"Chương Dương","Ward_Alt":"Chương Dương","Ward_Upper":"CHƯƠNG DƯƠNG","Ward_Full":"Xã Chương Dương","Ward_Full_Alt":"Xã Chương Dương","Ward_Full_Upper_Alt":"XÃ CHƯƠNG DƯƠNG","Ward_Type":"Xã","Province_Code":"01","Province":"Hà Nội","Province_Upper_Alt":"HÀ NỘI"},"geometry":{"type":"MultiPolygon","coordinates":[[[[105.93269,20.86959],[105.93475,20.8664],[105.93548,20.8647],[105.9361,20.86157],[105.93598,20.85771],[105.93474,20.85432],[105.9324,20.85122],[105.92956,20.84908],[105.92273,20.84626],[105.91887,20.84397],[105.91664,20.8422],[105.91436,20.83932],[105.91291,20.83681],[105.91154,20.83048],[105.91091,20.82277],[105.9116,20.81823],[105.91414,20.81009],[105.88446,20.80225],[105.88645,20.79769],[105.88532,20.79737],[105.88526,20.79785],[105.88309,20.79669],[105.883,20.79582],[105.88012,20.79474],[105.87601,20.79542],[105.87266,20.79655],[105.87293,20.79712],[105.87312,20.80276],[105.87227,20.80912],[105.87324,20.80919],[105.87287,20.8118],[105.87354,20.81181],[105.87271,20.81943],[105.86919,20.81932],[105.86776,20.83034],[105.87726,20.83141],[105.87866,20.83216],[105.88391,20.83394],[105.88343,20.83677],[105.88489,20.83684],[105.88455,20.84049],[105.88837,20.84101],[105.88845,20.84205],[105.89024,20.84213],[105.89054,20.84251],[105.88947,20.84666],[105.88968,20.84808],[105.89061,20.84812],[105.89127,20.84905],[105.88996,20.84959],[105.89006,20.85078],[105.889,20.85064],[105.88825,20.85116],[105.88842,20.85215],[105.88858,20.85162],[105.88981,20.85166],[105.88992,20.85121],[105.89052,20.85131],[105.8913,20.85007],[105.89487,20.85197],[105.89512,20.85266],[105.89479,20.85633],[105.89527,20.8581],[105.89587,20.85871],[105.89706,20.85892],[105.89708,20.85961],[105.89805,20.86005],[105.89802,20.86047],[105.89972,20.86102],[105.89988,20.86057],[105.90014,20.86058],[105.90013,20.86104],[105.90072,20.86079],[105.90083,20.86162],[105.90117,20.86162],[105.90134,20.8651],[105.90189,20.86816],[105.90241,20.86856],[105.90236,20.86887],[105.90506,20.86916],[105.90503,20.86865],[105.91149,20.86728],[105.91144,20.86663],[105.91244,20.86656],[105.91237,20.86606],[105.91554,20.86577],[105.91638,20.86815],[105.91726,20.86805],[105.91845,20.86999],[105.91922,20.86963],[105.92106,20.87082],[105.92458,20.87774],[105.92765,20.87495],[105.93269,20.86959]]]]}},
{"type":"Feature","id":"10273","properties":{"Ward_Code":"10273","Ward_Code_Num":10273,"Ward":"Phú Xuyên","Ward_Alt":"Phú Xuyên","Ward_Upper":"PHÚ XUYÊN","Ward_Full":"Xã Phú Xuyên","Ward_Full_Alt":"Xã Phú Xuyên","Ward_Full_Upper_Alt":"XÃ PHÚ XUYÊN","Ward_Type":"Xã","Province_Code":"01","Province":"Hà Nội","Province_Upper_Alt":"HÀ NỘI"},"geometry":{"type":"MultiPolygon","coordinates":[[[[105.91845,20.7978],[105.92249,20.79096],[105.92588,20.78785],[105.92875,20.78595],[105.93982,20.78291],[105.95477,20.78058],[105.96063,20.77893],[105.96206,20.77829],[105.96426,20.77654],[105.96688,20.77381],[105.96834,20.77184],[105.96925,20.76952],[105.96934,20.7677],[105.96758,20.76037],[105.96731,20.75618],[105.96781,20.74242],[105.96291,20.74251],[105.9534,20.74358],[105.95246,20.74209],[105.94453,20.73919],[105.945,20.73146],[105.94179,20.73156],[105.94025,20.72854],[105.9358,20.73006],[105.93587,20.73169],[105.93174,20.73174],[105.93184,20.73525],[105.92531,20.73527],[105.92132,20.7305],[105.91696,20.73268],[105.91682,20.73038],[105.91637,20.72997],[105.91525,20.73028],[105.91518,20.72978],[105.91432,20.7296],[105.91242,20.73035],[105.91242,20.72902],[105.9121,20.72903],[105.9113,20.72975],[105.91137,20.73072],[105.91093,20.7311],[105.91046,20.731],[105.90939,20.73011],[105.91011,20.72939],[105.90994,20.72871],[105.90879,20.7294],[105.90723,20.72742],[105.90584,20.72494],[105.90498,20.72518],[105.90517,20.72224],[105.90439,20.72231],[105.90475,20.72157],[105.90461,20.7194],[105.90444,20.71876],[105.90383,20.71869],[105.90349,20.72215],[105.90099,20.72093],[105.89986,20.72315],[105.89842,20.72263],[105.89717,20.72574],[105.89173,20.72555],[105.89368,20.73154],[105.89215,20.73183],[105.89125,20.73166],[105.88659,20.72989],[105.884,20.72788],[105.88305,20.72819],[105.88182,20.73016],[105.8818,20.73082],[105.88335,20.73183],[105.88692,20.73617],[105.88869,20.74168],[105.88603,20.74246],[105.88538,20.74112],[105.88377,20.74134],[105.88399,20.74261],[105.88333,20.74264],[105.88411,20.74569],[105.88272,20.74847],[105.87486,20.75635],[105.87581,20.75675],[105.87577,20.75716],[105.87478,20.7569],[105.87542,20.75945],[105.87588,20.75934],[105.87781,20.76503],[105.87714,20.76528],[105.87818,20.76752],[105.87766,20.76837],[105.87852,20.76928],[105.87821,20.76965],[105.87917,20.76999],[105.87957,20.76968],[105.88107,20.77305],[105.88252,20.77296],[105.88273,20.77323],[105.88338,20.77301],[105.88592,20.77127],[105.88697,20.77243],[105.88823,20.77144],[105.88981,20.77221],[105.88689,20.78133],[105.88478,20.78062],[105.88418,20.78264],[105.88188,20.78173],[105.87899,20.78353],[105.88048,20.78427],[105.87783,20.78602],[105.87654,20.78512],[105.86831,20.78974],[105.87155,20.79449],[105.86936,20.79589],[105.86984,20.79678],[105.87212,20.79538],[105.87266,20.79655],[105.87601,20.79542],[105.88012,20.79474],[105.883,20.79582],[105.88309,20.79669],[105.88526,20.79785],[105.88532,20.79737],[105.88645,20.79769],[105.88446,20.80225],[105.91414,20.81009],[105.91845,20.7978]]]]}},
{"type":"Feature","id":"10279","properties":{"Ward_Code":"10279","Ward_Code_Num":10279,"Ward":"Phượng Dực","Ward_Alt":"Phượng Dực","Ward_Upper":"PHƯỢNG DỰC","Ward_Full":"Xã Phượng Dực","Ward_Full_Alt":"Xã Phượng Dực","Ward_Full_Upper_Alt":"XÃ PHƯỢNG DỰC","Ward_Type":"Xã","Province_Code":"01","Province":"Hà Nội","Province_Upper_Alt":"HÀ NỘI"},"geometry":{"type":"MultiPolygon","coordinates":[[[[105.82455,20.80657],[105.82469,20.80634],[105.82577,20.80661],[105.82662,20.80573],[105.83161,20.80626],[105.83261,20.8006],[105.83318,20.80056],[105.83318,20.79847],[105.83402,20.7983],[105.83418,20.79507],[105.83892,20.79537],[105.84256,20.79617],[105.84716,20.79835],[105.85187,20.80168],[105.853,20.80193],[105.85753,20.79969],[105.85833,20.7995],[105.8595,20.80005],[105.86985,20.79681],[105.86936,20.79589],[105.87155,20.79449],[105.86831,20.78974],[105.87654,20.78512],[105.87783,20.78602],[105.88048,20.78427],[105.87899,20.78353],[105.88188,20.78173],[105.88418,20.78264],[105.88478,20.78062],[105.88689,20.78133],[105.88981,20.77221],[105.88823,20.77144],[105.88697,20.77243],[105.88592,20.77127],[105.88338,20.77301],[105.88273,20.77323],[105.88252,20.77296],[105.88107,20.77305],[105.87957,20.76968],[105.87917,20.76999],[105.87821,20.76965],[105.87852,20.76928],[105.87766,20.76837],[105.87818,20.76752],[105.87714,20.76528],[105.87781,20.76503],[105.87588,20.75934],[105.87387,20.76017],[105.87084,20.76272],[105.86916,20.76274],[105.86876,20.76202],[105.86818,20.76234],[105.86803,20.76172],[105.86738,20.76128],[105.86733,20.762],[105.86607,20.7623],[105.86328,20.76183],[105.85816,20.75924],[105.85729,20.75962],[105.85641,20.7584],[105.85532,20.75783],[105.84958,20.75837],[105.84914,20.75604],[105.84942,20.75338],[105.85085,20.751],[105.85329,20.74808],[105.85181,20.74721],[105.85145,20.74623],[105.8497,20.74556],[105.84519,20.74519],[105.84531,20.74428],[105.84449,20.74282],[105.84368,20.74214],[105.84398,20.74174],[105.84278,20.7412],[105.8428,20.74081],[105.83713,20.73994],[105.8372,20.73954],[105.83676,20.73949],[105.83673,20.74066],[105.83409,20.74014],[105.83189,20.73951],[105.83193,20.73921],[105.8303,20.7389],[105.82628,20.73712],[105.8248,20.73783],[105.82552,20.73891],[105.82201,20.7417],[105.82048,20.73916],[105.81526,20.74179],[105.81546,20.74213],[105.81371,20.74329],[105.81381,20.74415],[105.81329,20.74475],[105.81117,20.74603],[105.80994,20.74445],[105.80782,20.74555],[105.80331,20.75075],[105.79846,20.74931],[105.79465,20.74948],[105.79468,20.75069],[105.7936,20.75052],[105.79398,20.75738],[105.79376,20.75895],[105.79227,20.75866],[105.79217,20.76158],[105.7918,20.76152],[105.79207,20.76258],[105.79608,20.7617],[105.79726,20.766],[105.79814,20.76602],[105.79966,20.7715],[105.80038,20.77076],[105.80363,20.77135],[105.80338,20.77532],[105.80536,20.77572],[105.80451,20.77878],[105.80287,20.77852],[105.8027,20.77961],[105.80524,20.77969],[105.80729,20.78098],[105.80883,20.78458],[105.81077,20.78741],[105.81046,20.78794],[105.81079,20.78827],[105.80835,20.79226],[105.80974,20.7947],[105.80871,20.79682],[105.80914,20.79774],[105.80986,20.79873],[105.81384,20.80191],[105.81845,20.7941],[105.82055,20.79503],[105.82077,20.79527],[105.81693,20.80455],[105.82425,20.80673],[105.82455,20.80657]]]]}},
{"type":"Feature","id":"10330","properties":{"Ward_Code":"10330","Ward_Code_Num":10330,"Ward":"Chuyên Mỹ","Ward_Alt":"Chuyên Mỹ","Ward_Upper":"CHUYÊN MỸ","Ward_Full":"Xã Chuyên Mỹ","Ward_Full_Alt":"Xã Chuyên Mỹ","Ward_Full_Upper_Alt":"XÃ CHUYÊN MỸ","Ward_Type":"Xã","Province_Code":"01","Province":"Hà Nội","Province_Upper_Alt":"HÀ NỘI"},"geometry":{"type":"MultiPolygon","coordinates":[[[[105.86916,20.76274],[105.87084,20.76272],[105.87387,20.76017],[105.87545,20.7595],[105.87478,20.7569],[105.87577,20.75716],[105.87581,20.75675],[105.87486,20.75635],[105.88254,20.74875],[105.88405,20.74587],[105.88333,20.74264],[105.88399,20.74261],[105.88377,20.74134],[105.88538,20.74112],[105.88603,20.74246],[105.88869,20.74168],[105.88692,20.73617],[105.88335,20.73183],[105.8818,20.73082],[105.88182,20.73016],[105.88305,20.72819],[105.88432,20.72799],[105.88659,20.72989],[105.89125,20.73166],[105.89215,20.73183],[105.89368,20.73154],[105.89173,20.72555],[105.89717,20.72574],[105.89842,20.72263],[105.89986,20.72315],[105.90099,20.72093],[105.90349,20.72215],[105.90385,20.71825],[105.90221,20.71531],[105.90307,20.71521],[105.90328,20.71589],[105.90428,20.71587],[105.90542,20.71282],[105.90472,20.71151],[105.90571,20.71131],[105.90638,20.71056],[105.9108,20.7114],[105.91021,20.70518],[105.91079,20.69566],[105.91432,20.69613],[105.91738,20.69612],[105.91848,20.69572],[105.9199,20.6941],[105.92282,20.68738],[105.92241,20.68559],[105.92076,20.68333],[105.91817,20.67805],[105.91816,20.677],[105.91852,20.67628],[105.91996,20.67591],[105.91811,20.6733],[105.91742,20.67432],[105.91465,20.67271],[105.91476,20.67232],[105.9076,20.66875],[105.90745,20.66893],[105.9055,20.66841],[105.90412,20.67076],[105.90151,20.67236],[105.89513,20.67526],[105.89453,20.68021],[105.89348,20.67916],[105.88848,20.67638],[105.88622,20.67572],[105.88553,20.67907],[105.88336,20.67794],[105.88237,20.68542],[105.88414,20.68574],[105.88431,20.68845],[105.88612,20.69142],[105.88714,20.69081],[105.89058,20.69165],[105.89143,20.69255],[105.89206,20.69237],[105.89143,20.69346],[105.88925,20.69214],[105.88904,20.69317],[105.88834,20.69348],[105.88772,20.69566],[105.8872,20.69588],[105.88748,20.69646],[105.87693,20.70247],[105.87741,20.70322],[105.87526,20.70428],[105.87548,20.70471],[105.87483,20.70499],[105.87446,20.70467],[105.87205,20.70587],[105.87264,20.70682],[105.87218,20.70706],[105.87353,20.71003],[105.87035,20.70925],[105.86847,20.70944],[105.86748,20.70988],[105.86381,20.71412],[105.86005,20.71502],[105.8602,20.71853],[105.85883,20.7164],[105.85804,20.71723],[105.85912,20.71915],[105.85551,20.72095],[105.85488,20.72182],[105.85735,20.72509],[105.85443,20.7315],[105.85284,20.7316],[105.85283,20.73237],[105.84966,20.73283],[105.85052,20.73768],[105.84847,20.73771],[105.84602,20.73705],[105.84559,20.74118],[105.84489,20.7411],[105.84368,20.74214],[105.84449,20.74282],[105.84531,20.74428],[105.84519,20.74519],[105.8497,20.74556],[105.85145,20.74623],[105.85181,20.74721],[105.85329,20.74808],[105.85085,20.751],[105.84942,20.75338],[105.84914,20.75604],[105.84958,20.75837],[105.85532,20.75783],[105.85641,20.7584],[105.85729,20.75962],[105.85816,20.75924],[105.86328,20.76183],[105.86607,20.7623],[105.86733,20.762],[105.86738,20.76128],[105.86803,20.76172],[105.86818,20.76234],[105.86876,20.76202],[105.86916,20.76274]]]]}},
{"type":"Feature","id":"10342","properties":{"Ward_Code":"10342","Ward_Code_Num":10342,"Ward":"Đại Xuyên","Ward_Alt":"Đại Xuyên","Ward_Upper":"ĐẠI XUYÊN","Ward_Full":"Xã Đại Xuyên","Ward_Full_Alt":"Xã Đại Xuyên","Ward_Full_Upper_Alt":"XÃ ĐẠI XUYÊN","Ward_Type":"Xã","Province_Code":"01","Province":"Hà Nội","Province_Upper_Alt":"HÀ NỘI"},"geometry":{"type":"MultiPolygon","coordinates":[[[[105.95674,20.7432],[105.96428,20.74241],[105.96781,20.74242],[105.9687,20.73746],[105.96537,20.73081],[105.96626,20.73087],[105.96677,20.73055],[105.96413,20.72491],[105.97328,20.70054],[105.97521,20.6995],[105.97951,20.69913],[105.98526,20.70098],[105.98703,20.70197],[105.98956,20.70421],[106.0033,20.70362],[106.0023,20.70146],[106.00161,20.70089],[105.9957,20.69741],[105.99797,20.69351],[105.99761,20.6931],[105.99804,20.69232],[105.99187,20.68922],[105.99403,20.6834],[105.99602,20.68175],[105.9975,20.67844],[105.99462,20.67716],[105.99221,20.67852],[105.99464,20.68176],[105.9935,20.68248],[105.9926,20.68136],[105.99044,20.68242],[105.99061,20.68362],[105.99002,20.68458],[105.98869,20.68258],[105.98589,20.68074],[105.98467,20.68048],[105.9784,20.67385],[105.97892,20.67158],[105.97863,20.6694],[105.97749,20.66557],[105.96724,20.66479],[105.96411,20.66359],[105.96172,20.66218],[105.95856,20.65927],[105.95763,20.65801],[105.95702,20.65582],[105.95836,20.65161],[105.95807,20.65082],[105.9479,20.65366],[105.94561,20.65492],[105.9444,20.65649],[105.94346,20.66013],[105.94342,20.66316],[105.94398,20.66442],[105.94555,20.66566],[105.9465,20.6672],[105.94692,20.67585],[105.9454,20.67992],[105.94355,20.68166],[105.9427,20.68191],[105.93938,20.68062],[105.9323,20.67989],[105.92653,20.67774],[105.92069,20.67599],[105.91932,20.67593],[105.91852,20.67628],[105.91813,20.6774],[105.91846,20.67889],[105.92076,20.68333],[105.9228,20.68645],[105.92238,20.68869],[105.9199,20.6941],[105.91848,20.69572],[105.91738,20.69612],[105.91432,20.69613],[105.91079,20.69566],[105.91021,20.70518],[105.9108,20.7114],[105.90632,20.71058],[105.90571,20.71131],[105.90472,20.71151],[105.90542,20.71282],[105.90428,20.71587],[105.90328,20.71589],[105.90307,20.71521],[105.90221,20.71531],[105.90375,20.71781],[105.90383,20.71869],[105.90444,20.71876],[105.90476,20.72138],[105.90439,20.72231],[105.90517,20.72224],[105.90498,20.72518],[105.90584,20.72494],[105.90723,20.72742],[105.90879,20.7294],[105.90994,20.72871],[105.91011,20.72939],[105.90939,20.73011],[105.91046,20.731],[105.91093,20.7311],[105.91137,20.73072],[105.9113,20.72975],[105.9121,20.72903],[105.91242,20.72902],[105.91242,20.73035],[105.91432,20.7296],[105.91518,20.72978],[105.91525,20.73028],[105.91637,20.72997],[105.91682,20.73038],[105.91696,20.73268],[105.92132,20.7305],[105.92531,20.73527],[105.93184,20.73525],[105.93174,20.73174],[105.93587,20.73169],[105.9358,20.73006],[105.94025,20.72854],[105.94179,20.73156],[105.945,20.73146],[105.94453,20.73919],[105.95246,20.74209],[105.9534,20.74358],[105.95674,20.7432]]]]}},
{"type":"Feature","id":"10354","properties":{"Ward_Code":"10354","Ward_Code_Num":10354,"Ward":"Vân Đình","Ward_Alt":"Vân Đình","Ward_Upper":"VÂN ĐÌNH","Ward_Full":"Xã Vân Đình","Ward_Full_Alt":"Xã Vân Đình","Ward_Full_Upper_Alt":"XÃ VÂN ĐÌNH","Ward_Type":"Xã","Province_Code":"01","Province":"Hà Nội","Province_Upper_Alt":"HÀ NỘI"},"geometry":{"type":"MultiPolygon","coordinates":[[[[105.73522,20.77802],[105.73859,20.7723],[105.73606,20.77054],[105.73787,20.76813],[105.73724,20.76703],[105.74022,20.76509],[105.74373,20.76362],[105.74396,20.76378],[105.7448,20.76292],[105.74347,20.76176],[105.7451,20.76081],[105.74447,20.7597],[105.74577,20.75898],[105.74536,20.75774],[105.74866,20.75682],[105.74657,20.75212],[105.75135,20.75017],[105.75632,20.74524],[105.76626,20.74686],[105.76664,20.74597],[105.76704,20.74602],[105.76756,20.74428],[105.76364,20.74366],[105.76412,20.74087],[105.76847,20.7415],[105.76886,20.74011],[105.77057,20.74041],[105.77092,20.73722],[105.77141,20.73724],[105.77154,20.7376],[105.77456,20.73751],[105.77643,20.73785],[105.77643,20.7376],[105.77916,20.73749],[105.78048,20.737],[105.78094,20.73868],[105.78778,20.73955],[105.78738,20.73845],[105.78805,20.73834],[105.7894,20.74023],[105.78843,20.74082],[105.78907,20.74845],[105.79354,20.7494],[105.7936,20.75052],[105.79468,20.75069],[105.79465,20.74948],[105.79831,20.7493],[105.80331,20.75075],[105.80759,20.74571],[105.80994,20.74445],[105.81117,20.74603],[105.81329,20.74475],[105.81381,20.74415],[105.81371,20.74329],[105.81546,20.74213],[105.81526,20.74179],[105.81684,20.74099],[105.81527,20.73871],[105.8158,20.73835],[105.81561,20.73817],[105.81842,20.7364],[105.81973,20.7351],[105.81946,20.73471],[105.82036,20.7325],[105.81896,20.73156],[105.82014,20.72965],[105.81864,20.72885],[105.81919,20.72799],[105.81831,20.72764],[105.81626,20.71994],[105.81498,20.7167],[105.81535,20.71642],[105.81459,20.7159],[105.81355,20.71251],[105.81116,20.70764],[105.80466,20.70414],[105.807,20.7009],[105.8017,20.69802],[105.80298,20.69603],[105.80088,20.69486],[105.80053,20.69565],[105.79886,20.69453],[105.79795,20.69553],[105.79667,20.69472],[105.79463,20.69737],[105.79326,20.69684],[105.79206,20.7006],[105.79081,20.70257],[105.78182,20.6991],[105.7803,20.70055],[105.77736,20.70669],[105.775,20.70654],[105.77525,20.71681],[105.77611,20.71721],[105.77524,20.71942],[105.77431,20.72069],[105.7739,20.72248],[105.77327,20.72256],[105.77303,20.7223],[105.77318,20.72124],[105.77261,20.72029],[105.77153,20.72054],[105.77152,20.7209],[105.76946,20.72238],[105.77076,20.7228],[105.77104,20.72351],[105.77041,20.7252],[105.76947,20.7263],[105.76602,20.72883],[105.7615,20.73157],[105.76016,20.7315],[105.75545,20.72873],[105.75047,20.72815],[105.74761,20.72825],[105.74183,20.72678],[105.7357,20.72231],[105.73469,20.72192],[105.73285,20.7218],[105.73109,20.72229],[105.73046,20.72309],[105.73096,20.72459],[105.73249,20.72616],[105.73307,20.72752],[105.73345,20.72967],[105.7331,20.73152],[105.73184,20.73582],[105.72911,20.73766],[105.72813,20.73815],[105.7253,20.73863],[105.71939,20.7403],[105.70643,20.74288],[105.7027,20.74308],[105.6981,20.74171],[105.6974,20.74221],[105.69644,20.74577],[105.69724,20.75044],[105.69785,20.75128],[105.69949,20.75162],[105.70495,20.75156],[105.70637,20.75193],[105.71078,20.75412],[105.71491,20.75748],[105.72426,20.76811],[105.72615,20.7726],[105.7264,20.77462],[105.72606,20.77608],[105.72787,20.77692],[105.73067,20.77703],[105.73522,20.77802]]]]}},
{"type":"Feature","id":"10369","properties":{"Ward_Code":"10369","Ward_Code_Num":10369,"Ward":"Ứng Thiên","Ward_Alt":"Ứng Thiên","Ward_Upper":"ỨNG THIÊN","Ward_Full":"Xã Ứng Thiên","Ward_Full_Alt":"Xã Ứng Thiên","Ward_Full_Upper_Alt":"XÃ ỨNG THIÊN","Ward_Type":"Xã","Province_Code":"01","Province":"Hà Nội","Province_Upper_Alt":"HÀ NỘI"},"geometry":{"type":"MultiPolygon","coordinates":[[[[105.72266,20.80766],[105.72694,20.80753],[105.73256,20.8092],[105.73587,20.80889],[105.73571,20.80749],[105.736,20.80575],[105.73827,20.8007],[105.73837,20.79799],[105.7392,20.79699],[105.73832,20.79325],[105.7415,20.79203],[105.74137,20.7914],[105.74536,20.78894],[105.74636,20.79043],[105.74842,20.79195],[105.74893,20.79144],[105.7513,20.79268],[105.75303,20.79039],[105.75448,20.79144],[105.75723,20.7874],[105.75955,20.79026],[105.76362,20.78797],[105.76322,20.78722],[105.76446,20.78665],[105.76362,20.78542],[105.76497,20.78431],[105.76449,20.78365],[105.76592,20.7825],[105.76651,20.78318],[105.76681,20.78299],[105.76852,20.78815],[105.77617,20.78795],[105.77678,20.79053],[105.77834,20.79034],[105.78007,20.78886],[105.7815,20.78967],[105.78237,20.79135],[105.78448,20.79177],[105.7857,20.78906],[105.78721,20.78946],[105.78833,20.78931],[105.78972,20.78623],[105.7901,20.7861],[105.79067,20.78646],[105.79601,20.78317],[105.80661,20.78033],[105.80481,20.7796],[105.8027,20.77961],[105.80287,20.77852],[105.80451,20.77878],[105.80536,20.77572],[105.80338,20.77532],[105.80363,20.77135],[105.80038,20.77076],[105.79966,20.7715],[105.79814,20.76602],[105.79726,20.766],[105.79608,20.7617],[105.7921,20.76267],[105.7918,20.76152],[105.79217,20.76158],[105.79227,20.75866],[105.79376,20.75895],[105.79396,20.75762],[105.79354,20.7494],[105.78907,20.74845],[105.78843,20.74082],[105.7894,20.74023],[105.78805,20.73834],[105.78738,20.73845],[105.78778,20.73955],[105.78094,20.73868],[105.78048,20.737],[105.77916,20.73749],[105.77643,20.7376],[105.77643,20.73785],[105.77456,20.73751],[105.77154,20.7376],[105.77141,20.73724],[105.77092,20.73722],[105.77057,20.74041],[105.76886,20.74011],[105.76847,20.7415],[105.76412,20.74087],[105.76364,20.74366],[105.76756,20.74428],[105.76704,20.74602],[105.76664,20.74597],[105.76626,20.74686],[105.75632,20.74524],[105.75135,20.75017],[105.74657,20.75212],[105.74866,20.75682],[105.74536,20.75774],[105.74577,20.75898],[105.74447,20.7597],[105.7451,20.76081],[105.74347,20.76176],[105.7448,20.76292],[105.74396,20.76378],[105.74373,20.76362],[105.74022,20.76509],[105.73724,20.76703],[105.73787,20.76813],[105.73606,20.77054],[105.73859,20.7723],[105.7352,20.77806],[105.73067,20.77703],[105.72787,20.77692],[105.72606,20.77608],[105.72502,20.77801],[105.71735,20.78271],[105.71586,20.78453],[105.71407,20.7881],[105.70894,20.79361],[105.70554,20.79824],[105.70524,20.79897],[105.70536,20.80002],[105.7091,20.80964],[105.71477,20.80833],[105.72266,20.80766]]]]}},
{"type":"Feature","id":"10402","properties":{"Ward_Code":"10402","Ward_Code_Num":10402,"Ward":"Ứng Hoà","Ward_Alt":"Ứng Hòa","Ward_Upper":"ỨNG HOÀ","Ward_Full":"Xã Ứng Hoà","Ward_Full_Alt":"Xã Ứng Hòa","Ward_Full_Upper_Alt":"XÃ ỨNG HÒA","Ward_Type":"Xã","Province_Code":"01","Province":"Hà Nội","Province_Upper_Alt":"HÀ NỘI"},"geometry":{"type":"MultiPolygon","coordinates":[[[[105.84489,20.7411],[105.84559,20.74118],[105.84602,20.73705],[105.84847,20.73771],[105.85052,20.73768],[105.84966,20.73283],[105.85283,20.73237],[105.85284,20.7316],[105.85443,20.7315],[105.85735,20.72509],[105.85488,20.72182],[105.85551,20.72095],[105.85912,20.71915],[105.85804,20.71723],[105.85883,20.7164],[105.8602,20.71853],[105.86005,20.71502],[105.86381,20.71412],[105.86748,20.70988],[105.86847,20.70944],[105.87035,20.70925],[105.87353,20.71003],[105.87218,20.70706],[105.87264,20.70682],[105.87205,20.70587],[105.87446,20.70467],[105.87483,20.70499],[105.87548,20.70471],[105.87526,20.70428],[105.87741,20.70322],[105.87693,20.70247],[105.88748,20.69646],[105.8872,20.69588],[105.88772,20.69566],[105.88834,20.69348],[105.88904,20.69317],[105.88925,20.69214],[105.89143,20.69346],[105.89206,20.69237],[105.89143,20.69255],[105.89058,20.69165],[105.88714,20.69081],[105.88612,20.69142],[105.88431,20.68845],[105.88414,20.68574],[105.88237,20.68542],[105.88336,20.67794],[105.88553,20.67907],[105.88622,20.67572],[105.88848,20.67638],[105.89348,20.67916],[105.89453,20.68021],[105.89513,20.67526],[105.90151,20.67236],[105.90412,20.67076],[105.9055,20.66841],[105.90564,20.66466],[105.90322,20.66454],[105.89864,20.66839],[105.89778,20.66874],[105.89612,20.66882],[105.89584,20.66607],[105.89648,20.65177],[105.89559,20.6515],[105.892,20.64852],[105.88365,20.64447],[105.87974,20.64322],[105.87687,20.64313],[105.87289,20.64368],[105.86738,20.64541],[105.86468,20.64544],[105.85926,20.64466],[105.85661,20.64522],[105.8551,20.64609],[105.85282,20.64815],[105.84918,20.65323],[105.84834,20.65247],[105.84308,20.65618],[105.84298,20.656],[105.84022,20.65718],[105.84063,20.65846],[105.84038,20.65853],[105.8405,20.65902],[105.83945,20.65937],[105.83959,20.65972],[105.83383,20.66173],[105.83331,20.66056],[105.83165,20.66122],[105.83117,20.66151],[105.8313,20.66224],[105.82875,20.66294],[105.82894,20.66364],[105.82687,20.66472],[105.82636,20.66538],[105.82522,20.66601],[105.82564,20.66715],[105.82251,20.67932],[105.81982,20.67895],[105.81964,20.67959],[105.81774,20.67924],[105.81475,20.67805],[105.81496,20.67746],[105.80538,20.67064],[105.79948,20.67692],[105.79732,20.67536],[105.79691,20.67575],[105.80012,20.67834],[105.79716,20.68184],[105.79646,20.68126],[105.79588,20.68195],[105.79417,20.6843],[105.79556,20.68533],[105.79109,20.69012],[105.79318,20.69149],[105.79229,20.69162],[105.79068,20.69404],[105.79048,20.69507],[105.79339,20.6964],[105.79326,20.69684],[105.79463,20.69737],[105.79667,20.69472],[105.79795,20.69553],[105.79886,20.69453],[105.80053,20.69565],[105.80088,20.69486],[105.80298,20.69603],[105.8017,20.69802],[105.807,20.7009],[105.80466,20.70414],[105.81116,20.70764],[105.81355,20.71251],[105.81459,20.7159],[105.81535,20.71642],[105.81498,20.7167],[105.81626,20.71994],[105.81831,20.72764],[105.81919,20.72799],[105.81864,20.72885],[105.82014,20.72965],[105.81896,20.73156],[105.82036,20.7325],[105.81946,20.73471],[105.81973,20.7351],[105.81842,20.7364],[105.81561,20.73817],[105.8158,20.73835],[105.81527,20.73871],[105.81684,20.74099],[105.82048,20.73916],[105.82201,20.7417],[105.82552,20.73891],[105.8248,20.73783],[105.82628,20.73712],[105.8303,20.7389],[105.83193,20.73921],[105.83189,20.73951],[105.83591,20.74054],[105.83673,20.74066],[105.83676,20.73949],[105.8372,20.73954],[105.83713,20.73994],[105.8428,20.74081],[105.84278,20.7412],[105.84398,20.74174],[105.84489,20.7411]]]]}},
{"type":"Feature","id":"10417","properties":{"Ward_Code":"10417","Ward_Code_Num":10417,"Ward":"Hoà Xá","Ward_Alt":"Hòa Xá","Ward_Upper":"HOÀ XÁ","Ward_Full":"Xã Hoà Xá","Ward_Full_Alt":"Xã Hòa Xá","Ward_Full_Upper_Alt":"XÃ HÒA XÁ","Ward_Type":"Xã","Province_Code":"01","Province":"Hà Nội","Province_Upper_Alt":"HÀ NỘI"},"geometry":{"type":"MultiPolygon","coordinates":[[[[105.77436,20.72059],[105.77524,20.71942],[105.77611,20.71721],[105.77525,20.71681],[105.775,20.70654],[105.77736,20.70669],[105.78035,20.70047],[105.78187,20.6991],[105.79081,20.70257],[105.79206,20.7006],[105.79339,20.6964],[105.79048,20.69507],[105.79068,20.69404],[105.79229,20.69162],[105.79318,20.69149],[105.79109,20.69012],[105.79556,20.68533],[105.79417,20.6843],[105.79588,20.68195],[105.79646,20.68126],[105.79716,20.68184],[105.80012,20.67834],[105.79691,20.67575],[105.79732,20.67536],[105.79948,20.67692],[105.80538,20.67064],[105.81496,20.67746],[105.81475,20.67805],[105.81774,20.67924],[105.81964,20.67959],[105.81982,20.67895],[105.82251,20.67932],[105.82564,20.66715],[105.82522,20.66601],[105.82636,20.66538],[105.82687,20.66472],[105.82894,20.66364],[105.82884,20.66343],[105.82613,20.66422],[105.8261,20.66386],[105.82304,20.66447],[105.823,20.66206],[105.82169,20.66215],[105.81986,20.66131],[105.81953,20.66081],[105.82251,20.65778],[105.82528,20.6539],[105.82642,20.65284],[105.82782,20.65194],[105.83282,20.64996],[105.83357,20.6494],[105.83396,20.64853],[105.83331,20.64646],[105.83147,20.64441],[105.82621,20.64126],[105.81884,20.63749],[105.81369,20.63341],[105.81334,20.63343],[105.81136,20.62947],[105.8111,20.62804],[105.81166,20.62813],[105.81218,20.62587],[105.8132,20.62592],[105.81312,20.62522],[105.81456,20.62494],[105.81454,20.62456],[105.8134,20.62389],[105.81331,20.62218],[105.81367,20.62163],[105.81355,20.62102],[105.81486,20.6198],[105.81489,20.61877],[105.81452,20.61855],[105.8139,20.61896],[105.81282,20.61862],[105.81196,20.6189],[105.81054,20.61882],[105.80718,20.61754],[105.80451,20.61529],[105.80381,20.61315],[105.80182,20.612],[105.79817,20.61182],[105.79678,20.61209],[105.792,20.61549],[105.78466,20.6181],[105.78234,20.62004],[105.78047,20.62212],[105.77727,20.62367],[105.77704,20.62456],[105.7779,20.6258],[105.78104,20.62699],[105.78416,20.62734],[105.79279,20.62741],[105.79443,20.62779],[105.79748,20.62912],[105.80235,20.63315],[105.8033,20.63487],[105.8036,20.63601],[105.80355,20.6382],[105.80306,20.6399],[105.80206,20.64176],[105.80027,20.64298],[105.79675,20.64421],[105.79256,20.64642],[105.78928,20.64973],[105.78384,20.65795],[105.77647,20.66435],[105.77128,20.6696],[105.75713,20.67874],[105.75172,20.68265],[105.74557,20.68739],[105.74377,20.68917],[105.74283,20.69084],[105.74258,20.69247],[105.74278,20.6943],[105.74465,20.69592],[105.74722,20.69696],[105.75531,20.69788],[105.75826,20.69929],[105.76094,20.70201],[105.76256,20.70531],[105.76316,20.70738],[105.76311,20.71034],[105.76206,20.71678],[105.76264,20.71857],[105.76406,20.72041],[105.76696,20.722],[105.76946,20.72238],[105.7708,20.72154],[105.77152,20.7209],[105.77153,20.72054],[105.77261,20.72029],[105.77318,20.72124],[105.77303,20.7223],[105.77327,20.72256],[105.7739,20.72248],[105.77436,20.72059]]]]}},
{"type":"Feature","id":"10441","properties":{"Ward_Code":"10441","Ward_Code_Num":10441,"Ward":"Mỹ Đức","Ward_Alt":"Mỹ Đức","Ward_Upper":"MỸ ĐỨC","Ward_Full":"Xã Mỹ Đức","Ward_Full_Alt":"Xã Mỹ Đức","Ward_Full_Upper_Alt":"XÃ MỸ ĐỨC","Ward_Type":"Xã","Province_Code":"01","Province":"Hà Nội","Province_Upper_Alt":"HÀ NỘI"},"geometry":{"type":"MultiPolygon","coordinates":[[[[105.74554,20.71183],[105.74637,20.7111],[105.74677,20.71136],[105.75437,20.70503],[105.75455,20.70522],[105.75482,20.70497],[105.75683,20.70683],[105.7582,20.70579],[105.75923,20.70687],[105.76129,20.70603],[105.76108,20.7056],[105.76243,20.70501],[105.76044,20.70134],[105.75888,20.69975],[105.75724,20.69871],[105.75483,20.69775],[105.74722,20.69696],[105.74465,20.69592],[105.74278,20.6943],[105.74269,20.69158],[105.74346,20.68959],[105.74557,20.68739],[105.75713,20.67874],[105.77128,20.6696],[105.77707,20.66381],[105.77277,20.6603],[105.77331,20.65998],[105.77115,20.6596],[105.77096,20.65548],[105.7696,20.65558],[105.76941,20.654],[105.76684,20.65428],[105.76671,20.65178],[105.76562,20.65284],[105.76508,20.65411],[105.76493,20.65252],[105.76248,20.65277],[105.76233,20.65049],[105.75732,20.65106],[105.7562,20.64994],[105.75784,20.64744],[105.75682,20.647],[105.75592,20.64768],[105.75515,20.64699],[105.75613,20.64614],[105.75427,20.64412],[105.75246,20.64588],[105.7529,20.64631],[105.75057,20.64872],[105.75234,20.6502],[105.75242,20.65145],[105.75098,20.65322],[105.75142,20.65369],[105.7505,20.65457],[105.7464,20.64943],[105.74547,20.64927],[105.74488,20.6495],[105.74546,20.65074],[105.74666,20.65126],[105.74828,20.65279],[105.7463,20.65329],[105.74886,20.65565],[105.74724,20.65747],[105.75024,20.66011],[105.74371,20.66672],[105.74448,20.66734],[105.74368,20.66798],[105.74439,20.66886],[105.74413,20.66927],[105.74367,20.66938],[105.7429,20.66887],[105.74174,20.6675],[105.7412,20.66794],[105.74032,20.66638],[105.72928,20.67531],[105.72356,20.67172],[105.72371,20.67137],[105.72276,20.67092],[105.72596,20.6642],[105.72283,20.66194],[105.72292,20.66134],[105.72181,20.66093],[105.72119,20.66042],[105.7213,20.66016],[105.72062,20.6598],[105.72008,20.66073],[105.71672,20.65911],[105.71645,20.65795],[105.71565,20.65667],[105.71509,20.65408],[105.71528,20.65344],[105.71579,20.653199999999998],[105.7179,20.65392],[105.71846,20.65328],[105.71805,20.65258],[105.71841,20.65188],[105.71748,20.65142],[105.71798,20.65043],[105.71783,20.64968],[105.71866,20.64832],[105.71824,20.64767],[105.72104,20.64408],[105.72172,20.64061],[105.72377,20.63934],[105.72393,20.63877],[105.72274,20.63811],[105.7224,20.63643],[105.72303,20.63439],[105.72547,20.63151],[105.72568,20.63008],[105.72223,20.62658],[105.72292,20.62564],[105.72381,20.62578],[105.72533,20.62445],[105.72633,20.62402],[105.72531,20.62265],[105.7247,20.62023],[105.72274,20.61875],[105.72249,20.61812],[105.72273,20.61743],[105.72037,20.61572],[105.7205,20.61516],[105.71992,20.61368],[105.71909,20.61341],[105.71827,20.61129],[105.71733,20.61049],[105.72014,20.60931],[105.72135,20.60934],[105.72204,20.60806],[105.72511,20.6065],[105.72563,20.60581],[105.72687,20.60557],[105.72165,20.59927],[105.71871,20.59706],[105.71672,20.5983],[105.7152,20.5978],[105.70968,20.59957],[105.70808,20.59868],[105.70647,20.60063],[105.70393,20.60256],[105.70375,20.6036],[105.70498,20.60498],[105.70527,20.60588],[105.70463,20.6074],[105.7051,20.60951],[105.70357,20.61099],[105.70414,20.61263],[105.7037,20.61353],[105.70493,20.61403],[105.70093,20.62177],[105.69868,20.62228],[105.69759,20.62041],[105.69602,20.62014],[105.69199,20.62208],[105.69104,20.62124],[105.6909,20.62147],[105.6904,20.62118],[105.68896,20.61948],[105.68807,20.61898],[105.68694,20.61593],[105.68512,20.61689],[105.68296,20.61638],[105.68157,20.61788],[105.68128,20.61768],[105.68092,20.61794],[105.67963,20.61724],[105.67754,20.61769],[105.67776,20.61668],[105.67697,20.61615],[105.67527,20.61692],[105.67451,20.61624],[105.67334,20.61595],[105.67265,20.61648],[105.67051,20.61706],[105.66949,20.6178],[105.66829,20.61748],[105.66714,20.61673],[105.66652,20.61679],[105.66581,20.61934],[105.66597,20.62108],[105.66707,20.62185],[105.66699,20.62362],[105.66453,20.62631],[105.66379,20.62821],[105.66437,20.62842],[105.66593,20.63031],[105.66626,20.62968],[105.66749,20.6295],[105.66767,20.62901],[105.66878,20.62954],[105.66938,20.63016],[105.6696,20.63117],[105.671,20.63269],[105.67202,20.63216],[105.67329,20.62914],[105.67515,20.62919],[105.67564,20.62988],[105.67672,20.63032],[105.67728,20.63004],[105.67837,20.62854],[105.67944,20.62923],[105.68125,20.62964],[105.68118,20.63007],[105.68204,20.63045],[105.68243,20.63085],[105.68221,20.63116],[105.6845,20.63312],[105.68338,20.63548],[105.68504,20.63692],[105.68683,20.63793],[105.68558,20.63891],[105.68454,20.63918],[105.6841,20.63996],[105.68318,20.63996],[105.68271,20.64037],[105.68224,20.63985],[105.68186,20.64085],[105.68021,20.64281],[105.67976,20.64476],[105.67908,20.64553],[105.67889,20.64744],[105.68124,20.65235],[105.67963,20.65434],[105.68036,20.65529],[105.68057,20.65619],[105.68005,20.65656],[105.67856,20.65942],[105.67918,20.66123],[105.68186,20.66234],[105.68086,20.66302],[105.67922,20.66507],[105.67943,20.66716],[105.67918,20.66832],[105.67801,20.66901],[105.67725,20.67005],[105.67646,20.67023],[105.67631,20.66759],[105.67706,20.66756],[105.67744,20.66563],[105.67681,20.66541],[105.67691,20.66477],[105.67626,20.66435],[105.6763,20.66407],[105.67541,20.66378],[105.67445,20.66496],[105.6737,20.66485],[105.6722,20.66798],[105.67348,20.67015],[105.67195,20.67162],[105.67213,20.67208],[105.67132,20.67308],[105.67111,20.67455],[105.67004,20.67506],[105.6698,20.67581],[105.67195,20.67655],[105.67347,20.67619],[105.67333,20.67479],[105.67493,20.67443],[105.67416,20.67174],[105.67702,20.6716],[105.67792,20.67098],[105.68024,20.66789],[105.68236,20.66771],[105.68389,20.66839],[105.68955,20.66661],[105.69073,20.66657],[105.6933,20.67274],[105.6972,20.67215],[105.69672,20.67226],[105.6984,20.67165],[105.69996,20.67168],[105.69915,20.67446],[105.69954,20.67454],[105.70004,20.67404],[105.70295,20.67451],[105.70202,20.68065],[105.70998,20.68399],[105.71074,20.68263],[105.71122,20.68285],[105.71164,20.68218],[105.71741,20.68544],[105.7195,20.68271],[105.72133,20.68356],[105.71852,20.6872],[105.72028,20.68728],[105.71597,20.69272],[105.72034,20.69888],[105.72438,20.6961],[105.72833,20.70065],[105.73257,20.70489],[105.73364,20.70394],[105.73666,20.70696],[105.73678,20.70676],[105.74141,20.7091],[105.74554,20.71183]]]]}},
{"type":"Feature","id":"10459","properties":{"Ward_Code":"10459","Ward_Code_Num":10459,"Ward":"Phúc Sơn","Ward_Alt":"Phúc Sơn","Ward_Upper":"PHÚC SƠN","Ward_Full":"Xã Phúc Sơn","Ward_Full_Alt":"Xã Phúc Sơn","Ward_Full_Upper_Alt":"XÃ PHÚC SƠN","Ward_Type":"Xã","Province_Code":"01","Province":"Hà Nội","Province_Upper_Alt":"HÀ NỘI"},"geometry":{"type":"MultiPolygon","coordinates":[[[[105.7097,20.82998],[105.71064,20.82771],[105.71049,20.8266],[105.70975,20.82609],[105.70756,20.82553],[105.70686,20.82492],[105.70673,20.82412],[105.70723,20.81878],[105.70965,20.81446],[105.70981,20.81223],[105.7091,20.80964],[105.70554,20.80055],[105.70524,20.79897],[105.70894,20.79361],[105.71407,20.7881],[105.71586,20.78453],[105.71735,20.78271],[105.72528,20.7777],[105.7264,20.77462],[105.72615,20.7726],[105.72496,20.76928],[105.72238,20.7657],[105.71888,20.76198],[105.71717,20.76304],[105.7165,20.7622],[105.71581,20.76225],[105.71428,20.76085],[105.71105,20.76377],[105.70886,20.76197],[105.70586,20.76016],[105.70355,20.76359],[105.70309,20.76352],[105.70281,20.76236],[105.70296,20.76159],[105.70199,20.76193],[105.70205,20.76294],[105.70137,20.76303],[105.70133,20.76266],[105.70086,20.76271],[105.70115,20.76442],[105.69059,20.76531],[105.68842,20.75789],[105.68572,20.75912],[105.68352,20.76054],[105.6831,20.74845],[105.68379,20.74829],[105.685,20.74726],[105.68471,20.74608],[105.6854,20.74537],[105.68538,20.745],[105.68581,20.74486],[105.68338,20.74302],[105.68204,20.74258],[105.68198,20.73935],[105.67964,20.73376],[105.67865,20.73319],[105.67735,20.73421],[105.67506,20.7326],[105.67462,20.73268],[105.67321,20.73548],[105.67169,20.73615],[105.67089,20.73708],[105.6691,20.73696],[105.66706,20.73506],[105.66558,20.73507],[105.66361,20.73629],[105.66266,20.73767],[105.66146,20.7386],[105.66131,20.73939],[105.66049,20.73968],[105.6599,20.74047],[105.65942,20.74071],[105.6586,20.7404],[105.6577,20.74102],[105.65749,20.74278],[105.65702,20.74379],[105.65556,20.74522],[105.65498,20.74624],[105.65491,20.74706],[105.6544,20.74761],[105.65356,20.75125],[105.65378,20.75266],[105.65297,20.75345],[105.65116,20.7539],[105.65132,20.75561],[105.65094,20.75621],[105.65102,20.75807],[105.6503,20.75913],[105.64929,20.76204],[105.64982,20.76448],[105.64884,20.76552],[105.64837,20.76924],[105.64903,20.7698],[105.64873,20.7705],[105.64922,20.77127],[105.64886,20.77486],[105.64955,20.77602],[105.649,20.77639],[105.64778,20.77626],[105.6477,20.77661],[105.6478,20.77792],[105.64848,20.77883],[105.64817,20.77955],[105.64838,20.78621],[105.64804,20.78695],[105.64843,20.78778],[105.64825,20.78993],[105.64866,20.79098],[105.64831,20.79128],[105.6484,20.7921],[105.64792,20.79248],[105.64763,20.79361],[105.65045,20.79436],[105.65051,20.79477],[105.65009,20.80428],[105.64942,20.80953],[105.6562,20.80897],[105.65835,20.8082],[105.66017,20.8086],[105.66286,20.80835],[105.65948,20.81425],[105.66068,20.81382],[105.66294,20.81411],[105.66323,20.81382],[105.66421,20.81376],[105.6649,20.81408],[105.66388,20.81498],[105.66275,20.81523],[105.66347,20.81533],[105.66518,20.81424],[105.66598,20.81315],[105.66739,20.81279],[105.66853,20.8138],[105.66803,20.81581],[105.66853,20.81584],[105.66894,20.81467],[105.66951,20.81454],[105.66955,20.81567],[105.66912,20.8161],[105.66938,20.81651],[105.67066,20.81574],[105.67143,20.81394],[105.67295,20.81396],[105.67332,20.81459],[105.67427,20.81489],[105.67662,20.81434],[105.67728,20.81476],[105.67977,20.81448],[105.68062,20.81361],[105.68103,20.81361],[105.68135,20.81296],[105.682,20.81302],[105.68174,20.81451],[105.68599,20.81381],[105.68617,20.81278],[105.68855,20.81303],[105.68863,20.81279],[105.68994,20.81276],[105.68987,20.81231],[105.69382,20.81258],[105.69491,20.81424],[105.6948,20.81462],[105.69532,20.81584],[105.69666,20.81585],[105.69663,20.81666],[105.69696,20.81722],[105.69741,20.81771],[105.69847,20.81807],[105.69835,20.81913],[105.69794,20.81965],[105.69828,20.82036],[105.69589,20.82626],[105.69717,20.8265],[105.69688,20.82844],[105.70614,20.82893],[105.70619,20.8297],[105.70886,20.82963],[105.70888,20.82999],[105.7097,20.82998]]]]}},
{"type":"Feature","id":"10465","properties":{"Ward_Code":"10465","Ward_Code_Num":10465,"Ward":"Hồng Sơn","Ward_Alt":"Hồng Sơn","Ward_Upper":"HỒNG SƠN","Ward_Full":"Xã Hồng Sơn","Ward_Full_Alt":"Xã Hồng Sơn","Ward_Full_Upper_Alt":"XÃ HỒNG SƠN","Ward_Type":"Xã","Province_Code":"01","Province":"Hà Nội","Province_Upper_Alt":"HÀ NỘI"},"geometry":{"type":"MultiPolygon","coordinates":[[[[105.70092,20.76269],[105.70133,20.76266],[105.70137,20.76303],[105.70205,20.76294],[105.70199,20.76193],[105.70296,20.76159],[105.70281,20.76236],[105.70309,20.76352],[105.70355,20.76359],[105.70586,20.76016],[105.70886,20.76197],[105.71105,20.76377],[105.71428,20.76085],[105.71581,20.76225],[105.7165,20.7622],[105.71717,20.76304],[105.71888,20.76198],[105.71425,20.75688],[105.7092,20.75319],[105.70495,20.75156],[105.69949,20.75162],[105.69785,20.75128],[105.69724,20.75044],[105.69644,20.74577],[105.6974,20.74221],[105.6981,20.74171],[105.7027,20.74308],[105.70643,20.74288],[105.71939,20.7403],[105.7253,20.73863],[105.72813,20.73815],[105.72911,20.73766],[105.73204,20.7355],[105.73345,20.72967],[105.73282,20.72681],[105.7307,20.72409],[105.73046,20.72309],[105.73109,20.72229],[105.73285,20.7218],[105.73469,20.72192],[105.73683,20.72296],[105.73818,20.72426],[105.74183,20.72678],[105.74761,20.72825],[105.75047,20.72815],[105.75545,20.72873],[105.75936,20.73111],[105.76105,20.73164],[105.76208,20.73129],[105.76873,20.72699],[105.77041,20.7252],[105.77104,20.72386],[105.771,20.72317],[105.77052,20.72265],[105.76696,20.722],[105.76447,20.72073],[105.76264,20.71857],[105.76204,20.71636],[105.76322,20.70826],[105.76243,20.70501],[105.76108,20.7056],[105.76129,20.70603],[105.75923,20.70687],[105.7582,20.70579],[105.75683,20.70683],[105.75482,20.70497],[105.75455,20.70522],[105.75437,20.70503],[105.74677,20.71136],[105.74637,20.7111],[105.74547,20.71194],[105.74141,20.7091],[105.73678,20.70676],[105.73654,20.70688],[105.73364,20.70394],[105.73253,20.70486],[105.72833,20.70065],[105.72438,20.6961],[105.72034,20.69888],[105.71597,20.69272],[105.72028,20.68728],[105.71852,20.6872],[105.72133,20.68356],[105.7195,20.68271],[105.71741,20.68544],[105.71164,20.68218],[105.71122,20.68285],[105.71074,20.68263],[105.70998,20.68399],[105.70202,20.68065],[105.70295,20.67451],[105.70004,20.67404],[105.69954,20.67454],[105.69915,20.67446],[105.69996,20.67168],[105.6984,20.67165],[105.69672,20.67226],[105.6972,20.67215],[105.6933,20.67274],[105.69073,20.66657],[105.68955,20.66661],[105.68389,20.66839],[105.68236,20.66771],[105.68051,20.66783],[105.67792,20.67098],[105.67702,20.6716],[105.67416,20.67174],[105.67493,20.67443],[105.67333,20.67479],[105.67347,20.67619],[105.67195,20.67655],[105.6698,20.67581],[105.66793,20.6801],[105.66875,20.6801],[105.66862,20.68048],[105.66924,20.68085],[105.67232,20.67998],[105.6732,20.68133],[105.674,20.68084],[105.67468,20.68205],[105.67604,20.6818],[105.67624,20.68221],[105.67722,20.68223],[105.67769,20.68405],[105.67915,20.68407],[105.67993,20.6876],[105.67928,20.6894],[105.67969,20.68982],[105.67855,20.69081],[105.67958,20.69139],[105.68039,20.69116],[105.68083,20.69169],[105.68106,20.69359],[105.68207,20.69533],[105.68211,20.69572],[105.68142,20.6963],[105.68104,20.69726],[105.68185,20.6989],[105.68112,20.69936],[105.68024,20.69932],[105.67983,20.70067],[105.67892,20.70156],[105.67648,20.70337],[105.67536,20.70322],[105.67452,20.70407],[105.67428,20.70487],[105.67299,20.70579],[105.67246,20.70708],[105.67153,20.70753],[105.67067,20.70876],[105.6701,20.70997],[105.67026,20.71086],[105.66829,20.71181],[105.66826,20.71249],[105.66855,20.71281],[105.66799,20.71293],[105.66782,20.71331],[105.66818,20.7139],[105.66772,20.71431],[105.66792,20.71593],[105.66611,20.71564],[105.66526,20.7161],[105.66491,20.71846],[105.66324,20.71929],[105.66292,20.72019],[105.6631,20.72105],[105.66126,20.722],[105.66076,20.72367],[105.66199,20.72442],[105.66229,20.72566],[105.663,20.7258],[105.66284,20.72738],[105.66379,20.72848],[105.66625,20.73391],[105.6691,20.73696],[105.67089,20.73708],[105.67169,20.73615],[105.67321,20.73548],[105.67408,20.73391],[105.67404,20.73347],[105.67481,20.73261],[105.67735,20.73421],[105.67865,20.73319],[105.67964,20.73376],[105.68198,20.73935],[105.68204,20.74258],[105.68338,20.74302],[105.68581,20.74486],[105.68538,20.745],[105.6854,20.74537],[105.68471,20.74608],[105.685,20.74726],[105.68379,20.74829],[105.6831,20.74845],[105.68352,20.76054],[105.68572,20.75912],[105.68842,20.75789],[105.69059,20.76531],[105.70115,20.76442],[105.70092,20.76269]]]]}},
{"type":"Feature","id":"10489","properties":{"Ward_Code":"10489","Ward_Code_Num":10489,"Ward":"Hương Sơn","Ward_Alt":"Hương Sơn","Ward_Upper":"HƯƠNG SƠN","Ward_Full":"Xã Hương Sơn","Ward_Full_Alt":"Xã Hương Sơn","Ward_Full_Upper_Alt":"XÃ HƯƠNG SƠN","Ward_Type":"Xã","Province_Code":"01","Province":"Hà Nội","Province_Upper_Alt":"HÀ NỘI"},"geometry":{"type":"MultiPolygon","coordinates":[[[[105.73958,20.66698],[105.74032,20.66638],[105.7412,20.66794],[105.74174,20.6675],[105.7429,20.66887],[105.74367,20.66938],[105.74413,20.66927],[105.74439,20.66886],[105.74368,20.66798],[105.74448,20.66734],[105.74371,20.66672],[105.75024,20.66011],[105.74724,20.65747],[105.74886,20.65565],[105.7463,20.65329],[105.74828,20.65279],[105.74666,20.65126],[105.74546,20.65074],[105.74488,20.6495],[105.74547,20.64927],[105.7464,20.64943],[105.7505,20.65457],[105.75142,20.65369],[105.75098,20.65322],[105.75242,20.65145],[105.75234,20.6502],[105.75057,20.64872],[105.7529,20.64631],[105.75246,20.64588],[105.75427,20.64412],[105.75613,20.64614],[105.75515,20.64699],[105.75592,20.64768],[105.75682,20.647],[105.75784,20.64744],[105.7562,20.64994],[105.75732,20.65106],[105.76233,20.65049],[105.76248,20.65277],[105.76493,20.65252],[105.76508,20.65411],[105.76562,20.65284],[105.76674,20.65179],[105.76684,20.65428],[105.76941,20.654],[105.7696,20.65558],[105.77096,20.65548],[105.77115,20.6596],[105.77331,20.65998],[105.77277,20.6603],[105.77707,20.66381],[105.78384,20.65795],[105.78928,20.64973],[105.79256,20.64642],[105.79675,20.64421],[105.8012,20.64249],[105.80255,20.64101],[105.80366,20.63717],[105.80295,20.63404],[105.80167,20.6325],[105.79748,20.62912],[105.79443,20.62779],[105.79279,20.62741],[105.78416,20.62734],[105.78104,20.62699],[105.7779,20.6258],[105.77704,20.62456],[105.77727,20.62367],[105.78047,20.62212],[105.78234,20.62004],[105.78466,20.6181],[105.792,20.61549],[105.79543,20.61286],[105.79739,20.61193],[105.80109,20.61192],[105.80284,20.61239],[105.80381,20.61315],[105.80451,20.61529],[105.80718,20.61754],[105.81054,20.61882],[105.81196,20.6189],[105.81282,20.61862],[105.81286,20.61713],[105.81173,20.61554],[105.80738,20.61256],[105.80652,20.61179],[105.80584,20.61055],[105.80583,20.60902],[105.80747,20.60658],[105.80941,20.60529],[105.81135,20.60459],[105.8106,20.60375],[105.81084,20.60339],[105.80846,20.60224],[105.80764,20.60114],[105.80726,20.60008],[105.80883,20.59951],[105.80846,20.59849],[105.80866,20.59844],[105.80799,20.59725],[105.80714,20.59732],[105.80628,20.59915],[105.80484,20.59924],[105.80372,20.5988],[105.80339,20.59752],[105.80377,20.59616],[105.8036,20.59568],[105.80308,20.59544],[105.8031,20.59283],[105.80232,20.59226],[105.80197,20.59098],[105.80136,20.59068],[105.80095,20.58928],[105.80117,20.58829],[105.80095,20.58671],[105.80146,20.58589],[105.80144,20.5852],[105.80096,20.58456],[105.80147,20.58396],[105.80008,20.58203],[105.79934,20.58185],[105.79925,20.57989],[105.79845,20.57833],[105.79843,20.57737],[105.79876,20.57691],[105.79744,20.57553],[105.79692,20.57417],[105.79778,20.57392],[105.79708,20.57254],[105.79713,20.57136],[105.79653,20.57053],[105.79654,20.56965],[105.79483,20.56816],[105.79461,20.56736],[105.79156,20.56706],[105.79025,20.5664],[105.78443,20.56652],[105.78289,20.56594],[105.78215,20.56473],[105.78155,20.56562],[105.77875,20.56581],[105.77729,20.56428],[105.77626,20.56473],[105.76866,20.56527],[105.76783,20.56987],[105.7667,20.57248],[105.76579,20.57349],[105.76523,20.5753],[105.76365,20.5774],[105.76306,20.57909],[105.76045,20.58031],[105.75939,20.58147],[105.75733,20.58217],[105.75715,20.5826],[105.75632,20.58302],[105.75592,20.58438],[105.75509,20.58458],[105.75392,20.58763],[105.75215,20.58978],[105.75031,20.59024],[105.74864,20.59114],[105.74735,20.59135],[105.74506,20.59668],[105.7437,20.59851],[105.74283,20.59905],[105.73723,20.59831],[105.73639,20.59893],[105.73402,20.59971],[105.73243,20.5998],[105.73103,20.60055],[105.72979,20.60166],[105.72935,20.60274],[105.727,20.60443],[105.72687,20.60558],[105.72563,20.60581],[105.72511,20.6065],[105.72204,20.60806],[105.72135,20.60934],[105.72014,20.60931],[105.71733,20.61049],[105.71827,20.61129],[105.71909,20.61341],[105.71992,20.61368],[105.7205,20.61516],[105.72037,20.61572],[105.72273,20.61743],[105.72249,20.61812],[105.72274,20.61875],[105.7247,20.62023],[105.72531,20.62265],[105.72633,20.62402],[105.72533,20.62445],[105.72381,20.62578],[105.72292,20.62564],[105.72225,20.62651],[105.72426,20.62892],[105.72568,20.63008],[105.72547,20.63151],[105.72303,20.63439],[105.7224,20.63643],[105.72274,20.63811],[105.72393,20.63877],[105.72389,20.639],[105.72359,20.63959],[105.72172,20.64061],[105.72104,20.64408],[105.71824,20.64767],[105.71866,20.64832],[105.71783,20.64968],[105.71798,20.65043],[105.71748,20.65142],[105.71844,20.65194],[105.71805,20.6525],[105.71846,20.65328],[105.7182,20.65372],[105.7179,20.65392],[105.71597,20.653199999999998],[105.71528,20.65344],[105.71509,20.65421],[105.71565,20.65667],[105.71645,20.65795],[105.71672,20.65911],[105.72008,20.66073],[105.72062,20.6598],[105.7213,20.66016],[105.72119,20.66042],[105.72181,20.66093],[105.72292,20.66134],[105.72283,20.66194],[105.72596,20.6642],[105.72276,20.67092],[105.72371,20.67137],[105.72356,20.67172],[105.72928,20.67531],[105.73958,20.66698]]]]}}]}