{"type":"FeatureCollection","name":"VN_Wards_08","crs":{"type":"name","properties":{"name":"urn:ogc:def:crs:OGC:1.3:CRS84"}},"features":[{"type":"Feature","id":"00691","properties":{"Ward_Code":"00691","Ward_Code_Num":691,"Ward":"Hà Giang 2","Ward_Alt":"Hà Giang 2","Ward_Upper":"HÀ GIANG 2","Ward_Full":"Phường Hà Giang 2","Ward_Full_Alt":"Phường Hà Giang 2","Ward_Full_Upper_Alt":"PHƯỜNG HÀ GIANG 2","Ward_Type":"Phường","Province_Code":"08","Province":"Tuyên Quang","Province_Upper_Alt":"TUYÊN QUANG"},"geometry":{"type":"MultiPolygon","coordinates":[[[[104.96132,22.83915],[104.96046,22.83856],[104.95974,22.83728],[104.9591,22.83704],[104.95819,22.83716],[104.95608,22.83832],[104.95514,22.8401],[104.95399,22.84143],[104.94946,22.84394],[104.94783,22.84593],[104.94652,22.84693],[104.94404,22.84788],[104.94178,22.8508],[104.93806,22.85246],[104.93282,22.85662],[104.931,22.85873],[104.92908,22.86001],[104.92684,22.86098],[104.92358,22.8632],[104.91944,22.86832],[104.9164,22.87003],[104.91519,22.87127],[104.91399,22.87544],[104.91013,22.87817],[104.90746,22.87925],[104.90624,22.88182],[104.90495,22.88321],[104.90402,22.88375],[104.90627,22.89148],[104.90638,22.89305],[104.90451,22.89432],[104.90416,22.89519],[104.90238,22.89564],[104.90223,22.89724],[104.90192,22.8976],[104.90098,22.89762],[104.89857,22.89902],[104.89594,22.90423],[104.89496,22.90487],[104.89322,22.90708],[104.89219,22.90913],[104.89136,22.9118],[104.89036,22.91263],[104.8918,22.91453],[104.89424,22.91384],[104.89534,22.91496],[104.89678,22.91507],[104.89795,22.91632],[104.90063,22.91502],[104.90131,22.91517],[104.90192,22.91617],[104.90281,22.91602],[104.90347,22.91466],[104.90321,22.91252],[104.90452,22.91165],[104.90554,22.91142],[104.90622,22.90962],[104.90979,22.91114],[104.91221,22.91107],[104.91714,22.90871],[104.91828,22.9078],[104.91758,22.90712],[104.91752,22.90667],[104.91979,22.90294],[104.92105,22.90236],[104.92315,22.90241],[104.92359,22.9011],[104.92567,22.89933],[104.92664,22.89806],[104.92822,22.89746],[104.93051,22.89764],[104.93468,22.89686],[104.93624,22.89691],[104.93714,22.89656],[104.93722,22.89589],[104.9382,22.89645],[104.93902,22.89651],[104.94165,22.89459],[104.94305,22.89557],[104.94398,22.89564],[104.94812,22.89257],[104.94914,22.89093],[104.95126,22.88945],[104.95598,22.8902],[104.959,22.8869],[104.96113,22.88602],[104.96286,22.88608],[104.96415,22.88469],[104.96555,22.8845],[104.96684,22.88366],[104.96777,22.88351],[104.96847,22.88278],[104.97,22.88243],[104.97119,22.88155],[104.97212,22.88139],[104.97295,22.88051],[104.97754,22.87857],[104.9794,22.87662],[104.98094,22.87579],[104.98167,22.87465],[104.98474,22.87417],[104.98716,22.87263],[104.99095,22.87142],[104.99141,22.87041],[104.99246,22.86982],[104.99376,22.8683],[105.00015,22.86839],[105.0019,22.86809],[105.00299,22.86741],[105.00558,22.86785],[105.00806,22.86733],[105.0085,22.86782],[105.01062,22.86797],[105.01068,22.86659],[105.01228,22.8647],[105.01286,22.86241],[105.01362,22.86183],[105.01453,22.86163],[105.015,22.86101],[105.01624,22.85718],[105.01585,22.85631],[105.01465,22.85562],[105.01402,22.85395],[105.01439,22.85012],[105.01327,22.84789],[105.01363,22.84689],[105.01332,22.84471],[105.01216,22.84255],[105.0115,22.84039],[105.01388,22.84044],[105.01434,22.84186],[105.01621,22.84028],[105.01641,22.83938],[105.01736,22.83915],[105.01715,22.83811],[105.01642,22.83794],[105.016,22.83543],[105.01671,22.83468],[105.0181,22.83113],[105.01749,22.83086],[105.01739,22.83002],[105.01632,22.83019],[105.01605,22.82956],[105.01555,22.82961],[105.01551,22.82901],[105.01601,22.8287],[105.01652,22.82759],[105.01495,22.8263],[105.01346,22.82633],[105.01186,22.82555],[105.01116,22.82485],[105.00346,22.82546],[105.00448,22.82344],[105.00499,22.81956],[105.00594,22.81834],[105.00647,22.81681],[105.00682,22.81424],[105.00633,22.81339],[105.0061,22.81138],[105.00753,22.8072],[105.00462,22.80244],[105.00357,22.80156],[105.00108,22.80087],[104.99802,22.80118],[104.99631,22.8025],[104.99514,22.80263],[104.99443,22.80372],[104.99285,22.80477],[104.99068,22.80534],[104.98933,22.80484],[104.98813,22.80512],[104.98723,22.80382],[104.98555,22.80325],[104.98384,22.80407],[104.98388,22.80527],[104.98316,22.80679],[104.98281,22.80683],[104.98143,22.80662],[104.98038,22.80547],[104.98025,22.80401],[104.97993,22.80419],[104.97953,22.80507],[104.97984,22.8079],[104.97957,22.80976],[104.97993,22.81065],[104.98134,22.81106],[104.98444,22.81084],[104.98548,22.81225],[104.98546,22.8143],[104.98477,22.81603],[104.98416,22.81679],[104.98221,22.8178],[104.98191,22.81851],[104.98265,22.82017],[104.98474,22.82261],[104.9853,22.82466],[104.98474,22.8272],[104.98468,22.83147],[104.98421,22.8332],[104.98289,22.83508],[104.98073,22.83682],[104.9786,22.83702],[104.97627,22.83514],[104.97447,22.8346],[104.97295,22.83488],[104.97048,22.83591],[104.96817,22.83724],[104.96572,22.84012],[104.96504,22.84041],[104.9637,22.84023],[104.96132,22.83915]]]]}},
{"type":"Feature","id":"00694","properties":{"Ward_Code":"00694","Ward_Code_Num":694,"Ward":"Hà Giang 1","Ward_Alt":"Hà Giang 1","Ward_Upper":"HÀ GIANG 1","Ward_Full":"Phường Hà Giang 1","Ward_Full_Alt":"Phường Hà Giang 1","Ward_Full_Upper_Alt":"PHƯỜNG HÀ GIANG 1","Ward_Type":"Phường","Province_Code":"08","Province":"Tuyên Quang","Province_Upper_Alt":"TUYÊN QUANG"},"geometry":{"type":"MultiPolygon","coordinates":[[[[104.96132,22.83915],[104.9637,22.84023],[104.96504,22.84041],[104.96572,22.84012],[104.96817,22.83724],[104.97048,22.83591],[104.97295,22.83488],[104.97447,22.8346],[104.97627,22.83514],[104.9786,22.83702],[104.98073,22.83682],[104.98289,22.83508],[104.98421,22.8332],[104.98468,22.83147],[104.98474,22.8272],[104.9853,22.82466],[104.98474,22.82261],[104.98265,22.82017],[104.98191,22.81851],[104.98221,22.8178],[104.98416,22.81679],[104.98477,22.81603],[104.98546,22.8143],[104.98548,22.81225],[104.98444,22.81084],[104.98134,22.81106],[104.97993,22.81065],[104.97956,22.80962],[104.97984,22.8083],[104.97956,22.80477],[104.97993,22.80419],[104.98148,22.80313],[104.98277,22.80155],[104.98567,22.80071],[104.9867,22.80006],[104.98683,22.79954],[104.98604,22.79886],[104.98597,22.79751],[104.98664,22.79522],[104.98739,22.79411],[104.99038,22.79245],[104.99442,22.79158],[104.99529,22.79062],[104.99505,22.78948],[104.99249,22.78936],[104.98919,22.78778],[104.98728,22.78744],[104.98504,22.78794],[104.98424,22.78749],[104.98377,22.78589],[104.98413,22.7843],[104.9834,22.78328],[104.98375,22.78203],[104.98263,22.78068],[104.98273,22.77968],[104.98106,22.77766],[104.98064,22.77626],[104.98062,22.77422],[104.98165,22.77168],[104.98163,22.76958],[104.97988,22.76779],[104.97811,22.76701],[104.9774,22.76558],[104.9757,22.76454],[104.97337,22.76412],[104.9715,22.76209],[104.97052,22.762],[104.96792,22.7603],[104.96895,22.75886],[104.9704,22.75772],[104.97057,22.75635],[104.97022,22.7555],[104.96851,22.7554],[104.96453,22.75666],[104.96362,22.75594],[104.96202,22.75573],[104.95894,22.75462],[104.95874,22.75558],[104.95707,22.75551],[104.95631,22.75622],[104.95196,22.75796],[104.94896,22.76037],[104.9484,22.76135],[104.94549,22.76296],[104.94032,22.76502],[104.94003,22.76718],[104.94072,22.76997],[104.94065,22.77108],[104.93792,22.77326],[104.93251,22.7751],[104.93014,22.77534],[104.92859,22.77622],[104.92623,22.7762],[104.92481,22.77682],[104.9244,22.77741],[104.92328,22.77801],[104.92203,22.77822],[104.92002,22.77964],[104.91736,22.77986],[104.91679,22.78069],[104.91558,22.78122],[104.91334,22.78085],[104.91274,22.78106],[104.91227,22.78146],[104.9122,22.782],[104.91308,22.78374],[104.91354,22.78682],[104.91336,22.78807],[104.91144,22.79166],[104.90171,22.79121],[104.89889,22.79195],[104.89776,22.79122],[104.89726,22.7903],[104.89649,22.78979],[104.89341,22.78932],[104.89227,22.78866],[104.89149,22.78865],[104.89058,22.7893],[104.88946,22.78948],[104.88902,22.79014],[104.88688,22.79094],[104.88471,22.79227],[104.8825,22.79536],[104.8801,22.7963],[104.87831,22.79785],[104.87727,22.79814],[104.87586,22.7999],[104.87314,22.80035],[104.87177,22.80116],[104.86897,22.80179],[104.86797,22.80256],[104.86552,22.80344],[104.86467,22.80442],[104.86469,22.80691],[104.86312,22.80868],[104.86575,22.81048],[104.86637,22.8132],[104.8679,22.81558],[104.86882,22.81826],[104.87136,22.81969],[104.87293,22.82021],[104.87463,22.82231],[104.87641,22.82367],[104.87785,22.82369],[104.87834,22.82397],[104.88094,22.82723],[104.88358,22.82859],[104.8846,22.8302],[104.8871,22.83076],[104.88789,22.83134],[104.88833,22.83217],[104.88924,22.83251],[104.89137,22.8341],[104.89213,22.83608],[104.8932,22.83717],[104.89447,22.83784],[104.89522,22.83868],[104.8967,22.83925],[104.89831,22.84262],[104.89849,22.84185],[104.89949,22.84112],[104.90116,22.84075],[104.90199,22.84008],[104.90364,22.83969],[104.90434,22.83913],[104.9068,22.83875],[104.91021,22.83705],[104.9115,22.83713],[104.91205,22.83805],[104.91388,22.83903],[104.91503,22.84129],[104.91506,22.84226],[104.91706,22.84343],[104.91809,22.84545],[104.91961,22.8459],[104.9215,22.84816],[104.92339,22.85204],[104.92425,22.85306],[104.92427,22.85355],[104.92382,22.85406],[104.92388,22.85478],[104.92544,22.85546],[104.92492,22.85572],[104.92539,22.85589],[104.92526,22.85624],[104.92381,22.85591],[104.92381,22.85642],[104.9243,22.85667],[104.92543,22.85657],[104.92527,22.85715],[104.92581,22.85747],[104.92495,22.85825],[104.9252,22.85873],[104.92474,22.85889],[104.92431,22.85987],[104.92466,22.86039],[104.92551,22.86037],[104.92655,22.86117],[104.931,22.85873],[104.93282,22.85662],[104.93795,22.85254],[104.94190999999999,22.8507],[104.94404,22.84788],[104.94652,22.84693],[104.94783,22.84593],[104.94946,22.84394],[104.95399,22.84143],[104.95514,22.8401],[104.95614,22.83828],[104.95819,22.83716],[104.9591,22.83704],[104.95974,22.83728],[104.96046,22.83856],[104.96132,22.83915]]]]}},
{"type":"Feature","id":"00700","properties":{"Ward_Code":"00700","Ward_Code_Num":700,"Ward":"Ngọc Đường","Ward_Alt":"Ngọc Đường","Ward_Upper":"NGỌC ĐƯỜNG","Ward_Full":"Xã Ngọc Đường","Ward_Full_Alt":"Xã Ngọc Đường","Ward_Full_Upper_Alt":"XÃ NGỌC ĐƯỜNG","Ward_Type":"Xã","Province_Code":"08","Province":"Tuyên Quang","Province_Upper_Alt":"TUYÊN QUANG"},"geometry":{"type":"MultiPolygon","coordinates":[[[[105.03075,22.87181],[105.03146,22.872],[105.03402,22.87153],[105.03617,22.87008],[105.03949,22.86696],[105.04093,22.86626],[105.04194,22.8643],[105.04187,22.86368],[105.04488,22.86259],[105.04539,22.86069],[105.04518,22.85993],[105.04716,22.85883],[105.04713,22.85791],[105.04791,22.85708],[105.048,22.85623],[105.04935,22.85601],[105.0499,22.85536],[105.0556,22.8542],[105.05567,22.85224],[105.05605,22.8517],[105.05768,22.85121],[105.05851,22.85023],[105.0621,22.84985],[105.06353,22.84784],[105.06368,22.84687],[105.06696,22.84481],[105.06855,22.84448],[105.0724,22.84577],[105.07286,22.84488],[105.07376,22.845],[105.07534,22.84416],[105.0747,22.8413],[105.07328,22.84015],[105.07343,22.83817],[105.07303,22.83727],[105.07428,22.83656],[105.07636,22.83607],[105.07803,22.83452],[105.07995,22.83416],[105.08104,22.83458],[105.08189,22.83451],[105.08402,22.83362],[105.08593,22.83187],[105.08694,22.83217],[105.08962,22.83216],[105.09321,22.83102],[105.09692,22.83189],[105.09979,22.83088],[105.10184,22.82963],[105.1029,22.82948],[105.10703,22.83048],[105.10902,22.83254],[105.11141,22.83642],[105.11184,22.83764],[105.11309,22.83816],[105.11419,22.83913],[105.11511,22.83936],[105.11592,22.84147],[105.1175,22.84216],[105.12298,22.84011],[105.1243,22.83907],[105.12505,22.83896],[105.12587,22.83792],[105.12781,22.83734],[105.12796,22.83936],[105.12856,22.8394],[105.13004,22.83832],[105.13133,22.83803],[105.13422,22.838],[105.13601,22.83558],[105.13859,22.83308],[105.13995,22.83232],[105.14189,22.83218],[105.14281,22.83094],[105.14582,22.83002],[105.1462,22.82872],[105.14691,22.82786],[105.15129,22.82781],[105.15334,22.82689],[105.15429,22.82601],[105.1552,22.82334],[105.15583,22.82289],[105.15656,22.82155],[105.15886,22.82147],[105.16122,22.82031],[105.1628,22.81936],[105.16335,22.81823],[105.16446,22.81725],[105.16545,22.81674],[105.16686,22.81657],[105.17239,22.81295],[105.16957,22.81153],[105.16766,22.81018],[105.16666,22.80898],[105.16447,22.80832],[105.16336,22.80765],[105.16316,22.80681],[105.16162,22.80551],[105.16054,22.80388],[105.16046,22.80336],[105.16136,22.80346],[105.16225,22.80198],[105.16354,22.80193],[105.1644,22.80092],[105.16384,22.79801],[105.16315,22.79806],[105.16243,22.79704],[105.16239,22.79652],[105.16282,22.79594],[105.16216,22.79466],[105.16318,22.79255],[105.16395,22.79199],[105.1637,22.79124],[105.16414,22.78967],[105.16348,22.78838],[105.16372,22.78798],[105.16353,22.78753],[105.16197,22.78766],[105.16104,22.78668],[105.16025,22.78637],[105.15846,22.78723],[105.15684,22.78896],[105.15679,22.79008],[105.15558,22.79243],[105.15487,22.79192],[105.15504,22.79062],[105.15346,22.78742],[105.15436,22.7849],[105.15541,22.78388],[105.15712,22.78338],[105.16011,22.78178],[105.15526,22.77606],[105.15349,22.77546],[105.15367,22.77336],[105.15235,22.77223],[105.15179,22.77017],[105.15097,22.76922],[105.15089,22.76627],[105.15171,22.76561],[105.15217,22.76415],[105.15424,22.76346],[105.15458,22.76247],[105.15452,22.76172],[105.15358,22.76085],[105.15434,22.75847],[105.1536,22.75581],[105.15567,22.75593],[105.15709,22.75668],[105.1577,22.75653],[105.15845,22.75537],[105.15859,22.75375],[105.15987,22.75206],[105.15841,22.75184],[105.1578,22.75117],[105.15712,22.75107],[105.15587,22.75024],[105.15553,22.74956],[105.15552,22.74784],[105.15449,22.7479],[105.15248,22.74894],[105.15184,22.74898],[105.15149,22.74818],[105.15154,22.74726],[105.15086,22.74589],[105.15114,22.74534],[105.1507,22.7451],[105.14997,22.74505],[105.14932,22.74566],[105.1487,22.7457],[105.14756,22.74643],[105.14703,22.74727],[105.14628,22.74663],[105.14587,22.74557],[105.14463,22.74443],[105.14387,22.74236],[105.14176,22.74268],[105.141,22.74346],[105.14059,22.74485],[105.13902,22.7437],[105.13657,22.74078],[105.13571,22.74056],[105.13381,22.74348],[105.13042,22.7467],[105.12874,22.74926],[105.12841,22.75034],[105.12742,22.75052],[105.12691,22.7511],[105.1256,22.75396],[105.12268,22.75703],[105.12002,22.75803],[105.11915,22.75813],[105.11829,22.75776],[105.11678,22.75792],[105.11511,22.75856],[105.11247,22.7609],[105.10936,22.76116],[105.10806,22.76202],[105.10532,22.76233],[105.10454,22.76438],[105.10547,22.76592],[105.10551,22.76714],[105.10446,22.77034],[105.10205,22.77289],[105.10037,22.77306],[105.09841,22.77197],[105.09752,22.77296],[105.09682,22.77461],[105.09685,22.77544],[105.09649,22.77578],[105.09498,22.77606],[105.09413,22.77776],[105.09354,22.77822],[105.09234,22.77845],[105.09098,22.77921],[105.08884,22.77896],[105.0883,22.77862],[105.08759,22.77996],[105.08432,22.78225],[105.08262,22.78197],[105.0815,22.78105],[105.08032,22.78102],[105.07604,22.78405],[105.07546,22.78426],[105.07476,22.78357],[105.07403,22.78336],[105.073,22.78471],[105.07111,22.78624],[105.0711,22.78767],[105.07164,22.78947],[105.07141,22.79093],[105.06919,22.79292],[105.06781,22.79463],[105.06666,22.798],[105.06556,22.79928],[105.06499,22.80122],[105.06377,22.80282],[105.06413,22.8039],[105.06306,22.8077],[105.06241,22.80878],[105.06092,22.8097],[105.06014,22.8109],[105.06019,22.8124],[105.05885,22.81394],[105.05852,22.81578],[105.05664,22.81687],[105.05448,22.81726],[105.05329,22.81894],[105.05099,22.82038],[105.04852,22.8187],[105.04821,22.81812],[105.04792,22.81885],[105.0469,22.81974],[105.04324,22.82182],[105.04306,22.82313],[105.04263,22.82369],[105.04156,22.8242],[105.03911,22.82325],[105.03712,22.82092],[105.03579,22.81998],[105.03466,22.81845],[105.0331,22.81897],[105.03229,22.81891],[105.0321,22.81524],[105.03157,22.81432],[105.03082,22.81391],[105.03068,22.81339],[105.03175,22.81077],[105.0295,22.80742],[105.02833,22.8076],[105.02498,22.80937],[105.02374,22.809],[105.02277,22.81023],[105.02038,22.80904],[105.01973,22.80825],[105.01853,22.80763],[105.0176,22.80798],[105.01584,22.80752],[105.01552,22.80793],[105.01373,22.808],[105.01302,22.80856],[105.00753,22.8072],[105.0061,22.81138],[105.00633,22.81339],[105.00682,22.81424],[105.00647,22.81681],[105.00594,22.81834],[105.00499,22.81956],[105.00448,22.82344],[105.00346,22.82546],[105.01116,22.82485],[105.01186,22.82555],[105.01346,22.82633],[105.01495,22.8263],[105.01652,22.82759],[105.01601,22.8287],[105.01551,22.82901],[105.01555,22.82961],[105.01605,22.82956],[105.01632,22.83019],[105.01739,22.83002],[105.01749,22.83086],[105.0181,22.83113],[105.01671,22.83468],[105.016,22.83543],[105.01642,22.83794],[105.01715,22.83811],[105.01736,22.83915],[105.01641,22.83938],[105.01621,22.84028],[105.01434,22.84186],[105.01388,22.84044],[105.0115,22.84039],[105.01216,22.84255],[105.01332,22.84471],[105.01363,22.84689],[105.01327,22.84789],[105.01439,22.85012],[105.01402,22.85395],[105.01465,22.85562],[105.01585,22.85631],[105.01624,22.85718],[105.01488,22.86127],[105.01298,22.86225],[105.01228,22.8647],[105.01068,22.86659],[105.0106,22.86831],[105.00995,22.87049],[105.00816,22.87125],[105.01039,22.87208],[105.01225,22.87201],[105.01324,22.8716],[105.01443,22.87184],[105.01513,22.87037],[105.01645,22.86972],[105.01686,22.87117],[105.0217,22.87602],[105.02403,22.87912],[105.02716,22.87652],[105.02807,22.87404],[105.02922,22.87344],[105.02973,22.8725],[105.03075,22.87181]]]]}},
{"type":"Feature","id":"00706","properties":{"Ward_Code":"00706","Ward_Code_Num":706,"Ward":"Phú Linh","Ward_Alt":"Phú Linh","Ward_Upper":"PHÚ LINH","Ward_Full":"Xã Phú Linh","Ward_Full_Alt":"Xã Phú Linh","Ward_Full_Upper_Alt":"XÃ PHÚ LINH","Ward_Type":"Xã","Province_Code":"08","Province":"Tuyên Quang","Province_Upper_Alt":"TUYÊN QUANG"},"geometry":{"type":"MultiPolygon","coordinates":[[[[105.04804,22.81864],[105.04821,22.81812],[105.04852,22.8187],[105.05099,22.82038],[105.05329,22.81894],[105.05448,22.81726],[105.05664,22.81687],[105.05871,22.81553],[105.05885,22.81394],[105.06019,22.8124],[105.06014,22.8109],[105.06092,22.8097],[105.06241,22.80878],[105.06306,22.8077],[105.06413,22.8039],[105.06377,22.80282],[105.06499,22.80122],[105.06556,22.79928],[105.06666,22.798],[105.06781,22.79463],[105.06919,22.79292],[105.07141,22.79093],[105.07164,22.78947],[105.0711,22.78767],[105.07111,22.78624],[105.073,22.78471],[105.07403,22.78336],[105.07476,22.78357],[105.07546,22.78426],[105.07604,22.78405],[105.08032,22.78102],[105.0815,22.78105],[105.08262,22.78197],[105.08432,22.78225],[105.08759,22.77996],[105.0883,22.77862],[105.08884,22.77896],[105.09098,22.77921],[105.09234,22.77845],[105.09354,22.77822],[105.09413,22.77776],[105.09498,22.77606],[105.09649,22.77578],[105.09685,22.77544],[105.09682,22.77461],[105.09752,22.77296],[105.09841,22.77197],[105.10037,22.77306],[105.10205,22.77289],[105.10446,22.77034],[105.10551,22.76714],[105.10547,22.76592],[105.10454,22.76438],[105.10532,22.76233],[105.10806,22.76202],[105.10936,22.76116],[105.11247,22.7609],[105.11511,22.75856],[105.11678,22.75792],[105.11829,22.75776],[105.11915,22.75813],[105.12002,22.75803],[105.12268,22.75703],[105.1256,22.75396],[105.12691,22.7511],[105.12742,22.75052],[105.12841,22.75034],[105.12874,22.74926],[105.13042,22.7467],[105.13381,22.74348],[105.13571,22.74056],[105.13461,22.73973],[105.13275,22.73943],[105.13245,22.73761],[105.1312,22.73617],[105.13156,22.73497],[105.13146,22.73351],[105.12951,22.73063],[105.1268,22.73202],[105.12315,22.73202],[105.12142,22.73141],[105.11881,22.73201],[105.11802,22.7316],[105.11716,22.72922],[105.11734,22.72862],[105.11579,22.72736],[105.11487,22.726],[105.11522,22.72471],[105.11378,22.72467],[105.11315,22.72374],[105.11151,22.72268],[105.11097,22.72172],[105.10877,22.72036],[105.10838,22.7185],[105.10627,22.71517],[105.10465,22.71568],[105.10242,22.7153],[105.10099,22.71608],[105.10084,22.71745],[105.10015,22.71851],[105.09806,22.71938],[105.09828,22.71998],[105.09795,22.7213],[105.09657,22.72121],[105.09578,22.72167],[105.09491,22.72347],[105.09356,22.72461],[105.09144,22.72155],[105.09024,22.72114],[105.08962,22.72125],[105.08877,22.72224],[105.08754,22.7228],[105.08681,22.724],[105.08679,22.72517],[105.08358,22.72645],[105.0832,22.72639],[105.08229,22.72427],[105.08162,22.72416],[105.08111,22.72366],[105.07989,22.72391],[105.07795,22.72372],[105.07436,22.72264],[105.07321,22.72128],[105.07234,22.72108],[105.07159,22.72209],[105.0713,22.72312],[105.06938,22.72574],[105.06941,22.7267],[105.06734,22.72783],[105.0658,22.72926],[105.06393,22.73042],[105.06054,22.73227],[105.05953,22.73212],[105.05872,22.73262],[105.05671,22.73814],[105.0563,22.74109],[105.05233,22.74142],[105.04986,22.74074],[105.04868,22.74142],[105.04704,22.74068],[105.04608,22.74096],[105.04479,22.74075],[105.04358,22.74112],[105.04278,22.74101],[105.03976,22.73788],[105.03855,22.73717],[105.03704,22.73472],[105.03472,22.73378],[105.03382,22.73205],[105.03301,22.73137],[105.02898,22.73161],[105.02672,22.73237],[105.02464,22.7323],[105.02431,22.73142],[105.02484,22.7307],[105.02501,22.72888],[105.02387,22.7277],[105.02298,22.72738],[105.02213,22.72637],[105.02178,22.72495],[105.01955,22.72386],[105.01837,22.72271],[105.01776,22.72049],[105.0177,22.71812],[105.01906,22.71704],[105.01982,22.71597],[105.02055,22.71472],[105.02072,22.71357],[105.02144,22.71279],[105.02028,22.7116],[105.01986,22.70793],[105.01884,22.70692],[105.018,22.70528],[105.0186,22.70387],[105.01837,22.69934],[105.01907,22.69737],[105.01885,22.69679],[105.01811,22.69645],[105.01803,22.69178],[105.01655,22.69063],[105.01523,22.68884],[105.01432,22.68555],[105.01251,22.68182],[105.01034,22.68061],[105.00981,22.67916],[105.00811,22.67759],[105.00503,22.67774],[105.00169,22.67661],[105.00072,22.6788],[104.99954,22.67906],[104.99761,22.68076],[104.99421,22.67992],[104.99193,22.67995],[104.99014,22.68064],[104.98961,22.68132],[104.99072,22.68188],[104.98954,22.68279],[104.98827,22.68446],[104.98722,22.68473],[104.98743,22.68617],[104.98687,22.6868],[104.98678,22.68821],[104.98747,22.68918],[104.98704,22.6905],[104.98792,22.69608],[104.98787,22.69949],[104.98742,22.70217],[104.98756,22.70482],[104.98711,22.707],[104.98738,22.70885],[104.98721,22.71253],[104.98785,22.71482],[104.98895,22.71657],[104.98933,22.71867],[104.99024,22.71958],[104.99171,22.72254],[104.99174,22.7244],[104.9926,22.72693],[104.99186,22.72884],[104.99217,22.73148],[104.99494,22.73513],[104.99463,22.73622],[104.99535,22.73786],[104.99933,22.74035],[105.00046,22.74278],[105.0016,22.74323],[105.00198,22.74481],[105.00277,22.7456],[105.00304,22.74637],[105.00429,22.74688],[105.00436,22.74787],[105.006,22.74854],[105.00686,22.74938],[105.00692,22.75076],[105.00762,22.75222],[105.00685,22.75352],[105.00695,22.75513],[105.0083,22.75618],[105.00861,22.75719],[105.00922,22.7579],[105.0093,22.75963],[105.00971,22.76032],[105.00886,22.76115],[105.00723,22.76121],[105.00767,22.76253],[105.00769,22.76403],[105.0067,22.76561],[105.00617,22.76877],[105.00419,22.77396],[105.00042,22.77763],[104.99653,22.77957],[104.99549,22.78048],[104.99457,22.78191],[104.99321,22.78509],[104.99307,22.78675],[104.9933,22.78732],[104.99486,22.78864],[104.99529,22.79032],[104.99509,22.79106],[104.99411,22.79171],[104.99038,22.79245],[104.98739,22.79411],[104.98664,22.79522],[104.98597,22.79751],[104.98604,22.79886],[104.98683,22.79954],[104.98678,22.79995],[104.98572,22.80069],[104.98258,22.80168],[104.98148,22.80313],[104.98025,22.80401],[104.98038,22.80547],[104.98151,22.80667],[104.98316,22.80679],[104.98391,22.80516],[104.98384,22.80407],[104.98573,22.80324],[104.98723,22.80382],[104.98813,22.80512],[104.98933,22.80484],[104.99068,22.80534],[104.99285,22.80477],[104.99443,22.80372],[104.99514,22.80263],[104.99631,22.8025],[104.99802,22.80118],[105.00156,22.80095],[105.00357,22.80156],[105.0044,22.80215],[105.0073,22.80706],[105.01222,22.80849],[105.01302,22.80856],[105.01453,22.80779],[105.01552,22.80793],[105.01584,22.80752],[105.0176,22.80798],[105.01853,22.80763],[105.01973,22.80825],[105.02038,22.80904],[105.02277,22.81023],[105.02374,22.809],[105.02498,22.80937],[105.02833,22.8076],[105.0295,22.80742],[105.03175,22.81077],[105.03068,22.81339],[105.03082,22.81391],[105.03157,22.81432],[105.0321,22.81524],[105.03229,22.81891],[105.0331,22.81897],[105.03466,22.81845],[105.03875,22.82295],[105.03996,22.82376],[105.04156,22.8242],[105.04263,22.82369],[105.04306,22.82313],[105.04324,22.82182],[105.0469,22.81974],[105.04804,22.81864]]]]}},
{"type":"Feature","id":"00715","properties":{"Ward_Code":"00715","Ward_Code_Num":715,"Ward":"Lũng Cú","Ward_Alt":"Lũng Cú","Ward_Upper":"LŨNG CÚ","Ward_Full":"Xã Lũng Cú","Ward_Full_Alt":"Xã Lũng Cú","Ward_Full_Upper_Alt":"XÃ LŨNG CÚ","Ward_Type":"Xã","Province_Code":"08","Province":"Tuyên Quang","Province_Upper_Alt":"TUYÊN QUANG"},"geometry":{"type":"MultiPolygon","coordinates":[[[[105.33288,23.38165],[105.33836,23.37664],[105.34063,23.37563],[105.3428,23.37358],[105.34644,23.37115],[105.34792,23.36958],[105.34969,23.36689],[105.35072,23.3647],[105.35072,23.36143],[105.35062,23.35933],[105.35005,23.35789],[105.34953,23.35484],[105.34972,23.35377],[105.3511,23.35099],[105.35095,23.3474],[105.35134,23.34531],[105.35407,23.34152],[105.35496,23.33967],[105.3593,23.33567],[105.36573,23.32714],[105.36851,23.32461],[105.37024,23.32002],[105.3686,23.31945],[105.36695,23.31827],[105.36668,23.31762],[105.36263,23.31698],[105.35945,23.31584],[105.35676,23.31572],[105.35246,23.31473],[105.3505,23.31485],[105.34966,23.31535],[105.34837,23.31521],[105.34761,23.31443],[105.34782,23.31335],[105.34638,23.31261],[105.34581,23.31101],[105.34412,23.3115],[105.34248,23.30922],[105.34117,23.30903],[105.34084,23.30785],[105.34011,23.30783],[105.34004,23.3068],[105.33873,23.3062],[105.33798,23.3051],[105.33683,23.30464],[105.33568,23.30296],[105.33464,23.30279],[105.333,23.30174],[105.3314,23.30144],[105.33085,23.29976],[105.32937,23.29993],[105.32834,23.29871],[105.32703,23.29874],[105.32556,23.29685],[105.32416,23.29608],[105.32206,23.29584],[105.32095,23.29429],[105.3182,23.29302],[105.31448,23.29043],[105.31277,23.28997],[105.31242,23.28922],[105.31167,23.2887],[105.30948,23.28843],[105.30873,23.28798],[105.30774,23.28806],[105.30695,23.28921],[105.30425,23.28978],[105.30107,23.28637],[105.296,23.28538],[105.29543,23.28486],[105.29532,23.28376],[105.2924,23.28233],[105.29196,23.2824],[105.29152,23.28169],[105.28951,23.28108],[105.28877,23.28128],[105.28754,23.28093],[105.28732,23.27824],[105.28547,23.27649],[105.27956,23.27742],[105.27893,23.27594],[105.27819,23.27569],[105.27781,23.27341],[105.27836,23.27213],[105.27658,23.27069],[105.27782,23.26917],[105.27679,23.26832],[105.2769,23.2676],[105.27611,23.26696],[105.27559,23.26494],[105.27576,23.26299],[105.27655,23.26216],[105.27638,23.26089],[105.27682,23.25962],[105.2767,23.25861],[105.27147,23.25981],[105.26977,23.25851],[105.26812,23.25943],[105.2672,23.25946],[105.26633,23.26001],[105.2654,23.26015],[105.26512,23.26098],[105.26402,23.26144],[105.2621,23.26299],[105.25829,23.26336],[105.25693,23.26628],[105.25552,23.26719],[105.25536,23.26784],[105.25584,23.26966],[105.25366,23.2699],[105.25135,23.27091],[105.25074,23.27078],[105.25032,23.27026],[105.24891,23.27209],[105.24829,23.27465],[105.24767,23.27508],[105.24666,23.2743],[105.24623,23.27449],[105.24416,23.27668],[105.24327,23.27719],[105.24225,23.27707],[105.24127,23.27831],[105.23984,23.27933],[105.23906,23.28136],[105.23859,23.28178],[105.23571,23.283],[105.23445,23.28268],[105.23425,23.28344],[105.2342,23.28451],[105.23536,23.2857],[105.23476,23.28643],[105.23408,23.28847],[105.23723,23.28942],[105.23817,23.2903],[105.23946,23.2902],[105.24053,23.29089],[105.24213,23.29102],[105.24362,23.29074],[105.24605,23.2927],[105.24629,23.29363],[105.24744,23.29533],[105.24771,23.29812],[105.24892,23.29914],[105.25033,23.29979],[105.25027,23.30033],[105.25078,23.30143],[105.25034,23.30288],[105.25046,23.3064],[105.24983,23.30774],[105.25002,23.30856],[105.24957,23.30955],[105.25043,23.31037],[105.25196,23.31027],[105.25234,23.31105],[105.25391,23.31146],[105.25481,23.3121],[105.25565,23.31192],[105.25635,23.31215],[105.25794,23.31535],[105.2587,23.31921],[105.25649,23.32086],[105.25572,23.32551],[105.25389,23.32755],[105.25267,23.32992],[105.25163,23.32997],[105.25005,23.33099],[105.24895,23.33231],[105.24901,23.33286],[105.2508,23.33398],[105.25136,23.33544],[105.25293,23.33736],[105.25286,23.3377],[105.25369,23.33883],[105.25467,23.33947],[105.25615,23.33977],[105.25612,23.34161],[105.25648,23.34254],[105.25935,23.34285],[105.26051,23.34342],[105.26358,23.34264],[105.26662,23.3428],[105.26841,23.34149],[105.27167,23.34046],[105.27256,23.3397],[105.27423,23.3394],[105.27499,23.33976],[105.27654,23.34164],[105.278,23.34104],[105.28115,23.34226],[105.2831,23.34197],[105.28402,23.34299],[105.28432,23.34742],[105.2859,23.34898],[105.28599,23.35055],[105.28785,23.35262],[105.28737,23.35376],[105.28769,23.35489],[105.28719,23.35555],[105.28769,23.35896],[105.28873,23.35911],[105.29003,23.36001],[105.29113,23.35999],[105.29278,23.36049],[105.29289,23.36154],[105.29661,23.36512],[105.29773,23.36719],[105.29783,23.36848],[105.29899,23.36991],[105.29956,23.3703],[105.30189,23.37081],[105.30266,23.37156],[105.30212,23.37239],[105.30221,23.3732],[105.30787,23.38187],[105.31049,23.38174],[105.31257,23.38292],[105.31341,23.38364],[105.31432,23.38511],[105.31737,23.38716],[105.32028,23.39108],[105.32204,23.39241],[105.32352,23.39262],[105.32545,23.3919],[105.32786,23.38893],[105.32909,23.38591],[105.33048,23.38353],[105.33239,23.38232],[105.33288,23.38165]]]]}},
{"type":"Feature","id":"00721","properties":{"Ward_Code":"00721","Ward_Code_Num":721,"Ward":"Đồng Văn","Ward_Alt":"Đồng Văn","Ward_Upper":"ĐỒNG VĂN","Ward_Full":"Xã Đồng Văn","Ward_Full_Alt":"Xã Đồng Văn","Ward_Full_Upper_Alt":"XÃ ĐỒNG VĂN","Ward_Type":"Xã","Province_Code":"08","Province":"Tuyên Quang","Province_Upper_Alt":"TUYÊN QUANG"},"geometry":{"type":"MultiPolygon","coordinates":[[[[105.37052,23.31951],[105.37288,23.31732],[105.383,23.31086],[105.3852,23.30827],[105.38659,23.30531],[105.38812,23.30431],[105.38932,23.30258],[105.38934,23.30128],[105.3906,23.29955],[105.39099,23.29761],[105.39163,23.29714],[105.39262,23.29544],[105.39365,23.293],[105.39647,23.28931],[105.39915,23.28255],[105.39993,23.28156],[105.40025,23.27997],[105.40005,23.27866],[105.40027,23.27693],[105.40154,23.27544],[105.40655,23.2713],[105.40665,23.27002],[105.40766,23.26803],[105.40798,23.26606],[105.4078,23.26488],[105.40612,23.26063],[105.40634,23.25836],[105.40686,23.2578],[105.40736,23.2559],[105.408,23.25521],[105.41444,23.25352],[105.4178,23.25192],[105.41855,23.249389999999998],[105.41863,23.24782],[105.41777,23.24427],[105.41884,23.24062],[105.41841,23.23794],[105.41907,23.23636],[105.41673,23.23665],[105.41424,23.23879],[105.41214,23.23947],[105.41152,23.24044],[105.41118,23.24048],[105.41044,23.24024],[105.4101,23.2397],[105.40836,23.23919],[105.40888,23.23696],[105.40864,23.23676],[105.40745,23.23684],[105.40578,23.23619],[105.40571,23.2359],[105.40231,23.23736],[105.40178,23.23686],[105.401,23.2367],[105.40125,23.23607],[105.40111,23.23486],[105.39834,23.23343],[105.39692,23.23356],[105.39665,23.23611],[105.39516,23.23661],[105.39431,23.23588],[105.39356,23.23594],[105.39334,23.23547],[105.39222,23.23487],[105.39078,23.23493],[105.3899,23.23305],[105.3901,23.23132],[105.38886,23.2308],[105.38871,23.2298],[105.38942,23.22915],[105.39071,23.22878],[105.39131,23.22799],[105.39242,23.22743],[105.3929,23.22607],[105.39201,23.22388],[105.39202,23.22278],[105.39283,23.22224],[105.39444,23.2222],[105.3949,23.22027],[105.39294,23.21902],[105.39182,23.21946],[105.38889,23.21952],[105.38679,23.2188],[105.38582,23.21896],[105.38515,23.21873],[105.38431,23.21779],[105.38206,23.21854],[105.38113,23.21839],[105.38023,23.21935],[105.3791,23.2192],[105.37885,23.2163],[105.37738,23.2151],[105.37682,23.21426],[105.37654,23.21293],[105.37362,23.21238],[105.37293,23.21095],[105.37315,23.20978],[105.37369,23.2096],[105.37438,23.20876],[105.37563,23.20848],[105.3773,23.20698],[105.37626,23.20619],[105.37573,23.20532],[105.37443,23.20488],[105.37475,23.20332],[105.37396,23.20278],[105.37146,23.20226],[105.36988,23.20276],[105.36924,23.20371],[105.36957,23.20441],[105.36907,23.20532],[105.36654,23.20566],[105.36584,23.2044],[105.36377,23.20332],[105.36057,23.20571],[105.35886,23.20529],[105.35852,23.20475],[105.35967,23.20395],[105.35989,23.20253],[105.35952,23.20186],[105.35764,23.20076],[105.35543,23.20163],[105.35336,23.20126],[105.35163,23.20041],[105.35137,23.19898],[105.35353,23.19823],[105.35467,23.19598],[105.35439,23.19548],[105.35169,23.19535],[105.35074,23.19336],[105.34923,23.19395],[105.34818,23.194],[105.34701,23.1928],[105.34629,23.19273],[105.34502,23.19336],[105.34435,23.19446],[105.34237,23.1952],[105.34152,23.19488],[105.34052,23.19518],[105.33829,23.1969],[105.33841,23.19866],[105.33812,23.19964],[105.33911,23.20104],[105.3395,23.20232],[105.34118,23.20333],[105.34147,23.2041],[105.34263,23.20445],[105.34295,23.20504],[105.34272,23.20555],[105.34304,23.20718],[105.3414,23.20845],[105.3407,23.20953],[105.34055,23.21322],[105.34098,23.21474],[105.33942,23.21444],[105.33773,23.21455],[105.33652,23.21395],[105.33482,23.21239],[105.33264,23.21187],[105.33239,23.20927],[105.3284,23.20793],[105.32772,23.20604],[105.32736,23.20578],[105.32603,23.20547],[105.32596,23.20677],[105.32554,23.20715],[105.3235,23.20636],[105.32391,23.20397],[105.32373,23.20355],[105.32134,23.20373],[105.32022,23.20483],[105.31988,23.20634],[105.31978,23.20748],[105.3205,23.20831],[105.32141,23.20853],[105.32226,23.20983],[105.32208,23.21194],[105.31716,23.21105],[105.31416,23.20958],[105.31149,23.20986],[105.3101,23.20968],[105.30955,23.21005],[105.30911,23.20976],[105.30851,23.20986],[105.30756,23.20919],[105.30628,23.20918],[105.30433,23.20858],[105.30329,23.21031],[105.30204,23.21138],[105.30228,23.2121],[105.30014,23.21346],[105.29915,23.21452],[105.29787,23.21706],[105.2966,23.21852],[105.29638,23.22085],[105.29759,23.22265],[105.29751,23.2249],[105.29595,23.22614],[105.29464,23.22657],[105.29554,23.22762],[105.29541,23.22825],[105.29373,23.22967],[105.29188,23.2305],[105.29083,23.23323],[105.29149,23.2341],[105.29444,23.23485],[105.29483,23.23566],[105.29486,23.23691],[105.29393,23.23853],[105.29396,23.23956],[105.29465,23.24077],[105.29453,23.24184],[105.29406,23.24342],[105.29245,23.24455],[105.29273,23.24537],[105.29106,23.24631],[105.29016,23.24591],[105.29008,23.24496],[105.28941,23.24379],[105.28828,23.24426],[105.2863,23.24425],[105.28533,23.24358],[105.28382,23.244],[105.2822,23.24329],[105.28063,23.24425],[105.27942,23.246],[105.27659,23.24648],[105.27484,23.24737],[105.27485,23.24935],[105.27548,23.24994],[105.27854,23.2511],[105.28033,23.25284],[105.27962,23.25411],[105.27887,23.25476],[105.27868,23.25599],[105.27672,23.25827],[105.27682,23.25962],[105.27638,23.26089],[105.27655,23.26216],[105.27595,23.2626],[105.27556,23.26417],[105.27611,23.26696],[105.2769,23.2676],[105.27683,23.26839],[105.27784,23.26924],[105.27658,23.27069],[105.27836,23.27213],[105.27781,23.27341],[105.27819,23.27569],[105.27893,23.27594],[105.27981,23.27748],[105.28547,23.27649],[105.28732,23.27824],[105.28754,23.28093],[105.28877,23.28128],[105.28951,23.28108],[105.29152,23.28169],[105.29196,23.2824],[105.2924,23.28233],[105.29532,23.28376],[105.29543,23.28486],[105.296,23.28538],[105.30107,23.28637],[105.30425,23.28978],[105.30695,23.28921],[105.30774,23.28806],[105.30873,23.28798],[105.30948,23.28843],[105.31167,23.2887],[105.31242,23.28922],[105.31277,23.28997],[105.31448,23.29043],[105.3182,23.29302],[105.32095,23.29429],[105.32206,23.29584],[105.32416,23.29608],[105.32556,23.29685],[105.32703,23.29874],[105.32834,23.29871],[105.32937,23.29993],[105.33085,23.29976],[105.3314,23.30144],[105.333,23.30174],[105.33464,23.30279],[105.33568,23.30296],[105.33683,23.30464],[105.33798,23.3051],[105.33873,23.3062],[105.34004,23.3068],[105.34011,23.30783],[105.34084,23.30785],[105.34117,23.30903],[105.34248,23.30922],[105.34412,23.3115],[105.34581,23.31101],[105.34638,23.31261],[105.34782,23.31335],[105.34761,23.31443],[105.34837,23.31521],[105.34966,23.31535],[105.3505,23.31485],[105.35246,23.31473],[105.35676,23.31572],[105.35945,23.31584],[105.36263,23.31698],[105.36668,23.31762],[105.36695,23.31827],[105.3694,23.3199],[105.37024,23.32002],[105.37052,23.31951]]]]}},
{"type":"Feature","id":"00733","properties":{"Ward_Code":"00733","Ward_Code_Num":733,"Ward":"Sà Phìn","Ward_Alt":"Sà Phìn","Ward_Upper":"SÀ PHÌN","Ward_Full":"Xã Sà Phìn","Ward_Full_Alt":"Xã Sà Phìn","Ward_Full_Upper_Alt":"XÃ SÀ PHÌN","Ward_Type":"Xã","Province_Code":"08","Province":"Tuyên Quang","Province_Upper_Alt":"TUYÊN QUANG"},"geometry":{"type":"MultiPolygon","coordinates":[[[[105.24432,23.27652],[105.24656,23.2743],[105.24767,23.27508],[105.2484,23.27454],[105.24891,23.27209],[105.25032,23.27026],[105.25074,23.27078],[105.25135,23.27091],[105.25366,23.2699],[105.25584,23.26966],[105.25536,23.26784],[105.25552,23.26719],[105.25693,23.26628],[105.25829,23.26336],[105.2621,23.26299],[105.26402,23.26144],[105.26512,23.26098],[105.2654,23.26015],[105.26633,23.26001],[105.2672,23.25946],[105.26812,23.25943],[105.26977,23.25851],[105.27147,23.25981],[105.2767,23.25861],[105.27774,23.25687],[105.27868,23.25599],[105.27887,23.25476],[105.27962,23.25411],[105.28033,23.25284],[105.27854,23.2511],[105.27548,23.24994],[105.27485,23.24935],[105.27502,23.24717],[105.2773,23.24628],[105.27942,23.246],[105.28063,23.24425],[105.2822,23.24329],[105.28382,23.244],[105.28533,23.24358],[105.2863,23.24425],[105.28828,23.24426],[105.28941,23.24379],[105.29008,23.24496],[105.29016,23.24591],[105.29106,23.24631],[105.29273,23.24537],[105.29245,23.24455],[105.29406,23.24342],[105.29453,23.24184],[105.29465,23.24077],[105.29396,23.23956],[105.29393,23.23853],[105.29486,23.23691],[105.29483,23.23566],[105.29444,23.23485],[105.29149,23.2341],[105.29083,23.23323],[105.29188,23.2305],[105.29373,23.22967],[105.29541,23.22825],[105.29554,23.22762],[105.29464,23.22657],[105.29595,23.22614],[105.29744,23.22506],[105.29759,23.22265],[105.29638,23.22085],[105.29654,23.21867],[105.29787,23.21706],[105.29915,23.21452],[105.30014,23.21346],[105.30228,23.2121],[105.30204,23.21138],[105.30406,23.20925],[105.3044,23.20856],[105.30417,23.2058],[105.30293,23.20495],[105.30117,23.20516],[105.30116,23.20428],[105.29931,23.20342],[105.29885,23.20119],[105.29722,23.19893],[105.29598,23.19823],[105.29498,23.19539],[105.29431,23.19509],[105.2935,23.19375],[105.29268,23.19361],[105.29362,23.18988],[105.2944,23.18856],[105.29394,23.18844],[105.29283,23.18895],[105.29088,23.18807],[105.28926,23.18794],[105.2891,23.18904],[105.28994,23.18985],[105.29069,23.19125],[105.28978,23.19143],[105.28902,23.19201],[105.28737,23.19417],[105.28724,23.19513],[105.28639,23.19638],[105.2827,23.19772],[105.28136,23.19685],[105.2806,23.19443],[105.27712,23.19155],[105.2777,23.18998],[105.27472,23.18872],[105.27401,23.188],[105.27082,23.1879],[105.27063,23.18939],[105.26992,23.18994],[105.26985,23.19088],[105.26957,23.19108],[105.26529,23.18948],[105.26185,23.18959],[105.26159,23.18922],[105.25852,23.18815],[105.25749,23.18711],[105.25792,23.18596],[105.2575,23.18482],[105.25749,23.18312],[105.2579,23.18224],[105.25766,23.1819],[105.25499,23.18193],[105.25281,23.18149],[105.2519,23.18153],[105.25104,23.18215],[105.24748,23.18149],[105.24899,23.1792],[105.24855,23.17794],[105.24826,23.17768],[105.24743,23.17777],[105.24409,23.17878],[105.24256,23.17696],[105.24247,23.17472],[105.24046,23.17528],[105.2393,23.17504],[105.23834,23.17422],[105.23675,23.17399],[105.236,23.17304],[105.23295,23.17378],[105.23196,23.1737],[105.23151,23.17274],[105.22895,23.17133],[105.22814,23.17048],[105.2277,23.17108],[105.22596,23.17117],[105.2244,23.16984],[105.22232,23.17092],[105.21984,23.17017],[105.21929,23.17064],[105.21756,23.17098],[105.21675,23.17244],[105.21684,23.17332],[105.21623,23.17396],[105.21868,23.17671],[105.21872,23.17712],[105.21826,23.17767],[105.21675,23.17841],[105.21493,23.17894],[105.21236,23.18077],[105.21293,23.18184],[105.21269,23.1832],[105.21296,23.18525],[105.21248,23.18766],[105.21168,23.18852],[105.21156,23.18981],[105.20903,23.19161],[105.20872,23.1932],[105.20786,23.19507],[105.20811,23.19685],[105.20907,23.19686],[105.2112,23.19773],[105.21335,23.20076],[105.21401,23.20384],[105.21436,23.2043],[105.21543,23.20372],[105.21696,23.20197],[105.21906,23.20046],[105.22082,23.20054],[105.22195,23.20172],[105.22271,23.20393],[105.22445,23.20438],[105.22492,23.20506],[105.22512,23.20572],[105.22453,23.20667],[105.2247,23.20938],[105.22617,23.21053],[105.22628,23.21137],[105.22571,23.2123],[105.22309,23.21105],[105.22178,23.211],[105.22037,23.21297],[105.21951,23.21305],[105.21882,23.21374],[105.21629,23.21378],[105.21372,23.21531],[105.21175,23.2148],[105.20861,23.21563],[105.20794,23.21598],[105.20724,23.21725],[105.20536,23.21863],[105.20439,23.22009],[105.20248,23.22149],[105.20102,23.22199],[105.19882,23.2219],[105.19795,23.22297],[105.19684,23.2231],[105.19368,23.22436],[105.19142,23.2263],[105.19199,23.22845],[105.1942,23.22894],[105.19458,23.22961],[105.19678,23.23063],[105.19814,23.2321],[105.19824,23.23259],[105.19801,23.23462],[105.19833,23.2357],[105.19792,23.23646],[105.19737,23.23947],[105.1983,23.24066],[105.19812,23.24214],[105.19858,23.24336],[105.19813,23.24362],[105.19671,23.24604],[105.19658,23.24729],[105.19569,23.24875],[105.1972,23.25044],[105.19634,23.25293],[105.19677,23.2572],[105.19632,23.258],[105.19446,23.25839],[105.19445,23.26003],[105.19494,23.26186],[105.19418,23.26351],[105.19452,23.26651],[105.19531,23.26814],[105.19642,23.26854],[105.19622,23.26996],[105.19708,23.27026],[105.19765,23.27152],[105.19835,23.27218],[105.20046,23.27336],[105.2016,23.27318],[105.20324,23.2715],[105.20509,23.2717],[105.20666,23.27246],[105.20785,23.27219],[105.20917,23.27055],[105.21037,23.26967],[105.20978,23.268],[105.21052,23.26701],[105.21127,23.26759],[105.21377,23.26722],[105.21706,23.26941],[105.2209,23.27083],[105.22295,23.26932],[105.22446,23.26742],[105.22619,23.26686],[105.22551,23.2649],[105.22672,23.26042],[105.22919,23.26199],[105.23123,23.26106],[105.23269,23.26091],[105.23413,23.26154],[105.2351,23.26315],[105.23725,23.26477],[105.23721,23.26676],[105.23638,23.26759],[105.23779,23.26918],[105.23852,23.27195],[105.23818,23.27457],[105.23835,23.27643],[105.24063,23.27629],[105.24311,23.27721],[105.24432,23.27652]]]]}},
{"type":"Feature","id":"00745","properties":{"Ward_Code":"00745","Ward_Code_Num":745,"Ward":"Phố Bảng","Ward_Alt":"Phố Bảng","Ward_Upper":"PHỐ BẢNG","Ward_Full":"Xã Phố Bảng","Ward_Full_Alt":"Xã Phố Bảng","Ward_Full_Upper_Alt":"XÃ PHỐ BẢNG","Ward_Type":"Xã","Province_Code":"08","Province":"Tuyên Quang","Province_Upper_Alt":"TUYÊN QUANG"},"geometry":{"type":"MultiPolygon","coordinates":[[[[105.17344,23.28857],[105.17576,23.28866],[105.17857,23.28802],[105.18045,23.2867],[105.1801,23.28592],[105.18066,23.28451],[105.1804,23.2841],[105.18232,23.28196],[105.18178,23.27854],[105.18257,23.27723],[105.1846,23.27713],[105.18623,23.27872],[105.18685,23.27874],[105.19007,23.28024],[105.19142,23.27955],[105.19298,23.27952],[105.19538,23.28141],[105.19731,23.28014],[105.19837,23.27878],[105.19926,23.27838],[105.19804,23.27694],[105.19812,23.27508],[105.19911,23.27365],[105.19989,23.2732],[105.19765,23.27152],[105.19708,23.27026],[105.19622,23.26996],[105.19644,23.26859],[105.19545,23.26827],[105.19475,23.26711],[105.19418,23.26365],[105.19494,23.26186],[105.19445,23.26003],[105.19446,23.25839],[105.19632,23.258],[105.19677,23.2572],[105.19634,23.25293],[105.1972,23.25044],[105.19569,23.24875],[105.19658,23.24729],[105.19671,23.24604],[105.19813,23.24362],[105.19858,23.24336],[105.19812,23.24214],[105.1983,23.24066],[105.19737,23.23947],[105.19792,23.23646],[105.19833,23.2357],[105.19801,23.23462],[105.19824,23.23259],[105.19814,23.2321],[105.19678,23.23063],[105.19458,23.22961],[105.1942,23.22894],[105.19199,23.22845],[105.19142,23.2263],[105.19368,23.22436],[105.19684,23.2231],[105.19795,23.22297],[105.19882,23.2219],[105.20102,23.22199],[105.20248,23.22149],[105.20439,23.22009],[105.20536,23.21863],[105.20724,23.21725],[105.20794,23.21598],[105.20861,23.21563],[105.21175,23.2148],[105.21372,23.21531],[105.21629,23.21378],[105.21882,23.21374],[105.21951,23.21305],[105.22037,23.21297],[105.22178,23.211],[105.22309,23.21105],[105.22571,23.2123],[105.22629,23.21107],[105.22617,23.21053],[105.2247,23.20938],[105.22453,23.20667],[105.22512,23.20572],[105.22492,23.20506],[105.22445,23.20438],[105.22271,23.20393],[105.22195,23.20172],[105.22082,23.20054],[105.21906,23.20046],[105.21696,23.20197],[105.21543,23.20372],[105.21436,23.2043],[105.21401,23.20384],[105.21335,23.20076],[105.2112,23.19773],[105.20907,23.19686],[105.20811,23.19685],[105.20786,23.19507],[105.20872,23.1932],[105.20903,23.19161],[105.21156,23.18981],[105.21168,23.18852],[105.21248,23.18766],[105.21296,23.18525],[105.21269,23.1832],[105.21293,23.18184],[105.21236,23.18077],[105.21493,23.17894],[105.21675,23.17841],[105.21826,23.17767],[105.21873,23.1771],[105.21868,23.17671],[105.21623,23.1741],[105.21684,23.17332],[105.21675,23.17244],[105.21755,23.17103],[105.21751,23.17057],[105.21715,23.17037],[105.21383,23.17136],[105.21117,23.17262],[105.21058,23.17218],[105.20351,23.17237],[105.19759,23.17062],[105.19409,23.16898],[105.19008,23.16651],[105.18576,23.16472],[105.18422,23.16296],[105.18231,23.16203],[105.18093,23.16079],[105.17973,23.16065],[105.1796,23.15926],[105.17897,23.15839],[105.17754,23.15792],[105.17628,23.158],[105.17456,23.15696],[105.17396,23.15794],[105.17442,23.15939],[105.17316,23.16189],[105.17307,23.1632],[105.17169,23.16419],[105.1714,23.16538],[105.17038,23.16601],[105.17006,23.16687],[105.17029,23.16745],[105.1687,23.16946],[105.16933,23.17185],[105.17056,23.17226],[105.17231,23.17402],[105.17233,23.17525],[105.17024,23.17569],[105.16749,23.17542],[105.1671,23.17738],[105.16824,23.17795],[105.1684,23.17862],[105.16493,23.17951],[105.16444,23.18095],[105.16189,23.18185],[105.16033,23.18349],[105.15878,23.18423],[105.15669,23.18706],[105.15466,23.18858],[105.15351,23.19021],[105.15284,23.19027],[105.14946,23.19515],[105.14656,23.19532],[105.14491,23.19586],[105.1444,23.19643],[105.14364,23.1999],[105.14148,23.20197],[105.14178,23.2054],[105.14055,23.20601],[105.13982,23.2074],[105.14205,23.21051],[105.14414,23.21118],[105.14484,23.21248],[105.14408,23.21377],[105.14488,23.21607],[105.14423,23.2202],[105.14438,23.22105],[105.14344,23.2216],[105.14316,23.22271],[105.14129,23.22312],[105.1403,23.22567],[105.13866,23.22631],[105.13661,23.22544],[105.13545,23.22333],[105.13424,23.22367],[105.13229,23.22614],[105.13228,23.22689],[105.13097,23.23048],[105.13038,23.23115],[105.12985,23.23124],[105.12925,23.23229],[105.12952,23.23351],[105.12906,23.23496],[105.12805,23.23583],[105.12792,23.23843],[105.12735,23.24035],[105.12549,23.24047],[105.12454,23.24159],[105.12461,23.24416],[105.12361,23.245],[105.12309,23.24609],[105.12246,23.24645],[105.12277,23.247],[105.12257,23.24807],[105.12051,23.2488],[105.1194,23.25055],[105.12077,23.25161],[105.12286,23.2523],[105.12488,23.25353],[105.1256,23.25521],[105.12482,23.25715],[105.12624,23.2572],[105.12673,23.25674],[105.12824,23.25675],[105.12897,23.25623],[105.13081,23.25589],[105.13496,23.25613],[105.13544,23.25669],[105.1357,23.25832],[105.13672,23.25869],[105.14114,23.26214],[105.14173,23.26205],[105.14302,23.2611],[105.14433,23.26102],[105.14618,23.26194],[105.14954,23.26503],[105.15324,23.2654],[105.15506,23.26595],[105.15597,23.26703],[105.15761,23.27166],[105.15834,23.27115],[105.15916,23.27107],[105.1609,23.2718],[105.16203,23.27305],[105.16286,23.27523],[105.16363,23.27603],[105.16376,23.27682],[105.16478,23.27748],[105.16526,23.27823],[105.16636,23.27807],[105.16774,23.27908],[105.16852,23.28124],[105.16734,23.28244],[105.16756,23.28296],[105.16862,23.28381],[105.17007,23.28306],[105.17127,23.28364],[105.17117,23.28464],[105.17041,23.28562],[105.16976,23.28774],[105.17052,23.28909],[105.1719,23.28919],[105.17344,23.28857]]]]}},
{"type":"Feature","id":"00763","properties":{"Ward_Code":"00763","Ward_Code_Num":763,"Ward":"Lũng Phìn","Ward_Alt":"Lũng Phìn","Ward_Upper":"LŨNG PHÌN","Ward_Full":"Xã Lũng Phìn","Ward_Full_Alt":"Xã Lũng Phìn","Ward_Full_Upper_Alt":"XÃ LŨNG PHÌN","Ward_Type":"Xã","Province_Code":"08","Province":"Tuyên Quang","Province_Upper_Alt":"TUYÊN QUANG"},"geometry":{"type":"MultiPolygon","coordinates":[[[[105.21838,23.12931],[105.21862,23.12954],[105.20753,23.13516],[105.20891,23.14165],[105.21233,23.14286],[105.22223,23.13863],[105.22542,23.14128],[105.22557,23.14539],[105.2298,23.14419],[105.23294,23.14474],[105.2309,23.14588],[105.22659,23.14972],[105.22567,23.15022],[105.22613,23.15151],[105.22697,23.15246],[105.22986,23.15291],[105.23194,23.15447],[105.23434,23.15467],[105.23524,23.15595],[105.2341,23.15853],[105.23483,23.16077],[105.2358,23.16155],[105.2357,23.16255],[105.23319,23.16585],[105.23365,23.16855],[105.23235,23.16894],[105.23133,23.16988],[105.23157,23.1719],[105.23091,23.17251],[105.23151,23.17274],[105.23196,23.1737],[105.23244,23.1738],[105.236,23.17304],[105.23675,23.17399],[105.23834,23.17422],[105.2393,23.17504],[105.24046,23.17528],[105.24247,23.17472],[105.24264,23.17715],[105.24422,23.17884],[105.24826,23.17768],[105.24893,23.17854],[105.24899,23.1792],[105.2475,23.18144],[105.24788,23.18164],[105.25104,23.18215],[105.2519,23.18153],[105.25281,23.18149],[105.25499,23.18193],[105.25766,23.1819],[105.2579,23.18224],[105.25749,23.18312],[105.2575,23.18482],[105.25792,23.18596],[105.25749,23.18711],[105.25852,23.18815],[105.26159,23.18922],[105.26185,23.18959],[105.26529,23.18948],[105.2676,23.19019],[105.26908,23.191],[105.26976,23.19102],[105.26992,23.18994],[105.27045,23.18962],[105.2708,23.18885],[105.27049,23.18683],[105.27066,23.18545],[105.27003,23.18409],[105.27077,23.18169],[105.27142,23.18186],[105.27346,23.18114],[105.27436,23.17988],[105.27643,23.17956],[105.27697,23.17852],[105.27826,23.17753],[105.27838,23.1769],[105.27942,23.17647],[105.28031,23.17658],[105.28173,23.17799],[105.28234,23.17804],[105.28193,23.17663],[105.2823,23.17624],[105.28314,23.17608],[105.28379,23.17507],[105.28198,23.17447],[105.28122,23.17288],[105.28206,23.17275],[105.28381,23.17168],[105.28382,23.1708],[105.28442,23.16976],[105.28579,23.16926],[105.2859,23.16809],[105.28707,23.16762],[105.28731,23.16701],[105.28932,23.16665],[105.2907,23.16745],[105.29162,23.16689],[105.29293,23.16739],[105.29571,23.16671],[105.29659,23.16698],[105.29715,23.16764],[105.29886,23.16785],[105.30011,23.16753],[105.30132,23.16781],[105.302,23.16741],[105.30204,23.16651],[105.30144,23.16598],[105.3011,23.16427],[105.30152,23.16158],[105.30337,23.15952],[105.30362,23.15873],[105.30173,23.15647],[105.30357,23.15532],[105.30318,23.15324],[105.30466,23.15356],[105.30841,23.15634],[105.3089,23.15729],[105.31113,23.15824],[105.31358,23.15706],[105.31472,23.15732],[105.31561,23.15658],[105.31639,23.15638],[105.31859,23.15682],[105.31863,23.15634],[105.31716,23.15358],[105.3164,23.15296],[105.31524,23.1509],[105.31408,23.14963],[105.30794,23.14661],[105.30619,23.14617],[105.30575,23.14558],[105.30561,23.14459],[105.30585,23.14199],[105.30495,23.14115],[105.30353,23.13873],[105.30242,23.1361],[105.30086,23.1357],[105.30027,23.13441],[105.29945,23.13377],[105.29873,23.13355],[105.29732,23.13403],[105.29612,23.13283],[105.29628,23.13124],[105.29466,23.1291],[105.29494,23.12608],[105.29391,23.12502],[105.29753,23.12306],[105.29776,23.12278],[105.29768,23.12149],[105.29686,23.11805],[105.29478,23.11693],[105.29436,23.1173],[105.29343,23.1168],[105.29324,23.11584],[105.29473,23.11413],[105.29466,23.11278],[105.29494,23.11213],[105.29308,23.10974],[105.29164,23.10889],[105.29163,23.10812],[105.29082,23.10733],[105.29088,23.10636],[105.29127,23.1058],[105.29096,23.10494],[105.29134,23.10416],[105.29108,23.10376],[105.29134,23.10294],[105.29114,23.10234],[105.28732,23.1007],[105.28564,23.09831],[105.28302,23.09705],[105.27834,23.09686],[105.27705,23.0964],[105.27633,23.09495],[105.27228,23.09478],[105.2692,23.09317],[105.26664,23.09268],[105.26514,23.09325],[105.26184,23.0965],[105.25818,23.09794],[105.2592,23.0961],[105.25965,23.09358],[105.25827,23.09245],[105.25799,23.08966],[105.25743,23.0886],[105.25714,23.09008],[105.25609,23.09096],[105.25627,23.09175],[105.25589,23.09178],[105.25533,23.0925],[105.25533,23.09304],[105.25466,23.09408],[105.2534,23.09454],[105.25295,23.09546],[105.25031,23.09706],[105.24407,23.09808],[105.24091,23.10092],[105.23654,23.10247],[105.23323,23.10258],[105.2318,23.10358],[105.23085,23.10356],[105.22972,23.10278],[105.22694,23.10228],[105.2265,23.10255],[105.22577,23.10434],[105.22377,23.10671],[105.22316,23.10855],[105.22152,23.10923],[105.22183,23.10987],[105.21823,23.11359],[105.21779,23.11438],[105.21771,23.1164],[105.21649,23.11687],[105.2142,23.11894],[105.21309,23.11919],[105.21243,23.12014],[105.21147,23.12078],[105.21069,23.12224],[105.20967,23.12297],[105.20882,23.12311],[105.21033,23.12404],[105.21091,23.12515],[105.21181,23.126],[105.21418,23.12648],[105.21513,23.12756],[105.21656,23.12801],[105.21838,23.12931]]]]}},
{"type":"Feature","id":"00769","properties":{"Ward_Code":"00769","Ward_Code_Num":769,"Ward":"Mèo Vạc","Ward_Alt":"Mèo Vạc","Ward_Upper":"MÈO VẠC","Ward_Full":"Xã Mèo Vạc","Ward_Full_Alt":"Xã Mèo Vạc","Ward_Full_Upper_Alt":"XÃ MÈO VẠC","Ward_Type":"Xã","Province_Code":"08","Province":"Tuyên Quang","Province_Upper_Alt":"TUYÊN QUANG"},"geometry":{"type":"MultiPolygon","coordinates":[[[[105.41192,23.23963],[105.41424,23.23879],[105.4151,23.2378],[105.41705,23.23649],[105.41907,23.23636],[105.42063,23.23445],[105.42137,23.23401],[105.42626,23.23197],[105.43054,23.23081],[105.43547,23.23104],[105.43743,23.23021],[105.43954,23.228],[105.4405,23.22638],[105.44135,23.22608],[105.44226,23.22348],[105.44326,23.22313],[105.44737,23.22014],[105.44875,23.21961],[105.44895,23.21912],[105.4487,23.21836],[105.45023,23.21612],[105.45046,23.215],[105.45102,23.21415],[105.45361,23.21252],[105.45392,23.21174],[105.45542,23.21029],[105.4557,23.20784],[105.45671,23.20548],[105.45962,23.20192],[105.46312,23.20005],[105.46481,23.19788],[105.46727,23.19613],[105.46827,23.19493],[105.46936,23.19294],[105.46974,23.19142],[105.47137,23.18934],[105.47223,23.18753],[105.47644,23.18403],[105.47923,23.18073],[105.47567,23.17898],[105.4745,23.17884],[105.47308,23.17812],[105.47215,23.17887],[105.47079,23.17923],[105.46847,23.17809],[105.46513,23.17838],[105.46378,23.17669],[105.46169,23.17651],[105.46055,23.17698],[105.45858,23.17716],[105.45785,23.17849],[105.4576,23.17973],[105.45549,23.17877],[105.45414,23.17884],[105.45288,23.18035],[105.45297,23.18121],[105.45026,23.18269],[105.44906,23.18276],[105.44818,23.1808],[105.44806,23.17946],[105.44673,23.17769],[105.44631,23.17599],[105.44502,23.17485],[105.44412,23.17293],[105.44403,23.17176],[105.44314,23.17175],[105.44154,23.17106],[105.4394,23.17164],[105.43656,23.17108],[105.43718,23.16966],[105.437,23.16804],[105.43642,23.16674],[105.43664,23.16612],[105.43553,23.16453],[105.43665,23.16265],[105.43604,23.16165],[105.43515,23.16134],[105.43406,23.16041],[105.4336,23.15875],[105.43248,23.15736],[105.43247,23.15634],[105.43079,23.15625],[105.43156,23.15299],[105.43085,23.1524],[105.43065,23.15149],[105.42918,23.15097],[105.42854,23.15111],[105.42898,23.15019],[105.42881,23.14805],[105.42752,23.14632],[105.42811,23.14585],[105.42993,23.14583],[105.43039,23.14531],[105.43342,23.14404],[105.43525,23.14386],[105.43767,23.1449],[105.43992,23.14481],[105.44228,23.14314],[105.44264,23.13962],[105.44093,23.13707],[105.4405,23.13506],[105.43935,23.13371],[105.43952,23.13282],[105.44089,23.13211],[105.44187,23.13108],[105.44223,23.13009],[105.44348,23.12934],[105.44063,23.12621],[105.44057,23.12506],[105.43963,23.12498],[105.43891,23.12445],[105.43826,23.12473],[105.43631,23.12461],[105.43465,23.1255],[105.4311,23.12536],[105.4281,23.12719],[105.4265,23.1271],[105.42544,23.12769],[105.42405,23.1277],[105.42162,23.12655],[105.42035,23.12644],[105.41968,23.12719],[105.41822,23.12758],[105.4167,23.13356],[105.41693,23.13582],[105.41634,23.13658],[105.41323,23.13746],[105.41055,23.13596],[105.41017,23.13679],[105.40796,23.13886],[105.40559,23.13935],[105.40435,23.1403],[105.40239,23.14106],[105.40115,23.13903],[105.3993,23.13923],[105.39811,23.13871],[105.39653,23.1368],[105.39577,23.13521],[105.39323,23.13326],[105.3931,23.12777],[105.39298,23.1268],[105.39257,23.12629],[105.38824,23.12407],[105.3865,23.12352],[105.38492,23.12357],[105.3838,23.12274],[105.38377,23.12187],[105.38308,23.12118],[105.3819,23.12132],[105.38073,23.12268],[105.37965,23.12308],[105.37871,23.12445],[105.37792,23.12447],[105.37762,23.12486],[105.37732,23.12339],[105.37577,23.12277],[105.37504,23.12291],[105.3726,23.12199],[105.37165,23.12198],[105.37172,23.1224],[105.37105,23.12311],[105.37063,23.12515],[105.36916,23.12574],[105.36748,23.12694],[105.36663,23.12806],[105.36671,23.12922],[105.36524,23.13064],[105.36558,23.13282],[105.3652,23.13458],[105.36654,23.13583],[105.36568,23.13908],[105.36473,23.13862],[105.36387,23.13899],[105.36166,23.13849],[105.35975,23.13948],[105.35791,23.13993],[105.35577,23.1398],[105.35524,23.14019],[105.35462,23.14185],[105.35475,23.14537],[105.35509,23.14649],[105.35455,23.14874],[105.35476,23.14996],[105.35933,23.15065],[105.36061,23.15036],[105.36114,23.15338],[105.36208,23.15427],[105.36311,23.154419999999998],[105.36332,23.15511],[105.36441,23.15568],[105.36459,23.15754],[105.36673,23.15844],[105.36829,23.15828],[105.369,23.15991],[105.36741,23.1618],[105.36762,23.16368],[105.36597,23.16398],[105.36551,23.16507],[105.36558,23.1654],[105.36645,23.16582],[105.36694,23.16812],[105.36335,23.17246],[105.36468,23.17346],[105.36637,23.17284],[105.36785,23.17331],[105.36804,23.17389],[105.36893,23.17451],[105.36907,23.17564],[105.37033,23.17762],[105.37184,23.17881],[105.37178,23.17971],[105.37221,23.18084],[105.37021,23.18163],[105.36976,23.1822],[105.36868,23.18551],[105.36696,23.18661],[105.36653,23.18809],[105.36659,23.18929],[105.36577,23.19052],[105.36637,23.19156],[105.36627,23.19274],[105.36725,23.1942],[105.36754,23.19536],[105.36921,23.19589],[105.37133,23.19493],[105.37179,23.19511],[105.37338,23.19709],[105.3727,23.1978],[105.37264,23.19984],[105.37179,23.20049],[105.37154,23.20188],[105.37086,23.20244],[105.37146,23.20226],[105.37435,23.20299],[105.37482,23.20357],[105.37443,23.20488],[105.37573,23.20532],[105.37626,23.20619],[105.3773,23.20698],[105.37563,23.20848],[105.37438,23.20876],[105.37369,23.2096],[105.37315,23.20978],[105.37293,23.21095],[105.37362,23.21238],[105.37654,23.21293],[105.37682,23.21426],[105.37738,23.2151],[105.37885,23.2163],[105.3791,23.2192],[105.38023,23.21935],[105.38113,23.21839],[105.38206,23.21854],[105.38431,23.21779],[105.38515,23.21873],[105.38582,23.21896],[105.38679,23.2188],[105.38889,23.21952],[105.39182,23.21946],[105.39294,23.21902],[105.3949,23.22027],[105.39444,23.2222],[105.39283,23.22224],[105.39202,23.22278],[105.39201,23.22388],[105.3929,23.22607],[105.39242,23.22743],[105.39131,23.22799],[105.39071,23.22878],[105.38942,23.22915],[105.38871,23.2298],[105.38886,23.2308],[105.3901,23.23132],[105.3899,23.23305],[105.39078,23.23493],[105.39222,23.23487],[105.39334,23.23547],[105.39356,23.23594],[105.39431,23.23588],[105.39516,23.23661],[105.39665,23.23611],[105.39692,23.23356],[105.39834,23.23343],[105.40111,23.23486],[105.40125,23.23607],[105.401,23.2367],[105.40178,23.23686],[105.40221,23.23732],[105.4026,23.23738],[105.40434,23.2363],[105.40571,23.2359],[105.40578,23.23619],[105.40745,23.23684],[105.40882,23.23686],[105.40838,23.23857],[105.4085,23.23933],[105.4101,23.2397],[105.41101,23.24047],[105.41152,23.24044],[105.41192,23.23963]]]]}},
{"type":"Feature","id":"00778","properties":{"Ward_Code":"00778","Ward_Code_Num":778,"Ward":"Sơn Vĩ","Ward_Alt":"Sơn Vĩ","Ward_Upper":"SƠN VĨ","Ward_Full":"Xã Sơn Vĩ","Ward_Full_Alt":"Xã Sơn Vĩ","Ward_Full_Upper_Alt":"XÃ SƠN VĨ","Ward_Type":"Xã","Province_Code":"08","Province":"Tuyên Quang","Province_Upper_Alt":"TUYÊN QUANG"},"geometry":{"type":"MultiPolygon","coordinates":[[[[105.41936,23.28488],[105.42148,23.28509],[105.42262,23.28681],[105.42891,23.29088],[105.42949,23.29191],[105.4285,23.29352],[105.42645,23.29558],[105.42628,23.29641],[105.42737,23.29805],[105.42869,23.30164],[105.42955,23.3021],[105.43013,23.30291],[105.43382,23.30307],[105.43447,23.30253],[105.43476,23.30066],[105.43919,23.30071],[105.44148,23.29952],[105.44103,23.29806],[105.44332,23.29604],[105.44426,23.29568],[105.44548,23.29419],[105.44674,23.29179],[105.44711,23.29081],[105.44623,23.28978],[105.44664,23.28741],[105.44584,23.28666],[105.4464,23.2866],[105.44815,23.28431],[105.44807,23.28294],[105.44902,23.28167],[105.45076,23.27777],[105.45322,23.27611],[105.45505,23.27409],[105.45632,23.27396],[105.45684,23.27319],[105.45899,23.27189],[105.45999,23.27026],[105.46196,23.26886],[105.46262,23.26794],[105.46225,23.2676],[105.46246,23.26691],[105.46508,23.26465],[105.46519,23.26369],[105.46642,23.26218],[105.4668,23.26058],[105.46783,23.25962],[105.46878,23.25686],[105.47249,23.25485],[105.47273,23.25153],[105.47786,23.24665],[105.47972,23.2468],[105.48111,23.24452],[105.48338,23.24303],[105.48667,23.23733],[105.4871,23.23414],[105.48932,23.23302],[105.48976,23.23293],[105.4906,23.23339],[105.49169,23.23233],[105.49227,23.23254],[105.49296,23.23223],[105.49263,23.231],[105.4922,23.23064],[105.4912,23.22598],[105.49234,23.22198],[105.49147,23.22088],[105.49442,23.21819],[105.49504,23.21682],[105.49468,23.21593],[105.49602,23.21405],[105.49594,23.21201],[105.49684,23.21142],[105.49808,23.20976],[105.49687,23.2062],[105.49702,23.20505],[105.49839,23.20341],[105.49851,23.20269],[105.49878,23.20283],[105.50031,23.20185],[105.50195,23.202],[105.50457,23.20019],[105.50594,23.20031],[105.50966,23.19753],[105.51224,23.19626],[105.51485,23.19722],[105.51523,23.19686],[105.51744,23.19638],[105.52392999999999,23.18979],[105.52671,23.18871],[105.5319,23.19059],[105.54064,23.1925],[105.5411,23.19386],[105.54236,23.19414],[105.54373,23.19352],[105.54474,23.19248],[105.54494,23.19164],[105.54614,23.19142],[105.54694,23.19075],[105.54728,23.18963],[105.54841,23.18852],[105.55,23.18888],[105.55322,23.18749],[105.55384,23.18553],[105.55384,23.18376],[105.55456,23.18307],[105.55577,23.18293],[105.55576,23.18122],[105.55625,23.17923],[105.55823,23.17824],[105.55827,23.17721],[105.5574,23.17482],[105.55862,23.17336],[105.55846,23.17254],[105.55878,23.1713],[105.55944,23.17023],[105.56042,23.16967],[105.56055,23.16878],[105.56205,23.16767],[105.56273,23.16768],[105.56489,23.16547],[105.56505,23.1649],[105.56671,23.1643],[105.56844,23.16295],[105.56983,23.16095],[105.57088,23.16084],[105.57359,23.16149],[105.57405,23.16078],[105.57398,23.15866],[105.57317,23.15706],[105.5736,23.15596],[105.57318,23.15301],[105.57147,23.15131],[105.57039,23.15067],[105.572,23.14889],[105.57036,23.14818],[105.56726,23.14565],[105.56732,23.14486],[105.56464,23.14479],[105.56356,23.14345],[105.5636,23.14155],[105.56461,23.14142],[105.56649,23.13602],[105.56613,23.1349],[105.56542,23.13401],[105.56544,23.13319],[105.56454,23.13272],[105.56353,23.13149],[105.56256,23.13121],[105.56174,23.13033],[105.56044,23.12967],[105.55959,23.12859],[105.55968,23.128],[105.5627,23.12531],[105.56312,23.12298],[105.56398,23.1216],[105.56504,23.12119],[105.56466,23.11933],[105.56302,23.11984],[105.562,23.11886],[105.55792,23.1181],[105.55646,23.11646],[105.55399,23.11466],[105.55443,23.11318],[105.55153,23.11075],[105.54997,23.11033],[105.54752,23.11004],[105.54647,23.10954],[105.5442,23.10968],[105.54305,23.109],[105.54043,23.109],[105.53907,23.10943],[105.53797,23.11037],[105.53355,23.11064],[105.53182,23.11144],[105.53213,23.11334],[105.53106,23.11878],[105.53128,23.12112],[105.53088,23.12278],[105.53119,23.12498],[105.53068,23.12803],[105.53123,23.12934],[105.53268,23.1299],[105.5333,23.13051],[105.53284,23.13181],[105.53283,23.13435],[105.53214,23.13528],[105.53065,23.13641],[105.52466,23.13952],[105.52152,23.13956],[105.51956,23.14012],[105.51622,23.14223],[105.51232,23.14555],[105.51144,23.14775],[105.51138,23.15225],[105.51102,23.15345],[105.51087,23.15624],[105.50949,23.15848],[105.50948,23.16026],[105.50818,23.16456],[105.50637,23.16783],[105.5047,23.16897],[105.50217,23.16953],[105.49961,23.17085],[105.49276,23.17218],[105.49018,23.17381],[105.48876,23.17537],[105.48561,23.17728],[105.48415,23.17854],[105.48029,23.17961],[105.47767,23.18231],[105.47644,23.18403],[105.47223,23.18753],[105.47137,23.18934],[105.46974,23.19142],[105.46936,23.19294],[105.46827,23.19493],[105.46727,23.19613],[105.46481,23.19788],[105.46312,23.20005],[105.45962,23.20192],[105.45671,23.20548],[105.4557,23.20784],[105.45542,23.21029],[105.45392,23.21174],[105.45361,23.21252],[105.45102,23.21415],[105.45046,23.215],[105.45023,23.21612],[105.4487,23.21836],[105.44895,23.21912],[105.44875,23.21961],[105.44737,23.22014],[105.44326,23.22313],[105.44226,23.22348],[105.44135,23.22608],[105.4405,23.22638],[105.43954,23.228],[105.43743,23.23021],[105.43547,23.23104],[105.43091,23.23078],[105.42811,23.23133],[105.42137,23.23401],[105.42063,23.23445],[105.41919,23.23619],[105.41844,23.23742],[105.41884,23.24062],[105.41777,23.24427],[105.41863,23.24782],[105.41855,23.249389999999998],[105.4178,23.25192],[105.41444,23.25352],[105.41159,23.25412],[105.40756,23.25555],[105.40686,23.2578],[105.40634,23.25836],[105.40612,23.26063],[105.40798,23.26578],[105.40768,23.26797],[105.40668,23.26992],[105.40655,23.2713],[105.40154,23.27544],[105.40027,23.27693],[105.39999,23.28139],[105.39915,23.28255],[105.39647,23.28931],[105.39365,23.293],[105.39262,23.29544],[105.39163,23.29714],[105.39099,23.29761],[105.3906,23.29955],[105.38934,23.30128],[105.38932,23.30258],[105.38812,23.30431],[105.38659,23.30531],[105.3852,23.30827],[105.383,23.31086],[105.38487,23.31224],[105.38522,23.31348],[105.38622,23.31407],[105.40245,23.29536],[105.4059,23.29354],[105.40691,23.29239],[105.40714,23.29168],[105.40952,23.28996],[105.41098,23.28797],[105.41648,23.28543],[105.41936,23.28488]]]]}},
{"type":"Feature","id":"00787","properties":{"Ward_Code":"00787","Ward_Code_Num":787,"Ward":"Sủng Máng","Ward_Alt":"Sủng Máng","Ward_Upper":"SỦNG MÁNG","Ward_Full":"Xã Sủng Máng","Ward_Full_Alt":"Xã Sủng Máng","Ward_Full_Upper_Alt":"XÃ SỦNG MÁNG","Ward_Type":"Xã","Province_Code":"08","Province":"Tuyên Quang","Province_Upper_Alt":"TUYÊN QUANG"},"geometry":{"type":"MultiPolygon","coordinates":[[[[105.34088,23.21453],[105.34055,23.21322],[105.3407,23.20953],[105.3414,23.20845],[105.34304,23.20718],[105.34272,23.20555],[105.34295,23.20504],[105.34263,23.20445],[105.34147,23.2041],[105.34118,23.20333],[105.3395,23.20232],[105.33911,23.20104],[105.33811,23.19955],[105.33841,23.19866],[105.33829,23.1969],[105.34052,23.19518],[105.34152,23.19488],[105.34237,23.1952],[105.34435,23.19446],[105.34502,23.19336],[105.34629,23.19273],[105.34701,23.1928],[105.34818,23.194],[105.34923,23.19395],[105.35074,23.19336],[105.35169,23.19535],[105.35439,23.19548],[105.35467,23.19598],[105.35353,23.19823],[105.35137,23.19898],[105.35163,23.20041],[105.35336,23.20126],[105.35543,23.20163],[105.35779,23.2008],[105.35952,23.20186],[105.35988,23.2024],[105.35967,23.20395],[105.35855,23.2049],[105.35886,23.20529],[105.36039,23.20577],[105.36174,23.20461],[105.3633,23.20391],[105.36377,23.20332],[105.36584,23.2044],[105.36654,23.20566],[105.36907,23.20532],[105.36957,23.20441],[105.36929,23.20362],[105.37003,23.20261],[105.37086,23.20244],[105.37154,23.20188],[105.37166,23.20072],[105.37269,23.1997],[105.3727,23.1978],[105.37331,23.19698],[105.37179,23.19511],[105.37133,23.19493],[105.36921,23.19589],[105.36754,23.19536],[105.36725,23.1942],[105.36627,23.19274],[105.36637,23.19156],[105.36577,23.19062],[105.36659,23.18929],[105.36653,23.18809],[105.36696,23.18661],[105.36868,23.18551],[105.36976,23.1822],[105.37065,23.18136],[105.37221,23.18084],[105.37178,23.17971],[105.37184,23.17881],[105.37033,23.17762],[105.36907,23.17564],[105.36893,23.17451],[105.36804,23.17389],[105.36785,23.17331],[105.36637,23.17284],[105.36468,23.17346],[105.36335,23.17246],[105.36694,23.16812],[105.36645,23.16582],[105.36558,23.1654],[105.36551,23.16507],[105.36597,23.16398],[105.36762,23.16368],[105.36741,23.1618],[105.36897,23.16011],[105.3688,23.1592],[105.36829,23.15828],[105.36673,23.15844],[105.36459,23.15754],[105.36441,23.15568],[105.36332,23.15511],[105.36311,23.154419999999998],[105.36208,23.15427],[105.36114,23.15338],[105.36061,23.15036],[105.35933,23.15065],[105.35476,23.14996],[105.35455,23.14874],[105.35509,23.14649],[105.35475,23.14537],[105.35462,23.14185],[105.35536,23.14003],[105.35647,23.13974],[105.35791,23.13993],[105.35975,23.13948],[105.36166,23.13849],[105.36387,23.13899],[105.36473,23.13862],[105.3658,23.13892],[105.36654,23.13583],[105.3652,23.13458],[105.36558,23.13282],[105.36524,23.13064],[105.36671,23.12922],[105.36663,23.12806],[105.36748,23.12694],[105.36916,23.12574],[105.37063,23.12515],[105.37105,23.12311],[105.37172,23.1224],[105.37165,23.12198],[105.37096,23.12158],[105.37064,23.1208],[105.3697,23.12071],[105.36849,23.12005],[105.3672,23.12031],[105.36614,23.12009],[105.36118,23.11689],[105.35933,23.11641],[105.35604,23.11634],[105.35553,23.11639],[105.35509,23.11686],[105.35407,23.11683],[105.35254,23.11764],[105.35129,23.11977],[105.34923,23.12034],[105.34678,23.12179],[105.34567,23.12122],[105.34539,23.11862],[105.34429,23.11815],[105.34462,23.11732],[105.34418,23.11601],[105.34444,23.1132],[105.34368,23.11216],[105.34236,23.11146],[105.34207,23.11037],[105.34134,23.11023],[105.34007,23.10917],[105.33951,23.10814],[105.33983,23.10676],[105.33963,23.10631],[105.33851,23.10738],[105.33831,23.10825],[105.33738,23.10957],[105.33501,23.11008],[105.33219,23.11182],[105.3309,23.1118],[105.32863,23.11061],[105.32761,23.10927],[105.32456,23.10875],[105.32351,23.10813],[105.3227,23.1061],[105.32278,23.10513],[105.32221,23.10418],[105.3222,23.10147],[105.32148,23.10072],[105.31914,23.10038],[105.31747,23.1007],[105.3164,23.10035],[105.31533,23.10098],[105.31353,23.10104],[105.30955,23.09975],[105.30927,23.10422],[105.30727,23.10614],[105.30606,23.10647],[105.30495,23.10732],[105.30391,23.10893],[105.30388,23.11208],[105.30421,23.11348],[105.30384,23.11479],[105.30002,23.11233],[105.29875,23.11204],[105.2959,23.11239],[105.29494,23.11213],[105.29466,23.11278],[105.29473,23.11413],[105.29324,23.11584],[105.29343,23.1168],[105.29436,23.1173],[105.29478,23.11693],[105.29686,23.11805],[105.29776,23.12278],[105.29391,23.12502],[105.29494,23.12608],[105.29466,23.1291],[105.29628,23.13124],[105.29612,23.13283],[105.29732,23.13403],[105.29873,23.13355],[105.29945,23.13377],[105.30027,23.13441],[105.30086,23.1357],[105.30246,23.13615],[105.30353,23.13873],[105.30495,23.14115],[105.30585,23.14199],[105.30561,23.14459],[105.30575,23.14558],[105.30619,23.14617],[105.30794,23.14661],[105.31408,23.14963],[105.31524,23.1509],[105.3164,23.15296],[105.31716,23.15358],[105.31863,23.15634],[105.31859,23.15682],[105.31639,23.15638],[105.31561,23.15658],[105.31472,23.15732],[105.31358,23.15706],[105.31113,23.15824],[105.3089,23.15729],[105.30841,23.15634],[105.30466,23.15356],[105.30318,23.15324],[105.30357,23.15532],[105.30173,23.15647],[105.30362,23.15873],[105.30337,23.15952],[105.30152,23.16158],[105.3011,23.16427],[105.30144,23.16598],[105.30204,23.16651],[105.302,23.16741],[105.30132,23.16781],[105.30011,23.16753],[105.29886,23.16785],[105.29715,23.16764],[105.29659,23.16698],[105.29571,23.16671],[105.29293,23.16739],[105.29162,23.16689],[105.2907,23.16745],[105.28932,23.16665],[105.28731,23.16701],[105.28707,23.16762],[105.2859,23.16809],[105.28579,23.16926],[105.28442,23.16976],[105.28382,23.1708],[105.28381,23.17168],[105.28206,23.17275],[105.28122,23.17288],[105.28198,23.17447],[105.28379,23.17507],[105.28314,23.17608],[105.2823,23.17624],[105.28193,23.17663],[105.28234,23.17804],[105.28173,23.17799],[105.28031,23.17658],[105.27942,23.17647],[105.27838,23.1769],[105.27826,23.17753],[105.27697,23.17852],[105.27643,23.17956],[105.27436,23.17988],[105.27346,23.18114],[105.27142,23.18186],[105.27077,23.18169],[105.27003,23.18409],[105.27066,23.18545],[105.27056,23.1873],[105.27082,23.1879],[105.27387,23.18794],[105.27472,23.18872],[105.2777,23.18998],[105.27712,23.19155],[105.2806,23.19443],[105.28136,23.19685],[105.2827,23.19772],[105.28639,23.19638],[105.28724,23.19513],[105.28737,23.19417],[105.28902,23.19201],[105.28978,23.19143],[105.29069,23.19125],[105.28994,23.18985],[105.2891,23.18904],[105.28926,23.18794],[105.29088,23.18807],[105.29283,23.18895],[105.29394,23.18844],[105.2944,23.18856],[105.29362,23.18988],[105.29268,23.19361],[105.2935,23.19375],[105.29431,23.19509],[105.29498,23.19539],[105.29598,23.19823],[105.29722,23.19893],[105.29885,23.20119],[105.29931,23.20342],[105.30116,23.20428],[105.30117,23.20516],[105.30293,23.20495],[105.30414,23.20574],[105.30432,23.20844],[105.30466,23.20874],[105.30756,23.20919],[105.30851,23.20986],[105.30911,23.20976],[105.30955,23.21005],[105.3101,23.20968],[105.31149,23.20986],[105.31416,23.20958],[105.31716,23.21105],[105.32208,23.21194],[105.32226,23.20983],[105.32141,23.20853],[105.3205,23.20831],[105.31978,23.20748],[105.31988,23.20634],[105.32022,23.20483],[105.32134,23.20373],[105.32373,23.20355],[105.32391,23.20397],[105.3235,23.20636],[105.32554,23.20715],[105.32596,23.20677],[105.32603,23.20547],[105.32715,23.20568],[105.32772,23.20604],[105.3284,23.20793],[105.33239,23.20927],[105.33264,23.21187],[105.33482,23.21239],[105.33652,23.21395],[105.33773,23.21455],[105.33942,23.21444],[105.34098,23.21474],[105.34088,23.21453]]]]}},
{"type":"Feature","id":"00802","properties":{"Ward_Code":"00802","Ward_Code_Num":802,"Ward":"Khâu Vai","Ward_Alt":"Khâu Vai","Ward_Upper":"KHÂU VAI","Ward_Full":"Xã Khâu Vai","Ward_Full_Alt":"Xã Khâu Vai","Ward_Full_Upper_Alt":"XÃ KHÂU VAI","Ward_Type":"Xã","Province_Code":"08","Province":"Tuyên Quang","Province_Upper_Alt":"TUYÊN QUANG"},"geometry":{"type":"MultiPolygon","coordinates":[[[[105.4497,23.18268],[105.45038,23.18264],[105.45297,23.18121],[105.45288,23.18035],[105.45414,23.17884],[105.45549,23.17877],[105.4576,23.17973],[105.45785,23.17849],[105.45858,23.17716],[105.46055,23.17698],[105.46169,23.17651],[105.46378,23.17669],[105.46513,23.17838],[105.46847,23.17809],[105.47079,23.17923],[105.47215,23.17887],[105.47308,23.17812],[105.4745,23.17884],[105.47567,23.17898],[105.47923,23.18073],[105.4805,23.17947],[105.48415,23.17854],[105.48561,23.17728],[105.48876,23.17537],[105.49018,23.17381],[105.49276,23.17218],[105.49961,23.17085],[105.50217,23.16953],[105.50504,23.16879],[105.50637,23.16783],[105.50766,23.16575],[105.50932,23.16092],[105.50949,23.15848],[105.51087,23.15624],[105.51102,23.15345],[105.51138,23.15225],[105.51144,23.14775],[105.51232,23.14555],[105.51622,23.14223],[105.51956,23.14012],[105.52152,23.13956],[105.52466,23.13952],[105.53065,23.13641],[105.53214,23.13528],[105.53298,23.13396],[105.53284,23.13181],[105.5333,23.13051],[105.53268,23.1299],[105.53123,23.12934],[105.53068,23.12803],[105.53119,23.12498],[105.53088,23.12278],[105.53128,23.12112],[105.53106,23.11878],[105.53213,23.11334],[105.53184,23.11149],[105.53119,23.11011],[105.5286,23.10838],[105.52824,23.10728],[105.52802,23.10396],[105.525,23.10024],[105.52461,23.09721],[105.52366,23.09466],[105.52128,23.09072],[105.52016,23.08756],[105.51764,23.0837],[105.5177,23.0828],[105.51936,23.08139],[105.52043,23.07932],[105.52062,23.07585],[105.51984,23.0744],[105.51375,23.06966],[105.51306,23.06612],[105.50841,23.06068],[105.50782,23.05917],[105.50763,23.05703],[105.50844,23.05457],[105.50856,23.05223],[105.50797,23.05121],[105.50602,23.05082],[105.50478,23.0489],[105.5044,23.0474],[105.50427,23.04317],[105.50387,23.04246],[105.50289,23.04179],[105.50241,23.04163],[105.50317,23.04449],[105.50237,23.04558],[105.50077,23.04538],[105.50019,23.04589],[105.49838,23.04562],[105.4967,23.04747],[105.49536,23.0472],[105.49509,23.04773],[105.49413,23.0481],[105.4932,23.04951],[105.49095,23.05088],[105.4887,23.05151],[105.48675,23.05148],[105.48653,23.05201],[105.48562,23.05229],[105.48495,23.0531],[105.48432,23.0533],[105.48303,23.05528],[105.48317,23.05625],[105.48214,23.0568],[105.48215,23.05725],[105.48129,23.05814],[105.48087,23.05958],[105.47874,23.06166],[105.47864,23.06326],[105.47835,23.06335],[105.47676,23.06321],[105.47355,23.06097],[105.47087,23.05962],[105.46959,23.06016],[105.46699,23.06055],[105.46513,23.0621],[105.46244,23.06345],[105.46048,23.06334],[105.45899,23.06287],[105.4577,23.06199],[105.45316,23.06308],[105.45242,23.064],[105.44969,23.06492],[105.44795,23.0667],[105.44781,23.06722],[105.44658,23.06774],[105.44462,23.06688],[105.44118,23.06424],[105.43961,23.06392],[105.43735,23.06288],[105.4351,23.06265],[105.43565,23.06406],[105.43683,23.06409],[105.4369,23.06466],[105.43641,23.06517],[105.4369,23.06572],[105.43615,23.06607],[105.43554,23.06708],[105.43549,23.06866],[105.43463,23.0699],[105.43544,23.0711],[105.43532,23.07226],[105.43477,23.07228],[105.43489,23.07305],[105.43384,23.07346],[105.43367,23.07468],[105.43276,23.07471],[105.43324,23.07565],[105.43281,23.07589],[105.43233,23.07572],[105.43215,23.07767],[105.43329,23.07883],[105.43504,23.07959],[105.43568,23.08096],[105.437,23.08214],[105.43826,23.08559],[105.44014,23.0866],[105.44047,23.08817],[105.43945,23.08868],[105.43966,23.09003],[105.43903,23.09077],[105.43884,23.09162],[105.43839,23.0917],[105.43732,23.09106],[105.43738,23.09179],[105.4379,23.0926],[105.43754,23.09404],[105.43858,23.0944],[105.43885,23.09398],[105.43952,23.09384],[105.44064,23.09413],[105.44146,23.09479],[105.44487,23.10194],[105.44416,23.10338],[105.44355,23.10379],[105.44426,23.10592],[105.44576,23.10678],[105.45098,23.11251],[105.45133,23.11346],[105.45301,23.11454],[105.45234,23.11626],[105.45215,23.1187],[105.4537,23.12079],[105.4534,23.12278],[105.45023,23.12255],[105.44456,23.12303],[105.44057,23.12506],[105.44063,23.12621],[105.44348,23.12934],[105.44223,23.13009],[105.44187,23.13108],[105.44089,23.13211],[105.43952,23.13282],[105.43935,23.13371],[105.4405,23.13506],[105.44093,23.13707],[105.44264,23.13962],[105.44245,23.14271],[105.44213,23.14336],[105.43963,23.14486],[105.43767,23.1449],[105.43525,23.14386],[105.43314,23.14408],[105.43039,23.14531],[105.42993,23.14583],[105.42784,23.14592],[105.42753,23.14646],[105.42881,23.14805],[105.42898,23.15019],[105.42854,23.15111],[105.42918,23.15097],[105.43065,23.15149],[105.43085,23.1524],[105.43156,23.15299],[105.43079,23.15625],[105.43247,23.15634],[105.43248,23.15736],[105.4336,23.15875],[105.43406,23.16041],[105.43515,23.16134],[105.43604,23.16165],[105.43665,23.16265],[105.43553,23.16453],[105.43664,23.16612],[105.43642,23.16674],[105.43711,23.16875],[105.43713,23.16997],[105.43654,23.17105],[105.4394,23.17164],[105.44154,23.17106],[105.44314,23.17175],[105.44403,23.17176],[105.44412,23.17293],[105.44502,23.17485],[105.44631,23.17599],[105.44673,23.17769],[105.44806,23.17946],[105.44818,23.1808],[105.44877,23.18166],[105.4489,23.18256],[105.4497,23.18268]]]]}},
{"type":"Feature","id":"00808","properties":{"Ward_Code":"00808","Ward_Code_Num":808,"Ward":"Tát Ngà","Ward_Alt":"Tát Ngà","Ward_Upper":"TÁT NGÀ","Ward_Full":"Xã Tát Ngà","Ward_Full_Alt":"Xã Tát Ngà","Ward_Full_Upper_Alt":"XÃ TÁT NGÀ","Ward_Type":"Xã","Province_Code":"08","Province":"Tuyên Quang","Province_Upper_Alt":"TUYÊN QUANG"},"geometry":{"type":"MultiPolygon","coordinates":[[[[105.40774,23.13899],[105.41017,23.13679],[105.41055,23.13596],[105.41323,23.13746],[105.41634,23.13658],[105.41693,23.13582],[105.4167,23.13356],[105.41822,23.12758],[105.41968,23.12719],[105.42035,23.12644],[105.42162,23.12655],[105.42405,23.1277],[105.42544,23.12769],[105.4265,23.1271],[105.4281,23.12719],[105.4311,23.12536],[105.43465,23.1255],[105.43631,23.12461],[105.43826,23.12473],[105.43891,23.12445],[105.43963,23.12498],[105.44057,23.12506],[105.44456,23.12303],[105.45023,23.12255],[105.4534,23.12278],[105.45369,23.12064],[105.45238,23.1192],[105.4521,23.1182],[105.45259,23.11513],[105.45301,23.11454],[105.45133,23.11346],[105.45098,23.11251],[105.44576,23.10678],[105.44426,23.10592],[105.44355,23.10379],[105.44416,23.10338],[105.44487,23.10194],[105.44146,23.09479],[105.44064,23.09413],[105.43952,23.09384],[105.43885,23.09398],[105.43858,23.0944],[105.43754,23.09404],[105.4379,23.0926],[105.43738,23.09179],[105.43732,23.09106],[105.43839,23.0917],[105.43884,23.09162],[105.43903,23.09077],[105.43966,23.09003],[105.43945,23.08868],[105.44047,23.08817],[105.44014,23.0866],[105.43826,23.08559],[105.437,23.08214],[105.43568,23.08096],[105.43504,23.07959],[105.43329,23.07883],[105.43211,23.07754],[105.43233,23.07572],[105.43281,23.07589],[105.43324,23.07565],[105.43276,23.07471],[105.43367,23.07468],[105.43384,23.07346],[105.43489,23.07305],[105.43477,23.07228],[105.43532,23.07226],[105.43544,23.0711],[105.43463,23.0699],[105.43549,23.06866],[105.43554,23.06708],[105.43615,23.06607],[105.43688,23.06567],[105.43648,23.06529],[105.43591,23.0656],[105.43464,23.06536],[105.43263,23.06568],[105.43174,23.06514],[105.42886,23.06585],[105.42703,23.06565],[105.42539,23.06607],[105.42317,23.06499],[105.41953,23.06465],[105.41797,23.06409],[105.41669,23.06268],[105.41638,23.06153],[105.4157,23.0613],[105.4138,23.06148],[105.41162,23.06216],[105.41095,23.06288],[105.41094,23.06388],[105.40904,23.06599],[105.40697,23.06585],[105.40412,23.06465],[105.40179,23.06297],[105.39691,23.0611],[105.39532,23.06187],[105.39279,23.06389],[105.39005,23.06162],[105.38961,23.05997],[105.38778,23.05858],[105.38682,23.05707],[105.38669,23.05545],[105.38552,23.05427],[105.38508,23.05321],[105.38259,23.05152],[105.37896,23.04743],[105.37593,23.04568],[105.37534,23.04488],[105.37338,23.04356],[105.37218,23.04337],[105.37003,23.0418],[105.3695,23.04125],[105.36914,23.04012],[105.36935,23.03972],[105.37004,23.03949],[105.3691,23.03899],[105.36582,23.03881],[105.36492,23.03947],[105.3602,23.0408],[105.35872,23.04079],[105.35653,23.03995],[105.35463,23.03961],[105.3524,23.04],[105.34957,23.03986],[105.34867,23.04032],[105.34807,23.04149],[105.34643,23.04294],[105.34162,23.04354],[105.3377,23.04322],[105.33698,23.0434],[105.33678,23.04367],[105.33733,23.04427],[105.33906,23.04519],[105.33883,23.04577],[105.339,23.04651],[105.33998,23.04591],[105.34047,23.04597],[105.34,23.0468],[105.34049,23.04789],[105.33977,23.04866],[105.33961,23.04988],[105.33841,23.04967],[105.33799,23.0506],[105.3365,23.05148],[105.33641,23.05108],[105.3372,23.04957],[105.33611,23.04915],[105.33622,23.05006],[105.33518,23.04983],[105.3359,23.05064],[105.33552,23.05123],[105.33624,23.05214],[105.33607,23.05303],[105.33524,23.05266],[105.33488,23.05311],[105.33306,23.05267],[105.33239,23.05298],[105.33169,23.05374],[105.33208,23.05429],[105.33191,23.05507],[105.33265,23.05542],[105.33185,23.05612],[105.33187,23.05668],[105.33125,23.0563],[105.3309,23.0556],[105.32883,23.05606],[105.33082,23.05742],[105.33073,23.05886],[105.33183,23.06],[105.33106,23.06082],[105.33097,23.06164],[105.33047,23.06228],[105.331,23.06304],[105.33192,23.06299],[105.33198,23.06353],[105.32999,23.06397],[105.33081,23.06543],[105.33044,23.06665],[105.33223,23.06727],[105.33157,23.06758],[105.33241,23.0688],[105.33213,23.06907],[105.33229,23.06955],[105.33177,23.07004],[105.3324,23.07056],[105.33175,23.07099],[105.33188,23.07162],[105.33236,23.07198],[105.33205,23.07277],[105.33214,23.07452],[105.33171,23.07462],[105.33042,23.07403],[105.33012,23.07457],[105.3306,23.07546],[105.33106,23.07524],[105.33172,23.07603],[105.33063,23.07713],[105.3306,23.07768],[105.33006,23.07775],[105.3296,23.07841],[105.32999,23.07924],[105.32957,23.08054],[105.32977,23.08112],[105.32906,23.08163],[105.3287,23.08153],[105.32888,23.08234],[105.32824,23.08298],[105.3283,23.08356],[105.3276,23.08353],[105.32692,23.08488],[105.32605,23.08409],[105.32549,23.0848],[105.32565,23.08584],[105.32472,23.08586],[105.3238,23.08653],[105.32458,23.08678],[105.32416,23.08736],[105.32458,23.08848],[105.32386,23.08923],[105.32408,23.08954],[105.32379,23.09013],[105.32462,23.09071],[105.3244,23.09214],[105.32393,23.09245],[105.32401,23.09311],[105.32469,23.09352],[105.3243,23.09401],[105.32429,23.09516],[105.32389,23.09585],[105.32476,23.0959],[105.32431,23.09683],[105.3249,23.09726],[105.32455,23.09808],[105.325,23.09975],[105.32436,23.10025],[105.32326,23.10221],[105.32312,23.104],[105.32373,23.10786],[105.32495,23.1088],[105.32761,23.10927],[105.32863,23.11061],[105.3309,23.1118],[105.33195,23.11187],[105.33501,23.11008],[105.3375,23.10949],[105.33851,23.10738],[105.33963,23.10631],[105.33983,23.10676],[105.33951,23.10814],[105.34007,23.10917],[105.34134,23.11023],[105.34207,23.11037],[105.34236,23.11146],[105.34368,23.11216],[105.34444,23.1132],[105.34418,23.11601],[105.34462,23.11732],[105.34429,23.11815],[105.34539,23.11862],[105.34567,23.12122],[105.34678,23.12179],[105.34923,23.12034],[105.35129,23.11977],[105.35254,23.11764],[105.35407,23.11683],[105.35524,23.1168],[105.35574,23.11634],[105.35933,23.11641],[105.36118,23.11689],[105.36621,23.12012],[105.3672,23.12031],[105.36849,23.12005],[105.3697,23.12071],[105.37064,23.1208],[105.37096,23.12158],[105.37189,23.12216],[105.3726,23.12199],[105.37476,23.12285],[105.37577,23.12277],[105.37732,23.12339],[105.37762,23.12486],[105.37792,23.12447],[105.37871,23.12445],[105.37965,23.12308],[105.38073,23.12268],[105.3819,23.12132],[105.38308,23.12118],[105.38377,23.12187],[105.3838,23.12274],[105.38492,23.12357],[105.3865,23.12352],[105.38824,23.12407],[105.39288,23.12655],[105.39323,23.13326],[105.39577,23.13521],[105.39653,23.1368],[105.39811,23.13871],[105.3993,23.13923],[105.40115,23.13903],[105.40239,23.14106],[105.40435,23.1403],[105.40559,23.13935],[105.40774,23.13899]]]]}},
{"type":"Feature","id":"00817","properties":{"Ward_Code":"00817","Ward_Code_Num":817,"Ward":"Niêm Sơn","Ward_Alt":"Niêm Sơn","Ward_Upper":"NIÊM SƠN","Ward_Full":"Xã Niêm Sơn","Ward_Full_Alt":"Xã Niêm Sơn","Ward_Full_Upper_Alt":"XÃ NIÊM SƠN","Ward_Type":"Xã","Province_Code":"08","Province":"Tuyên Quang","Province_Upper_Alt":"TUYÊN QUANG"},"geometry":{"type":"MultiPolygon","coordinates":[[[[105.45123,23.06437],[105.45242,23.064],[105.45316,23.06308],[105.45749,23.062],[105.46048,23.06334],[105.46244,23.06345],[105.46513,23.0621],[105.46699,23.06055],[105.47125,23.05959],[105.47676,23.06321],[105.47753,23.06347],[105.47864,23.06326],[105.47874,23.06166],[105.48087,23.05958],[105.48129,23.05814],[105.48215,23.05725],[105.48214,23.0568],[105.48317,23.05625],[105.48303,23.05528],[105.48369,23.05405],[105.48562,23.05229],[105.48653,23.05201],[105.48675,23.05148],[105.4887,23.05151],[105.49095,23.05088],[105.4932,23.04951],[105.49413,23.0481],[105.49509,23.04773],[105.49536,23.0472],[105.4967,23.04747],[105.49838,23.04562],[105.50015,23.04589],[105.50077,23.04538],[105.50219,23.04564],[105.50307,23.04482],[105.50294,23.04303],[105.50241,23.04163],[105.50024,23.04107],[105.49762,23.03923],[105.49696,23.03771],[105.49672,23.03552],[105.49615,23.03453],[105.49462,23.0331],[105.49454,23.03002],[105.49287,23.0281],[105.49205,23.0257],[105.49211,23.02451],[105.4914,23.02276],[105.49168,23.01768],[105.49057,23.01577],[105.49019,23.01289],[105.48762,23.00899],[105.48447,23.00896],[105.48353,23.00944],[105.48206,23.00887],[105.47779,23.00814],[105.47408,23.00668],[105.47231,23.00684],[105.4691,23.00784],[105.46642,23.00675],[105.46505,23.00483],[105.46471,23.00377],[105.46281,23.00314],[105.46183,23.00315],[105.46101,23.0042],[105.4584,23.00496],[105.45365,23.00313],[105.45256,23.0023],[105.452,23.00094],[105.45014,23.00046],[105.44896,22.9991],[105.44619,22.99986],[105.44527,23.00089],[105.4437,23.00194],[105.44348,23.00342],[105.44159,23.0039],[105.43694,23.00273],[105.43486,23.00275],[105.43327,23.00233],[105.43112,23.00148],[105.43,23.00024],[105.42836,22.99917],[105.42512,22.99918],[105.42418,23.00003],[105.42252,23.00009],[105.41854,23.00215],[105.41676,22.99946],[105.41463,22.9982],[105.41429,22.99678],[105.41347,22.99576],[105.41211,22.99507],[105.40963,22.9951],[105.40779,22.99568],[105.40523,22.99574],[105.40424,22.99547],[105.40321,22.9944],[105.39976,22.99272],[105.39933,22.99188],[105.39834,22.99155],[105.3967,22.99175],[105.39581,22.99222],[105.39411,22.99218],[105.39343,22.9926],[105.39096,22.99262],[105.38972,22.9917],[105.38592,22.99013],[105.38386,22.99027],[105.38178,22.98983],[105.37897,22.99029],[105.37468,22.99028],[105.3736,22.99302],[105.37382,22.99522],[105.37274,22.99813],[105.37173,22.99984],[105.37106,23.00296],[105.37173,23.00357],[105.37341,23.00428],[105.37569,23.00604],[105.37612,23.00881],[105.37847,23.01098],[105.37876,23.01199],[105.38039,23.01273],[105.38416,23.01597],[105.38307,23.01856],[105.38207,23.01972],[105.37995,23.02098],[105.37888,23.02412],[105.37768,23.02498],[105.37783,23.02632],[105.37584,23.02837],[105.37553,23.02932],[105.37573,23.03043],[105.37154,23.03432],[105.3711,23.0354],[105.37165,23.03785],[105.37004,23.03949],[105.36916,23.03991],[105.36915,23.04038],[105.36963,23.04144],[105.37218,23.04337],[105.37338,23.04356],[105.37534,23.04488],[105.37593,23.04568],[105.37896,23.04743],[105.38259,23.05152],[105.38443,23.05254],[105.38562,23.0544],[105.38669,23.05545],[105.38682,23.05707],[105.38778,23.05858],[105.38961,23.05997],[105.39005,23.06162],[105.39279,23.06389],[105.39532,23.06187],[105.39691,23.0611],[105.40179,23.06297],[105.40412,23.06465],[105.40697,23.06585],[105.40904,23.06599],[105.41094,23.06388],[105.41108,23.06261],[105.41162,23.06216],[105.4138,23.06148],[105.41607,23.06136],[105.41638,23.06153],[105.41669,23.06268],[105.41797,23.06409],[105.41953,23.06465],[105.42317,23.06499],[105.42539,23.06607],[105.42703,23.06565],[105.42886,23.06585],[105.43174,23.06514],[105.43263,23.06568],[105.43464,23.06536],[105.43629,23.06549],[105.43685,23.06478],[105.43688,23.06418],[105.43565,23.06406],[105.43508,23.06273],[105.4362,23.06268],[105.44137,23.06433],[105.44181,23.06497],[105.44262,23.06517],[105.44462,23.06688],[105.44658,23.06774],[105.44781,23.06722],[105.44795,23.0667],[105.44969,23.06492],[105.45123,23.06437]]]]}},
{"type":"Feature","id":"00820","properties":{"Ward_Code":"00820","Ward_Code_Num":820,"Ward":"Yên Minh","Ward_Alt":"Yên Minh","Ward_Upper":"YÊN MINH","Ward_Full":"Xã Yên Minh","Ward_Full_Alt":"Xã Yên Minh","Ward_Full_Upper_Alt":"XÃ YÊN MINH","Ward_Type":"Xã","Province_Code":"08","Province":"Tuyên Quang","Province_Upper_Alt":"TUYÊN QUANG"},"geometry":{"type":"MultiPolygon","coordinates":[[[[105.04282,23.13485],[105.04285,23.13489],[105.04282,23.13486],[105.04282,23.13485]]],[[[105.21806,23.12904],[105.21656,23.12801],[105.21513,23.12756],[105.21418,23.12648],[105.21181,23.126],[105.21091,23.12515],[105.21033,23.12404],[105.20882,23.12311],[105.20967,23.12297],[105.21069,23.12224],[105.21147,23.12078],[105.21243,23.12014],[105.21309,23.11919],[105.2142,23.11894],[105.21649,23.11687],[105.21771,23.1164],[105.21779,23.11438],[105.21823,23.11359],[105.21545,23.11351],[105.21442,23.11315],[105.21266,23.11016],[105.21103,23.10915],[105.20986,23.1072],[105.20865,23.10673],[105.20762,23.10474],[105.20556,23.1021],[105.20478,23.09972],[105.20485,23.09945],[105.20596,23.09916],[105.20646,23.09842],[105.20916,23.09647],[105.2103,23.0942],[105.21464,23.08882],[105.21635,23.08435],[105.2175,23.08275],[105.21857,23.08212],[105.21923,23.08036],[105.21996,23.08011],[105.22086,23.07903],[105.21886,23.0771],[105.21825,23.07609],[105.2167,23.07485],[105.21406,23.07642],[105.21277,23.07842],[105.21097,23.07942],[105.21017,23.07958],[105.20597,23.07896],[105.20479,23.07908],[105.20387,23.07945],[105.20194,23.08103],[105.2011,23.07924],[105.20024,23.07536],[105.20017,23.0732],[105.19953,23.07262],[105.19921,23.07136],[105.19613,23.07102],[105.19584,23.0712],[105.19583,23.07202],[105.19552,23.0721],[105.19511,23.07118],[105.19387,23.07019],[105.1942,23.0714],[105.194,23.07212],[105.19357,23.07227],[105.19336,23.07179],[105.19217,23.07293],[105.19023,23.07284],[105.18952,23.07217],[105.18848,23.073],[105.1883,23.07254],[105.18788,23.07246],[105.18734,23.07329],[105.18819,23.07392],[105.18772,23.07479],[105.18642,23.07463],[105.18603,23.07526],[105.18526,23.07539],[105.1848,23.07583],[105.1849,23.07626],[105.18593,23.07602],[105.18696,23.07653],[105.18642,23.07706],[105.18656,23.0781],[105.18618,23.07837],[105.18542,23.07852],[105.18469,23.0777],[105.18411,23.07763],[105.1837,23.07826],[105.1829,23.07823],[105.18357,23.07909],[105.18017999999999,23.07904],[105.17969,23.07833],[105.17929,23.07659],[105.17884,23.07663],[105.17742,23.0779],[105.1761,23.07706],[105.1752,23.07704],[105.17454,23.07896],[105.17334,23.07861],[105.17347,23.07969],[105.17279,23.08051],[105.17326,23.08144],[105.17288,23.08206],[105.1729,23.08274],[105.17249,23.08286],[105.17257,23.08326],[105.17183,23.08355],[105.17156,23.0841],[105.17052,23.08417],[105.16936,23.08545],[105.16876,23.08476],[105.16817,23.08492],[105.16738,23.08466],[105.16678,23.08594],[105.16539,23.08669],[105.1649,23.08605],[105.16512,23.08515],[105.16359,23.08549],[105.16329,23.08492],[105.16344,23.08393],[105.16212,23.08266],[105.16028,23.08274],[105.15886,23.08211],[105.15821,23.08145],[105.15738,23.08144],[105.1571,23.08177],[105.15654,23.08178],[105.15654,23.08218],[105.15578,23.08224],[105.15552,23.08145],[105.15596,23.08002],[105.15543,23.08023],[105.15365,23.07772],[105.1529,23.0771],[105.15105,23.0768],[105.15057,23.07591],[105.14917,23.07505],[105.14802,23.07482],[105.14398,23.07145],[105.14189,23.06839],[105.13989,23.0669],[105.13894,23.0649],[105.13886,23.064],[105.1378,23.06254],[105.13801,23.06123],[105.13466,23.05783],[105.13246,23.05282],[105.13096,23.05259],[105.12928,23.05188],[105.12676,23.05161],[105.12616,23.05096],[105.12586,23.04998],[105.12318,23.04922],[105.12067,23.04955],[105.11909,23.05046],[105.11841,23.05137],[105.11595,23.04864],[105.11589,23.04821],[105.11329,23.04746],[105.11237,23.04681],[105.11135,23.04755],[105.10881,23.05051],[105.10542,23.05183],[105.10212,23.0543],[105.10029,23.05406],[105.09925,23.0545],[105.09846,23.0567],[105.10007,23.05836],[105.09979,23.05964],[105.10039,23.06078],[105.10154,23.06188],[105.10214,23.06331],[105.10293,23.06353],[105.10207,23.0636],[105.10087,23.06451],[105.09924,23.0639],[105.09784,23.06444],[105.096,23.06404],[105.09549,23.06559],[105.09495,23.06614],[105.09436,23.06899],[105.09353,23.07011],[105.09212,23.07016],[105.09096,23.06942],[105.09008,23.06944],[105.08894,23.07188],[105.08704,23.07124],[105.0851,23.07115],[105.08377,23.07325],[105.08297,23.07639],[105.08326,23.07742],[105.08403,23.07835],[105.08602,23.07933],[105.08638,23.07999],[105.08722,23.08039],[105.08701,23.08142],[105.08726,23.08304],[105.08657,23.08401],[105.08689,23.08478],[105.08608,23.08545],[105.08674,23.08661],[105.08674,23.08778],[105.08715,23.08877],[105.08678,23.09002],[105.08752,23.09096],[105.0869,23.09254],[105.0868,23.09387],[105.08415,23.09437],[105.08313,23.09604],[105.08095,23.09749],[105.08032,23.09863],[105.07954,23.09901],[105.07872,23.10024],[105.07703,23.10031],[105.07681,23.10136],[105.07638,23.10173],[105.07354,23.10111],[105.07326,23.09969],[105.07261,23.09889],[105.07189,23.09896],[105.07082,23.10001],[105.06957,23.09985],[105.0684,23.10174],[105.07001,23.10436],[105.06999,23.1048],[105.06944,23.10529],[105.06635,23.10618],[105.06481,23.1074],[105.06518,23.11014],[105.06602,23.11236],[105.06556,23.11385],[105.06415,23.11457],[105.06362,23.11533],[105.0618,23.11602],[105.05956,23.11756],[105.05714,23.11814],[105.05628,23.1198],[105.05652,23.12106],[105.05344,23.12186],[105.04972,23.1222],[105.04851,23.1228],[105.04751,23.12515],[105.04805,23.12678],[105.04953,23.12789],[105.04975,23.12872],[105.05037,23.1293],[105.05058,23.12989],[105.05034,23.13036],[105.04773,23.13089],[105.04711,23.13195],[105.04471,23.13328],[105.04316,23.13376],[105.04196,23.13369],[105.04304,23.13508],[105.04339,23.13632],[105.04294,23.13892],[105.04342,23.14149],[105.04299,23.14274],[105.04382,23.1444],[105.04529,23.14614],[105.04519,23.14797],[105.04617,23.15022],[105.04552,23.15096],[105.04537,23.15202],[105.04367,23.15318],[105.04242,23.15517],[105.04207,23.15731],[105.0429,23.15872],[105.04321,23.15831],[105.04442,23.15802],[105.04447,23.15712],[105.04568,23.15659],[105.04632,23.15561],[105.04677,23.155639999999998],[105.047,23.15656],[105.04793,23.15671],[105.0484,23.15626],[105.04886,23.15493],[105.05028,23.15592],[105.0506,23.15572],[105.05065,23.15493],[105.05113,23.15465],[105.05264,23.15543],[105.05253,23.1545],[105.05295,23.15374],[105.05408,23.15416],[105.05588,23.15353],[105.0573,23.1539],[105.05815,23.15365],[105.05925,23.15272],[105.05866,23.15188],[105.05964,23.15085],[105.05967,23.14968],[105.06029,23.15037],[105.0608,23.14979],[105.06127,23.15004],[105.06179,23.14983],[105.06183,23.15076],[105.06271,23.15115],[105.06309,23.15081],[105.06346,23.15115],[105.06436,23.15077],[105.06434,23.15035],[105.06523,23.14928],[105.06735,23.14924],[105.06746,23.14807],[105.06819,23.14872],[105.06881,23.14861],[105.06911,23.1469],[105.06959,23.14755],[105.07028,23.14722],[105.07074,23.14803],[105.0714,23.1474],[105.072,23.1477],[105.07296,23.14627],[105.07219,23.14549],[105.07209,23.14429],[105.07282,23.14481],[105.07333,23.14432],[105.07378,23.14524],[105.07473,23.14553],[105.07426,23.14397],[105.07467,23.14376],[105.07453,23.14233],[105.07535,23.1428],[105.07615,23.1423],[105.0763,23.14015],[105.07708,23.13914],[105.07784,23.13989],[105.079,23.14],[105.07891,23.13849],[105.08042,23.13842],[105.0808,23.1376],[105.08065,23.13699],[105.08163,23.13614],[105.08379,23.13613],[105.08574,23.13658],[105.08677,23.13709],[105.08621,23.14097],[105.0874,23.14309],[105.0874,23.14423],[105.08806,23.14635],[105.08966,23.14757],[105.08965,23.14812],[105.08902,23.14888],[105.08931,23.14958],[105.08886,23.15051],[105.09155,23.15187],[105.09313,23.15416],[105.0935,23.15539],[105.09304,23.15786],[105.0938,23.15887],[105.09445,23.16117],[105.09401,23.16241],[105.09438,23.1634],[105.09413,23.16419],[105.09493,23.16479],[105.09542,23.16571],[105.09544,23.16671],[105.09679,23.16901],[105.09625,23.16957],[105.09719,23.17002],[105.09661,23.17056],[105.09771,23.17148],[105.09704,23.1716],[105.09656,23.17282],[105.09831,23.17329],[105.09938,23.17259],[105.0993,23.17124],[105.10096,23.17216],[105.10138,23.1718],[105.10122,23.17089],[105.10158,23.17073],[105.10199,23.17104],[105.10216,23.17174],[105.10257,23.17167],[105.10193,23.1695],[105.10227,23.16929],[105.10369,23.16949],[105.10375,23.16855],[105.10468,23.16708],[105.10452,23.16654],[105.09962,23.1634],[105.10021,23.16302],[105.10092,23.1615],[105.10474,23.16121],[105.10532,23.16228],[105.10612,23.16181],[105.10728,23.16166],[105.10766,23.16266],[105.10732,23.16311],[105.10844,23.16334],[105.10872,23.16296],[105.10866,23.16215],[105.10946,23.16197],[105.10937,23.16151],[105.11038,23.16167],[105.10993,23.15995],[105.1117,23.16079],[105.11189,23.15908],[105.1134,23.15978],[105.114,23.15938],[105.11404,23.15881],[105.11447,23.15866],[105.11486,23.15899],[105.11657,23.15833],[105.11668,23.15794],[105.11626,23.15794],[105.11535,23.15663],[105.11575,23.15574],[105.11529,23.15498],[105.11594,23.1542],[105.11758,23.15366],[105.11957,23.15406],[105.12113,23.15323],[105.12288,23.15178],[105.12372,23.15162],[105.12365,23.15061],[105.12474,23.14728],[105.1245,23.14545],[105.12576,23.14251],[105.1255,23.14166],[105.12564,23.1404],[105.12657,23.13912],[105.12642,23.13841],[105.12815,23.13666],[105.12946,23.13626],[105.13235,23.13279],[105.13455,23.13277],[105.13537,23.13235],[105.13737,23.13247],[105.13862,23.13345],[105.13935,23.13455],[105.14082,23.13502],[105.14179,23.13464],[105.14235,23.13475],[105.14396,23.13383],[105.14471,23.13402],[105.14629,23.13355],[105.14749,23.1339],[105.14848,23.13507],[105.14934,23.1345],[105.15035,23.13482],[105.15076,23.13413],[105.15169,23.13358],[105.15249,23.13373],[105.15307,23.13456],[105.15382,23.13443],[105.15484,23.13518],[105.15614,23.1341],[105.157,23.13427],[105.1589,23.1364],[105.15979,23.1371],[105.16082,23.13738],[105.16187,23.13912],[105.16195,23.14046],[105.1644,23.13964],[105.16539,23.13963],[105.16845,23.14155],[105.16764,23.14185],[105.16488,23.14167],[105.16444,23.14198],[105.16255,23.14516],[105.16225,23.14622],[105.16225,23.14901],[105.16059,23.14932],[105.15817,23.15152],[105.15811,23.15217],[105.15766,23.15258],[105.1564,23.1529],[105.15548,23.15209],[105.1548,23.15345],[105.15435,23.1558],[105.15444,23.15701],[105.15319,23.15786],[105.15087,23.1608],[105.15092,23.16235],[105.14995,23.16458],[105.15056,23.16857],[105.14891,23.16936],[105.14686,23.17286],[105.14671,23.17398],[105.14622,23.17465],[105.14679,23.17744],[105.14503,23.17998],[105.14552,23.1839],[105.14428,23.18492],[105.14514,23.18631],[105.14502,23.18813],[105.14455,23.18931],[105.14351,23.18999],[105.14372,23.19073],[105.14269,23.19107],[105.14119,23.19215],[105.14171,23.19278],[105.14471,23.19358],[105.14491,23.19586],[105.14512,23.19589],[105.14694,23.19523],[105.14946,23.19515],[105.15284,23.19027],[105.15351,23.19021],[105.15466,23.18858],[105.15669,23.18706],[105.15878,23.18423],[105.16033,23.18349],[105.16189,23.18185],[105.16444,23.18095],[105.16493,23.17951],[105.1684,23.17862],[105.16824,23.17795],[105.1671,23.17738],[105.16749,23.17542],[105.17024,23.17569],[105.17233,23.17525],[105.17231,23.17402],[105.17056,23.17226],[105.16933,23.17185],[105.1687,23.16946],[105.17029,23.16745],[105.17006,23.16687],[105.17038,23.16601],[105.1714,23.16538],[105.17169,23.16419],[105.17307,23.1632],[105.17316,23.16189],[105.17442,23.15939],[105.17396,23.15794],[105.17456,23.15696],[105.17628,23.158],[105.17754,23.15792],[105.17897,23.15839],[105.1796,23.15926],[105.17973,23.16065],[105.18093,23.16079],[105.18231,23.16203],[105.18422,23.16296],[105.18576,23.16472],[105.19008,23.16651],[105.19409,23.16898],[105.19725,23.17047],[105.20283,23.17226],[105.20789,23.17242],[105.21058,23.17218],[105.21117,23.17262],[105.21383,23.17136],[105.21715,23.17037],[105.21756,23.17098],[105.22035,23.17013],[105.22232,23.17092],[105.2244,23.16984],[105.22578,23.17113],[105.2277,23.17108],[105.22814,23.17048],[105.22895,23.17133],[105.23091,23.17251],[105.23123,23.17238],[105.23158,23.17173],[105.23133,23.16988],[105.23235,23.16894],[105.23365,23.16855],[105.2331,23.1661],[105.2357,23.16255],[105.2358,23.16155],[105.23483,23.16077],[105.2341,23.15853],[105.23524,23.15595],[105.23434,23.15467],[105.23194,23.15447],[105.22986,23.15291],[105.22697,23.15246],[105.22613,23.15151],[105.22567,23.15022],[105.22659,23.14972],[105.2309,23.14588],[105.23294,23.14474],[105.2298,23.14419],[105.22557,23.14539],[105.22542,23.14128],[105.22223,23.13863],[105.21233,23.14286],[105.20891,23.14165],[105.20753,23.13516],[105.21862,23.12954],[105.21806,23.12904]]]]}},
{"type":"Feature","id":"00829","properties":{"Ward_Code":"00829","Ward_Code_Num":829,"Ward":"Thắng Mố","Ward_Alt":"Thắng Mố","Ward_Upper":"THẮNG MỐ","Ward_Full":"Xã Thắng Mố","Ward_Full_Alt":"Xã Thắng Mố","Ward_Full_Upper_Alt":"XÃ THẮNG MỐ","Ward_Type":"Xã","Province_Code":"08","Province":"Tuyên Quang","Province_Upper_Alt":"TUYÊN QUANG"},"geometry":{"type":"MultiPolygon","coordinates":[[[[105.12283,23.24631],[105.12361,23.245],[105.12461,23.24416],[105.12454,23.24159],[105.12549,23.24047],[105.12735,23.24035],[105.12792,23.23843],[105.12805,23.23583],[105.12906,23.23496],[105.12952,23.23351],[105.12925,23.23229],[105.12985,23.23124],[105.13038,23.23115],[105.13097,23.23048],[105.13228,23.22689],[105.13229,23.22614],[105.13424,23.22367],[105.13545,23.22333],[105.13661,23.22544],[105.13866,23.22631],[105.1403,23.22567],[105.14129,23.22312],[105.14316,23.22271],[105.14344,23.2216],[105.14438,23.22105],[105.14423,23.2202],[105.14488,23.21607],[105.14408,23.21377],[105.14484,23.21248],[105.14414,23.21118],[105.14205,23.21051],[105.13982,23.2074],[105.14055,23.20601],[105.14178,23.2054],[105.14148,23.20197],[105.14248,23.20074],[105.14315,23.20062],[105.14351,23.20014],[105.14406,23.19717],[105.14491,23.19586],[105.14471,23.19358],[105.14171,23.19278],[105.14119,23.19215],[105.14269,23.19107],[105.14372,23.19073],[105.14351,23.18999],[105.14455,23.18931],[105.14502,23.18813],[105.14514,23.18631],[105.14428,23.18492],[105.14552,23.1839],[105.14509,23.1798],[105.14679,23.17744],[105.14622,23.17465],[105.14671,23.17398],[105.14686,23.17286],[105.14863,23.17023],[105.14888,23.1694],[105.15055,23.1686],[105.14995,23.16458],[105.15092,23.16235],[105.15087,23.1608],[105.15319,23.15786],[105.15444,23.15701],[105.15435,23.1558],[105.1548,23.15345],[105.15539,23.1522],[105.15566,23.15209],[105.1564,23.1529],[105.15766,23.15258],[105.15811,23.15217],[105.15817,23.15152],[105.16059,23.14932],[105.16225,23.14901],[105.16225,23.14622],[105.16255,23.14516],[105.16311,23.14384],[105.16459,23.14182],[105.16764,23.14185],[105.16845,23.14155],[105.16539,23.13963],[105.1644,23.13964],[105.16195,23.14046],[105.16187,23.13912],[105.16082,23.13738],[105.15979,23.1371],[105.1589,23.1364],[105.157,23.13427],[105.15614,23.1341],[105.15484,23.13518],[105.15382,23.13443],[105.15307,23.13456],[105.15249,23.13373],[105.15169,23.13358],[105.15076,23.13413],[105.15035,23.13482],[105.14934,23.1345],[105.14848,23.13507],[105.14749,23.1339],[105.14629,23.13355],[105.14471,23.13402],[105.14396,23.13383],[105.14235,23.13475],[105.14179,23.13464],[105.14082,23.13502],[105.13935,23.13455],[105.13862,23.13345],[105.13737,23.13247],[105.13537,23.13235],[105.13455,23.13277],[105.13235,23.13279],[105.12946,23.13626],[105.12815,23.13666],[105.12642,23.13841],[105.12657,23.13912],[105.12564,23.1404],[105.1255,23.14166],[105.12576,23.14251],[105.1245,23.14545],[105.12474,23.14728],[105.12365,23.15061],[105.12372,23.15162],[105.12288,23.15178],[105.12113,23.15323],[105.11957,23.15406],[105.11758,23.15366],[105.11594,23.1542],[105.11529,23.15498],[105.11575,23.15574],[105.11535,23.15663],[105.11626,23.15794],[105.11668,23.15794],[105.11657,23.15833],[105.11486,23.15899],[105.11447,23.15866],[105.11404,23.15881],[105.114,23.15938],[105.1134,23.15978],[105.11189,23.15908],[105.1117,23.16079],[105.10993,23.15995],[105.11038,23.16167],[105.10937,23.16151],[105.10946,23.16197],[105.10866,23.16215],[105.10851,23.16332],[105.1079,23.16342],[105.10732,23.16311],[105.10766,23.16266],[105.10728,23.16166],[105.10612,23.16181],[105.10532,23.16228],[105.10474,23.16121],[105.10258,23.16148],[105.10114,23.1613],[105.10021,23.16302],[105.09963,23.16332],[105.10473,23.16679],[105.10375,23.16855],[105.10369,23.16949],[105.10227,23.16929],[105.10193,23.1695],[105.10257,23.17167],[105.10216,23.17174],[105.10199,23.17104],[105.10158,23.17073],[105.10122,23.17089],[105.10138,23.1718],[105.10096,23.17216],[105.0993,23.17124],[105.09912,23.17146],[105.09945,23.17235],[105.09915,23.17289],[105.09805,23.17333],[105.0967,23.17302],[105.09605,23.17394],[105.09545,23.17424],[105.09574,23.17513],[105.09651,23.175],[105.09717,23.17596],[105.09749,23.17706],[105.09727,23.17799],[105.09769,23.17847],[105.09832,23.18075],[105.09889,23.18126],[105.09863,23.18201],[105.09755,23.18279],[105.09704,23.18468],[105.09706,23.18582],[105.09619,23.18737],[105.09529,23.18753],[105.09436,23.18825],[105.09202,23.18722],[105.09044,23.187],[105.08996,23.18793],[105.08942,23.18804],[105.08796,23.18676],[105.08597,23.18652],[105.08487,23.18752],[105.08291,23.19035],[105.08166,23.19119],[105.08156,23.1936],[105.081,23.19569],[105.08024,23.19691],[105.07868,23.1974],[105.07764,23.19708],[105.07677,23.19802],[105.07576,23.19812],[105.07477,23.19779],[105.07291,23.19836],[105.07064,23.19815],[105.06799,23.19919],[105.06683,23.19924],[105.06598,23.19978],[105.06426,23.19993],[105.0606,23.20255],[105.05868,23.20345],[105.0607,23.20633],[105.06058,23.20712],[105.06159,23.20886],[105.06177,23.21019],[105.06237,23.21092],[105.06367,23.21072],[105.06443,23.21143],[105.06474,23.2147],[105.06607,23.21631],[105.06742,23.21731],[105.0685,23.22104],[105.07016,23.22109],[105.07661,23.22579],[105.07963,23.22649],[105.08238,23.22845],[105.08246,23.22964],[105.08317,23.23083],[105.08325,23.23305],[105.08386,23.23361],[105.08397,23.23472],[105.08452,23.23561],[105.08533,23.23604],[105.08576,23.23929],[105.08746,23.24075],[105.08937,23.24095],[105.08998,23.24339],[105.09412,23.24553],[105.09532,23.2471],[105.0962,23.24711],[105.0969,23.24763],[105.09834,23.24799],[105.09942,23.24747],[105.10048,23.24784],[105.1027,23.24792],[105.10432,23.24876],[105.10601,23.24831],[105.10633,23.2467],[105.10752,23.24558],[105.10889,23.24654],[105.11088,23.24646],[105.11134,23.24618],[105.11238,23.24727],[105.11259,23.24831],[105.11464,23.24914],[105.11523,23.24988],[105.11722,23.24993],[105.1194,23.25055],[105.12051,23.2488],[105.12257,23.24807],[105.12277,23.247],[105.12246,23.24645],[105.12283,23.24631]]]]}},
{"type":"Feature","id":"00832","properties":{"Ward_Code":"00832","Ward_Code_Num":832,"Ward":"Bạch Đích","Ward_Alt":"Bạch Đích","Ward_Upper":"BẠCH ĐÍCH","Ward_Full":"Xã Bạch Đích","Ward_Full_Alt":"Xã Bạch Đích","Ward_Full_Upper_Alt":"XÃ BẠCH ĐÍCH","Ward_Type":"Xã","Province_Code":"08","Province":"Tuyên Quang","Province_Upper_Alt":"TUYÊN QUANG"},"geometry":{"type":"MultiPolygon","coordinates":[[[[105.04247,23.13448],[105.04196,23.13369],[105.03878,23.13423],[105.03851,23.13492],[105.03669,23.13583],[105.03651,23.13634],[105.03484,23.13776],[105.03303,23.13825],[105.03164,23.13919],[105.02711,23.14405],[105.02602,23.14414],[105.02469,23.14516],[105.02428,23.14771],[105.0244,23.14996],[105.02368,23.15166],[105.02266,23.15281],[105.02299,23.15534],[105.01899,23.15624],[105.01572,23.15866],[105.01532,23.15919],[105.01496,23.16125],[105.01315,23.16276],[105.01126,23.16301],[105.00939,23.16162],[105.00849,23.16159],[105.00802,23.16282],[105.00845,23.16412],[105.00852,23.16569],[105.00802,23.16648],[105.00666,23.16739],[105.00626,23.16928],[105.00588,23.16968],[105.00454,23.17043],[105.00228,23.17083],[105.00143,23.17147],[104.9982,23.17253],[104.99602,23.17209],[104.99409,23.17225],[104.9929,23.17317],[104.99119,23.17345],[104.98955,23.17471],[104.98679,23.17538],[104.98615,23.17663],[104.98418,23.17715],[104.98374,23.17764],[104.98404,23.17909],[104.98288,23.18174],[104.9828,23.1836],[104.9818,23.18543],[104.98086,23.18616],[104.97901,23.18681],[104.97698,23.18636],[104.9763,23.18657],[104.97579,23.18764],[104.97638,23.18901],[104.97621,23.18928],[104.97424,23.18966],[104.97083,23.18893],[104.9673,23.1895],[104.96632,23.1892],[104.96493,23.18997],[104.96385,23.19105],[104.96003,23.19133],[104.95933,23.19259],[104.95845,23.19304],[104.95934,23.19393],[104.95947,23.19535],[104.96087,23.19665],[104.9623,23.19887],[104.96249,23.20009],[104.96651,23.19953],[104.96746,23.20018],[104.96895,23.20207],[104.97084,23.20302],[104.9731,23.20341],[104.97426,23.20457],[104.97646,23.20403],[104.97804,23.20465],[104.97942,23.20562],[104.98178,23.20367],[104.98337,23.20431],[104.98477,23.20257],[104.98724,23.20081],[104.98964,23.20223],[104.99742,23.20302],[104.99722,23.20458],[104.99759,23.20545],[104.99752,23.20635],[104.99888,23.20831],[104.9985,23.21096],[104.99929,23.21362],[105.00465,23.21719],[105.00542,23.217],[105.00662,23.21726],[105.00956,23.21599],[105.01555,23.21678],[105.01834,23.21766],[105.01943,23.21746],[105.02028,23.21792],[105.02143,23.21805],[105.02213,23.21878],[105.02463,23.21892],[105.02591,23.22055],[105.0273,23.22082],[105.02797,23.22163],[105.02833,23.22446],[105.0288,23.22561],[105.03132,23.22795],[105.03316,23.22903],[105.03388,23.23049],[105.03539,23.23227],[105.03801,23.23302],[105.04127,23.23336],[105.04342,23.23593],[105.04559,23.23941],[105.04714,23.24005],[105.04675,23.24095],[105.0468,23.24352],[105.04752,23.24395],[105.04862,23.24389],[105.05002,23.24463],[105.05041,23.24537],[105.05028,23.24652],[105.05068,23.24755],[105.05313,23.2488],[105.05456,23.24913],[105.05517999999999,23.24904],[105.0568,23.24776],[105.05796,23.24852],[105.05885,23.25011],[105.05878,23.25336],[105.05918,23.25455],[105.06187,23.25598],[105.06371,23.25526],[105.06501,23.25565],[105.06601,23.25732],[105.07,23.25776],[105.07099,23.26039],[105.07165,23.2612],[105.07509,23.26174],[105.07566,23.26351],[105.0765,23.26424],[105.0768,23.26497],[105.08024,23.2665],[105.08298,23.26689],[105.08341,23.26612],[105.08455,23.26539],[105.08635,23.26516],[105.08802,23.26315],[105.09156,23.26403],[105.09324,23.26274],[105.09294,23.26124],[105.09362,23.26162],[105.09524,23.26141],[105.09639,23.26066],[105.09814,23.25777],[105.09872,23.25792],[105.09981,23.25741],[105.10186,23.25709],[105.10212,23.25561],[105.1014,23.25503],[105.10201,23.25325],[105.10192,23.25248],[105.10041,23.25138],[105.09984,23.25043],[105.0981,23.24991],[105.09834,23.24799],[105.0969,23.24763],[105.0962,23.24711],[105.09532,23.2471],[105.09412,23.24553],[105.08998,23.24339],[105.08937,23.24095],[105.08746,23.24075],[105.08576,23.23929],[105.08533,23.23604],[105.08452,23.23561],[105.08397,23.23472],[105.08386,23.23361],[105.08325,23.23305],[105.08317,23.23083],[105.08246,23.22964],[105.08238,23.22845],[105.07963,23.22649],[105.07661,23.22579],[105.07016,23.22109],[105.0685,23.22104],[105.06742,23.21731],[105.06607,23.21631],[105.06474,23.2147],[105.06443,23.21143],[105.06367,23.21072],[105.06237,23.21092],[105.06177,23.21019],[105.06159,23.20886],[105.06058,23.20712],[105.0607,23.20633],[105.05868,23.20345],[105.0606,23.20255],[105.06426,23.19993],[105.06598,23.19978],[105.06683,23.19924],[105.06799,23.19919],[105.07064,23.19815],[105.07291,23.19836],[105.07477,23.19779],[105.07576,23.19812],[105.07677,23.19802],[105.07764,23.19708],[105.07868,23.1974],[105.08024,23.19691],[105.081,23.19569],[105.08156,23.1936],[105.08166,23.19119],[105.08291,23.19035],[105.08487,23.18752],[105.08597,23.18652],[105.08796,23.18676],[105.08942,23.18804],[105.08996,23.18793],[105.09044,23.187],[105.09202,23.18722],[105.09436,23.18825],[105.09529,23.18753],[105.09613,23.18742],[105.09689,23.18628],[105.09755,23.18279],[105.09863,23.18201],[105.09889,23.18126],[105.09832,23.18075],[105.09769,23.17847],[105.09727,23.17799],[105.09749,23.17706],[105.09717,23.17596],[105.09651,23.175],[105.09574,23.17513],[105.09544,23.17439],[105.0968,23.17301],[105.09655,23.17278],[105.09697,23.17227],[105.097,23.17165],[105.09771,23.17148],[105.09661,23.17056],[105.09719,23.17002],[105.09625,23.16957],[105.09679,23.16901],[105.09544,23.16671],[105.09542,23.16571],[105.09493,23.16479],[105.09413,23.16419],[105.09438,23.1634],[105.09401,23.16241],[105.09445,23.16117],[105.0938,23.15887],[105.09304,23.15786],[105.0935,23.15539],[105.09313,23.15416],[105.09155,23.15187],[105.08886,23.15051],[105.08931,23.14958],[105.08902,23.14888],[105.08965,23.14812],[105.08966,23.14757],[105.08806,23.14635],[105.0874,23.14423],[105.0874,23.14309],[105.08621,23.14097],[105.08677,23.13709],[105.08427,23.13621],[105.08163,23.13614],[105.08065,23.13699],[105.0808,23.1376],[105.08042,23.13842],[105.07891,23.13849],[105.07908,23.13994],[105.07791,23.13992],[105.07708,23.13914],[105.0763,23.14015],[105.07615,23.1423],[105.07525,23.1428],[105.07457,23.14227],[105.07467,23.14376],[105.07426,23.14397],[105.07473,23.14553],[105.07378,23.14524],[105.07333,23.14432],[105.07282,23.14481],[105.07209,23.14429],[105.07219,23.14549],[105.07296,23.14627],[105.072,23.1477],[105.0714,23.1474],[105.07074,23.14803],[105.07028,23.14722],[105.06959,23.14755],[105.06911,23.1469],[105.06881,23.14861],[105.06819,23.14872],[105.06746,23.14807],[105.06735,23.14924],[105.06523,23.14928],[105.06434,23.15035],[105.06436,23.15077],[105.06346,23.15115],[105.06309,23.15081],[105.06271,23.15115],[105.06183,23.15076],[105.06179,23.14983],[105.06127,23.15004],[105.0608,23.14979],[105.06029,23.15037],[105.05967,23.14968],[105.05964,23.15085],[105.05866,23.15188],[105.05925,23.15272],[105.05815,23.15365],[105.0573,23.1539],[105.05588,23.15353],[105.05408,23.15416],[105.05295,23.15374],[105.05253,23.1545],[105.05264,23.15543],[105.05113,23.15465],[105.05065,23.15493],[105.0506,23.15572],[105.05028,23.15592],[105.04886,23.15493],[105.0484,23.15626],[105.04793,23.15671],[105.047,23.15656],[105.04677,23.155639999999998],[105.04632,23.15561],[105.04568,23.15659],[105.04447,23.15712],[105.04442,23.15802],[105.04321,23.15831],[105.04282,23.15873],[105.04204,23.15707],[105.04242,23.15517],[105.04367,23.15318],[105.04537,23.15202],[105.04552,23.15096],[105.04617,23.15022],[105.04519,23.14797],[105.04529,23.14614],[105.04382,23.1444],[105.04298,23.1427],[105.04342,23.14149],[105.04294,23.13892],[105.04339,23.13632],[105.04304,23.13508],[105.04247,23.13448]],[[105.04285,23.13489],[105.04282,23.13485],[105.04282,23.13486],[105.04285,23.13489]]]]}},
{"type":"Feature","id":"00847","properties":{"Ward_Code":"00847","Ward_Code_Num":847,"Ward":"Mậu Duệ","Ward_Alt":"Mậu Duệ","Ward_Upper":"MẬU DUỆ","Ward_Full":"Xã Mậu Duệ","Ward_Full_Alt":"Xã Mậu Duệ","Ward_Full_Upper_Alt":"XÃ MẬU DUỆ","Ward_Type":"Xã","Province_Code":"08","Province":"Tuyên Quang","Province_Upper_Alt":"TUYÊN QUANG"},"geometry":{"type":"MultiPolygon","coordinates":[[[[105.30388,23.11208],[105.30391,23.10893],[105.30456,23.10789],[105.30606,23.10647],[105.30748,23.10598],[105.30939,23.10402],[105.30955,23.09975],[105.31353,23.10104],[105.31533,23.10098],[105.3164,23.10035],[105.31747,23.1007],[105.31914,23.10038],[105.32148,23.10072],[105.3222,23.10147],[105.32221,23.10418],[105.32278,23.10513],[105.3227,23.1061],[105.32334,23.10793],[105.32468,23.10876],[105.32365,23.10773],[105.32312,23.104],[105.32334,23.10193],[105.32436,23.10025],[105.325,23.09975],[105.32455,23.09808],[105.3249,23.09726],[105.32431,23.09683],[105.32476,23.0959],[105.32389,23.09585],[105.32429,23.09516],[105.3243,23.09401],[105.32469,23.09352],[105.32401,23.09311],[105.32393,23.09245],[105.3244,23.09214],[105.32462,23.09071],[105.32379,23.09013],[105.32408,23.08954],[105.32386,23.08923],[105.32458,23.08848],[105.32416,23.08742],[105.32458,23.08678],[105.3238,23.08653],[105.32472,23.08586],[105.32565,23.08584],[105.32549,23.0848],[105.32605,23.08409],[105.32647,23.08423],[105.32651,23.08472],[105.32704,23.08484],[105.3276,23.08353],[105.32833,23.08351],[105.32824,23.08298],[105.32888,23.08234],[105.3287,23.08153],[105.32906,23.08163],[105.32974,23.08118],[105.32968,23.07964],[105.32999,23.07924],[105.32958,23.07846],[105.32998,23.07781],[105.3306,23.07768],[105.33063,23.07713],[105.33172,23.07603],[105.33106,23.07524],[105.3306,23.07546],[105.33054,23.07497],[105.3301,23.07463],[105.33042,23.07403],[105.33211,23.07456],[105.33205,23.07277],[105.33236,23.07198],[105.33188,23.07162],[105.33175,23.07099],[105.33238,23.0707],[105.33177,23.07004],[105.33229,23.06955],[105.33213,23.06907],[105.3324,23.06874],[105.33157,23.0677],[105.33221,23.06718],[105.33044,23.06665],[105.33081,23.06543],[105.32999,23.06397],[105.33198,23.06353],[105.33192,23.06299],[105.331,23.06304],[105.33047,23.06228],[105.33097,23.06164],[105.33106,23.06082],[105.33183,23.06],[105.33073,23.05886],[105.33082,23.05742],[105.32883,23.05606],[105.3309,23.0556],[105.33139,23.05645],[105.33193,23.05665],[105.33185,23.05612],[105.33246,23.05584],[105.33266,23.05532],[105.33191,23.05507],[105.33208,23.05429],[105.33177,23.05353],[105.33298,23.05267],[105.33405,23.05301],[105.33461,23.05284],[105.33488,23.05311],[105.33524,23.05266],[105.33607,23.05303],[105.33624,23.05214],[105.33552,23.05123],[105.3359,23.05064],[105.33518,23.04983],[105.33622,23.05006],[105.33611,23.04915],[105.33715,23.04946],[105.33637,23.05119],[105.33655,23.05149],[105.33799,23.0506],[105.33841,23.04967],[105.33953,23.04995],[105.33977,23.04866],[105.34049,23.04789],[105.34,23.0468],[105.34047,23.04597],[105.33998,23.04591],[105.339,23.04651],[105.339,23.04511],[105.33733,23.04427],[105.33678,23.04367],[105.3364,23.04423],[105.33676,23.04528],[105.33657,23.04573],[105.33552,23.04636],[105.33417,23.04666],[105.33345,23.04745],[105.33151,23.04821],[105.33118,23.0468],[105.32916,23.04397],[105.32682,23.04302],[105.3266,23.04229],[105.32758,23.04078],[105.32725,23.03985],[105.32668,23.03888],[105.32428,23.03688],[105.32392,23.03516],[105.32288,23.03422],[105.32239,23.0331],[105.32176,23.0328],[105.31973,23.03274],[105.31839,23.03111],[105.31659,23.02972],[105.31735,23.02798],[105.31658,23.02506],[105.31378,23.02294],[105.31212,23.02319],[105.31144,23.02299],[105.31107,23.02263],[105.31136,23.02167],[105.31098,23.02112],[105.30939,23.02082],[105.30832,23.01975],[105.30761,23.01956],[105.30751,23.01852],[105.30624,23.01512],[105.30463,23.01424],[105.30332,23.01279],[105.30301,23.01112],[105.2996,23.00789],[105.2969,23.00606],[105.29506,23.00559],[105.29505,23.00674],[105.29601,23.00699],[105.2966,23.00755],[105.29647,23.0087],[105.29511,23.00952],[105.29067,23.01097],[105.28966,23.01086],[105.28795,23.01263],[105.2879,23.01397],[105.28669,23.01456],[105.28544,23.01451],[105.28463,23.01507],[105.28389,23.01828],[105.28393,23.0202],[105.28494,23.02228],[105.28502,23.02354],[105.28549,23.02456],[105.28469,23.02553],[105.28374,23.02601],[105.28146,23.02615],[105.28058,23.02658],[105.27431,23.02547],[105.27179,23.02551],[105.27036,23.02708],[105.26852,23.02828],[105.26688,23.02797],[105.26408,23.02941],[105.26,23.02937],[105.2586,23.02993],[105.25612,23.02949],[105.25452,23.02672],[105.25054,23.02296],[105.24633,23.02038],[105.24523,23.01856],[105.24229,23.01758],[105.23775,23.01492],[105.23654,23.01478],[105.23498,23.01358],[105.23269,23.01306],[105.23102,23.01228],[105.22851,23.01247],[105.22752,23.01338],[105.22687,23.01353],[105.22492,23.01139],[105.22392,23.01076],[105.22307,23.01074],[105.21972,23.01166],[105.21743,23.01356],[105.21286,23.01628],[105.20581,23.01745],[105.20284,23.01968],[105.20046,23.01822],[105.19894,23.01793],[105.19892,23.01706],[105.19832,23.01614],[105.19246,23.0143],[105.1916,23.01387],[105.19061,23.0127],[105.18729,23.01167],[105.18793,23.01066],[105.18814,23.00889],[105.18519,23.00782],[105.18414,23.00966],[105.18376,23.0112],[105.18376,23.01221],[105.18447,23.01324],[105.18452,23.01437],[105.18344,23.016],[105.18168,23.01702],[105.18095,23.01915],[105.18138,23.01978],[105.17915,23.01999],[105.1766,23.02131],[105.17371,23.0195],[105.17205,23.02153],[105.1718,23.02265],[105.1688,23.0199],[105.16579,23.01991],[105.16506,23.02062],[105.16465,23.02332],[105.16264,23.02385],[105.16163,23.02344],[105.16,23.0201],[105.15774,23.01937],[105.15585,23.01956],[105.15388,23.02036],[105.154,23.02232],[105.15338,23.02318],[105.14953,23.02394],[105.14706,23.02633],[105.14517,23.02753],[105.14403,23.02872],[105.14365,23.030639999999998],[105.14184,23.02968],[105.13882,23.0313],[105.136,23.03136],[105.1344,23.0307],[105.13335,23.02975],[105.13295,23.02816],[105.13308,23.02722],[105.13088,23.02981],[105.13086,23.03112],[105.13044,23.03185],[105.12777,23.03329],[105.12515,23.03353],[105.12382,23.03256],[105.1206,23.03391],[105.11852,23.03354],[105.11755,23.03387],[105.11644,23.0338],[105.11471,23.03449],[105.11406,23.03402],[105.11362,23.03315],[105.1114,23.03284],[105.10931,23.03083],[105.10698,23.03178],[105.10747,23.03307],[105.10597,23.03406],[105.10467,23.03432],[105.10154,23.03628],[105.10273,23.03813],[105.10442,23.03851],[105.10567,23.03923],[105.10553,23.04051],[105.10606,23.04125],[105.10526,23.0431],[105.10606,23.04432],[105.10712,23.0451],[105.1095,23.04546],[105.11329,23.04746],[105.11589,23.04821],[105.11595,23.04864],[105.11841,23.05137],[105.11909,23.05046],[105.12067,23.04955],[105.12318,23.04922],[105.12586,23.04998],[105.12616,23.05096],[105.12676,23.05161],[105.12928,23.05188],[105.13096,23.05259],[105.13246,23.05282],[105.13466,23.05783],[105.13801,23.06123],[105.1378,23.06254],[105.13886,23.064],[105.13894,23.0649],[105.13989,23.0669],[105.14189,23.06839],[105.14398,23.07145],[105.14802,23.07482],[105.14917,23.07505],[105.15057,23.07591],[105.15105,23.0768],[105.1529,23.0771],[105.15365,23.07772],[105.15543,23.08023],[105.15596,23.08002],[105.15552,23.08145],[105.15578,23.08224],[105.15654,23.08218],[105.15654,23.08178],[105.1571,23.08177],[105.15738,23.08144],[105.15821,23.08145],[105.15886,23.08211],[105.16028,23.08274],[105.16212,23.08266],[105.16344,23.08393],[105.16329,23.08492],[105.16359,23.08549],[105.16512,23.08515],[105.1649,23.08605],[105.16539,23.08669],[105.16678,23.08594],[105.16738,23.08466],[105.16817,23.08492],[105.16876,23.08476],[105.16936,23.08545],[105.17052,23.08417],[105.17156,23.0841],[105.17183,23.08355],[105.17257,23.08326],[105.17249,23.08286],[105.1729,23.08274],[105.17288,23.08206],[105.17326,23.08144],[105.17279,23.08051],[105.17347,23.07969],[105.17334,23.07861],[105.17454,23.07896],[105.1752,23.07704],[105.1761,23.07706],[105.17742,23.0779],[105.17884,23.07663],[105.17929,23.07659],[105.17969,23.07833],[105.18017999999999,23.07904],[105.18357,23.07909],[105.1829,23.07823],[105.1837,23.07826],[105.18411,23.07763],[105.18469,23.0777],[105.18542,23.07852],[105.18618,23.07837],[105.18656,23.0781],[105.18642,23.07706],[105.18696,23.07653],[105.18593,23.07602],[105.1849,23.07626],[105.1848,23.07583],[105.18526,23.07539],[105.18603,23.07526],[105.18642,23.07463],[105.18772,23.07479],[105.18819,23.07392],[105.18734,23.07329],[105.18788,23.07246],[105.1883,23.07254],[105.18848,23.073],[105.18952,23.07217],[105.19023,23.07284],[105.19217,23.07293],[105.19336,23.07179],[105.19357,23.07227],[105.194,23.07212],[105.1942,23.0714],[105.19387,23.07019],[105.19511,23.07118],[105.19552,23.0721],[105.19583,23.07202],[105.19584,23.0712],[105.19613,23.07102],[105.19921,23.07136],[105.19953,23.07262],[105.20017,23.0732],[105.20024,23.07536],[105.2011,23.07924],[105.20194,23.08103],[105.20387,23.07945],[105.20479,23.07908],[105.20597,23.07896],[105.21017,23.07958],[105.21097,23.07942],[105.21277,23.07842],[105.21406,23.07642],[105.2167,23.07485],[105.21825,23.07609],[105.21886,23.0771],[105.22086,23.07903],[105.21996,23.08011],[105.21923,23.08036],[105.21857,23.08212],[105.2175,23.08275],[105.21635,23.08435],[105.21464,23.08882],[105.2103,23.0942],[105.20916,23.09647],[105.20646,23.09842],[105.20596,23.09916],[105.20485,23.09945],[105.20478,23.09972],[105.20556,23.1021],[105.20762,23.10474],[105.20865,23.10673],[105.20986,23.1072],[105.21055,23.10861],[105.21266,23.11016],[105.2142,23.1124],[105.21434,23.11305],[105.21505,23.11342],[105.21823,23.11359],[105.21903,23.11305],[105.22183,23.10987],[105.22152,23.10923],[105.22316,23.10855],[105.22377,23.10671],[105.22559,23.10461],[105.22677,23.10233],[105.23005,23.10285],[105.23076,23.10352],[105.23143,23.10361],[105.23228,23.10343],[105.23323,23.10258],[105.2349,23.1027],[105.23697,23.10237],[105.24105,23.10085],[105.24407,23.09808],[105.24885,23.09743],[105.25163,23.09643],[105.25295,23.09546],[105.2534,23.09454],[105.25466,23.09408],[105.25533,23.09304],[105.25533,23.0925],[105.25589,23.09178],[105.25627,23.09175],[105.25609,23.09096],[105.25714,23.09008],[105.25743,23.0886],[105.25799,23.08966],[105.25827,23.09245],[105.25965,23.09358],[105.2592,23.0961],[105.25818,23.09794],[105.26184,23.0965],[105.26499,23.09337],[105.26634,23.09269],[105.2692,23.09317],[105.27228,23.09478],[105.27633,23.09495],[105.27727,23.09654],[105.2788,23.09694],[105.28279,23.09697],[105.28541,23.09817],[105.28732,23.1007],[105.29114,23.10234],[105.29134,23.10294],[105.29108,23.10376],[105.29134,23.10416],[105.29096,23.10494],[105.29127,23.1058],[105.29088,23.10636],[105.29082,23.10733],[105.29163,23.10812],[105.29164,23.10889],[105.29308,23.10974],[105.29465,23.11196],[105.2959,23.11239],[105.29875,23.11204],[105.30002,23.11233],[105.30384,23.11479],[105.30421,23.11348],[105.30388,23.11208]]]]}},
{"type":"Feature","id":"00859","properties":{"Ward_Code":"00859","Ward_Code_Num":859,"Ward":"Ngọc Long","Ward_Alt":"Ngọc Long","Ward_Upper":"NGỌC LONG","Ward_Full":"Xã Ngọc Long","Ward_Full_Alt":"Xã Ngọc Long","Ward_Full_Upper_Alt":"XÃ NGỌC LONG","Ward_Type":"Xã","Province_Code":"08","Province":"Tuyên Quang","Province_Upper_Alt":"TUYÊN QUANG"},"geometry":{"type":"MultiPolygon","coordinates":[[[[105.33678,23.04367],[105.3377,23.04322],[105.34162,23.04354],[105.34643,23.04294],[105.34807,23.04149],[105.34867,23.04032],[105.34957,23.03986],[105.3524,23.04],[105.35463,23.03961],[105.35653,23.03995],[105.35872,23.04079],[105.3602,23.0408],[105.36492,23.03947],[105.36595,23.03879],[105.3691,23.03899],[105.37004,23.03949],[105.37165,23.03785],[105.3711,23.0354],[105.37154,23.03432],[105.37573,23.03043],[105.37553,23.02932],[105.37584,23.02837],[105.37783,23.02632],[105.37768,23.02498],[105.37888,23.02412],[105.37995,23.02098],[105.38207,23.01972],[105.38307,23.01856],[105.38416,23.01597],[105.38039,23.01273],[105.37876,23.01199],[105.37847,23.01098],[105.37612,23.00881],[105.37569,23.00604],[105.37341,23.00428],[105.37173,23.00357],[105.37106,23.00296],[105.37173,22.99984],[105.37274,22.99813],[105.37382,22.99522],[105.3736,22.99302],[105.37468,22.99028],[105.37341,22.98864],[105.3733,22.98806],[105.37277,22.98772],[105.37165,22.98569],[105.37043,22.98506],[105.36934,22.98401],[105.36672,22.98358],[105.36499,22.98167],[105.36107,22.97956],[105.36153,22.97783],[105.36164,22.97566],[105.36038,22.97351],[105.3602,22.9722],[105.3616,22.97126],[105.36176,22.97036],[105.3636,22.96887],[105.36479,22.96693],[105.36446,22.96606],[105.3647,22.96429],[105.36377,22.96372],[105.36209,22.96164],[105.36164,22.9603],[105.36208,22.95903],[105.36142,22.95734],[105.3631,22.95383],[105.36443,22.95208],[105.36389,22.95121],[105.36374,22.9501],[105.36212,22.94833],[105.36289,22.94725],[105.36278,22.94584],[105.36336,22.94434],[105.36235,22.94313],[105.36199,22.93968],[105.36104,22.93888],[105.36009,22.93891],[105.35962,22.93759],[105.35686,22.93557],[105.35602,22.93561],[105.35517,22.93644],[105.35432,22.93618],[105.35316,22.93639],[105.35179,22.93571],[105.35071,22.93603],[105.34856,22.93517],[105.34752,22.93397],[105.34674,22.93391],[105.34577,22.9333],[105.34352,22.93373],[105.3421,22.93324],[105.34019,22.93415],[105.33893,22.93317],[105.3384,22.9337],[105.33749,22.93352],[105.33714,22.9338],[105.33638,22.93339],[105.33484,22.9334],[105.33266,22.93422],[105.33129,22.93556],[105.32987,22.93635],[105.32914,22.93611],[105.32838,22.93665],[105.32762,22.93659],[105.32577,22.9378],[105.32364,22.93858],[105.32258,22.93943],[105.32065,22.93957],[105.32015,22.93987],[105.31976,22.94117],[105.31845,22.94274],[105.31825,22.9438],[105.31514,22.94625],[105.31558,22.94826],[105.31497,22.94903],[105.31497,22.95023],[105.31385,22.95062],[105.31268,22.95045],[105.31135,22.95161],[105.30976,22.95222],[105.3078,22.95364],[105.30713,22.96021],[105.30609,22.96113],[105.30422,22.96108],[105.30277,22.96205],[105.30146,22.96423],[105.29956,22.96605],[105.29782,22.96722],[105.2966,22.96718],[105.29559,22.96786],[105.29422,22.96734],[105.29274,22.96774],[105.29185,22.96883],[105.29065,22.96936],[105.29021,22.97066],[105.28953,22.97132],[105.28669,22.97132],[105.28546,22.97053],[105.28197,22.97032],[105.28102,22.96968],[105.27772,22.96977],[105.27671,22.96908],[105.27502,22.97022],[105.27319,22.96834],[105.27221,22.96651],[105.27136,22.96564],[105.27141,22.96496],[105.27068,22.96463],[105.26792,22.96108],[105.26668,22.96056],[105.26681,22.96509],[105.26622,22.96678],[105.26676,22.96767],[105.26883,22.96874],[105.26946,22.97014],[105.26917,22.9707],[105.26838,22.97099],[105.26753,22.972],[105.26741,22.97323],[105.26805,22.97392],[105.27074,22.97437],[105.27168,22.97554],[105.27265,22.97782],[105.27255,22.97824],[105.27143,22.97911],[105.27047,22.98144],[105.27119,22.98436],[105.2731,22.98607],[105.27426,22.98793],[105.2752,22.98873],[105.27589,22.99063],[105.27764,22.99161],[105.2784,22.99417],[105.27919,22.99533],[105.2798,22.9956],[105.28095,22.99541],[105.28204,22.99602],[105.28284,22.99796],[105.28468,22.99928],[105.28536,23.00034],[105.28619,23.00092],[105.29163,23.00061],[105.2921,23.00174],[105.29261,23.00165],[105.29565,23.00435],[105.29506,23.00559],[105.2969,23.00606],[105.29914,23.00751],[105.30301,23.01112],[105.30332,23.01279],[105.30463,23.01424],[105.30585,23.01472],[105.30632,23.01525],[105.30751,23.01852],[105.30761,23.01956],[105.30832,23.01975],[105.30939,23.02082],[105.31098,23.02112],[105.31136,23.02167],[105.31107,23.02263],[105.31144,23.02299],[105.31212,23.02319],[105.31378,23.02294],[105.31658,23.02506],[105.31735,23.02798],[105.31659,23.02972],[105.31839,23.03111],[105.31973,23.03274],[105.32176,23.0328],[105.32239,23.0331],[105.32288,23.03422],[105.32392,23.03516],[105.32428,23.03688],[105.32668,23.03888],[105.32725,23.03985],[105.32758,23.04078],[105.3266,23.04229],[105.32682,23.04302],[105.32916,23.04397],[105.33118,23.0468],[105.33151,23.04821],[105.33345,23.04745],[105.33417,23.04666],[105.33552,23.04636],[105.33657,23.04573],[105.33676,23.04528],[105.3364,23.04423],[105.33678,23.04367]]]]}},
{"type":"Feature","id":"00865","properties":{"Ward_Code":"00865","Ward_Code_Num":865,"Ward":"Đường Thượng","Ward_Alt":"Đường Thượng","Ward_Upper":"ĐƯỜNG THƯỢNG","Ward_Full":"Xã Đường Thượng","Ward_Full_Alt":"Xã Đường Thượng","Ward_Full_Upper_Alt":"XÃ ĐƯỜNG THƯỢNG","Ward_Type":"Xã","Province_Code":"08","Province":"Tuyên Quang","Province_Upper_Alt":"TUYÊN QUANG"},"geometry":{"type":"MultiPolygon","coordinates":[[[[105.14172,23.02972],[105.14365,23.030639999999998],[105.14403,23.02872],[105.14517,23.02753],[105.14706,23.02633],[105.14953,23.02394],[105.15338,23.02318],[105.154,23.02232],[105.15388,23.02036],[105.15581,23.01957],[105.15774,23.01937],[105.16,23.0201],[105.16163,23.02344],[105.16264,23.02385],[105.16465,23.02332],[105.16506,23.02062],[105.16579,23.01991],[105.1688,23.0199],[105.1718,23.02265],[105.17205,23.02153],[105.17371,23.0195],[105.1766,23.02131],[105.17915,23.01999],[105.18138,23.01978],[105.18095,23.01915],[105.18168,23.01702],[105.18344,23.016],[105.18452,23.01437],[105.18447,23.01324],[105.18376,23.01221],[105.18376,23.0112],[105.18414,23.00966],[105.18519,23.00782],[105.18814,23.00889],[105.18793,23.01066],[105.18729,23.01167],[105.19061,23.0127],[105.1916,23.01387],[105.19246,23.0143],[105.19832,23.01614],[105.19892,23.01706],[105.19894,23.01793],[105.20046,23.01822],[105.20284,23.01968],[105.20581,23.01745],[105.21286,23.01628],[105.21743,23.01356],[105.21972,23.01166],[105.22307,23.01074],[105.22392,23.01076],[105.22492,23.01139],[105.22687,23.01353],[105.22752,23.01338],[105.22851,23.01247],[105.23102,23.01228],[105.23269,23.01306],[105.23498,23.01358],[105.23654,23.01478],[105.23775,23.01492],[105.24229,23.01758],[105.24523,23.01856],[105.24633,23.02038],[105.25054,23.02296],[105.25452,23.02672],[105.25612,23.02949],[105.2586,23.02993],[105.26,23.02937],[105.26381,23.02945],[105.26692,23.02796],[105.26852,23.02828],[105.27036,23.02708],[105.27179,23.02551],[105.27431,23.02547],[105.28058,23.02658],[105.28146,23.02615],[105.28374,23.02601],[105.28469,23.02553],[105.28549,23.02456],[105.28502,23.02354],[105.28494,23.02228],[105.28393,23.0202],[105.28389,23.01828],[105.28463,23.01507],[105.28544,23.01451],[105.28669,23.01456],[105.2879,23.01397],[105.28795,23.01263],[105.28966,23.01086],[105.29067,23.01097],[105.29546,23.00938],[105.29647,23.0087],[105.2966,23.00755],[105.29601,23.00699],[105.29505,23.00674],[105.29506,23.00559],[105.29565,23.00435],[105.29261,23.00165],[105.2921,23.00174],[105.29163,23.00061],[105.28619,23.00092],[105.28536,23.00034],[105.28468,22.99928],[105.28284,22.99796],[105.28204,22.99602],[105.28095,22.99541],[105.2798,22.9956],[105.27919,22.99533],[105.2784,22.99417],[105.27764,22.99161],[105.27589,22.99063],[105.2752,22.98873],[105.27426,22.98793],[105.2731,22.98607],[105.27126,22.98448],[105.27047,22.98144],[105.27143,22.97911],[105.27255,22.97824],[105.27265,22.97782],[105.27168,22.97554],[105.27074,22.97437],[105.26805,22.97392],[105.26741,22.97323],[105.26753,22.972],[105.26838,22.97099],[105.26917,22.9707],[105.26946,22.97014],[105.26883,22.96874],[105.26676,22.96767],[105.26622,22.96678],[105.26681,22.96509],[105.26668,22.96056],[105.26483,22.95704],[105.2631,22.9546],[105.25915,22.95168],[105.25425,22.9498],[105.25277,22.94827],[105.25116,22.94481],[105.2503,22.94105],[105.2491,22.94039],[105.24914,22.94212],[105.24807,22.94377],[105.24289,22.94498],[105.24152,22.9455],[105.24098,22.94624],[105.2398,22.94499],[105.23861,22.9447],[105.23772,22.94538],[105.23661,22.94752],[105.23459,22.94893],[105.23347,22.94828],[105.23236,22.94697],[105.22857,22.94716],[105.22826,22.94827],[105.22724,22.94831],[105.22573,22.94952],[105.22544,22.95029],[105.22591,22.95191],[105.22482,22.9516],[105.22311,22.95185],[105.22136,22.9541],[105.22054,22.95456],[105.22015,22.95682],[105.2187,22.9585],[105.2174,22.9582],[105.21608,22.95839],[105.2149,22.9577],[105.21409,22.95786],[105.2129,22.95745],[105.21197,22.95792],[105.2106,22.95797],[105.20983,22.95866],[105.20826,22.95852],[105.20693,22.95937],[105.20593,22.95953],[105.20429,22.96072],[105.20472,22.96266],[105.20443,22.9634],[105.20366,22.96381],[105.20251,22.96374],[105.20133,22.96501],[105.19978,22.9649],[105.19785,22.96594],[105.19745,22.96569],[105.19697,22.96455],[105.19437,22.96478],[105.19319,22.96422],[105.19252,22.96483],[105.18939,22.96457],[105.18853,22.96502],[105.18674,22.9653],[105.18524,22.96452],[105.18375,22.9653],[105.1805,22.96299],[105.17855,22.96364],[105.17732,22.96482],[105.17727,22.96544],[105.17639,22.96586],[105.17467,22.96444],[105.17368,22.96417],[105.1724,22.96398],[105.16938,22.96459],[105.16778,22.9645],[105.16722,22.96404],[105.16635,22.96443],[105.16461,22.96347],[105.16387,22.9634],[105.16357,22.96282],[105.16274,22.96315],[105.16128,22.96283],[105.1609,22.96213],[105.15966,22.9621],[105.15737,22.96314],[105.15547,22.96181],[105.15178,22.96093],[105.14995,22.96141],[105.1481,22.96005],[105.14658,22.95663],[105.14388,22.95484],[105.14358,22.95386],[105.14256,22.95246],[105.14119,22.95178],[105.14009,22.95061],[105.13914,22.95062],[105.13465,22.9518],[105.13535,22.95368],[105.13502,22.95476],[105.13552,22.95592],[105.13416,22.95666],[105.13312,22.96008],[105.13376,22.95996],[105.13411,22.96025],[105.13426,22.9612],[105.13369,22.9622],[105.13494,22.9651],[105.13499,22.96732],[105.13575,22.97038],[105.13591,22.9727],[105.13798,22.97466],[105.1382,22.9758],[105.13883,22.97629],[105.13901,22.97699],[105.14222,22.98132],[105.14312,22.9831],[105.14205,22.98507],[105.14226,22.98792],[105.14194,22.98856],[105.14279,22.99007],[105.14242,22.99407],[105.14298,22.99646],[105.14224,22.99745],[105.14124,22.99802],[105.13896,22.99846],[105.13852,23.00011],[105.13483,23.00015],[105.13266,22.99957],[105.13099,23.00006],[105.12911,22.9998],[105.12749,23.00086],[105.12532,23.00132],[105.12502,23.00271],[105.12534,23.0038],[105.1269,23.00594],[105.12755,23.0074],[105.1279,23.00964],[105.12742,23.01087],[105.12616,23.01164],[105.12762,23.01235],[105.12975,23.01819],[105.13206,23.01976],[105.13268,23.02088],[105.13458,23.02048],[105.13487,23.02109],[105.13482,23.02254],[105.13368,23.02354],[105.13316,23.02521],[105.13295,23.02816],[105.13335,23.02975],[105.13517,23.03104],[105.13727,23.03146],[105.13882,23.0313],[105.14172,23.02972]]]]}},
{"type":"Feature","id":"00871","properties":{"Ward_Code":"00871","Ward_Code_Num":871,"Ward":"Du Già","Ward_Alt":"Du Già","Ward_Upper":"DU GIÀ","Ward_Full":"Xã Du Già","Ward_Full_Alt":"Xã Du Già","Ward_Full_Upper_Alt":"XÃ DU GIÀ","Ward_Type":"Xã","Province_Code":"08","Province":"Tuyên Quang","Province_Upper_Alt":"TUYÊN QUANG"},"geometry":{"type":"MultiPolygon","coordinates":[[[[105.29033,22.97042],[105.29065,22.96936],[105.29185,22.96883],[105.29286,22.96768],[105.29422,22.96734],[105.29559,22.96786],[105.2966,22.96718],[105.29782,22.96722],[105.29956,22.96605],[105.30146,22.96423],[105.30277,22.96205],[105.30422,22.96108],[105.30609,22.96113],[105.30713,22.96021],[105.3078,22.95364],[105.30976,22.95222],[105.31135,22.95161],[105.31268,22.95045],[105.31385,22.95062],[105.31497,22.95023],[105.31497,22.94903],[105.31558,22.94826],[105.31514,22.94625],[105.31825,22.9438],[105.31845,22.94274],[105.31976,22.94117],[105.32002,22.93997],[105.32065,22.93957],[105.32258,22.93943],[105.32364,22.93858],[105.32577,22.9378],[105.32762,22.93659],[105.32838,22.93665],[105.32914,22.93611],[105.32987,22.93635],[105.33129,22.93556],[105.33266,22.93422],[105.33254,22.9335],[105.33161,22.93206],[105.33302,22.92952],[105.33263,22.9283],[105.33104,22.92667],[105.33044,22.92468],[105.32908,22.92297],[105.32871,22.92266],[105.3279,22.92278],[105.32619,22.92232],[105.32566,22.92142],[105.3248,22.9208],[105.32281,22.91602],[105.32112,22.91523],[105.31999,22.91515],[105.31846,22.91556],[105.31743,22.91521],[105.31673,22.91539],[105.31628,22.9149],[105.31235,22.9154],[105.31135,22.91294],[105.30889,22.91271],[105.30743,22.91217],[105.3072,22.91125],[105.30659,22.91083],[105.30684,22.90989],[105.30822,22.90877],[105.30824,22.90842],[105.30691,22.90704],[105.30629,22.90681],[105.30615,22.90578],[105.30559,22.90531],[105.30517,22.90421],[105.3053,22.90201],[105.3047,22.90041],[105.30481,22.89994],[105.30555,22.89932],[105.30557,22.89831],[105.30622,22.8977],[105.30499,22.89554],[105.3053,22.89422],[105.30584,22.89363],[105.30572,22.89083],[105.30696,22.88935],[105.3062,22.888],[105.30502,22.88705],[105.30391,22.88451],[105.30402,22.88399],[105.30356,22.88311],[105.30354,22.87988],[105.3042,22.87904],[105.30403,22.87805],[105.30334,22.877],[105.30361,22.87648],[105.30342,22.87634],[105.30205,22.87668],[105.30028,22.8754],[105.29805,22.87529],[105.29458,22.8763],[105.29101,22.87653],[105.29038,22.87734],[105.28954,22.87779],[105.28626,22.87884],[105.2836,22.87867],[105.28327,22.87804],[105.2819,22.87714],[105.28028,22.87755],[105.2785,22.87886],[105.27777,22.87873],[105.27682,22.87916],[105.27615,22.87879],[105.27416,22.87865],[105.27301,22.87944],[105.27012,22.88014],[105.2693,22.88081],[105.26746,22.88127],[105.26489,22.88249],[105.26321,22.88418],[105.26155,22.88507],[105.26065,22.88506],[105.26044,22.88565],[105.25858,22.88676],[105.25579,22.88658],[105.25363,22.88757],[105.2519,22.88678],[105.24937,22.8863],[105.24173,22.88611],[105.24003,22.88531],[105.23535,22.88438],[105.23454,22.8837],[105.23395,22.88235],[105.23286,22.88168],[105.23199,22.87973],[105.23037,22.8795],[105.22898,22.87984],[105.22766,22.8793],[105.22728,22.88057],[105.22579,22.88201],[105.224,22.88286],[105.22313,22.88369],[105.22301,22.88416],[105.22396,22.8865],[105.22357,22.8875],[105.22284,22.88805],[105.22098,22.88808],[105.21957,22.88917],[105.21847,22.88944],[105.21685,22.89047],[105.21579,22.89169],[105.21404,22.89248],[105.21168,22.89486],[105.21026,22.89726],[105.20865,22.89823],[105.20758,22.90013],[105.20789,22.90152],[105.20764,22.90212],[105.20707,22.90243],[105.20781,22.90287],[105.20742,22.90395],[105.2068,22.90395],[105.20597,22.90557],[105.20513,22.90625],[105.2018,22.90664],[105.20135,22.9069],[105.20073,22.90813],[105.20007,22.90856],[105.1976,22.9082],[105.19609,22.90745],[105.19291,22.90822],[105.19227,22.90751],[105.19171,22.90739],[105.18897,22.91025],[105.18787,22.90995],[105.18664,22.91021],[105.1828,22.91217],[105.17934,22.91349],[105.1778,22.91239],[105.17507,22.91426],[105.173,22.91785],[105.17202,22.91882],[105.17058,22.9211],[105.16979,22.92166],[105.16884,22.92162],[105.16774,22.92094],[105.16695,22.92104],[105.16577,22.92247],[105.16324,22.92297],[105.16263,22.92354],[105.15962,22.92184],[105.15808,22.92202],[105.15637,22.92308],[105.15215,22.92299],[105.14988,22.92069],[105.14908,22.91886],[105.14839,22.9186],[105.14757,22.91908],[105.14721,22.91975],[105.14597,22.92005],[105.14479,22.92112],[105.14071,22.92276],[105.14022,22.92356],[105.14086,22.92514],[105.14008,22.92657],[105.14011,22.92981],[105.14077,22.93061],[105.14112,22.93173],[105.14207,22.93232],[105.14162,22.93581],[105.1418,22.93736],[105.14042,22.9395],[105.1403,22.94044],[105.13977,22.94091],[105.13996,22.94153],[105.13962,22.94246],[105.14011,22.94343],[105.13989,22.9463],[105.13686,22.94813],[105.13606,22.94995],[105.13526,22.95043],[105.13465,22.9518],[105.13908,22.95063],[105.14036,22.95077],[105.14119,22.95178],[105.14265,22.95255],[105.14401,22.95497],[105.14578,22.95586],[105.14658,22.95663],[105.1481,22.96005],[105.14984,22.96138],[105.15178,22.96093],[105.15547,22.96181],[105.15737,22.96314],[105.15966,22.9621],[105.1609,22.96213],[105.16128,22.96283],[105.16274,22.96315],[105.16357,22.96282],[105.16387,22.9634],[105.16461,22.96347],[105.16635,22.96443],[105.16722,22.96404],[105.16778,22.9645],[105.16938,22.96459],[105.1724,22.96398],[105.17368,22.96417],[105.17467,22.96444],[105.17639,22.96586],[105.17727,22.96544],[105.17732,22.96482],[105.17855,22.96364],[105.1805,22.96299],[105.18375,22.9653],[105.18524,22.96452],[105.18674,22.9653],[105.18853,22.96502],[105.18939,22.96457],[105.19252,22.96483],[105.19319,22.96422],[105.19437,22.96478],[105.19697,22.96455],[105.19745,22.96569],[105.19785,22.96594],[105.19978,22.9649],[105.20133,22.96501],[105.20251,22.96374],[105.20366,22.96381],[105.20443,22.9634],[105.20472,22.96266],[105.20429,22.96072],[105.20593,22.95953],[105.20693,22.95937],[105.20826,22.95852],[105.20983,22.95866],[105.2106,22.95797],[105.21197,22.95792],[105.2129,22.95745],[105.21409,22.95786],[105.2149,22.9577],[105.21608,22.95839],[105.2174,22.9582],[105.2187,22.9585],[105.22015,22.95682],[105.22054,22.95456],[105.22136,22.9541],[105.22311,22.95185],[105.22482,22.9516],[105.22591,22.95191],[105.22544,22.95029],[105.22573,22.94952],[105.22724,22.94831],[105.22826,22.94827],[105.22857,22.94716],[105.23236,22.94697],[105.23347,22.94828],[105.23459,22.94893],[105.23661,22.94752],[105.23772,22.94538],[105.23861,22.9447],[105.2398,22.94499],[105.24098,22.94624],[105.24152,22.9455],[105.24289,22.94498],[105.24807,22.94377],[105.24914,22.94212],[105.2491,22.94039],[105.2503,22.94105],[105.25116,22.94481],[105.25277,22.94827],[105.25425,22.9498],[105.25915,22.95168],[105.2631,22.9546],[105.26483,22.95704],[105.26668,22.96056],[105.26792,22.96108],[105.27068,22.96463],[105.27141,22.96496],[105.27136,22.96564],[105.27221,22.96651],[105.27319,22.96834],[105.27496,22.97019],[105.27671,22.96908],[105.27772,22.96977],[105.28102,22.96968],[105.28197,22.97032],[105.28546,22.97053],[105.28669,22.97132],[105.28914,22.97143],[105.28989,22.97108],[105.29033,22.97042]]]]}},
{"type":"Feature","id":"00874","properties":{"Ward_Code":"00874","Ward_Code_Num":874,"Ward":"Quản Bạ","Ward_Alt":"Quản Bạ","Ward_Upper":"QUẢN BẠ","Ward_Full":"Xã Quản Bạ","Ward_Full_Alt":"Xã Quản Bạ","Ward_Full_Upper_Alt":"XÃ QUẢN BẠ","Ward_Type":"Xã","Province_Code":"08","Province":"Tuyên Quang","Province_Upper_Alt":"TUYÊN QUANG"},"geometry":{"type":"MultiPolygon","coordinates":[[[[104.96365,22.99426],[104.96311,22.99384],[104.9622,22.99393],[104.9612,22.99478],[104.95925,22.99318],[104.95891,22.99197],[104.95669,22.99203],[104.95598,22.99294],[104.95465,22.99384],[104.95441,22.99452],[104.95401,22.99408],[104.95313,22.99408],[104.95023,22.99601],[104.95034,22.99646],[104.94983,22.99693],[104.94821,22.99653],[104.94723,22.99669],[104.946,22.999],[104.94585,23.00003],[104.94562,22.99916],[104.94431,22.9984],[104.9407,22.99777],[104.93989,22.99723],[104.93863,22.99696],[104.93711,22.9971],[104.93505,22.99514],[104.93152,22.99497],[104.92945,22.99581],[104.92884,22.99971],[104.92813,23.00208],[104.93171,23.00227],[104.93204,23.00274],[104.93454,23.0036],[104.93511,23.00427],[104.9354,23.00572],[104.93234,23.00595],[104.93061,23.00657],[104.92911,23.00753],[104.92817,23.00944],[104.92815,23.01122],[104.92727,23.01249],[104.92708,23.01391],[104.92853,23.01586],[104.92823,23.01855],[104.92747,23.01987],[104.92719,23.02135],[104.92612,23.02334],[104.92555,23.02382],[104.92516,23.02657],[104.92391,23.02749],[104.92389,23.02886],[104.92436,23.02973],[104.92414,23.03056],[104.92462,23.03139],[104.92399,23.0349],[104.92216,23.03663],[104.92055,23.03883],[104.92054,23.0407],[104.91992,23.04244],[104.92087,23.04332],[104.92584,23.04221],[104.92728,23.04264],[104.92889,23.04264],[104.92976,23.04345],[104.9312,23.04378],[104.93217,23.04536],[104.93235,23.04787],[104.93457,23.04994],[104.93675,23.05088],[104.93725,23.05341],[104.94101,23.05423],[104.9418,23.05486],[104.94367,23.0577],[104.94215,23.05899],[104.94222,23.06066],[104.94182,23.06125],[104.94113,23.06164],[104.93916,23.06177],[104.93896,23.06224],[104.9391,23.06534],[104.94202,23.06884],[104.94199,23.0698],[104.9414,23.07068],[104.94211,23.07267],[104.94244,23.07579],[104.94521,23.07618],[104.94637,23.07592],[104.94718,23.07611],[104.94935,23.0784],[104.95018,23.0784],[104.95298,23.07979],[104.953,23.08122],[104.95342,23.08168],[104.95695,23.08192],[104.95827,23.08262],[104.95822,23.08089],[104.96135,23.08198],[104.96295,23.08097],[104.96654,23.08234],[104.96866,23.08148],[104.96971,23.08155],[104.97054,23.08118],[104.97149,23.08137],[104.97222,23.08072],[104.97235,23.08201],[104.97304,23.08287],[104.97503,23.0844],[104.97738,23.08499],[104.9781,23.08466],[104.97898,23.0832],[104.98005,23.08294],[104.98063,23.08237],[104.98143,23.081],[104.98499,23.0809],[104.98626,23.08185],[104.98921,23.08002],[104.98966,23.07944],[104.99212,23.07841],[104.99359,23.07832],[104.99465,23.07888],[104.99699,23.07866],[104.99783,23.07817],[104.99983,23.07826],[105.00385,23.07712],[105.00755,23.07785],[105.01146,23.08032],[105.01398,23.08076],[105.01474,23.08152],[105.01532,23.08333],[105.0183,23.0835],[105.02085,23.0823],[105.01974,23.08113],[105.01979,23.0803],[105.01872,23.07763],[105.02255,23.07552],[105.02153,23.06954],[105.02371,23.06823],[105.0218,23.06547],[105.02414,23.06392],[105.0244,23.06295],[105.02406,23.06181],[105.02336,23.06101],[105.02133,23.05978],[105.0207,23.05861],[105.01994,23.05826],[105.02087,23.05802],[105.0224,23.05618],[105.02278,23.05509],[105.02361,23.05431],[105.02365,23.05235],[105.02316,23.05051],[105.02263,23.05032],[105.02247,23.04988],[105.02305,23.04669],[105.02434,23.04617],[105.02667,23.04452],[105.02914,23.04178],[105.02869,23.04009],[105.03017,23.03769],[105.02884,23.0357],[105.02992,23.03304],[105.03027,23.03094],[105.02986,23.03019],[105.03017,23.02858],[105.02972,23.02751],[105.03054,23.0241],[105.03057,23.02298],[105.03009,23.02164],[105.03123,23.01956],[105.0337,23.01886],[105.03477,23.01766],[105.0347,23.01686],[105.03413,23.01686],[105.03297,23.01614],[105.03227,23.01401],[105.03018,23.01204],[105.02537,23.01024],[105.02254,23.00948],[105.02197,23.00968],[105.02078,23.00827],[105.02173,23.00685],[105.02184,23.00606],[105.02325,23.00448],[105.02628,23.00293],[105.0263,23.00218],[105.0257,23.00095],[105.0254,22.99804],[105.02744,22.99459],[105.0281,22.9925],[105.02971,22.99178],[105.02829,22.9909],[105.0251,22.99064],[105.02402,22.9914],[105.02278,22.99377],[105.02269,22.99521],[105.02222,22.99578],[105.02074,22.99656],[105.01817,22.9971],[105.01647,22.99812],[105.01541,22.99787],[105.01493,22.99885],[105.01326,22.99973],[105.01,22.99975],[105.00737,23.00164],[105.00548,23.00152],[105.00372,23.00054],[105.00195,23.00028],[105.00039,22.99953],[104.99739,22.99304],[104.99523,22.98694],[104.99042,22.98571],[104.9864,22.98342],[104.9861,22.97352],[104.98272,22.96726],[104.98247,22.9649],[104.98624,22.96484],[104.98673,22.95389],[104.97704,22.94046],[104.97568,22.94275],[104.97391,22.94904],[104.97182,22.94918],[104.96811,22.95164],[104.9667,22.95129],[104.96594,22.95287],[104.96451,22.95303],[104.96343,22.95399],[104.96239,22.95594],[104.96038,22.95698],[104.95968,22.95884],[104.95979,22.95985],[104.9585,22.96116],[104.95894,22.96212],[104.95849,22.96287],[104.95933,22.96477],[104.96373,22.9674],[104.96414,22.96927],[104.96567,22.97011],[104.96588,22.97172],[104.96555,22.97341],[104.96691,22.97392],[104.9671,22.97593],[104.96666,22.97869],[104.96614,22.98086],[104.96512,22.98264],[104.96494,22.98424],[104.96421,22.98623],[104.96522,22.99032],[104.96422,22.99107],[104.9641,22.99323],[104.96365,22.99426]]]]}},
{"type":"Feature","id":"00883","properties":{"Ward_Code":"00883","Ward_Code_Num":883,"Ward":"Cán Tỷ","Ward_Alt":"Cán Tỷ","Ward_Upper":"CÁN TỶ","Ward_Full":"Xã Cán Tỷ","Ward_Full_Alt":"Xã Cán Tỷ","Ward_Full_Upper_Alt":"XÃ CÁN TỶ","Ward_Type":"Xã","Province_Code":"08","Province":"Tuyên Quang","Province_Upper_Alt":"TUYÊN QUANG"},"geometry":{"type":"MultiPolygon","coordinates":[[[[104.96075,23.19115],[104.96385,23.19105],[104.96493,23.18997],[104.96632,23.1892],[104.9673,23.1895],[104.97083,23.18893],[104.97424,23.18966],[104.97621,23.18928],[104.97638,23.18901],[104.97579,23.18764],[104.9763,23.18657],[104.97698,23.18636],[104.97901,23.18681],[104.98086,23.18616],[104.98186,23.18534],[104.9828,23.1836],[104.98288,23.18174],[104.98404,23.17909],[104.98366,23.17806],[104.98407,23.1772],[104.98615,23.17663],[104.98679,23.17538],[104.98955,23.17471],[104.99119,23.17345],[104.9929,23.17317],[104.99409,23.17225],[104.99602,23.17209],[104.9982,23.17253],[105.00143,23.17147],[105.00228,23.17083],[105.00511,23.17015],[105.00619,23.16941],[105.00666,23.16739],[105.00802,23.16648],[105.00852,23.16569],[105.00845,23.16412],[105.00802,23.16282],[105.00849,23.16159],[105.00939,23.16162],[105.01126,23.16301],[105.01315,23.16276],[105.01496,23.16125],[105.01532,23.15919],[105.01572,23.15866],[105.01899,23.15624],[105.02299,23.15534],[105.02266,23.15281],[105.02368,23.15166],[105.0244,23.14996],[105.02428,23.14771],[105.02469,23.14516],[105.02602,23.14414],[105.02711,23.14405],[105.03164,23.13919],[105.03303,23.13825],[105.03484,23.13776],[105.03651,23.13634],[105.03669,23.13583],[105.03851,23.13492],[105.03878,23.13423],[105.04423,23.13347],[105.04711,23.13195],[105.04773,23.13089],[105.05023,23.13046],[105.05055,23.12964],[105.04975,23.12872],[105.04953,23.12789],[105.04805,23.12678],[105.04751,23.12515],[105.0486,23.12269],[105.04972,23.1222],[105.05344,23.12186],[105.05652,23.12106],[105.05628,23.1198],[105.05714,23.11814],[105.05956,23.11756],[105.0618,23.11602],[105.06362,23.11533],[105.06415,23.11457],[105.06556,23.11385],[105.06602,23.11236],[105.06518,23.11014],[105.06481,23.1074],[105.06635,23.10618],[105.06944,23.10529],[105.06999,23.1048],[105.07001,23.10436],[105.0684,23.10174],[105.06957,23.09985],[105.07082,23.10001],[105.07189,23.09896],[105.07261,23.09889],[105.07326,23.09969],[105.07354,23.10111],[105.07638,23.10173],[105.07681,23.10136],[105.07703,23.10031],[105.07872,23.10024],[105.07954,23.09901],[105.08032,23.09863],[105.08095,23.09749],[105.08313,23.09604],[105.08415,23.09437],[105.0868,23.09387],[105.0869,23.09254],[105.08752,23.09096],[105.08678,23.09002],[105.08715,23.08877],[105.08674,23.08778],[105.08674,23.08661],[105.08608,23.08545],[105.08689,23.08478],[105.08657,23.08401],[105.08726,23.08304],[105.08701,23.08142],[105.08722,23.08039],[105.08638,23.07999],[105.08602,23.07933],[105.08403,23.07835],[105.08315,23.07713],[105.08155,23.07614],[105.0797,23.07597],[105.07678,23.077],[105.07618,23.07624],[105.07666,23.07446],[105.0757,23.07404],[105.0748,23.07416],[105.07397,23.07529],[105.07009,23.0759],[105.06955,23.07784],[105.06674,23.07878],[105.06589,23.07833],[105.065,23.0769],[105.06144,23.07644],[105.06074,23.07732],[105.05776,23.07653],[105.05502,23.0765],[105.04903,23.07387],[105.04759,23.07374],[105.0463,23.07277],[105.04628,23.07207],[105.0489,23.06854],[105.0496,23.06668],[105.05136,23.06446],[105.05165,23.06336],[105.04988,23.06152],[105.0479,23.06326],[105.04831,23.06453],[105.04732,23.06518],[105.04596,23.06676],[105.04253,23.06565],[105.0439,23.06208],[105.04358,23.06205],[105.04328,23.06276],[105.04183,23.0625],[105.04116,23.06372],[105.03807,23.06736],[105.03751,23.06855],[105.03771,23.0702],[105.03653,23.07177],[105.03558,23.07113],[105.03575,23.07038],[105.03473,23.07134],[105.03218,23.0712],[105.02841,23.07328],[105.02702,23.07303],[105.02412,23.07368],[105.02224,23.07336],[105.02242,23.07577],[105.01892,23.0773],[105.01872,23.07763],[105.01979,23.0803],[105.01974,23.08113],[105.02096,23.08243],[105.02188,23.08428],[105.01897,23.08658],[105.01688,23.08898],[105.01727,23.08967],[105.01659,23.09049],[105.01624,23.09183],[105.01478,23.09236],[105.01441,23.09365],[105.01515,23.09438],[105.01517,23.09516],[105.01162,23.09774],[105.00985,23.09993],[105.0091,23.10161],[105.00673,23.102],[105.00612,23.10265],[105.00454,23.10329],[105.004,23.10418],[105.00401,23.10526],[105.00346,23.10563],[105.00178,23.10843],[104.99685,23.11082],[104.99664,23.11204],[104.99446,23.11343],[104.99456,23.11503],[104.99516,23.11599],[104.99397,23.11668],[104.9933,23.11839],[104.99238,23.11945],[104.99141,23.11987],[104.99044,23.11927],[104.98888,23.11962],[104.98788,23.1194],[104.98676,23.12004],[104.98529,23.11976],[104.98139,23.12008],[104.97975,23.11986],[104.97934,23.1194],[104.97852,23.11921],[104.97787,23.11814],[104.97668,23.11852],[104.97103,23.11857],[104.96909,23.11816],[104.9664,23.11699],[104.9647,23.11823],[104.96365,23.1205],[104.96258,23.12126],[104.96066,23.12163],[104.95926,23.12273],[104.95871,23.12324],[104.95998,23.12405],[104.96004,23.12531],[104.96032,23.12567],[104.96262,23.12591],[104.96475,23.12757],[104.96574,23.12772],[104.96657,23.12905],[104.96557,23.12954],[104.96601,23.13006],[104.9642,23.13138],[104.96162,23.13198],[104.96175,23.13328],[104.96089,23.13492],[104.95966,23.13458],[104.95907,23.13478],[104.95835,23.13748],[104.95693,23.13775],[104.95635,23.13876],[104.95468,23.14045],[104.95379,23.14277],[104.95205,23.14341],[104.9515,23.14511],[104.95193,23.1467],[104.95023,23.14658],[104.94962,23.14783],[104.94683,23.14882],[104.94597,23.14959],[104.94569,23.1507],[104.94477,23.15183],[104.94714,23.15113],[104.94845,23.15207],[104.94861,23.15397],[104.9499,23.1547],[104.95031,23.15642],[104.95004,23.15736],[104.95021,23.15815],[104.94972,23.15894],[104.95005,23.16007],[104.95058,23.16066],[104.95088,23.16286],[104.95148,23.16322],[104.94767,23.16644],[104.94727,23.16753],[104.94792,23.16857],[104.94715,23.17044],[104.94858,23.17077],[104.95169,23.17366],[104.95248,23.17489],[104.95271,23.17602],[104.95592,23.18049],[104.95707,23.18354],[104.95718,23.18601],[104.95784,23.18703],[104.95801,23.18805],[104.95681,23.19234],[104.95845,23.19304],[104.95933,23.19259],[104.96003,23.19133],[104.96075,23.19115]]]]}},
{"type":"Feature","id":"00889","properties":{"Ward_Code":"00889","Ward_Code_Num":889,"Ward":"Nghĩa Thuận","Ward_Alt":"Nghĩa Thuận","Ward_Upper":"NGHĨA THUẬN","Ward_Full":"Xã Nghĩa Thuận","Ward_Full_Alt":"Xã Nghĩa Thuận","Ward_Full_Upper_Alt":"XÃ NGHĨA THUẬN","Ward_Type":"Xã","Province_Code":"08","Province":"Tuyên Quang","Province_Upper_Alt":"TUYÊN QUANG"},"geometry":{"type":"MultiPolygon","coordinates":[[[[104.94477,23.15183],[104.94569,23.1507],[104.94597,23.14959],[104.94683,23.14882],[104.94962,23.14783],[104.95023,23.14658],[104.95193,23.1467],[104.9515,23.14511],[104.95205,23.14341],[104.95379,23.14277],[104.95468,23.14045],[104.95635,23.13876],[104.95693,23.13775],[104.95835,23.13748],[104.95907,23.13478],[104.95966,23.13458],[104.96089,23.13492],[104.96175,23.13328],[104.96162,23.13198],[104.9642,23.13138],[104.96601,23.13006],[104.96557,23.12954],[104.96657,23.12905],[104.96574,23.12772],[104.96475,23.12757],[104.96262,23.12591],[104.96032,23.12567],[104.96004,23.12531],[104.95998,23.12405],[104.95871,23.12324],[104.95904,23.12293],[104.96066,23.12163],[104.96258,23.12126],[104.96365,23.1205],[104.9647,23.11823],[104.9664,23.11699],[104.96909,23.11816],[104.97103,23.11857],[104.97668,23.11852],[104.97787,23.11814],[104.97852,23.11921],[104.97934,23.1194],[104.97975,23.11986],[104.98139,23.12008],[104.98529,23.11976],[104.98676,23.12004],[104.98788,23.1194],[104.98888,23.11962],[104.98998,23.11928],[104.99141,23.11987],[104.99188,23.11978],[104.99308,23.11874],[104.99397,23.11668],[104.99516,23.11599],[104.99456,23.11503],[104.99446,23.11343],[104.99664,23.11204],[104.99685,23.11082],[105.00178,23.10843],[105.00346,23.10563],[105.00401,23.10526],[105.004,23.10418],[105.00454,23.10329],[105.00612,23.10265],[105.00673,23.102],[105.0091,23.10161],[105.00985,23.09993],[105.01162,23.09774],[105.01517,23.09516],[105.01515,23.09438],[105.01441,23.09365],[105.01455,23.09293],[105.01478,23.09236],[105.01624,23.09183],[105.01659,23.09049],[105.01727,23.08967],[105.01688,23.08898],[105.01897,23.08658],[105.02181,23.08449],[105.0218,23.08383],[105.02085,23.0823],[105.0183,23.0835],[105.01532,23.08333],[105.01474,23.08152],[105.01398,23.08076],[105.01146,23.08032],[105.00755,23.07785],[105.00359,23.07713],[105.00256,23.07769],[105.00153,23.0777],[104.99983,23.07826],[104.99802,23.07813],[104.99699,23.07866],[104.99465,23.07888],[104.99359,23.07832],[104.99212,23.07841],[104.98966,23.07944],[104.98921,23.08002],[104.98626,23.08185],[104.98499,23.0809],[104.98143,23.081],[104.98005,23.08294],[104.97898,23.0832],[104.9781,23.08466],[104.97718,23.08499],[104.97503,23.0844],[104.97304,23.08287],[104.97235,23.08201],[104.97222,23.08072],[104.97149,23.08137],[104.97054,23.08118],[104.96971,23.08155],[104.96866,23.08148],[104.96654,23.08234],[104.96341,23.081],[104.96295,23.08097],[104.96135,23.08198],[104.95845,23.08084],[104.95816,23.08123],[104.95841,23.08234],[104.95803,23.08262],[104.95695,23.08192],[104.95342,23.08168],[104.953,23.08122],[104.95298,23.07979],[104.95018,23.0784],[104.94935,23.0784],[104.9486,23.07734],[104.94693,23.07598],[104.94521,23.07618],[104.94286,23.07576],[104.93808,23.07601],[104.93779,23.07638],[104.93867,23.07741],[104.93899,23.07908],[104.93855,23.07973],[104.93738,23.0802],[104.9378,23.08224],[104.93748,23.08348],[104.9356,23.08474],[104.93629,23.0859],[104.93597,23.08683],[104.93531,23.08716],[104.93335,23.08698],[104.93186,23.08903],[104.92986,23.08959],[104.92949,23.09082],[104.92838,23.09223],[104.92715,23.09284],[104.92657,23.09665],[104.92382,23.09835],[104.92224,23.0988],[104.9212,23.10029],[104.91979,23.10037],[104.91932,23.10143],[104.91862,23.10204],[104.91864,23.10273],[104.91826,23.10305],[104.91869,23.10358],[104.91871,23.10468],[104.91766,23.1061],[104.91783,23.1076],[104.9172,23.10842],[104.91761,23.11009],[104.91662,23.11197],[104.91699,23.11295],[104.91687,23.11399],[104.91663,23.11484],[104.91605,23.1154],[104.91199,23.11544],[104.90983,23.11671],[104.90493,23.11667],[104.9013,23.11564],[104.8987,23.11623],[104.89491,23.12158],[104.89428,23.12169],[104.89301,23.12105],[104.89218,23.11819],[104.89039,23.11709],[104.89331,23.1153],[104.89349,23.11464],[104.89299,23.1138],[104.893,23.11249],[104.89178,23.11139],[104.89154,23.10978],[104.89046,23.10895],[104.89001,23.10788],[104.88464,23.10803],[104.88294,23.11091],[104.88266,23.11204],[104.88116,23.11272],[104.87976,23.11437],[104.87945,23.11538],[104.88051,23.11679],[104.88103,23.11837],[104.87987,23.11987],[104.88102,23.1227],[104.88048,23.12448],[104.88103,23.12505],[104.88207,23.12536],[104.88346,23.12731],[104.88239,23.12804],[104.88157,23.12919],[104.88038,23.12972],[104.87878,23.12947],[104.87684,23.13141],[104.8771,23.13392],[104.87798,23.1365],[104.87775,23.13715],[104.87939,23.13738],[104.87939,23.13959],[104.88118,23.14254],[104.88126,23.14367],[104.88215,23.1448],[104.8812,23.14648],[104.88129,23.14744],[104.8806,23.148],[104.8796,23.15012],[104.87973,23.15139],[104.88025,23.15179],[104.88031,23.15224],[104.88283,23.15445],[104.88319,23.15617],[104.88306,23.15678],[104.88207,23.15764],[104.88264,23.15961],[104.88128,23.16079],[104.88193,23.16227],[104.88121,23.16277],[104.88095,23.16368],[104.88247,23.16679],[104.88431,23.16828],[104.88602,23.16893],[104.88754,23.17006],[104.8877,23.1717],[104.88884,23.17378],[104.88975,23.17476],[104.89608,23.17937],[104.89709,23.17955],[104.90153,23.17877],[104.90349,23.1798],[104.90459,23.18002],[104.90609,23.1798],[104.9084,23.18059],[104.91292,23.17858],[104.91504,23.17708],[104.91618,23.17679],[104.91723,23.17604],[104.91734,23.17452],[104.91772,23.17392],[104.91728,23.17082],[104.91598,23.16935],[104.91843,23.16959],[104.91938,23.17018],[104.9206,23.16994],[104.92236,23.17024],[104.9227,23.16772],[104.92243,23.16664],[104.92547,23.16507],[104.92719,23.16514],[104.92603,23.16382],[104.92573,23.16239],[104.9249,23.16165],[104.9249,23.16087],[104.92415,23.16043],[104.92592,23.15965],[104.92786,23.15676],[104.92937,23.15661],[104.93086,23.1574],[104.93251,23.15755],[104.93632,23.15551],[104.93728,23.1556],[104.93982,23.15381],[104.94477,23.15183]]]]}},
{"type":"Feature","id":"00892","properties":{"Ward_Code":"00892","Ward_Code_Num":892,"Ward":"Tùng Vài","Ward_Alt":"Tùng Vài","Ward_Upper":"TÙNG VÀI","Ward_Full":"Xã Tùng Vài","Ward_Full_Alt":"Xã Tùng Vài","Ward_Full_Upper_Alt":"XÃ TÙNG VÀI","Ward_Type":"Xã","Province_Code":"08","Province":"Tuyên Quang","Province_Upper_Alt":"TUYÊN QUANG"},"geometry":{"type":"MultiPolygon","coordinates":[[[[104.88202,23.12863],[104.88346,23.12731],[104.88207,23.12536],[104.88103,23.12505],[104.88048,23.12448],[104.88102,23.1227],[104.87987,23.11987],[104.88103,23.11837],[104.88098,23.11786],[104.87943,23.115],[104.88085,23.11297],[104.88266,23.11204],[104.88294,23.11091],[104.88464,23.10803],[104.88782,23.10788],[104.88876,23.1081],[104.8899,23.10784],[104.89046,23.10895],[104.89149,23.1097],[104.89172,23.11128],[104.89308,23.11266],[104.89297,23.1137],[104.89348,23.11474],[104.89331,23.1153],[104.89038,23.11705],[104.89218,23.11819],[104.8929,23.12084],[104.89392,23.12163],[104.89491,23.12158],[104.8987,23.11623],[104.9013,23.11564],[104.90493,23.11667],[104.90983,23.11671],[104.91199,23.11544],[104.91534,23.11559],[104.91654,23.11496],[104.91699,23.11302],[104.91662,23.11197],[104.91761,23.11009],[104.9172,23.10842],[104.91783,23.1076],[104.91766,23.1061],[104.91871,23.10468],[104.91869,23.10358],[104.91826,23.10302],[104.91864,23.10273],[104.91872,23.10187],[104.91932,23.10143],[104.91979,23.10037],[104.9212,23.10029],[104.92224,23.0988],[104.92382,23.09835],[104.92657,23.09665],[104.92715,23.09284],[104.92838,23.09223],[104.92949,23.09082],[104.92986,23.08959],[104.93186,23.08903],[104.93335,23.08698],[104.93531,23.08716],[104.93597,23.08683],[104.93629,23.0859],[104.9356,23.08474],[104.93748,23.08348],[104.9378,23.08224],[104.93738,23.0802],[104.93855,23.07973],[104.93899,23.07908],[104.93867,23.07741],[104.93796,23.07677],[104.9379,23.07613],[104.94244,23.07579],[104.94211,23.07267],[104.9414,23.07068],[104.94199,23.0698],[104.94202,23.06884],[104.9391,23.06534],[104.93896,23.06224],[104.93916,23.06177],[104.94113,23.06164],[104.94182,23.06125],[104.94222,23.06066],[104.94215,23.05899],[104.94367,23.0577],[104.94138,23.05441],[104.93725,23.05341],[104.93675,23.05088],[104.93457,23.04994],[104.93235,23.04787],[104.93222,23.04555],[104.93147,23.04395],[104.92976,23.04345],[104.92889,23.04264],[104.92728,23.04264],[104.92584,23.04221],[104.92087,23.04332],[104.92018,23.04257],[104.91834,23.0418],[104.91619,23.04285],[104.91556,23.04285],[104.91454,23.0417],[104.91355,23.04175],[104.91341,23.03772],[104.91262,23.03661],[104.91196,23.03438],[104.90424,23.02991],[104.8993,23.02624],[104.89117,23.02273],[104.89153,23.0218],[104.8923,23.02154],[104.89561,23.01777],[104.89794,23.01672],[104.89798,23.01457],[104.89952,23.01342],[104.89985,23.01257],[104.89965,23.01014],[104.90058,23.00966],[104.90042,23.00838],[104.89894,23.00635],[104.89828,23.00589],[104.89765,23.00358],[104.89174,23.0015],[104.8908,23.00009],[104.88926,23.0001],[104.88666,22.99655],[104.88574,22.99473],[104.88431,22.99392],[104.88303,22.99135],[104.88129,22.99058],[104.87964,22.99053],[104.87936,22.98944],[104.87803,22.98826],[104.87858,22.98696],[104.87809,22.98601],[104.87812,22.98448],[104.87659,22.98282],[104.87731,22.98134],[104.87714,22.97903],[104.87603,22.97741],[104.87276,22.97651],[104.87292,22.97797],[104.87254,22.9789],[104.87004,22.97958],[104.86749,22.97907],[104.86666,22.98025],[104.86636,22.98179],[104.86587,22.98142],[104.86345,22.98093],[104.8616,22.97972],[104.86091,22.97886],[104.85918,22.9785],[104.85546,22.97921],[104.85322,22.97763],[104.85106,22.97895],[104.84958,22.97851],[104.84842,22.97854],[104.8477,22.97875],[104.84832,22.97971],[104.84704,22.98286],[104.84458,22.98508],[104.84322,22.98548],[104.84082,22.98403],[104.83866,22.98471],[104.83592,22.9869],[104.83534,22.98842],[104.83556,22.98899],[104.83707,22.98908],[104.83723,22.98986],[104.83879,22.99082],[104.83914,22.99157],[104.83896,22.99192],[104.838,22.992],[104.83709,22.9928],[104.83797,22.99568],[104.83669,22.99744],[104.8354,22.99784],[104.83352,22.99765],[104.83296,22.99873],[104.83096,22.99844],[104.83012,22.99777],[104.82928,22.99853],[104.82942,23.00013],[104.83045,23.00277],[104.8314,23.00418],[104.83056,23.00524],[104.82986,23.00801],[104.83029,23.01605],[104.82856,23.01921],[104.8281,23.02633],[104.82583,23.02777],[104.82549,23.0307],[104.82414,23.03239],[104.82353,23.03287],[104.82113,23.03355],[104.81998,23.03764],[104.82072,23.04189],[104.82045,23.04352],[104.82115,23.04451],[104.82068,23.04691],[104.82082,23.04908],[104.82144,23.05032],[104.82051,23.05245],[104.82051,23.05524],[104.81898,23.05726],[104.81778,23.0569],[104.81417,23.05765],[104.81356,23.05821],[104.8144,23.0594],[104.81386,23.06163],[104.81486,23.06382],[104.81486,23.0651],[104.81551,23.06593],[104.81466,23.0683],[104.8133,23.06986],[104.81182,23.07053],[104.8125,23.0717],[104.81435,23.07251],[104.81465,23.07341],[104.81624,23.07374],[104.81715,23.07469],[104.81637,23.07587],[104.81626,23.07806],[104.81541,23.07961],[104.81374,23.07959],[104.81225,23.08034],[104.80999,23.07986],[104.80899,23.08012],[104.80665,23.08405],[104.80638,23.0863],[104.8068,23.08689],[104.80677,23.08793],[104.80565,23.08883],[104.80584,23.08945],[104.80498,23.0948],[104.80522,23.0958],[104.80389,23.09782],[104.80438,23.10065],[104.80339,23.10115],[104.80299,23.10177],[104.80348,23.10309],[104.80263,23.10397],[104.80279,23.1059],[104.80202,23.1074],[104.80198,23.11078],[104.80156,23.11178],[104.80166,23.11294],[104.80114,23.11505],[104.80166,23.11642],[104.8033,23.11731],[104.8039,23.11712],[104.80622,23.11763],[104.80773,23.11714],[104.80834,23.11661],[104.81013,23.11666],[104.81196,23.11775],[104.81372,23.11744],[104.82077,23.11793],[104.82185,23.11724],[104.82144,23.11388],[104.82261,23.1118],[104.823,23.1101],[104.82443,23.10836],[104.82573,23.10763],[104.82666,23.10792],[104.82826,23.11009],[104.83045,23.11382],[104.8308,23.11559],[104.83412,23.11571],[104.83569,23.11616],[104.83699,23.11528],[104.83816,23.11382],[104.83935,23.11136],[104.84002,23.11304],[104.8394,23.1193],[104.84017,23.11915],[104.84088,23.11814],[104.84166,23.11778],[104.84447,23.1177],[104.84806,23.12088],[104.84853,23.12179],[104.85053,23.1216],[104.85236,23.1229],[104.85433,23.12305],[104.85526,23.12591],[104.85696,23.12698],[104.85667,23.12821],[104.85696,23.12882],[104.85881,23.12935],[104.86029,23.1291],[104.86088,23.12469],[104.86181,23.12408],[104.86309,23.1239],[104.86576,23.12417],[104.86735,23.12539],[104.86871,23.12586],[104.87026,23.12531],[104.87159,23.12543],[104.87232,23.12629],[104.87342,23.1255],[104.87466,23.12513],[104.8762,23.12604],[104.87662,23.12763],[104.87874,23.12842],[104.87878,23.12947],[104.87924,23.12963],[104.88038,23.12972],[104.88157,23.12919],[104.88202,23.12863]]]]}},
{"type":"Feature","id":"00901","properties":{"Ward_Code":"00901","Ward_Code_Num":901,"Ward":"Lùng Tám","Ward_Alt":"Lùng Tám","Ward_Upper":"LÙNG TÁM","Ward_Full":"Xã Lùng Tám","Ward_Full_Alt":"Xã Lùng Tám","Ward_Full_Upper_Alt":"XÃ LÙNG TÁM","Ward_Type":"Xã","Province_Code":"08","Province":"Tuyên Quang","Province_Upper_Alt":"TUYÊN QUANG"},"geometry":{"type":"MultiPolygon","coordinates":[[[[105.06972,23.07665],[105.07009,23.0759],[105.07397,23.07529],[105.0748,23.07416],[105.0757,23.07404],[105.07666,23.07446],[105.07618,23.07624],[105.07678,23.077],[105.07991,23.07595],[105.08155,23.07614],[105.08315,23.07713],[105.08297,23.07639],[105.08372,23.07339],[105.08499,23.07118],[105.08704,23.07124],[105.08894,23.07188],[105.08999,23.06952],[105.09051,23.06935],[105.09185,23.07008],[105.09335,23.07022],[105.09436,23.06899],[105.09495,23.06614],[105.09561,23.06534],[105.09589,23.0641],[105.09784,23.06444],[105.09924,23.0639],[105.10087,23.06451],[105.10207,23.0636],[105.10293,23.06353],[105.10214,23.06331],[105.10154,23.06188],[105.10039,23.06078],[105.09979,23.05964],[105.10007,23.05836],[105.09846,23.0567],[105.09925,23.0545],[105.10029,23.05406],[105.10212,23.0543],[105.10542,23.05183],[105.10881,23.05051],[105.11135,23.04755],[105.11237,23.04681],[105.1095,23.04546],[105.10712,23.0451],[105.10595,23.04422],[105.10526,23.0431],[105.10606,23.04125],[105.10553,23.04051],[105.10567,23.03923],[105.10442,23.03851],[105.10273,23.03813],[105.10154,23.03628],[105.10467,23.03432],[105.10597,23.03406],[105.10747,23.03307],[105.10698,23.03178],[105.10931,23.03083],[105.1114,23.03284],[105.11362,23.03315],[105.11406,23.03402],[105.11471,23.03449],[105.11644,23.0338],[105.11755,23.03387],[105.11852,23.03354],[105.1206,23.03391],[105.12382,23.03256],[105.12515,23.03353],[105.12777,23.03329],[105.13044,23.03185],[105.13086,23.03112],[105.13088,23.02981],[105.13304,23.02733],[105.13316,23.02521],[105.13368,23.02354],[105.13482,23.02254],[105.13487,23.02109],[105.13458,23.02048],[105.13268,23.02088],[105.13206,23.01976],[105.12975,23.01819],[105.12762,23.01235],[105.12616,23.01164],[105.12742,23.01087],[105.1279,23.00964],[105.12755,23.0074],[105.12702,23.00619],[105.12509,23.00323],[105.12506,23.00167],[105.12532,23.00132],[105.12749,23.00086],[105.12876,22.99993],[105.12953,22.99974],[105.13099,23.00006],[105.13266,22.99957],[105.13483,23.00015],[105.13852,23.00011],[105.13896,22.99846],[105.14124,22.99802],[105.14224,22.99745],[105.14298,22.99646],[105.14242,22.99407],[105.14279,22.99007],[105.14194,22.98856],[105.14226,22.98792],[105.14205,22.98507],[105.14312,22.9831],[105.14222,22.98132],[105.13901,22.97699],[105.13883,22.97629],[105.1382,22.9758],[105.13798,22.97466],[105.13591,22.9727],[105.13575,22.97038],[105.13499,22.96732],[105.13494,22.9651],[105.13369,22.9622],[105.13426,22.9612],[105.1339,22.96001],[105.13068,22.95995],[105.13019,22.96119],[105.12899,22.96091],[105.12743,22.96228],[105.12738,22.96157],[105.12666,22.96045],[105.12447,22.9592],[105.12109,22.95909],[105.11572,22.95832],[105.11308,22.9584],[105.111,22.9589],[105.10908,22.95984],[105.10793,22.95963],[105.10655,22.95985],[105.10434,22.96157],[105.1008,22.96286],[105.10004,22.96227],[105.09892,22.96229],[105.09781,22.96171],[105.09694,22.96051],[105.0957,22.95692],[105.09535,22.95641],[105.09452,22.95606],[105.09314,22.95605],[105.09178,22.9568],[105.0903,22.95662],[105.08916,22.95697],[105.08785,22.95805],[105.08596,22.9585],[105.08484,22.9585],[105.08265,22.95756],[105.0818,22.95773],[105.08117,22.95864],[105.08067,22.95875],[105.0795,22.95792],[105.07841,22.95782],[105.07602,22.95692],[105.07032,22.95728],[105.07042,22.95678],[105.06976,22.95592],[105.07216,22.95111],[105.07103,22.9514],[105.06757,22.95093],[105.06379,22.94893],[105.06244,22.94882],[105.05993,22.94742],[105.05789,22.94682],[105.05784,22.94777],[105.05711,22.94916],[105.05408,22.95071],[105.05347,22.95202],[105.05262,22.95256],[105.05212,22.95371],[105.04982,22.95493],[105.04904,22.95492],[105.04818,22.9557],[105.04808,22.95696],[105.04683,22.95883],[105.04459,22.96021],[105.04319,22.96218],[105.04222,22.96431],[105.04109,22.96471],[105.03947,22.96617],[105.03768,22.96929],[105.03758,22.97112],[105.03565,22.97283],[105.03449,22.97585],[105.03423,22.97873],[105.03346,22.9801],[105.03266,22.98075],[105.03165,22.98274],[105.03079,22.9856],[105.03074,22.98828],[105.02999,22.98952],[105.031,22.99187],[105.02972,22.99181],[105.0286,22.99213],[105.02799,22.99267],[105.02744,22.99459],[105.0254,22.99804],[105.0257,23.00095],[105.02632,23.00285],[105.02325,23.00448],[105.02184,23.00606],[105.02173,23.00685],[105.02078,23.00804],[105.02106,23.0089],[105.02197,23.00968],[105.02254,23.00948],[105.02537,23.01024],[105.03018,23.01204],[105.03227,23.01401],[105.03284,23.016],[105.03413,23.01686],[105.0347,23.01686],[105.03479,23.01729],[105.03472,23.01781],[105.0337,23.01886],[105.03123,23.01956],[105.03004,23.02181],[105.03057,23.02298],[105.02972,23.02751],[105.03017,23.02858],[105.02986,23.03019],[105.03027,23.03094],[105.02992,23.03304],[105.02884,23.0357],[105.03017,23.03769],[105.02869,23.04009],[105.02914,23.04178],[105.02667,23.04452],[105.02434,23.04617],[105.02305,23.04669],[105.02247,23.04988],[105.02263,23.05032],[105.02316,23.05051],[105.02365,23.05235],[105.02361,23.05431],[105.02278,23.05509],[105.0224,23.05618],[105.02087,23.05802],[105.01994,23.05826],[105.0207,23.05861],[105.02133,23.05978],[105.02336,23.06101],[105.02406,23.06181],[105.0244,23.06295],[105.02414,23.06392],[105.0218,23.06547],[105.02371,23.06823],[105.02153,23.06954],[105.02192,23.07262],[105.02224,23.07336],[105.02388,23.07368],[105.02702,23.07303],[105.02841,23.07328],[105.03218,23.0712],[105.03473,23.07134],[105.03575,23.07038],[105.03558,23.07113],[105.03653,23.07177],[105.03771,23.0702],[105.03751,23.06855],[105.03807,23.06736],[105.04116,23.06372],[105.04183,23.0625],[105.04328,23.06276],[105.04358,23.06205],[105.0439,23.06208],[105.04253,23.06565],[105.04596,23.06676],[105.04732,23.06518],[105.04831,23.06453],[105.0479,23.06326],[105.04988,23.06152],[105.05104,23.06298],[105.05159,23.06325],[105.05165,23.0638],[105.0496,23.06668],[105.04862,23.06898],[105.04628,23.07207],[105.0463,23.07277],[105.04693,23.07336],[105.04786,23.07382],[105.04903,23.07387],[105.05502,23.0765],[105.05776,23.07653],[105.06074,23.07732],[105.06144,23.07644],[105.065,23.0769],[105.06589,23.07833],[105.06659,23.07876],[105.06955,23.07784],[105.06972,23.07665]]]]}},
{"type":"Feature","id":"00913","properties":{"Ward_Code":"00913","Ward_Code_Num":913,"Ward":"Vị Xuyên","Ward_Alt":"Vị Xuyên","Ward_Upper":"VỊ XUYÊN","Ward_Full":"Xã Vị Xuyên","Ward_Full_Alt":"Xã Vị Xuyên","Ward_Full_Upper_Alt":"XÃ VỊ XUYÊN","Ward_Type":"Xã","Province_Code":"08","Province":"Tuyên Quang","Province_Upper_Alt":"TUYÊN QUANG"},"geometry":{"type":"MultiPolygon","coordinates":[[[[104.99505,22.78948],[104.99468,22.78839],[104.9933,22.78732],[104.99307,22.78675],[104.99321,22.78509],[104.99457,22.78191],[104.99549,22.78048],[104.99653,22.77957],[105.00042,22.77763],[105.00419,22.77396],[105.00617,22.76877],[105.0067,22.76561],[105.00769,22.76403],[105.00767,22.76253],[105.00723,22.76121],[105.00886,22.76115],[105.00971,22.76032],[105.0093,22.75963],[105.00922,22.7579],[105.00861,22.75719],[105.0083,22.75618],[105.00695,22.75513],[105.00685,22.75352],[105.00762,22.75222],[105.00692,22.75076],[105.00686,22.74938],[105.006,22.74854],[105.00436,22.74787],[105.00429,22.74688],[105.00304,22.74637],[105.00277,22.7456],[105.00198,22.74481],[105.0016,22.74323],[105.00046,22.74278],[104.99933,22.74035],[104.99535,22.73786],[104.99463,22.73622],[104.99494,22.73513],[104.99217,22.73148],[104.99186,22.72884],[104.9926,22.72693],[104.99174,22.7244],[104.99171,22.72254],[104.99024,22.71958],[104.98933,22.71867],[104.98895,22.71657],[104.98785,22.71482],[104.98719,22.71243],[104.98738,22.70885],[104.98711,22.707],[104.98756,22.70482],[104.98742,22.70217],[104.98787,22.69949],[104.98792,22.69608],[104.98704,22.6905],[104.98747,22.68918],[104.98678,22.68793],[104.98687,22.6868],[104.98743,22.68617],[104.98722,22.68473],[104.988,22.68463],[104.98883,22.68394],[104.98771,22.68307],[104.9864,22.68256],[104.98681,22.68035],[104.98654,22.67947],[104.98586,22.67874],[104.98628,22.6777],[104.9862,22.67488],[104.9901,22.66826],[104.99261,22.66683],[104.99654,22.66547],[104.99735,22.66384],[104.9958,22.66141],[104.99356,22.66015],[104.99334,22.65829],[104.99182,22.6554],[104.99182,22.65332],[104.99208,22.6528],[104.9913,22.65226],[104.99025,22.65077],[104.99013,22.64988],[104.98859,22.64862],[104.9866,22.64873],[104.98516,22.64797],[104.98423,22.64679],[104.9835,22.64502],[104.98073,22.6417],[104.9805,22.64101],[104.98066,22.63909],[104.9816,22.63633],[104.98149,22.63501],[104.98087,22.63461],[104.97989,22.63459],[104.97746,22.63584],[104.97581,22.63621],[104.97526,22.63567],[104.97509,22.63482],[104.97642,22.63307],[104.97616,22.63148],[104.97492,22.63085],[104.9741,22.62998],[104.97038,22.62881],[104.96965,22.62798],[104.97079,22.6274],[104.97068,22.62697],[104.97007,22.62665],[104.97087,22.62653],[104.97075,22.62586],[104.97304,22.62534],[104.97367,22.62359],[104.97413,22.6235],[104.97432,22.62286],[104.97474,22.62292],[104.97413,22.62219],[104.97308,22.622],[104.97103,22.62059],[104.97168,22.61996],[104.97178,22.61904],[104.97259,22.61752],[104.97364,22.61706],[104.97332,22.61655],[104.97358,22.61583],[104.97325,22.6151],[104.97493,22.61425],[104.97608,22.61309],[104.97654,22.61089],[104.97549,22.6084],[104.97545,22.60665],[104.97377,22.60336],[104.97229,22.60281],[104.9686,22.60352],[104.96796,22.60334],[104.96738,22.60183],[104.96761,22.59829],[104.96703,22.59714],[104.96726,22.59542],[104.96694,22.59206],[104.96732,22.58928],[104.96684,22.58684],[104.96684,22.58475],[104.96555,22.58246],[104.96486,22.58278],[104.965,22.58313],[104.96412,22.58332],[104.96458,22.58387],[104.96319,22.5842],[104.96184,22.58507],[104.96177,22.58588],[104.96097,22.58683],[104.96039,22.5892],[104.95924,22.58968],[104.95777,22.59342],[104.9592,22.59483],[104.95994,22.59703],[104.95967,22.59837],[104.96029,22.60378],[104.95851,22.60737],[104.95837,22.6086],[104.95696,22.60969],[104.95184,22.60057],[104.95128,22.59788],[104.95029,22.59616],[104.94774,22.59333],[104.94614,22.59311],[104.94462,22.59178],[104.94338,22.59135],[104.94441,22.59304],[104.94732,22.59529],[104.94754,22.59658],[104.94915,22.59986],[104.9494,22.60102],[104.94917,22.60257],[104.94947,22.60557],[104.9489,22.60639],[104.94818,22.61009],[104.9448,22.6131],[104.94494,22.61535],[104.94363,22.6194],[104.94341,22.62404],[104.94308,22.6243],[104.94352,22.62453],[104.94353,22.62509],[104.9432,22.62599],[104.94255,22.62631],[104.9424,22.62782],[104.94342,22.6286],[104.94335,22.63047],[104.94516,22.63119],[104.9457,22.63381],[104.94686,22.63532],[104.94641,22.63574],[104.9449,22.63939],[104.94463,22.64089],[104.94327,22.64162],[104.94512,22.64368],[104.94627,22.64614],[104.94613,22.64716],[104.94748,22.64779],[104.94726,22.6494],[104.94933,22.65035],[104.95024,22.65189],[104.95031,22.65388],[104.95126,22.65426],[104.95206,22.6553],[104.95298,22.65518],[104.95398,22.65557],[104.95456,22.65634],[104.95468,22.65724],[104.95816,22.65635],[104.95889,22.6565],[104.95985,22.6575],[104.96155,22.65984],[104.96111,22.66217],[104.96227,22.66392],[104.96337,22.66464],[104.96352,22.66558],[104.96419,22.66672],[104.96381,22.66918],[104.963,22.67027],[104.96303,22.67125],[104.96208,22.67208],[104.96131,22.67356],[104.95799,22.67424],[104.95713,22.67469],[104.95418,22.67825],[104.95215,22.67851],[104.95233,22.68054],[104.95204,22.68167],[104.95101,22.6823],[104.94889,22.68492],[104.94821,22.68787],[104.94699,22.68975],[104.94589,22.69052],[104.94396,22.691],[104.94166,22.69375],[104.94065,22.69376],[104.94011,22.69297],[104.93803,22.6934],[104.93705,22.69531],[104.93732,22.69806],[104.93827,22.69857],[104.93893,22.7],[104.93995,22.70042],[104.93986,22.70351],[104.94172,22.70766],[104.94093,22.71079],[104.94084,22.71297],[104.94355,22.71257],[104.94536,22.71328],[104.94582,22.714],[104.94565,22.71466],[104.94424,22.71543],[104.94352,22.71714],[104.94414,22.71888],[104.94374,22.72025],[104.94591,22.72257],[104.9479,22.723],[104.94913,22.72394],[104.95004,22.72515],[104.95053,22.72659],[104.95183,22.72784],[104.95202,22.72929],[104.95415,22.73155],[104.95312,22.7367],[104.95327,22.73773],[104.95375,22.73834],[104.95322,22.73961],[104.95356,22.74059],[104.95337,22.74169],[104.95359,22.74287],[104.95425,22.74384],[104.95306,22.74498],[104.95308,22.745729999999998],[104.95388,22.74731],[104.95495,22.74786],[104.95505,22.74868],[104.95461,22.75042],[104.95654,22.75459],[104.95931,22.75462],[104.96202,22.75573],[104.96362,22.75594],[104.96453,22.75666],[104.96851,22.7554],[104.97022,22.7555],[104.97057,22.75635],[104.9704,22.75772],[104.96895,22.75886],[104.96792,22.7603],[104.97052,22.762],[104.9715,22.76209],[104.97337,22.76412],[104.9757,22.76454],[104.9774,22.76558],[104.97811,22.76701],[104.97988,22.76779],[104.98163,22.76958],[104.98165,22.77168],[104.98062,22.77422],[104.98064,22.77626],[104.98106,22.77766],[104.98273,22.77968],[104.98263,22.78068],[104.98375,22.78203],[104.9834,22.78328],[104.98413,22.7843],[104.98377,22.78589],[104.98424,22.78749],[104.9852,22.78794],[104.98761,22.78745],[104.98936,22.78783],[104.99034,22.78855],[104.99249,22.78936],[104.99505,22.78948]]]]}},
{"type":"Feature","id":"00919","properties":{"Ward_Code":"00919","Ward_Code_Num":919,"Ward":"Minh Tân","Ward_Alt":"Minh Tân","Ward_Upper":"MINH TÂN","Ward_Full":"Xã Minh Tân","Ward_Full_Alt":"Xã Minh Tân","Ward_Full_Upper_Alt":"XÃ MINH TÂN","Ward_Type":"Xã","Province_Code":"08","Province":"Tuyên Quang","Province_Upper_Alt":"TUYÊN QUANG"},"geometry":{"type":"MultiPolygon","coordinates":[[[[104.91793,23.04186],[104.91992,23.04244],[104.92054,23.0407],[104.92055,23.03883],[104.92216,23.03663],[104.92399,23.0349],[104.92462,23.03139],[104.92414,23.03056],[104.92436,23.02973],[104.92389,23.02886],[104.92391,23.02749],[104.92516,23.02657],[104.92555,23.02382],[104.92612,23.02334],[104.92719,23.02135],[104.92747,23.01987],[104.92835,23.01801],[104.92849,23.01573],[104.92708,23.01391],[104.92727,23.01249],[104.92815,23.01122],[104.92804,23.00989],[104.9285,23.0087],[104.92911,23.00753],[104.93061,23.00657],[104.93234,23.00595],[104.9354,23.00572],[104.93511,23.00427],[104.93454,23.0036],[104.93204,23.00274],[104.93171,23.00227],[104.92813,23.00208],[104.92884,22.99971],[104.92945,22.99581],[104.93152,22.99497],[104.93505,22.99514],[104.93711,22.9971],[104.93863,22.99696],[104.93989,22.99723],[104.9407,22.99777],[104.94431,22.9984],[104.94562,22.99916],[104.94585,23.00003],[104.946,22.999],[104.94723,22.99669],[104.94821,22.99653],[104.94983,22.99693],[104.95034,22.99646],[104.95023,22.99601],[104.95313,22.99408],[104.95401,22.99408],[104.95441,22.99452],[104.95465,22.99384],[104.95598,22.99294],[104.95669,22.99203],[104.95891,22.99197],[104.95925,22.99318],[104.9612,22.99478],[104.96237,22.9939],[104.96328,22.99388],[104.96372,22.99434],[104.9641,22.99323],[104.96422,22.99107],[104.96522,22.99032],[104.96421,22.98623],[104.96494,22.98424],[104.96512,22.98264],[104.96614,22.98086],[104.96666,22.97869],[104.9671,22.97593],[104.96691,22.97392],[104.96555,22.97341],[104.96588,22.97172],[104.96567,22.97011],[104.96414,22.96927],[104.96373,22.9674],[104.95933,22.96477],[104.95849,22.96287],[104.95894,22.96212],[104.9585,22.96116],[104.95979,22.95985],[104.95968,22.95884],[104.96038,22.95698],[104.96239,22.95594],[104.96343,22.95399],[104.96451,22.95303],[104.96594,22.95287],[104.9667,22.95129],[104.96811,22.95164],[104.97182,22.94918],[104.97391,22.94904],[104.97593,22.94214],[104.97721,22.94026],[104.97816,22.93946],[104.97855,22.93758],[104.97973,22.93614],[104.98016,22.9346],[104.98037,22.93083],[104.97978,22.92956],[104.97984,22.92857],[104.97712,22.92652],[104.97659,22.92578],[104.96959,22.92735],[104.96906,22.92688],[104.96745,22.92635],[104.9665,22.92484],[104.96304,22.92138],[104.95773,22.9189],[104.95702,22.91885],[104.9557,22.91946],[104.95384,22.91794],[104.95292,22.91839],[104.95245,22.92002],[104.95098,22.92016],[104.94823,22.92214],[104.94738,22.92223],[104.94474,22.92138],[104.94371,22.92189],[104.94247,22.92084],[104.94248,22.92037],[104.94433,22.91826],[104.94409,22.91561],[104.94471,22.91298],[104.9442,22.91184],[104.94306,22.91124],[104.94162,22.90932],[104.94071,22.90612],[104.93895,22.90277],[104.9404,22.89986],[104.94087,22.89815],[104.94073,22.89748],[104.93954,22.89704],[104.9393,22.89644],[104.9382,22.89645],[104.93722,22.89589],[104.93714,22.89656],[104.93624,22.89691],[104.93468,22.89686],[104.93051,22.89764],[104.92822,22.89746],[104.92658,22.89809],[104.92567,22.89933],[104.92359,22.9011],[104.92315,22.90241],[104.92082,22.9024],[104.91946,22.90331],[104.91752,22.90667],[104.91758,22.90712],[104.91828,22.9078],[104.91363,22.91057],[104.91221,22.91107],[104.90979,22.91114],[104.90622,22.90962],[104.90554,22.91142],[104.90452,22.91165],[104.90321,22.91252],[104.90347,22.91466],[104.90281,22.91602],[104.90192,22.91617],[104.90131,22.91517],[104.90063,22.91502],[104.89795,22.91632],[104.89678,22.91507],[104.89534,22.91496],[104.89424,22.91384],[104.8918,22.91453],[104.89036,22.91263],[104.89018,22.91344],[104.88944,22.91393],[104.88899,22.91473],[104.8889,22.91573],[104.88832,22.91578],[104.88768,22.91679],[104.88692,22.91731],[104.88548,22.91697],[104.88501,22.91808],[104.88548,22.91906],[104.88471,22.92001],[104.88632,22.92123],[104.88696,22.92249],[104.88602,22.92332],[104.88408,22.92361],[104.88323,22.92451],[104.88343,22.92505],[104.88289,22.92535],[104.88234,22.92644],[104.88144,22.927],[104.88072,22.92914],[104.88004,22.93008],[104.87664,22.93184],[104.87521,22.93435],[104.87291,22.93539],[104.87113,22.93722],[104.86671,22.94055],[104.86597,22.94285],[104.86631,22.94437],[104.86522,22.94619],[104.86601,22.94805],[104.86441,22.94912],[104.86372,22.95067],[104.86433,22.95177],[104.86442,22.95324],[104.86523,22.9544],[104.86534,22.95677],[104.86474,22.95752],[104.86503,22.95857],[104.86493,22.95978],[104.86573,22.96098],[104.8656,22.96245],[104.86461,22.96377],[104.86292,22.96466],[104.86205,22.9668],[104.86067,22.9683],[104.8614,22.9699],[104.86133,22.9714],[104.86254,22.97434],[104.86201,22.97543],[104.86059,22.97635],[104.86098,22.97792],[104.86049,22.97877],[104.86345,22.98093],[104.86587,22.98142],[104.86636,22.98179],[104.86666,22.98025],[104.86749,22.97907],[104.87004,22.97958],[104.87254,22.9789],[104.87292,22.97797],[104.87276,22.97651],[104.87603,22.97741],[104.87714,22.97903],[104.87731,22.98134],[104.87659,22.98282],[104.87812,22.98448],[104.87809,22.98601],[104.87858,22.98696],[104.87803,22.98826],[104.87936,22.98944],[104.87964,22.99053],[104.88129,22.99058],[104.88303,22.99135],[104.88431,22.99392],[104.88574,22.99473],[104.88666,22.99655],[104.88926,23.0001],[104.8908,23.00009],[104.89174,23.0015],[104.89765,23.00358],[104.89828,23.00589],[104.90022,23.00795],[104.90058,23.00966],[104.89965,23.01014],[104.89985,23.01257],[104.89952,23.01342],[104.89798,23.01457],[104.89794,23.01672],[104.89561,23.01777],[104.8923,23.02154],[104.89153,23.0218],[104.89117,23.02273],[104.8993,23.02624],[104.90424,23.02991],[104.91196,23.03438],[104.91262,23.03661],[104.91341,23.03772],[104.91355,23.04175],[104.91454,23.0417],[104.91502,23.04245],[104.91588,23.04293],[104.91793,23.04186]]]]}},
{"type":"Feature","id":"00922","properties":{"Ward_Code":"00922","Ward_Code_Num":922,"Ward":"Thuận Hoà","Ward_Alt":"Thuận Hòa","Ward_Upper":"THUẬN HOÀ","Ward_Full":"Xã Thuận Hoà","Ward_Full_Alt":"Xã Thuận Hòa","Ward_Full_Upper_Alt":"XÃ THUẬN HÒA","Ward_Type":"Xã","Province_Code":"08","Province":"Tuyên Quang","Province_Upper_Alt":"TUYÊN QUANG"},"geometry":{"type":"MultiPolygon","coordinates":[[[[104.97704,22.94046],[104.98673,22.95389],[104.98624,22.96484],[104.98247,22.9649],[104.98272,22.96726],[104.9861,22.97352],[104.9864,22.98342],[104.99042,22.98571],[104.99523,22.98694],[104.99739,22.99304],[105.00039,22.99953],[105.00195,23.00028],[105.00372,23.00054],[105.00548,23.00152],[105.00737,23.00164],[105.01,22.99975],[105.01326,22.99973],[105.01493,22.99885],[105.01541,22.99787],[105.01647,22.99812],[105.01817,22.9971],[105.02074,22.99656],[105.02222,22.99578],[105.02269,22.99521],[105.02278,22.99377],[105.02402,22.9914],[105.0251,22.99064],[105.02829,22.9909],[105.02972,22.99181],[105.031,22.99187],[105.02999,22.98942],[105.03074,22.98828],[105.03079,22.9856],[105.03154,22.98299],[105.03266,22.98075],[105.03346,22.9801],[105.03423,22.97873],[105.03449,22.97585],[105.03548,22.97314],[105.03758,22.97112],[105.03768,22.96929],[105.03947,22.96617],[105.04109,22.96471],[105.04222,22.96431],[105.04319,22.96218],[105.04459,22.96021],[105.04683,22.95883],[105.04808,22.95696],[105.04818,22.9557],[105.04904,22.95492],[105.04982,22.95493],[105.05212,22.95371],[105.05262,22.95256],[105.05347,22.95202],[105.0539,22.9509],[105.05711,22.94916],[105.05794,22.94741],[105.05734,22.94457],[105.05737,22.94232],[105.05564,22.94071],[105.05462,22.94031],[105.05429,22.93901],[105.05266,22.93734],[105.05265,22.93598],[105.05164,22.935],[105.05131,22.93406],[105.05149,22.93299],[105.05114,22.93237],[105.05118,22.93095],[105.0522,22.92714],[105.05109,22.92518],[105.05112,22.92384],[105.05225,22.92206],[105.05276,22.91966],[105.055,22.91688],[105.05526,22.91543],[105.05639,22.91261],[105.05761,22.91098],[105.05771,22.90988],[105.05711,22.90843],[105.05617,22.9072],[105.05593,22.90622],[105.05484,22.90466],[105.05495,22.90372],[105.05598,22.90153],[105.05486,22.89962],[105.05512,22.89541],[105.05381,22.89424],[105.05369,22.89379],[105.05386,22.89307],[105.05212,22.88204],[105.05138,22.88052],[105.05156,22.87931],[105.05103,22.87753],[105.05103,22.87465],[105.0472,22.86632],[105.04598,22.86714],[105.04549,22.86715],[105.04501,22.86671],[105.04281,22.86749],[105.04062,22.86646],[105.03949,22.86696],[105.03617,22.87008],[105.03402,22.87153],[105.03146,22.872],[105.03061,22.87182],[105.02973,22.8725],[105.02922,22.87344],[105.02807,22.87404],[105.02716,22.87652],[105.02403,22.87912],[105.0217,22.87602],[105.01686,22.87117],[105.01645,22.86972],[105.01513,22.87037],[105.01464,22.87177],[105.01324,22.8716],[105.01225,22.87201],[105.01039,22.87208],[105.00816,22.87125],[105.00995,22.87049],[105.01062,22.8681],[105.01014,22.86779],[105.0085,22.86782],[105.00806,22.86733],[105.00558,22.86785],[105.00299,22.86741],[105.0019,22.86809],[105.00015,22.86839],[104.99376,22.8683],[104.99246,22.86982],[104.99141,22.87041],[104.99095,22.87142],[104.98716,22.87263],[104.98474,22.87417],[104.98167,22.87465],[104.98094,22.87579],[104.9794,22.87662],[104.97754,22.87857],[104.97295,22.88051],[104.97212,22.88139],[104.97119,22.88155],[104.97,22.88243],[104.96847,22.88278],[104.96777,22.88351],[104.96684,22.88366],[104.96555,22.8845],[104.96415,22.88469],[104.96286,22.88608],[104.96113,22.88602],[104.959,22.8869],[104.95598,22.8902],[104.95126,22.88945],[104.94914,22.89093],[104.94812,22.89257],[104.94431,22.89516],[104.94411,22.89558],[104.94319,22.89563],[104.94165,22.89459],[104.93963,22.89604],[104.9393,22.89644],[104.93947,22.89695],[104.94066,22.89735],[104.94087,22.89815],[104.9404,22.89986],[104.93895,22.90277],[104.94071,22.90612],[104.94162,22.90932],[104.94306,22.91124],[104.9442,22.91184],[104.94471,22.91298],[104.94409,22.91561],[104.94433,22.91826],[104.94248,22.92037],[104.94247,22.92084],[104.94371,22.92189],[104.94474,22.92138],[104.94738,22.92223],[104.94823,22.92214],[104.95098,22.92016],[104.95245,22.92002],[104.95292,22.91839],[104.95384,22.91794],[104.9557,22.91946],[104.95702,22.91885],[104.95773,22.9189],[104.96304,22.92138],[104.9665,22.92484],[104.96745,22.92635],[104.96906,22.92688],[104.96959,22.92735],[104.97659,22.92578],[104.97712,22.92652],[104.97984,22.92857],[104.97978,22.92956],[104.98037,22.93083],[104.97995,22.93561],[104.97855,22.93758],[104.97816,22.93946],[104.97704,22.94046]]]]}},
{"type":"Feature","id":"00925","properties":{"Ward_Code":"00925","Ward_Code_Num":925,"Ward":"Tùng Bá","Ward_Alt":"Tùng Bá","Ward_Upper":"TÙNG BÁ","Ward_Full":"Xã Tùng Bá","Ward_Full_Alt":"Xã Tùng Bá","Ward_Full_Upper_Alt":"XÃ TÙNG BÁ","Ward_Type":"Xã","Province_Code":"08","Province":"Tuyên Quang","Province_Upper_Alt":"TUYÊN QUANG"},"geometry":{"type":"MultiPolygon","coordinates":[[[[105.10219,22.96241],[105.10434,22.96157],[105.10573,22.96024],[105.10668,22.95981],[105.10908,22.95984],[105.1102,22.95919],[105.11266,22.95846],[105.11572,22.95832],[105.12109,22.95909],[105.12447,22.9592],[105.12666,22.96045],[105.12738,22.96157],[105.12743,22.96228],[105.12899,22.96091],[105.13019,22.96119],[105.13068,22.95995],[105.13226,22.95978],[105.13312,22.96008],[105.13416,22.95666],[105.1355,22.95599],[105.13502,22.95476],[105.13535,22.95368],[105.13465,22.9518],[105.13526,22.95043],[105.13606,22.94995],[105.13686,22.94813],[105.13989,22.9463],[105.14011,22.94343],[105.13962,22.94246],[105.13996,22.94153],[105.13977,22.94091],[105.1403,22.94044],[105.14042,22.9395],[105.1418,22.93736],[105.14162,22.93581],[105.14207,22.93232],[105.14112,22.93173],[105.14077,22.93061],[105.14011,22.92981],[105.14008,22.92657],[105.14086,22.92514],[105.14026,22.92347],[105.14065,22.9228],[105.14227,22.92199],[105.1419,22.92158],[105.14184,22.92046],[105.13994,22.91958],[105.13932,22.91885],[105.1393,22.91668],[105.13871,22.91456],[105.13666,22.91358],[105.1349,22.91158],[105.13755,22.90804],[105.13751,22.90587],[105.13861,22.90384],[105.14013,22.90192],[105.14149,22.89898],[105.14283,22.89799],[105.14378,22.89615],[105.14546,22.89462],[105.14647,22.89113],[105.1475,22.88922],[105.14654,22.88549],[105.14724,22.88451],[105.1478,22.88241],[105.14708,22.88074],[105.14706,22.87957],[105.14805,22.87668],[105.1504,22.87304],[105.15054,22.87101],[105.15116,22.86974],[105.1505,22.86893],[105.15082,22.86733],[105.15065,22.86544],[105.15149,22.8632],[105.15179,22.86071],[105.15094,22.85934],[105.15042,22.85911],[105.1482,22.85852],[105.14362,22.85812],[105.14133,22.85744],[105.14123,22.85688],[105.14188,22.85603],[105.14191,22.85384],[105.14117,22.85119],[105.14143,22.85033],[105.14274,22.84941],[105.1431,22.84879],[105.14292,22.84714],[105.14166,22.84742],[105.14088,22.84675],[105.13945,22.84655],[105.13822,22.84579],[105.13683,22.84419],[105.13614,22.84304],[105.13635,22.84216],[105.13599,22.84039],[105.13629,22.83843],[105.13501,22.8369],[105.13395,22.83813],[105.13133,22.83803],[105.13004,22.83832],[105.12856,22.8394],[105.12796,22.83936],[105.12781,22.83734],[105.12634,22.83774],[105.12552,22.83818],[105.12505,22.83896],[105.1243,22.83907],[105.12315,22.84003],[105.1197,22.84151],[105.11722,22.84216],[105.11592,22.84147],[105.11511,22.83936],[105.11419,22.83913],[105.11309,22.83816],[105.11184,22.83764],[105.11141,22.83642],[105.10902,22.83254],[105.10703,22.83048],[105.1029,22.82948],[105.10184,22.82963],[105.09979,22.83088],[105.09692,22.83189],[105.09321,22.83102],[105.08962,22.83216],[105.08694,22.83217],[105.08593,22.83187],[105.0836,22.83388],[105.08139,22.83461],[105.07995,22.83416],[105.07803,22.83452],[105.07636,22.83607],[105.07428,22.83656],[105.07303,22.83727],[105.07343,22.83817],[105.07328,22.84015],[105.0747,22.8413],[105.07534,22.84416],[105.07376,22.845],[105.07286,22.84488],[105.0724,22.84577],[105.06855,22.84448],[105.06696,22.84481],[105.06368,22.84687],[105.06353,22.84784],[105.0621,22.84985],[105.05851,22.85023],[105.05768,22.85121],[105.05605,22.8517],[105.05567,22.85224],[105.0556,22.8542],[105.0499,22.85536],[105.04935,22.85601],[105.048,22.85623],[105.04791,22.85708],[105.04713,22.85791],[105.04716,22.85883],[105.04518,22.85993],[105.04539,22.86069],[105.04488,22.86259],[105.04187,22.86368],[105.04194,22.8643],[105.04062,22.86646],[105.04281,22.86749],[105.04501,22.86671],[105.04549,22.86715],[105.04598,22.86714],[105.0472,22.86632],[105.05103,22.87465],[105.05103,22.87753],[105.05156,22.87931],[105.05138,22.88052],[105.05212,22.88204],[105.05386,22.89307],[105.05369,22.89379],[105.05381,22.89424],[105.05512,22.89541],[105.05486,22.89962],[105.05598,22.90153],[105.05495,22.90372],[105.05484,22.90466],[105.05593,22.90622],[105.05617,22.9072],[105.05711,22.90843],[105.05771,22.90988],[105.05761,22.91098],[105.05639,22.91261],[105.05526,22.91543],[105.055,22.91688],[105.05276,22.91966],[105.05225,22.92206],[105.05112,22.92384],[105.05109,22.92518],[105.0522,22.92714],[105.0512,22.93081],[105.05114,22.93237],[105.05149,22.93299],[105.05131,22.93406],[105.05164,22.935],[105.05265,22.93598],[105.05266,22.93734],[105.05429,22.93901],[105.05467,22.94037],[105.05564,22.94071],[105.05737,22.94232],[105.05734,22.94457],[105.05789,22.94682],[105.05993,22.94742],[105.06244,22.94882],[105.06379,22.94893],[105.06757,22.95093],[105.07103,22.9514],[105.07216,22.95111],[105.06976,22.95592],[105.07042,22.95678],[105.07032,22.95728],[105.07602,22.95692],[105.07841,22.95782],[105.0795,22.95792],[105.08067,22.95875],[105.08117,22.95864],[105.0818,22.95773],[105.08265,22.95756],[105.08484,22.9585],[105.08596,22.9585],[105.08785,22.95805],[105.08916,22.95697],[105.0903,22.95662],[105.09178,22.9568],[105.09314,22.95605],[105.09452,22.95606],[105.09535,22.95641],[105.0957,22.95692],[105.09699,22.96062],[105.09806,22.96193],[105.09908,22.96233],[105.10004,22.96227],[105.1008,22.96286],[105.10219,22.96241]]]]}},
{"type":"Feature","id":"00928","properties":{"Ward_Code":"00928","Ward_Code_Num":928,"Ward":"Thanh Thuỷ","Ward_Alt":"Thanh Thủy","Ward_Upper":"THANH THUỶ","Ward_Full":"Xã Thanh Thuỷ","Ward_Full_Alt":"Xã Thanh Thủy","Ward_Full_Upper_Alt":"XÃ THANH THỦY","Ward_Type":"Xã","Province_Code":"08","Province":"Tuyên Quang","Province_Upper_Alt":"TUYÊN QUANG"},"geometry":{"type":"MultiPolygon","coordinates":[[[[104.8742,22.93473],[104.87521,22.93435],[104.87664,22.93184],[104.88004,22.93008],[104.88072,22.92914],[104.88144,22.927],[104.88234,22.92644],[104.88289,22.92535],[104.88343,22.92505],[104.88323,22.92451],[104.88408,22.92361],[104.88602,22.92332],[104.88696,22.92249],[104.88632,22.92123],[104.88471,22.92001],[104.88548,22.91906],[104.88501,22.91808],[104.88548,22.91697],[104.88692,22.91731],[104.88768,22.91679],[104.88832,22.91578],[104.8889,22.91573],[104.88899,22.91473],[104.88944,22.91393],[104.89018,22.91344],[104.89036,22.91263],[104.89136,22.9118],[104.89309,22.90728],[104.89496,22.90487],[104.89594,22.90423],[104.89882,22.89872],[104.90098,22.89762],[104.90192,22.8976],[104.90223,22.89724],[104.90238,22.89564],[104.90416,22.89519],[104.90451,22.89432],[104.90638,22.89305],[104.90627,22.89148],[104.90402,22.88375],[104.90495,22.88321],[104.90624,22.88182],[104.90758,22.87914],[104.91013,22.87817],[104.91399,22.87544],[104.91545,22.87095],[104.91649,22.86997],[104.91934,22.86841],[104.92358,22.8632],[104.92655,22.86117],[104.92551,22.86037],[104.92466,22.86039],[104.92431,22.85987],[104.92474,22.85889],[104.9252,22.85873],[104.92495,22.85825],[104.92581,22.85747],[104.92527,22.85715],[104.92528,22.85647],[104.9243,22.85667],[104.92381,22.85642],[104.92384,22.85589],[104.92526,22.85624],[104.92545,22.85602],[104.9249,22.85581],[104.92537,22.85562],[104.92537,22.85531],[104.92388,22.85478],[104.92382,22.85406],[104.9243,22.85344],[104.92412,22.85278],[104.92339,22.85204],[104.92258,22.85006],[104.92059,22.8469],[104.91945,22.84579],[104.91809,22.84545],[104.91715,22.84352],[104.91506,22.84226],[104.91503,22.84129],[104.91428,22.83947],[104.91205,22.83805],[104.9115,22.83713],[104.90973,22.8372],[104.9068,22.83875],[104.90434,22.83913],[104.90364,22.83969],[104.90199,22.84008],[104.90116,22.84075],[104.89949,22.84112],[104.89849,22.84185],[104.89831,22.84262],[104.8967,22.83925],[104.89522,22.83868],[104.89447,22.83784],[104.8932,22.83717],[104.89213,22.83608],[104.89137,22.8341],[104.88924,22.83251],[104.88833,22.83217],[104.88789,22.83134],[104.8871,22.83076],[104.8846,22.8302],[104.88358,22.82859],[104.88094,22.82723],[104.87834,22.82397],[104.87785,22.82369],[104.87641,22.82367],[104.87463,22.82231],[104.87293,22.82021],[104.87136,22.81969],[104.86882,22.81826],[104.8679,22.81558],[104.86637,22.8132],[104.86575,22.81048],[104.86331,22.80872],[104.86088,22.80869],[104.8548,22.80717],[104.85337,22.80755],[104.85354,22.80651],[104.85328,22.8061],[104.85121,22.80525],[104.85072,22.80473],[104.84449,22.80391],[104.84266,22.80445],[104.84089,22.80434],[104.83945,22.80374],[104.83869,22.8029],[104.83763,22.80256],[104.83683,22.80093],[104.83554,22.80061],[104.83503,22.80015],[104.82963,22.7996],[104.82801,22.79895],[104.82442,22.7994],[104.82249,22.79926],[104.82147,22.79963],[104.81794,22.79906],[104.81398,22.80015],[104.81276,22.79995],[104.8108,22.80018],[104.80932,22.79976],[104.80748,22.80121],[104.80596,22.80193],[104.80556,22.80137],[104.80457,22.80095],[104.80384,22.80283],[104.80319,22.8033],[104.80304,22.80384],[104.80419,22.80841],[104.80533,22.80928],[104.80581,22.81022],[104.80751,22.81153],[104.80803,22.81284],[104.8102,22.81573],[104.81172,22.81677],[104.81296,22.8182],[104.81487,22.81921],[104.81516,22.82013],[104.8185,22.82139],[104.82019,22.82449],[104.82173,22.82532],[104.82097,22.82627],[104.82092,22.82791],[104.82269,22.829],[104.82371,22.82905],[104.82637,22.83026],[104.82523,22.83214],[104.82436,22.83521],[104.82274,22.83756],[104.82104,22.83873],[104.82098,22.84018],[104.81947,22.84204],[104.82007,22.84291],[104.8218,22.84394],[104.82284,22.84572],[104.82373,22.84827],[104.82586,22.85008],[104.82625,22.85107],[104.82778,22.85242],[104.83085,22.85345],[104.83265,22.85474],[104.83326,22.85555],[104.83348,22.86145],[104.83293,22.86536],[104.83498,22.86735],[104.8382,22.86787],[104.83944,22.86871],[104.843,22.86876],[104.84444,22.86757],[104.8452,22.86812],[104.84759,22.86854],[104.84883,22.86831],[104.85032,22.86751],[104.85044,22.86994],[104.85104,22.87197],[104.85113,22.87361],[104.84989,22.87531],[104.85091,22.87822],[104.85083,22.87941],[104.85112,22.87994],[104.85082,22.8822],[104.85145,22.88376],[104.85064,22.88866],[104.85068,22.89188],[104.85141,22.89417],[104.85128,22.89509],[104.85073,22.89595],[104.85107,22.89756],[104.84998,22.89734],[104.84735,22.89773],[104.84616,22.89745],[104.84525,22.8976],[104.84381,22.89882],[104.84323,22.90094],[104.84236,22.90183],[104.84115,22.90152],[104.84002,22.90047],[104.83909,22.90012],[104.83756,22.90087],[104.8366,22.90215],[104.83346,22.90414],[104.83041,22.90393],[104.82916,22.90284],[104.82496,22.90586],[104.82368,22.9076],[104.82197,22.90914],[104.82096,22.9107],[104.81876,22.91243],[104.81704,22.91313],[104.81518,22.91308],[104.81292,22.91358],[104.81176,22.91342],[104.80875,22.91497],[104.80829,22.91638],[104.80881,22.91765],[104.81022,22.91887],[104.81028,22.91964],[104.81227,22.92071],[104.81358,22.9212],[104.81525,22.92078],[104.81664,22.92109],[104.81998,22.9235],[104.82123,22.92369],[104.82178,22.9234],[104.82421,22.92416],[104.82847,22.92437],[104.82955,22.92483],[104.83846,22.92214],[104.83943,22.92114],[104.84006,22.9227],[104.83988,22.92433],[104.84064,22.92652],[104.843,22.93029],[104.8443,22.9304],[104.84518,22.93286],[104.84657,22.93337],[104.84692,22.93425],[104.84758,22.934449999999998],[104.8487,22.93549],[104.84973,22.93734],[104.85534,22.93982],[104.86232,22.94234],[104.863,22.94292],[104.86435,22.9454],[104.86456,22.94767],[104.86383,22.94869],[104.86441,22.94912],[104.86601,22.94805],[104.86522,22.94619],[104.86631,22.94437],[104.86597,22.94285],[104.86671,22.94055],[104.87113,22.93722],[104.87291,22.93539],[104.8742,22.93473]]]]}},
{"type":"Feature","id":"00937","properties":{"Ward_Code":"00937","Ward_Code_Num":937,"Ward":"Lao Chải","Ward_Alt":"Lao Chải","Ward_Upper":"LAO CHẢI","Ward_Full":"Xã Lao Chải","Ward_Full_Alt":"Xã Lao Chải","Ward_Full_Upper_Alt":"XÃ LAO CHẢI","Ward_Type":"Xã","Province_Code":"08","Province":"Tuyên Quang","Province_Upper_Alt":"TUYÊN QUANG"},"geometry":{"type":"MultiPolygon","coordinates":[[[[104.80969,22.91454],[104.81176,22.91342],[104.81292,22.91358],[104.81518,22.91308],[104.81704,22.91313],[104.81876,22.91243],[104.82096,22.9107],[104.82197,22.90914],[104.82368,22.9076],[104.82496,22.90586],[104.82916,22.90284],[104.83041,22.90393],[104.83346,22.90414],[104.8366,22.90215],[104.83756,22.90087],[104.83909,22.90012],[104.84002,22.90047],[104.84115,22.90152],[104.84236,22.90183],[104.84323,22.90094],[104.84381,22.89882],[104.84525,22.8976],[104.84616,22.89745],[104.84735,22.89773],[104.84998,22.89734],[104.85107,22.89756],[104.85073,22.89595],[104.85128,22.89509],[104.85141,22.89417],[104.85068,22.89188],[104.85064,22.88866],[104.85145,22.88376],[104.85082,22.8822],[104.85112,22.87994],[104.85083,22.87941],[104.85091,22.87822],[104.84989,22.87531],[104.85113,22.87361],[104.85104,22.87197],[104.85044,22.86994],[104.85044,22.86771],[104.85032,22.86751],[104.84883,22.86831],[104.84743,22.86855],[104.8452,22.86812],[104.84444,22.86757],[104.843,22.86876],[104.83929,22.86869],[104.8382,22.86787],[104.83498,22.86735],[104.83293,22.86536],[104.83348,22.86145],[104.83326,22.85555],[104.83265,22.85474],[104.83085,22.85345],[104.82778,22.85242],[104.82625,22.85107],[104.82586,22.85008],[104.82373,22.84827],[104.82284,22.84572],[104.8218,22.84394],[104.82007,22.84291],[104.81947,22.84204],[104.82098,22.84018],[104.82104,22.83873],[104.82274,22.83756],[104.82436,22.83521],[104.82523,22.83214],[104.82637,22.83026],[104.82371,22.82905],[104.82269,22.829],[104.82092,22.82791],[104.82095,22.82634],[104.82167,22.82523],[104.82019,22.82449],[104.81827,22.82114],[104.81516,22.82013],[104.81487,22.81921],[104.81296,22.8182],[104.81172,22.81677],[104.80993,22.81545],[104.80803,22.81284],[104.80751,22.81153],[104.80581,22.81022],[104.80533,22.80928],[104.80409,22.80827],[104.80304,22.80452],[104.80092,22.80502],[104.79955,22.80576],[104.79671,22.80575],[104.79597,22.80648],[104.79314,22.80761],[104.79129,22.80701],[104.79061,22.80768],[104.78904,22.80819],[104.7863,22.80797],[104.78476,22.80706],[104.77943,22.80698],[104.77882,22.80598],[104.77868,22.80423],[104.77607,22.8006],[104.77133,22.79832],[104.76915,22.79669],[104.767,22.79611],[104.76538,22.79617],[104.76483,22.79581],[104.76469,22.79527],[104.76443,22.79581],[104.76246,22.79673],[104.75627,22.79673],[104.75447,22.79761],[104.753,22.79775],[104.75215,22.79816],[104.75135,22.79785],[104.74865,22.79916],[104.74766,22.79942],[104.74621,22.79911],[104.74323,22.80029],[104.74271,22.80098],[104.74264,22.8018],[104.73949,22.80322],[104.73931,22.80403],[104.73831,22.80534],[104.73823,22.80623],[104.73938,22.80817],[104.73894,22.80944],[104.73937,22.81278],[104.73912,22.8154],[104.73861,22.81593],[104.73849,22.81659],[104.73682,22.817],[104.73676,22.81789],[104.73451,22.82068],[104.7349,22.82163],[104.73414,22.82238],[104.73381,22.82334],[104.73259,22.8235],[104.73321,22.82521],[104.73444,22.82565],[104.7358,22.8304],[104.73438,22.83184],[104.73463,22.8324],[104.73408,22.83305],[104.7338,22.83413],[104.73398,22.83478],[104.73264,22.83638],[104.73299,22.83844],[104.7323,22.83963],[104.73296,22.84055],[104.73208,22.84159],[104.73152,22.84335],[104.73059,22.84462],[104.72831,22.84595],[104.72722,22.84732],[104.72585,22.84811],[104.7245,22.84978],[104.72552,22.85091],[104.72773,22.85181],[104.72824,22.85273],[104.73233,22.85681],[104.73463,22.8574],[104.73566,22.85823],[104.73884,22.85883],[104.74289,22.85782],[104.74492,22.85802],[104.74646,22.85774],[104.75049,22.85781],[104.7528,22.85698],[104.75632,22.85874],[104.7566,22.85897],[104.75655,22.85983],[104.7574,22.86277],[104.75846,22.8638],[104.75923,22.8641],[104.76025,22.86534],[104.76119,22.86864],[104.76249,22.86888],[104.76318,22.86989],[104.76314,22.87067],[104.76237,22.87173],[104.7636,22.87187],[104.76413,22.87234],[104.76383,22.87403],[104.76387,22.87675],[104.76424,22.8785],[104.76556,22.88082],[104.76578,22.8834],[104.76472,22.88525],[104.76534,22.88539],[104.76608,22.88633],[104.76871,22.88787],[104.77045,22.88986],[104.77051,22.89031],[104.76934,22.8913],[104.76956,22.89182],[104.77054,22.89175],[104.77104,22.89384],[104.77045,22.89499],[104.77177,22.89707],[104.77283,22.89774],[104.77353,22.89902],[104.77438,22.89976],[104.77419,22.90138],[104.77521,22.90182],[104.77595,22.90261],[104.77665,22.9027],[104.77738,22.90517],[104.77989,22.90611],[104.78172,22.90638],[104.7837,22.90496],[104.789,22.90452],[104.79057,22.9054],[104.79161,22.90542],[104.7934,22.90668],[104.79496,22.90972],[104.79572,22.91064],[104.79677,22.91125],[104.79825,22.91164],[104.80079,22.91119],[104.80345,22.91439],[104.80427,22.91424],[104.80746,22.91516],[104.80919,22.91495],[104.80969,22.91454]]]]}},
{"type":"Feature","id":"00952","properties":{"Ward_Code":"00952","Ward_Code_Num":952,"Ward":"Cao Bồ","Ward_Alt":"Cao Bồ","Ward_Upper":"CAO BỒ","Ward_Full":"Xã Cao Bồ","Ward_Full_Alt":"Xã Cao Bồ","Ward_Full_Upper_Alt":"XÃ CAO BỒ","Ward_Type":"Xã","Province_Code":"08","Province":"Tuyên Quang","Province_Upper_Alt":"TUYÊN QUANG"},"geometry":{"type":"MultiPolygon","coordinates":[[[[104.8621,22.80858],[104.86312,22.80868],[104.86453,22.80718],[104.86488,22.80613],[104.86467,22.80442],[104.86552,22.80344],[104.86797,22.80256],[104.86897,22.80179],[104.87177,22.80116],[104.87314,22.80035],[104.87586,22.7999],[104.87727,22.79814],[104.87831,22.79785],[104.8801,22.7963],[104.8825,22.79536],[104.88471,22.79227],[104.88688,22.79094],[104.88902,22.79014],[104.88946,22.78948],[104.89058,22.7893],[104.89149,22.78865],[104.89227,22.78866],[104.89341,22.78932],[104.89649,22.78979],[104.89726,22.7903],[104.89776,22.79122],[104.89889,22.79195],[104.90171,22.79121],[104.91144,22.79166],[104.91336,22.78807],[104.91354,22.78682],[104.91308,22.78374],[104.91221,22.78207],[104.91243,22.78126],[104.91323,22.78085],[104.91558,22.78122],[104.91679,22.78069],[104.91736,22.77986],[104.92002,22.77964],[104.92203,22.77822],[104.92328,22.77801],[104.9244,22.77741],[104.92481,22.77682],[104.92623,22.7762],[104.92859,22.77622],[104.93014,22.77534],[104.93251,22.7751],[104.93792,22.77326],[104.94065,22.77108],[104.94072,22.76997],[104.94003,22.76718],[104.94032,22.76502],[104.94549,22.76296],[104.9484,22.76135],[104.94896,22.76037],[104.95196,22.75796],[104.95631,22.75622],[104.95707,22.75551],[104.95881,22.75551],[104.95894,22.75462],[104.95654,22.75459],[104.95461,22.75042],[104.95505,22.74868],[104.95495,22.74786],[104.95388,22.74731],[104.95309,22.74582],[104.95306,22.74498],[104.95425,22.74384],[104.95359,22.74287],[104.95337,22.74169],[104.95356,22.74059],[104.95322,22.73961],[104.95375,22.73834],[104.95327,22.73773],[104.95312,22.7367],[104.95415,22.73155],[104.95202,22.72929],[104.95183,22.72784],[104.95053,22.72659],[104.95004,22.72515],[104.94913,22.72394],[104.9479,22.723],[104.94591,22.72257],[104.94374,22.72025],[104.94414,22.71888],[104.94352,22.71714],[104.94424,22.71543],[104.94565,22.71466],[104.94582,22.714],[104.94536,22.71328],[104.94355,22.71257],[104.94084,22.71297],[104.94093,22.71079],[104.94172,22.70766],[104.93986,22.70351],[104.93997,22.70047],[104.93893,22.7],[104.93811,22.69841],[104.93637,22.69772],[104.93417,22.69753],[104.93339,22.69847],[104.93137,22.69978],[104.92852,22.69942],[104.92741,22.69986],[104.92332,22.70213],[104.92027,22.70443],[104.91857,22.70439],[104.91597,22.70515],[104.91387,22.70761],[104.91092,22.71026],[104.91011,22.71051],[104.90936,22.71019],[104.90874,22.71051],[104.90775,22.71382],[104.90784,22.71565],[104.90709,22.71766],[104.90518,22.72044],[104.90402,22.72153],[104.90058,22.72053],[104.8963,22.72242],[104.89308,22.72267],[104.89171,22.72316],[104.88836,22.72318],[104.88754,22.72275],[104.88194,22.72436],[104.87937,22.72463],[104.87813,22.72383],[104.87518,22.72397],[104.87016,22.72168],[104.86921,22.7217],[104.86812,22.72218],[104.86628,22.72491],[104.86532,22.72519],[104.86319,22.72657],[104.86053,22.72678],[104.85752,22.72807],[104.85674,22.72872],[104.85474,22.72843],[104.85287,22.7293],[104.85105,22.72949],[104.85069,22.72913],[104.85075,22.72984],[104.84959,22.73058],[104.84919,22.73182],[104.84846,22.73248],[104.8464,22.73322],[104.84525,22.73401],[104.84407,22.73345],[104.84231,22.7352],[104.8404,22.73528],[104.83855,22.73636],[104.83724,22.73621],[104.83364,22.73905],[104.83315,22.7398],[104.83198,22.74013],[104.82926,22.74213],[104.82637,22.74351],[104.82018,22.74734],[104.81429,22.74954],[104.81242,22.75073],[104.81134,22.75026],[104.81097,22.7494],[104.81105,22.75056],[104.81003,22.7522],[104.80844,22.7532],[104.80766,22.75564],[104.8064,22.75631],[104.80497,22.75782],[104.80354,22.75796],[104.8038,22.75885],[104.80334,22.76078],[104.80456,22.76157],[104.80682,22.76436],[104.80744,22.76571],[104.80612,22.77122],[104.80831,22.77199],[104.80974,22.77342],[104.81115,22.77361],[104.81497,22.77699],[104.81168,22.77979],[104.81141,22.7808],[104.81024,22.78241],[104.81032,22.7838],[104.80993,22.78521],[104.80651,22.78764],[104.80768,22.79066],[104.80726,22.79188],[104.80755,22.79712],[104.8084,22.79831],[104.80892,22.7999],[104.81398,22.80015],[104.81794,22.79906],[104.82147,22.79963],[104.82249,22.79926],[104.82442,22.7994],[104.82801,22.79895],[104.82963,22.7996],[104.83503,22.80015],[104.83554,22.80061],[104.83683,22.80093],[104.83755,22.80249],[104.83869,22.8029],[104.83945,22.80374],[104.84064,22.80427],[104.84257,22.80446],[104.84449,22.80391],[104.85072,22.80473],[104.85121,22.80525],[104.85328,22.8061],[104.85354,22.80651],[104.85337,22.80755],[104.8548,22.80717],[104.86088,22.80869],[104.8621,22.80858]]]]}},
{"type":"Feature","id":"00958","properties":{"Ward_Code":"00958","Ward_Code_Num":958,"Ward":"Thượng Sơn","Ward_Alt":"Thượng Sơn","Ward_Upper":"THƯỢNG SƠN","Ward_Full":"Xã Thượng Sơn","Ward_Full_Alt":"Xã Thượng Sơn","Ward_Full_Upper_Alt":"XÃ THƯỢNG SƠN","Ward_Type":"Xã","Province_Code":"08","Province":"Tuyên Quang","Province_Upper_Alt":"TUYÊN QUANG"},"geometry":{"type":"MultiPolygon","coordinates":[[[[104.83304,22.73985],[104.83364,22.73905],[104.83724,22.73621],[104.83855,22.73636],[104.8404,22.73528],[104.84231,22.7352],[104.84407,22.73345],[104.84525,22.73401],[104.8464,22.73322],[104.84846,22.73248],[104.84919,22.73182],[104.84959,22.73058],[104.85075,22.72984],[104.85014,22.72813],[104.84915,22.72781],[104.84802,22.72661],[104.84641,22.72622],[104.84498,22.725],[104.84422,22.72484],[104.84269,22.72381],[104.84181,22.7214],[104.84069,22.72088],[104.8405,22.71967],[104.83842,22.71807],[104.83824,22.71728],[104.84015,22.71359],[104.84004,22.71187],[104.84195,22.71102],[104.8439,22.70929],[104.84488,22.70795],[104.84588,22.70721],[104.8468,22.707],[104.84696,22.7055],[104.84799,22.70412],[104.84867,22.70111],[104.84874,22.69904],[104.8491,22.69816],[104.84882,22.69564],[104.84988,22.69363],[104.85054,22.69323],[104.85119,22.69098],[104.85354,22.68898],[104.85367,22.68801],[104.85456,22.68723],[104.85848,22.68531],[104.86002,22.68495],[104.86257,22.68293],[104.86428,22.68215],[104.8655,22.679],[104.86652,22.6789],[104.86692,22.67822],[104.8694,22.67692],[104.87341,22.67735],[104.87504,22.67582],[104.8759,22.67582],[104.87761,22.67459],[104.88016,22.67406],[104.87861,22.67173],[104.87808,22.67143],[104.87782,22.66755],[104.87847,22.66629],[104.88013,22.66555],[104.88103,22.66384],[104.88262,22.66204],[104.88239,22.66052],[104.88178,22.65984],[104.88252,22.65781],[104.88204,22.6572],[104.88284,22.65558],[104.88372,22.65424],[104.88477,22.65349],[104.88535,22.65236],[104.88638,22.65219],[104.88769,22.65336],[104.88828,22.6534],[104.8887,22.6524],[104.89085,22.6503],[104.89163,22.65019],[104.89215,22.64925],[104.89355,22.64862],[104.89371,22.64729],[104.89481,22.64685],[104.89515,22.64512],[104.89493,22.64404],[104.89511,22.64256],[104.89632,22.64117],[104.89594,22.64011],[104.8964,22.63911],[104.89768,22.63779],[104.89832,22.63434],[104.89895,22.63347],[104.8972,22.63138],[104.89682,22.6305],[104.89683,22.62935],[104.89777,22.62838],[104.898,22.62716],[104.89624,22.62654],[104.89362,22.62657],[104.89248,22.62555],[104.89201,22.62393],[104.89114,22.62329],[104.89181,22.62258],[104.89222,22.62106],[104.89168,22.61657],[104.89314,22.61534],[104.89548,22.61414],[104.89771,22.61475],[104.89901,22.61436],[104.89979,22.61376],[104.90011,22.61291],[104.90021,22.60927],[104.90286,22.60923],[104.90483,22.60822],[104.90676,22.60663],[104.90728,22.60284],[104.90641,22.60165],[104.90633,22.6006],[104.9081,22.59697],[104.90785,22.59627],[104.9017,22.59025],[104.90094,22.58914],[104.90023,22.58784],[104.90018,22.58594],[104.8997,22.58417],[104.89865,22.58349],[104.89835,22.5827],[104.89624,22.58047],[104.89323,22.57936],[104.89189,22.57819],[104.8899,22.57819],[104.8877,22.57934],[104.88663,22.58074],[104.88228,22.58284],[104.88046,22.58318],[104.87956,22.58628],[104.87887,22.59136],[104.87838,22.59176],[104.87676,22.59156],[104.87603,22.59188],[104.87387,22.59425],[104.87074,22.59406],[104.8698,22.59278],[104.86792,22.5924],[104.8672,22.5915],[104.86608,22.59096],[104.86226,22.59139],[104.861,22.5919],[104.85964,22.59178],[104.85802,22.59257],[104.8497,22.59164],[104.84803,22.59285],[104.84727,22.59421],[104.84567,22.59501],[104.84448,22.59522],[104.84416,22.59652],[104.84331,22.5968],[104.84242,22.5988],[104.84091,22.60053],[104.83995,22.60113],[104.83974,22.6021],[104.8386,22.60289],[104.8374,22.60288],[104.83553,22.60393],[104.83383,22.60436],[104.83227,22.60393],[104.82962,22.60428],[104.82821,22.60378],[104.82642,22.60709],[104.82572,22.60671],[104.82411,22.60732],[104.82305,22.60842],[104.82046,22.60872],[104.81819,22.61022],[104.81655,22.60988],[104.81532,22.61015],[104.81383,22.61156],[104.81,22.61165],[104.80898,22.61258],[104.80722,22.61272],[104.80713,22.61448],[104.80744,22.6153],[104.80667,22.61576],[104.80636,22.61828],[104.80411,22.6196],[104.80238,22.6198],[104.80145,22.62113],[104.79974,22.62158],[104.79802,22.6213],[104.7969,22.62151],[104.79472,22.62059],[104.79332,22.6205],[104.79238,22.61995],[104.79064,22.62081],[104.78976,22.62053],[104.78822,22.62131],[104.78501,22.621],[104.78245,22.62218],[104.78314,22.62318],[104.78301,22.62404],[104.7836,22.62503],[104.78372,22.62651],[104.78342,22.62778],[104.78198,22.63013],[104.78191,22.63189],[104.78001,22.63386],[104.77862,22.63595],[104.77874,22.63719],[104.77735,22.63829],[104.77566,22.64179],[104.77514,22.64207],[104.77461,22.64401],[104.7717,22.64574],[104.7709,22.64721],[104.77036,22.64965],[104.76956,22.65031],[104.77131,22.65106],[104.77123,22.65281],[104.77171,22.65365],[104.77477,22.65434],[104.77628,22.65556],[104.77652,22.65635],[104.77554,22.65837],[104.77546,22.66126],[104.77489,22.66173],[104.77546,22.66311],[104.77443,22.66405],[104.77368,22.66577],[104.76825,22.67211],[104.76814,22.67303],[104.76904999999999,22.67468],[104.76877,22.67518],[104.77191,22.67521],[104.77272,22.67564],[104.77335,22.67546],[104.77544,22.67423],[104.77658,22.67271],[104.77769,22.67185],[104.7789,22.67179],[104.77941,22.67113],[104.78174,22.66992],[104.78296,22.66997],[104.78346,22.66846],[104.78626,22.66889],[104.79107,22.67229],[104.79284,22.673],[104.79319,22.6736],[104.79565,22.67531],[104.79856,22.67536],[104.79923,22.67606],[104.79762,22.6782],[104.7968,22.68106],[104.79784,22.68285],[104.79753,22.68357],[104.79818,22.68397],[104.79806,22.68462],[104.79673,22.6866],[104.79371,22.68932],[104.79469,22.6899],[104.79356,22.69086],[104.793,22.69235],[104.79117,22.69406],[104.79094,22.69548],[104.78775,22.69756],[104.78659,22.69731],[104.78384,22.69962],[104.78033,22.70143],[104.78136,22.70397],[104.7791,22.70704],[104.7789,22.70824],[104.77757,22.7108],[104.77672,22.71122],[104.77605,22.71212],[104.77541,22.71719],[104.77594,22.71794],[104.77572,22.71859],[104.7763,22.71944],[104.77608,22.72036],[104.77959,22.72107],[104.7808,22.72178],[104.7823,22.72358],[104.78436,22.72477],[104.78863,22.72594],[104.79123,22.72736],[104.79475,22.73042],[104.79802,22.73138],[104.79883,22.73224],[104.79886,22.73291],[104.79941,22.73294],[104.79994,22.73354],[104.80062,22.73374],[104.8014,22.73787],[104.80326,22.738],[104.80352,22.73848],[104.80425,22.73844],[104.80747,22.7404],[104.80784,22.7418],[104.80874,22.74274],[104.80904,22.74395],[104.81038,22.74545],[104.81084,22.74801],[104.81135,22.74894],[104.81097,22.7494],[104.81118,22.75007],[104.81194,22.7506],[104.81242,22.75073],[104.81429,22.74954],[104.82018,22.74734],[104.82637,22.74351],[104.82926,22.74213],[104.83198,22.74013],[104.83304,22.73985]]]]}},
{"type":"Feature","id":"00967","properties":{"Ward_Code":"00967","Ward_Code_Num":967,"Ward":"Việt Lâm","Ward_Alt":"Việt Lâm","Ward_Upper":"VIỆT LÂM","Ward_Full":"Xã Việt Lâm","Ward_Full_Alt":"Xã Việt Lâm","Ward_Full_Upper_Alt":"XÃ VIỆT LÂM","Ward_Type":"Xã","Province_Code":"08","Province":"Tuyên Quang","Province_Upper_Alt":"TUYÊN QUANG"},"geometry":{"type":"MultiPolygon","coordinates":[[[[104.85448,22.72852],[104.85674,22.72872],[104.85752,22.72807],[104.86053,22.72678],[104.86319,22.72657],[104.86532,22.72519],[104.86628,22.72491],[104.86812,22.72218],[104.86984,22.72161],[104.87486,22.72387],[104.87813,22.72383],[104.87937,22.72463],[104.88194,22.72436],[104.88754,22.72275],[104.88836,22.72318],[104.89171,22.72316],[104.89308,22.72267],[104.8963,22.72242],[104.90058,22.72053],[104.90228,22.72084],[104.90342,22.72156],[104.90404,22.72152],[104.90518,22.72044],[104.90709,22.71766],[104.90784,22.71565],[104.90775,22.71382],[104.90874,22.71051],[104.90936,22.71019],[104.91011,22.71051],[104.91092,22.71026],[104.91631,22.70492],[104.9175,22.70491],[104.91857,22.70439],[104.92027,22.70443],[104.92332,22.70213],[104.92741,22.69986],[104.92852,22.69942],[104.93137,22.69978],[104.93339,22.69847],[104.93417,22.69753],[104.93732,22.69806],[104.93705,22.69531],[104.93803,22.6934],[104.94011,22.69297],[104.94065,22.69376],[104.94166,22.69375],[104.94396,22.691],[104.94589,22.69052],[104.94699,22.68975],[104.94821,22.68787],[104.94889,22.68492],[104.95101,22.6823],[104.95204,22.68167],[104.95233,22.68054],[104.95215,22.67851],[104.95418,22.67825],[104.95713,22.67469],[104.95799,22.67424],[104.96131,22.67356],[104.96208,22.67208],[104.96298,22.67133],[104.963,22.67027],[104.96383,22.66911],[104.96418,22.66664],[104.96352,22.66558],[104.96337,22.66464],[104.96227,22.66392],[104.96111,22.66217],[104.96153,22.65979],[104.95889,22.6565],[104.95767,22.65638],[104.95615,22.65706],[104.95468,22.65724],[104.95456,22.65634],[104.95398,22.65557],[104.95298,22.65518],[104.95206,22.6553],[104.95126,22.65426],[104.95031,22.65388],[104.95024,22.65189],[104.94933,22.65035],[104.94726,22.6494],[104.94748,22.64779],[104.94613,22.64716],[104.94627,22.64614],[104.94512,22.64368],[104.94327,22.64162],[104.94463,22.64089],[104.9449,22.63939],[104.94641,22.63574],[104.94686,22.63532],[104.9457,22.63381],[104.94516,22.63119],[104.94335,22.63047],[104.94342,22.6286],[104.9424,22.62782],[104.94255,22.62631],[104.9432,22.62599],[104.94353,22.62509],[104.94352,22.62453],[104.94308,22.6243],[104.94341,22.62404],[104.94363,22.6194],[104.94494,22.61535],[104.9448,22.6131],[104.94818,22.61009],[104.9489,22.60639],[104.94947,22.60557],[104.94917,22.60257],[104.9494,22.60102],[104.94915,22.59986],[104.94754,22.59658],[104.94732,22.59529],[104.94441,22.59304],[104.94338,22.59135],[104.94194,22.59067],[104.94046,22.59121],[104.9392,22.59278],[104.93827,22.59278],[104.93713,22.59347],[104.93543,22.59317],[104.93169,22.59092],[104.92824,22.59266],[104.92645,22.59218],[104.92594,22.59268],[104.92574,22.59395],[104.92134,22.59771],[104.91959,22.60058],[104.91872,22.5979],[104.9178,22.59641],[104.91686,22.59612],[104.91643,22.5953],[104.91304,22.59484],[104.91074,22.59364],[104.91047,22.59488],[104.91177,22.59811],[104.91181,22.60001],[104.91129,22.60113],[104.90995,22.60196],[104.90824,22.60171],[104.9076,22.60206],[104.90727,22.60271],[104.90676,22.60663],[104.90483,22.60822],[104.90286,22.60923],[104.90021,22.60927],[104.90011,22.61291],[104.89979,22.61376],[104.89901,22.61436],[104.89771,22.61475],[104.89548,22.61414],[104.89179,22.61633],[104.89166,22.61742],[104.89222,22.62106],[104.89181,22.62258],[104.89114,22.62329],[104.89201,22.62393],[104.89248,22.62555],[104.89362,22.62657],[104.89624,22.62654],[104.898,22.62716],[104.89777,22.62838],[104.89683,22.62935],[104.89682,22.6305],[104.8972,22.63138],[104.89895,22.63347],[104.89832,22.63434],[104.89768,22.63779],[104.8964,22.63911],[104.89594,22.64011],[104.89632,22.64117],[104.89511,22.64256],[104.89493,22.64404],[104.89515,22.64512],[104.89481,22.64685],[104.89371,22.64729],[104.89355,22.64862],[104.89215,22.64925],[104.89163,22.65019],[104.89085,22.6503],[104.8887,22.6524],[104.88828,22.6534],[104.88769,22.65336],[104.88638,22.65219],[104.88535,22.65236],[104.88477,22.65349],[104.88372,22.65424],[104.88284,22.65558],[104.88204,22.6572],[104.88252,22.65781],[104.88178,22.65984],[104.88239,22.66052],[104.88262,22.66204],[104.88103,22.66384],[104.88013,22.66555],[104.87847,22.66629],[104.87782,22.66755],[104.87808,22.67143],[104.87861,22.67173],[104.88016,22.67406],[104.87761,22.67459],[104.8759,22.67582],[104.87504,22.67582],[104.87341,22.67735],[104.8694,22.67692],[104.86692,22.67822],[104.86652,22.6789],[104.8655,22.679],[104.86428,22.68215],[104.86257,22.68293],[104.86002,22.68495],[104.85848,22.68531],[104.85459,22.68721],[104.85367,22.68801],[104.85354,22.68898],[104.85148,22.69058],[104.85054,22.69323],[104.84988,22.69363],[104.84882,22.69564],[104.8491,22.69816],[104.84874,22.69904],[104.84867,22.70111],[104.84799,22.70412],[104.84696,22.7055],[104.8468,22.707],[104.84588,22.70721],[104.84488,22.70795],[104.8439,22.70929],[104.84195,22.71102],[104.84004,22.71187],[104.84015,22.71359],[104.8383,22.71698],[104.83835,22.71799],[104.8405,22.71967],[104.84057,22.72073],[104.84181,22.7214],[104.84201,22.72252],[104.84289,22.72396],[104.84498,22.725],[104.84641,22.72622],[104.84802,22.72661],[104.84915,22.72781],[104.85014,22.72813],[104.85105,22.72949],[104.85287,22.7293],[104.85448,22.72852]]]]}},
{"type":"Feature","id":"00970","properties":{"Ward_Code":"00970","Ward_Code_Num":970,"Ward":"Linh Hồ","Ward_Alt":"Linh Hồ","Ward_Upper":"LINH HỒ","Ward_Full":"Xã Linh Hồ","Ward_Full_Alt":"Xã Linh Hồ","Ward_Full_Upper_Alt":"XÃ LINH HỒ","Ward_Type":"Xã","Province_Code":"08","Province":"Tuyên Quang","Province_Upper_Alt":"TUYÊN QUANG"},"geometry":{"type":"MultiPolygon","coordinates":[[[[105.0563,22.74109],[105.05671,22.73814],[105.05872,22.73262],[105.05953,22.73212],[105.06054,22.73227],[105.06393,22.73042],[105.0658,22.72926],[105.06734,22.72783],[105.06941,22.7267],[105.06938,22.72574],[105.0713,22.72312],[105.07223,22.72114],[105.07321,22.72128],[105.07436,22.72264],[105.07795,22.72372],[105.07989,22.72391],[105.08111,22.72366],[105.08162,22.72416],[105.08229,22.72427],[105.08338,22.72648],[105.08679,22.72517],[105.08681,22.724],[105.08754,22.7228],[105.08877,22.72224],[105.08962,22.72125],[105.09024,22.72114],[105.09144,22.72155],[105.09356,22.72461],[105.09491,22.72347],[105.09578,22.72167],[105.09657,22.72121],[105.09795,22.7213],[105.09828,22.71998],[105.09811,22.71931],[105.09994,22.71871],[105.10084,22.71745],[105.10099,22.71608],[105.10242,22.7153],[105.10465,22.71568],[105.10632,22.7152],[105.10838,22.7185],[105.10877,22.72036],[105.11097,22.72172],[105.11151,22.72268],[105.11315,22.72374],[105.11378,22.72467],[105.11522,22.72471],[105.11487,22.726],[105.11579,22.72736],[105.11734,22.72862],[105.11716,22.72922],[105.11769,22.73023],[105.11778,22.73133],[105.1184,22.73188],[105.11892,22.73201],[105.12142,22.73141],[105.12315,22.73202],[105.12667,22.73203],[105.1282,22.73148],[105.13004,22.73043],[105.13456,22.72691],[105.13569,22.72647],[105.13646,22.72558],[105.13813,22.72489],[105.13993,22.72272],[105.14139,22.72187],[105.14507,22.71864],[105.15011,22.71586],[105.15066,22.71432],[105.15224,22.7127],[105.15251,22.71195],[105.15214,22.71002],[105.15244,22.70868],[105.15105,22.70772],[105.15073,22.70691],[105.15078,22.70518],[105.14742,22.70218],[105.14782,22.70022],[105.1486,22.69955],[105.14768,22.6949],[105.14683,22.69404],[105.14618,22.6923],[105.14233,22.6907],[105.13936,22.6878],[105.13877,22.68695],[105.13895,22.68566],[105.13836,22.68481],[105.1367,22.6805],[105.13435,22.67862],[105.13418,22.67723],[105.13374,22.67662],[105.12887,22.67411],[105.12724,22.67602],[105.12567,22.67664],[105.12488,22.67794],[105.12301,22.67882],[105.12115,22.67856],[105.12006,22.67792],[105.11824,22.67849],[105.11725,22.67824],[105.11551,22.67853],[105.11219,22.67088],[105.10897,22.66893],[105.10882,22.66803],[105.10759,22.66736],[105.10674,22.66611],[105.10279,22.66603],[105.1021,22.66651],[105.10039,22.66678],[105.09955,22.66761],[105.09796,22.66773],[105.09429,22.66871],[105.09233,22.66859],[105.09153,22.66802],[105.09074,22.66796],[105.0892,22.66649],[105.08761,22.66572],[105.08572,22.66422],[105.08509,22.66316],[105.0833,22.66244],[105.08206,22.66153],[105.08036,22.66101],[105.07896,22.66139],[105.07884,22.66259],[105.07809,22.66347],[105.07588,22.66249],[105.07513,22.66327],[105.0744,22.66346],[105.06865,22.66301],[105.06494,22.66372],[105.06198,22.66254],[105.06148,22.66304],[105.05972,22.6634],[105.05784,22.66243],[105.05633,22.66087],[105.05443,22.66006],[105.05376,22.65944],[105.0518,22.65917],[105.04947,22.65777],[105.04858,22.65698],[105.04853,22.655639999999998],[105.04748,22.65408],[105.04415,22.65316],[105.0441,22.65256],[105.04462,22.65151],[105.04448,22.6503],[105.04503,22.64909],[105.04614,22.64934],[105.04762,22.64917],[105.04774,22.64843],[105.04827,22.64784],[105.0507,22.64695],[105.0538,22.64688],[105.05504,22.64717],[105.05569,22.64695],[105.05757,22.64748],[105.05801,22.64645],[105.05919,22.64553],[105.05664,22.64378],[105.05738,22.64107],[105.05525,22.6402],[105.0543,22.64089],[105.05331,22.64052],[105.05232,22.6396],[105.05227,22.63809],[105.05061,22.63715],[105.05042,22.63583],[105.04967,22.63529],[105.04909,22.6356],[105.04902,22.63692],[105.04864,22.63685],[105.04854,22.63603],[105.04656,22.63531],[105.04522,22.63628],[105.04519,22.63667],[105.04583,22.63714],[105.04592,22.63791],[105.04514,22.6388],[105.04438,22.63914],[105.04455,22.64033],[105.04416,22.64104],[105.04291,22.64067],[105.04227,22.63875],[105.04175,22.63854],[105.04103,22.63895],[105.04094,22.64056],[105.03936,22.64073],[105.03925,22.63965],[105.03796,22.63861],[105.03818,22.63595],[105.03851,22.63552],[105.03922,22.63558],[105.03964,22.63712],[105.04035,22.63717],[105.04025,22.63591],[105.04092,22.6349],[105.04074,22.63405],[105.03806,22.63242],[105.03709,22.63045],[105.03627,22.62986],[105.03626,22.62943],[105.03578,22.62939],[105.03519,22.62876],[105.03441,22.62862],[105.03305,22.62917],[105.03041,22.62851],[105.02904,22.62653],[105.02684,22.62592],[105.02532,22.62508],[105.02404,22.623169999999998],[105.02309,22.6229],[105.02225,22.62192],[105.02038,22.62064],[105.01841,22.61839],[105.018,22.6172],[105.01782,22.61326],[105.01657,22.60904],[105.01671,22.60798],[105.01761,22.60709],[105.01787,22.60638],[105.01813,22.60386],[105.01653,22.60194],[105.01598,22.59946],[105.0144,22.5991],[105.01401,22.59858],[105.01251,22.59812],[105.01187,22.59669],[105.01138,22.59374],[105.009,22.59222],[105.0081,22.59036],[105.00656,22.59018],[105.00497,22.58906],[105.00491,22.58785],[105.0033,22.58676],[105.00202,22.58318],[105.00205,22.58219],[105.00081,22.58117],[105.00103,22.58011],[105.00069,22.57813],[105.00087,22.5767],[104.99881,22.5725],[104.99836,22.56973],[104.99752,22.56812],[104.99766,22.5659],[104.99703,22.564],[104.99762,22.56296],[104.99885,22.56191],[105.00114,22.56089],[105.00211,22.55929],[105.00543,22.55847],[105.00305,22.55763],[105.00257,22.5568],[105.00237,22.55529],[105.00114,22.55437],[105.00076,22.55302],[104.99776,22.55221],[104.99655,22.54907],[104.99476,22.54829],[104.99453,22.54777],[104.99479,22.54716],[104.99396,22.5453],[104.9948,22.5449],[104.9945,22.54322],[104.99466,22.54176],[104.99413,22.53971],[104.99481,22.53756],[104.99453,22.53702],[104.99392,22.53672],[104.99514,22.53601],[104.99675,22.53613],[104.99658,22.53522],[104.99747,22.53304],[104.99715,22.53266],[104.99749,22.531],[104.99382,22.52546],[104.99323,22.52411],[104.99097,22.52114],[104.98815,22.5221],[104.9872,22.52181],[104.98518,22.52297],[104.98456,22.52414],[104.98371,22.52453],[104.98317,22.52414],[104.9818,22.52164],[104.97784,22.52001],[104.97544,22.52143],[104.9753,22.52182],[104.97588,22.52229],[104.97603,22.52304],[104.97534,22.52414],[104.97283,22.52505],[104.96947,22.52984],[104.96816,22.53077],[104.96672,22.53092],[104.96658,22.53209],[104.9656,22.53328],[104.96626,22.53446],[104.96415,22.53472],[104.96305,22.53551],[104.96051,22.5358],[104.95796,22.53701],[104.95795,22.53839],[104.95297,22.53968],[104.95496,22.54334],[104.9553,22.54482],[104.95495,22.54557],[104.95269,22.54737],[104.95083,22.54664],[104.94897,22.54665],[104.94835,22.54765],[104.94407,22.54961],[104.94416,22.55011],[104.9436,22.54988],[104.94299,22.55014],[104.94065,22.55],[104.93919,22.55108],[104.93311,22.55252],[104.93129,22.55426],[104.93086,22.55553],[104.92953,22.55586],[104.92934,22.55764],[104.92718,22.55966],[104.92665,22.56133],[104.92714,22.56188],[104.92704,22.56293],[104.92578,22.56337],[104.92976,22.5703],[104.93325,22.57473],[104.93385,22.57613],[104.93407,22.57825],[104.93462,22.57982],[104.93649,22.58232],[104.93731,22.58459],[104.93927,22.5876],[104.94204,22.59078],[104.94425,22.59155],[104.94623,22.59315],[104.94763,22.59326],[104.9489,22.59434],[104.95085,22.59698],[104.95184,22.60057],[104.95696,22.60969],[104.95837,22.6086],[104.95851,22.60737],[104.96029,22.60378],[104.95967,22.59837],[104.95994,22.59703],[104.9592,22.59483],[104.95777,22.59342],[104.95924,22.58968],[104.96039,22.5892],[104.96097,22.58683],[104.96177,22.58588],[104.96184,22.58507],[104.96319,22.5842],[104.96458,22.58387],[104.96412,22.58332],[104.965,22.58313],[104.96486,22.58278],[104.96555,22.58246],[104.96665,22.58414],[104.96732,22.58928],[104.96694,22.59206],[104.96726,22.59542],[104.96703,22.59714],[104.96761,22.59829],[104.96738,22.60183],[104.96825,22.60352],[104.97229,22.60281],[104.97377,22.60336],[104.97545,22.60665],[104.97549,22.6084],[104.97654,22.61089],[104.97608,22.61309],[104.97493,22.61425],[104.97325,22.6151],[104.97358,22.61583],[104.97332,22.61655],[104.97364,22.61706],[104.97259,22.61752],[104.97178,22.61904],[104.97168,22.61996],[104.97103,22.62059],[104.97308,22.622],[104.97413,22.62219],[104.97474,22.62292],[104.97432,22.62286],[104.97413,22.6235],[104.97367,22.62359],[104.97304,22.62534],[104.97075,22.62586],[104.97087,22.62653],[104.97007,22.62665],[104.97068,22.62697],[104.97079,22.6274],[104.96965,22.62798],[104.97038,22.62881],[104.9741,22.62998],[104.97492,22.63085],[104.97616,22.63148],[104.97642,22.63307],[104.97509,22.63482],[104.97526,22.63567],[104.97581,22.63621],[104.97746,22.63584],[104.97989,22.63459],[104.98087,22.63461],[104.98149,22.63501],[104.9816,22.63633],[104.98066,22.63909],[104.9805,22.64101],[104.98073,22.6417],[104.9835,22.64502],[104.98423,22.64679],[104.98516,22.64797],[104.9866,22.64873],[104.98859,22.64862],[104.99013,22.64988],[104.99025,22.65077],[104.9913,22.65226],[104.99208,22.6528],[104.99182,22.65332],[104.99182,22.6554],[104.99334,22.65829],[104.99356,22.66015],[104.9958,22.66141],[104.99735,22.66384],[104.99654,22.66547],[104.99261,22.66683],[104.9901,22.66826],[104.98892,22.67054],[104.98657,22.67391],[104.98609,22.67563],[104.98628,22.6777],[104.98586,22.67874],[104.98674,22.67981],[104.9864,22.68256],[104.98771,22.68307],[104.98883,22.68394],[104.98954,22.68279],[104.99072,22.68188],[104.9897,22.68145],[104.98974,22.68092],[104.99156,22.68008],[104.99421,22.67992],[104.99761,22.68076],[104.99954,22.67906],[105.00072,22.6788],[105.00164,22.67662],[105.00503,22.67774],[105.00811,22.67759],[105.00981,22.67916],[105.01034,22.68061],[105.01273,22.68213],[105.01432,22.68555],[105.01523,22.68884],[105.01655,22.69063],[105.01803,22.69178],[105.01811,22.69645],[105.01885,22.69679],[105.01907,22.69737],[105.01837,22.69934],[105.0186,22.70387],[105.018,22.70528],[105.01884,22.70692],[105.01986,22.70793],[105.02028,22.7116],[105.02144,22.71282],[105.02085,22.71333],[105.02053,22.71477],[105.01906,22.71704],[105.01777,22.71794],[105.01776,22.72049],[105.01849,22.72287],[105.01955,22.72386],[105.02178,22.72495],[105.02213,22.72637],[105.02298,22.72738],[105.02387,22.7277],[105.02501,22.72888],[105.02514,22.72927],[105.02484,22.7307],[105.02431,22.73142],[105.02438,22.73208],[105.02541,22.73251],[105.02696,22.73233],[105.02898,22.73161],[105.03301,22.73137],[105.03382,22.73205],[105.03472,22.73378],[105.03704,22.73472],[105.03855,22.73717],[105.03976,22.73788],[105.04278,22.74101],[105.04358,22.74112],[105.04479,22.74075],[105.04608,22.74096],[105.04704,22.74068],[105.04868,22.74142],[105.04986,22.74074],[105.05233,22.74142],[105.0563,22.74109]]]]}},
{"type":"Feature","id":"00976","properties":{"Ward_Code":"00976","Ward_Code_Num":976,"Ward":"Bạch Ngọc","Ward_Alt":"Bạch Ngọc","Ward_Upper":"BẠCH NGỌC","Ward_Full":"Xã Bạch Ngọc","Ward_Full_Alt":"Xã Bạch Ngọc","Ward_Full_Upper_Alt":"XÃ BẠCH NGỌC","Ward_Type":"Xã","Province_Code":"08","Province":"Tuyên Quang","Province_Upper_Alt":"TUYÊN QUANG"},"geometry":{"type":"MultiPolygon","coordinates":[[[[105.12488,22.67794],[105.12567,22.67664],[105.12724,22.67602],[105.12887,22.67411],[105.12826,22.67275],[105.1291,22.67195],[105.12904,22.67055],[105.13019,22.66984],[105.1308,22.66866],[105.13403,22.66754],[105.13467,22.66662],[105.13628,22.6659],[105.13822,22.66447],[105.13935,22.66449],[105.14026,22.662],[105.13958,22.65997],[105.13795,22.65956],[105.13696,22.66012],[105.13539,22.6598],[105.13589,22.65962],[105.13603,22.65815],[105.13571,22.658],[105.13502,22.65592],[105.13529,22.65431],[105.13364,22.65332],[105.13285,22.65236],[105.131,22.65145],[105.13032,22.64959],[105.13069,22.64905],[105.1306,22.64824],[105.13115,22.64644],[105.13369,22.64393],[105.13448,22.64393],[105.13543,22.64238],[105.13572,22.64095],[105.13639,22.64025],[105.13724,22.63979],[105.13949,22.63973],[105.14056,22.6393],[105.142,22.63941],[105.14291,22.63767],[105.14377,22.63711],[105.14537,22.63682],[105.1466,22.63593],[105.14671,22.63487],[105.14895,22.63642],[105.15037,22.63666],[105.1512,22.63781],[105.1525,22.63768],[105.1542,22.63642],[105.15547,22.63339],[105.15713,22.63153],[105.15672,22.63054],[105.15396,22.62934],[105.15523,22.6278],[105.15631,22.62771],[105.15698,22.62689],[105.15827,22.62616],[105.158,22.62429],[105.15848,22.623],[105.15951,22.62245],[105.15967,22.62154],[105.1578,22.62065],[105.15559,22.62066],[105.15323,22.61861],[105.15222,22.61864],[105.1512,22.62054],[105.15035,22.62098],[105.14981,22.62186],[105.1482,22.62192],[105.14733,22.62254],[105.14642,22.62395],[105.14403,22.62472],[105.14286,22.62547],[105.14253,22.624389999999998],[105.14044,22.62208],[105.14011,22.61952],[105.14042,22.61867],[105.13999,22.61664],[105.13928,22.61476],[105.13763,22.61263],[105.13734,22.61138],[105.13636,22.6109],[105.13461,22.61114],[105.13312,22.61069],[105.13214,22.60934],[105.13044,22.60828],[105.1295,22.60723],[105.12767,22.60623],[105.12612,22.60585],[105.12673,22.60522],[105.1269,22.60308],[105.12741,22.60187],[105.12827,22.60097],[105.12861,22.59977],[105.12839,22.59835],[105.12916,22.59686],[105.12869,22.59597],[105.12957,22.59401],[105.13013,22.59407],[105.131,22.59318],[105.13307,22.59278],[105.13378,22.59215],[105.13311,22.58887],[105.13012,22.58772],[105.12674,22.58519],[105.12497,22.58527],[105.12335,22.58474],[105.12151,22.58262],[105.12168,22.58143],[105.12262,22.57975],[105.12119,22.57911],[105.12001,22.57792],[105.11666,22.57793],[105.11589,22.57726],[105.11547,22.57631],[105.11409,22.57515],[105.11725,22.5711],[105.11819,22.56899],[105.11995,22.56766],[105.12023,22.56521],[105.12167,22.56289],[105.12087,22.5616],[105.12083,22.55916],[105.11977,22.55613],[105.12045,22.55489],[105.12188,22.55402],[105.1219,22.55143],[105.12315,22.55065],[105.12458,22.54762],[105.12598,22.54598],[105.12592,22.54515],[105.12516,22.5439],[105.12556,22.54275],[105.12632,22.5422],[105.12688,22.53723],[105.12772,22.53609],[105.12772,22.53516],[105.12028,22.51403],[105.12049,22.5133],[105.11946,22.51268],[105.11725,22.51261],[105.11563,22.51151],[105.11535,22.50992],[105.11738,22.50816],[105.11631,22.50679],[105.11466,22.5034],[105.11344,22.50255],[105.11186,22.50006],[105.11126,22.49968],[105.11109,22.4985],[105.11025,22.49693],[105.10859,22.49528],[105.10834,22.49463],[105.10852,22.49337],[105.10729,22.49054],[105.10658,22.4901],[105.10553,22.48848],[105.10032,22.48883],[105.09708,22.4884],[105.09536,22.48723],[105.09399,22.48732],[105.0929,22.48607],[105.09052,22.48576],[105.0878,22.48449],[105.08604,22.48568],[105.08479,22.48788],[105.0847,22.49017],[105.08381,22.4904],[105.08318,22.49139],[105.08188,22.49205],[105.08178,22.49369],[105.08206,22.49424],[105.08132,22.49613],[105.08149,22.49845],[105.07997,22.49996],[105.07838,22.50053],[105.07662,22.50018],[105.07263,22.50209],[105.07216,22.50444],[105.06917,22.50535],[105.06926,22.50648],[105.06875,22.50751],[105.06664,22.50818],[105.06565,22.50954],[105.0646,22.50992],[105.06171,22.51013],[105.05981,22.50955],[105.05798,22.50962],[105.05694,22.51066],[105.05461,22.51057],[105.05249,22.51277],[105.05183,22.51467],[105.05345,22.51577],[105.05653,22.51641],[105.05787,22.51705],[105.05774,22.51924],[105.05913,22.51978],[105.05983,22.52116],[105.05954,22.52377],[105.05874,22.52506],[105.05878,22.52653],[105.05718,22.52772],[105.05709,22.52834],[105.0578,22.52874],[105.05806,22.52954],[105.05466,22.53256],[105.05326,22.53327],[105.0532,22.53502],[105.05367,22.53582],[105.05225,22.53843],[105.05135,22.53906],[105.05159,22.54086],[105.05004,22.54354],[105.04931,22.54462],[105.04816,22.54528],[105.04705,22.54678],[105.04438,22.54672],[105.04385,22.547],[105.04384,22.54764],[105.04332,22.54847],[105.04357,22.55069],[105.04192,22.55296],[105.04172,22.55386],[105.03838,22.55664],[105.03802,22.55805],[105.03467,22.55904],[105.03325,22.56052],[105.02999,22.56022],[105.02974,22.56061],[105.02652,22.56066],[105.02601,22.56023],[105.02327,22.56017],[105.02292,22.56197],[105.02151,22.56264],[105.01973,22.56201],[105.01825,22.56229],[105.01736,22.56196],[105.0152,22.55972],[105.01358,22.55893],[105.01244,22.55727],[105.01087,22.55643],[105.00926,22.55615],[105.00806,22.55661],[105.00543,22.55847],[105.00211,22.55929],[105.00114,22.56089],[104.99796,22.56259],[104.99703,22.564],[104.99766,22.5659],[104.99752,22.56812],[104.99836,22.56973],[104.99881,22.5725],[105.00087,22.5767],[105.00069,22.57813],[105.00103,22.58011],[105.00081,22.58117],[105.00205,22.58219],[105.00202,22.58318],[105.0033,22.58676],[105.00491,22.58785],[105.00497,22.58906],[105.00656,22.59018],[105.0081,22.59036],[105.009,22.59222],[105.01138,22.59374],[105.01187,22.59669],[105.01251,22.59812],[105.01401,22.59858],[105.0144,22.5991],[105.01598,22.59946],[105.01653,22.60194],[105.01813,22.60386],[105.01787,22.60638],[105.01761,22.60709],[105.01671,22.60798],[105.01657,22.60904],[105.01782,22.61326],[105.01802,22.61736],[105.01869,22.61876],[105.02038,22.62064],[105.02225,22.62192],[105.02309,22.6229],[105.02404,22.623169999999998],[105.02532,22.62508],[105.02684,22.62592],[105.02904,22.62653],[105.03041,22.62851],[105.03305,22.62917],[105.03441,22.62862],[105.03519,22.62876],[105.03578,22.62939],[105.03626,22.62943],[105.03627,22.62986],[105.03709,22.63045],[105.03806,22.63242],[105.04074,22.63405],[105.04092,22.6349],[105.04025,22.63591],[105.04035,22.63717],[105.03964,22.63712],[105.03922,22.63558],[105.03851,22.63552],[105.03818,22.63595],[105.03796,22.63861],[105.03925,22.63965],[105.03936,22.64073],[105.04094,22.64056],[105.04103,22.63895],[105.04175,22.63854],[105.04227,22.63875],[105.04291,22.64067],[105.04416,22.64104],[105.04455,22.64033],[105.04438,22.63914],[105.04514,22.6388],[105.04592,22.63791],[105.04583,22.63714],[105.04519,22.63667],[105.04522,22.63628],[105.04656,22.63531],[105.04854,22.63603],[105.04864,22.63685],[105.04902,22.63692],[105.04909,22.6356],[105.04967,22.63529],[105.05042,22.63583],[105.05061,22.63715],[105.05227,22.63809],[105.05232,22.6396],[105.05331,22.64052],[105.0543,22.64089],[105.05525,22.6402],[105.0573,22.64092],[105.05741,22.64154],[105.05664,22.64378],[105.05919,22.64553],[105.05801,22.64645],[105.05757,22.64748],[105.05569,22.64695],[105.05514,22.64717],[105.0538,22.64688],[105.0507,22.64695],[105.04827,22.64784],[105.04774,22.64843],[105.04762,22.64917],[105.04482,22.64929],[105.04415,22.65316],[105.04748,22.65408],[105.04853,22.655639999999998],[105.0484,22.65656],[105.04881,22.65723],[105.0518,22.65917],[105.05376,22.65944],[105.05443,22.66006],[105.05633,22.66087],[105.05784,22.66243],[105.05972,22.6634],[105.06148,22.66304],[105.06198,22.66254],[105.06494,22.66372],[105.06865,22.66301],[105.0744,22.66346],[105.07513,22.66327],[105.07588,22.66249],[105.07809,22.66347],[105.07884,22.66259],[105.07896,22.66139],[105.08036,22.66101],[105.08206,22.66153],[105.0833,22.66244],[105.08509,22.66316],[105.08572,22.66422],[105.08761,22.66572],[105.0892,22.66649],[105.09074,22.66796],[105.09153,22.66802],[105.09233,22.66859],[105.09429,22.66871],[105.09796,22.66773],[105.09955,22.66761],[105.10039,22.66678],[105.1021,22.66651],[105.10279,22.66603],[105.10659,22.66606],[105.10759,22.66736],[105.10882,22.66803],[105.10897,22.66893],[105.11219,22.67088],[105.11539,22.6785],[105.11725,22.67824],[105.11824,22.67849],[105.12006,22.67792],[105.12115,22.67856],[105.12301,22.67882],[105.12488,22.67794]]]]}},
{"type":"Feature","id":"00982","properties":{"Ward_Code":"00982","Ward_Code_Num":982,"Ward":"Minh Sơn","Ward_Alt":"Minh Sơn","Ward_Upper":"MINH SƠN","Ward_Full":"Xã Minh Sơn","Ward_Full_Alt":"Xã Minh Sơn","Ward_Full_Upper_Alt":"XÃ MINH SƠN","Ward_Type":"Xã","Province_Code":"08","Province":"Tuyên Quang","Province_Upper_Alt":"TUYÊN QUANG"},"geometry":{"type":"MultiPolygon","coordinates":[[[[105.16603,22.92217],[105.16671,22.92118],[105.16744,22.92093],[105.16921,22.92171],[105.1704,22.92126],[105.173,22.91785],[105.17507,22.91426],[105.1778,22.91239],[105.17934,22.91349],[105.1828,22.91217],[105.18664,22.91021],[105.18787,22.90995],[105.18897,22.91025],[105.19171,22.90739],[105.19227,22.90751],[105.19291,22.90822],[105.19609,22.90745],[105.1976,22.9082],[105.20007,22.90856],[105.20073,22.90813],[105.20135,22.9069],[105.2018,22.90664],[105.20513,22.90625],[105.20597,22.90557],[105.2068,22.90395],[105.20742,22.90395],[105.20781,22.90287],[105.20707,22.90243],[105.20764,22.90212],[105.20789,22.90152],[105.20758,22.90013],[105.20865,22.89823],[105.21026,22.89726],[105.21168,22.89486],[105.21404,22.89248],[105.21579,22.89169],[105.21685,22.89047],[105.21847,22.88944],[105.21957,22.88917],[105.22098,22.88808],[105.22284,22.88805],[105.22357,22.8875],[105.22396,22.8865],[105.22301,22.88416],[105.22313,22.88369],[105.224,22.88286],[105.22579,22.88201],[105.22728,22.88057],[105.22766,22.8793],[105.22898,22.87984],[105.23037,22.8795],[105.23199,22.87973],[105.23286,22.88168],[105.23395,22.88235],[105.23454,22.8837],[105.23535,22.88438],[105.24003,22.88531],[105.24173,22.88611],[105.24937,22.8863],[105.2519,22.88678],[105.25363,22.88757],[105.25579,22.88658],[105.25858,22.88676],[105.26044,22.88565],[105.2606,22.88509],[105.26218,22.88481],[105.26321,22.88418],[105.26465,22.88262],[105.26749,22.88127],[105.26733,22.88063],[105.26814,22.87975],[105.26912,22.87724],[105.26859,22.87658],[105.2683,22.87403],[105.26703,22.86859],[105.26572,22.86555],[105.26726,22.86564],[105.27194,22.86426],[105.27309,22.86423],[105.27368,22.86353],[105.27342,22.86214],[105.27614,22.86051],[105.2786,22.857],[105.28004,22.85622],[105.27904,22.85518],[105.27829,22.852],[105.27714,22.85102],[105.27434,22.85104],[105.27326,22.85065],[105.2729,22.85014],[105.27272,22.84977],[105.27318,22.84909],[105.27294,22.84729],[105.2719,22.84649],[105.27144,22.84525],[105.27048,22.84423],[105.27083,22.84267],[105.2702,22.84074],[105.2695,22.83976],[105.26961,22.83918],[105.26916,22.83829],[105.26925,22.83674],[105.26976,22.83571],[105.26917,22.83458],[105.26622,22.83261],[105.26456,22.82954],[105.26262,22.82843],[105.26254,22.82775],[105.26313,22.82615],[105.26189,22.82332],[105.26196,22.82197],[105.2628,22.82107],[105.2629,22.81978],[105.26224,22.81882],[105.26136,22.81835],[105.26017,22.81548],[105.25802,22.81512],[105.25692,22.81388],[105.25546,22.81372],[105.25373,22.80923],[105.2509,22.80763],[105.25044,22.8051],[105.2483,22.80061],[105.24795,22.79832],[105.25124,22.79472],[105.25222,22.79136],[105.25517,22.789],[105.25554,22.78729],[105.25675,22.7858],[105.2574,22.78443],[105.25706,22.78364],[105.25508,22.78248],[105.25404,22.78143],[105.25272,22.77904],[105.25162,22.77791],[105.25023,22.77747],[105.24922,22.7766],[105.24812,22.77754],[105.24714,22.77744],[105.24625,22.77679],[105.2459,22.77592],[105.24391,22.77513],[105.2423,22.77338],[105.23972,22.77436],[105.23793,22.77466],[105.23594,22.77604],[105.23361,22.77712],[105.2333,22.77878],[105.23238,22.7795],[105.23224,22.78094],[105.23107,22.7816],[105.2274,22.7817],[105.22603,22.78224],[105.22454,22.78188],[105.22126,22.78174],[105.21812,22.77931],[105.21525,22.7789],[105.21382,22.77984],[105.21188,22.77987],[105.20906,22.78078],[105.20725,22.78221],[105.20469,22.78242],[105.20357,22.78343],[105.20144,22.78406],[105.20038,22.78476],[105.20011,22.78551],[105.19707,22.78741],[105.19178,22.79389],[105.19014,22.79525],[105.18697,22.79712],[105.18642,22.80096],[105.18562,22.80258],[105.18455,22.80378],[105.18415,22.805],[105.18293,22.80595],[105.18141,22.80636],[105.18069,22.80693],[105.17982,22.808229999999998],[105.1795,22.81005],[105.17892,22.81088],[105.1773,22.8114],[105.17542,22.81124],[105.17332,22.81156],[105.17256,22.81285],[105.16723,22.81635],[105.16446,22.81725],[105.16335,22.81823],[105.16264,22.81948],[105.15886,22.82147],[105.15656,22.82155],[105.15583,22.82289],[105.1552,22.82334],[105.15429,22.82601],[105.15377,22.82662],[105.15155,22.82777],[105.14947,22.82802],[105.14691,22.82786],[105.1462,22.82872],[105.14582,22.83002],[105.14281,22.83094],[105.14189,22.83218],[105.13995,22.83232],[105.13859,22.83308],[105.13501,22.8369],[105.13629,22.83843],[105.13599,22.84039],[105.13635,22.84216],[105.13614,22.84304],[105.13683,22.84419],[105.13822,22.84579],[105.13945,22.84655],[105.14088,22.84675],[105.14166,22.84742],[105.14292,22.84714],[105.1431,22.84879],[105.14274,22.84941],[105.14143,22.85033],[105.14117,22.85119],[105.14191,22.85384],[105.14188,22.85603],[105.14123,22.85688],[105.14133,22.85744],[105.14362,22.85812],[105.1482,22.85852],[105.15042,22.85911],[105.15094,22.85934],[105.15179,22.86071],[105.15149,22.8632],[105.15065,22.86544],[105.15082,22.86733],[105.1505,22.86893],[105.15116,22.86974],[105.15054,22.87101],[105.1504,22.87304],[105.14805,22.87668],[105.14706,22.87957],[105.14708,22.88074],[105.1478,22.88241],[105.14724,22.88451],[105.14654,22.88549],[105.1475,22.88922],[105.14647,22.89113],[105.14546,22.89462],[105.14378,22.89615],[105.14283,22.89799],[105.14149,22.89898],[105.14013,22.90192],[105.13861,22.90384],[105.13751,22.90587],[105.13755,22.90804],[105.13489,22.91173],[105.13666,22.91358],[105.13871,22.91456],[105.1393,22.91668],[105.13932,22.91885],[105.13994,22.91958],[105.14184,22.92046],[105.1419,22.92158],[105.14227,22.92199],[105.14479,22.92112],[105.14597,22.92005],[105.14721,22.91975],[105.14757,22.91908],[105.14851,22.9186],[105.14912,22.91891],[105.14988,22.92069],[105.15215,22.92299],[105.15637,22.92308],[105.15808,22.92202],[105.15962,22.92184],[105.16263,22.92354],[105.16324,22.92297],[105.16554,22.92256],[105.16603,22.92217]]]]}},
{"type":"Feature","id":"00985","properties":{"Ward_Code":"00985","Ward_Code_Num":985,"Ward":"Giáp Trung","Ward_Alt":"Giáp Trung","Ward_Upper":"GIÁP TRUNG","Ward_Full":"Xã Giáp Trung","Ward_Full_Alt":"Xã Giáp Trung","Ward_Full_Upper_Alt":"XÃ GIÁP TRUNG","Ward_Type":"Xã","Province_Code":"08","Province":"Tuyên Quang","Province_Upper_Alt":"TUYÊN QUANG"},"geometry":{"type":"MultiPolygon","coordinates":[[[[105.28038,22.85586],[105.28215,22.85588],[105.28376,22.85537],[105.28597,22.85618],[105.28814,22.85525],[105.29087,22.85548],[105.29335,22.85518],[105.29584,22.8557],[105.2966,22.85526],[105.2989,22.85479],[105.30068,22.85575],[105.3016,22.85511],[105.30199,22.85391],[105.30705,22.85078],[105.30811,22.84953],[105.31169,22.85105],[105.31254,22.8504],[105.31344,22.84888],[105.31453,22.84869],[105.31628,22.84683],[105.31799,22.84675],[105.31879,22.84531],[105.31953,22.84521],[105.32012,22.84453],[105.32374,22.84476],[105.32402,22.84424],[105.32493,22.84371],[105.32525,22.842],[105.32462,22.84076],[105.32446,22.83936],[105.32494,22.83835],[105.32529,22.83512],[105.32779,22.83282],[105.3289,22.83232],[105.33071,22.83223],[105.33127,22.83244],[105.33168,22.83341],[105.33207,22.8334],[105.33286,22.83112],[105.33348,22.83088],[105.33526,22.83088],[105.33639,22.8298],[105.33842,22.82923],[105.34019,22.82923],[105.3421,22.82967],[105.34379,22.82783],[105.34476,22.82581],[105.34547,22.8253],[105.3467,22.82524],[105.34779,22.82562],[105.3505,22.82526],[105.34982,22.82314],[105.34909,22.82229],[105.34942,22.82131],[105.34946,22.81745],[105.3498,22.81624],[105.34957,22.81572],[105.34849,22.81504],[105.34842,22.81388],[105.34871,22.81331],[105.34736,22.81448],[105.34534,22.81497],[105.34484,22.81568],[105.34329,22.81595],[105.34142,22.81466],[105.34067,22.81248],[105.33924,22.81352],[105.33835,22.81347],[105.3353,22.81155],[105.33432,22.81125],[105.33277,22.80994],[105.33193,22.806],[105.33229,22.80288],[105.33159,22.80121],[105.33193,22.79978],[105.33082,22.79805],[105.33003,22.79583],[105.32991,22.79448],[105.32869,22.7934],[105.32712,22.79083],[105.32691,22.79003],[105.3273,22.78854],[105.32722,22.78738],[105.32622,22.78418],[105.32428,22.78319],[105.3251,22.77876],[105.32739,22.77534],[105.32695,22.77358],[105.32504,22.77237],[105.32363,22.77244],[105.32164,22.77204],[105.31975,22.77326],[105.31868,22.77289],[105.31724,22.77177],[105.31624,22.77175],[105.31526,22.7727],[105.3145,22.7728],[105.31347,22.77236],[105.31367,22.77123],[105.31155,22.77078],[105.31107,22.76947],[105.3118,22.76844],[105.31372,22.76738],[105.31406,22.76667],[105.31397,22.76578],[105.31356,22.76531],[105.31018,22.76434],[105.30803,22.76414],[105.30766,22.76248],[105.30778,22.75692],[105.30622,22.75679],[105.30453,22.75563],[105.30324,22.75334],[105.30027,22.75376],[105.29785,22.75333],[105.29515,22.75336],[105.29265,22.75456],[105.29005,22.75418],[105.29021,22.75755],[105.2896,22.75935],[105.29006,22.76061],[105.28887,22.76281],[105.28733,22.76346],[105.2826,22.76326],[105.27813,22.76168],[105.27478,22.76118],[105.27078,22.76187],[105.26928,22.76252],[105.26856,22.76232],[105.26553,22.7627],[105.26457,22.76192],[105.26207,22.76186],[105.26195,22.76565],[105.2626,22.76685],[105.26268,22.76837],[105.25982,22.77054],[105.25861,22.77216],[105.2567,22.77298],[105.25525,22.77428],[105.25209,22.77501],[105.24903,22.77537],[105.24833,22.7752],[105.24772,22.77597],[105.24625,22.77679],[105.24761,22.7776],[105.24822,22.77749],[105.24922,22.7766],[105.25023,22.77747],[105.25162,22.77791],[105.25272,22.77904],[105.25404,22.78143],[105.25508,22.78248],[105.25706,22.78364],[105.25738,22.78426],[105.25675,22.7858],[105.25554,22.78729],[105.25517,22.789],[105.25222,22.79136],[105.25124,22.79472],[105.24791,22.79841],[105.24825,22.79906],[105.2483,22.80061],[105.25056,22.80547],[105.2509,22.80763],[105.25373,22.80923],[105.25565,22.81389],[105.25692,22.81388],[105.25802,22.81512],[105.26017,22.81548],[105.26136,22.81835],[105.26224,22.81882],[105.26284,22.81967],[105.2628,22.82107],[105.26196,22.82197],[105.26189,22.82332],[105.26313,22.82615],[105.26254,22.82775],[105.26262,22.82843],[105.26456,22.82954],[105.26622,22.83261],[105.26917,22.83458],[105.26976,22.83571],[105.26925,22.83674],[105.26916,22.83829],[105.26961,22.83918],[105.2695,22.83976],[105.2702,22.84074],[105.27083,22.84267],[105.27048,22.84423],[105.27144,22.84525],[105.2719,22.84649],[105.27294,22.84729],[105.27318,22.84909],[105.27272,22.84977],[105.27326,22.85065],[105.27434,22.85104],[105.27714,22.85102],[105.27829,22.852],[105.27915,22.85541],[105.28004,22.85622],[105.28038,22.85586]]]]}},
{"type":"Feature","id":"00991","properties":{"Ward_Code":"00991","Ward_Code_Num":991,"Ward":"Bắc Mê","Ward_Alt":"Bắc Mê","Ward_Upper":"BẮC MÊ","Ward_Full":"Xã Bắc Mê","Ward_Full_Alt":"Xã Bắc Mê","Ward_Full_Upper_Alt":"XÃ BẮC MÊ","Ward_Type":"Xã","Province_Code":"08","Province":"Tuyên Quang","Province_Upper_Alt":"TUYÊN QUANG"},"geometry":{"type":"MultiPolygon","coordinates":[[[[105.35203,22.8248],[105.35569,22.82401],[105.357,22.82252],[105.35909,22.82307],[105.36229,22.82476],[105.36476,22.82441],[105.36518,22.82365],[105.36504,22.82159],[105.36537,22.82085],[105.36603,22.82046],[105.36763,22.82031],[105.36785,22.82],[105.36866,22.81613],[105.36812,22.81427],[105.36831,22.81281],[105.37225,22.81166],[105.37543,22.81273],[105.37645,22.81237],[105.37936,22.81255],[105.37972,22.8119],[105.38022,22.81177],[105.38184,22.81252],[105.38383,22.81118],[105.38408,22.81058],[105.38704,22.81006],[105.38823,22.80825],[105.38966,22.80749],[105.39069,22.80637],[105.39143,22.80413],[105.39439,22.80218],[105.39453,22.79964],[105.39617,22.79677],[105.39894,22.79526],[105.39921,22.79476],[105.40107,22.79501],[105.40234,22.79553],[105.40348,22.79551],[105.40486,22.79488],[105.4066,22.79345],[105.40862,22.79272],[105.4096,22.79143],[105.41002,22.79027],[105.40989,22.78945],[105.41108,22.78913],[105.41222,22.78789],[105.41427,22.78677],[105.41435,22.78629],[105.41795,22.78513],[105.42234,22.78533],[105.42351,22.78481],[105.42377,22.78439],[105.42263,22.78375],[105.42202,22.78145],[105.42147,22.78068],[105.42368,22.77896],[105.42396,22.77833],[105.42385,22.77734],[105.4246,22.77617],[105.4263,22.77609],[105.4291,22.77734],[105.43013,22.77651],[105.43057,22.77664],[105.43156,22.776],[105.43283,22.776],[105.4334,22.77509],[105.43539,22.77443],[105.43767,22.77385],[105.4401,22.77403],[105.44462,22.77152],[105.44723,22.76908],[105.44706,22.76809],[105.44748,22.76636],[105.44809,22.76546],[105.44801,22.76303],[105.44875,22.76214],[105.44885,22.76098],[105.44937,22.75996],[105.44938,22.7595],[105.44843,22.75834],[105.44884,22.75707],[105.44724,22.75572],[105.44614,22.7526],[105.44562,22.74998],[105.44633,22.74845],[105.44388,22.74904],[105.44267,22.74979],[105.44037,22.74974],[105.43852,22.75107],[105.43799,22.7503],[105.43757,22.75074],[105.43564,22.75128],[105.43378,22.74857],[105.43354,22.74672],[105.4314,22.744],[105.42591,22.74529],[105.42239,22.7443],[105.42028,22.74746],[105.4162,22.74552],[105.41448,22.74433],[105.41221,22.74348],[105.41103,22.74247],[105.40894,22.74142],[105.4078,22.73982],[105.40414,22.73854],[105.40146,22.73911],[105.39822,22.74175],[105.39506,22.7434],[105.38968,22.74408],[105.38784,22.74279],[105.38435,22.7384],[105.38244,22.73694],[105.3707,22.73135],[105.36678,22.73078],[105.36299,22.73096],[105.3591,22.73206],[105.35105,22.73272],[105.35027,22.73215],[105.34948,22.73086],[105.34863,22.73073],[105.34923,22.72974],[105.3486,22.72813],[105.34788,22.7284],[105.34721,22.72781],[105.34773,22.72543],[105.34818,22.72537],[105.34723,22.72445],[105.34567,22.7244],[105.34209,22.72295],[105.33987,22.72031],[105.33902,22.72009],[105.33862,22.71918],[105.33768,22.7187],[105.33655,22.71693],[105.33844,22.71689],[105.33991,22.71589],[105.34292,22.71553],[105.34429,22.71399],[105.34318,22.71244],[105.34287,22.7111],[105.34036,22.7089],[105.34042,22.70844],[105.33888,22.70813],[105.33808,22.70741],[105.33736,22.70613],[105.3368,22.70333],[105.33472,22.7038],[105.33224,22.70522],[105.32685,22.70425],[105.3235,22.70511],[105.3236,22.70705],[105.32514,22.70918],[105.32529,22.71058],[105.32319,22.71204],[105.32016,22.71262],[105.31532,22.71126],[105.3135,22.70892],[105.31113,22.70772],[105.31061,22.70698],[105.31003,22.70678],[105.30899,22.70768],[105.30804,22.70792],[105.30635,22.7077],[105.3045,22.70672],[105.30232,22.70656],[105.30108,22.70578],[105.3,22.70557],[105.29849,22.70629],[105.29751,22.70575],[105.29604,22.70619],[105.29301,22.70558],[105.28991,22.70691],[105.28936,22.70664],[105.28774,22.7071],[105.28401,22.70683],[105.28197,22.70609],[105.27944,22.70678],[105.27775,22.70753],[105.27494,22.71099],[105.27477,22.71187],[105.27581,22.71391],[105.27626,22.71577],[105.27508,22.71662],[105.27452,22.71768],[105.26997,22.71731],[105.26836,22.71656],[105.2662,22.71752],[105.26482,22.71897],[105.26271,22.71932],[105.26127,22.72002],[105.26047,22.72111],[105.25949,22.72121],[105.25884,22.72223],[105.25792,22.7243],[105.2591,22.72656],[105.25714,22.72801],[105.25459,22.72831],[105.25341,22.72589],[105.25212,22.7255],[105.25131,22.72471],[105.24988,22.7243],[105.2509,22.72184],[105.25074,22.72069],[105.25038,22.72029],[105.24951,22.72071],[105.24665,22.72112],[105.2387,22.72989],[105.23882,22.73093],[105.22583,22.73157],[105.22337,22.73612],[105.22312,22.73744],[105.22219,22.73776],[105.22146,22.73919],[105.22054,22.73916],[105.21975,22.74106],[105.21821,22.74101],[105.21754,22.74137],[105.21722,22.74213],[105.21675,22.74227],[105.21433,22.74213],[105.21291,22.74388],[105.21278,22.74479],[105.21189,22.7455],[105.21164,22.74655],[105.21245,22.74778],[105.21091,22.75321],[105.21219,22.75546],[105.21199,22.7581],[105.21313,22.75936],[105.21356,22.76191],[105.21441,22.76249],[105.2152,22.76421],[105.21563,22.7669],[105.21488,22.76823],[105.21541,22.7724],[105.21446,22.77381],[105.2136,22.7767],[105.21492,22.77808],[105.21525,22.7789],[105.21812,22.77931],[105.22122,22.78173],[105.22454,22.78188],[105.22585,22.78223],[105.2274,22.7817],[105.23005,22.78182],[105.23136,22.7815],[105.23224,22.78094],[105.23238,22.7795],[105.2333,22.77878],[105.23361,22.77712],[105.23594,22.77604],[105.23793,22.77466],[105.23972,22.77436],[105.24218,22.77341],[105.24265,22.77357],[105.24391,22.77513],[105.2459,22.77592],[105.24625,22.77679],[105.24772,22.77597],[105.24833,22.7752],[105.24903,22.77537],[105.25209,22.77501],[105.25525,22.77428],[105.2567,22.77298],[105.25861,22.77216],[105.25982,22.77054],[105.26286,22.7681],[105.26195,22.76565],[105.26207,22.76186],[105.26457,22.76192],[105.26553,22.7627],[105.26856,22.76232],[105.26928,22.76252],[105.27078,22.76187],[105.27478,22.76118],[105.27813,22.76168],[105.2826,22.76326],[105.28733,22.76346],[105.28887,22.76281],[105.29006,22.76061],[105.2896,22.75935],[105.29021,22.75755],[105.29005,22.75418],[105.29265,22.75456],[105.29515,22.75336],[105.29785,22.75333],[105.30027,22.75376],[105.30324,22.75334],[105.30453,22.75563],[105.30622,22.75679],[105.30778,22.75692],[105.30766,22.76248],[105.30803,22.76414],[105.31018,22.76434],[105.31356,22.76531],[105.31397,22.76578],[105.31406,22.76667],[105.31372,22.76738],[105.3118,22.76844],[105.31107,22.76947],[105.31155,22.77078],[105.31367,22.77123],[105.31347,22.77236],[105.3145,22.7728],[105.31526,22.7727],[105.31624,22.77175],[105.31724,22.77177],[105.31868,22.77289],[105.31975,22.77326],[105.32164,22.77204],[105.32363,22.77244],[105.32504,22.77237],[105.32695,22.77358],[105.32739,22.77534],[105.3251,22.77876],[105.32428,22.78319],[105.32622,22.78418],[105.32722,22.78738],[105.3273,22.78854],[105.32691,22.79003],[105.32712,22.79083],[105.32869,22.7934],[105.32991,22.79448],[105.33003,22.79583],[105.33082,22.79805],[105.33193,22.79978],[105.33159,22.80121],[105.33229,22.80288],[105.33193,22.806],[105.33277,22.80994],[105.33432,22.81125],[105.3353,22.81155],[105.33835,22.81347],[105.33924,22.81352],[105.34067,22.81248],[105.34142,22.81466],[105.34329,22.81595],[105.34484,22.81568],[105.34534,22.81497],[105.34736,22.81448],[105.34871,22.81331],[105.34842,22.81388],[105.34849,22.81504],[105.34957,22.81572],[105.3498,22.81624],[105.34946,22.81745],[105.34951,22.82046],[105.34914,22.82252],[105.34982,22.82314],[105.3505,22.82526],[105.35203,22.8248]]]]}},
{"type":"Feature","id":"00994","properties":{"Ward_Code":"00994","Ward_Code_Num":994,"Ward":"Minh Ngọc","Ward_Alt":"Minh Ngọc","Ward_Upper":"MINH NGỌC","Ward_Full":"Xã Minh Ngọc","Ward_Full_Alt":"Xã Minh Ngọc","Ward_Full_Upper_Alt":"XÃ MINH NGỌC","Ward_Type":"Xã","Province_Code":"08","Province":"Tuyên Quang","Province_Upper_Alt":"TUYÊN QUANG"},"geometry":{"type":"MultiPolygon","coordinates":[[[[105.17498,22.81133],[105.1773,22.8114],[105.17892,22.81088],[105.1795,22.81005],[105.17982,22.808229999999998],[105.18069,22.80693],[105.18141,22.80636],[105.18293,22.80595],[105.18415,22.805],[105.18455,22.80378],[105.18562,22.80258],[105.18642,22.80096],[105.18697,22.79712],[105.19014,22.79525],[105.19178,22.79389],[105.19707,22.78741],[105.20011,22.78551],[105.20066,22.78447],[105.20238,22.78364],[105.20357,22.78343],[105.20469,22.78242],[105.20725,22.78221],[105.20906,22.78078],[105.21188,22.77987],[105.21382,22.77984],[105.21525,22.7789],[105.21357,22.77647],[105.21446,22.77381],[105.21541,22.7724],[105.21488,22.76823],[105.21561,22.76708],[105.21541,22.7649],[105.21441,22.76249],[105.21356,22.76191],[105.21313,22.75936],[105.21199,22.7581],[105.21219,22.75546],[105.21091,22.75321],[105.21245,22.74778],[105.21162,22.74623],[105.2121,22.74516],[105.21278,22.74479],[105.21282,22.74404],[105.2138,22.74251],[105.21433,22.74213],[105.217,22.74221],[105.21754,22.74137],[105.21821,22.74101],[105.21975,22.74106],[105.22054,22.73916],[105.22146,22.73919],[105.22219,22.73776],[105.22312,22.73744],[105.22337,22.73612],[105.22583,22.73157],[105.23882,22.73093],[105.2387,22.72989],[105.24665,22.72112],[105.24951,22.72071],[105.25038,22.72029],[105.25074,22.72069],[105.2509,22.72184],[105.24988,22.7243],[105.25131,22.72471],[105.25212,22.7255],[105.25341,22.72589],[105.25459,22.72831],[105.25714,22.72801],[105.2591,22.72656],[105.25792,22.7243],[105.25949,22.72121],[105.26047,22.72111],[105.26127,22.72002],[105.26235,22.71944],[105.26482,22.71897],[105.2662,22.71752],[105.26836,22.71656],[105.26997,22.71731],[105.27452,22.71768],[105.27508,22.71662],[105.27626,22.71577],[105.27478,22.7114],[105.27711,22.70813],[105.27833,22.70718],[105.28197,22.70609],[105.28401,22.70683],[105.28518,22.7069],[105.28403,22.70486],[105.28687,22.70189],[105.28636,22.70012],[105.28724,22.699],[105.28707,22.69722],[105.28636,22.69585],[105.28646,22.69553],[105.28736,22.69444],[105.28863,22.69388],[105.29247,22.69334],[105.295,22.69195],[105.29557,22.69064],[105.29595,22.68738],[105.29638,22.68677],[105.29685,22.68295],[105.2987,22.68071],[105.30084,22.68011],[105.30048,22.67919],[105.30097,22.67767],[105.30011,22.67657],[105.30066,22.67199],[105.30109,22.67061],[105.30088,22.67028],[105.29937,22.66978],[105.299,22.66922],[105.29885,22.66841],[105.29924,22.66732],[105.29785,22.66377],[105.3,22.66044],[105.30194,22.65874],[105.30238,22.65486],[105.30494,22.65328],[105.30414,22.65092],[105.30473,22.64987],[105.30472,22.64919],[105.3055,22.64849],[105.30478,22.64637],[105.30343,22.64487],[105.30378,22.642],[105.30305,22.64088],[105.30425,22.63983],[105.3043,22.63881],[105.30372,22.63719],[105.30401,22.63651],[105.30134,22.6342],[105.29826,22.6339],[105.29612,22.63453],[105.29353,22.63408],[105.29258,22.63423],[105.28928,22.63602],[105.28649,22.63553],[105.28582,22.63592],[105.28361,22.63607],[105.28451,22.63713],[105.28388,22.63941],[105.2818,22.64013],[105.28118,22.64129],[105.28009,22.64238],[105.2794,22.64387],[105.27868,22.64454],[105.27519,22.64583],[105.27356,22.64731],[105.27005,22.64892],[105.26693,22.64869],[105.26221,22.64987],[105.25878,22.65115],[105.2541,22.65395],[105.25331,22.6555],[105.24727,22.65165],[105.2443,22.64884],[105.24324,22.65023],[105.24286,22.65275],[105.24332,22.65429],[105.24294,22.65525],[105.2408,22.65732],[105.23972,22.65739],[105.23843,22.65845],[105.23746,22.65883],[105.23587,22.66059],[105.23362,22.6611],[105.23244,22.66076],[105.23143,22.66128],[105.23132,22.66228],[105.23034,22.66248],[105.2294,22.66311],[105.22837,22.66259],[105.22732,22.66279],[105.22627,22.66239],[105.22404,22.6624],[105.22087,22.66181],[105.22002,22.66112],[105.2189,22.66105],[105.21698,22.66248],[105.21517,22.6631],[105.2146,22.66392],[105.21137,22.66551],[105.21025,22.66639],[105.21048,22.66982],[105.2094,22.67231],[105.20939,22.67383],[105.20815,22.67408],[105.20751,22.67459],[105.20682,22.67532],[105.20675,22.67614],[105.20602,22.67732],[105.20524,22.67807],[105.20315,22.67797],[105.20174,22.6771],[105.19974,22.67674],[105.19664,22.67762],[105.19315,22.67782],[105.19227,22.67843],[105.18953,22.67928],[105.18874,22.68003],[105.18453,22.68129],[105.18288,22.68214],[105.18216,22.68164],[105.18007,22.68106],[105.1775,22.68229],[105.1766,22.68439],[105.17246,22.68597],[105.17095,22.68761],[105.17069,22.6885],[105.16978,22.6891],[105.16684,22.69024],[105.16488,22.69027],[105.16306,22.69092],[105.16117,22.6905],[105.15945,22.69121],[105.15644,22.6937],[105.15531,22.6936],[105.15424,22.69483],[105.14859,22.69748],[105.1483,22.698],[105.1486,22.69955],[105.14782,22.70022],[105.14742,22.70218],[105.15078,22.70518],[105.15073,22.70691],[105.15105,22.70772],[105.15244,22.70868],[105.15214,22.71002],[105.15251,22.71195],[105.15224,22.7127],[105.15066,22.71432],[105.15011,22.71586],[105.14507,22.71864],[105.14139,22.72187],[105.13993,22.72272],[105.13847,22.72463],[105.13646,22.72558],[105.13569,22.72647],[105.13456,22.72691],[105.12951,22.73063],[105.13146,22.73351],[105.13156,22.73497],[105.1312,22.73617],[105.13245,22.73761],[105.13275,22.73943],[105.13461,22.73973],[105.13571,22.74056],[105.13657,22.74078],[105.13902,22.7437],[105.14059,22.74485],[105.141,22.74346],[105.14176,22.74268],[105.14387,22.74236],[105.14463,22.74443],[105.14587,22.74557],[105.14628,22.74663],[105.14703,22.74727],[105.14756,22.74643],[105.1487,22.7457],[105.14932,22.74566],[105.14997,22.74505],[105.1507,22.7451],[105.15114,22.74534],[105.15086,22.74589],[105.15154,22.74726],[105.15149,22.74818],[105.15184,22.74898],[105.15248,22.74894],[105.15449,22.7479],[105.15552,22.74784],[105.15553,22.74956],[105.15587,22.75024],[105.15712,22.75107],[105.1578,22.75117],[105.15841,22.75184],[105.15987,22.75206],[105.15859,22.75375],[105.15845,22.75537],[105.1577,22.75653],[105.15709,22.75668],[105.15567,22.75593],[105.1536,22.75581],[105.15434,22.75847],[105.15358,22.76085],[105.15452,22.76172],[105.15458,22.76247],[105.15424,22.76346],[105.15217,22.76415],[105.15171,22.76561],[105.15089,22.76627],[105.15097,22.76922],[105.15179,22.77017],[105.15235,22.77223],[105.15367,22.77336],[105.15349,22.77546],[105.15526,22.77606],[105.16011,22.78178],[105.15712,22.78338],[105.15541,22.78388],[105.15436,22.7849],[105.15346,22.78742],[105.15504,22.79062],[105.15487,22.79192],[105.15558,22.79243],[105.15679,22.79008],[105.15684,22.78896],[105.15846,22.78723],[105.16025,22.78637],[105.16104,22.78668],[105.16197,22.78766],[105.16353,22.78753],[105.16372,22.78798],[105.16348,22.78838],[105.16414,22.78967],[105.1637,22.79124],[105.16395,22.79199],[105.16318,22.79255],[105.16216,22.79466],[105.16282,22.79594],[105.16239,22.79652],[105.16243,22.79704],[105.16315,22.79806],[105.16384,22.79801],[105.1644,22.80092],[105.16354,22.80193],[105.16225,22.80198],[105.16136,22.80346],[105.16046,22.80336],[105.16054,22.80388],[105.16162,22.80551],[105.16316,22.80681],[105.16336,22.80765],[105.16447,22.80832],[105.16666,22.80898],[105.16766,22.81018],[105.16957,22.81153],[105.17246,22.81287],[105.17332,22.81156],[105.17498,22.81133]]]]}},
{"type":"Feature","id":"01006","properties":{"Ward_Code":"01006","Ward_Code_Num":1006,"Ward":"Yên Cường","Ward_Alt":"Yên Cường","Ward_Upper":"YÊN CƯỜNG","Ward_Full":"Xã Yên Cường","Ward_Full_Alt":"Xã Yên Cường","Ward_Full_Upper_Alt":"XÃ YÊN CƯỜNG","Ward_Type":"Xã","Province_Code":"08","Province":"Tuyên Quang","Province_Upper_Alt":"TUYÊN QUANG"},"geometry":{"type":"MultiPolygon","coordinates":[[[[105.37902,22.73133],[105.38246,22.73036],[105.38436,22.72901],[105.38462,22.72774],[105.38555,22.72698],[105.38582,22.72492],[105.3876,22.72287],[105.3888,22.72031],[105.39197,22.71999],[105.39381,22.71865],[105.39791,22.71722],[105.40168,22.7144],[105.40468,22.71432],[105.40592,22.71396],[105.40905,22.71188],[105.41039,22.71069],[105.4112,22.7094],[105.41358,22.70907],[105.41766,22.70963],[105.41795,22.70906],[105.41873,22.7086],[105.41916,22.70766],[105.42247,22.70661],[105.42317,22.70583],[105.42247,22.70311],[105.42301,22.7008],[105.4225,22.69918],[105.42384,22.69757],[105.4258,22.69932],[105.42741,22.69846],[105.43015,22.69856],[105.43056,22.69696],[105.4317,22.69657],[105.43435,22.69615],[105.43632,22.69628],[105.43762,22.69553],[105.43857,22.6957],[105.43949,22.6963],[105.44068,22.69563],[105.44152,22.69599],[105.44118,22.69536],[105.4416,22.69439],[105.4415,22.69295],[105.44219,22.68937],[105.44365,22.6879],[105.44618,22.68727],[105.44682,22.68617],[105.44715,22.68476],[105.44696,22.68405],[105.4462,22.68331],[105.44384,22.68192],[105.44386,22.6808],[105.44346,22.68036],[105.44263,22.67778],[105.44168,22.6771],[105.43987,22.67676],[105.43739,22.67535],[105.43639,22.67407],[105.43475,22.67404],[105.43376,22.67355],[105.43349,22.67197],[105.4325,22.67135],[105.43185,22.67008],[105.43025,22.66918],[105.42944,22.66735],[105.42781,22.66632],[105.42722,22.66522],[105.42355,22.66298],[105.42062,22.66511],[105.41833,22.66585],[105.41711,22.66592],[105.41665,22.66644],[105.41382,22.66653],[105.41123,22.66548],[105.40948,22.66516],[105.40694,22.66321],[105.40333,22.66292],[105.39955,22.6608],[105.3983,22.65967],[105.39786,22.65881],[105.39542,22.65805],[105.39439,22.6571],[105.39285,22.65676],[105.39035,22.65535],[105.38868,22.65601],[105.38711,22.65618],[105.38476,22.65478],[105.38381,22.655],[105.38323,22.65451],[105.38192,22.64992],[105.38038,22.64817],[105.38,22.64712],[105.38103,22.64516],[105.38015,22.64393],[105.38017,22.64331],[105.37856,22.64223],[105.37755,22.642],[105.3765,22.64066],[105.37501,22.63975],[105.37093,22.63928],[105.37022,22.63852],[105.36864,22.63846],[105.36699,22.63728],[105.366,22.63743],[105.36578,22.6365],[105.36444,22.63652],[105.36269,22.63575],[105.36313,22.63623],[105.36301,22.63699],[105.36114,22.63945],[105.35962,22.63856],[105.35783,22.63955],[105.35544,22.63891],[105.35431,22.63987],[105.3499,22.63961],[105.34892,22.64009],[105.34753,22.63991],[105.34675,22.64032],[105.3452,22.63926],[105.34384,22.6396],[105.34209,22.64056],[105.34106,22.63959],[105.33967,22.63988],[105.33613,22.63865],[105.33515,22.63868],[105.33186,22.64049],[105.3305,22.64046],[105.32932,22.63959],[105.32847,22.6394],[105.32763,22.63841],[105.3259,22.63757],[105.32422,22.63565],[105.32281,22.63514],[105.32221,22.63449],[105.3222,22.63412],[105.32349,22.63239],[105.3234,22.63177],[105.32543,22.62991],[105.32319,22.62924],[105.32216,22.62859],[105.32204,22.62817],[105.32291,22.62648],[105.32142,22.62497],[105.32029,22.6245],[105.3192,22.62447],[105.31803,22.62348],[105.31789,22.62179],[105.31724,22.62025],[105.31674,22.6201],[105.31645,22.61771],[105.31705,22.61676],[105.31624,22.61553],[105.31594,22.61381],[105.31444,22.61098],[105.31538,22.60835],[105.31587,22.60803],[105.31826,22.60426],[105.31724,22.6038],[105.31666,22.60391],[105.31396,22.60587],[105.31314,22.60584],[105.31197,22.60638],[105.31104,22.60966],[105.31203,22.61116],[105.31233,22.61266],[105.31226,22.61304],[105.31123,22.61363],[105.31016,22.61292],[105.3031,22.61359],[105.30226,22.61349],[105.30166,22.61294],[105.30065,22.61325],[105.29961,22.61426],[105.2986,22.61417],[105.2983,22.61332],[105.2979,22.61317],[105.29202,22.61472],[105.29108,22.61454],[105.29115,22.61394],[105.29082,22.61339],[105.28898,22.61392],[105.28857,22.61536],[105.28776,22.61586],[105.28698,22.61706],[105.28629,22.61719],[105.28665,22.61795],[105.28656,22.6206],[105.2864,22.62173],[105.28588,22.62245],[105.28669,22.62441],[105.28835,22.62568],[105.2883,22.62629],[105.28729,22.6275],[105.28703,22.62835],[105.28718,22.62942],[105.2867,22.63032],[105.28492,22.63107],[105.28412,22.6309],[105.28379,22.63112],[105.28327,22.63239],[105.2835,22.63293],[105.28255,22.63396],[105.28286,22.63552],[105.28361,22.63607],[105.2855,22.63598],[105.28649,22.63553],[105.28913,22.63604],[105.29258,22.63423],[105.29353,22.63408],[105.29612,22.63453],[105.29826,22.6339],[105.30134,22.6342],[105.30401,22.63651],[105.30372,22.63719],[105.3043,22.63881],[105.30425,22.63983],[105.30305,22.64088],[105.30378,22.642],[105.30343,22.64487],[105.30478,22.64637],[105.3055,22.64849],[105.30472,22.64919],[105.30473,22.64987],[105.30414,22.65092],[105.30494,22.65328],[105.30238,22.65486],[105.30194,22.65874],[105.3,22.66044],[105.29785,22.66377],[105.29924,22.66732],[105.29885,22.66841],[105.299,22.66922],[105.29937,22.66978],[105.30088,22.67028],[105.30109,22.67061],[105.30066,22.67199],[105.30011,22.67657],[105.30097,22.67767],[105.30048,22.67919],[105.30084,22.68011],[105.2987,22.68071],[105.29685,22.68295],[105.29638,22.68677],[105.29595,22.68738],[105.29557,22.69064],[105.295,22.69195],[105.29247,22.69334],[105.28863,22.69388],[105.28736,22.69444],[105.28646,22.69553],[105.28636,22.69585],[105.28707,22.69722],[105.28724,22.699],[105.28636,22.70012],[105.28687,22.70189],[105.28403,22.70486],[105.28518,22.7069],[105.28774,22.7071],[105.28936,22.70664],[105.28991,22.70691],[105.29182,22.70591],[105.29326,22.70557],[105.29604,22.70619],[105.29751,22.70575],[105.29849,22.70629],[105.30018,22.70559],[105.30232,22.70656],[105.3045,22.70672],[105.30635,22.7077],[105.30804,22.70792],[105.30899,22.70768],[105.31003,22.70678],[105.31061,22.70698],[105.31113,22.70772],[105.3135,22.70892],[105.31532,22.71126],[105.32016,22.71262],[105.32319,22.71204],[105.32529,22.71058],[105.32514,22.70918],[105.3236,22.70705],[105.3235,22.70511],[105.32685,22.70425],[105.33224,22.70522],[105.33472,22.7038],[105.3368,22.70333],[105.33736,22.70613],[105.33808,22.70741],[105.33888,22.70813],[105.34042,22.70844],[105.34036,22.7089],[105.34287,22.7111],[105.34318,22.71244],[105.34429,22.71399],[105.34292,22.71553],[105.33991,22.71589],[105.33844,22.71689],[105.33655,22.71693],[105.33768,22.7187],[105.33862,22.71918],[105.33902,22.72009],[105.33987,22.72031],[105.34209,22.72295],[105.34567,22.7244],[105.34723,22.72445],[105.34818,22.72537],[105.34773,22.72543],[105.34721,22.72781],[105.34788,22.7284],[105.3486,22.72813],[105.34923,22.72974],[105.34863,22.73073],[105.34948,22.73086],[105.35059,22.7325],[105.35208,22.73283],[105.35416,22.73264],[105.3591,22.73206],[105.3624,22.73102],[105.36678,22.73078],[105.37099,22.73144],[105.37402,22.73271],[105.37547,22.73366],[105.3775,22.73188],[105.37902,22.73133]]]]}},
{"type":"Feature","id":"01012","properties":{"Ward_Code":"01012","Ward_Code_Num":1012,"Ward":"Đường Hồng","Ward_Alt":"Đường Hồng","Ward_Upper":"ĐƯỜNG HỒNG","Ward_Full":"Xã Đường Hồng","Ward_Full_Alt":"Xã Đường Hồng","Ward_Full_Upper_Alt":"XÃ ĐƯỜNG HỒNG","Ward_Type":"Xã","Province_Code":"08","Province":"Tuyên Quang","Province_Upper_Alt":"TUYÊN QUANG"},"geometry":{"type":"MultiPolygon","coordinates":[[[[105.44969,22.75942],[105.45055,22.7594],[105.45118,22.759],[105.45266,22.75943],[105.45437,22.75886],[105.45676,22.75869],[105.45773,22.75826],[105.45915,22.75843],[105.45954,22.75757],[105.4612,22.75719],[105.46404,22.75553],[105.46578,22.75528],[105.46754,22.75614],[105.47044,22.75517],[105.47036,22.75277],[105.46867,22.74954],[105.47138,22.74784],[105.47371,22.74568],[105.47446,22.74402],[105.47578,22.74226],[105.47771,22.74054],[105.47865,22.73794],[105.47703,22.73556],[105.47634,22.73338],[105.47678,22.7326],[105.47599,22.73075],[105.47576,22.72926],[105.47507,22.72824],[105.47664,22.72424],[105.47525,22.72317],[105.47577,22.71998],[105.47531,22.71888],[105.4772,22.71666],[105.48009,22.71435],[105.48162,22.71069],[105.48154,22.70989],[105.48194,22.70948],[105.48336,22.70893],[105.48493,22.70779],[105.48616,22.70775],[105.48822,22.7084],[105.48931,22.70843],[105.49072,22.7078],[105.49203,22.70703],[105.49284,22.70572],[105.49414,22.7048],[105.49526,22.70346],[105.4979,22.70263],[105.50042,22.7011],[105.50172,22.69922],[105.5026,22.69713],[105.50289,22.69539],[105.50374,22.69477],[105.50303,22.69476],[105.50115,22.69373],[105.50069,22.69307],[105.49916,22.69314],[105.49794,22.69249],[105.49648,22.6923],[105.49558,22.69104],[105.49451,22.69097],[105.49329,22.68844],[105.49297,22.68703],[105.49399,22.68431],[105.49219,22.6818],[105.49278,22.67957],[105.4923,22.67813],[105.49265,22.67626],[105.49203,22.67385],[105.49118,22.67276],[105.4906,22.67009],[105.48998,22.66969],[105.49162,22.66856],[105.4928,22.66821],[105.49494,22.66558],[105.49496,22.66382],[105.49565,22.66186],[105.49561,22.66076],[105.49643,22.66009],[105.49656,22.65806],[105.49705,22.65735],[105.49761,22.65525],[105.50153,22.65228],[105.50399,22.65183],[105.50476,22.6514],[105.5049,22.65094],[105.50376,22.65056],[105.50275,22.6496],[105.50439,22.64949],[105.50503,22.64912],[105.50634,22.64599],[105.50737,22.64523],[105.50904,22.64313],[105.50994,22.64112],[105.51194,22.63924],[105.51313,22.63881],[105.51394,22.63656],[105.51275,22.6354],[105.51091,22.63576],[105.51041,22.6356],[105.50893,22.63424],[105.5065,22.63429],[105.50549,22.63472],[105.50414,22.63447],[105.50269,22.63511],[105.49899,22.63385],[105.49733,22.63064],[105.49738,22.62929],[105.49615,22.62832],[105.49608,22.62746],[105.49546,22.62664],[105.49493,22.62482],[105.49281,22.62436],[105.49218,22.62328],[105.4895,22.62116],[105.4874,22.61855],[105.48603,22.61771],[105.48496,22.61765],[105.48366,22.61951],[105.48207,22.62022],[105.47773,22.62027],[105.47651,22.62064],[105.47588,22.61942],[105.47499,22.61891],[105.47424,22.61723],[105.4689,22.6163],[105.46718,22.61444],[105.46519,22.61436],[105.46337,22.61294],[105.46309,22.61195],[105.46222,22.61104],[105.46208,22.61047],[105.46127,22.61021],[105.46032,22.60916],[105.4586,22.60964],[105.4561,22.60813],[105.45468,22.60807],[105.45353,22.60844],[105.45055,22.60726],[105.45048,22.60754],[105.45184,22.6089],[105.45141,22.6105],[105.45018,22.60993],[105.44856,22.61038],[105.4485,22.61087],[105.44963,22.61198],[105.4494,22.6127],[105.44773,22.61225],[105.44674,22.61233],[105.44641,22.61206],[105.4465,22.61103],[105.44522,22.60904],[105.44531,22.60843],[105.44654,22.60776],[105.44659,22.60733],[105.44629,22.60688],[105.44524,22.60694],[105.44387,22.6064],[105.44299,22.60478],[105.44206,22.60514],[105.44201,22.60821],[105.44292,22.60916],[105.442,22.61008],[105.44151,22.60956],[105.43728,22.60886],[105.43693,22.60802],[105.43716,22.60682],[105.438,22.60595],[105.43787,22.60441],[105.43679,22.60454],[105.43443,22.6055],[105.43282,22.60337],[105.43212,22.60327],[105.43103,22.60372],[105.43,22.60353],[105.42677,22.60248],[105.42616,22.60158],[105.42518,22.60133],[105.42479,22.60083],[105.42145,22.6038],[105.41886,22.6048],[105.41809,22.60679],[105.41498,22.60942],[105.41256,22.61007],[105.41051,22.61216],[105.40981,22.61238],[105.4093,22.61398],[105.40918,22.61583],[105.40828,22.61663],[105.40711,22.61711],[105.4054,22.61905],[105.40452,22.62179],[105.40288,22.62351],[105.40229,22.62546],[105.39729,22.62755],[105.39548,22.62965],[105.39497,22.6309],[105.39362,22.6301],[105.39004,22.62912],[105.38867,22.62794],[105.38462,22.62703],[105.38268,22.62887],[105.38079,22.62964],[105.37975,22.63043],[105.37584,22.63158],[105.37539,22.63294],[105.37464,22.63379],[105.3738,22.63343],[105.37093,22.63315],[105.36947,22.63412],[105.3686,22.63598],[105.36686,22.63656],[105.36578,22.6365],[105.36594,22.63735],[105.36699,22.63728],[105.36864,22.63846],[105.37022,22.63852],[105.37107,22.63932],[105.37501,22.63975],[105.3765,22.64066],[105.37755,22.642],[105.37856,22.64223],[105.38017,22.64331],[105.38015,22.64393],[105.38103,22.64516],[105.38,22.64712],[105.38038,22.64817],[105.38192,22.64992],[105.38323,22.65451],[105.38381,22.655],[105.38476,22.65478],[105.38711,22.65618],[105.38868,22.65601],[105.39035,22.65535],[105.39285,22.65676],[105.39439,22.6571],[105.39542,22.65805],[105.39786,22.65881],[105.3983,22.65967],[105.39955,22.6608],[105.40333,22.66292],[105.40694,22.66321],[105.40948,22.66516],[105.41123,22.66548],[105.41382,22.66653],[105.41665,22.66644],[105.41711,22.66592],[105.41833,22.66585],[105.42062,22.66511],[105.42355,22.66298],[105.42436,22.66363],[105.42519,22.66382],[105.42722,22.66522],[105.42781,22.66632],[105.42944,22.66735],[105.43025,22.66918],[105.43202,22.67026],[105.4325,22.67135],[105.43358,22.67213],[105.43351,22.67318],[105.43376,22.67355],[105.43475,22.67404],[105.43639,22.67407],[105.43739,22.67535],[105.43987,22.67676],[105.44168,22.6771],[105.44252,22.67764],[105.44386,22.6808],[105.44384,22.68192],[105.44696,22.68405],[105.44715,22.68476],[105.44682,22.68617],[105.44618,22.68727],[105.44365,22.6879],[105.44219,22.68937],[105.4415,22.69295],[105.4416,22.69439],[105.44118,22.69536],[105.44152,22.69599],[105.44068,22.69563],[105.43949,22.6963],[105.43857,22.6957],[105.43762,22.69553],[105.43632,22.69628],[105.43435,22.69615],[105.4317,22.69657],[105.43056,22.69696],[105.43015,22.69856],[105.42741,22.69846],[105.4258,22.69932],[105.42384,22.69757],[105.4225,22.69918],[105.42301,22.7008],[105.42247,22.70311],[105.42317,22.70583],[105.42247,22.70661],[105.41916,22.70766],[105.41873,22.7086],[105.41795,22.70906],[105.41766,22.70963],[105.41358,22.70907],[105.4112,22.7094],[105.41039,22.71069],[105.40905,22.71188],[105.40592,22.71396],[105.40468,22.71432],[105.40168,22.7144],[105.39791,22.71722],[105.39381,22.71865],[105.39197,22.71999],[105.38866,22.72039],[105.3876,22.72287],[105.38582,22.72492],[105.38555,22.72698],[105.38462,22.72774],[105.38451,22.72874],[105.38411,22.72927],[105.38246,22.73036],[105.3775,22.73188],[105.37547,22.73366],[105.38238,22.7369],[105.38356,22.73774],[105.38784,22.74279],[105.38968,22.74408],[105.39506,22.7434],[105.39822,22.74175],[105.40146,22.73911],[105.40414,22.73854],[105.4078,22.73982],[105.40894,22.74142],[105.41103,22.74247],[105.41221,22.74348],[105.41448,22.74433],[105.4162,22.74552],[105.42028,22.74746],[105.42239,22.7443],[105.42591,22.74529],[105.4314,22.744],[105.43354,22.74672],[105.43378,22.74857],[105.43564,22.75128],[105.43757,22.75074],[105.43799,22.7503],[105.43852,22.75107],[105.44037,22.74974],[105.44267,22.74979],[105.44388,22.74904],[105.44633,22.74845],[105.44562,22.74998],[105.44682,22.75488],[105.44724,22.75572],[105.44884,22.75707],[105.44844,22.758],[105.44854,22.7587],[105.44938,22.7595],[105.44969,22.75942]]]]}},
{"type":"Feature","id":"01021","properties":{"Ward_Code":"01021","Ward_Code_Num":1021,"Ward":"Hoàng Su Phì","Ward_Alt":"Hoàng Su Phì","Ward_Upper":"HOÀNG SU PHÌ","Ward_Full":"Xã Hoàng Su Phì","Ward_Full_Alt":"Xã Hoàng Su Phì","Ward_Full_Upper_Alt":"XÃ HOÀNG SU PHÌ","Ward_Type":"Xã","Province_Code":"08","Province":"Tuyên Quang","Province_Upper_Alt":"TUYÊN QUANG"},"geometry":{"type":"MultiPolygon","coordinates":[[[[104.74333,22.80027],[104.74621,22.79911],[104.74766,22.79942],[104.74865,22.79916],[104.75135,22.79785],[104.75215,22.79816],[104.753,22.79775],[104.75447,22.79761],[104.75627,22.79673],[104.76246,22.79673],[104.76443,22.79581],[104.76487,22.79436],[104.76404,22.79279],[104.76428,22.78997],[104.76147,22.78664],[104.76049,22.78389],[104.75965,22.78302],[104.75703,22.78274],[104.75407,22.78144],[104.75327,22.77964],[104.75227,22.7789],[104.74814,22.77398],[104.74768,22.7726],[104.74681,22.77258],[104.74358,22.77056],[104.74328,22.76962],[104.74171,22.76916],[104.74121,22.76933],[104.74056,22.7687],[104.73932,22.76861],[104.73867,22.76739],[104.73778,22.76686],[104.73667,22.76547],[104.73481,22.76452],[104.73369,22.76454],[104.73291,22.76371],[104.73099,22.76293],[104.72806,22.76293],[104.72708,22.76205],[104.72548,22.7621],[104.7241,22.7631],[104.72122,22.76284],[104.71844,22.76079],[104.71848,22.75991],[104.71813,22.75945],[104.71599,22.75909],[104.71528,22.75778],[104.71516,22.75681],[104.71174,22.75638],[104.71164,22.75592],[104.71217,22.75531],[104.71196,22.75472],[104.71234,22.75401],[104.7112,22.7537],[104.70962,22.75393],[104.70955,22.7535],[104.71034,22.75255],[104.7098,22.7518],[104.70888,22.75209],[104.70694,22.75207],[104.70488,22.75181],[104.70407,22.75141],[104.70291,22.75006],[104.7039,22.74942],[104.7043,22.74798],[104.704,22.74756],[104.70287,22.7476],[104.70282,22.7453],[104.70209,22.74496],[104.70095,22.74545],[104.70068,22.74531],[104.69951,22.74364],[104.6979,22.74279],[104.6977,22.74177],[104.69666,22.74021],[104.69644,22.73799],[104.69729,22.73694],[104.69696,22.73602],[104.69605,22.73581],[104.69622,22.73555],[104.69908,22.73381],[104.70124,22.73414],[104.70202,22.73394],[104.70406,22.72983],[104.70696,22.73035],[104.70758,22.73084],[104.70824,22.73209],[104.71077,22.73025],[104.71176,22.72725],[104.71148,22.72682],[104.70989,22.72636],[104.7098,22.72586],[104.71026,22.72531],[104.71738,22.72362],[104.71837,22.7246],[104.72024,22.72464],[104.72078,22.72549],[104.72235,22.72515],[104.72337,22.72572],[104.72371,22.72543],[104.72317,22.72391],[104.7241,22.72281],[104.72544,22.72261],[104.72712,22.7235],[104.72745,22.72311],[104.72697,22.72227],[104.72724,22.72208],[104.72836,22.72301],[104.72881,22.72284],[104.72918,22.72],[104.72999,22.71899],[104.72966,22.71709],[104.73025,22.71644],[104.72971,22.71572],[104.72892,22.71537],[104.72859,22.71351],[104.72969,22.71145],[104.73004,22.70818],[104.73063,22.70691],[104.72964,22.70398],[104.72902,22.70301],[104.72892,22.7001],[104.72821,22.69854],[104.72536,22.69568],[104.7252,22.69506],[104.72557,22.69286],[104.72501,22.6913],[104.72508,22.69047],[104.72431,22.69013],[104.72107,22.69014],[104.71983,22.68933],[104.71744,22.68936],[104.71151,22.6914],[104.71071,22.69262],[104.7091,22.69273],[104.70796,22.69222],[104.70661,22.69077],[104.70373,22.6887],[104.70072,22.68771],[104.69762,22.68767],[104.69666,22.68779],[104.69582,22.68861],[104.69531,22.68982],[104.69305,22.69103],[104.69279,22.69217],[104.69229,22.69185],[104.69195,22.69137],[104.69191,22.68944],[104.69073,22.68853],[104.6906,22.68802],[104.69303,22.68119],[104.69272,22.68017],[104.69293,22.67961],[104.69529,22.67869],[104.69554,22.67623],[104.69738,22.67512],[104.69766,22.67341],[104.69585,22.67296],[104.69323,22.6717],[104.69052,22.66974],[104.68716,22.66822],[104.68675,22.66768],[104.68648,22.6662],[104.68567,22.6653],[104.68519,22.66366],[104.68369,22.66297],[104.68265,22.66024],[104.68131,22.65891],[104.67859,22.65796],[104.67512,22.65995],[104.67247,22.66067],[104.67155,22.65999],[104.66962,22.66033],[104.66536,22.66005],[104.66424,22.65913],[104.66219,22.6594],[104.65887,22.65859],[104.65591,22.65906],[104.65493,22.66005],[104.65193,22.66171],[104.6516,22.66217],[104.64783,22.66237],[104.6467,22.66306],[104.64199,22.66351],[104.63933,22.66438],[104.63812,22.66586],[104.63646,22.66635],[104.63513,22.66798],[104.63356,22.66718],[104.62638,22.66762],[104.62354,22.66632],[104.62403,22.6677],[104.62615,22.66947],[104.62927,22.6699],[104.63115,22.67135],[104.63261,22.67126],[104.63362,22.67193],[104.6343,22.67185],[104.63595,22.67237],[104.63654,22.67315],[104.6391,22.67357],[104.64025,22.6744],[104.64228,22.67471],[104.64352,22.67606],[104.64438,22.67597],[104.64454,22.67683],[104.6453,22.67764],[104.64536,22.68158],[104.64691,22.68393],[104.64692,22.68664],[104.64654,22.68827],[104.64957,22.69052],[104.64933,22.69173],[104.64973,22.69232],[104.65171,22.693],[104.65217,22.69354],[104.65289,22.69342],[104.65479,22.69411],[104.65586,22.69503],[104.65696,22.6954],[104.657,22.69601],[104.65819,22.696],[104.65846,22.69659],[104.65895,22.69645],[104.66063,22.69779],[104.66165,22.69637],[104.66266,22.69661],[104.66328,22.6963],[104.66483,22.69672],[104.66647,22.69791],[104.66782,22.6981],[104.66837,22.69778],[104.67021,22.6982],[104.67038,22.69905],[104.67025,22.69948],[104.66896,22.70018],[104.66772,22.70036],[104.66741,22.70143],[104.6664,22.70241],[104.66631,22.7034],[104.66531,22.70389],[104.6649,22.70463],[104.66392,22.7049],[104.66402,22.70598],[104.66318,22.70707],[104.66234,22.70746],[104.66167,22.70711],[104.66138,22.70819],[104.65822,22.70836],[104.65828,22.71026],[104.65774,22.71117],[104.65676,22.71191],[104.65566,22.71217],[104.65599,22.71287],[104.65542,22.71366],[104.65592,22.71436],[104.65547,22.71457],[104.65409,22.71438],[104.65349,22.71558],[104.65148,22.71668],[104.65194,22.71871],[104.65119,22.71981],[104.65266,22.72034],[104.65292,22.72078],[104.6521,22.72184],[104.65048,22.72271],[104.64942,22.72387],[104.647,22.7254],[104.64573,22.72557],[104.64446,22.72635],[104.643,22.72819],[104.64149,22.72859],[104.63994,22.73031],[104.63867,22.73088],[104.63572,22.73331],[104.63513,22.73392],[104.63474,22.73504],[104.63198,22.73771],[104.63167,22.73943],[104.63093,22.74026],[104.62872,22.7406],[104.62669,22.74268],[104.6253,22.74261],[104.6227,22.74436],[104.6213,22.74472],[104.62218,22.7452],[104.62232,22.74599],[104.62186,22.7463],[104.62162,22.74705],[104.62104,22.74719],[104.62025,22.74801],[104.6206,22.74904],[104.62028,22.75048],[104.62064,22.7516],[104.62056,22.7549],[104.61917,22.75903],[104.61769,22.76113],[104.61742,22.76418],[104.6208,22.76684],[104.62128,22.76825],[104.62231,22.76826],[104.62625,22.76696],[104.62685,22.76641],[104.62717,22.7655],[104.62775,22.76517],[104.62798,22.76339],[104.62878,22.76291],[104.62985,22.76315],[104.62957,22.7617],[104.63061,22.76198],[104.63033,22.76122],[104.63116,22.76096],[104.63132,22.76031],[104.6321,22.76053],[104.63212,22.76003],[104.63285,22.75952],[104.63287,22.75886],[104.63386,22.75939],[104.63404,22.7591],[104.6353,22.75889],[104.63598,22.75692],[104.6381,22.75862],[104.64035,22.75874],[104.6407,22.759],[104.64237,22.75835],[104.64322,22.75917],[104.64439,22.75782],[104.64486,22.75656],[104.64658,22.75767],[104.64884,22.75857],[104.65232,22.75931],[104.65303,22.75821],[104.65349,22.75879],[104.65454,22.75795],[104.65474,22.75644],[104.65594,22.75613],[104.65709,22.75424],[104.65812,22.7538],[104.65894,22.75282],[104.65984,22.75099],[104.66144,22.75002],[104.66169,22.74953],[104.6633,22.75022],[104.66489,22.75038],[104.66619,22.74949],[104.66885,22.74935],[104.66983,22.74866],[104.67056,22.7493],[104.67125,22.74878],[104.67193,22.74871],[104.6719,22.74805],[104.67494,22.75072],[104.67658,22.75082],[104.67821,22.75028],[104.67918,22.75075],[104.68261,22.75076],[104.68275,22.75018],[104.68338,22.75019],[104.6847,22.75037],[104.68576,22.75147],[104.6861,22.75113],[104.68749,22.75111],[104.6883,22.75175],[104.68876,22.7536],[104.69111,22.75475],[104.69387,22.75426],[104.69526,22.7545],[104.69742,22.75658],[104.69821,22.75878],[104.69966,22.76131],[104.7028,22.76296],[104.70432,22.76515],[104.70513,22.76793],[104.70534,22.77031],[104.70494,22.77145],[104.70529,22.77279],[104.70591,22.7734],[104.70759,22.77667],[104.70843,22.77751],[104.7104,22.77813],[104.71226,22.77762],[104.71276,22.77779],[104.71311,22.77888],[104.71571,22.77831],[104.71822,22.77829],[104.71982,22.77777],[104.72186,22.77842],[104.72499,22.77882],[104.72568,22.77998],[104.72516,22.78072],[104.72537,22.78131],[104.72873,22.78274],[104.72887,22.78418],[104.7283,22.78494],[104.72852,22.78614],[104.72794,22.78712],[104.7276,22.78893],[104.72834,22.7904],[104.7299,22.79194],[104.73031,22.79326],[104.7302,22.79398],[104.73083,22.79539],[104.73177,22.79615],[104.73337,22.79668],[104.73363,22.79872],[104.73457,22.79867],[104.73515,22.7993],[104.73616,22.79918],[104.73559,22.80006],[104.73573,22.80038],[104.73646,22.80078],[104.7379,22.80255],[104.73937,22.80341],[104.74264,22.8018],[104.74271,22.80098],[104.74333,22.80027]]]]}},
{"type":"Feature","id":"01024","properties":{"Ward_Code":"01024","Ward_Code_Num":1024,"Ward":"Bản Máy","Ward_Alt":"Bản Máy","Ward_Upper":"BẢN MÁY","Ward_Full":"Xã Bản Máy","Ward_Full_Alt":"Xã Bản Máy","Ward_Full_Upper_Alt":"XÃ BẢN MÁY","Ward_Type":"Xã","Province_Code":"08","Province":"Tuyên Quang","Province_Upper_Alt":"TUYÊN QUANG"},"geometry":{"type":"MultiPolygon","coordinates":[[[[104.58079,22.85183],[104.5851,22.85171],[104.58668,22.85244],[104.58786,22.85211],[104.58848,22.85146],[104.58919,22.85126],[104.58896,22.8521],[104.58952,22.8526],[104.59003,22.85262],[104.59057,22.85083],[104.59253,22.85061],[104.59299,22.84931],[104.59403,22.84931],[104.59446,22.84775],[104.59551,22.84816],[104.59638,22.8469],[104.59847,22.84671],[104.59833,22.84586],[104.59927,22.84535],[104.59831,22.84417],[104.5982,22.84342],[104.59842,22.8432],[104.59923,22.84348],[104.5996,22.84275],[104.59849,22.84108],[104.59947,22.84034],[104.59944,22.83873],[104.60049,22.83817],[104.60065,22.83706],[104.60142,22.83587],[104.60168,22.83461],[104.60244,22.83395],[104.60306,22.8328],[104.60447,22.83313],[104.60453,22.83196],[104.60493,22.83116],[104.60452,22.82931],[104.60531,22.82861],[104.60436,22.82807],[104.60474,22.82675],[104.60112,22.82703],[104.60039,22.8267],[104.60058,22.82595],[104.60174,22.82575],[104.60191,22.82462],[104.60082,22.82483],[104.59797,22.82382],[104.59811,22.82252],[104.5988,22.82101],[104.5979,22.82014],[104.59815,22.81885],[104.59752,22.81797],[104.59754,22.81724],[104.59957,22.81636],[104.60078,22.81625],[104.6014,22.81659],[104.6021,22.8178],[104.6027,22.8182],[104.60612,22.8186],[104.6069,22.81786],[104.60804,22.81764],[104.61057,22.81987],[104.61088,22.81958],[104.61104,22.81813],[104.6128,22.81717],[104.61298,22.81652],[104.61273,22.81558],[104.61408,22.8148],[104.61391,22.81421],[104.61292,22.81339],[104.6112,22.81363],[104.61008,22.81228],[104.60921,22.81295],[104.6084,22.81276],[104.60759,22.81114],[104.6077,22.80926],[104.60587,22.80765],[104.60595,22.807],[104.60654,22.80633],[104.60749,22.8057],[104.60822,22.80665],[104.60979,22.80646],[104.61085,22.80694],[104.61234,22.80694],[104.61363,22.80673],[104.61405,22.80614],[104.61679,22.80664],[104.61728,22.80699],[104.61848,22.80701],[104.62057,22.80364],[104.62219,22.80323],[104.62398,22.80336],[104.62679,22.80295],[104.63126,22.80013],[104.6328,22.79824],[104.63564,22.79739],[104.6389,22.79756],[104.64024,22.79712],[104.64199,22.79588],[104.64339,22.79354],[104.64403,22.79317],[104.64443,22.79131],[104.64581,22.7913],[104.64741,22.79056],[104.64826,22.78939],[104.65153,22.79014],[104.65662,22.78973],[104.65704,22.78939],[104.65805,22.78778],[104.6578,22.78705],[104.65849,22.78643],[104.65835,22.78569],[104.6587,22.78438],[104.66002,22.78178],[104.6597,22.77704],[104.65863,22.76989],[104.65875,22.76847],[104.66013,22.7648],[104.65914,22.7625],[104.65474,22.75644],[104.65454,22.75795],[104.65349,22.75879],[104.65303,22.75821],[104.65232,22.75931],[104.64884,22.75857],[104.64658,22.75767],[104.64486,22.75656],[104.64439,22.75782],[104.64322,22.75917],[104.64237,22.75835],[104.6407,22.759],[104.64035,22.75874],[104.6381,22.75862],[104.63598,22.75692],[104.6353,22.75889],[104.63404,22.7591],[104.63386,22.75939],[104.63287,22.75886],[104.63285,22.75952],[104.63212,22.76003],[104.6321,22.76053],[104.63132,22.76031],[104.63116,22.76096],[104.63033,22.76122],[104.63061,22.76198],[104.62957,22.7617],[104.62985,22.76315],[104.62878,22.76291],[104.62798,22.76339],[104.62775,22.76517],[104.62717,22.7655],[104.62685,22.76641],[104.62625,22.76696],[104.62248,22.76823],[104.62138,22.76829],[104.62093,22.76699],[104.61796,22.76474],[104.61728,22.76355],[104.61769,22.76113],[104.61917,22.75903],[104.62056,22.7549],[104.62064,22.7516],[104.62028,22.75048],[104.6206,22.74904],[104.62025,22.74801],[104.62185,22.7468],[104.62186,22.7463],[104.62232,22.74599],[104.62218,22.7452],[104.6213,22.74472],[104.62031,22.74498],[104.61984,22.74407],[104.61931,22.74373],[104.61418,22.74392],[104.61148,22.74362],[104.60924,22.74295],[104.60854,22.74322],[104.60793,22.74445],[104.60638,22.74556],[104.60523,22.7453],[104.60164,22.74343],[104.60068,22.74342],[104.59957,22.74398],[104.59566,22.7438],[104.59331,22.7448],[104.5934,22.74537],[104.59373,22.74579],[104.59471,22.74607],[104.59508,22.74665],[104.59417,22.74891],[104.59468,22.75086],[104.59713,22.75121],[104.59713,22.75164],[104.5961,22.75258],[104.59599,22.75382],[104.59646,22.75427],[104.59772,22.75382],[104.59816,22.75409],[104.59857,22.75788],[104.59766,22.7584],[104.59468,22.75863],[104.59445,22.75903],[104.5957,22.75966],[104.59504,22.7612],[104.59507,22.76192],[104.59553,22.76196],[104.59669,22.76125],[104.59751,22.76145],[104.59708,22.76412],[104.59573,22.76532],[104.59763,22.76571],[104.59804,22.7677],[104.59688,22.76808],[104.59649,22.7678],[104.59655,22.76715],[104.59612,22.76652],[104.59567,22.76634],[104.59464,22.76668],[104.5937,22.76604],[104.5934,22.76663],[104.59382,22.76737],[104.59373,22.76783],[104.59178,22.76794],[104.59108,22.76867],[104.59102,22.77008],[104.59009,22.77081],[104.58614,22.77126],[104.58531,22.77154],[104.58436,22.77242],[104.58277,22.77201],[104.58146,22.77224],[104.57959,22.77166],[104.57902,22.77197],[104.57892,22.77258],[104.57814,22.77254],[104.57589,22.77402],[104.57447,22.7738],[104.57409,22.7745],[104.5724,22.7754],[104.57014,22.77592],[104.5688,22.7755],[104.56868,22.77598],[104.56974,22.77763],[104.56943,22.77822],[104.56994,22.77938],[104.57014,22.78154],[104.57076,22.78336],[104.57061,22.7844],[104.5713,22.7864],[104.56941,22.78884],[104.56858,22.79091],[104.56751,22.7914],[104.56658,22.79247],[104.56302,22.79266],[104.56046,22.79117],[104.56,22.79183],[104.55504,22.79486],[104.55344,22.79825],[104.55493,22.79966],[104.55444,22.80131],[104.55629,22.80303],[104.55444,22.80716],[104.55384,22.80731],[104.55164,22.80691],[104.54909,22.80583],[104.54861,22.80485],[104.54654,22.80426],[104.54513,22.80347],[104.54442,22.80196],[104.542,22.80121],[104.54138,22.79989],[104.53987,22.80018],[104.53896,22.80096],[104.53578,22.80106],[104.53377,22.8033],[104.53016,22.80561],[104.52875,22.80585],[104.5259,22.80742],[104.52454,22.80749],[104.52395,22.81082],[104.52415,22.81201],[104.52556,22.8134],[104.52577,22.81511],[104.52859,22.81874],[104.52985,22.81951],[104.53017,22.82036],[104.53361,22.82124],[104.53629,22.82618],[104.53772,22.82742],[104.53938,22.82651],[104.54052,22.82659],[104.54103,22.8261],[104.54239,22.82603],[104.54631,22.83034],[104.54658,22.83113],[104.5481,22.8316],[104.54834,22.83248],[104.54931,22.83301],[104.54971,22.8339],[104.5518,22.83375],[104.55294,22.83481],[104.55386,22.83484],[104.55464,22.83539],[104.55442,22.83564],[104.55246,22.83547],[104.55099,22.83592],[104.54853,22.83599],[104.54736,22.83644],[104.54544,22.83774],[104.54685,22.84028],[104.5497,22.84014],[104.55064,22.84091],[104.5517,22.84102],[104.55425,22.8424],[104.55517,22.84197],[104.55737,22.84204],[104.55888,22.84152],[104.55986,22.8416],[104.56061,22.84221],[104.56241,22.84274],[104.56323,22.84239],[104.56293,22.8434],[104.56396,22.84336],[104.56404,22.84254],[104.56478,22.84251],[104.56606,22.84307],[104.56562,22.84413],[104.56664,22.84454],[104.56733,22.84443],[104.56788,22.84385],[104.56845,22.84439],[104.57006,22.84417],[104.56986,22.84688],[104.57061,22.84804],[104.57254,22.84888],[104.5735,22.85012],[104.57497,22.85056],[104.57562,22.8519],[104.57741,22.85356],[104.57884,22.85252],[104.58079,22.85183]]]]}},
{"type":"Feature","id":"01033","properties":{"Ward_Code":"01033","Ward_Code_Num":1033,"Ward":"Thàng Tín","Ward_Alt":"Thàng Tín","Ward_Upper":"THÀNG TÍN","Ward_Full":"Xã Thàng Tín","Ward_Full_Alt":"Xã Thàng Tín","Ward_Full_Upper_Alt":"XÃ THÀNG TÍN","Ward_Type":"Xã","Province_Code":"08","Province":"Tuyên Quang","Province_Upper_Alt":"TUYÊN QUANG"},"geometry":{"type":"MultiPolygon","coordinates":[[[[104.62517,22.84501],[104.62559,22.84454],[104.62598,22.84228],[104.62686,22.84043],[104.62655,22.83874],[104.62834,22.83786],[104.62912,22.83688],[104.63109,22.8357],[104.63458,22.83501],[104.63642,22.83386],[104.63762,22.83357],[104.63989,22.83518],[104.6402,22.83627],[104.6445,22.83666],[104.6467,22.83538],[104.65042,22.83549],[104.65186,22.8349],[104.65324,22.83503],[104.65653,22.83389],[104.65733,22.83273],[104.65826,22.83206],[104.65972,22.82978],[104.66066,22.82909],[104.66444,22.82768],[104.66503,22.8268],[104.66595,22.82656],[104.66724,22.82423],[104.66876,22.82308],[104.66896,22.82192],[104.67142,22.81938],[104.67166,22.81829],[104.67247,22.81783],[104.67332,22.8181],[104.67388,22.81867],[104.67579,22.81916],[104.67705,22.82003],[104.67897,22.8191],[104.67986,22.818],[104.68052,22.8181],[104.68273,22.81982],[104.68365,22.81997],[104.68601,22.82209],[104.68826,22.8223],[104.69297,22.82406],[104.69431,22.82383],[104.69711,22.82502],[104.699,22.82545],[104.70034,22.82636],[104.70148,22.82628],[104.70284,22.82665],[104.70531,22.82502],[104.71001,22.82442],[104.71155,22.82295],[104.71294,22.82271],[104.71425,22.8219],[104.71519,22.82189],[104.71524,22.82256],[104.7173,22.82282],[104.71876,22.82162],[104.72006,22.82142],[104.722,22.82046],[104.72439,22.8201],[104.72539,22.8204],[104.72623,22.82126],[104.7303,22.82276],[104.73172,22.8228],[104.73259,22.8235],[104.7337,22.82345],[104.73414,22.82238],[104.7349,22.82163],[104.73451,22.82068],[104.73676,22.81789],[104.73682,22.817],[104.73849,22.81659],[104.73861,22.81593],[104.73912,22.8154],[104.73937,22.81278],[104.73894,22.80944],[104.73938,22.80817],[104.73821,22.8059],[104.73876,22.80453],[104.73931,22.80403],[104.73937,22.80341],[104.7379,22.80255],[104.73646,22.80078],[104.73573,22.80038],[104.73559,22.80006],[104.73616,22.79918],[104.73515,22.7993],[104.73457,22.79867],[104.73363,22.79872],[104.73337,22.79668],[104.73177,22.79615],[104.73057,22.79496],[104.7299,22.79194],[104.72834,22.7904],[104.7276,22.78893],[104.72794,22.78712],[104.72852,22.78614],[104.7283,22.78494],[104.72887,22.78418],[104.72873,22.78274],[104.72537,22.78131],[104.72516,22.78072],[104.72568,22.77998],[104.72499,22.77882],[104.72186,22.77842],[104.71982,22.77777],[104.71822,22.77829],[104.71571,22.77831],[104.71311,22.77888],[104.71276,22.77779],[104.71226,22.77762],[104.7104,22.77813],[104.70843,22.77751],[104.70759,22.77667],[104.70591,22.7734],[104.70529,22.77279],[104.70494,22.77145],[104.70534,22.77031],[104.70513,22.76793],[104.7041,22.76473],[104.70254,22.76274],[104.69966,22.76131],[104.69821,22.75878],[104.69742,22.75658],[104.69526,22.7545],[104.69387,22.75426],[104.69111,22.75475],[104.68876,22.7536],[104.68852,22.75222],[104.68778,22.75128],[104.68668,22.75104],[104.68576,22.75147],[104.6847,22.75037],[104.68275,22.75018],[104.68261,22.75076],[104.67918,22.75075],[104.67821,22.75028],[104.67658,22.75082],[104.67494,22.75072],[104.6719,22.74805],[104.67193,22.74871],[104.67125,22.74878],[104.67056,22.7493],[104.66983,22.74866],[104.66885,22.74935],[104.66619,22.74949],[104.66489,22.75038],[104.6633,22.75022],[104.66169,22.74953],[104.66144,22.75002],[104.65984,22.75099],[104.65894,22.75282],[104.65812,22.7538],[104.65709,22.75424],[104.65594,22.75613],[104.65474,22.75644],[104.65914,22.7625],[104.66013,22.7648],[104.65875,22.76847],[104.65863,22.76989],[104.6597,22.77704],[104.66002,22.78178],[104.6587,22.78438],[104.65835,22.78569],[104.65849,22.78643],[104.6578,22.78705],[104.65805,22.78778],[104.65704,22.78939],[104.65662,22.78973],[104.65153,22.79014],[104.64826,22.78939],[104.64741,22.79056],[104.64581,22.7913],[104.64443,22.79131],[104.64403,22.79317],[104.64339,22.79354],[104.64199,22.79588],[104.64024,22.79712],[104.6389,22.79756],[104.63564,22.79739],[104.6328,22.79824],[104.63126,22.80013],[104.62679,22.80295],[104.62398,22.80336],[104.62219,22.80323],[104.62057,22.80364],[104.61848,22.80701],[104.61728,22.80699],[104.61679,22.80664],[104.61405,22.80614],[104.61363,22.80673],[104.61234,22.80694],[104.61085,22.80694],[104.60979,22.80646],[104.60822,22.80665],[104.60748,22.8057],[104.60584,22.80726],[104.60641,22.80836],[104.6077,22.80926],[104.60759,22.81114],[104.6084,22.81276],[104.60921,22.81295],[104.61008,22.81228],[104.6112,22.81363],[104.61292,22.81339],[104.61404,22.81438],[104.61393,22.81502],[104.61302,22.81533],[104.61264,22.81597],[104.61292,22.81634],[104.61387,22.81655],[104.61474,22.81819],[104.61619,22.81897],[104.6175,22.82177],[104.61732,22.82402],[104.61628,22.82446],[104.61629,22.82495],[104.61727,22.82521],[104.61838,22.82488],[104.61884,22.82417],[104.61945,22.82392],[104.61973,22.82274],[104.62056,22.82217],[104.62113,22.82234],[104.62108,22.82327],[104.62045,22.82454],[104.62175,22.82487],[104.62194,22.82678],[104.62346,22.82784],[104.62334,22.82833],[104.62236,22.82879],[104.62226,22.82919],[104.62399,22.82977],[104.62422,22.83059],[104.62383,22.83108],[104.62232,22.83094],[104.62214,22.83192],[104.62123,22.83362],[104.61908,22.83324],[104.61841,22.83344],[104.61822,22.83454],[104.61756,22.83536],[104.61962,22.83635],[104.61963,22.83707],[104.61867,22.83761],[104.61846,22.83875],[104.61909,22.83956],[104.6188,22.84035],[104.61973,22.84138],[104.62,22.84284],[104.62122,22.8425],[104.62109,22.84313],[104.62149,22.84371],[104.62074,22.8446],[104.62084,22.84547],[104.62293,22.84504],[104.6235,22.84631],[104.62325,22.84722],[104.625,22.84592],[104.62517,22.84501]]]]}},
{"type":"Feature","id":"01051","properties":{"Ward_Code":"01051","Ward_Code_Num":1051,"Ward":"Tân Tiến","Ward_Alt":"Tân Tiến","Ward_Upper":"TÂN TIẾN","Ward_Full":"Xã Tân Tiến","Ward_Full_Alt":"Xã Tân Tiến","Ward_Full_Upper_Alt":"XÃ TÂN TIẾN","Ward_Type":"Xã","Province_Code":"08","Province":"Tuyên Quang","Province_Upper_Alt":"TUYÊN QUANG"},"geometry":{"type":"MultiPolygon","coordinates":[[[[104.78943,22.808],[104.79061,22.80768],[104.79129,22.80701],[104.79309,22.80762],[104.79597,22.80648],[104.79671,22.80575],[104.79955,22.80576],[104.80117,22.80494],[104.80248,22.80483],[104.80304,22.80452],[104.80312,22.80344],[104.80384,22.80283],[104.80449,22.801],[104.80516,22.80109],[104.80596,22.80193],[104.80748,22.80121],[104.80892,22.7999],[104.8084,22.79831],[104.80755,22.79712],[104.80726,22.79188],[104.80768,22.79066],[104.80651,22.78764],[104.80993,22.78521],[104.81032,22.7838],[104.81024,22.78241],[104.81141,22.7808],[104.81168,22.77979],[104.81497,22.77699],[104.81115,22.77361],[104.80974,22.77342],[104.80831,22.77199],[104.80612,22.77122],[104.80744,22.76571],[104.80682,22.76436],[104.80456,22.76157],[104.80342,22.76092],[104.80331,22.76033],[104.8038,22.75885],[104.80354,22.75796],[104.80497,22.75782],[104.8064,22.75631],[104.80766,22.75564],[104.80844,22.7532],[104.81003,22.7522],[104.81105,22.75056],[104.81081,22.74961],[104.81135,22.74894],[104.81084,22.74801],[104.81038,22.74545],[104.80904,22.74395],[104.80874,22.74274],[104.80784,22.7418],[104.80727,22.74021],[104.80425,22.73844],[104.80352,22.73848],[104.80326,22.738],[104.80133,22.7378],[104.80062,22.73374],[104.79994,22.73354],[104.79941,22.73294],[104.79886,22.73291],[104.79883,22.73224],[104.79791,22.73129],[104.79475,22.73042],[104.79123,22.72736],[104.78863,22.72594],[104.78436,22.72477],[104.7823,22.72358],[104.7808,22.72178],[104.77959,22.72107],[104.77608,22.72036],[104.7763,22.71944],[104.77572,22.71859],[104.77594,22.71794],[104.77541,22.71719],[104.77609,22.71195],[104.77757,22.7108],[104.7789,22.70824],[104.7791,22.70704],[104.78136,22.70397],[104.78065,22.70171],[104.77964,22.70077],[104.77829,22.69866],[104.77514,22.69666],[104.77338,22.69662],[104.77144,22.69599],[104.77046,22.69629],[104.76984,22.697],[104.7692,22.69692],[104.76912,22.6974],[104.76787,22.69788],[104.76763,22.69893],[104.76583,22.69864],[104.76176,22.70086],[104.76059,22.70088],[104.75814,22.69986],[104.75722,22.70014],[104.75495,22.70013],[104.75281,22.70089],[104.75114,22.70105],[104.74898,22.69916],[104.74907,22.69707],[104.74734,22.69503],[104.7463,22.69478],[104.74176,22.69207],[104.74091,22.6911],[104.74087,22.68935],[104.74047,22.68903],[104.73862,22.68828],[104.73756,22.68819],[104.73669,22.68752],[104.73525,22.68725],[104.7352,22.68633],[104.73206,22.6839],[104.73179,22.68307],[104.73134,22.68395],[104.72943,22.68498],[104.72908,22.68612],[104.72777,22.68716],[104.72727,22.68809],[104.72637,22.68862],[104.725,22.69112],[104.72557,22.69286],[104.7252,22.69506],[104.72536,22.69568],[104.72821,22.69854],[104.72892,22.7001],[104.72902,22.70301],[104.72964,22.70398],[104.73063,22.70691],[104.73004,22.70818],[104.72969,22.71145],[104.72859,22.71351],[104.72892,22.71537],[104.72971,22.71572],[104.73025,22.71644],[104.72966,22.71709],[104.72999,22.71899],[104.72918,22.72],[104.72881,22.72284],[104.72836,22.72301],[104.72724,22.72208],[104.72697,22.72227],[104.72745,22.72311],[104.72712,22.7235],[104.72544,22.72261],[104.7241,22.72281],[104.72317,22.72391],[104.72371,22.72543],[104.72337,22.72572],[104.72235,22.72515],[104.72078,22.72549],[104.72024,22.72464],[104.71837,22.7246],[104.71738,22.72362],[104.71026,22.72531],[104.7098,22.72586],[104.70989,22.72636],[104.71148,22.72682],[104.71176,22.72725],[104.71077,22.73025],[104.70824,22.73209],[104.70758,22.73084],[104.70696,22.73035],[104.70406,22.72983],[104.70202,22.73394],[104.70124,22.73414],[104.69934,22.73375],[104.69703,22.73489],[104.69605,22.73581],[104.69694,22.736],[104.69728,22.73685],[104.69644,22.73799],[104.69674,22.74046],[104.6977,22.74177],[104.6979,22.74279],[104.69951,22.74364],[104.70068,22.74531],[104.70095,22.74545],[104.70209,22.74496],[104.70282,22.7453],[104.70287,22.7476],[104.704,22.74756],[104.70431,22.74803],[104.7039,22.74942],[104.70291,22.75006],[104.70309,22.75057],[104.70488,22.75181],[104.70888,22.75209],[104.7098,22.7518],[104.71034,22.75255],[104.70955,22.7535],[104.70962,22.75393],[104.7112,22.7537],[104.71234,22.75401],[104.71196,22.75472],[104.71217,22.75531],[104.71164,22.75592],[104.71174,22.75638],[104.71516,22.75681],[104.71528,22.75778],[104.71599,22.75909],[104.71813,22.75945],[104.71848,22.75991],[104.71844,22.76079],[104.72122,22.76284],[104.7241,22.7631],[104.72548,22.7621],[104.72708,22.76205],[104.72806,22.76293],[104.73112,22.76297],[104.73291,22.76371],[104.73369,22.76454],[104.73481,22.76452],[104.73677,22.76553],[104.73778,22.76686],[104.73867,22.76739],[104.73942,22.76867],[104.74056,22.7687],[104.74121,22.76933],[104.74171,22.76916],[104.74328,22.76962],[104.74358,22.77056],[104.74681,22.77258],[104.74768,22.7726],[104.7483,22.77419],[104.75227,22.7789],[104.75327,22.77964],[104.75395,22.78134],[104.75679,22.78267],[104.75965,22.78302],[104.76049,22.78389],[104.76147,22.78664],[104.76428,22.78997],[104.76404,22.79279],[104.7648,22.79407],[104.76491,22.79591],[104.76915,22.79669],[104.77133,22.79832],[104.77607,22.8006],[104.77868,22.80423],[104.77876,22.80574],[104.77926,22.8069],[104.78476,22.80706],[104.78644,22.808],[104.78943,22.808]]]]}},
{"type":"Feature","id":"01057","properties":{"Ward_Code":"01057","Ward_Code_Num":1057,"Ward":"Pờ Ly Ngài","Ward_Alt":"Pờ Ly Ngài","Ward_Upper":"PỜ LY NGÀI","Ward_Full":"Xã Pờ Ly Ngài","Ward_Full_Alt":"Xã Pờ Ly Ngài","Ward_Full_Upper_Alt":"XÃ PỜ LY NGÀI","Ward_Type":"Xã","Province_Code":"08","Province":"Tuyên Quang","Province_Upper_Alt":"TUYÊN QUANG"},"geometry":{"type":"MultiPolygon","coordinates":[[[[104.60846,22.74344],[104.60924,22.74295],[104.61148,22.74362],[104.61418,22.74392],[104.6191,22.7437],[104.61984,22.74407],[104.62053,22.74503],[104.6227,22.74436],[104.6253,22.74261],[104.62669,22.74268],[104.62872,22.7406],[104.63093,22.74026],[104.63167,22.73943],[104.63198,22.73771],[104.63474,22.73504],[104.63513,22.73392],[104.63572,22.73331],[104.63867,22.73088],[104.63994,22.73031],[104.64149,22.72859],[104.643,22.72819],[104.64446,22.72635],[104.64573,22.72557],[104.647,22.7254],[104.64942,22.72387],[104.65048,22.72271],[104.65218,22.72176],[104.65292,22.72078],[104.65266,22.72034],[104.65119,22.71981],[104.65194,22.71871],[104.65148,22.71668],[104.65349,22.71558],[104.65409,22.71438],[104.65547,22.71457],[104.65592,22.71436],[104.65542,22.71366],[104.65599,22.71287],[104.65566,22.71217],[104.65676,22.71191],[104.65774,22.71117],[104.65828,22.71026],[104.65822,22.70836],[104.66138,22.70819],[104.66167,22.70711],[104.66234,22.70746],[104.66318,22.70707],[104.66402,22.70598],[104.66392,22.7049],[104.6649,22.70463],[104.66531,22.70389],[104.66631,22.7034],[104.6664,22.70241],[104.66741,22.70143],[104.66772,22.70036],[104.66896,22.70018],[104.67025,22.69948],[104.67038,22.69905],[104.67021,22.6982],[104.66837,22.69778],[104.66782,22.6981],[104.66647,22.69791],[104.66483,22.69672],[104.66328,22.6963],[104.66266,22.69661],[104.66165,22.69637],[104.66063,22.69779],[104.65895,22.69645],[104.65846,22.69659],[104.65819,22.696],[104.657,22.69601],[104.65696,22.6954],[104.65586,22.69503],[104.65479,22.69411],[104.65289,22.69342],[104.65217,22.69354],[104.65171,22.693],[104.64973,22.69232],[104.64933,22.69173],[104.64957,22.69052],[104.64654,22.68827],[104.64692,22.68664],[104.64691,22.68393],[104.64536,22.68158],[104.6453,22.67764],[104.64454,22.67683],[104.64438,22.67597],[104.64352,22.67606],[104.64228,22.67471],[104.64025,22.6744],[104.6391,22.67357],[104.63654,22.67315],[104.63595,22.67237],[104.6343,22.67185],[104.63362,22.67193],[104.63261,22.67126],[104.63115,22.67135],[104.62927,22.6699],[104.62615,22.66947],[104.62403,22.6677],[104.62354,22.66632],[104.62216,22.66452],[104.61876,22.66512],[104.61483,22.66374],[104.61268,22.66459],[104.60741,22.66457],[104.60606,22.66922],[104.60406,22.6707],[104.6028,22.67297],[104.60004,22.67468],[104.59909,22.67956],[104.59793,22.68162],[104.59752,22.68464],[104.5966,22.68669],[104.5955,22.68746],[104.58828,22.68929],[104.58806,22.69082],[104.58763,22.69121],[104.58792,22.69212],[104.58891,22.69334],[104.58889,22.69647],[104.58975,22.6972],[104.59089,22.70132],[104.59101,22.70468],[104.5905,22.70789],[104.59035,22.71252],[104.59048,22.71359],[104.59114,22.715],[104.59064,22.71623],[104.58936,22.71753],[104.58757,22.71824],[104.58762,22.71879],[104.5868,22.71992],[104.58736,22.72044],[104.58655,22.72085],[104.58658,22.72229],[104.58595,22.72438],[104.58625,22.72597],[104.58587,22.72703],[104.58496,22.72782],[104.58417,22.72919],[104.58221,22.7308],[104.58197,22.73189],[104.58248,22.73351],[104.58171,22.73598],[104.58279,22.73684],[104.58224,22.73829],[104.58515,22.73995],[104.58871,22.74049],[104.59076,22.74139],[104.59176,22.74224],[104.59248,22.74394],[104.59331,22.7448],[104.59592,22.74374],[104.59957,22.74398],[104.60113,22.74337],[104.60255,22.74369],[104.60523,22.7453],[104.60638,22.74556],[104.60793,22.74445],[104.60846,22.74344]]]]}},
{"type":"Feature","id":"01075","properties":{"Ward_Code":"01075","Ward_Code_Num":1075,"Ward":"Nậm Dịch","Ward_Alt":"Nậm Dịch","Ward_Upper":"NẬM DỊCH","Ward_Full":"Xã Nậm Dịch","Ward_Full_Alt":"Xã Nậm Dịch","Ward_Full_Upper_Alt":"XÃ NẬM DỊCH","Ward_Type":"Xã","Province_Code":"08","Province":"Tuyên Quang","Province_Upper_Alt":"TUYÊN QUANG"},"geometry":{"type":"MultiPolygon","coordinates":[[[[104.76957,22.6503],[104.77036,22.64965],[104.7709,22.64721],[104.7717,22.64574],[104.77461,22.64401],[104.77514,22.64207],[104.77566,22.64179],[104.77735,22.63829],[104.77874,22.63719],[104.77862,22.63595],[104.78001,22.63386],[104.78191,22.63189],[104.78198,22.63013],[104.78342,22.62778],[104.78372,22.62651],[104.7836,22.62503],[104.78301,22.62404],[104.78314,22.62318],[104.78237,22.62184],[104.78305,22.62104],[104.78316,22.62009],[104.78425,22.61959],[104.78439,22.61781],[104.78591,22.61726],[104.78575,22.6139],[104.78614,22.61339],[104.78837,22.61214],[104.78927,22.61029],[104.79032,22.60922],[104.79028,22.6079],[104.78974,22.60643],[104.79174,22.60441],[104.79145,22.60302],[104.79182,22.60155],[104.79183,22.59964],[104.79274,22.59794],[104.79247,22.59609],[104.79275,22.59323],[104.79344,22.59198],[104.7931,22.59135],[104.79456,22.59063],[104.79669,22.58833],[104.79762,22.58819],[104.79988,22.58695],[104.8005,22.58695],[104.80158,22.58588],[104.80192,22.5843],[104.80249,22.58356],[104.80273,22.58141],[104.80229,22.58054],[104.8027,22.5793],[104.80349,22.57879],[104.80432,22.57714],[104.80553,22.5759],[104.8087,22.57418],[104.81001,22.57175],[104.80936,22.56841],[104.80879,22.56786],[104.80707,22.56773],[104.80572,22.56662],[104.80454,22.5635],[104.80501,22.56239],[104.8047,22.56121],[104.80315,22.5593],[104.80189,22.55861],[104.8009,22.55683],[104.80013,22.5562],[104.79944,22.55622],[104.7948,22.55983],[104.79316,22.56273],[104.79242,22.5635],[104.79093,22.5639],[104.7905,22.56554],[104.78937,22.56688],[104.78828,22.56736],[104.78782,22.56816],[104.78717,22.56832],[104.7863,22.56915],[104.78503,22.57147],[104.78328,22.57114],[104.78261,22.57182],[104.78137,22.57224],[104.78043,22.57203],[104.77849,22.57265],[104.77677,22.57276],[104.77558,22.57345],[104.77488,22.57443],[104.77371,22.57409],[104.77077,22.57397],[104.76802,22.57468],[104.76532,22.57457],[104.76392,22.5751],[104.76342,22.57658],[104.76258,22.57572],[104.76018,22.57565],[104.75951,22.57646],[104.75674,22.5782],[104.75603,22.57934],[104.75499,22.57927],[104.75384,22.58077],[104.7522,22.58109],[104.7519,22.58153],[104.75084,22.58176],[104.75075,22.58239],[104.75224,22.58432],[104.75276,22.5865],[104.7548,22.58722],[104.75362,22.58792],[104.75152,22.58805],[104.75131,22.58936],[104.74849,22.58994],[104.74839,22.59034],[104.7476,22.59077],[104.74795,22.5949],[104.74851,22.59661],[104.74791,22.5989],[104.74705,22.59969],[104.74677,22.5982],[104.74623,22.59759],[104.74589,22.59482],[104.74414,22.59382],[104.74416,22.59494],[104.74353,22.59653],[104.74355,22.59786],[104.74192,22.59926],[104.74053,22.59939],[104.73968,22.59991],[104.73781,22.60031],[104.73773,22.60125],[104.73677,22.60178],[104.73651,22.60285],[104.73563,22.60336],[104.73542,22.604],[104.73587,22.60445],[104.73547,22.60529],[104.73496,22.60554],[104.734,22.60534],[104.73311,22.60633],[104.73115,22.60663],[104.72604,22.61058],[104.72421,22.61081],[104.72299,22.612],[104.72173,22.61242],[104.72096,22.61332],[104.71915,22.61349],[104.71945,22.61414],[104.71846,22.61458],[104.718,22.61612],[104.72158,22.61809],[104.72328,22.62035],[104.72346,22.62116],[104.72516,22.62324],[104.72669,22.62395],[104.72771,22.62528],[104.7326,22.62735],[104.73451,22.62947],[104.73407,22.63002],[104.73435,22.63054],[104.73381,22.631],[104.73342,22.63219],[104.73393,22.63388],[104.7326,22.63598],[104.73198,22.63759],[104.73173,22.64019],[104.72963,22.64139],[104.72954,22.64196],[104.72894,22.64251],[104.72479,22.64348],[104.72138,22.64551],[104.72075,22.64796],[104.72114,22.64906],[104.71898,22.65094],[104.7181,22.65242],[104.71747,22.65229],[104.71587,22.65088],[104.71396,22.65067],[104.71252,22.64943],[104.70884,22.64744],[104.70794,22.646],[104.70586,22.64414],[104.70252,22.64422],[104.70152,22.64483],[104.69965,22.64111],[104.69997,22.64044],[104.69942,22.63807],[104.69813,22.63917],[104.69508,22.64048],[104.69459,22.6413],[104.69335,22.64155],[104.69263,22.64226],[104.69227,22.64405],[104.69049,22.64502],[104.68878,22.64864],[104.68797,22.64875],[104.68802,22.65012],[104.68722,22.64982],[104.68677,22.65021],[104.68487,22.65025],[104.6849,22.65096],[104.68545,22.65111],[104.68528,22.65156],[104.68451,22.651979999999998],[104.68365,22.65185],[104.68244,22.65248],[104.68148,22.65248],[104.68104,22.65374],[104.67696,22.65429],[104.67429,22.65558],[104.67214,22.65594],[104.6692,22.65593],[104.66551,22.65922],[104.66424,22.65913],[104.66536,22.66005],[104.66962,22.66033],[104.67155,22.65999],[104.67247,22.66067],[104.67512,22.65995],[104.67846,22.65798],[104.68131,22.65891],[104.68265,22.66024],[104.68369,22.66297],[104.68519,22.66366],[104.68567,22.6653],[104.68661,22.66646],[104.68702,22.6681],[104.69052,22.66974],[104.69323,22.6717],[104.69585,22.67296],[104.69766,22.67341],[104.69738,22.67512],[104.69554,22.67623],[104.69529,22.67869],[104.6929,22.67965],[104.69272,22.68026],[104.693,22.6813],[104.69063,22.68781],[104.69073,22.68853],[104.69187,22.68935],[104.69196,22.69142],[104.69279,22.69217],[104.69305,22.69103],[104.69531,22.68982],[104.69582,22.68861],[104.69666,22.68779],[104.69762,22.68767],[104.70072,22.68771],[104.70373,22.6887],[104.70661,22.69077],[104.70796,22.69222],[104.7091,22.69273],[104.71071,22.69262],[104.71151,22.6914],[104.71744,22.68936],[104.71983,22.68933],[104.72107,22.69014],[104.72431,22.69013],[104.72515,22.69055],[104.72656,22.68839],[104.72727,22.68809],[104.72777,22.68716],[104.72908,22.68612],[104.72943,22.68498],[104.73134,22.68395],[104.73179,22.68307],[104.73206,22.6839],[104.7352,22.68633],[104.73525,22.68725],[104.73669,22.68752],[104.73756,22.68819],[104.73862,22.68828],[104.74047,22.68903],[104.74087,22.68935],[104.74091,22.6911],[104.74176,22.69207],[104.7463,22.69478],[104.74734,22.69503],[104.74907,22.69707],[104.74898,22.69916],[104.75114,22.70105],[104.75281,22.70089],[104.75495,22.70013],[104.75722,22.70014],[104.75814,22.69986],[104.76059,22.70088],[104.76176,22.70086],[104.76583,22.69864],[104.76763,22.69893],[104.76787,22.69788],[104.76912,22.6974],[104.7692,22.69692],[104.76984,22.697],[104.77046,22.69629],[104.77157,22.69599],[104.77594,22.69705],[104.7785,22.69886],[104.78033,22.70143],[104.78384,22.69962],[104.78659,22.69731],[104.78775,22.69756],[104.79094,22.69548],[104.79117,22.69406],[104.793,22.69235],[104.79356,22.69086],[104.79469,22.6899],[104.79371,22.68932],[104.79673,22.6866],[104.79806,22.68462],[104.79818,22.68397],[104.79753,22.68357],[104.79784,22.68285],[104.7968,22.68106],[104.79762,22.6782],[104.79923,22.67606],[104.79856,22.67536],[104.79565,22.67531],[104.79319,22.6736],[104.79284,22.673],[104.79107,22.67229],[104.78626,22.66889],[104.78346,22.66846],[104.78296,22.66997],[104.78174,22.66992],[104.77941,22.67113],[104.7789,22.67179],[104.77769,22.67185],[104.77658,22.67271],[104.77544,22.67423],[104.77335,22.67546],[104.77272,22.67564],[104.77191,22.67521],[104.76877,22.67518],[104.76904999999999,22.67468],[104.76814,22.67303],[104.76825,22.67211],[104.77368,22.66577],[104.77443,22.66405],[104.77546,22.66311],[104.77489,22.66173],[104.77546,22.66126],[104.77554,22.65837],[104.77652,22.65635],[104.77628,22.65556],[104.77477,22.65434],[104.77171,22.65365],[104.77123,22.65281],[104.77131,22.65106],[104.76957,22.6503]]]]}},
{"type":"Feature","id":"01084","properties":{"Ward_Code":"01084","Ward_Code_Num":1084,"Ward":"Hồ Thầu","Ward_Alt":"Hồ Thầu","Ward_Upper":"HỒ THẦU","Ward_Full":"Xã Hồ Thầu","Ward_Full_Alt":"Xã Hồ Thầu","Ward_Full_Upper_Alt":"XÃ HỒ THẦU","Ward_Type":"Xã","Province_Code":"08","Province":"Tuyên Quang","Province_Upper_Alt":"TUYÊN QUANG"},"geometry":{"type":"MultiPolygon","coordinates":[[[[104.6356,22.66724],[104.63646,22.66635],[104.63812,22.66586],[104.63933,22.66438],[104.64159,22.66363],[104.64644,22.66312],[104.64783,22.66237],[104.6516,22.66217],[104.65193,22.66171],[104.65493,22.66005],[104.65591,22.65906],[104.65887,22.65859],[104.66219,22.6594],[104.66551,22.65922],[104.6692,22.65593],[104.67214,22.65594],[104.67429,22.65558],[104.67696,22.65429],[104.68104,22.65374],[104.68148,22.65248],[104.68244,22.65248],[104.68365,22.65185],[104.68451,22.651979999999998],[104.68528,22.65156],[104.68545,22.65111],[104.6849,22.65096],[104.68487,22.65025],[104.68677,22.65021],[104.68722,22.64982],[104.68802,22.65012],[104.68797,22.64875],[104.68878,22.64864],[104.69049,22.64502],[104.69227,22.64405],[104.69263,22.64226],[104.69335,22.64155],[104.69459,22.6413],[104.69508,22.64048],[104.69813,22.63917],[104.69942,22.63807],[104.69997,22.64044],[104.69965,22.64111],[104.70152,22.64483],[104.70252,22.64422],[104.70586,22.64414],[104.70794,22.646],[104.70884,22.64744],[104.71252,22.64943],[104.71396,22.65067],[104.71587,22.65088],[104.71747,22.65229],[104.7181,22.65242],[104.71898,22.65094],[104.72114,22.64906],[104.72075,22.64796],[104.72138,22.64551],[104.72479,22.64348],[104.72894,22.64251],[104.72954,22.64196],[104.72963,22.64139],[104.73173,22.64019],[104.73198,22.63759],[104.7326,22.63598],[104.73393,22.63388],[104.73342,22.63219],[104.73381,22.631],[104.73435,22.63054],[104.73407,22.63002],[104.73446,22.62935],[104.73403,22.62921],[104.7326,22.62735],[104.72771,22.62528],[104.72669,22.62395],[104.72516,22.62324],[104.72346,22.62116],[104.72328,22.62035],[104.72158,22.61809],[104.71916,22.61693],[104.71629,22.61446],[104.71373,22.61339],[104.7115,22.61305],[104.71024,22.61216],[104.7072,22.61173],[104.70529,22.61208],[104.7049,22.61026],[104.70526,22.60959],[104.7038,22.60817],[104.7019,22.60533],[104.69879,22.60365],[104.69814,22.6029],[104.69755,22.60075],[104.69797,22.59774],[104.69766,22.59614],[104.69602,22.59466],[104.69517,22.59464],[104.69754,22.59198],[104.69804,22.58928],[104.69773,22.58843],[104.69808,22.58767],[104.69966,22.58614],[104.70011,22.585],[104.70054,22.58492],[104.70091,22.58203],[104.70189,22.58112],[104.70184,22.58012],[104.70276,22.57934],[104.70259,22.57884],[104.7033,22.5786],[104.70401,22.57772],[104.7038,22.57579],[104.70416,22.57431],[104.7067,22.57422],[104.70891,22.57348],[104.71126,22.57214],[104.7117,22.57108],[104.71288,22.57025],[104.71428,22.56802],[104.71441,22.56685],[104.71395,22.56569],[104.71485,22.56476],[104.71585,22.56233],[104.71858,22.56084],[104.71874,22.55976],[104.72003,22.55727],[104.72053,22.5551],[104.72003,22.55468],[104.71963,22.55349],[104.72009,22.55022],[104.72088,22.5495],[104.72086,22.54863],[104.71685,22.54784],[104.71323,22.54768],[104.71142,22.54687],[104.70888,22.5449],[104.70626,22.54512],[104.70372,22.5443],[104.70253,22.54448],[104.69954,22.54419],[104.69921,22.54359],[104.69843,22.5433],[104.698,22.54243],[104.69623,22.54129],[104.69491,22.54144],[104.69454,22.54197],[104.69387,22.5422],[104.69331,22.54424],[104.69287,22.54438],[104.69008,22.54405],[104.68504,22.54439],[104.68378,22.54326],[104.683,22.54297],[104.68194,22.54332],[104.67982,22.54278],[104.67892,22.54151],[104.67604,22.54016],[104.6752,22.54172],[104.67347,22.54282],[104.67064,22.54531],[104.6696,22.54711],[104.66774,22.54718],[104.66689,22.54771],[104.66189,22.54893],[104.66176,22.54772],[104.66111,22.54765],[104.66073,22.54722],[104.65859,22.54729],[104.65706,22.54662],[104.65587,22.5454],[104.65491,22.54523],[104.65337,22.5443],[104.65183,22.54418],[104.65074,22.54252],[104.64885,22.54115],[104.64836,22.54023],[104.64417,22.53936],[104.6431,22.53862],[104.64137,22.5384],[104.64028,22.53788],[104.63898,22.53826],[104.63697,22.53798],[104.6344,22.53816],[104.63277,22.53922],[104.63061,22.5417],[104.62952,22.54194],[104.62801,22.54172],[104.62492,22.54416],[104.62089,22.54522],[104.61952,22.54597],[104.62031,22.54834],[104.61871,22.55238],[104.61848,22.55664],[104.61817,22.55762],[104.61896,22.55926],[104.61984,22.55977],[104.62022,22.56101],[104.6199,22.56565],[104.62013,22.56672],[104.6196,22.57035],[104.62174,22.57155],[104.62174,22.57488],[104.62226,22.57765],[104.62334,22.5789],[104.623,22.57986],[104.62138,22.58084],[104.6209,22.58324],[104.61835,22.58579],[104.61858,22.58716],[104.61969,22.58883],[104.61948,22.59008],[104.61843,22.59178],[104.62054,22.59498],[104.62051,22.59602],[104.62112,22.59717],[104.62044,22.59777],[104.61861,22.59842],[104.61837,22.59953],[104.61679,22.60108],[104.6152,22.60156],[104.6139,22.60262],[104.61183,22.603],[104.60914,22.60287],[104.60654,22.60425],[104.60386,22.60486],[104.60322,22.60812],[104.60243,22.60878],[104.60147,22.61048],[104.60224,22.61195],[104.60102,22.61522],[104.60163,22.61729],[104.6014,22.61834],[104.60066,22.61945],[104.5987,22.62075],[104.59712,22.62404],[104.59539,22.62499],[104.59583,22.62587],[104.59343,22.6281],[104.59272,22.63155],[104.59211,22.63289],[104.59212,22.63359],[104.59362,22.63467],[104.59399,22.6357],[104.59363,22.63661],[104.5942,22.63785],[104.59386,22.63944],[104.59461,22.6419],[104.59429,22.64288],[104.59287,22.6443],[104.59223,22.64584],[104.59199,22.64708],[104.59247,22.64843],[104.592,22.64992],[104.59192,22.65174],[104.59212,22.65274],[104.59279,22.65359],[104.5937,22.65398],[104.59551,22.65402],[104.5964,22.65591],[104.5972,22.65679],[104.59723,22.65746],[104.59965,22.66002],[104.60094,22.66014],[104.60242,22.66082],[104.6039,22.66305],[104.6071,22.66405],[104.60741,22.66457],[104.61268,22.66459],[104.61483,22.66374],[104.61876,22.66512],[104.62243,22.66458],[104.62261,22.66542],[104.62354,22.66632],[104.62638,22.66762],[104.63356,22.66718],[104.63513,22.66798],[104.6356,22.66724]]]]}},
{"type":"Feature","id":"01090","properties":{"Ward_Code":"01090","Ward_Code_Num":1090,"Ward":"Thông Nguyên","Ward_Alt":"Thông Nguyên","Ward_Upper":"THÔNG NGUYÊN","Ward_Full":"Xã Thông Nguyên","Ward_Full_Alt":"Xã Thông Nguyên","Ward_Full_Upper_Alt":"XÃ THÔNG NGUYÊN","Ward_Type":"Xã","Province_Code":"08","Province":"Tuyên Quang","Province_Upper_Alt":"TUYÊN QUANG"},"geometry":{"type":"MultiPolygon","coordinates":[[[[104.71914,22.61353],[104.72096,22.61332],[104.72173,22.61242],[104.72299,22.612],[104.72461,22.61062],[104.72604,22.61058],[104.73115,22.60663],[104.73311,22.60633],[104.734,22.60534],[104.73496,22.60554],[104.73547,22.60529],[104.73587,22.60445],[104.73542,22.604],[104.73563,22.60336],[104.73651,22.60285],[104.73677,22.60178],[104.73773,22.60125],[104.73781,22.60031],[104.73968,22.59991],[104.74053,22.59939],[104.74192,22.59926],[104.74355,22.59786],[104.74353,22.59653],[104.74416,22.59494],[104.74414,22.59382],[104.74589,22.59482],[104.74623,22.59759],[104.74677,22.5982],[104.74705,22.59969],[104.74791,22.5989],[104.74851,22.59661],[104.74795,22.5949],[104.7476,22.59077],[104.74839,22.59034],[104.74849,22.58994],[104.75131,22.58936],[104.75152,22.58805],[104.75362,22.58792],[104.7548,22.58722],[104.75276,22.5865],[104.75224,22.58432],[104.75075,22.58239],[104.75084,22.58176],[104.7519,22.58153],[104.7522,22.58109],[104.75384,22.58077],[104.75499,22.57927],[104.75603,22.57934],[104.75674,22.5782],[104.75951,22.57646],[104.76018,22.57565],[104.76258,22.57572],[104.76342,22.57658],[104.76392,22.5751],[104.76532,22.57457],[104.76802,22.57468],[104.77077,22.57397],[104.77371,22.57409],[104.77488,22.57443],[104.77558,22.57345],[104.77677,22.57276],[104.77849,22.57265],[104.78043,22.57203],[104.78137,22.57224],[104.78261,22.57182],[104.78328,22.57114],[104.78503,22.57147],[104.7863,22.56915],[104.78717,22.56832],[104.78782,22.56816],[104.78828,22.56736],[104.78937,22.56688],[104.7905,22.56554],[104.79093,22.5639],[104.79242,22.5635],[104.79316,22.56273],[104.7948,22.55983],[104.79944,22.55622],[104.80044,22.55632],[104.7988,22.5539],[104.79663,22.55181],[104.7949,22.55145],[104.79057,22.55156],[104.79133,22.55074],[104.79123,22.54984],[104.79199,22.54867],[104.79219,22.5467],[104.79154,22.54615],[104.79147,22.54401],[104.79056,22.54068],[104.7869,22.5408],[104.7845,22.53998],[104.78371,22.53755],[104.78307,22.53671],[104.78138,22.53548],[104.78013,22.53498],[104.78114,22.53495],[104.78158,22.53449],[104.78222,22.53335],[104.78252,22.53152],[104.78373,22.53022],[104.78389,22.52902],[104.78446,22.52785],[104.78371,22.52672],[104.78364,22.52526],[104.78306,22.52359],[104.78134,22.52147],[104.78038,22.51934],[104.78151,22.51798],[104.78075,22.51504],[104.78125,22.51329],[104.78197,22.51262],[104.78075,22.51056],[104.77891,22.5093],[104.77902,22.50859],[104.78023,22.50674],[104.78003,22.5059],[104.77931,22.50538],[104.7791,22.50456],[104.7799,22.50323],[104.77998,22.50237],[104.78118,22.50156],[104.78202,22.49962],[104.78174,22.49757],[104.78186,22.49487],[104.78266,22.49344],[104.78227,22.49026],[104.78353,22.49021],[104.78693,22.48789],[104.78709,22.48684],[104.7878,22.48596],[104.79081,22.48533],[104.79156,22.48458],[104.79301,22.48391],[104.79288,22.47927],[104.79186,22.47662],[104.79194,22.47396],[104.79153,22.47289],[104.78903,22.47001],[104.78765,22.46892],[104.785,22.46771],[104.7845,22.46686],[104.78355,22.46616],[104.7823,22.46586],[104.78004,22.46447],[104.77934,22.46344],[104.77834,22.46358],[104.7766,22.46234],[104.76852,22.46031],[104.76556,22.45881],[104.76322,22.45866],[104.76056,22.45653],[104.75373,22.45411],[104.74995,22.45095],[104.74834,22.45],[104.74735,22.44736],[104.74547,22.44618],[104.74486,22.44506],[104.74384,22.44418],[104.74281,22.44211],[104.74164,22.44091],[104.7398,22.43928],[104.73778,22.43854],[104.73588,22.43912],[104.73396,22.44112],[104.72884,22.44314],[104.72871,22.44412],[104.72745,22.44553],[104.72707,22.44661],[104.72507,22.44846],[104.7249,22.44967],[104.72542,22.45431],[104.72421,22.45639],[104.72404,22.45727],[104.72456,22.45974],[104.72584,22.46186],[104.72789,22.46408],[104.73047,22.46591],[104.73081,22.46725],[104.73241,22.46989],[104.73494,22.4716],[104.73494,22.47478],[104.73354,22.4794],[104.73441,22.48166],[104.73487,22.48558],[104.73594,22.48708],[104.73633,22.48855],[104.73534,22.48912],[104.73325,22.48938],[104.73156,22.49214],[104.72997,22.49351],[104.72911,22.49489],[104.72785,22.49536],[104.72775,22.49903],[104.72628,22.50161],[104.72538,22.50212],[104.7243,22.5046],[104.72469,22.5063],[104.72398,22.50801],[104.7247,22.5107],[104.72214,22.51466],[104.72284,22.51617],[104.72208,22.51759],[104.72059,22.51834],[104.71834,22.51883],[104.71662,22.52099],[104.71536,22.52135],[104.71535,22.52297],[104.71439,22.52468],[104.7148,22.52562],[104.714,22.52646],[104.7136,22.52877],[104.71565,22.53223],[104.71598,22.53364],[104.71263,22.53588],[104.71139,22.53628],[104.70796,22.53918],[104.70714,22.53944],[104.70536,22.53891],[104.70481,22.53903],[104.70036,22.54431],[104.70372,22.5443],[104.70668,22.54515],[104.70888,22.5449],[104.71142,22.54687],[104.71323,22.54768],[104.72005,22.54827],[104.72094,22.5488],[104.72088,22.5495],[104.72009,22.55022],[104.71963,22.55349],[104.72003,22.55468],[104.72053,22.5551],[104.72003,22.55727],[104.71874,22.55976],[104.71858,22.56084],[104.71585,22.56233],[104.71485,22.56476],[104.71395,22.56569],[104.71441,22.56685],[104.71428,22.56802],[104.71288,22.57025],[104.7117,22.57108],[104.71126,22.57214],[104.70891,22.57348],[104.7067,22.57422],[104.70416,22.57431],[104.7038,22.57579],[104.70401,22.57772],[104.7033,22.5786],[104.70259,22.57884],[104.70276,22.57934],[104.70184,22.58012],[104.70189,22.58112],[104.70091,22.58203],[104.70054,22.58492],[104.70011,22.585],[104.69966,22.58614],[104.69808,22.58767],[104.69773,22.58843],[104.69804,22.58928],[104.69754,22.59198],[104.69517,22.59464],[104.69602,22.59466],[104.69766,22.59614],[104.69797,22.59774],[104.69755,22.60075],[104.69814,22.6029],[104.69879,22.60365],[104.7019,22.60533],[104.7038,22.60817],[104.70526,22.60959],[104.7049,22.61026],[104.70529,22.61208],[104.7072,22.61173],[104.71024,22.61216],[104.7115,22.61305],[104.71373,22.61339],[104.71603,22.61431],[104.718,22.61612],[104.71846,22.61458],[104.71945,22.61414],[104.71914,22.61353]]]]}},
{"type":"Feature","id":"01096","properties":{"Ward_Code":"01096","Ward_Code_Num":1096,"Ward":"Pà Vầy Sủ","Ward_Alt":"Pà Vầy Sủ","Ward_Upper":"PÀ VẦY SỦ","Ward_Full":"Xã Pà Vầy Sủ","Ward_Full_Alt":"Xã Pà Vầy Sủ","Ward_Full_Upper_Alt":"XÃ PÀ VẦY SỦ","Ward_Type":"Xã","Province_Code":"08","Province":"Tuyên Quang","Province_Upper_Alt":"TUYÊN QUANG"},"geometry":{"type":"MultiPolygon","coordinates":[[[[104.43482,22.64397],[104.42905,22.64431],[104.42952,22.64386],[104.42968,22.64287],[104.42893,22.64152],[104.42766,22.64092],[104.42824,22.64008],[104.42848,22.63898],[104.42818,22.63871],[104.42712,22.63873],[104.42682,22.63702],[104.42486,22.63616],[104.42538,22.63554],[104.42426,22.63411],[104.42433,22.63215],[104.42281,22.63158],[104.42248,22.631],[104.42161,22.63075],[104.42093,22.63092],[104.41997,22.63044],[104.4181,22.63064],[104.41683,22.629],[104.41445,22.62762],[104.41179,22.62789],[104.41092,22.62859],[104.40955,22.62906],[104.40722,22.6285],[104.40662,22.62963],[104.4075,22.63084],[104.40898,22.63205],[104.40871,22.63397],[104.4096,22.63432],[104.41062,22.63653],[104.41263,22.63821],[104.41333,22.63989],[104.41287,22.64071],[104.4134,22.64218],[104.41386,22.64267],[104.41554,22.64339],[104.41571,22.64426],[104.41554,22.64488],[104.41353,22.64666],[104.41352,22.64833],[104.41169,22.64814],[104.41022,22.64848],[104.41003,22.64919],[104.40873,22.65055],[104.40798,22.65221],[104.4087,22.6524],[104.40825,22.65477],[104.40638,22.65621],[104.40646,22.66012],[104.40545,22.66196],[104.40628,22.66416],[104.40648,22.66712],[104.40582,22.67015],[104.40497,22.67214],[104.40402,22.67335],[104.40418,22.6755],[104.40282,22.67859],[104.40286,22.67962],[104.40206,22.68113],[104.39947,22.68053],[104.39405,22.6805],[104.39071,22.67924],[104.38597,22.67991],[104.38472,22.67942],[104.38317,22.67784],[104.38023,22.67668],[104.37432,22.67596],[104.37189,22.67496],[104.36874,22.67431],[104.36485,22.67295],[104.35961,22.67338],[104.35387,22.67577],[104.34968,22.67918],[104.34506,22.68186],[104.34064,22.68682],[104.33694,22.68814],[104.33427,22.6904],[104.33433,22.69111],[104.3357,22.69268],[104.33631,22.69448],[104.33621,22.69521],[104.33531,22.69674],[104.33718,22.69944],[104.33892,22.70065],[104.33984,22.70297],[104.3411,22.70366],[104.34041,22.70536],[104.34089,22.70728],[104.34062,22.70877],[104.34175,22.71186],[104.34238,22.71114],[104.34304,22.709],[104.3439,22.70825],[104.34393,22.70706],[104.34639,22.70479],[104.34762,22.70408],[104.34864,22.70139],[104.34988,22.70004],[104.35001,22.69782],[104.35119,22.6966],[104.35124,22.695],[104.35172,22.69351],[104.35281,22.69242],[104.35442,22.69216],[104.3556,22.69154],[104.35794,22.69215],[104.35938,22.69202],[104.3597,22.69229],[104.36147,22.69242],[104.36154,22.69204],[104.36268,22.69168],[104.36406,22.69252],[104.36465,22.69252],[104.36591,22.69175],[104.36725,22.69177],[104.36659,22.69127],[104.36661,22.6898],[104.36754,22.68962],[104.36902,22.68872],[104.3714,22.68838],[104.37388,22.69033],[104.37732,22.69133],[104.37825,22.69315],[104.37892,22.69352],[104.37879,22.69497],[104.3813,22.69773],[104.38401,22.70215],[104.38555,22.70348],[104.3878,22.70438],[104.39166,22.70444],[104.39424,22.70352],[104.39542,22.70352],[104.39744,22.70128],[104.39926,22.70195],[104.40002,22.7064],[104.40069,22.70721],[104.40096,22.70868],[104.40164,22.70906],[104.40347,22.70899],[104.40378,22.70986],[104.40475,22.71095],[104.40481,22.71154],[104.4056,22.71209],[104.40373,22.71282],[104.40326,22.71351],[104.4045,22.71535],[104.40443,22.71607],[104.4052,22.71642],[104.40578,22.71717],[104.40636,22.72206],[104.40801,22.72326],[104.40785,22.72431],[104.40835,22.72563],[104.41011,22.72668],[104.41068,22.72748],[104.41164,22.72768],[104.41274,22.72735],[104.41495,22.72767],[104.41637,22.72629],[104.4186,22.72718],[104.41916,22.72835],[104.4199,22.72883],[104.42287,22.72874],[104.42561,22.72924],[104.42821,22.73099],[104.43071,22.72872],[104.43212,22.72572],[104.43164,22.72286],[104.4302,22.72087],[104.43,22.72009],[104.43031,22.71783],[104.43169,22.71508],[104.43122,22.713],[104.43198,22.71226],[104.43256,22.7105],[104.4341,22.71028],[104.43455,22.7111],[104.4374,22.71124],[104.4393,22.71032],[104.44135,22.70996],[104.44255,22.70923],[104.44873,22.70726],[104.45,22.70448],[104.45187,22.70341],[104.45285,22.70166],[104.45394,22.70056],[104.45654,22.69973],[104.45732,22.69895],[104.45786,22.69743],[104.45859,22.69651],[104.46049,22.69577],[104.46126,22.6946],[104.46256,22.69358],[104.46418,22.69293],[104.46481,22.69208],[104.46518,22.69025],[104.46664,22.68969],[104.46667,22.68892],[104.46549,22.68627],[104.46651,22.68376],[104.46624,22.67995],[104.46566,22.67872],[104.46524,22.67654],[104.46282,22.67379],[104.46316,22.6714],[104.46353,22.6705],[104.46459,22.66966],[104.46655,22.6694],[104.46705,22.66898],[104.46724,22.66546],[104.46835,22.66404],[104.46886,22.6625],[104.47019,22.66037],[104.47042,22.65929],[104.47164,22.65786],[104.47175,22.65641],[104.47294,22.65626],[104.47318,22.65597],[104.47344,22.65409],[104.47269,22.65123],[104.47348,22.65067],[104.4736,22.65015],[104.47327,22.64904],[104.47252,22.64862],[104.47259,22.64748],[104.47316,22.64712],[104.47346,22.64645],[104.47526,22.64528],[104.47541,22.64435],[104.47646,22.64334],[104.47655,22.64182],[104.47814,22.63995],[104.47863,22.63864],[104.48014,22.63735],[104.48088,22.63545],[104.48216,22.63509],[104.48289,22.63428],[104.48384,22.63177],[104.48327,22.63116],[104.48075,22.63063],[104.47991,22.63006],[104.47675,22.63037],[104.47549,22.62998],[104.47504,22.62894],[104.47133,22.6261],[104.4701,22.62455],[104.46825,22.62351],[104.46713,22.62238],[104.46619,22.62206],[104.46528,22.6205],[104.4636,22.61915],[104.46224,22.61598],[104.4616,22.61518],[104.46228,22.61332],[104.4618,22.61246],[104.46042,22.61169],[104.45994,22.61062],[104.46028,22.60748],[104.45866,22.60458],[104.45269,22.6035],[104.45104,22.60538],[104.44985,22.60602],[104.44912,22.60585],[104.44816,22.60445],[104.44742,22.60521],[104.44564,22.60542],[104.4442,22.60632],[104.44499,22.6047],[104.44274,22.60448],[104.44179,22.60727],[104.4406,22.6076],[104.43896,22.60882],[104.43855,22.61102],[104.43671,22.6114],[104.43414,22.61103],[104.43293,22.61216],[104.43286,22.61362],[104.4323,22.61424],[104.43256,22.61644],[104.43355,22.61904],[104.43327,22.62045],[104.43381,22.62113],[104.43364,22.6219],[104.43455,22.62374],[104.43443,22.62435],[104.43342,22.62502],[104.43336,22.62546],[104.43431,22.62679],[104.43601,22.62812],[104.43486,22.62953],[104.43358,22.6291],[104.43322,22.62927],[104.43437,22.63024],[104.43452,22.63073],[104.43319,22.63369],[104.43358,22.63561],[104.43329,22.63716],[104.43254,22.63853],[104.43402,22.6399],[104.43482,22.64397]]]]}},
{"type":"Feature","id":"01108","properties":{"Ward_Code":"01108","Ward_Code_Num":1108,"Ward":"Xín Mần","Ward_Alt":"Xín Mần","Ward_Upper":"XÍN MẦN","Ward_Full":"Xã Xín Mần","Ward_Full_Alt":"Xã Xín Mần","Ward_Full_Upper_Alt":"XÃ XÍN MẦN","Ward_Type":"Xã","Province_Code":"08","Province":"Tuyên Quang","Province_Upper_Alt":"TUYÊN QUANG"},"geometry":{"type":"MultiPolygon","coordinates":[[[[104.52495,22.80747],[104.5259,22.80742],[104.52875,22.80585],[104.52998,22.8057],[104.53151,22.80458],[104.53243,22.80429],[104.53398,22.80311],[104.53578,22.80106],[104.53896,22.80096],[104.53987,22.80018],[104.54138,22.79989],[104.542,22.80121],[104.54442,22.80196],[104.54513,22.80347],[104.54654,22.80426],[104.54861,22.80485],[104.54909,22.80583],[104.55164,22.80691],[104.55434,22.80723],[104.55629,22.80303],[104.55444,22.80131],[104.55493,22.79966],[104.55344,22.79825],[104.55504,22.79486],[104.56,22.79183],[104.56046,22.79117],[104.56302,22.79266],[104.56658,22.79247],[104.56751,22.7914],[104.56858,22.79091],[104.56941,22.78884],[104.5713,22.7864],[104.57061,22.7844],[104.57076,22.78336],[104.57014,22.78154],[104.56994,22.77938],[104.56943,22.77822],[104.56974,22.77763],[104.56868,22.77598],[104.5688,22.7755],[104.57014,22.77592],[104.5724,22.7754],[104.57409,22.7745],[104.57447,22.7738],[104.57589,22.77402],[104.57814,22.77254],[104.57892,22.77258],[104.57902,22.77197],[104.57959,22.77166],[104.58146,22.77224],[104.58277,22.77201],[104.58436,22.77242],[104.58531,22.77154],[104.58614,22.77126],[104.59009,22.77081],[104.59102,22.77008],[104.59108,22.76867],[104.59178,22.76794],[104.59373,22.76783],[104.59382,22.76737],[104.5934,22.76663],[104.5937,22.76604],[104.59464,22.76668],[104.59567,22.76634],[104.59612,22.76652],[104.59655,22.76715],[104.59649,22.7678],[104.59688,22.76808],[104.59804,22.7677],[104.59763,22.76571],[104.59573,22.76532],[104.59708,22.76412],[104.59751,22.76145],[104.59669,22.76125],[104.59553,22.76196],[104.59507,22.76192],[104.59504,22.7612],[104.5957,22.75966],[104.59445,22.75903],[104.59486,22.75858],[104.59766,22.7584],[104.59855,22.75799],[104.59834,22.75464],[104.59786,22.75382],[104.59663,22.75427],[104.59608,22.75408],[104.5961,22.75258],[104.59713,22.75164],[104.59713,22.75121],[104.59468,22.75086],[104.59417,22.74891],[104.59485,22.74772],[104.59504,22.74648],[104.59466,22.74604],[104.59355,22.74568],[104.59331,22.7448],[104.59248,22.74394],[104.59156,22.74203],[104.58902,22.74058],[104.58515,22.73995],[104.58322,22.73866],[104.57942,22.73718],[104.57629,22.73714],[104.57312,22.7365],[104.57067,22.73416],[104.56782,22.73042],[104.56696,22.72993],[104.56257,22.72861],[104.5595,22.72861],[104.55256,22.72663],[104.55025,22.72647],[104.54922,22.72503],[104.54507,22.72136],[104.54428,22.72094],[104.54186,22.72087],[104.53971,22.71938],[104.53851,22.71785],[104.53558,22.7156],[104.53468,22.71389],[104.5306,22.70971],[104.5284,22.70832],[104.52724,22.70705],[104.52503,22.70626],[104.52288,22.70604],[104.52088,22.70543],[104.51909,22.70414],[104.51655,22.70128],[104.51503,22.70038],[104.5119,22.70014],[104.50983,22.69935],[104.50839,22.69937],[104.50704,22.69876],[104.5019,22.69807],[104.50106,22.69773],[104.50044,22.69694],[104.49856,22.69607],[104.49762,22.69526],[104.49682,22.69389],[104.49547,22.69308],[104.49232,22.69257],[104.48858,22.69366],[104.48678,22.69334],[104.48504,22.69261],[104.48084,22.68982],[104.47834,22.689],[104.47691,22.68802],[104.47587,22.68782],[104.47471,22.68809],[104.47346,22.68952],[104.47022,22.69039],[104.46923,22.69041],[104.46664,22.68969],[104.46537,22.69003],[104.46441,22.69272],[104.46256,22.69358],[104.46126,22.6946],[104.46049,22.69577],[104.45859,22.69651],[104.45786,22.69743],[104.45732,22.69895],[104.45632,22.69991],[104.45394,22.70056],[104.45285,22.70166],[104.45187,22.70341],[104.45,22.70448],[104.44943,22.70615],[104.44836,22.70747],[104.44255,22.70923],[104.44135,22.70996],[104.44019,22.71001],[104.4374,22.71124],[104.43455,22.7111],[104.4341,22.71028],[104.43256,22.7105],[104.43198,22.71226],[104.43122,22.713],[104.43169,22.71508],[104.43031,22.71783],[104.43,22.72009],[104.4302,22.72087],[104.43164,22.72286],[104.43212,22.72572],[104.43071,22.72872],[104.42821,22.73099],[104.42561,22.72924],[104.42287,22.72874],[104.4199,22.72883],[104.41916,22.72835],[104.4186,22.72718],[104.41637,22.72629],[104.41495,22.72767],[104.41319,22.72754],[104.41367,22.72879],[104.41641,22.73024],[104.41695,22.73175],[104.41958,22.73368],[104.42092,22.73594],[104.42367,22.73802],[104.42908,22.74009],[104.43307,22.74263],[104.43511,22.74278],[104.4384,22.74456],[104.44209,22.74512],[104.44722,22.74762],[104.44822,22.7477],[104.44939,22.7484],[104.45048,22.74824],[104.45186,22.74911],[104.45408,22.74966],[104.45742,22.75288],[104.45796,22.75293],[104.45939,22.75223],[104.45996,22.75233],[104.46274,22.75459],[104.47038,22.75769],[104.47328,22.76097],[104.47756,22.76382],[104.47942,22.76563],[104.48037,22.76613],[104.48089,22.76707],[104.48162,22.76755],[104.48289,22.76973],[104.48512,22.77083],[104.48597,22.77018],[104.4878,22.77364],[104.48951,22.77489],[104.49038,22.77502],[104.49136,22.77786],[104.4931,22.77899],[104.49466,22.77836],[104.49688,22.77875],[104.49839,22.783],[104.49928,22.78434],[104.49844,22.78636],[104.50224,22.78754],[104.5053,22.78782],[104.50586,22.78847],[104.50765,22.78831],[104.50861,22.7886],[104.50949,22.7881],[104.51368,22.78978],[104.51422,22.79216],[104.51574,22.79299],[104.51672,22.79604],[104.51808,22.79731],[104.51927,22.79741],[104.51898,22.79912],[104.52046,22.80136],[104.51954,22.80244],[104.52018,22.80479],[104.52128,22.80492],[104.52215,22.80554],[104.52335,22.80564],[104.52414,22.80706],[104.52454,22.80749],[104.52495,22.80747]]]]}},
{"type":"Feature","id":"01117","properties":{"Ward_Code":"01117","Ward_Code_Num":1117,"Ward":"Trung Thịnh","Ward_Alt":"Trung Thịnh","Ward_Upper":"TRUNG THỊNH","Ward_Full":"Xã Trung Thịnh","Ward_Full_Alt":"Xã Trung Thịnh","Ward_Full_Upper_Alt":"XÃ TRUNG THỊNH","Ward_Type":"Xã","Province_Code":"08","Province":"Tuyên Quang","Province_Upper_Alt":"TUYÊN QUANG"},"geometry":{"type":"MultiPolygon","coordinates":[[[[104.58271,22.73704],[104.58269,22.73661],[104.58169,22.73574],[104.58248,22.73351],[104.58197,22.73189],[104.58221,22.7308],[104.58417,22.72919],[104.58496,22.72782],[104.58587,22.72703],[104.58625,22.72597],[104.58595,22.72438],[104.58658,22.72229],[104.58655,22.72085],[104.58736,22.72044],[104.5868,22.71992],[104.58762,22.71879],[104.58757,22.71824],[104.58936,22.71753],[104.59064,22.71623],[104.59114,22.715],[104.59048,22.71359],[104.59035,22.71252],[104.5905,22.70789],[104.59101,22.70468],[104.59089,22.70132],[104.58975,22.6972],[104.58889,22.69647],[104.58891,22.69334],[104.58773,22.69176],[104.58813,22.68946],[104.5955,22.68746],[104.5966,22.68669],[104.59752,22.68464],[104.59793,22.68162],[104.59909,22.67956],[104.60004,22.67468],[104.6028,22.67297],[104.60406,22.6707],[104.60606,22.66922],[104.60741,22.665],[104.6072,22.66414],[104.6039,22.66305],[104.60242,22.66082],[104.60094,22.66014],[104.59965,22.66002],[104.59723,22.65746],[104.5972,22.65679],[104.5964,22.65591],[104.59551,22.65402],[104.5937,22.65398],[104.59243,22.65331],[104.59192,22.65174],[104.59197,22.6507],[104.59093,22.65009],[104.58738,22.65012],[104.58612,22.64954],[104.58541,22.64852],[104.58501,22.6484],[104.5844,22.64856],[104.58342,22.6495],[104.58225,22.64937],[104.58041,22.65068],[104.57933,22.65061],[104.57782,22.65144],[104.5731,22.65136],[104.572,22.6494],[104.57188,22.64849],[104.56985,22.64695],[104.56983,22.64634],[104.56883,22.64607],[104.5684,22.64344],[104.56726,22.64195],[104.5656,22.64184],[104.56339,22.64055],[104.56152,22.64046],[104.55877,22.63973],[104.55704,22.63834],[104.55655,22.63835],[104.55514,22.63992],[104.55383,22.6408],[104.55287,22.64234],[104.54826,22.6451],[104.54677,22.64535],[104.54519,22.64508],[104.54297,22.64598],[104.53892,22.64626],[104.53678,22.6469],[104.53366,22.64671],[104.53224,22.64808],[104.53045,22.65142],[104.52771,22.65276],[104.52703,22.65332],[104.52677,22.65413],[104.5239,22.65551],[104.52189,22.6553],[104.52072,22.654],[104.51892,22.65335],[104.51729,22.65189],[104.51574,22.6513],[104.51338,22.64971],[104.51081,22.64963],[104.50896,22.65049],[104.50993,22.65208],[104.50969,22.6545],[104.51094,22.65562],[104.51136,22.6567],[104.51131,22.65784],[104.51208,22.65915],[104.51135,22.66101],[104.51147,22.66275],[104.51058,22.6637],[104.50908,22.66704],[104.50922,22.66826],[104.50871,22.66899],[104.5085,22.67032],[104.50868,22.67125],[104.50787,22.67175],[104.5077,22.67254],[104.50692,22.67296],[104.50669,22.67369],[104.50685,22.67588],[104.50535,22.67628],[104.50558,22.67714],[104.50501,22.67796],[104.50525,22.67892],[104.50804,22.67792],[104.50894,22.67828],[104.50911,22.67876],[104.50835,22.68046],[104.50835,22.68111],[104.50743,22.68148],[104.50697,22.68235],[104.50691,22.6836],[104.5063,22.68535],[104.50638,22.68672],[104.50582,22.68769],[104.50507,22.68802],[104.50436,22.69028],[104.50307,22.69157],[104.50275,22.69274],[104.50198,22.69389],[104.50195,22.69663],[104.50151,22.6979],[104.504,22.69818],[104.5058,22.69879],[104.50704,22.69876],[104.50843,22.69938],[104.50983,22.69935],[104.5119,22.70014],[104.51503,22.70038],[104.51655,22.70128],[104.51909,22.70414],[104.52088,22.70543],[104.52707,22.70693],[104.5284,22.70832],[104.5306,22.70971],[104.53468,22.71389],[104.53558,22.7156],[104.53851,22.71785],[104.53971,22.71938],[104.54186,22.72087],[104.54428,22.72094],[104.54507,22.72136],[104.54922,22.72503],[104.55025,22.72647],[104.55256,22.72663],[104.5595,22.72861],[104.56257,22.72861],[104.56696,22.72993],[104.56809,22.73072],[104.57067,22.73416],[104.57356,22.73668],[104.57629,22.73714],[104.57879,22.73705],[104.58224,22.73829],[104.58271,22.73704]]]]}},
{"type":"Feature","id":"01141","properties":{"Ward_Code":"01141","Ward_Code_Num":1141,"Ward":"Nấm Dẩn","Ward_Alt":"Nấm Dẩn","Ward_Upper":"NẤM DẨN","Ward_Full":"Xã Nấm Dẩn","Ward_Full_Alt":"Xã Nấm Dẩn","Ward_Full_Upper_Alt":"XÃ NẤM DẨN","Ward_Type":"Xã","Province_Code":"08","Province":"Tuyên Quang","Province_Upper_Alt":"TUYÊN QUANG"},"geometry":{"type":"MultiPolygon","coordinates":[[[[104.50275,22.69274],[104.50307,22.69157],[104.50436,22.69028],[104.50507,22.68802],[104.50582,22.68769],[104.50638,22.68672],[104.5063,22.68535],[104.50691,22.6836],[104.50697,22.68235],[104.50743,22.68148],[104.50835,22.68111],[104.50835,22.68046],[104.50906,22.67906],[104.50905,22.67842],[104.5084,22.67798],[104.50525,22.67892],[104.50501,22.67796],[104.50558,22.67714],[104.50535,22.67628],[104.50685,22.67588],[104.50669,22.67369],[104.50692,22.67296],[104.5077,22.67254],[104.50787,22.67175],[104.50868,22.67125],[104.5085,22.67032],[104.50871,22.66899],[104.50922,22.66826],[104.50908,22.66704],[104.51058,22.6637],[104.51147,22.66275],[104.51135,22.66101],[104.51208,22.65915],[104.51131,22.65784],[104.51136,22.6567],[104.51094,22.65562],[104.50969,22.6545],[104.50993,22.65208],[104.50896,22.65049],[104.51081,22.64963],[104.51338,22.64971],[104.51574,22.6513],[104.51729,22.65189],[104.51892,22.65335],[104.52072,22.654],[104.52189,22.6553],[104.5239,22.65551],[104.52677,22.65413],[104.52703,22.65332],[104.52771,22.65276],[104.53045,22.65142],[104.53224,22.64808],[104.53366,22.64671],[104.53678,22.6469],[104.53892,22.64626],[104.54297,22.64598],[104.54519,22.64508],[104.54779,22.64522],[104.54929,22.6446],[104.55043,22.64357],[104.55157,22.64324],[104.55287,22.64234],[104.55383,22.6408],[104.55514,22.63992],[104.55655,22.63835],[104.55704,22.63834],[104.55721,22.6363],[104.55802,22.63384],[104.55753,22.62985],[104.55806,22.62848],[104.5578,22.62469],[104.55871,22.62273],[104.55848,22.62185],[104.55874,22.62099],[104.55812,22.62035],[104.55877,22.61971],[104.5586,22.6183],[104.5575,22.61713],[104.55604,22.61434],[104.55583,22.61242],[104.55044,22.61223],[104.54902,22.61254],[104.54778,22.61208],[104.54742,22.6113],[104.54646,22.61073],[104.54574,22.60974],[104.54464,22.60915],[104.54362,22.6069],[104.54196,22.60557],[104.54135,22.60414],[104.53958,22.60242],[104.53955,22.60149],[104.53873,22.60054],[104.53753,22.60076],[104.53546,22.60058],[104.53499,22.6005],[104.53449,22.59961],[104.53338,22.59987],[104.53234,22.59934],[104.53047,22.59944],[104.52835,22.59893],[104.52732,22.59914],[104.52656,22.59869],[104.52616,22.59645],[104.52277,22.59268],[104.52178,22.59091],[104.52037,22.59011],[104.52013,22.58789],[104.51862,22.58776],[104.5166,22.58577],[104.51607,22.5856],[104.51576,22.58456],[104.51445,22.58253],[104.51103,22.57944],[104.51194,22.57676],[104.51365,22.57529],[104.51394,22.57462],[104.51292,22.57106],[104.50912,22.57094],[104.50794,22.57119],[104.50686,22.56939],[104.50582,22.56892],[104.50411,22.56876],[104.50132,22.56685],[104.49872,22.56788],[104.49692,22.56798],[104.49554,22.56952],[104.49327,22.56969],[104.49253,22.56939],[104.49108,22.56983],[104.48741,22.56989],[104.48629,22.57037],[104.48433,22.56973],[104.48289,22.56974],[104.48087,22.56924],[104.47866,22.56798],[104.47696,22.56748],[104.47602,22.56654],[104.47464,22.56597],[104.47364,22.56631],[104.47112,22.56628],[104.46937,22.56556],[104.46714,22.56513],[104.46576,22.56559],[104.46476,22.56502],[104.46098,22.56692],[104.46059,22.56858],[104.4597,22.56959],[104.45948,22.5713],[104.46071,22.57281],[104.46242,22.57308],[104.46414,22.57381],[104.46661,22.57411],[104.46674,22.57438],[104.46467,22.57826],[104.46414,22.58363],[104.46273,22.58523],[104.46297,22.58701],[104.46258,22.5882],[104.46301,22.58992],[104.46228,22.59372],[104.46288,22.59576],[104.46275,22.59696],[104.46379,22.59818],[104.45889,22.60403],[104.45954,22.60506],[104.45927,22.60598],[104.46034,22.6078],[104.45987,22.61043],[104.46042,22.61169],[104.4618,22.61246],[104.46223,22.61318],[104.46226,22.61385],[104.4616,22.61518],[104.46224,22.61598],[104.46318,22.61852],[104.46528,22.6205],[104.46619,22.62206],[104.46713,22.62238],[104.46825,22.62351],[104.4701,22.62455],[104.47133,22.6261],[104.47504,22.62894],[104.47549,22.62998],[104.47675,22.63037],[104.47991,22.63006],[104.48075,22.63063],[104.48327,22.63116],[104.48384,22.63177],[104.48289,22.63428],[104.48216,22.63509],[104.48088,22.63545],[104.48014,22.63735],[104.47863,22.63864],[104.47814,22.63995],[104.47655,22.64182],[104.47646,22.64334],[104.47541,22.64435],[104.47526,22.64528],[104.47346,22.64645],[104.47316,22.64712],[104.47259,22.64748],[104.47252,22.64862],[104.47327,22.64904],[104.4736,22.65015],[104.47348,22.65067],[104.47269,22.65123],[104.47344,22.65409],[104.47318,22.65597],[104.47294,22.65626],[104.47175,22.65641],[104.47164,22.65786],[104.47042,22.65929],[104.47019,22.66037],[104.46886,22.6625],[104.46835,22.66404],[104.46724,22.66546],[104.46705,22.66898],[104.46655,22.6694],[104.46459,22.66966],[104.46353,22.6705],[104.46316,22.6714],[104.46282,22.67379],[104.46532,22.67669],[104.46633,22.68044],[104.46651,22.68376],[104.46555,22.68565],[104.46558,22.6868],[104.46667,22.68892],[104.46664,22.68969],[104.46918,22.6904],[104.47346,22.68952],[104.47482,22.68802],[104.47617,22.68785],[104.47725,22.68816],[104.47892,22.68926],[104.48084,22.68982],[104.48504,22.69261],[104.48714,22.69344],[104.48858,22.69366],[104.49232,22.69257],[104.4959,22.6932],[104.49704,22.69412],[104.49783,22.69548],[104.50044,22.69694],[104.50151,22.6979],[104.50195,22.69663],[104.50198,22.69389],[104.50275,22.69274]]]]}},
{"type":"Feature","id":"01144","properties":{"Ward_Code":"01144","Ward_Code_Num":1144,"Ward":"Quảng Nguyên","Ward_Alt":"Quảng Nguyên","Ward_Upper":"QUẢNG NGUYÊN","Ward_Full":"Xã Quảng Nguyên","Ward_Full_Alt":"Xã Quảng Nguyên","Ward_Full_Upper_Alt":"XÃ QUẢNG NGUYÊN","Ward_Type":"Xã","Province_Code":"08","Province":"Tuyên Quang","Province_Upper_Alt":"TUYÊN QUANG"},"geometry":{"type":"MultiPolygon","coordinates":[[[[104.57825,22.6513],[104.57933,22.65061],[104.58041,22.65068],[104.58225,22.64937],[104.58342,22.6495],[104.5844,22.64856],[104.58501,22.6484],[104.58541,22.64852],[104.58612,22.64954],[104.58738,22.65012],[104.59055,22.65],[104.59197,22.6507],[104.59247,22.64843],[104.59199,22.64708],[104.59223,22.64584],[104.59287,22.6443],[104.59429,22.64288],[104.59461,22.6419],[104.59386,22.63944],[104.5942,22.63785],[104.59363,22.63661],[104.59399,22.6357],[104.59362,22.63467],[104.59212,22.63359],[104.59211,22.63289],[104.59272,22.63155],[104.59343,22.6281],[104.59583,22.62587],[104.59539,22.62499],[104.59712,22.62404],[104.5987,22.62075],[104.60066,22.61945],[104.6014,22.61834],[104.60163,22.61729],[104.60102,22.61522],[104.60224,22.61195],[104.60147,22.61048],[104.60243,22.60878],[104.60322,22.60812],[104.60386,22.60486],[104.60654,22.60425],[104.60914,22.60287],[104.61183,22.603],[104.6139,22.60262],[104.6152,22.60156],[104.61679,22.60108],[104.61837,22.59953],[104.61861,22.59842],[104.62044,22.59777],[104.62112,22.59717],[104.62051,22.59602],[104.62054,22.59498],[104.61843,22.59178],[104.61948,22.59008],[104.61969,22.58883],[104.61858,22.58716],[104.61835,22.58579],[104.6209,22.58324],[104.62138,22.58084],[104.623,22.57986],[104.62334,22.5789],[104.62226,22.57765],[104.62174,22.57488],[104.62174,22.57155],[104.6196,22.57035],[104.62013,22.56672],[104.6199,22.56565],[104.62022,22.56101],[104.61993,22.55992],[104.61896,22.55926],[104.61817,22.55747],[104.61848,22.55664],[104.61871,22.55238],[104.62031,22.54834],[104.61887,22.54414],[104.61706,22.54249],[104.61702,22.54189],[104.61629,22.54147],[104.61261,22.54177],[104.61041,22.54149],[104.60624,22.54236],[104.59927,22.54025],[104.59884,22.53982],[104.59773,22.53588],[104.59688,22.53507],[104.59389,22.53373],[104.5926,22.53161],[104.58904,22.5318],[104.58637,22.53091],[104.58213,22.53177],[104.57895,22.5318],[104.57734,22.53115],[104.57458,22.53164],[104.57198,22.53055],[104.57008,22.53085],[104.56857,22.52991],[104.56783,22.52901],[104.5648,22.52757],[104.56235,22.5283],[104.55952,22.52863],[104.55837,22.52991],[104.55671,22.5309],[104.55338,22.53213],[104.55278,22.53202],[104.55256,22.53112],[104.55154,22.53099],[104.55095,22.53034],[104.5497,22.53046],[104.54896,22.5313],[104.54773,22.53169],[104.54592,22.5342],[104.54332,22.53562],[104.54125,22.53871],[104.53975,22.54024],[104.53889,22.54176],[104.538,22.54539],[104.53584,22.54648],[104.53447,22.54804],[104.5336,22.5464],[104.53315,22.54266],[104.53018,22.54035],[104.52997,22.53944],[104.5293,22.53852],[104.52783,22.53778],[104.52708,22.53674],[104.52705,22.53585],[104.52635,22.53668],[104.52421,22.53797],[104.52152,22.54027],[104.52021,22.54168],[104.51975,22.5429],[104.51879,22.54352],[104.51713,22.54777],[104.51656,22.54814],[104.51472,22.55128],[104.51447,22.55297],[104.51344,22.55364],[104.51306,22.55613],[104.51363,22.55798],[104.514,22.56169],[104.51387,22.56594],[104.51312,22.56823],[104.51085,22.57099],[104.51307,22.57118],[104.51394,22.57462],[104.51365,22.57529],[104.51194,22.57676],[104.51103,22.57944],[104.51445,22.58253],[104.51576,22.58456],[104.51607,22.5856],[104.5166,22.58577],[104.51862,22.58776],[104.52013,22.58789],[104.52037,22.59011],[104.52178,22.59091],[104.52277,22.59268],[104.52616,22.59645],[104.52644,22.59852],[104.52681,22.59893],[104.52732,22.59914],[104.52835,22.59893],[104.53047,22.59944],[104.53234,22.59934],[104.53357,22.59989],[104.53449,22.59961],[104.53499,22.6005],[104.53659,22.60075],[104.53873,22.60054],[104.53955,22.60149],[104.53958,22.60242],[104.54135,22.60414],[104.54196,22.60557],[104.54362,22.6069],[104.54464,22.60915],[104.54574,22.60974],[104.54646,22.61073],[104.54742,22.6113],[104.54783,22.61212],[104.54902,22.61254],[104.55044,22.61223],[104.55583,22.61242],[104.55604,22.61434],[104.5575,22.61713],[104.5586,22.6183],[104.55878,22.61952],[104.55812,22.62035],[104.55874,22.62099],[104.55848,22.62185],[104.55871,22.62273],[104.55777,22.62493],[104.55806,22.62848],[104.55753,22.62985],[104.55804,22.63356],[104.55721,22.6363],[104.55704,22.63834],[104.55877,22.63973],[104.56152,22.64046],[104.56339,22.64055],[104.5656,22.64184],[104.56726,22.64195],[104.5684,22.64344],[104.56883,22.64607],[104.56983,22.64634],[104.56985,22.64695],[104.57188,22.64849],[104.572,22.6494],[104.57297,22.65129],[104.57825,22.6513]]]]}},
{"type":"Feature","id":"01147","properties":{"Ward_Code":"01147","Ward_Code_Num":1147,"Ward":"Khuôn Lùng","Ward_Alt":"Khuôn Lùng","Ward_Upper":"KHUÔN LÙNG","Ward_Full":"Xã Khuôn Lùng","Ward_Full_Alt":"Xã Khuôn Lùng","Ward_Full_Upper_Alt":"XÃ KHUÔN LÙNG","Ward_Type":"Xã","Province_Code":"08","Province":"Tuyên Quang","Province_Upper_Alt":"TUYÊN QUANG"},"geometry":{"type":"MultiPolygon","coordinates":[[[[104.44478,22.57594],[104.45045,22.57552],[104.45093,22.57446],[104.45087,22.5737],[104.45238,22.57239],[104.45265,22.57172],[104.45636,22.57319],[104.4584,22.57262],[104.45975,22.57182],[104.45948,22.5713],[104.4597,22.56959],[104.46059,22.56858],[104.46098,22.56692],[104.46484,22.56501],[104.46576,22.56559],[104.46722,22.56514],[104.46946,22.56558],[104.47112,22.56628],[104.47364,22.56631],[104.47464,22.56597],[104.47602,22.56654],[104.47696,22.56748],[104.47866,22.56798],[104.48087,22.56924],[104.48289,22.56974],[104.48433,22.56973],[104.48629,22.57037],[104.48741,22.56989],[104.49108,22.56983],[104.49253,22.56939],[104.49327,22.56969],[104.49554,22.56952],[104.49692,22.56798],[104.49872,22.56788],[104.50132,22.56685],[104.50411,22.56876],[104.50582,22.56892],[104.50686,22.56939],[104.50794,22.57119],[104.51085,22.57099],[104.51312,22.56823],[104.51387,22.56594],[104.514,22.56169],[104.51363,22.55798],[104.51306,22.55613],[104.51344,22.55364],[104.51447,22.55297],[104.51472,22.55128],[104.51656,22.54814],[104.51713,22.54777],[104.51879,22.54352],[104.51975,22.5429],[104.52021,22.54168],[104.52152,22.54027],[104.52421,22.53797],[104.52635,22.53668],[104.52705,22.53585],[104.52708,22.53674],[104.52783,22.53778],[104.5293,22.53852],[104.52997,22.53944],[104.53018,22.54035],[104.53315,22.54266],[104.5336,22.5464],[104.53447,22.54804],[104.53584,22.54648],[104.538,22.54539],[104.53923,22.54104],[104.54125,22.53871],[104.54332,22.53562],[104.54592,22.5342],[104.54773,22.53169],[104.54896,22.5313],[104.5497,22.53046],[104.55105,22.53038],[104.55154,22.53099],[104.55256,22.53112],[104.55278,22.53202],[104.55321,22.53217],[104.55671,22.5309],[104.55837,22.52991],[104.55952,22.52863],[104.56235,22.5283],[104.5648,22.52757],[104.56783,22.52901],[104.56857,22.52991],[104.57008,22.53085],[104.57198,22.53055],[104.57458,22.53164],[104.57734,22.53115],[104.57895,22.5318],[104.58213,22.53177],[104.58689,22.53091],[104.5881,22.53166],[104.58952,22.53182],[104.5926,22.53161],[104.59227,22.52964],[104.5926,22.52864],[104.59148,22.52733],[104.59067,22.52569],[104.5887,22.52366],[104.58691,22.52246],[104.58545,22.52219],[104.58418,22.5209],[104.58326,22.5205],[104.58342,22.51869],[104.57961,22.51837],[104.57839,22.51776],[104.57693,22.51753],[104.57517,22.5166],[104.57372,22.51471],[104.57313,22.51314],[104.57319,22.51163],[104.5722,22.50986],[104.56911,22.5069],[104.56679,22.50575],[104.56488,22.50405],[104.56192,22.50269],[104.56053,22.50254],[104.55935,22.50169],[104.55827,22.50137],[104.55724,22.50153],[104.55571,22.50255],[104.55385,22.50133],[104.5505,22.50058],[104.55012,22.49904],[104.54898,22.49814],[104.5494,22.49694],[104.54668,22.4955],[104.54653,22.49458],[104.54541,22.49397],[104.54695,22.49083],[104.54548,22.48896],[104.54528,22.48798],[104.54403,22.4865],[104.54373,22.48559],[104.54139,22.48406],[104.54124,22.48352],[104.54277,22.48262],[104.54313,22.48166],[104.54237,22.48114],[104.53992,22.48066],[104.53999,22.47812],[104.53937,22.4775],[104.53804,22.47758],[104.53535,22.47612],[104.53234,22.47558],[104.5316,22.47561],[104.53045,22.47633],[104.52878,22.47444],[104.52791,22.47272],[104.52684,22.47174],[104.5263,22.47044],[104.52425,22.47061],[104.52211,22.47142],[104.52122,22.47106],[104.52061,22.47039],[104.52047,22.46891],[104.51796,22.46524],[104.51718,22.46473],[104.51516,22.46488],[104.51462,22.46459],[104.5123,22.46139],[104.51037,22.46241],[104.50796,22.46297],[104.50443,22.4656],[104.50128,22.46544],[104.50047,22.46513],[104.49722,22.46556],[104.49664,22.46671],[104.49684,22.4686],[104.49568,22.4709],[104.49394,22.47127],[104.49353,22.47174],[104.49067,22.47199],[104.48848,22.47304],[104.4876,22.47314],[104.4863,22.47493],[104.48061,22.47829],[104.47802,22.47898],[104.47696,22.47994],[104.47505,22.48091],[104.47385,22.48042],[104.47205,22.47897],[104.46735,22.47666],[104.46501,22.4766],[104.46408,22.47618],[104.46504,22.47741],[104.46766,22.47857],[104.46792,22.47959],[104.47251,22.48295],[104.47157,22.48487],[104.47178,22.48644],[104.47115,22.4882],[104.46966,22.49],[104.46855,22.49033],[104.46715,22.4901],[104.46428,22.49123],[104.46239,22.49117],[104.46132,22.49255],[104.46091,22.49362],[104.4602,22.49415],[104.45721,22.49543],[104.45669,22.49489],[104.45516,22.49469],[104.45254,22.49602],[104.4516,22.49821],[104.45025,22.49905],[104.44866,22.50162],[104.44509,22.50387],[104.44522,22.50542],[104.44657,22.50754],[104.44474,22.50968],[104.44468,22.51082],[104.4451,22.51167],[104.44475,22.5132],[104.44372,22.51474],[104.44224,22.5151],[104.44166,22.51601],[104.44046,22.51681],[104.43893,22.51979],[104.43642,22.52023],[104.43552,22.52079],[104.43446,22.52301],[104.43164,22.52217],[104.42945,22.52333],[104.42832,22.52331],[104.42447,22.52433],[104.42206,22.52445],[104.42154,22.52497],[104.42135,22.52659],[104.42009,22.5286],[104.41839,22.5283],[104.41754,22.52846],[104.41482,22.53069],[104.41462,22.53271],[104.41522,22.53373],[104.41512,22.53557],[104.41678,22.53933],[104.41938,22.54104],[104.41998,22.5425],[104.4197,22.54314],[104.42156,22.54446],[104.42282,22.5487],[104.42345,22.54912],[104.42359,22.55108],[104.42278,22.55452],[104.42216,22.55632],[104.42117,22.55723],[104.42172,22.56026],[104.42338,22.563],[104.42441,22.5639],[104.42426,22.56522],[104.42469,22.56614],[104.42445,22.56711],[104.42494,22.56963],[104.42425,22.57219],[104.42526,22.57331],[104.42712,22.57339],[104.42881,22.57468],[104.43224,22.57582],[104.43291,22.57578],[104.43363,22.57518],[104.43514,22.5751],[104.43903,22.57549],[104.44059,22.57608],[104.44478,22.57594]]]]}},
{"type":"Feature","id":"01153","properties":{"Ward_Code":"01153","Ward_Code_Num":1153,"Ward":"Bắc Quang","Ward_Alt":"Bắc Quang","Ward_Upper":"BẮC QUANG","Ward_Full":"Xã Bắc Quang","Ward_Full_Alt":"Xã Bắc Quang","Ward_Full_Upper_Alt":"XÃ BẮC QUANG","Ward_Type":"Xã","Province_Code":"08","Province":"Tuyên Quang","Province_Upper_Alt":"TUYÊN QUANG"},"geometry":{"type":"MultiPolygon","coordinates":[[[[104.89014,22.48316],[104.89167,22.48184],[104.89178,22.48002],[104.89229,22.47937],[104.89421,22.47963],[104.89646,22.47806],[104.89685,22.4766],[104.8982,22.475],[104.89753,22.47193],[104.89765,22.47013],[104.89831,22.46861],[104.89953,22.46769],[104.89958,22.46711],[104.89827,22.4648],[104.89567,22.4621],[104.89573,22.45985],[104.89605,22.45894],[104.89548,22.45756],[104.89557,22.4556],[104.89642,22.45479],[104.89841,22.45421],[104.90045,22.45274],[104.9025,22.45072],[104.90374,22.44998],[104.90596,22.4471],[104.90717,22.44615],[104.91032,22.44546],[104.91324,22.44433],[104.91546,22.44401],[104.91691,22.44243],[104.91601,22.43946],[104.91801,22.4351],[104.91852,22.433],[104.91813,22.43201],[104.91675,22.43139],[104.9123,22.43153],[104.9062,22.42997],[104.90432,22.42831],[104.90322,22.42444],[104.90224,22.42322],[104.89905,22.42161],[104.89463,22.42071],[104.8934,22.41968],[104.89291,22.41775],[104.89305,22.41622],[104.89353,22.41528],[104.89439,22.41506],[104.89782,22.41605],[104.89949,22.4158],[104.90055,22.41474],[104.9014,22.41132],[104.90134,22.40978],[104.9001,22.40802],[104.8989,22.40174],[104.89843,22.3945],[104.89749,22.39306],[104.89619,22.39257],[104.89274,22.3944],[104.89102,22.39455],[104.88922,22.39421],[104.88728,22.39296],[104.88658,22.39164],[104.88744,22.38901],[104.88988,22.3856],[104.88985,22.38357],[104.88879,22.38038],[104.88908,22.37835],[104.88957,22.37765],[104.89099,22.37679],[104.89879,22.37611],[104.90272,22.3742],[104.90356,22.37328],[104.90398,22.37191],[104.90453,22.36711],[104.9044,22.36569],[104.90385,22.36415],[104.90232,22.36306],[104.90221,22.36219],[104.90297,22.36018],[104.90529,22.35962],[104.90582,22.35914],[104.90612,22.35736],[104.90562,22.3558],[104.90452,22.35575],[104.90385,22.35609],[104.9021,22.35558],[104.901,22.35488],[104.90018,22.35356],[104.89782,22.3537],[104.89454,22.35298],[104.89026,22.34945],[104.88696,22.34961],[104.88514,22.3505],[104.88151,22.3532],[104.88044,22.35343],[104.87962,22.3559],[104.87885,22.35668],[104.87767,22.35694],[104.87664,22.35626],[104.87599,22.35657],[104.87528,22.35779],[104.87524,22.35875],[104.87423,22.36005],[104.8729,22.36079],[104.87083,22.36297],[104.86981,22.36322],[104.86857,22.36282],[104.86751,22.36292],[104.8667,22.3652],[104.86556,22.36582],[104.8646,22.36698],[104.86195,22.36755],[104.86156,22.36827],[104.86079,22.3687],[104.86076,22.36998],[104.86027,22.37049],[104.85933,22.37065],[104.85817,22.37012],[104.85648,22.37052],[104.8551,22.3721],[104.85372,22.37227],[104.85235,22.37325],[104.85026,22.37348],[104.84839,22.37308],[104.84663,22.37382],[104.84618,22.37404],[104.84577,22.37511],[104.84388,22.37557],[104.84294,22.37617],[104.84208,22.37771],[104.83917,22.38054],[104.83543,22.38248],[104.82953,22.38482],[104.829,22.38485],[104.82849,22.38389],[104.82745,22.38337],[104.82627,22.38344],[104.82346,22.38514],[104.82269,22.38652],[104.82176,22.38645],[104.82045,22.38691],[104.82006,22.38822],[104.81949,22.38867],[104.8161,22.38981],[104.81472,22.39173],[104.81347,22.39116],[104.81224,22.39186],[104.81153,22.3915],[104.81069,22.39011],[104.80784,22.38762],[104.80746,22.38675],[104.80681,22.38625],[104.80668,22.38571],[104.80716,22.38426],[104.80558,22.3827],[104.80487,22.38269],[104.80424,22.38412],[104.80347,22.38465],[104.80281,22.38636],[104.80196,22.38688],[104.79926,22.39088],[104.79782,22.39237],[104.7947,22.3922],[104.79411,22.39286],[104.79267,22.39317],[104.79058,22.3924],[104.78884,22.3913],[104.786,22.393],[104.78553,22.39251],[104.78491,22.39073],[104.78497,22.39024],[104.78542,22.38994],[104.78402,22.38963],[104.78273,22.39059],[104.78176,22.39073],[104.78141,22.39295],[104.78012,22.39347],[104.78018,22.39607],[104.77956,22.39728],[104.77891,22.39778],[104.77756,22.39762],[104.77585,22.40028],[104.77407,22.40185],[104.7748,22.40401],[104.77563,22.40486],[104.77444,22.40632],[104.77149,22.40605],[104.76883,22.40714],[104.76759,22.40683],[104.76672,22.40783],[104.76608,22.40905],[104.76823,22.41129],[104.76796,22.41153],[104.76812,22.41218],[104.76688,22.41211],[104.76643,22.41265],[104.76729,22.41476],[104.76626,22.41634],[104.76584,22.4196],[104.76594,22.42122],[104.76854,22.42432],[104.76961,22.42618],[104.77064,22.42852],[104.77099,22.43082],[104.77378,22.43281],[104.77528,22.43431],[104.77641,22.43468],[104.77777,22.43797],[104.77838,22.44431],[104.77922,22.44537],[104.78232,22.4479],[104.78324,22.44811],[104.78278,22.44903],[104.78277,22.45081],[104.78184,22.45167],[104.78205,22.45431],[104.78152,22.45619],[104.77942,22.4594],[104.77962,22.46246],[104.78041,22.46314],[104.78052,22.46426],[104.78121,22.46519],[104.7823,22.46586],[104.78355,22.46616],[104.7845,22.46686],[104.785,22.46771],[104.78765,22.46892],[104.78903,22.47001],[104.79144,22.47275],[104.79199,22.47282],[104.79672,22.47072],[104.79876,22.47127],[104.80068,22.47137],[104.80186,22.47186],[104.80337,22.47156],[104.8041,22.47219],[104.80594,22.47212],[104.80649,22.47157],[104.81043,22.47023],[104.81286,22.47016],[104.8151,22.46929],[104.81726,22.46908],[104.81807,22.46816],[104.81958,22.46855],[104.82103,22.46818],[104.82166,22.46768],[104.82312,22.46764],[104.82377,22.46778],[104.82514,22.46914],[104.82824,22.47108],[104.82933,22.47253],[104.83081,22.47363],[104.83426,22.47473],[104.83931,22.4781],[104.83989,22.47942],[104.84106,22.47921],[104.84223,22.48009],[104.84501,22.48012],[104.84752,22.48058],[104.84826,22.48203],[104.85154,22.48157],[104.85668,22.48016],[104.85808,22.48034],[104.85886,22.47989],[104.85927,22.47911],[104.86138,22.47808],[104.86401,22.47757],[104.86596,22.47881],[104.86739,22.47859],[104.86953,22.4775],[104.87071,22.47801],[104.87169,22.47792],[104.8726,22.47983],[104.87296,22.48162],[104.875,22.48055],[104.8756,22.4813],[104.87655,22.48138],[104.87701,22.48112],[104.87636,22.48081],[104.87587,22.47986],[104.87616,22.4792],[104.87558,22.47906],[104.87463,22.47612],[104.87546,22.47594],[104.87752,22.47657],[104.87895,22.47665],[104.88067,22.47598],[104.88124,22.47626],[104.88164,22.47722],[104.88321,22.47881],[104.88351,22.47989],[104.88445,22.48132],[104.88472,22.4828],[104.88316,22.48344],[104.88301,22.48526],[104.88402,22.48541],[104.88888,22.48386],[104.89014,22.48316]]]]}},
{"type":"Feature","id":"01156","properties":{"Ward_Code":"01156","Ward_Code_Num":1156,"Ward":"Vĩnh Tuy","Ward_Alt":"Vĩnh Tuy","Ward_Upper":"VĨNH TUY","Ward_Full":"Xã Vĩnh Tuy","Ward_Full_Alt":"Xã Vĩnh Tuy","Ward_Full_Upper_Alt":"XÃ VĨNH TUY","Ward_Type":"Xã","Province_Code":"08","Province":"Tuyên Quang","Province_Upper_Alt":"TUYÊN QUANG"},"geometry":{"type":"MultiPolygon","coordinates":[[[[104.8654,22.32286],[104.86839,22.32281],[104.86953,22.32202],[104.87074,22.32196],[104.87225,22.32092],[104.87477,22.32021],[104.87572,22.3196],[104.87647,22.31868],[104.87696,22.31737],[104.87674,22.31653],[104.87589,22.31542],[104.87604,22.31436],[104.87716,22.31281],[104.87759,22.30986],[104.87982,22.30728],[104.88072,22.3068],[104.8824,22.30718],[104.88498,22.30667],[104.88627,22.30681],[104.88813,22.30755],[104.88885,22.30848],[104.89117,22.30927],[104.89407,22.30831],[104.89606,22.30935],[104.8957,22.31055],[104.8958,22.31171],[104.89735,22.3123],[104.89848,22.31319],[104.89866,22.3137],[104.89927,22.31393],[104.89809,22.31527],[104.90071,22.31582],[104.90258,22.31529],[104.90647,22.31316],[104.90934,22.3134],[104.91069,22.31292],[104.91212,22.31154],[104.91385,22.30817],[104.91459,22.30744],[104.91688,22.30619],[104.91766,22.30525],[104.91821,22.30351],[104.9181,22.30262],[104.91742,22.30113],[104.91535,22.29871],[104.91533,22.29772],[104.91649,22.29564],[104.91982,22.29382],[104.92141,22.29247],[104.92191,22.29077],[104.92141,22.28934],[104.92101,22.28908],[104.91943,22.28912],[104.91523,22.29065],[104.9143,22.2904],[104.91244,22.28884],[104.91114,22.28669],[104.91101,22.28466],[104.91136,22.28319],[104.91112,22.28246],[104.90816,22.28029],[104.9065,22.27603],[104.90578,22.27501],[104.90486,22.27479],[104.90191,22.27505],[104.8986,22.27638],[104.89642,22.27644],[104.89497,22.27578],[104.89278,22.27412],[104.89201,22.27285],[104.89207,22.27197],[104.8933,22.26979],[104.89743,22.26735],[104.89982,22.26507],[104.90380999999999,22.2621],[104.90696,22.25901],[104.90766,22.25772],[104.90812,22.25214],[104.90878,22.25091],[104.91152,22.24844],[104.91591,22.24815],[104.9171,22.24615],[104.91828,22.24024],[104.91687,22.23934],[104.91555,22.2393],[104.9137,22.2385],[104.91307,22.23713],[104.9122,22.23628],[104.91248,22.23382],[104.91164,22.23218],[104.91219,22.23069],[104.91142,22.22892],[104.91126,22.22673],[104.9133,22.22665],[104.91366,22.22603],[104.9118,22.2211],[104.9131,22.21998],[104.914,22.21788],[104.91404,22.21595],[104.91381,22.21535],[104.91243,22.21414],[104.91155,22.21167],[104.91001,22.21128],[104.90904,22.2116],[104.90532,22.214],[104.90514,22.21318],[104.90426,22.21202],[104.90338,22.2116],[104.9032,22.2103],[104.90380999999999,22.20635],[104.90315,22.20568],[104.90183,22.20555],[104.89927,22.20406],[104.8986,22.20216],[104.89896,22.19965],[104.89798,22.1975],[104.89716,22.19685],[104.89714,22.19524],[104.89583,22.19193],[104.89462,22.19014],[104.89566,22.18936],[104.89596,22.18788],[104.89699,22.18642],[104.89515,22.18479],[104.89474,22.18392],[104.89391,22.18342],[104.89359,22.18274],[104.89305,22.18277],[104.89159,22.18443],[104.89095,22.18448],[104.89076,22.18509],[104.88941,22.18614],[104.88847,22.18623],[104.88761,22.18551],[104.88613,22.18505],[104.88479,22.18649],[104.88358,22.18585],[104.88251,22.18459],[104.88179,22.18482],[104.88045,22.18607],[104.87892,22.1859],[104.87874,22.18695],[104.879,22.18758],[104.87816,22.18905],[104.87659,22.19008],[104.87679,22.19195],[104.87511,22.19367],[104.875,22.19457],[104.8742,22.19569],[104.8745,22.19632],[104.87615,22.19705],[104.87643,22.19866],[104.87507,22.2011],[104.87209,22.201],[104.87128,22.20151],[104.8696,22.20175],[104.86856,22.20151],[104.86762,22.20202],[104.86579,22.20212],[104.86498,22.20254],[104.86415,22.20223],[104.86323,22.20002],[104.86178,22.19886],[104.86076,22.19737],[104.86016,22.19717],[104.85834,22.19744],[104.857,22.19855],[104.85615,22.19742],[104.85498,22.19362],[104.8554,22.19241],[104.85506,22.19023],[104.85277,22.18844],[104.85095,22.18643],[104.85012,22.18619],[104.84868,22.18514],[104.8455,22.18492],[104.84367,22.18284],[104.84246,22.18231],[104.84141,22.18233],[104.84065,22.18181],[104.83988,22.17992],[104.83781,22.17966],[104.83593,22.18001],[104.83494,22.18057],[104.83467,22.18112],[104.83454,22.18064],[104.83322,22.18001],[104.83227,22.17908],[104.83093,22.1787],[104.83001,22.17753],[104.82926,22.179],[104.82936,22.17987],[104.82757,22.18135],[104.82498,22.18225],[104.82285,22.18404],[104.82155,22.18403],[104.82126,22.18462],[104.81681,22.18592],[104.8156,22.18685],[104.81451,22.1893],[104.81332,22.19059],[104.81252,22.19256],[104.81136,22.19314],[104.81034,22.19467],[104.81056,22.19799],[104.81127,22.19895],[104.81256,22.19972],[104.81289,22.20173],[104.81357,22.20317],[104.81259,22.20558],[104.81102,22.20701],[104.81143,22.20858],[104.81106,22.20998],[104.81011,22.21155],[104.81125,22.21377],[104.81254,22.21543],[104.815,22.21679],[104.81848,22.21705],[104.81889,22.2175],[104.81982,22.21774],[104.82041,22.21909],[104.82139,22.21983],[104.81995,22.22289],[104.82031,22.22423],[104.82011,22.22499],[104.82059,22.22585],[104.82016,22.22684],[104.82107,22.22857],[104.82045,22.23069],[104.82078,22.23287],[104.82018,22.23364],[104.82302,22.23407],[104.82473,22.23353],[104.82642,22.23572],[104.82931,22.23824],[104.83013,22.23948],[104.83196,22.23991],[104.83158,22.24124],[104.83221,22.24241],[104.83378,22.24276],[104.83628,22.24256],[104.83633,22.2434],[104.83665,22.24373],[104.83955,22.24465],[104.84144,22.24474],[104.84219,22.24449],[104.84318,22.24632],[104.84291,22.24814],[104.84034,22.25329],[104.83952,22.254],[104.83984,22.25627],[104.84045,22.25774],[104.83883,22.25773],[104.83658,22.25685],[104.8359,22.25746],[104.83322,22.2579],[104.83235,22.2591],[104.82996,22.25824],[104.82954,22.25842],[104.82913,22.25924],[104.8272,22.25974],[104.82327,22.25904],[104.8228,22.25982],[104.82062,22.26115],[104.81829,22.26328],[104.81536,22.26449],[104.81533,22.26676],[104.81574,22.26764],[104.81489,22.26902],[104.81444,22.2707],[104.81506,22.27131],[104.81649,22.27126],[104.81758,22.27166],[104.81914,22.27514],[104.8192,22.27767],[104.82056,22.27772],[104.82183,22.27817],[104.82247,22.27977],[104.82349,22.28076],[104.82746,22.28104],[104.82801,22.28132],[104.82886,22.2821],[104.82887,22.28326],[104.82995,22.28413],[104.83038,22.2854],[104.83309,22.28594],[104.83414,22.28768],[104.83613,22.28909],[104.83639,22.29002],[104.83832,22.2903],[104.84022,22.2913],[104.84302,22.29138],[104.84449,22.29094],[104.84659,22.29325],[104.84936,22.29409],[104.84988,22.29502],[104.84557,22.29818],[104.84521,22.29919],[104.84552,22.30025],[104.84722,22.30216],[104.84885,22.30329],[104.84995,22.3055],[104.8518,22.3053],[104.85389,22.30655],[104.8548,22.30668],[104.85564,22.30614],[104.85572,22.30519],[104.85616,22.30455],[104.85748,22.30387],[104.8584,22.30421],[104.8592,22.30556],[104.85823,22.30702],[104.85854,22.30803],[104.85789,22.30864],[104.85901,22.30964],[104.85846,22.31379],[104.85877,22.31505],[104.86017,22.31677],[104.86178,22.31781],[104.86208,22.31893],[104.86187,22.3204],[104.8624,22.32209],[104.86393,22.32356],[104.8654,22.32286]]]]}},
{"type":"Feature","id":"01165","properties":{"Ward_Code":"01165","Ward_Code_Num":1165,"Ward":"Đồng Tâm","Ward_Alt":"Đồng Tâm","Ward_Upper":"ĐỒNG TÂM","Ward_Full":"Xã Đồng Tâm","Ward_Full_Alt":"Xã Đồng Tâm","Ward_Full_Upper_Alt":"XÃ ĐỒNG TÂM","Ward_Type":"Xã","Province_Code":"08","Province":"Tuyên Quang","Province_Upper_Alt":"TUYÊN QUANG"},"geometry":{"type":"MultiPolygon","coordinates":[[[[105.02274,22.56207],[105.02315,22.56157],[105.02333,22.56016],[105.02601,22.56023],[105.02652,22.56066],[105.02974,22.56061],[105.02999,22.56022],[105.03325,22.56052],[105.03467,22.55904],[105.03802,22.55805],[105.03838,22.55664],[105.04172,22.55386],[105.04192,22.55296],[105.04363,22.55055],[105.04332,22.54847],[105.04384,22.54764],[105.04385,22.547],[105.04438,22.54672],[105.04705,22.54678],[105.04816,22.54528],[105.04936,22.54457],[105.05159,22.54086],[105.05135,22.53906],[105.05225,22.53843],[105.05367,22.53582],[105.05321,22.53508],[105.05321,22.53335],[105.05353,22.53293],[105.05475,22.53249],[105.05806,22.52954],[105.0578,22.52874],[105.05709,22.52834],[105.05718,22.52772],[105.05878,22.52653],[105.05874,22.52506],[105.05954,22.52377],[105.05983,22.52116],[105.05913,22.51978],[105.05774,22.51924],[105.05787,22.51705],[105.05653,22.51641],[105.05345,22.51577],[105.05183,22.51467],[105.05249,22.51277],[105.05461,22.51057],[105.05694,22.51066],[105.05798,22.50962],[105.05981,22.50955],[105.06171,22.51013],[105.0646,22.50992],[105.06565,22.50954],[105.06664,22.50818],[105.06875,22.50751],[105.06926,22.50648],[105.06917,22.50535],[105.07216,22.50444],[105.07263,22.50209],[105.07662,22.50018],[105.07838,22.50053],[105.07997,22.49996],[105.08149,22.49845],[105.08132,22.49613],[105.08206,22.49424],[105.08178,22.49369],[105.08188,22.49205],[105.08318,22.49139],[105.08381,22.4904],[105.0847,22.49017],[105.08479,22.48788],[105.08604,22.48568],[105.0878,22.48449],[105.088,22.48319],[105.08752,22.48219],[105.08178,22.48144],[105.07738,22.47945],[105.07595,22.47842],[105.07508,22.47654],[105.07523,22.47431],[105.07457,22.4724],[105.07451,22.46995],[105.07419,22.46937],[105.0752,22.46754],[105.07307,22.46558],[105.07238,22.46407],[105.07044,22.46371],[105.06888,22.46278],[105.06758,22.46124],[105.06667,22.45928],[105.06317,22.45691],[105.06218,22.45573],[105.06126,22.45418],[105.06133,22.45241],[105.06067,22.45072],[105.06218,22.44883],[105.06098,22.44902],[105.05852,22.4482],[105.05427,22.44796],[105.05344,22.44737],[105.05148,22.44822],[105.04914,22.44795],[105.04807,22.44726],[105.04715,22.44614],[105.04611,22.44374],[105.04355,22.44208],[105.04118,22.44177],[105.0402,22.44222],[105.039,22.44382],[105.03688,22.44471],[105.03623,22.44567],[105.03474,22.4464],[105.03443,22.44896],[105.0316,22.45114],[105.02685,22.4512],[105.02493,22.45213],[105.02164,22.45454],[105.02078,22.45436],[105.01746,22.45625],[105.01141,22.45782],[105.01001,22.45774],[105.01047,22.45852],[105.00982,22.46133],[105.0093,22.46174],[105.00977,22.4623],[105.00973,22.46275],[105.0083,22.46467],[105.00454,22.46604],[105.00389,22.46762],[105.00171,22.46856],[105.00025,22.47004],[105.00126,22.47215],[104.99876,22.47336],[104.99617,22.47342],[104.99579,22.47385],[104.9955,22.4752],[104.9947,22.47569],[104.99308,22.47589],[104.99181,22.47489],[104.98959,22.47608],[104.98813,22.47551],[104.98735,22.47577],[104.986,22.47551],[104.98433,22.47583],[104.98322,22.47568],[104.98283,22.47728],[104.98301,22.47855],[104.9803,22.48245],[104.97928,22.48314],[104.97751,22.48284],[104.97693,22.48208],[104.97671,22.481],[104.97468,22.48085],[104.97379,22.48042],[104.96944,22.48053],[104.96844,22.4809],[104.96693,22.48061],[104.96493,22.47796],[104.9609,22.4756],[104.95896,22.47536],[104.95817,22.47468],[104.95734,22.47481],[104.95557,22.47356],[104.95281,22.47398],[104.95146,22.47346],[104.94992,22.47171],[104.9482,22.47056],[104.94649,22.46852],[104.94626,22.46777],[104.94275,22.46451],[104.94186,22.46316],[104.93977,22.46376],[104.93366,22.46669],[104.93141,22.4689],[104.93067,22.46766],[104.93045,22.46656],[104.92846,22.46392],[104.92594,22.46372],[104.92398,22.46166],[104.92084,22.45945],[104.91917,22.45924],[104.91666,22.45811],[104.91483,22.45596],[104.91183,22.45501],[104.91107,22.45275],[104.91165,22.45045],[104.91219,22.44957],[104.91196,22.44876],[104.91236,22.44767],[104.91178,22.4462],[104.91195,22.4448],[104.90672,22.44642],[104.90374,22.44998],[104.9025,22.45072],[104.90045,22.45274],[104.89841,22.45421],[104.89591,22.45517],[104.89545,22.45598],[104.89556,22.45799],[104.89605,22.45894],[104.89573,22.45985],[104.89567,22.4621],[104.89827,22.4648],[104.89958,22.46711],[104.89953,22.46769],[104.89831,22.46861],[104.89765,22.47013],[104.89751,22.47175],[104.89816,22.47516],[104.89685,22.4766],[104.89646,22.47806],[104.89443,22.47955],[104.89229,22.47937],[104.89178,22.48002],[104.89167,22.48184],[104.89014,22.48316],[104.88888,22.48386],[104.88402,22.48541],[104.883,22.48525],[104.88344,22.48669],[104.88376,22.48693],[104.8848,22.48675],[104.88546,22.48729],[104.88647,22.48753],[104.88674,22.48836],[104.88776,22.48955],[104.88895,22.49283],[104.89076,22.49536],[104.89147,22.49714],[104.89326,22.49837],[104.89388,22.50138],[104.89524,22.50372],[104.89594,22.50571],[104.89723,22.50636],[104.89772,22.50744],[104.89952,22.50866],[104.90033,22.51051],[104.90056,22.51189],[104.90204,22.51365],[104.90324,22.51414],[104.904,22.51618],[104.90633,22.5181],[104.9078,22.51852],[104.90826,22.51924],[104.91037,22.52018],[104.91081,22.52121],[104.91335,22.52434],[104.91439,22.52336],[104.91505,22.52335],[104.91641,22.52405],[104.91723,22.52526],[104.91876,22.5263],[104.91858,22.52838],[104.91772,22.52927],[104.91788,22.53044],[104.91742,22.53129],[104.91834,22.53367],[104.9192,22.53539],[104.92137,22.53609],[104.92218,22.53886],[104.92248,22.54192],[104.92366,22.54362],[104.92394,22.54518],[104.92519,22.54594],[104.9256,22.54704],[104.92715,22.54721],[104.92815,22.54803],[104.92924,22.55099],[104.93065,22.5512],[104.93109,22.55169],[104.93119,22.55258],[104.9323,22.55328],[104.93348,22.55238],[104.93919,22.55108],[104.94065,22.55],[104.94299,22.55014],[104.9436,22.54988],[104.94416,22.55011],[104.94407,22.54961],[104.94835,22.54765],[104.94865,22.54682],[104.94921,22.54658],[104.95083,22.54664],[104.95269,22.54737],[104.95495,22.54557],[104.9553,22.54482],[104.95496,22.54334],[104.95297,22.53968],[104.95795,22.53839],[104.95796,22.53701],[104.96051,22.5358],[104.96305,22.53551],[104.96415,22.53472],[104.96626,22.53446],[104.9656,22.53328],[104.96658,22.53209],[104.96664,22.53102],[104.96816,22.53077],[104.96947,22.52984],[104.97283,22.52505],[104.97495,22.52445],[104.97548,22.524],[104.97602,22.52284],[104.97531,22.52165],[104.97682,22.5204],[104.97821,22.52004],[104.98049,22.52121],[104.98149,22.52141],[104.98217,22.52203],[104.98317,22.52414],[104.98371,22.52453],[104.98456,22.52414],[104.98518,22.52297],[104.9872,22.52181],[104.98815,22.5221],[104.99097,22.52114],[104.99323,22.52411],[104.99757,22.53125],[104.99715,22.53266],[104.99747,22.53304],[104.99658,22.53522],[104.99675,22.53613],[104.99514,22.53601],[104.99392,22.53672],[104.99453,22.53702],[104.99481,22.53756],[104.99413,22.53971],[104.99466,22.54176],[104.9945,22.54322],[104.9948,22.5449],[104.99396,22.5453],[104.99479,22.54716],[104.99453,22.54777],[104.99476,22.54829],[104.99655,22.54907],[104.99762,22.55208],[105.00076,22.55302],[105.00114,22.55437],[105.00237,22.55529],[105.00257,22.5568],[105.00313,22.5577],[105.00543,22.55847],[105.00806,22.55661],[105.00926,22.55615],[105.01002,22.55621],[105.01244,22.55727],[105.01358,22.55893],[105.0152,22.55972],[105.01736,22.56196],[105.01825,22.56229],[105.01973,22.56201],[105.02151,22.56264],[105.02274,22.56207]]]]}},
{"type":"Feature","id":"01171","properties":{"Ward_Code":"01171","Ward_Code_Num":1171,"Ward":"Tân Quang","Ward_Alt":"Tân Quang","Ward_Upper":"TÂN QUANG","Ward_Full":"Xã Tân Quang","Ward_Full_Alt":"Xã Tân Quang","Ward_Full_Upper_Alt":"XÃ TÂN QUANG","Ward_Type":"Xã","Province_Code":"08","Province":"Tuyên Quang","Province_Upper_Alt":"TUYÊN QUANG"},"geometry":{"type":"MultiPolygon","coordinates":[[[[104.78471,22.62107],[104.78822,22.62131],[104.78976,22.62053],[104.79064,22.62081],[104.79238,22.61995],[104.79332,22.6205],[104.79472,22.62059],[104.7969,22.62151],[104.79802,22.6213],[104.79974,22.62158],[104.80145,22.62113],[104.80238,22.6198],[104.80411,22.6196],[104.80636,22.61828],[104.80667,22.61576],[104.80744,22.6153],[104.80713,22.61448],[104.80722,22.61272],[104.80898,22.61258],[104.81,22.61165],[104.81383,22.61156],[104.81532,22.61015],[104.81655,22.60988],[104.81819,22.61022],[104.82046,22.60872],[104.82305,22.60842],[104.82411,22.60732],[104.82572,22.60671],[104.82642,22.60709],[104.82821,22.60378],[104.82962,22.60428],[104.83227,22.60393],[104.83383,22.60436],[104.83553,22.60393],[104.8374,22.60288],[104.8386,22.60289],[104.83974,22.6021],[104.83995,22.60113],[104.84091,22.60053],[104.84242,22.5988],[104.84331,22.5968],[104.84416,22.59652],[104.84448,22.59522],[104.84567,22.59501],[104.84727,22.59421],[104.84803,22.59285],[104.8497,22.59164],[104.85802,22.59257],[104.85964,22.59178],[104.861,22.5919],[104.86226,22.59139],[104.86608,22.59096],[104.8672,22.5915],[104.86792,22.5924],[104.8698,22.59278],[104.87074,22.59406],[104.87387,22.59425],[104.87603,22.59188],[104.87676,22.59156],[104.87838,22.59176],[104.87887,22.59136],[104.87956,22.58628],[104.88046,22.58318],[104.88228,22.58284],[104.88663,22.58074],[104.8877,22.57934],[104.88994,22.57818],[104.89189,22.57819],[104.89323,22.57936],[104.89624,22.58047],[104.89835,22.5827],[104.89865,22.58349],[104.8997,22.58417],[104.90018,22.58594],[104.90023,22.58784],[104.90094,22.58914],[104.9017,22.59025],[104.90794,22.59641],[104.90802,22.59733],[104.90633,22.6006],[104.90641,22.60165],[104.90714,22.60276],[104.908,22.60177],[104.90975,22.60201],[104.91048,22.6017],[104.91129,22.60113],[104.91171,22.60028],[104.91179,22.59819],[104.91047,22.59488],[104.91074,22.59364],[104.91304,22.59484],[104.91643,22.5953],[104.91686,22.59612],[104.9178,22.59641],[104.91872,22.5979],[104.91959,22.60058],[104.92134,22.59771],[104.92574,22.59395],[104.92594,22.59268],[104.92645,22.59218],[104.92824,22.59266],[104.93169,22.59092],[104.93543,22.59317],[104.93713,22.59347],[104.93827,22.59278],[104.9392,22.59278],[104.94046,22.59121],[104.94194,22.59067],[104.93942,22.5878],[104.93752,22.58495],[104.93649,22.58232],[104.93422,22.5789],[104.93409,22.57712],[104.93325,22.57473],[104.92976,22.5703],[104.92578,22.56337],[104.92704,22.56293],[104.92714,22.56188],[104.92665,22.56133],[104.92718,22.55966],[104.92934,22.55764],[104.92953,22.55586],[104.93086,22.55553],[104.93121,22.55438],[104.9323,22.55328],[104.93119,22.55258],[104.93109,22.55169],[104.93065,22.5512],[104.92924,22.55099],[104.92815,22.54803],[104.92715,22.54721],[104.9256,22.54704],[104.92519,22.54594],[104.92394,22.54518],[104.92366,22.54362],[104.92248,22.54192],[104.92218,22.53886],[104.92137,22.53609],[104.9192,22.53539],[104.91744,22.53146],[104.91788,22.53044],[104.91772,22.52927],[104.91858,22.52838],[104.91876,22.5263],[104.91723,22.52526],[104.91641,22.52405],[104.91505,22.52335],[104.91439,22.52336],[104.91335,22.52434],[104.91081,22.52121],[104.91037,22.52018],[104.90826,22.51924],[104.9078,22.51852],[104.90633,22.5181],[104.904,22.51618],[104.90324,22.51414],[104.90204,22.51365],[104.90074,22.51218],[104.89952,22.50866],[104.89772,22.50744],[104.89723,22.50636],[104.89594,22.50571],[104.89524,22.50372],[104.89388,22.50138],[104.89326,22.49837],[104.89147,22.49714],[104.89076,22.49536],[104.88895,22.49283],[104.88776,22.48955],[104.88674,22.48836],[104.88647,22.48753],[104.88546,22.48729],[104.8848,22.48675],[104.88348,22.4868],[104.883,22.48527],[104.88298,22.48393],[104.8833,22.48327],[104.88472,22.4828],[104.88452,22.4816],[104.88321,22.47881],[104.88164,22.47722],[104.88106,22.47607],[104.87895,22.47665],[104.87752,22.47657],[104.87546,22.47594],[104.87463,22.47612],[104.87558,22.47906],[104.87616,22.4792],[104.87587,22.47986],[104.87636,22.48081],[104.87701,22.48112],[104.87655,22.48138],[104.8756,22.4813],[104.875,22.48055],[104.87296,22.48162],[104.8726,22.47983],[104.87169,22.47792],[104.87071,22.47801],[104.86953,22.4775],[104.86739,22.47859],[104.86596,22.47881],[104.86401,22.47757],[104.86138,22.47808],[104.85927,22.47911],[104.85886,22.47989],[104.85808,22.48034],[104.85668,22.48016],[104.85154,22.48157],[104.84826,22.48203],[104.84752,22.48058],[104.84501,22.48012],[104.84223,22.48009],[104.84106,22.47921],[104.83989,22.47942],[104.83931,22.4781],[104.83426,22.47473],[104.83081,22.47363],[104.82933,22.47253],[104.82824,22.47108],[104.82514,22.46914],[104.82367,22.46772],[104.82166,22.46768],[104.82103,22.46818],[104.81958,22.46855],[104.81807,22.46816],[104.81726,22.46908],[104.8151,22.46929],[104.81286,22.47016],[104.81043,22.47023],[104.80649,22.47157],[104.80594,22.47212],[104.8041,22.47219],[104.80337,22.47156],[104.80186,22.47186],[104.80068,22.47137],[104.79876,22.47127],[104.79672,22.47072],[104.79199,22.47282],[104.79144,22.47275],[104.79194,22.47396],[104.79186,22.47662],[104.79288,22.47927],[104.79301,22.48391],[104.79156,22.48458],[104.79081,22.48533],[104.7878,22.48596],[104.78709,22.48684],[104.78693,22.48789],[104.78353,22.49021],[104.78227,22.49026],[104.78266,22.49344],[104.78186,22.49487],[104.78174,22.49757],[104.78202,22.49962],[104.78118,22.50156],[104.77998,22.50237],[104.7799,22.50323],[104.7791,22.50456],[104.77931,22.50538],[104.78003,22.5059],[104.78023,22.50674],[104.77902,22.50859],[104.77891,22.5093],[104.78075,22.51056],[104.78197,22.51262],[104.78125,22.51329],[104.78075,22.51504],[104.78151,22.51798],[104.78038,22.51934],[104.78134,22.52147],[104.78306,22.52359],[104.78364,22.52526],[104.78371,22.52672],[104.78446,22.52785],[104.78389,22.52902],[104.78373,22.53022],[104.78252,22.53152],[104.78222,22.53335],[104.78158,22.53449],[104.78114,22.53495],[104.78013,22.53498],[104.78138,22.53548],[104.78307,22.53671],[104.78371,22.53755],[104.7845,22.53998],[104.7869,22.5408],[104.79056,22.54068],[104.79147,22.54401],[104.79154,22.54615],[104.79219,22.5467],[104.79199,22.54867],[104.79123,22.54984],[104.79133,22.55074],[104.79057,22.55156],[104.7949,22.55145],[104.79663,22.55181],[104.7988,22.5539],[104.80189,22.55861],[104.80315,22.5593],[104.8047,22.56121],[104.80501,22.56239],[104.80454,22.5635],[104.80564,22.5665],[104.80707,22.56773],[104.80858,22.5678],[104.80928,22.5683],[104.81008,22.57141],[104.8087,22.57418],[104.80553,22.5759],[104.80432,22.57714],[104.80349,22.57879],[104.8027,22.5793],[104.80229,22.58054],[104.80273,22.58141],[104.80249,22.58356],[104.80192,22.5843],[104.80158,22.58588],[104.8005,22.58695],[104.79988,22.58695],[104.79762,22.58819],[104.79669,22.58833],[104.79456,22.59063],[104.7931,22.59135],[104.79344,22.59198],[104.79275,22.59323],[104.79247,22.59609],[104.79274,22.59794],[104.79183,22.59964],[104.79182,22.60155],[104.79145,22.60302],[104.79174,22.60441],[104.78974,22.60643],[104.79028,22.6079],[104.79032,22.60922],[104.78927,22.61029],[104.78837,22.61214],[104.78614,22.61339],[104.78575,22.6139],[104.78591,22.61726],[104.78439,22.61781],[104.78425,22.61959],[104.78311,22.62016],[104.7831,22.6209],[104.78237,22.62184],[104.78245,22.62218],[104.78471,22.62107]]]]}},
{"type":"Feature","id":"01180","properties":{"Ward_Code":"01180","Ward_Code_Num":1180,"Ward":"Bằng Hành","Ward_Alt":"Bằng Hành","Ward_Upper":"BẰNG HÀNH","Ward_Full":"Xã Bằng Hành","Ward_Full_Alt":"Xã Bằng Hành","Ward_Full_Upper_Alt":"XÃ BẰNG HÀNH","Ward_Type":"Xã","Province_Code":"08","Province":"Tuyên Quang","Province_Upper_Alt":"TUYÊN QUANG"},"geometry":{"type":"MultiPolygon","coordinates":[[[[104.98107,22.48107],[104.98303,22.47851],[104.98283,22.47728],[104.98322,22.47568],[104.98433,22.47583],[104.986,22.47551],[104.98735,22.47577],[104.98813,22.47551],[104.98959,22.47608],[104.99181,22.47489],[104.99308,22.47589],[104.9947,22.47569],[104.9955,22.4752],[104.99579,22.47385],[104.99617,22.47342],[104.99876,22.47336],[105.00126,22.47215],[105.00025,22.47004],[105.00171,22.46856],[105.00389,22.46762],[105.00454,22.46604],[105.0083,22.46467],[105.00973,22.46275],[105.00977,22.4623],[105.0093,22.46174],[105.00982,22.46133],[105.01047,22.45852],[105.01001,22.45774],[105.01141,22.45782],[105.01746,22.45625],[105.02078,22.45436],[105.02164,22.45454],[105.02493,22.45213],[105.02685,22.4512],[105.0316,22.45114],[105.03443,22.44896],[105.03465,22.44652],[105.03623,22.44567],[105.03688,22.44471],[105.03446,22.44291],[105.03235,22.44192],[105.0299,22.43962],[105.02941,22.43854],[105.02777,22.43804],[105.02629,22.4369],[105.02469,22.43431],[105.02364,22.43425],[105.02256,22.43342],[105.01993,22.43244],[105.01959,22.43105],[105.01871,22.43037],[105.01953,22.42984],[105.01908,22.42861],[105.01841,22.42835],[105.01852,22.42762],[105.01815,22.42674],[105.01856,22.42581],[105.0184,22.42505],[105.01674,22.42407],[105.01496,22.42464],[105.0134,22.42424],[105.0133,22.42396],[105.01412,22.42372],[105.0153,22.42242],[105.01755,22.42132],[105.01956,22.41944],[105.02354,22.41876],[105.02391,22.41782],[105.02349,22.41665],[105.02179,22.41548],[105.02047,22.41589],[105.01976,22.41499],[105.01808,22.41414],[105.01565,22.41197],[105.01349,22.41151],[105.01244,22.41006],[105.01124,22.40938],[105.00894,22.40888],[105.00727,22.40962],[105.00585,22.40936],[105.00481,22.40872],[105.00249,22.40967],[105.00195,22.40781],[105.00277,22.40697],[105.00269,22.4051],[105.00221,22.4044],[105.00256,22.40362],[105.00168,22.40288],[105.00182,22.40225],[105.00024,22.40133],[104.99869,22.40094],[104.99753,22.39973],[104.99506,22.39995],[104.99444,22.40155],[104.99231,22.40307],[104.99114,22.40213],[104.98651,22.40234],[104.98491,22.40157],[104.98436,22.40098],[104.98404,22.40017],[104.98424,22.39879],[104.98354,22.39788],[104.98572,22.38961],[104.98627,22.38861],[104.98541,22.38795],[104.98419,22.38536],[104.98234,22.38332],[104.98176,22.3812],[104.98174,22.37987],[104.98118,22.37954],[104.97902,22.3797],[104.97807,22.37928],[104.9773,22.37826],[104.97712,22.37438],[104.97793,22.37214],[104.97866,22.37138],[104.97857,22.37036],[104.97772,22.36863],[104.97776,22.36703],[104.97624,22.36542],[104.97582,22.36307],[104.97497,22.36282],[104.97747,22.35957],[104.97699,22.35664],[104.9775,22.3549],[104.9772,22.35368],[104.97651,22.35155],[104.97556,22.35064],[104.9736,22.34981],[104.9722,22.35036],[104.97195,22.34934],[104.97106,22.34831],[104.96894,22.34808],[104.96845,22.34726],[104.9688,22.34654],[104.96889,22.34359],[104.96848,22.33999],[104.96977,22.34017],[104.97241,22.33893],[104.97408,22.33783],[104.9756,22.33568],[104.97412,22.33257],[104.97422,22.33135],[104.97385,22.33049],[104.97576,22.32771],[104.97727,22.32639],[104.97734,22.32554],[104.97462,22.32263],[104.97331,22.32052],[104.97031,22.31896],[104.96885,22.31932],[104.96704,22.31915],[104.9644,22.31801],[104.96276,22.31811],[104.96,22.31906],[104.95928,22.31809],[104.95868,22.31789],[104.9555,22.32045],[104.94953,22.32048],[104.9473,22.323],[104.94572,22.32347],[104.94471,22.32455],[104.94445,22.32597],[104.94292,22.327],[104.94162,22.32868],[104.94085,22.33],[104.94064,22.33124],[104.93926,22.33298],[104.9392,22.33387],[104.9374,22.33499],[104.9361,22.33422],[104.93467,22.33438],[104.93439,22.33417],[104.93457,22.33274],[104.93259,22.33259],[104.9314,22.33186],[104.92946,22.33253],[104.92799,22.33363],[104.92683,22.33347],[104.92564,22.33254],[104.92318,22.33312],[104.92072,22.33292],[104.91888,22.33345],[104.91784,22.33489],[104.91473,22.3361],[104.91539,22.33665],[104.9155,22.33739],[104.91484,22.33791],[104.91469,22.33854],[104.91293,22.3393],[104.91157,22.34094],[104.91106,22.34182],[104.9112,22.343],[104.91074,22.34389],[104.91112,22.34538],[104.90947,22.34787],[104.90803,22.34839],[104.90814,22.34913],[104.90659,22.34948],[104.90384,22.34942],[104.90105,22.35024],[104.89986,22.3502],[104.89985,22.35253],[104.901,22.35488],[104.90364,22.35607],[104.90544,22.35572],[104.90601,22.35648],[104.90613,22.35776],[104.90567,22.35938],[104.90297,22.36018],[104.90221,22.36219],[104.90232,22.36306],[104.90385,22.36415],[104.9044,22.36569],[104.90453,22.36711],[104.90383,22.37266],[104.90272,22.3742],[104.89879,22.37611],[104.89099,22.37679],[104.88957,22.37765],[104.88908,22.37835],[104.88879,22.38038],[104.88985,22.38357],[104.88988,22.3856],[104.88744,22.38901],[104.88656,22.39152],[104.88718,22.39286],[104.88922,22.39421],[104.89102,22.39455],[104.89274,22.3944],[104.89619,22.39257],[104.89749,22.39306],[104.89843,22.3945],[104.8989,22.40174],[104.9001,22.40802],[104.90134,22.40978],[104.9014,22.41132],[104.90055,22.41474],[104.89949,22.4158],[104.89782,22.41605],[104.89439,22.41506],[104.89353,22.41528],[104.89305,22.41622],[104.89291,22.41775],[104.8934,22.41968],[104.89463,22.42071],[104.89905,22.42161],[104.90224,22.42322],[104.90322,22.42444],[104.90432,22.42831],[104.9062,22.42997],[104.9123,22.43153],[104.91662,22.43136],[104.91846,22.43239],[104.91801,22.4351],[104.91601,22.43946],[104.91688,22.4417],[104.91683,22.44263],[104.91526,22.44412],[104.91324,22.44433],[104.91195,22.4448],[104.91178,22.4462],[104.91236,22.44767],[104.91196,22.44876],[104.91219,22.44957],[104.91165,22.45045],[104.91107,22.45275],[104.91184,22.45502],[104.91483,22.45596],[104.91666,22.45811],[104.91917,22.45924],[104.92084,22.45945],[104.92398,22.46166],[104.92594,22.46372],[104.92846,22.46392],[104.93045,22.46656],[104.93067,22.46766],[104.93141,22.4689],[104.93366,22.46669],[104.93977,22.46376],[104.94186,22.46316],[104.94275,22.46451],[104.94626,22.46777],[104.94649,22.46852],[104.9482,22.47056],[104.94992,22.47171],[104.95146,22.47346],[104.95281,22.47398],[104.95557,22.47356],[104.95734,22.47481],[104.95817,22.47468],[104.95896,22.47536],[104.9609,22.4756],[104.96493,22.47796],[104.96693,22.48061],[104.96844,22.4809],[104.96944,22.48053],[104.97379,22.48042],[104.97468,22.48085],[104.97671,22.481],[104.97731,22.48266],[104.97857,22.48314],[104.97963,22.48308],[104.98003,22.48277],[104.98107,22.48107]]]]}},
{"type":"Feature","id":"01192","properties":{"Ward_Code":"01192","Ward_Code_Num":1192,"Ward":"Liên Hiệp","Ward_Alt":"Liên Hiệp","Ward_Upper":"LIÊN HIỆP","Ward_Full":"Xã Liên Hiệp","Ward_Full_Alt":"Xã Liên Hiệp","Ward_Full_Upper_Alt":"XÃ LIÊN HIỆP","Ward_Type":"Xã","Province_Code":"08","Province":"Tuyên Quang","Province_Upper_Alt":"TUYÊN QUANG"},"geometry":{"type":"MultiPolygon","coordinates":[[[[105.04614,22.34848],[105.04755,22.34585],[105.04898,22.34482],[105.05023,22.34117],[105.05042,22.33992],[105.05017,22.33809],[105.05184,22.33582],[105.05429,22.33634],[105.05706,22.3344],[105.0587,22.33366],[105.06014,22.33139],[105.06191,22.33016],[105.06162,22.32964],[105.06002,22.32906],[105.06108,22.32641],[105.0599,22.32541],[105.05889,22.32193],[105.05885,22.3208],[105.05981,22.31922],[105.06,22.31592],[105.05922,22.31404],[105.0597,22.31309],[105.05852,22.31354],[105.05336,22.31287],[105.05081,22.31403],[105.05004,22.31352],[105.0489,22.3135],[105.04547,22.31257],[105.04484,22.31112],[105.04557,22.30806],[105.0436,22.30661],[105.04685,22.30516],[105.04895,22.3036],[105.04962,22.30294],[105.05006,22.30067],[105.04994,22.30027],[105.04916,22.29981],[105.04967,22.29416],[105.04857,22.29247],[105.04839,22.29144],[105.0489,22.29036],[105.04882,22.28912],[105.04784,22.2869],[105.048,22.28487],[105.0467,22.28181],[105.04269,22.28098],[105.04192,22.28376],[105.04124,22.28424],[105.03902,22.28487],[105.04051,22.28656],[105.03388,22.28438],[105.03268,22.28287],[105.03201,22.28259],[105.03059,22.28267],[105.02916,22.28199],[105.02666,22.27895],[105.02547,22.27899],[105.02449,22.27812],[105.0233,22.27782],[105.02153,22.27641],[105.01891,22.27268],[105.01931,22.27204],[105.01916,22.27163],[105.01753,22.27036],[105.01488,22.26667],[105.01335,22.26725],[105.01314,22.2685],[105.01245,22.26927],[105.01,22.26791],[105.00987,22.26958],[105.00926,22.27065],[105.00695,22.27231],[105.0075,22.27262],[105.00801,22.27379],[105.00703,22.27448],[105.00775,22.27467],[105.00837,22.27621],[105.00769,22.2768],[105.00705,22.27854],[105.00769,22.28061],[105.0043,22.28246],[105.00376,22.28302],[105.00354,22.28396],[105.00378,22.28465],[105.0055,22.28539],[105.00562,22.28694],[105.00661,22.28922],[105.00588,22.29026],[105.00591,22.29107],[105.00682,22.29218],[105.00739,22.29369],[105.00862,22.29501],[105.0072,22.2959],[105.00646,22.29734],[105.00547,22.29725],[105.00515,22.29886],[105.00416,22.2988],[105.00051,22.29989],[104.99947,22.30054],[104.99884,22.30148],[104.99619,22.30166],[104.99576,22.30398],[104.99611,22.30542],[104.99561,22.30621],[104.9944,22.30704],[104.99404,22.30791],[104.99405,22.30877],[104.99479,22.3105],[104.99397,22.31205],[104.99366,22.31482],[104.99173,22.31623],[104.98778,22.31704],[104.98779,22.31816],[104.98618,22.31978],[104.9846,22.32081],[104.98497,22.32206],[104.98363,22.32401],[104.97836,22.32555],[104.97734,22.32554],[104.97727,22.32639],[104.97576,22.32771],[104.97385,22.33049],[104.97422,22.33135],[104.97412,22.33257],[104.9756,22.33568],[104.97408,22.33783],[104.97241,22.33893],[104.96999,22.34011],[104.96844,22.34011],[104.96889,22.34359],[104.9688,22.34654],[104.96845,22.34726],[104.96882,22.34801],[104.97088,22.34817],[104.97195,22.34934],[104.9722,22.35036],[104.9736,22.34981],[104.97564,22.3507],[104.97653,22.35159],[104.97744,22.35454],[104.97699,22.35664],[104.97746,22.35961],[104.97497,22.36282],[104.97582,22.36307],[104.97624,22.36542],[104.97776,22.36703],[104.97772,22.36863],[104.97857,22.37036],[104.97866,22.37138],[104.97793,22.37214],[104.97712,22.37438],[104.9773,22.37826],[104.97807,22.37928],[104.97902,22.3797],[104.98118,22.37954],[104.98174,22.37987],[104.98176,22.3812],[104.98234,22.38332],[104.98419,22.38536],[104.98541,22.38795],[104.98627,22.38861],[104.98572,22.38961],[104.98354,22.39788],[104.98424,22.39879],[104.98404,22.40017],[104.98424,22.40076],[104.98491,22.40157],[104.98651,22.40234],[104.99114,22.40213],[104.99231,22.40307],[104.99444,22.40155],[104.99506,22.39995],[104.99753,22.39973],[104.99869,22.40094],[105.00024,22.40133],[105.00182,22.40225],[105.00168,22.40288],[105.00256,22.40362],[105.00221,22.4044],[105.00269,22.4051],[105.00277,22.40697],[105.00195,22.40781],[105.00249,22.40967],[105.00481,22.40872],[105.00585,22.40936],[105.00727,22.40962],[105.00894,22.40888],[105.01124,22.40938],[105.01244,22.41006],[105.01349,22.41151],[105.01565,22.41197],[105.01808,22.41414],[105.01976,22.41499],[105.02047,22.41589],[105.02179,22.41548],[105.02349,22.41665],[105.02391,22.41782],[105.02354,22.41876],[105.01956,22.41944],[105.01755,22.42132],[105.0153,22.42242],[105.01412,22.42372],[105.01329,22.42399],[105.014,22.42453],[105.01496,22.42464],[105.01674,22.42407],[105.0184,22.42505],[105.01856,22.42581],[105.01815,22.42674],[105.01852,22.42762],[105.01841,22.42835],[105.01908,22.42861],[105.01953,22.42984],[105.01871,22.43037],[105.01959,22.43105],[105.01993,22.43244],[105.02256,22.43342],[105.02364,22.43425],[105.02469,22.43431],[105.02629,22.4369],[105.02777,22.43804],[105.02941,22.43854],[105.0299,22.43962],[105.03235,22.44192],[105.03446,22.44291],[105.03688,22.44471],[105.039,22.44382],[105.0402,22.44222],[105.04192,22.44169],[105.04355,22.44208],[105.04618,22.4438],[105.04715,22.44614],[105.04807,22.44726],[105.04914,22.44795],[105.05148,22.44822],[105.05344,22.44737],[105.05427,22.44796],[105.05852,22.4482],[105.06098,22.44902],[105.06218,22.44883],[105.06067,22.45072],[105.06133,22.45241],[105.06126,22.45418],[105.06218,22.45573],[105.06317,22.45691],[105.06667,22.45928],[105.06758,22.46124],[105.06888,22.46278],[105.07044,22.46371],[105.07238,22.46407],[105.07307,22.46558],[105.0752,22.46754],[105.07419,22.46937],[105.07451,22.46995],[105.07457,22.4724],[105.07523,22.47431],[105.07508,22.47654],[105.07595,22.47842],[105.07738,22.47945],[105.08178,22.48144],[105.08752,22.48219],[105.088,22.48319],[105.0878,22.48449],[105.09052,22.48576],[105.0929,22.48607],[105.09399,22.48732],[105.09536,22.48723],[105.09708,22.4884],[105.10032,22.48883],[105.10553,22.48848],[105.10672,22.49022],[105.10741,22.49076],[105.10808,22.49054],[105.10874,22.49012],[105.11025,22.48785],[105.11105,22.48736],[105.11154,22.48584],[105.11298,22.48443],[105.11225,22.48371],[105.11146,22.4798],[105.11147,22.47794],[105.10989,22.47433],[105.11002,22.47333],[105.11161,22.47119],[105.11168,22.4691],[105.11116,22.46779],[105.11158,22.46549],[105.11113,22.4647],[105.1132,22.46318],[105.11495,22.46238],[105.11761,22.4601],[105.11746,22.45852],[105.11789,22.45754],[105.11777,22.4557],[105.11585,22.45392],[105.11278,22.45225],[105.10847,22.45088],[105.10588,22.45046],[105.10374,22.44817],[105.10348,22.44745],[105.10151,22.44588],[105.10078,22.44479],[105.09688,22.4443],[105.09557,22.44326],[105.09392,22.44266],[105.09329,22.44174],[105.09144,22.4406],[105.09013,22.44026],[105.0885,22.44032],[105.08694,22.43904],[105.08795,22.43604],[105.08993,22.43324],[105.09168,22.43307],[105.09279,22.43173],[105.09436,22.43114],[105.09638,22.42882],[105.09654,22.42682],[105.09724,22.42464],[105.09904,22.42222],[105.10009,22.42135],[105.09956,22.41864],[105.10019,22.41758],[105.101,22.41438],[105.09921,22.41272],[105.09896,22.41091],[105.09815,22.40928],[105.09821,22.40831],[105.09659,22.40629],[105.09654,22.40566],[105.09696,22.4049],[105.09666,22.40402],[105.09511,22.4035],[105.09488,22.40249],[105.09341,22.40186],[105.09246,22.40002],[105.09234,22.39885],[105.09121,22.39605],[105.08982,22.39445],[105.08804,22.39492],[105.08436,22.39514],[105.08129,22.3968],[105.0806,22.39587],[105.07985,22.39559],[105.0783,22.39551],[105.07744,22.39596],[105.07593,22.3951],[105.07571,22.39418],[105.07287,22.39455],[105.0722,22.39528],[105.0716,22.39372],[105.07084,22.39384],[105.06957,22.39294],[105.07174,22.39092],[105.07163,22.38987],[105.07192,22.3892],[105.07398,22.3877],[105.07328,22.38736],[105.07286,22.38521],[105.07282,22.38397],[105.07362,22.38241],[105.07316,22.38174],[105.0755,22.37958],[105.07576,22.37863],[105.07563,22.3774],[105.07833,22.3755],[105.07874,22.37319],[105.08003,22.37339],[105.08095,22.37258],[105.0812,22.37166],[105.08232,22.37028],[105.08255,22.36826],[105.08333,22.36676],[105.0848,22.36451],[105.08702,22.36278],[105.08745,22.35967],[105.08604,22.35868],[105.08488,22.35584],[105.08307,22.35356],[105.08143,22.35252],[105.0768,22.35221],[105.07384,22.35419],[105.07319,22.35414],[105.07198,22.35318],[105.06548,22.35578],[105.06368,22.35578],[105.06034,22.35686],[105.05853,22.35667],[105.05738,22.35739],[105.05544,22.35638],[105.04659,22.35729],[105.04121,22.35192],[105.04614,22.34848]]]]}},
{"type":"Feature","id":"01201","properties":{"Ward_Code":"01201","Ward_Code_Num":1201,"Ward":"Hùng An","Ward_Alt":"Hùng An","Ward_Upper":"HÙNG AN","Ward_Full":"Xã Hùng An","Ward_Full_Alt":"Xã Hùng An","Ward_Full_Upper_Alt":"XÃ HÙNG AN","Ward_Type":"Xã","Province_Code":"08","Province":"Tuyên Quang","Province_Upper_Alt":"TUYÊN QUANG"},"geometry":{"type":"MultiPolygon","coordinates":[[[[104.7947,22.3922],[104.79763,22.39242],[104.79818,22.39214],[104.80196,22.38688],[104.80281,22.38636],[104.80347,22.38465],[104.80424,22.38412],[104.80487,22.38269],[104.80574,22.38275],[104.80709,22.3841],[104.80681,22.38625],[104.80746,22.38675],[104.80784,22.38762],[104.81069,22.39011],[104.81153,22.3915],[104.81224,22.39186],[104.81347,22.39116],[104.81472,22.39173],[104.8161,22.38981],[104.81949,22.38867],[104.82006,22.38822],[104.82045,22.38691],[104.82176,22.38645],[104.82269,22.38652],[104.82346,22.38514],[104.82627,22.38344],[104.82698,22.38326],[104.82826,22.38372],[104.82916,22.38487],[104.83046,22.38459],[104.83198,22.38366],[104.83543,22.38248],[104.83943,22.38038],[104.84208,22.37771],[104.84294,22.37617],[104.84388,22.37557],[104.84577,22.37511],[104.84618,22.37404],[104.84663,22.37382],[104.84839,22.37308],[104.85026,22.37348],[104.85235,22.37325],[104.85372,22.37227],[104.8551,22.3721],[104.85648,22.37052],[104.85817,22.37012],[104.85933,22.37065],[104.86027,22.37049],[104.86076,22.36998],[104.86079,22.3687],[104.86156,22.36827],[104.86195,22.36755],[104.8646,22.36698],[104.86556,22.36582],[104.8667,22.3652],[104.86751,22.36292],[104.86857,22.36282],[104.86981,22.36322],[104.87083,22.36297],[104.8729,22.36079],[104.87423,22.36005],[104.87524,22.35875],[104.87528,22.35779],[104.87599,22.35657],[104.87664,22.35626],[104.87767,22.35694],[104.87885,22.35668],[104.87962,22.3559],[104.88044,22.35343],[104.88151,22.3532],[104.88514,22.3505],[104.88696,22.34961],[104.89026,22.34945],[104.89454,22.35298],[104.89782,22.3537],[104.90018,22.35356],[104.89968,22.35148],[104.90058,22.34695],[104.90042,22.34386],[104.89914,22.34153],[104.89672,22.33935],[104.89642,22.33697],[104.8967,22.33427],[104.89757,22.33181],[104.89746,22.32999],[104.89635,22.32812],[104.89251,22.32568],[104.89154,22.32406],[104.89252,22.32263],[104.89606,22.31932],[104.8968,22.31634],[104.89927,22.31393],[104.89866,22.3137],[104.89848,22.31319],[104.89735,22.3123],[104.8958,22.31171],[104.8957,22.31055],[104.89606,22.30935],[104.89403,22.3083],[104.89226,22.30904],[104.89085,22.30922],[104.88885,22.30848],[104.88813,22.30755],[104.88627,22.30681],[104.88498,22.30667],[104.88313,22.30718],[104.8806,22.30685],[104.87982,22.30728],[104.87759,22.30986],[104.87716,22.31281],[104.87604,22.31436],[104.87589,22.31542],[104.87674,22.31653],[104.87696,22.31737],[104.87647,22.31868],[104.87572,22.3196],[104.87477,22.32021],[104.87225,22.32092],[104.87074,22.32196],[104.86953,22.32202],[104.86839,22.32281],[104.8654,22.32286],[104.86393,22.32356],[104.86235,22.32199],[104.86187,22.3204],[104.86208,22.31893],[104.86178,22.31781],[104.85967,22.31629],[104.85858,22.31446],[104.85901,22.30964],[104.85789,22.30864],[104.85854,22.30803],[104.85823,22.30702],[104.8592,22.30556],[104.8584,22.30421],[104.85748,22.30387],[104.85616,22.30455],[104.85572,22.30519],[104.85564,22.30614],[104.8548,22.30668],[104.85389,22.30655],[104.8518,22.3053],[104.84995,22.3055],[104.84885,22.30329],[104.84722,22.30216],[104.84552,22.30025],[104.84521,22.29919],[104.84557,22.29818],[104.84988,22.29502],[104.84936,22.29409],[104.84659,22.29325],[104.84449,22.29094],[104.84302,22.29138],[104.84022,22.2913],[104.83832,22.2903],[104.83639,22.29002],[104.83613,22.28909],[104.83414,22.28768],[104.83309,22.28594],[104.83038,22.2854],[104.82995,22.28413],[104.82887,22.28326],[104.82886,22.2821],[104.82801,22.28132],[104.82746,22.28104],[104.82349,22.28076],[104.82247,22.27977],[104.82183,22.27817],[104.82056,22.27772],[104.8192,22.27767],[104.81914,22.27514],[104.81745,22.27154],[104.81506,22.27131],[104.81444,22.2707],[104.81163,22.27125],[104.81003,22.27174],[104.8097,22.2729],[104.80891,22.27375],[104.80592,22.27417],[104.80493,22.27474],[104.80317,22.27424],[104.80209,22.27596],[104.7985,22.27677],[104.79686,22.27654],[104.79564,22.27526],[104.79414,22.27573],[104.79161,22.27564],[104.78966,22.27471],[104.78858,22.2737],[104.7879,22.27455],[104.78668,22.27471],[104.78496,22.27412],[104.78442,22.27338],[104.78273,22.27347],[104.78172,22.27316],[104.77775,22.27444],[104.77664,22.27545],[104.77501,22.27525],[104.77319,22.27624],[104.7718,22.27751],[104.77146,22.27861],[104.77059,22.27967],[104.77075,22.28104],[104.77222,22.28388],[104.77366,22.28525],[104.77423,22.28634],[104.77388,22.28904],[104.77488,22.29017],[104.77572,22.29413],[104.77713,22.29547],[104.77698,22.29765],[104.77609,22.29855],[104.77474,22.30311],[104.77366,22.30403],[104.77347,22.30463],[104.7751,22.30611],[104.77716,22.30672],[104.77814,22.30805],[104.77909,22.30853],[104.78065,22.31003],[104.77858,22.31249],[104.77854,22.31384],[104.77912,22.31456],[104.77935,22.3161],[104.77906,22.31812],[104.7794,22.31934],[104.77857,22.32008],[104.77824,22.32092],[104.77781,22.324],[104.77682,22.32506],[104.77789,22.32592],[104.77957,22.32633],[104.77986,22.32761],[104.78104,22.32926],[104.7811,22.33063],[104.78261,22.33184],[104.78433,22.3321],[104.78673,22.33395],[104.78565,22.33593],[104.78541,22.33704],[104.78706,22.33822],[104.7876,22.33818],[104.78831,22.3375],[104.78972,22.3373],[104.79133,22.3379],[104.79138,22.33826],[104.79026,22.34024],[104.78861,22.34168],[104.78854,22.34585],[104.78772,22.34782],[104.78743,22.34959],[104.78794,22.35189],[104.78723,22.35322],[104.78632,22.35406],[104.7849,22.35438],[104.78171,22.35374],[104.78069,22.35317],[104.77928,22.3513],[104.7785,22.35113],[104.7772,22.35201],[104.77301,22.35784],[104.77129,22.35826],[104.76891,22.35807],[104.76669,22.3571],[104.76494,22.3558],[104.76309,22.35532],[104.75902,22.35658],[104.75574,22.35799],[104.75458,22.35884],[104.75394,22.3601],[104.75469,22.36369],[104.75916,22.36492],[104.75987,22.36611],[104.75987,22.36854],[104.7605,22.3713],[104.76187,22.37193],[104.76317,22.37129],[104.76357,22.37138],[104.7643,22.3721],[104.76428,22.37279],[104.76385,22.37348],[104.76281,22.37404],[104.75753,22.37586],[104.75482,22.37741],[104.75146,22.37728],[104.74884,22.37907],[104.75176,22.37905],[104.75291,22.37973],[104.75554,22.37842],[104.75686,22.37917],[104.75833,22.38084],[104.75998,22.38152],[104.76083,22.38151],[104.76143,22.38241],[104.76273,22.38138],[104.76315,22.38148],[104.764,22.38242],[104.76393,22.38347],[104.76444,22.384],[104.76592,22.38366],[104.76648,22.38377],[104.76691,22.38434],[104.76932,22.38422],[104.77017,22.38721],[104.77042,22.38956],[104.77183,22.39193],[104.77269,22.39168],[104.77462,22.3867],[104.77672,22.38788],[104.77774,22.38791],[104.77963,22.38863],[104.78176,22.39073],[104.78273,22.39059],[104.78409,22.3896],[104.78538,22.38991],[104.78491,22.39073],[104.78553,22.39251],[104.786,22.393],[104.78872,22.39131],[104.79267,22.39317],[104.79411,22.39286],[104.7947,22.3922]]]]}},
{"type":"Feature","id":"01216","properties":{"Ward_Code":"01216","Ward_Code_Num":1216,"Ward":"Đồng Yên","Ward_Alt":"Đồng Yên","Ward_Upper":"ĐỒNG YÊN","Ward_Full":"Xã Đồng Yên","Ward_Full_Alt":"Xã Đồng Yên","Ward_Full_Upper_Alt":"XÃ ĐỒNG YÊN","Ward_Type":"Xã","Province_Code":"08","Province":"Tuyên Quang","Province_Upper_Alt":"TUYÊN QUANG"},"geometry":{"type":"MultiPolygon","coordinates":[[[[104.77088,22.2794],[104.7718,22.27751],[104.7734,22.2761],[104.77501,22.27525],[104.77664,22.27545],[104.77775,22.27444],[104.78172,22.27316],[104.78273,22.27347],[104.78442,22.27338],[104.78496,22.27412],[104.78668,22.27471],[104.7879,22.27455],[104.78858,22.2737],[104.78966,22.27471],[104.79171,22.27567],[104.79414,22.27573],[104.79564,22.27526],[104.79703,22.27659],[104.7985,22.27677],[104.80183,22.27609],[104.80242,22.27564],[104.80317,22.27424],[104.80493,22.27474],[104.80592,22.27417],[104.80858,22.27387],[104.80933,22.27351],[104.81005999999999,22.27172],[104.81444,22.2707],[104.81489,22.26902],[104.81574,22.26764],[104.81533,22.26676],[104.81536,22.26449],[104.81829,22.26328],[104.82062,22.26115],[104.8228,22.25982],[104.82327,22.25904],[104.8272,22.25974],[104.82913,22.25924],[104.82954,22.25842],[104.82996,22.25824],[104.83235,22.2591],[104.83322,22.2579],[104.8359,22.25746],[104.83658,22.25685],[104.83738,22.25737],[104.83932,22.25783],[104.84051,22.25761],[104.83984,22.25627],[104.83952,22.254],[104.84034,22.25329],[104.84277,22.24872],[104.84318,22.24632],[104.84246,22.24471],[104.84219,22.24449],[104.84144,22.24474],[104.83955,22.24465],[104.83722,22.24404],[104.83639,22.2435],[104.83616,22.24253],[104.83378,22.24276],[104.83221,22.24241],[104.83158,22.24124],[104.83196,22.23991],[104.83013,22.23948],[104.82931,22.23824],[104.82642,22.23572],[104.82473,22.23353],[104.82302,22.23407],[104.82018,22.23364],[104.82078,22.23287],[104.82045,22.23069],[104.82107,22.22857],[104.82016,22.22684],[104.82059,22.22585],[104.82011,22.22499],[104.82031,22.22423],[104.81995,22.22289],[104.82139,22.21983],[104.82041,22.21909],[104.81982,22.21774],[104.81889,22.2175],[104.81848,22.21705],[104.815,22.21679],[104.81254,22.21543],[104.81125,22.21377],[104.81011,22.21155],[104.81106,22.20998],[104.81143,22.20858],[104.81102,22.20701],[104.81259,22.20558],[104.81357,22.20317],[104.81289,22.20173],[104.81256,22.19972],[104.81127,22.19895],[104.81056,22.19799],[104.81034,22.19467],[104.81136,22.19314],[104.81252,22.19256],[104.81332,22.19059],[104.81451,22.1893],[104.8156,22.18685],[104.8171,22.18581],[104.81809,22.18444],[104.81882,22.184],[104.81918,22.18076],[104.81795,22.17845],[104.81577,22.17794],[104.81429,22.17683],[104.81426,22.17595],[104.8139,22.17554],[104.81287,22.1753],[104.81106,22.17401],[104.80834,22.17343],[104.80711,22.17193],[104.80644,22.17159],[104.8017,22.17176],[104.79981,22.17],[104.79728,22.17087],[104.79619,22.17162],[104.79396,22.17113],[104.79297,22.17189],[104.79186,22.1739],[104.79063,22.17444],[104.78933,22.17455],[104.7881,22.17382],[104.78738,22.1727],[104.78583,22.17218],[104.78399,22.17246],[104.78174,22.17133],[104.7797,22.17074],[104.77882,22.17296],[104.77732,22.17436],[104.77683,22.17555],[104.77544,22.17357],[104.77311,22.17355],[104.77071,22.17141],[104.76878,22.17198],[104.76507,22.17156],[104.76415,22.17078],[104.76354,22.16862],[104.76357,22.1676],[104.76325,22.16767],[104.76196,22.16844],[104.76098,22.16952],[104.76085,22.17163],[104.75929,22.1731],[104.75787,22.17324],[104.7572,22.17374],[104.75404,22.17769],[104.7541,22.17918],[104.75462,22.17947],[104.75752,22.17939],[104.75792,22.17962],[104.75804,22.18045],[104.75674,22.18167],[104.75624,22.18412],[104.75508,22.18557],[104.75446,22.18578],[104.7539,22.18541],[104.75147,22.18558],[104.75037,22.18608],[104.74894,22.1858],[104.74666,22.18692],[104.74294,22.1854],[104.74147,22.18532],[104.73934,22.18774],[104.73926,22.18929],[104.73851,22.1909],[104.73841,22.1926],[104.73503,22.19487],[104.7337,22.19626],[104.73366,22.19679],[104.73413,22.1976],[104.7329,22.19681],[104.73013,22.19626],[104.72744,22.19684],[104.72503,22.19839],[104.72396,22.19874],[104.72369,22.20175],[104.72321,22.20309],[104.72349,22.20367],[104.72422,22.20386],[104.72299,22.2056],[104.72358,22.20675],[104.72374,22.20799],[104.72449,22.20852],[104.72655,22.20846],[104.72772,22.20769],[104.72885,22.20746],[104.73001,22.2077],[104.73226,22.20916],[104.73462,22.20822],[104.73875,22.2078],[104.73962,22.208],[104.74046,22.20749],[104.7415,22.20581],[104.74255,22.20522],[104.74311,22.20416],[104.74618,22.20168],[104.74711,22.20137],[104.75045,22.20164],[104.75064,22.20233],[104.75581,22.20362],[104.75766,22.20463],[104.75936,22.20489],[104.76094,22.20683],[104.76212,22.20921],[104.76272,22.20951],[104.76262,22.21159],[104.76616,22.21243],[104.76824,22.21548],[104.7685,22.21614],[104.76855,22.21929],[104.76744,22.22244],[104.76583,22.22426],[104.76546,22.22688],[104.76471,22.22914],[104.76298,22.23134],[104.76159,22.23384],[104.76211,22.23657],[104.76192,22.23741],[104.7612,22.23786],[104.76053,22.23786],[104.76018,22.23847],[104.7581,22.23988],[104.75612,22.24203],[104.76256,22.2525],[104.76084,22.25416],[104.76086,22.25502],[104.75902,22.25566],[104.75775,22.25712],[104.75705,22.25745],[104.75642,22.25871],[104.755,22.25879],[104.7533,22.26018],[104.75286,22.26219],[104.75101,22.26336],[104.74986,22.265],[104.74933,22.26652],[104.74609,22.26801],[104.74404,22.26819],[104.74139,22.26958],[104.74161,22.27127],[104.74134,22.27244],[104.74339,22.27342],[104.74539,22.27351],[104.74578,22.27475],[104.74625,22.27508],[104.74752,22.27491],[104.74869,22.27539],[104.75034,22.27515],[104.75068,22.27551],[104.75061,22.27658],[104.75163,22.27883],[104.7529,22.2795],[104.75333,22.27954],[104.75585,22.27752],[104.75733,22.27772],[104.75841,22.27724],[104.76058,22.27555],[104.76336,22.27649],[104.76549,22.27529],[104.76753,22.27808],[104.76782,22.2796],[104.76963,22.27926],[104.77059,22.27967],[104.77088,22.2794]]]]}},
{"type":"Feature","id":"01225","properties":{"Ward_Code":"01225","Ward_Code_Num":1225,"Ward":"Tiên Nguyên","Ward_Alt":"Tiên Nguyên","Ward_Upper":"TIÊN NGUYÊN","Ward_Full":"Xã Tiên Nguyên","Ward_Full_Alt":"Xã Tiên Nguyên","Ward_Full_Upper_Alt":"XÃ TIÊN NGUYÊN","Ward_Type":"Xã","Province_Code":"08","Province":"Tuyên Quang","Province_Upper_Alt":"TUYÊN QUANG"},"geometry":{"type":"MultiPolygon","coordinates":[[[[104.66213,22.54893],[104.66345,22.54836],[104.66689,22.54771],[104.66774,22.54718],[104.6696,22.54711],[104.67064,22.54531],[104.67347,22.54282],[104.6752,22.54172],[104.67604,22.54016],[104.67892,22.54151],[104.67982,22.54278],[104.68194,22.54332],[104.683,22.54297],[104.68378,22.54326],[104.68504,22.54439],[104.69008,22.54405],[104.69287,22.54438],[104.69331,22.54424],[104.69387,22.5422],[104.69454,22.54197],[104.69491,22.54144],[104.6962,22.54129],[104.698,22.54243],[104.69825,22.54309],[104.69921,22.54359],[104.69945,22.54413],[104.70036,22.54431],[104.70481,22.53903],[104.70536,22.53891],[104.70714,22.53944],[104.70796,22.53918],[104.71139,22.53628],[104.71263,22.53588],[104.71598,22.53364],[104.71565,22.53223],[104.7136,22.52877],[104.714,22.52646],[104.7148,22.52562],[104.71439,22.52468],[104.71535,22.52297],[104.71536,22.52135],[104.71662,22.52099],[104.71834,22.51883],[104.72059,22.51834],[104.72208,22.51759],[104.72284,22.51617],[104.72214,22.51466],[104.7247,22.5107],[104.72398,22.50801],[104.72469,22.5063],[104.7243,22.5046],[104.72538,22.50212],[104.72628,22.50161],[104.72775,22.49903],[104.72785,22.49536],[104.72911,22.49489],[104.72997,22.49351],[104.73156,22.49214],[104.73325,22.48938],[104.73534,22.48912],[104.73633,22.48855],[104.73594,22.48708],[104.73487,22.48558],[104.73441,22.48166],[104.73354,22.4794],[104.73494,22.47478],[104.73494,22.4716],[104.7333,22.47065],[104.73199,22.46944],[104.73081,22.46725],[104.73047,22.46591],[104.72789,22.46408],[104.72632,22.46246],[104.72487,22.46044],[104.72428,22.45887],[104.72358,22.46014],[104.72224,22.46127],[104.72227,22.46368],[104.72174,22.46479],[104.72189,22.46566],[104.72154,22.46795],[104.72088,22.46913],[104.7207,22.4703],[104.71903,22.47226],[104.71807,22.47473],[104.71796,22.47608],[104.71916,22.47866],[104.71875,22.47905],[104.71889,22.48039],[104.71858,22.48105],[104.71583,22.4815],[104.71512,22.4806],[104.71386,22.48056],[104.71279,22.48002],[104.71153,22.48012],[104.70915,22.479],[104.70666,22.47949],[104.7056,22.47931],[104.70359,22.47959],[104.70128,22.47884],[104.69937,22.47883],[104.69698,22.4798],[104.69601,22.47773],[104.69336,22.47498],[104.69104,22.47396],[104.6892,22.47405],[104.68789,22.47449],[104.68616,22.47423],[104.68379,22.4722],[104.68145,22.46932],[104.67883,22.46732],[104.67989,22.46491],[104.68187,22.46288],[104.68034,22.46033],[104.67266,22.45836],[104.66877,22.45606],[104.66831,22.45547],[104.66579,22.45536],[104.66465,22.45469],[104.66397,22.45283],[104.66332,22.45254],[104.66173,22.45092],[104.65978,22.44974],[104.65915,22.44885],[104.65806,22.44823],[104.65644,22.44817],[104.65604,22.44681],[104.65552,22.4462],[104.65402,22.44531],[104.65288,22.44517],[104.6521,22.44449],[104.65103,22.44465],[104.65115,22.44341],[104.65081,22.44232],[104.65162,22.44053],[104.6518,22.43917],[104.65119,22.43799],[104.65158,22.43672],[104.64941,22.43448],[104.65047,22.43366],[104.65089,22.43244],[104.64827,22.4334],[104.64726,22.43461],[104.64557,22.43558],[104.64473,22.43776],[104.64321,22.43637],[104.64283,22.43453],[104.64187,22.43374],[104.64166,22.43228],[104.64195,22.4311],[104.6398,22.42989],[104.63874,22.4298],[104.63732,22.43119],[104.63666,22.43235],[104.6347,22.43313],[104.62959,22.43376],[104.62717,22.43313],[104.62356,22.43287],[104.61841,22.43376],[104.61669,22.43285],[104.61556,22.43264],[104.61488,22.43333],[104.61432,22.43503],[104.61343,22.43437],[104.61243,22.43174],[104.61191,22.43121],[104.60845,22.43162],[104.60808,22.43258],[104.60897,22.43361],[104.60911,22.4346],[104.60816,22.43572],[104.60678,22.43615],[104.60524,22.4355],[104.60454,22.43565],[104.60355,22.43853],[104.60393,22.43967],[104.60542,22.4411],[104.6048,22.44438],[104.60379,22.44633],[104.60526,22.44921],[104.60715,22.45142],[104.60845,22.45237],[104.61051,22.45305],[104.61197,22.45271],[104.61474,22.45349],[104.61588,22.45338],[104.6178,22.45464],[104.61898,22.45464],[104.62076,22.45547],[104.6216,22.45619],[104.62248,22.45812],[104.62271,22.45959],[104.62349,22.45985],[104.62365,22.46059],[104.62444,22.46143],[104.63052,22.46501],[104.63404,22.46614],[104.63578,22.46778],[104.63948,22.46922],[104.64054,22.47215],[104.64155,22.47292],[104.64146,22.47422],[104.64185,22.47486],[104.64061,22.47852],[104.64298,22.48128],[104.64349,22.48358],[104.64335,22.48929],[104.64266,22.49244],[104.64378,22.49464],[104.64507,22.49596],[104.64529,22.49691],[104.6441,22.50398],[104.64303,22.50742],[104.64128,22.50938],[104.64138,22.51111],[104.64112,22.51181],[104.64172,22.51456],[104.63988,22.51938],[104.63788,22.52012],[104.63756,22.52241],[104.63519,22.52265],[104.63406,22.52309],[104.63039,22.5259],[104.62902,22.52979],[104.6266,22.53136],[104.62628,22.53346],[104.6254,22.5345],[104.62479,22.53504],[104.62102,22.53621],[104.61783,22.53823],[104.6176,22.53985],[104.61602,22.54144],[104.61687,22.54174],[104.61706,22.54249],[104.61887,22.54414],[104.61952,22.54597],[104.62089,22.54522],[104.62492,22.54416],[104.62801,22.54172],[104.62952,22.54194],[104.63061,22.5417],[104.63277,22.53922],[104.6344,22.53816],[104.63697,22.53798],[104.63898,22.53826],[104.64028,22.53788],[104.64137,22.5384],[104.6431,22.53862],[104.64417,22.53936],[104.64836,22.54023],[104.64885,22.54115],[104.65074,22.54252],[104.65183,22.54418],[104.65337,22.5443],[104.65491,22.54523],[104.65587,22.5454],[104.65706,22.54662],[104.65859,22.54729],[104.66073,22.54722],[104.66111,22.54765],[104.66176,22.54772],[104.66165,22.54842],[104.66213,22.54893]]]]}},
{"type":"Feature","id":"01234","properties":{"Ward_Code":"01234","Ward_Code_Num":1234,"Ward":"Yên Thành","Ward_Alt":"Yên Thành","Ward_Upper":"YÊN THÀNH","Ward_Full":"Xã Yên Thành","Ward_Full_Alt":"Xã Yên Thành","Ward_Full_Upper_Alt":"XÃ YÊN THÀNH","Ward_Type":"Xã","Province_Code":"08","Province":"Tuyên Quang","Province_Upper_Alt":"TUYÊN QUANG"},"geometry":{"type":"MultiPolygon","coordinates":[[[[104.47802,22.47898],[104.48061,22.47829],[104.4863,22.47493],[104.4876,22.47314],[104.48848,22.47304],[104.49067,22.47199],[104.49353,22.47174],[104.49394,22.47127],[104.49568,22.4709],[104.49684,22.4686],[104.49664,22.46671],[104.49722,22.46556],[104.50047,22.46513],[104.50128,22.46544],[104.50443,22.4656],[104.50796,22.46297],[104.51037,22.46241],[104.5123,22.46139],[104.51462,22.46459],[104.51516,22.46488],[104.51718,22.46473],[104.51796,22.46524],[104.52047,22.46891],[104.52061,22.47039],[104.52122,22.47106],[104.52211,22.47142],[104.52425,22.47061],[104.52646,22.47037],[104.52674,22.46932],[104.52614,22.46557],[104.52634,22.46403],[104.52975,22.46296],[104.53112,22.46374],[104.53669,22.46349],[104.53756,22.46259],[104.53793,22.46126],[104.54029,22.46062],[104.54188,22.46098],[104.54298,22.45964],[104.54163,22.45731],[104.54246,22.4568],[104.54254,22.45581],[104.54299,22.45523],[104.54284,22.45447],[104.54383,22.4522],[104.54574,22.45205],[104.54614,22.45096],[104.54736,22.45068],[104.54877,22.44973],[104.54933,22.44982],[104.55078,22.44927],[104.55158,22.44856],[104.5518,22.4477],[104.55242,22.44694],[104.55259,22.44573],[104.55418,22.44548],[104.55584,22.44394],[104.55752,22.44426],[104.5583,22.44382],[104.55871,22.44291],[104.55939,22.44302],[104.56087,22.44256],[104.56263,22.44293],[104.56409,22.44192],[104.56601,22.44153],[104.5628,22.43482],[104.56567,22.43496],[104.56755,22.43426],[104.57031,22.43487],[104.5716,22.43485],[104.5741,22.4339],[104.57548,22.43294],[104.57596,22.43221],[104.57604,22.42976],[104.57571,22.42885],[104.57607,22.42526],[104.5751,22.42469],[104.57482,22.42356],[104.57551,22.42112],[104.57547,22.41956],[104.57404,22.41866],[104.57073,22.41796],[104.5679,22.41682],[104.56567,22.41662],[104.56694,22.4152],[104.56521,22.41446],[104.56543,22.40985],[104.56582,22.40843],[104.56499,22.40746],[104.56464,22.40363],[104.56381,22.40182],[104.56261,22.40111],[104.5612,22.39971],[104.56152,22.39839],[104.55878,22.39515],[104.55873,22.3945],[104.55992,22.39348],[104.56054,22.39154],[104.55848,22.39068],[104.55783,22.38897],[104.55656,22.38797],[104.55599,22.38463],[104.55304,22.38272],[104.55207,22.38153],[104.54914,22.38117],[104.54778,22.38168],[104.54598,22.38177],[104.54388,22.38325],[104.54138,22.3837],[104.53944,22.38452],[104.53679,22.38667],[104.53408,22.38736],[104.53351,22.38786],[104.53173,22.38844],[104.53064,22.3897],[104.52914,22.39057],[104.52795,22.3921],[104.52637,22.39165],[104.52506,22.39166],[104.52256,22.3938],[104.52124,22.39586],[104.52074,22.39618],[104.5179,22.39661],[104.51391,22.39828],[104.51226,22.39989],[104.51142,22.40137],[104.51041,22.40164],[104.50998,22.4024],[104.50872,22.40323],[104.50768,22.40543],[104.50372,22.40448],[104.50205,22.40506],[104.50118,22.40466],[104.499,22.40506],[104.49739,22.40468],[104.49592,22.40701],[104.49442,22.408],[104.4941,22.40917],[104.49296,22.41042],[104.49186,22.411],[104.49038,22.41316],[104.49025,22.41442],[104.49142,22.41608],[104.49099,22.41738],[104.49084,22.41942],[104.49052,22.41983],[104.48814,22.41981],[104.48694,22.42072],[104.48597,22.42102],[104.48291999999999,22.42121],[104.48069,22.42057],[104.47929,22.42118],[104.4784,22.42075],[104.47666,22.42151],[104.4759,22.42286],[104.47402,22.42253],[104.47028,22.42346],[104.46899,22.42341],[104.46702,22.42415],[104.46625,22.42516],[104.46461,22.43088],[104.46308,22.4325],[104.46174,22.4351],[104.46101,22.43578],[104.45907,22.43616],[104.45708,22.43773],[104.45549,22.4402],[104.45493,22.44204],[104.45334,22.44331],[104.45186,22.44603],[104.45021,22.4477],[104.44908,22.44974],[104.44904,22.45022],[104.44978,22.45102],[104.44983,22.4517],[104.44918,22.45436],[104.44852,22.45476],[104.44836,22.45533],[104.44869,22.46093],[104.44965,22.46149],[104.45034,22.46269],[104.45253,22.46313],[104.45309,22.46368],[104.45616,22.4641],[104.45657,22.46599],[104.45841,22.46826],[104.4605,22.47018],[104.46382,22.47206],[104.46429,22.47396],[104.46408,22.47618],[104.46445,22.47641],[104.46735,22.47666],[104.47205,22.47897],[104.4749,22.48089],[104.47696,22.47994],[104.47802,22.47898]]]]}},
{"type":"Feature","id":"01237","properties":{"Ward_Code":"01237","Ward_Code_Num":1237,"Ward":"Quang Bình","Ward_Alt":"Quang Bình","Ward_Upper":"QUANG BÌNH","Ward_Full":"Xã Quang Bình","Ward_Full_Alt":"Xã Quang Bình","Ward_Full_Upper_Alt":"XÃ QUANG BÌNH","Ward_Type":"Xã","Province_Code":"08","Province":"Tuyên Quang","Province_Upper_Alt":"TUYÊN QUANG"},"geometry":{"type":"MultiPolygon","coordinates":[[[[104.6107,22.54148],[104.61261,22.54177],[104.61602,22.54144],[104.6176,22.53985],[104.61783,22.53823],[104.62102,22.53621],[104.62479,22.53504],[104.6254,22.5345],[104.62628,22.53346],[104.6266,22.53136],[104.62902,22.52979],[104.6302,22.52614],[104.63224,22.52424],[104.63519,22.52265],[104.63766,22.52232],[104.63788,22.52012],[104.63988,22.51938],[104.64172,22.51456],[104.64112,22.51181],[104.64138,22.51111],[104.64128,22.50938],[104.64303,22.50742],[104.6441,22.50398],[104.64529,22.49691],[104.64507,22.49596],[104.64378,22.49464],[104.64266,22.49244],[104.64335,22.48929],[104.64349,22.48358],[104.64298,22.48128],[104.64061,22.47852],[104.64185,22.47486],[104.64146,22.47422],[104.64155,22.47292],[104.64054,22.47215],[104.63954,22.46931],[104.63578,22.46778],[104.63404,22.46614],[104.63052,22.46501],[104.62444,22.46143],[104.62365,22.46059],[104.62349,22.45985],[104.62271,22.45959],[104.62248,22.45812],[104.6216,22.45619],[104.62076,22.45547],[104.61898,22.45464],[104.6178,22.45464],[104.61588,22.45338],[104.61474,22.45349],[104.61197,22.45271],[104.61051,22.45305],[104.60822,22.45227],[104.60715,22.45142],[104.60526,22.44921],[104.60379,22.44633],[104.6048,22.44438],[104.60542,22.44126],[104.60393,22.43967],[104.60355,22.43853],[104.60454,22.43565],[104.60524,22.4355],[104.6067,22.43616],[104.60816,22.43572],[104.60919,22.43415],[104.60808,22.43258],[104.60819,22.4318],[104.61124,22.43118],[104.61221,22.43145],[104.61343,22.43437],[104.61432,22.43503],[104.61488,22.43333],[104.61556,22.43264],[104.61669,22.43285],[104.61819,22.43375],[104.61973,22.43372],[104.62356,22.43287],[104.63086,22.43371],[104.63311,22.43313],[104.6347,22.43313],[104.63661,22.43239],[104.63732,22.43119],[104.63874,22.4298],[104.6398,22.42989],[104.64195,22.4311],[104.64324,22.43037],[104.64538,22.42982],[104.64666,22.42803],[104.64861,22.42685],[104.64908,22.42596],[104.65025,22.42544],[104.65071,22.4242],[104.65138,22.42368],[104.65151,22.42289],[104.65274,22.42258],[104.65324,22.42063],[104.654,22.41984],[104.65564,22.4192],[104.6559,22.41831],[104.65516,22.41718],[104.65337,22.41608],[104.65189,22.41572],[104.65096,22.41436],[104.64986,22.41377],[104.64959,22.41238],[104.6501,22.41145],[104.6498,22.41097],[104.65015,22.41054],[104.64996,22.40969],[104.64868,22.40699],[104.64679,22.40648],[104.64649,22.4058],[104.64654,22.40323],[104.64601,22.40241],[104.64694,22.4005],[104.64646,22.39903],[104.6458,22.39837],[104.64434,22.39828],[104.643,22.39892],[104.64122,22.40031],[104.64026,22.40195],[104.6375,22.40528],[104.63611,22.40605],[104.6359,22.40686],[104.63229,22.408],[104.63058,22.40967],[104.62783,22.41162],[104.62664,22.41195],[104.62634,22.41244],[104.62468,22.41323],[104.62131,22.41273],[104.619,22.40985],[104.61864,22.40698],[104.61749,22.40638],[104.61619,22.40627],[104.61178,22.40414],[104.61018,22.40505],[104.60916,22.40444],[104.60803,22.402],[104.60616,22.40139],[104.60592,22.39965],[104.60545,22.39894],[104.60336,22.39912],[104.60269,22.39873],[104.6042,22.39654],[104.60422,22.39548],[104.60544,22.39482],[104.60512,22.39305],[104.60336,22.39107],[104.60348,22.39046],[104.6031,22.38988],[104.60202,22.3895],[104.60082,22.38967],[104.60038,22.38865],[104.59836,22.38681],[104.5974,22.38602],[104.59627,22.38564],[104.59433,22.38552],[104.59319,22.38482],[104.5923,22.38485],[104.5914,22.38424],[104.58969,22.3841],[104.58837,22.38346],[104.58684,22.38403],[104.58205,22.38448],[104.57647,22.38246],[104.57561,22.3816],[104.57476,22.38048],[104.57485,22.37961],[104.5756,22.37833],[104.57342,22.37753],[104.57328,22.37722],[104.57345,22.37467],[104.57246,22.37168],[104.57244,22.36753],[104.57185,22.36606],[104.57343,22.36414],[104.5745,22.36205],[104.57458,22.36129],[104.57106,22.3579],[104.56952,22.35548],[104.56768,22.35572],[104.56434,22.35379],[104.56217,22.3548],[104.55796,22.3551],[104.55534,22.3534],[104.55326,22.35377],[104.55276,22.35415],[104.55235,22.3554],[104.54867,22.35719],[104.5467,22.36088],[104.55002,22.36676],[104.55336,22.37064],[104.55375,22.37193],[104.55262,22.37527],[104.54968,22.3783],[104.55304,22.38272],[104.55617,22.38483],[104.55649,22.38784],[104.55783,22.38897],[104.55828,22.3905],[104.56054,22.39154],[104.55992,22.39348],[104.55893,22.39418],[104.55872,22.39496],[104.55935,22.39611],[104.56152,22.39839],[104.5612,22.39971],[104.56261,22.40111],[104.56372,22.40172],[104.56438,22.4028],[104.56499,22.40746],[104.56582,22.40843],[104.56543,22.40985],[104.56521,22.41446],[104.56694,22.4152],[104.56567,22.41662],[104.5679,22.41682],[104.57073,22.41796],[104.57404,22.41866],[104.57547,22.41956],[104.57551,22.42112],[104.57482,22.42356],[104.5751,22.42469],[104.57607,22.42526],[104.57571,22.42885],[104.57604,22.42976],[104.57595,22.4323],[104.57503,22.43337],[104.5716,22.43485],[104.57031,22.43487],[104.56755,22.43426],[104.56567,22.43496],[104.5628,22.43482],[104.56601,22.44153],[104.56409,22.44192],[104.56263,22.44293],[104.56087,22.44256],[104.55939,22.44302],[104.55871,22.44291],[104.5583,22.44382],[104.55752,22.44426],[104.55584,22.44394],[104.55418,22.44548],[104.55259,22.44573],[104.55242,22.44694],[104.5518,22.4477],[104.55158,22.44856],[104.55078,22.44927],[104.54933,22.44982],[104.54877,22.44973],[104.54736,22.45068],[104.54614,22.45096],[104.54574,22.45205],[104.54383,22.4522],[104.54284,22.45447],[104.54299,22.45523],[104.54254,22.45581],[104.54246,22.4568],[104.54163,22.45731],[104.54298,22.45964],[104.54188,22.46098],[104.54029,22.46062],[104.53793,22.46126],[104.53756,22.46259],[104.53669,22.46349],[104.53112,22.46374],[104.52975,22.46296],[104.52634,22.46403],[104.52614,22.46557],[104.52674,22.46956],[104.5263,22.47044],[104.52684,22.47174],[104.52791,22.47272],[104.52878,22.47444],[104.53045,22.47633],[104.5316,22.47561],[104.53234,22.47558],[104.53535,22.47612],[104.53804,22.47758],[104.53937,22.4775],[104.53999,22.47812],[104.53992,22.48066],[104.54237,22.48114],[104.54313,22.48166],[104.54277,22.48262],[104.54124,22.48352],[104.5413,22.48383],[104.5419,22.48458],[104.54373,22.48559],[104.54403,22.4865],[104.54528,22.48798],[104.54548,22.48896],[104.54695,22.49083],[104.54534,22.4938],[104.54653,22.49458],[104.54668,22.4955],[104.5494,22.49694],[104.54898,22.49814],[104.55012,22.49904],[104.5505,22.50058],[104.55385,22.50133],[104.55571,22.50255],[104.55775,22.50139],[104.55918,22.50163],[104.56053,22.50254],[104.56192,22.50269],[104.56488,22.50405],[104.56679,22.50575],[104.56911,22.5069],[104.5722,22.50986],[104.57319,22.51163],[104.57313,22.51314],[104.57372,22.51471],[104.57517,22.5166],[104.57693,22.51753],[104.57839,22.51776],[104.57961,22.51837],[104.58309,22.51849],[104.58353,22.51906],[104.58326,22.5205],[104.58418,22.5209],[104.58572,22.52234],[104.58691,22.52246],[104.58789,22.52302],[104.59067,22.52569],[104.59148,22.52733],[104.5926,22.52864],[104.59227,22.52964],[104.59264,22.53177],[104.59389,22.53373],[104.59688,22.53507],[104.59773,22.53588],[104.59909,22.54016],[104.60112,22.54061],[104.60271,22.54149],[104.60624,22.54236],[104.6107,22.54148]]]]}},
{"type":"Feature","id":"01243","properties":{"Ward_Code":"01243","Ward_Code_Num":1243,"Ward":"Tân Trịnh","Ward_Alt":"Tân Trịnh","Ward_Upper":"TÂN TRỊNH","Ward_Full":"Xã Tân Trịnh","Ward_Full_Alt":"Xã Tân Trịnh","Ward_Full_Upper_Alt":"XÃ TÂN TRỊNH","Ward_Type":"Xã","Province_Code":"08","Province":"Tuyên Quang","Province_Upper_Alt":"TUYÊN QUANG"},"geometry":{"type":"MultiPolygon","coordinates":[[[[104.71883,22.4808],[104.7187,22.47932],[104.71914,22.47846],[104.71796,22.47608],[104.71807,22.47473],[104.71903,22.47226],[104.7207,22.4703],[104.72088,22.46913],[104.72154,22.46795],[104.72189,22.46566],[104.72174,22.46479],[104.72227,22.46368],[104.72224,22.46127],[104.72358,22.46014],[104.72428,22.45887],[104.72421,22.45639],[104.72544,22.45413],[104.7249,22.44967],[104.72507,22.44846],[104.72707,22.44661],[104.72745,22.44553],[104.72871,22.44412],[104.72893,22.44305],[104.73396,22.44112],[104.73588,22.43912],[104.73708,22.43856],[104.73797,22.43858],[104.7398,22.43928],[104.74164,22.44091],[104.74281,22.44211],[104.74384,22.44418],[104.74486,22.44506],[104.74547,22.44618],[104.74735,22.44736],[104.74834,22.45],[104.74995,22.45095],[104.75373,22.45411],[104.76056,22.45653],[104.76322,22.45866],[104.76556,22.45881],[104.76926,22.46055],[104.7766,22.46234],[104.77748,22.46274],[104.77817,22.46353],[104.77934,22.46344],[104.77991,22.46436],[104.78072,22.46466],[104.78041,22.46314],[104.77952,22.46218],[104.77971,22.46122],[104.77936,22.46083],[104.77962,22.45996],[104.77942,22.4594],[104.78152,22.45619],[104.78205,22.45431],[104.78184,22.45167],[104.78277,22.45081],[104.78278,22.44903],[104.78324,22.44811],[104.78232,22.4479],[104.77922,22.44537],[104.77838,22.44431],[104.77777,22.43797],[104.77641,22.43468],[104.77528,22.43431],[104.77378,22.43281],[104.77099,22.43082],[104.77064,22.42852],[104.76961,22.42618],[104.76854,22.42432],[104.76623,22.42175],[104.76584,22.4196],[104.76626,22.41634],[104.76729,22.41476],[104.76643,22.41265],[104.76688,22.41211],[104.76812,22.41218],[104.76796,22.41153],[104.76823,22.41129],[104.76608,22.40896],[104.76759,22.40683],[104.76883,22.40714],[104.77149,22.40605],[104.77429,22.40639],[104.77562,22.40496],[104.7748,22.40401],[104.77407,22.40185],[104.77585,22.40028],[104.77756,22.39762],[104.77891,22.39778],[104.77956,22.39728],[104.78018,22.39607],[104.78012,22.39347],[104.78141,22.39295],[104.78175,22.39056],[104.77963,22.38863],[104.77774,22.38791],[104.77672,22.38788],[104.77462,22.3867],[104.77269,22.39168],[104.77183,22.39193],[104.77042,22.38956],[104.77017,22.38721],[104.76932,22.38422],[104.76691,22.38434],[104.76648,22.38377],[104.76592,22.38366],[104.76444,22.384],[104.76393,22.38347],[104.764,22.38242],[104.76296,22.38139],[104.76143,22.38241],[104.76083,22.38151],[104.75998,22.38152],[104.75833,22.38084],[104.75686,22.37917],[104.75554,22.37842],[104.75291,22.37973],[104.75176,22.37905],[104.74917,22.37919],[104.74869,22.37868],[104.7484,22.37706],[104.74782,22.37678],[104.74175,22.37722],[104.74065,22.37609],[104.73996,22.37596],[104.73779999999999,22.37638],[104.73679,22.37586],[104.73419,22.3764],[104.73308,22.37616],[104.72941,22.37624],[104.72904,22.3754],[104.72675,22.37438],[104.72437,22.37263],[104.72253,22.37044],[104.72031,22.37001],[104.7168,22.37262],[104.7151,22.37224],[104.71457,22.37178],[104.71227,22.37145],[104.71058,22.37306],[104.71011,22.37391],[104.70781,22.37503],[104.70822,22.37635],[104.70663,22.37687],[104.70504,22.37798],[104.70431,22.37868],[104.70394,22.37966],[104.70107,22.37953],[104.69919,22.38008],[104.69826,22.37953],[104.69642,22.38032],[104.69486,22.38001],[104.69231,22.38044],[104.6909,22.3812],[104.68924,22.37999],[104.68612,22.3808],[104.68383,22.37996],[104.67943,22.3804],[104.67778,22.38118],[104.67662,22.38216],[104.67439,22.38246],[104.66986,22.38384],[104.66858,22.3837],[104.66606,22.38638],[104.6629,22.38787],[104.66053,22.38857],[104.65779,22.38795],[104.65685,22.38924],[104.65637,22.39062],[104.65511,22.39137],[104.65262,22.38913],[104.64888,22.39034],[104.64689,22.39164],[104.64625,22.39256],[104.64451,22.39401],[104.64493,22.39568],[104.64466,22.39755],[104.64632,22.39884],[104.64694,22.4005],[104.64601,22.40241],[104.64654,22.40323],[104.64663,22.40628],[104.64868,22.40699],[104.64996,22.40969],[104.65015,22.41054],[104.6498,22.41097],[104.6501,22.41145],[104.64959,22.41238],[104.64986,22.41377],[104.65096,22.41436],[104.65189,22.41572],[104.65337,22.41608],[104.65516,22.41718],[104.65593,22.41863],[104.65556,22.41926],[104.65373,22.42006],[104.65298,22.42108],[104.65274,22.42258],[104.65151,22.42289],[104.65138,22.42368],[104.65071,22.4242],[104.65025,22.42544],[104.64908,22.42596],[104.64861,22.42685],[104.64666,22.42803],[104.64538,22.42982],[104.64324,22.43037],[104.64195,22.4311],[104.64166,22.43228],[104.64185,22.43368],[104.64283,22.43453],[104.64321,22.43637],[104.64473,22.43776],[104.64557,22.43558],[104.64726,22.43461],[104.64827,22.4334],[104.65089,22.43244],[104.65047,22.43366],[104.64941,22.43448],[104.65158,22.43672],[104.65119,22.43799],[104.6518,22.43917],[104.65162,22.44053],[104.65081,22.44232],[104.65115,22.44341],[104.65103,22.44465],[104.6521,22.44449],[104.65288,22.44517],[104.65402,22.44531],[104.65552,22.4462],[104.65604,22.44681],[104.65644,22.44817],[104.65806,22.44823],[104.65915,22.44885],[104.65978,22.44974],[104.66173,22.45092],[104.66332,22.45254],[104.66397,22.45283],[104.66465,22.45469],[104.66579,22.45536],[104.66831,22.45547],[104.66877,22.45606],[104.67266,22.45836],[104.67771,22.45947],[104.6804,22.46038],[104.68187,22.46288],[104.67989,22.46491],[104.67881,22.46728],[104.68145,22.46932],[104.68379,22.4722],[104.68616,22.47423],[104.68789,22.47449],[104.6892,22.47405],[104.69104,22.47396],[104.69314,22.47486],[104.69468,22.47609],[104.69601,22.47773],[104.69698,22.4798],[104.69937,22.47883],[104.70128,22.47884],[104.70359,22.47959],[104.7056,22.47931],[104.70666,22.47949],[104.70915,22.479],[104.71153,22.48012],[104.71279,22.48002],[104.71386,22.48056],[104.71512,22.4806],[104.71593,22.48152],[104.71766,22.4814],[104.71883,22.4808]]]]}},
{"type":"Feature","id":"01246","properties":{"Ward_Code":"01246","Ward_Code_Num":1246,"Ward":"Bằng Lang","Ward_Alt":"Bằng Lang","Ward_Upper":"BẰNG LANG","Ward_Full":"Xã Bằng Lang","Ward_Full_Alt":"Xã Bằng Lang","Ward_Full_Upper_Alt":"XÃ BẰNG LANG","Ward_Type":"Xã","Province_Code":"08","Province":"Tuyên Quang","Province_Upper_Alt":"TUYÊN QUANG"},"geometry":{"type":"MultiPolygon","coordinates":[[[[104.636,22.40652],[104.63614,22.40602],[104.63791,22.40481],[104.64129,22.40024],[104.64394,22.39837],[104.6458,22.39837],[104.64466,22.39755],[104.64493,22.39568],[104.64453,22.39392],[104.64625,22.39256],[104.64689,22.39164],[104.64888,22.39034],[104.65276,22.38914],[104.6535,22.39016],[104.65511,22.39137],[104.65637,22.39062],[104.65685,22.38924],[104.65779,22.38795],[104.66053,22.38857],[104.6629,22.38787],[104.66606,22.38638],[104.66858,22.3837],[104.66986,22.38384],[104.67439,22.38246],[104.67662,22.38216],[104.67778,22.38118],[104.67943,22.3804],[104.68383,22.37996],[104.68612,22.3808],[104.68924,22.37999],[104.6909,22.3812],[104.69231,22.38044],[104.69486,22.38001],[104.69642,22.38032],[104.69826,22.37953],[104.69919,22.38008],[104.70107,22.37953],[104.70394,22.37966],[104.70431,22.37868],[104.70504,22.37798],[104.70663,22.37687],[104.70822,22.37635],[104.70781,22.37503],[104.71011,22.37391],[104.71058,22.37306],[104.71227,22.37145],[104.71457,22.37178],[104.7151,22.37224],[104.7168,22.37262],[104.7193,22.37101],[104.72006,22.37008],[104.72164,22.3701],[104.72253,22.37044],[104.72437,22.37263],[104.72675,22.37438],[104.72904,22.3754],[104.72941,22.37624],[104.73308,22.37616],[104.73419,22.3764],[104.73679,22.37586],[104.73779999999999,22.37638],[104.73996,22.37596],[104.74065,22.37609],[104.74175,22.37722],[104.74734,22.37671],[104.7484,22.37706],[104.74884,22.37907],[104.75128,22.37734],[104.75283,22.37717],[104.75476,22.37743],[104.75753,22.37586],[104.76004,22.37517],[104.76385,22.37348],[104.76436,22.37233],[104.76357,22.37138],[104.76156,22.37192],[104.76042,22.37116],[104.75987,22.36854],[104.75987,22.36611],[104.75936,22.36513],[104.75859,22.36461],[104.7549,22.36389],[104.75398,22.36063],[104.7526,22.36071],[104.7517,22.35968],[104.75056,22.35913],[104.749,22.35503],[104.74676,22.35257],[104.74529,22.35168],[104.74505,22.35062],[104.74378,22.34829],[104.74406,22.34742],[104.74216,22.3467],[104.74006,22.34444],[104.74068,22.34132],[104.7399,22.34042],[104.73803,22.33934],[104.73772,22.33863],[104.73785,22.33743],[104.73517,22.3354],[104.73444,22.33399],[104.73409,22.33276],[104.73432,22.32996],[104.73514,22.32811],[104.73494,22.32707],[104.73656,22.32549],[104.73635,22.32243],[104.73668,22.32063],[104.73639,22.31976],[104.73733,22.31824],[104.73737,22.31544],[104.7355,22.31618],[104.73406,22.31535],[104.73304,22.31375],[104.73207,22.31298],[104.73011,22.31386],[104.72925,22.31374],[104.72763,22.31296],[104.72595,22.31262],[104.72466,22.31174],[104.72182,22.3128],[104.71958,22.3128],[104.71819,22.3143],[104.71785,22.3154],[104.71672,22.31549],[104.71436,22.31432],[104.71202,22.3124],[104.71129,22.30991],[104.71063,22.30998],[104.70885,22.3124],[104.70747,22.31256],[104.70786,22.3134],[104.70954,22.31455],[104.70857,22.31594],[104.70962,22.31797],[104.70979,22.31901],[104.70954,22.3197],[104.70753,22.32075],[104.70686,22.32217],[104.70755,22.32471],[104.70656,22.326],[104.70653,22.32818],[104.70484,22.32942],[104.70039,22.32931],[104.69967,22.33028],[104.69828,22.32997],[104.69725,22.32871],[104.69589,22.33144],[104.69462,22.3322],[104.69316,22.33183],[104.69247,22.33224],[104.69186,22.33317],[104.69031,22.3335],[104.68902,22.33308],[104.68703,22.3313],[104.68535,22.33128],[104.68376,22.33069],[104.68265,22.33244],[104.68128,22.33208],[104.67997,22.33286],[104.67765,22.33286],[104.67588,22.33224],[104.67513,22.33127],[104.67284,22.3316],[104.67251,22.33105],[104.67277,22.3299],[104.67202,22.32983],[104.67116,22.33008],[104.67039,22.33128],[104.66901,22.33141],[104.66819,22.332],[104.66718,22.33192],[104.66715,22.33338],[104.66404,22.3345],[104.6634,22.33503],[104.66254,22.33506],[104.66112,22.33395],[104.65741,22.33522],[104.65645,22.33477],[104.65469,22.33644],[104.6542,22.33643],[104.6535,22.3358],[104.65252,22.33598],[104.65214,22.33658],[104.65215,22.33796],[104.65155,22.34017],[104.65237,22.34042],[104.65288,22.34222],[104.65195,22.34263],[104.65191,22.34344],[104.65164,22.34363],[104.64995,22.3436],[104.64966,22.3446],[104.64819,22.34589],[104.65058,22.34726],[104.65177,22.34861],[104.65176,22.34955],[104.65262,22.35191],[104.6533,22.35266],[104.65229,22.3549],[104.6508,22.35511],[104.65015,22.35436],[104.64912,22.35442],[104.64587,22.35281],[104.64266,22.35326],[104.64119,22.35124],[104.64068,22.34998],[104.64056,22.3486],[104.64092,22.34797],[104.63957,22.34702],[104.63815,22.34473],[104.6368,22.34421],[104.63647,22.34352],[104.63372,22.34146],[104.63328,22.34144],[104.63055,22.34305],[104.62956,22.34125],[104.62682,22.33882],[104.6256,22.33843],[104.62445,22.33662],[104.62403,22.33532],[104.61626,22.33582],[104.61431,22.33384],[104.61288,22.33001],[104.61039,22.32961],[104.60913,22.32864],[104.60714,22.32857],[104.60353,22.32513],[104.60147,22.326],[104.59839,22.32548],[104.59682,22.32717],[104.59511,22.32787],[104.59457,22.32777],[104.59386,22.32717],[104.59305,22.3252],[104.59273,22.32152],[104.59135,22.3203],[104.59171,22.31883],[104.59069,22.31702],[104.58897,22.31734],[104.5863,22.31664],[104.58459,22.31684],[104.58298,22.31661],[104.58111,22.31565],[104.57914,22.31321],[104.57851,22.31586],[104.5768,22.31614],[104.57587,22.31742],[104.57348,22.31958],[104.5732,22.32129],[104.57245,22.32184],[104.57245,22.32439],[104.57284,22.32571],[104.57193,22.32558],[104.57099,22.32596],[104.56856,22.32824],[104.56427,22.33043],[104.56472,22.33183],[104.56584,22.3333],[104.56749,22.3344],[104.56876,22.33611],[104.57171,22.33826],[104.57309,22.34246],[104.57777,22.34269],[104.57869,22.34326],[104.58114,22.34586],[104.57965,22.35009],[104.57849,22.35101],[104.57701,22.35149],[104.57548,22.35357],[104.57455,22.35402],[104.57242,22.35365],[104.56934,22.35541],[104.57217,22.35917],[104.57458,22.36129],[104.5745,22.36205],[104.57343,22.36414],[104.57185,22.36606],[104.57244,22.36753],[104.57246,22.37168],[104.57345,22.37467],[104.57333,22.37739],[104.5756,22.37833],[104.57485,22.37961],[104.57476,22.38048],[104.57647,22.38246],[104.57849,22.38299],[104.58179,22.38442],[104.58504,22.38431],[104.58837,22.38346],[104.58969,22.3841],[104.5914,22.38424],[104.5923,22.38485],[104.59319,22.38482],[104.59433,22.38552],[104.59627,22.38564],[104.5974,22.38602],[104.59836,22.38681],[104.60038,22.38865],[104.60082,22.38967],[104.60202,22.3895],[104.6031,22.38988],[104.60348,22.39046],[104.60336,22.39107],[104.60512,22.39305],[104.60544,22.39482],[104.60422,22.39548],[104.6042,22.39654],[104.60269,22.39873],[104.60336,22.39912],[104.60545,22.39894],[104.60592,22.39965],[104.60616,22.40139],[104.60803,22.402],[104.60916,22.40444],[104.61018,22.40505],[104.61178,22.40414],[104.61619,22.40627],[104.61749,22.40638],[104.61864,22.40698],[104.619,22.40985],[104.62131,22.41273],[104.62402,22.41327],[104.62527,22.41309],[104.62664,22.41195],[104.62783,22.41162],[104.63058,22.40967],[104.63229,22.408],[104.6354,22.40717],[104.636,22.40652]]]]}},
{"type":"Feature","id":"01255","properties":{"Ward_Code":"01255","Ward_Code_Num":1255,"Ward":"Xuân Giang","Ward_Alt":"Xuân Giang","Ward_Upper":"XUÂN GIANG","Ward_Full":"Xã Xuân Giang","Ward_Full_Alt":"Xã Xuân Giang","Ward_Full_Upper_Alt":"XÃ XUÂN GIANG","Ward_Type":"Xã","Province_Code":"08","Province":"Tuyên Quang","Province_Upper_Alt":"TUYÊN QUANG"},"geometry":{"type":"MultiPolygon","coordinates":[[[[104.65151,22.3549],[104.65229,22.3549],[104.6533,22.35266],[104.65262,22.35191],[104.65176,22.34955],[104.65177,22.34861],[104.65058,22.34726],[104.64819,22.34589],[104.64966,22.3446],[104.64995,22.3436],[104.65164,22.34363],[104.65191,22.34344],[104.65195,22.34263],[104.65288,22.34222],[104.65237,22.34042],[104.65155,22.34017],[104.65237,22.33606],[104.6535,22.3358],[104.6542,22.33643],[104.65469,22.33644],[104.65645,22.33477],[104.65741,22.33522],[104.66112,22.33395],[104.66254,22.33506],[104.6634,22.33503],[104.66404,22.3345],[104.66715,22.33338],[104.66718,22.33192],[104.66819,22.332],[104.66901,22.33141],[104.67039,22.33128],[104.67116,22.33008],[104.67202,22.32983],[104.67277,22.3299],[104.67251,22.33105],[104.67284,22.3316],[104.67513,22.33127],[104.67588,22.33224],[104.67765,22.33286],[104.67997,22.33286],[104.68128,22.33208],[104.68265,22.33244],[104.68376,22.33069],[104.68535,22.33128],[104.68703,22.3313],[104.68902,22.33308],[104.69031,22.3335],[104.69186,22.33317],[104.69247,22.33224],[104.69316,22.33183],[104.69462,22.3322],[104.69589,22.33144],[104.69725,22.32871],[104.69828,22.32997],[104.69967,22.33028],[104.70039,22.32931],[104.70484,22.32942],[104.70653,22.32818],[104.70656,22.326],[104.70755,22.32471],[104.70686,22.32217],[104.70753,22.32075],[104.70954,22.3197],[104.70979,22.31901],[104.70962,22.31797],[104.70857,22.31594],[104.70954,22.31455],[104.70786,22.3134],[104.70747,22.31256],[104.70885,22.3124],[104.71043,22.31008],[104.71129,22.30991],[104.71202,22.3124],[104.71382,22.31394],[104.71672,22.31549],[104.71785,22.3154],[104.71819,22.3143],[104.71958,22.3128],[104.71841,22.31137],[104.71787,22.30968],[104.71778,22.30681],[104.71685,22.30634],[104.71475,22.30443],[104.71073,22.30464],[104.71033,22.30486],[104.70994,22.30616],[104.70835,22.30655],[104.70768,22.30744],[104.70665,22.30809],[104.70572,22.30799],[104.70469,22.30729],[104.70349,22.30757],[104.7029,22.3083],[104.70092,22.30893],[104.69949,22.31098],[104.69642,22.31161],[104.69383,22.31347],[104.69179,22.31318],[104.69073,22.31206],[104.69074,22.31125],[104.68996,22.3097],[104.68935,22.30675],[104.68729,22.30582],[104.6857,22.30596],[104.68461,22.30538],[104.68391,22.30412],[104.68232,22.30402],[104.67888,22.30258],[104.67706,22.30102],[104.67666,22.29958],[104.67454,22.29828],[104.67209,22.29726],[104.66991,22.29724],[104.67053,22.29606],[104.67128,22.29561],[104.67143,22.29503],[104.67078,22.29401],[104.6706,22.29305],[104.66992,22.28624],[104.66852,22.28356],[104.66914,22.28181],[104.66909,22.28092],[104.66988,22.27915],[104.67023,22.27701],[104.6681,22.27643],[104.66627,22.2766],[104.66538,22.27474],[104.66537,22.27386],[104.66434,22.27347],[104.66077,22.2731],[104.65853,22.27404],[104.65648,22.27514],[104.6561,22.2761],[104.65472,22.2775],[104.65267,22.27756],[104.65213,22.27885],[104.65092,22.28023],[104.65023,22.28054],[104.64781,22.27976],[104.64485,22.27956],[104.64284,22.27697],[104.64185,22.27636],[104.64013,22.27804],[104.63855,22.27806],[104.63786,22.28027],[104.63292,22.28355],[104.63167,22.28389],[104.62978,22.28642],[104.62875,22.28722],[104.6233,22.28808],[104.62056,22.28706],[104.61728,22.28656],[104.61641,22.287],[104.6148,22.28976],[104.61376,22.29082],[104.61268,22.29121],[104.61086,22.2913],[104.60922,22.29268],[104.60676,22.29218],[104.60617,22.29173],[104.60609,22.2908],[104.60362,22.28817],[104.60219,22.28594],[104.60209,22.28465],[104.60074,22.28314],[104.60088,22.28173],[104.60061,22.281],[104.59905,22.28016],[104.59867,22.27866],[104.59791,22.27738],[104.59617,22.27671],[104.59548,22.27423],[104.59438,22.27282],[104.59399,22.27132],[104.59122,22.27076],[104.59044,22.26992],[104.58945,22.26949],[104.58795,22.26695],[104.58769,22.26597],[104.58568,22.26395],[104.58549,22.2627],[104.58584,22.26184],[104.58542,22.26002],[104.58652,22.25833],[104.58662,22.25564],[104.58646,22.25311],[104.58592,22.25147],[104.58495,22.25096],[104.5795,22.2521],[104.57815,22.25155],[104.57597,22.24993],[104.57525,22.2472],[104.57528,22.2461],[104.57325,22.24432],[104.57282,22.24357],[104.57194,22.24411],[104.56921,22.24486],[104.56259,22.24363],[104.55965,22.24192],[104.55723,22.24133],[104.55398,22.24119],[104.55338,22.24129],[104.55258,22.24197],[104.5515,22.24192],[104.55082,22.24365],[104.55068,22.24511],[104.54941,22.24799],[104.5482,22.24915],[104.54877,22.25019],[104.54866,22.25191],[104.54786,22.25261],[104.5486,22.25341],[104.54801,22.25647],[104.54606,22.25879],[104.54621,22.26082],[104.54682,22.26278],[104.5466,22.26479],[104.54606,22.26518],[104.5459,22.26727],[104.54487,22.26966],[104.5448,22.27213],[104.54515,22.2735],[104.54454,22.27557],[104.54481,22.27661],[104.54435,22.27737],[104.54737,22.2785],[104.54825,22.2793],[104.54931,22.2814],[104.55262,22.28383],[104.55416,22.28419],[104.55875,22.28341],[104.56092,22.2843],[104.56143,22.28602],[104.56287,22.28651],[104.56345,22.28797],[104.56447,22.28836],[104.5655,22.28947],[104.56552,22.29235],[104.56768,22.29469],[104.56924,22.29712],[104.57306,22.29938],[104.57614,22.30041],[104.57892,22.30317],[104.57866,22.30392],[104.57967,22.30488],[104.57997,22.3057],[104.57985,22.30657],[104.57932,22.30722],[104.57971,22.30975],[104.57914,22.31321],[104.5804,22.31494],[104.58174,22.31609],[104.58298,22.31661],[104.58459,22.31684],[104.5863,22.31664],[104.58897,22.31734],[104.59069,22.31702],[104.59171,22.31883],[104.59135,22.3203],[104.59273,22.32152],[104.59305,22.3252],[104.59386,22.32717],[104.59445,22.32769],[104.59511,22.32787],[104.59656,22.32732],[104.59839,22.32548],[104.60147,22.326],[104.60353,22.32513],[104.60714,22.32857],[104.60913,22.32864],[104.61039,22.32961],[104.61288,22.33001],[104.61431,22.33384],[104.61626,22.33582],[104.62403,22.33532],[104.62445,22.33662],[104.6256,22.33843],[104.62682,22.33882],[104.62956,22.34125],[104.63055,22.34305],[104.63328,22.34144],[104.63372,22.34146],[104.63647,22.34352],[104.6368,22.34421],[104.63815,22.34473],[104.63957,22.34702],[104.64092,22.34797],[104.64056,22.3486],[104.64068,22.34998],[104.64119,22.35124],[104.64266,22.35326],[104.64587,22.35281],[104.64912,22.35442],[104.65015,22.35436],[104.6508,22.35511],[104.65151,22.3549]]]]}},
{"type":"Feature","id":"01261","properties":{"Ward_Code":"01261","Ward_Code_Num":1261,"Ward":"Tiên Yên","Ward_Alt":"Tiên Yên","Ward_Upper":"TIÊN YÊN","Ward_Full":"Xã Tiên Yên","Ward_Full_Alt":"Xã Tiên Yên","Ward_Full_Upper_Alt":"XÃ TIÊN YÊN","Ward_Type":"Xã","Province_Code":"08","Province":"Tuyên Quang","Province_Upper_Alt":"TUYÊN QUANG"},"geometry":{"type":"MultiPolygon","coordinates":[[[[104.75398,22.36063],[104.75426,22.35926],[104.75574,22.35799],[104.75928,22.35648],[104.76309,22.35532],[104.76494,22.3558],[104.76669,22.3571],[104.76891,22.35807],[104.77129,22.35826],[104.77301,22.35784],[104.77699,22.35227],[104.7784,22.35115],[104.77928,22.3513],[104.78069,22.35317],[104.78171,22.35374],[104.7849,22.35438],[104.78632,22.35406],[104.78723,22.35322],[104.78794,22.35189],[104.78743,22.34959],[104.78772,22.34782],[104.78854,22.34585],[104.78861,22.34168],[104.79026,22.34024],[104.79143,22.338],[104.78972,22.3373],[104.78831,22.3375],[104.7876,22.33818],[104.78706,22.33822],[104.78541,22.33704],[104.78565,22.33593],[104.78673,22.33395],[104.78433,22.3321],[104.78261,22.33184],[104.7811,22.33063],[104.78104,22.32926],[104.77986,22.32761],[104.77957,22.32633],[104.77789,22.32592],[104.77682,22.32506],[104.77781,22.324],[104.77824,22.32092],[104.77857,22.32008],[104.7794,22.31934],[104.77906,22.31812],[104.77935,22.3161],[104.77912,22.31456],[104.77854,22.31384],[104.77858,22.31249],[104.78064,22.30993],[104.77814,22.30805],[104.77716,22.30672],[104.7751,22.30611],[104.7735,22.30473],[104.77358,22.30413],[104.77474,22.30311],[104.77609,22.29855],[104.77698,22.29765],[104.77713,22.29547],[104.77572,22.29413],[104.77488,22.29017],[104.77388,22.28904],[104.77423,22.28634],[104.77366,22.28525],[104.77222,22.28388],[104.77097,22.2816],[104.77059,22.27967],[104.76963,22.27926],[104.76782,22.2796],[104.76753,22.27808],[104.76549,22.27529],[104.76336,22.27649],[104.76058,22.27555],[104.75841,22.27724],[104.75733,22.27772],[104.75585,22.27752],[104.75333,22.27954],[104.7529,22.2795],[104.75163,22.27883],[104.75061,22.27658],[104.75068,22.27551],[104.75034,22.27515],[104.74869,22.27539],[104.74752,22.27491],[104.74625,22.27508],[104.74578,22.27475],[104.74539,22.27351],[104.74339,22.27342],[104.74134,22.27244],[104.74161,22.27127],[104.74139,22.26958],[104.74404,22.26819],[104.74609,22.26801],[104.74933,22.26652],[104.74986,22.265],[104.75101,22.26336],[104.75286,22.26219],[104.7533,22.26018],[104.755,22.25879],[104.75642,22.25871],[104.75705,22.25745],[104.75775,22.25712],[104.75902,22.25566],[104.76086,22.25502],[104.76084,22.25416],[104.76256,22.2525],[104.75612,22.24203],[104.7581,22.23988],[104.76018,22.23847],[104.76053,22.23786],[104.76189,22.23747],[104.76211,22.23657],[104.76159,22.23384],[104.76298,22.23134],[104.76471,22.22914],[104.76546,22.22688],[104.76583,22.22426],[104.76744,22.22244],[104.76858,22.21915],[104.76824,22.21548],[104.76616,22.21243],[104.76262,22.21159],[104.76272,22.20951],[104.76212,22.20921],[104.76094,22.20683],[104.75936,22.20489],[104.75766,22.20463],[104.75581,22.20362],[104.75064,22.20233],[104.75045,22.20164],[104.74711,22.20137],[104.74468,22.20266],[104.74311,22.20416],[104.74255,22.20522],[104.7415,22.20581],[104.74046,22.20749],[104.73962,22.208],[104.73875,22.2078],[104.73462,22.20822],[104.73226,22.20916],[104.72969,22.20755],[104.72828,22.20751],[104.72655,22.20846],[104.72502,22.2086],[104.72395,22.20828],[104.7237,22.2079],[104.72284,22.21012],[104.71996,22.21501],[104.72054,22.21618],[104.72296,22.2179],[104.72446,22.22008],[104.72605,22.22092],[104.72939,22.22498],[104.72959,22.22588],[104.72921,22.22832],[104.72802,22.22957],[104.72873,22.23036],[104.72897,22.23327],[104.72997,22.23368],[104.73128,22.232],[104.73187,22.23181],[104.73237,22.23264],[104.73342,22.23318],[104.73144,22.23616],[104.73021,22.23664],[104.7289,22.23826],[104.72925,22.24022],[104.72867,22.24248],[104.72776,22.24355],[104.72816,22.2445],[104.72778,22.24557],[104.72623,22.24532],[104.72576,22.24602],[104.72329,22.24612],[104.72319,22.24828],[104.72228,22.25132],[104.72256,22.2532],[104.72348,22.2539],[104.72363,22.25457],[104.72337,22.25561],[104.72189,22.25777],[104.71941,22.2581],[104.71737,22.26085],[104.71463,22.26177],[104.70725,22.26129],[104.70617,22.26098],[104.70562,22.26146],[104.70445,22.26406],[104.70315,22.2641],[104.70174,22.26363],[104.69951,22.26392],[104.69558,22.26243],[104.69406,22.26288],[104.6923,22.26294],[104.69166,22.26279],[104.69107,22.2619],[104.69029,22.2615],[104.68868,22.26156],[104.68705,22.26119],[104.6858,22.2617],[104.6842,22.26184],[104.67938,22.2643],[104.6769,22.26442],[104.67647,22.26493],[104.67645,22.26776],[104.67426,22.2703],[104.67421,22.27231],[104.67242,22.27263],[104.67162,22.27327],[104.67005,22.27677],[104.67028,22.27727],[104.66988,22.27915],[104.66909,22.28092],[104.66914,22.28181],[104.66852,22.28356],[104.66992,22.28624],[104.6706,22.29305],[104.67078,22.29401],[104.67143,22.29503],[104.67128,22.29561],[104.67053,22.29606],[104.66991,22.29724],[104.67209,22.29726],[104.67454,22.29828],[104.67666,22.29958],[104.67706,22.30102],[104.67888,22.30258],[104.68232,22.30402],[104.68391,22.30412],[104.68461,22.30538],[104.6857,22.30596],[104.68729,22.30582],[104.68935,22.30675],[104.68996,22.3097],[104.69074,22.31125],[104.69073,22.31206],[104.69179,22.31318],[104.69383,22.31347],[104.69642,22.31161],[104.69964,22.3109],[104.70092,22.30893],[104.7029,22.3083],[104.70349,22.30757],[104.70469,22.30729],[104.70572,22.30799],[104.70665,22.30809],[104.70768,22.30744],[104.70835,22.30655],[104.70994,22.30616],[104.71042,22.30474],[104.71269,22.30472],[104.71393,22.30432],[104.71482,22.30447],[104.71685,22.30634],[104.71778,22.30681],[104.71787,22.30968],[104.71841,22.31137],[104.71958,22.3128],[104.72182,22.3128],[104.72466,22.31174],[104.72595,22.31262],[104.72763,22.31296],[104.72925,22.31374],[104.73011,22.31386],[104.73207,22.31298],[104.73304,22.31375],[104.73406,22.31535],[104.7355,22.31618],[104.73737,22.31544],[104.73733,22.31824],[104.73639,22.31976],[104.73668,22.32063],[104.73635,22.32243],[104.73656,22.32549],[104.73494,22.32707],[104.73514,22.32811],[104.73462,22.32886],[104.73427,22.33029],[104.73409,22.33276],[104.73431,22.33368],[104.73517,22.3354],[104.73785,22.33743],[104.73772,22.33863],[104.73803,22.33934],[104.7399,22.34042],[104.74068,22.34132],[104.74006,22.34444],[104.74216,22.3467],[104.74406,22.34742],[104.74378,22.34829],[104.74505,22.35062],[104.74529,22.35168],[104.74676,22.35257],[104.749,22.35503],[104.75056,22.35913],[104.7517,22.35968],[104.7526,22.36071],[104.75398,22.36063]]]]}},
{"type":"Feature","id":"02212","properties":{"Ward_Code":"02212","Ward_Code_Num":2212,"Ward":"Nông Tiến","Ward_Alt":"Nông Tiến","Ward_Upper":"NÔNG TIẾN","Ward_Full":"Phường Nông Tiến","Ward_Full_Alt":"Phường Nông Tiến","Ward_Full_Upper_Alt":"PHƯỜNG NÔNG TIẾN","Ward_Type":"Phường","Province_Code":"08","Province":"Tuyên Quang","Province_Upper_Alt":"TUYÊN QUANG"},"geometry":{"type":"MultiPolygon","coordinates":[[[[105.21916,21.81672],[105.22425,21.82401],[105.22461,21.8262],[105.22418,21.82831],[105.22361,21.82949],[105.2209,21.83048],[105.21699,21.83079],[105.21421,21.83176],[105.2023,21.83817],[105.19826,21.84104],[105.19262,21.84415],[105.19033,21.84579],[105.18818,21.84817],[105.18714,21.85002],[105.18709,21.85237],[105.18951,21.85126],[105.19192,21.84906],[105.19329,21.84967],[105.19441,21.85077],[105.1942,21.85196],[105.19466,21.85282],[105.1959,21.85292],[105.19661,21.85244],[105.19907,21.85239],[105.20004,21.85318],[105.20164,21.85378],[105.20208,21.85546],[105.2027,21.85621],[105.20288,21.85758],[105.20362,21.85821],[105.20427,21.85951],[105.2061,21.86001],[105.20721,21.85961],[105.2083,21.85818],[105.20925,21.85863],[105.21006,21.85844],[105.21216,21.8594],[105.21191,21.86083],[105.21281,21.86308],[105.21411,21.86444],[105.21518,21.86431],[105.21502,21.86544],[105.2158,21.86598],[105.21606,21.86576],[105.2154,21.86521],[105.21548,21.86498],[105.21679,21.86487],[105.2172,21.86415],[105.21809,21.8639],[105.21962,21.86259],[105.22072,21.86029],[105.22199,21.85953],[105.22292,21.85961],[105.22474,21.85808],[105.22579,21.85642],[105.2254,21.85523],[105.22644,21.85571],[105.2274,21.85676],[105.2271,21.85806],[105.22809,21.86033],[105.22778,21.86116],[105.23003,21.86084],[105.23057,21.86229],[105.23105,21.86132],[105.23179,21.86073],[105.23416,21.86058],[105.235,21.85889],[105.23576,21.85898],[105.23682,21.85815],[105.238,21.85798],[105.24098,21.85828],[105.24112,21.8577],[105.24239,21.85712],[105.24362,21.85606],[105.24362,21.85197],[105.24224,21.85077],[105.24646,21.85073],[105.24753,21.85156],[105.24828,21.85308],[105.24977,21.85275],[105.2523,21.85386],[105.2536,21.85396],[105.25543,21.85538],[105.25736,21.85548],[105.25802,21.85507],[105.25835,21.85394],[105.25903,21.85362],[105.25917,21.85201],[105.26029,21.85174],[105.26098,21.85094],[105.26265,21.85064],[105.26338,21.84921],[105.26465,21.84846],[105.26502,21.84783],[105.26831,21.84576],[105.26926,21.84576],[105.26925,21.84472],[105.26869,21.843],[105.26728,21.84221],[105.2648,21.84201],[105.26319,21.84092],[105.26255,21.84096],[105.26184,21.8405],[105.26017,21.84111],[105.25915,21.84094],[105.25875,21.83986],[105.25923,21.8388],[105.25882,21.83772],[105.25782,21.83673],[105.25777,21.83587],[105.25394,21.83458],[105.25105,21.83208],[105.25016,21.83189],[105.24928,21.83121],[105.24916,21.82966],[105.24713,21.82826],[105.24615,21.82692],[105.24621,21.82628],[105.24529,21.82481],[105.2452,21.82384],[105.2474,21.82278],[105.24768,21.82174],[105.24511,21.81839],[105.24352,21.81766],[105.24235,21.81834],[105.24171,21.81962],[105.24074,21.82001],[105.24014,21.82078],[105.23985,21.82097],[105.23943,21.82058],[105.2388,21.81814],[105.23974,21.81603],[105.23922,21.81631],[105.23887,21.81614],[105.23924,21.81528],[105.23918,21.81486],[105.23857,21.81479],[105.23881,21.8144],[105.23856,21.8141],[105.23863,21.81229],[105.23873,21.81153],[105.23913,21.8112],[105.23899,21.81034],[105.23993,21.8096],[105.23786,21.80866],[105.23505,21.80592],[105.22941,21.8029],[105.22493,21.80124],[105.22355,21.80049],[105.22258,21.79936],[105.22114,21.79873],[105.21907,21.79916],[105.21725,21.80043],[105.21555,21.8031],[105.21527,21.80518],[105.21523,21.80788],[105.2162,21.8116],[105.21744,21.81419],[105.21916,21.81672]]]]}},
{"type":"Feature","id":"02215","properties":{"Ward_Code":"02215","Ward_Code_Num":2215,"Ward":"Minh Xuân","Ward_Alt":"Minh Xuân","Ward_Upper":"MINH XUÂN","Ward_Full":"Phường Minh Xuân","Ward_Full_Alt":"Phường Minh Xuân","Ward_Full_Upper_Alt":"PHƯỜNG MINH XUÂN","Ward_Type":"Phường","Province_Code":"08","Province":"Tuyên Quang","Province_Upper_Alt":"TUYÊN QUANG"},"geometry":{"type":"MultiPolygon","coordinates":[[[[105.21084,21.81173],[105.2099,21.80997],[105.20756,21.81056],[105.2057,21.80946],[105.20556,21.80822],[105.20455,21.8065],[105.2039,21.8061],[105.20324,21.80604],[105.20236,21.80687],[105.2017,21.80678],[105.20127,21.80641],[105.20171,21.80552],[105.20139,21.80422],[105.19984,21.804],[105.19934,21.80362],[105.19909,21.80282],[105.19814,21.80244],[105.19799,21.80102],[105.19682,21.79969],[105.19734,21.79878],[105.19618,21.79757],[105.19632,21.7966],[105.19692,21.7962],[105.19611,21.79562],[105.19599,21.79484],[105.19494,21.79427],[105.19474,21.79346],[105.19398,21.79332],[105.19209,21.79092],[105.19206,21.78896],[105.19368,21.78714],[105.19325,21.78604],[105.19087,21.78367],[105.1919,21.78226],[105.19243,21.78012],[105.18986,21.77878],[105.18838,21.77933],[105.18797,21.77715],[105.18817,21.77605],[105.18663,21.77532],[105.18232,21.77431],[105.18149,21.77374],[105.17895,21.77498],[105.17982,21.77361],[105.1798,21.77255],[105.17932,21.77236],[105.17984,21.77162],[105.17914,21.77126],[105.17896,21.77035],[105.17766,21.7687],[105.17685,21.76652],[105.17529,21.76567],[105.17397,21.76555],[105.17347,21.7652],[105.17245,21.76242],[105.16447,21.7669],[105.1605,21.76853],[105.15842,21.76832],[105.15428,21.76938],[105.15111,21.76868],[105.14973,21.76875],[105.14754,21.77399],[105.14635,21.77537],[105.14568,21.77689],[105.1464,21.77791],[105.1462,21.78133],[105.14653,21.78331],[105.14564,21.78519],[105.14576,21.78832],[105.14612,21.78996],[105.14767,21.79126],[105.14746,21.7921],[105.1477,21.79281],[105.15017,21.79405],[105.15281,21.79411],[105.15404,21.7958],[105.15391,21.79776],[105.15537,21.7984],[105.15694,21.80082],[105.15679,21.80186],[105.15734,21.80405],[105.15696,21.80509],[105.15727,21.80531],[105.15631,21.80577],[105.15625,21.80636],[105.15573,21.80686],[105.15415,21.80699],[105.15344,21.8086],[105.15202,21.80974],[105.15157,21.81528],[105.15362,21.81758],[105.15288,21.81838],[105.15306,21.81881],[105.15434,21.81937],[105.15392,21.82269],[105.15497,21.8238],[105.155,21.82572],[105.15518,21.82593],[105.15618,21.82569],[105.1572,21.82621],[105.1581,21.82831],[105.15741,21.83],[105.16091,21.8321],[105.16188,21.833],[105.16211,21.8335],[105.16182,21.83453],[105.16255,21.83624],[105.16329,21.83702],[105.16127,21.83803],[105.16056,21.83884],[105.16018,21.84015],[105.15877,21.84043],[105.15962,21.84198],[105.15869,21.84508],[105.16093,21.8463],[105.16366,21.84704],[105.1637,21.84733],[105.16474,21.84714],[105.16584,21.84748],[105.16574,21.84851],[105.16625,21.84958],[105.16744,21.8495],[105.16704,21.85],[105.16741,21.85102],[105.16832,21.85058],[105.16915,21.8507],[105.16967,21.85192],[105.17111,21.85174],[105.17137,21.85092],[105.1731,21.85058],[105.17534,21.84898],[105.17758,21.8487],[105.17806,21.84732],[105.17876,21.84717],[105.17906,21.84625],[105.18028,21.84588],[105.18359,21.84562],[105.18518,21.84695],[105.18655,21.84734],[105.18717,21.84874],[105.18773,21.84906],[105.18861,21.8476],[105.19112,21.84514],[105.19826,21.84104],[105.2042,21.83708],[105.21421,21.83176],[105.21699,21.83079],[105.2209,21.83048],[105.22338,21.82968],[105.22418,21.82831],[105.22461,21.8262],[105.22425,21.82401],[105.21681,21.81309],[105.21553,21.80958],[105.21516,21.80692],[105.21304,21.80782],[105.21273,21.81051],[105.21212,21.8109],[105.21102,21.8102],[105.21096,21.81084],[105.21134,21.8112],[105.21084,21.81173]]]]}},
{"type":"Feature","id":"02221","properties":{"Ward_Code":"02221","Ward_Code_Num":2221,"Ward":"Nà Hang","Ward_Alt":"Nà Hang","Ward_Upper":"NÀ HANG","Ward_Full":"Xã Nà Hang","Ward_Full_Alt":"Xã Nà Hang","Ward_Full_Upper_Alt":"XÃ NÀ HANG","Ward_Type":"Xã","Province_Code":"08","Province":"Tuyên Quang","Province_Upper_Alt":"TUYÊN QUANG"},"geometry":{"type":"MultiPolygon","coordinates":[[[[105.28042,22.43542],[105.28138,22.43536],[105.28251,22.43376],[105.2834,22.43337],[105.28366,22.43253],[105.2863,22.43126],[105.28626,22.4282],[105.28726,22.42677],[105.28727,22.42639],[105.28686,22.42612],[105.2874,22.42482],[105.28842,22.42475],[105.28891,22.42408],[105.29015,22.42376],[105.29178,22.42196],[105.29241,22.42168],[105.29441,22.42166],[105.2983,22.42225],[105.29918,22.42203],[105.29943,22.42071],[105.30126,22.4194],[105.30293,22.41865],[105.30312,22.41746],[105.30397,22.41733],[105.30586,22.41507],[105.30818,22.41339],[105.30724,22.41161],[105.30739,22.41114],[105.30913,22.41035],[105.30892,22.40822],[105.30814,22.40592],[105.30954,22.40447],[105.30982,22.40371],[105.3099,22.39772],[105.31324,22.39887],[105.31623,22.40121],[105.32059,22.40317],[105.32507,22.40728],[105.32922,22.408],[105.3348,22.4108],[105.33597,22.41166],[105.33686,22.41343],[105.3375,22.41349],[105.33929,22.41261],[105.33978,22.41287],[105.34079,22.41462],[105.34462,22.41747],[105.35069,22.41398],[105.35255,22.41532],[105.35561,22.40872],[105.35738,22.4086],[105.35933,22.40957],[105.36155,22.40855],[105.36329,22.40879],[105.36698,22.4069],[105.3733,22.40431],[105.3769,22.40371],[105.37862,22.40297],[105.38096,22.40271],[105.38314,22.39935],[105.38645,22.39278],[105.39009,22.38755],[105.39316,22.38228],[105.396,22.37838],[105.39794,22.37636],[105.40324,22.38126],[105.40453,22.38374],[105.40448,22.38807],[105.40568,22.39067],[105.40664,22.39162],[105.40986,22.39296],[105.41243,22.39316],[105.42127,22.39076],[105.42576,22.39249],[105.42877,22.39452],[105.4317,22.38834],[105.434,22.38638],[105.43454,22.3848],[105.43529,22.38382],[105.43479,22.38126],[105.43492,22.3779],[105.43523,22.37746],[105.43639,22.37712],[105.43886,22.37555],[105.44114,22.37286],[105.44482,22.37112],[105.44514,22.37032],[105.4438,22.36994],[105.44285,22.36914],[105.44195,22.36806],[105.44216,22.36744],[105.44193,22.36721],[105.43766,22.36743],[105.43672,22.36654],[105.43543,22.36704],[105.43444,22.36664],[105.43158,22.36671],[105.43029,22.36554],[105.42829,22.36518],[105.4277,22.36459],[105.42652,22.36306],[105.42545,22.35956],[105.42418,22.35812],[105.42483,22.35695],[105.42578,22.353],[105.42504,22.35102],[105.42487,22.34889],[105.42429,22.348],[105.42281,22.34714],[105.42183,22.34568],[105.42043,22.34508],[105.41981,22.34439],[105.41923,22.34282],[105.41966,22.3411],[105.42068,22.34013],[105.41982,22.33998],[105.41918,22.33945],[105.41909,22.33809],[105.41801,22.33742],[105.41765,22.33683],[105.41457,22.33592],[105.4136,22.33223],[105.41571,22.33119],[105.41783,22.32658],[105.41871,22.32592],[105.4203,22.32537],[105.41917,22.32262],[105.42095,22.32209],[105.422,22.32133],[105.42396,22.32058],[105.42536,22.31886],[105.4274,22.31784],[105.42893,22.31334],[105.4307,22.31193],[105.43284,22.31125],[105.4352,22.30863],[105.43805,22.30623],[105.4392,22.30382],[105.44001,22.30314],[105.44011,22.30098],[105.44237,22.30071],[105.44478,22.29865],[105.44774,22.29813],[105.44808,22.2963],[105.45177,22.29413],[105.45551,22.29093],[105.4557,22.28904],[105.45776,22.28803],[105.45866,22.28664],[105.45875,22.28579],[105.45934,22.28511],[105.45944,22.28427],[105.46009,22.28362],[105.46099,22.2814],[105.46467,22.27967],[105.46643,22.27965],[105.4665,22.27864],[105.46808,22.2779],[105.46891,22.27709],[105.46984,22.27682],[105.47144,22.275],[105.47246,22.27464],[105.47318,22.2727],[105.47026,22.2716],[105.46829,22.26971],[105.46762,22.26842],[105.46575,22.26764],[105.46512,22.26704],[105.464,22.2647],[105.46294,22.26468],[105.46085,22.26544],[105.45851,22.26723],[105.45675,22.2676],[105.45541,22.26891],[105.45456,22.26892],[105.45349,22.26797],[105.45352,22.26665],[105.4532,22.26608],[105.45157,22.26538],[105.45054,22.26454],[105.44837,22.26511],[105.44452,22.26463],[105.44356,22.26414],[105.443,22.26303],[105.4419,22.26257],[105.44006,22.26103],[105.43862,22.2614],[105.43689,22.26064],[105.43558,22.25842],[105.43261,22.25892],[105.42982,22.25822],[105.4259,22.25926],[105.42412,22.26056],[105.42154,22.26171],[105.42036,22.26276],[105.41974,22.26278],[105.41978,22.26352],[105.4168,22.26634],[105.4153,22.27026],[105.41394,22.27066],[105.41297,22.27156],[105.41159,22.27215],[105.41144,22.27148],[105.40787,22.26976],[105.4058,22.2682],[105.405,22.2666],[105.40387,22.26596],[105.40347,22.26482],[105.4021,22.26403],[105.40008,22.2633],[105.39851,22.26329],[105.39429,22.26243],[105.39056,22.26345],[105.3853,22.26721],[105.38334,22.26768],[105.3812,22.26971],[105.37746,22.27101],[105.37599,22.27061],[105.37564,22.27003],[105.37521,22.26993],[105.37173,22.27022],[105.36838,22.26975],[105.36568,22.27045],[105.3613,22.26957],[105.35899,22.27031],[105.35722,22.26997],[105.35548,22.26905],[105.35251,22.2653],[105.35232,22.2642],[105.34902,22.26371],[105.34566,22.26368],[105.34363,22.2629],[105.33893,22.26278],[105.33679,22.26239],[105.33458,22.26002],[105.33267,22.25982],[105.3315,22.25818],[105.32975,22.25734],[105.32532,22.25606],[105.32123,22.25601],[105.31713,22.2567],[105.31635,22.25759],[105.3143,22.2589],[105.31202,22.25862],[105.31117,22.25774],[105.30906,22.25809],[105.3071,22.25777],[105.30612,22.2591],[105.30311,22.25938],[105.30248,22.26084],[105.30244,22.2629],[105.30088,22.26401],[105.29855,22.26386],[105.29812,22.26521],[105.29846,22.26734],[105.2979,22.26757],[105.29513,22.2709],[105.29283,22.27121],[105.2924,22.27154],[105.29207,22.27252],[105.29082,22.27314],[105.29022,22.27413],[105.28834,22.27399],[105.28636,22.27332],[105.28408,22.27627],[105.28343,22.27585],[105.28143,22.27693],[105.28072,22.27678],[105.28005,22.27614],[105.27877,22.27627],[105.27772,22.27676],[105.27693,22.2776],[105.27547,22.28134],[105.27386,22.28292],[105.27261,22.28333],[105.26974,22.28543],[105.26916,22.28736],[105.26783,22.28794],[105.26672,22.29057],[105.26718,22.29259],[105.26687,22.29325],[105.26389,22.29501],[105.26594,22.29768],[105.26732,22.2983],[105.26699,22.3001],[105.26662,22.30054],[105.26662,22.3036],[105.26743,22.30406],[105.2684,22.30548],[105.26983,22.30667],[105.27205,22.30774],[105.27216,22.30969],[105.273,22.3101],[105.27386,22.31154],[105.27542,22.31188],[105.27601,22.31258],[105.27766,22.31322],[105.27963,22.31506],[105.28057,22.31527],[105.27949,22.3173],[105.2786,22.32188],[105.27662,22.3239],[105.27599,22.32638],[105.27735,22.3301],[105.277,22.33442],[105.27957,22.33578],[105.27898,22.33688],[105.28125,22.33795],[105.28296,22.33824],[105.28658,22.34101],[105.28863,22.34213],[105.29144,22.34282],[105.29213,22.34497],[105.29332,22.34579],[105.29151,22.34749],[105.29103,22.35186],[105.29041,22.35231],[105.29002,22.35328],[105.2901,22.35621],[105.28882,22.35735],[105.29023,22.36307],[105.29232,22.36614],[105.29347,22.36681],[105.29388,22.368],[105.29247,22.37002],[105.29228,22.37179],[105.29318,22.37262],[105.2944,22.37481],[105.29373,22.37578],[105.29216,22.37613],[105.29066,22.37583],[105.28974,22.37604],[105.28808,22.37479],[105.28726,22.37461],[105.28627,22.37626],[105.28421,22.37676],[105.28307,22.37783],[105.28182,22.37836],[105.28161,22.38077],[105.28048,22.38182],[105.2799,22.38334],[105.28038,22.38466],[105.28004,22.38671],[105.28099,22.38958],[105.28083,22.39193],[105.28108,22.39281],[105.27969,22.39565],[105.27837,22.39589],[105.27768,22.39559],[105.27645,22.39611],[105.27575,22.39564],[105.27411,22.39575],[105.2728,22.39516],[105.27184,22.39549],[105.26853,22.39548],[105.2677,22.39452],[105.26651,22.39392],[105.2659,22.39405],[105.26327,22.39322],[105.25961,22.39564],[105.25875,22.39692],[105.26004,22.3987],[105.25961,22.39973],[105.26012,22.40058],[105.25995,22.40115],[105.26025,22.40276],[105.26157,22.40488],[105.2625,22.40572],[105.26488,22.40625],[105.26591,22.40704],[105.26689,22.40711],[105.2675,22.40892],[105.26952,22.40973],[105.27018,22.41092],[105.26907,22.41129],[105.26892,22.41253],[105.26942,22.41307],[105.26944,22.41396],[105.27019,22.41448],[105.27031,22.4153],[105.27121,22.41647],[105.26961,22.41803],[105.26915,22.41904],[105.26875,22.42171],[105.26923,22.42347],[105.27183,22.42775],[105.27178,22.42871],[105.27058,22.43013],[105.2708,22.43212],[105.27114,22.43254],[105.27065,22.43296],[105.27057,22.43352],[105.27254,22.434],[105.27261,22.43458],[105.27293,22.43469],[105.27397,22.43471],[105.2751,22.43394],[105.27754,22.43699],[105.28042,22.43542]]]]}},
{"type":"Feature","id":"02239","properties":{"Ward_Code":"02239","Ward_Code_Num":2239,"Ward":"Thượng Nông","Ward_Alt":"Thượng Nông","Ward_Upper":"THƯỢNG NÔNG","Ward_Full":"Xã Thượng Nông","Ward_Full_Alt":"Xã Thượng Nông","Ward_Full_Upper_Alt":"XÃ THƯỢNG NÔNG","Ward_Type":"Xã","Province_Code":"08","Province":"Tuyên Quang","Province_Upper_Alt":"TUYÊN QUANG"},"geometry":{"type":"MultiPolygon","coordinates":[[[[105.51658,22.63643],[105.51762,22.63557],[105.51963,22.63476],[105.52224,22.63487],[105.52459,22.63401],[105.52641,22.63445],[105.52685,22.63488],[105.52873,22.6336],[105.53121,22.63329],[105.53146,22.63014],[105.53002,22.62893],[105.5296,22.62812],[105.52995,22.62519],[105.52976,22.62345],[105.53027,22.62204],[105.52903,22.61914],[105.53271,22.61763],[105.53335,22.61443],[105.53509,22.61371],[105.53642,22.61169],[105.53712,22.61188],[105.53844,22.61102],[105.5394,22.60912],[105.53978,22.60739],[105.5429,22.60515],[105.54413,22.60308],[105.54515,22.60248],[105.54616,22.60118],[105.54859,22.59982],[105.55133,22.59957],[105.55204,22.5991],[105.55111,22.59885],[105.54959,22.59784],[105.54863,22.59587],[105.54705,22.59405],[105.54679,22.59232],[105.54699,22.59121],[105.5464,22.58856],[105.54683,22.5867],[105.54781,22.5861],[105.5484,22.58527],[105.54914,22.58174],[105.54917,22.58013],[105.55093,22.57866],[105.55166,22.57735],[105.55153,22.5759],[105.551,22.57468],[105.54792,22.57239],[105.54623,22.57216],[105.54445,22.57281],[105.5429,22.57275],[105.54075,22.57133],[105.53967,22.57109],[105.53814,22.56931],[105.53763,22.56824],[105.53529,22.56685],[105.53268,22.56611],[105.52986,22.56579],[105.52507,22.56394],[105.5197,22.56374],[105.51977,22.56192],[105.5187,22.55998],[105.51662,22.55954],[105.51559,22.55884],[105.51435,22.55905],[105.51361,22.5587],[105.51389,22.5567],[105.51337,22.55644],[105.5132,22.55544],[105.51056,22.5533],[105.51116,22.55188],[105.51014,22.54965],[105.508,22.54803],[105.50574,22.54693],[105.49936,22.54213],[105.49913,22.54046],[105.49886,22.54025],[105.4954,22.53904],[105.49173,22.53661],[105.49002,22.53597],[105.48832,22.53665],[105.487,22.53627],[105.4853,22.53674],[105.48421,22.53625],[105.48272,22.53651],[105.48116,22.53565],[105.48074,22.53488],[105.47885,22.5336],[105.47882,22.53551],[105.47781,22.53688],[105.47556,22.53789],[105.47534,22.53924],[105.47423,22.54132],[105.47339,22.54201],[105.47547,22.5443],[105.47723,22.54445],[105.47838,22.54578],[105.47948,22.54925],[105.48009,22.54952],[105.48001,22.55025],[105.48046,22.55127],[105.48297,22.55515],[105.4838,22.55586],[105.48346,22.55865],[105.48367,22.5592],[105.48445,22.55968],[105.48454,22.56046],[105.48398,22.56088],[105.48293,22.56092],[105.48249,22.5606],[105.47988,22.56086],[105.47908,22.56141],[105.47886,22.56245],[105.47793,22.56402],[105.47688,22.56461],[105.47638,22.56542],[105.47305,22.56612],[105.47149,22.56613],[105.47025,22.56825],[105.46926,22.57087],[105.46523,22.57253],[105.46241,22.57202],[105.46051,22.57214],[105.45754,22.57154],[105.45609,22.57178],[105.45477,22.5727],[105.45344,22.56965],[105.45242,22.56938],[105.44916,22.56931],[105.44504,22.57001],[105.44227,22.56895],[105.4412,22.56888],[105.43974,22.56762],[105.43828,22.56742],[105.43692,22.56437],[105.43652,22.56441],[105.43621,22.56511],[105.4336,22.56607],[105.43251,22.567],[105.43171,22.56726],[105.43141,22.57066],[105.43181,22.57269],[105.43132,22.57627],[105.43167,22.57706],[105.43175,22.57886],[105.43319,22.58023],[105.43324,22.58064],[105.43022,22.5808],[105.42845,22.58129],[105.4266,22.58361],[105.42512,22.58625],[105.42481,22.58814],[105.42396,22.58957],[105.42406,22.59037],[105.42452,22.59075],[105.42556,22.5905],[105.42823,22.59111],[105.42866,22.59139],[105.42874,22.59202],[105.42786,22.59439],[105.42708,22.5948],[105.42639,22.59582],[105.42514,22.59591],[105.42454,22.59641],[105.42422,22.59852],[105.42452,22.60028],[105.42508,22.60126],[105.42616,22.60158],[105.42677,22.60248],[105.43045,22.60366],[105.43284,22.60338],[105.43443,22.6055],[105.43679,22.60454],[105.43787,22.60441],[105.438,22.60595],[105.43716,22.60682],[105.43693,22.60802],[105.43728,22.60886],[105.43777,22.60913],[105.44137,22.60953],[105.44231,22.61005],[105.44292,22.60901],[105.44201,22.60821],[105.44202,22.60536],[105.44242,22.60479],[105.44299,22.60478],[105.44387,22.6064],[105.44524,22.60694],[105.44629,22.60688],[105.44659,22.60733],[105.44654,22.60776],[105.44531,22.60843],[105.44522,22.60904],[105.4465,22.61103],[105.44641,22.61206],[105.44674,22.61233],[105.44773,22.61225],[105.4494,22.6127],[105.44963,22.61198],[105.4485,22.61087],[105.44856,22.61038],[105.45018,22.60993],[105.45141,22.6105],[105.45184,22.6089],[105.45048,22.60754],[105.45064,22.60724],[105.45353,22.60844],[105.45468,22.60807],[105.4561,22.60813],[105.4586,22.60964],[105.46032,22.60916],[105.46127,22.61021],[105.46208,22.61047],[105.46222,22.61104],[105.46309,22.61195],[105.46337,22.61294],[105.46519,22.61436],[105.46718,22.61444],[105.4689,22.6163],[105.47424,22.61723],[105.47499,22.61891],[105.47588,22.61942],[105.47651,22.62064],[105.47773,22.62027],[105.48207,22.62022],[105.48366,22.61951],[105.48496,22.61765],[105.48603,22.61771],[105.4874,22.61855],[105.4895,22.62116],[105.49218,22.62328],[105.49281,22.62436],[105.49493,22.62482],[105.49546,22.62664],[105.49608,22.62746],[105.49615,22.62832],[105.49738,22.62929],[105.49733,22.63064],[105.49899,22.63385],[105.50269,22.63511],[105.50414,22.63447],[105.50549,22.63472],[105.5065,22.63429],[105.50893,22.63424],[105.51064,22.6357],[105.51275,22.6354],[105.51394,22.63656],[105.51658,22.63643]]]]}},
{"type":"Feature","id":"02245","properties":{"Ward_Code":"02245","Ward_Code_Num":2245,"Ward":"Côn Lôn","Ward_Alt":"Côn Lôn","Ward_Upper":"CÔN LÔN","Ward_Full":"Xã Côn Lôn","Ward_Full_Alt":"Xã Côn Lôn","Ward_Full_Upper_Alt":"XÃ CÔN LÔN","Ward_Type":"Xã","Province_Code":"08","Province":"Tuyên Quang","Province_Upper_Alt":"TUYÊN QUANG"},"geometry":{"type":"MultiPolygon","coordinates":[[[[105.45584,22.49659],[105.45478,22.49608],[105.45311,22.4965],[105.44676,22.49335],[105.43481,22.49366],[105.43549,22.49571],[105.43538,22.49904],[105.43164,22.50486],[105.42671,22.50203],[105.42434,22.50049],[105.42381,22.49982],[105.42289,22.4944],[105.42307,22.49242],[105.42365,22.49053],[105.42367,22.48867],[105.42294,22.48676],[105.42207,22.48253],[105.42078,22.48087],[105.4204,22.47627],[105.41814,22.47156],[105.41688,22.46989],[105.41509,22.46815],[105.41107,22.46595],[105.40943,22.46428],[105.40707,22.46359],[105.40306,22.46304],[105.40179,22.46206],[105.40088,22.46073],[105.3991,22.45906],[105.39522,22.45673],[105.3937,22.456],[105.39104,22.45534],[105.38588,22.45478],[105.385,22.45602],[105.38365,22.4616],[105.38116,22.46818],[105.3795,22.47025],[105.38226,22.47198],[105.3827,22.47297],[105.38459,22.47529],[105.38536,22.47742],[105.38765,22.47923],[105.38732,22.48416],[105.38773,22.4855],[105.38884,22.48674],[105.39025,22.48748],[105.39092,22.48922],[105.39849,22.49091],[105.40276,22.49554],[105.40248,22.5013],[105.39994,22.5056],[105.39488,22.50608],[105.38868,22.51529],[105.38797,22.51834],[105.38641,22.5192],[105.38439,22.51965],[105.38299,22.52065],[105.38251,22.52258],[105.38294,22.52355],[105.38239,22.5256],[105.38188,22.52611],[105.38051,22.52638],[105.3801,22.5274],[105.3784,22.52816],[105.3785,22.52916],[105.37796,22.52936],[105.37765,22.53025],[105.37631,22.53189],[105.37629,22.53288],[105.37437,22.53371],[105.37221,22.53633],[105.37118,22.53664],[105.3698,22.53649],[105.36721,22.53822],[105.36693,22.53892],[105.36568,22.53886],[105.36511,22.54073],[105.36502,22.5429],[105.36347,22.54726],[105.3629,22.54788],[105.36248,22.55005],[105.3594,22.55325],[105.35749,22.55474],[105.35575,22.55465],[105.35392,22.55509],[105.35301,22.55497],[105.35215,22.55431],[105.34718,22.55496],[105.34689,22.55683],[105.34769,22.55812],[105.34715,22.55919],[105.34776,22.56086],[105.34952,22.56165],[105.35,22.56273],[105.35121,22.56377],[105.35166,22.56473],[105.35161,22.56577],[105.34997,22.56751],[105.34914,22.56772],[105.34879,22.56886],[105.34672,22.57014],[105.34684,22.57103],[105.34759,22.57233],[105.34692,22.57416],[105.34752,22.57533],[105.34668,22.57685],[105.34639,22.57849],[105.34579,22.57916],[105.34569,22.58033],[105.34493,22.58134],[105.34415,22.58344],[105.34423,22.5844],[105.34374,22.58499],[105.3436,22.58645],[105.34316,22.58687],[105.34296,22.58805],[105.34168,22.58798],[105.34207,22.58899],[105.3413,22.5898],[105.3393,22.59024],[105.33917,22.59178],[105.33872,22.59278],[105.33709,22.5944],[105.33612,22.59625],[105.33464,22.59773],[105.33441,22.59866],[105.33316,22.59829],[105.33137,22.59909],[105.32833,22.59922],[105.3256,22.60084],[105.32508,22.6019],[105.32325,22.60333],[105.32025,22.60429],[105.31832,22.6042],[105.31587,22.60803],[105.31538,22.60835],[105.31463,22.61002],[105.31445,22.61109],[105.31594,22.61381],[105.31624,22.61553],[105.31705,22.61676],[105.31645,22.61771],[105.31674,22.6201],[105.31724,22.62025],[105.31789,22.62179],[105.31803,22.62348],[105.3192,22.62447],[105.32029,22.6245],[105.32142,22.62497],[105.32254,22.626],[105.32295,22.62667],[105.32204,22.62817],[105.32216,22.62859],[105.32319,22.62924],[105.32543,22.62991],[105.3234,22.63177],[105.32349,22.63239],[105.32215,22.63426],[105.32258,22.63493],[105.32422,22.63565],[105.3259,22.63757],[105.32763,22.63841],[105.32847,22.6394],[105.32932,22.63959],[105.3305,22.64046],[105.33186,22.64049],[105.33515,22.63868],[105.33613,22.63865],[105.33967,22.63988],[105.34106,22.63959],[105.34209,22.64056],[105.34384,22.6396],[105.3452,22.63926],[105.34675,22.64032],[105.34753,22.63991],[105.34892,22.64009],[105.3499,22.63961],[105.35431,22.63987],[105.35544,22.63891],[105.35783,22.63955],[105.35962,22.63856],[105.36114,22.63945],[105.36301,22.63699],[105.36313,22.63623],[105.36269,22.63575],[105.36469,22.63657],[105.36686,22.63656],[105.3686,22.63598],[105.36947,22.63412],[105.37114,22.63307],[105.37464,22.63379],[105.37539,22.63294],[105.37584,22.63158],[105.37975,22.63043],[105.38079,22.62964],[105.38268,22.62887],[105.38462,22.62703],[105.38867,22.62794],[105.39004,22.62912],[105.39362,22.6301],[105.39497,22.6309],[105.39548,22.62965],[105.39729,22.62755],[105.40229,22.62546],[105.40288,22.62351],[105.40452,22.62179],[105.4054,22.61905],[105.40711,22.61711],[105.40828,22.61663],[105.40918,22.61583],[105.4093,22.61398],[105.40981,22.61238],[105.41051,22.61216],[105.41256,22.61007],[105.41498,22.60942],[105.41809,22.60679],[105.41886,22.6048],[105.42145,22.6038],[105.42476,22.60094],[105.42422,22.59852],[105.42454,22.59641],[105.42514,22.59591],[105.42639,22.59582],[105.42708,22.5948],[105.42786,22.59439],[105.42874,22.59202],[105.42866,22.59139],[105.42823,22.59111],[105.42556,22.5905],[105.42452,22.59075],[105.42406,22.59037],[105.42396,22.58957],[105.42481,22.58814],[105.42512,22.58625],[105.4266,22.58361],[105.42845,22.58129],[105.43022,22.5808],[105.43297,22.58078],[105.43328,22.58045],[105.43175,22.57886],[105.43167,22.57706],[105.43132,22.57627],[105.43181,22.57269],[105.43141,22.57066],[105.43171,22.56726],[105.43251,22.567],[105.4336,22.56607],[105.43621,22.56511],[105.43652,22.56441],[105.43692,22.56437],[105.43828,22.56742],[105.43974,22.56762],[105.4412,22.56888],[105.44227,22.56895],[105.44504,22.57001],[105.44916,22.56931],[105.45242,22.56938],[105.45344,22.56965],[105.45477,22.5727],[105.45609,22.57178],[105.45754,22.57154],[105.46051,22.57214],[105.46241,22.57202],[105.46523,22.57253],[105.46926,22.57087],[105.47025,22.56825],[105.47149,22.56613],[105.47305,22.56612],[105.47638,22.56542],[105.47688,22.56461],[105.47793,22.56402],[105.47886,22.56245],[105.47908,22.56141],[105.47988,22.56086],[105.48249,22.5606],[105.48293,22.56092],[105.48398,22.56088],[105.48454,22.56046],[105.48445,22.55968],[105.48367,22.5592],[105.48346,22.55865],[105.4838,22.55586],[105.48297,22.55515],[105.48046,22.55127],[105.48001,22.55025],[105.48009,22.54952],[105.47948,22.54925],[105.47838,22.54578],[105.47723,22.54445],[105.47547,22.5443],[105.47339,22.54201],[105.47423,22.54132],[105.47534,22.53924],[105.47556,22.53789],[105.47781,22.53688],[105.47882,22.53551],[105.47885,22.5336],[105.47782,22.53222],[105.47199,22.52904],[105.46739,22.52217],[105.4665,22.52161],[105.4658,22.51996],[105.46625,22.51892],[105.46585,22.51657],[105.4654,22.51584],[105.46446,22.51527],[105.46365,22.51344],[105.46375,22.5123],[105.4615,22.50692],[105.45775,22.50294],[105.45749,22.49722],[105.45584,22.49659]]]]}},
{"type":"Feature","id":"02248","properties":{"Ward_Code":"02248","Ward_Code_Num":2248,"Ward":"Yên Hoa","Ward_Alt":"Yên Hoa","Ward_Upper":"YÊN HOA","Ward_Full":"Xã Yên Hoa","Ward_Full_Alt":"Xã Yên Hoa","Ward_Full_Upper_Alt":"XÃ YÊN HOA","Ward_Type":"Xã","Province_Code":"08","Province":"Tuyên Quang","Province_Upper_Alt":"TUYÊN QUANG"},"geometry":{"type":"MultiPolygon","coordinates":[[[[105.45584,22.49659],[105.45749,22.49722],[105.45775,22.50294],[105.4615,22.50692],[105.46375,22.5123],[105.46365,22.51344],[105.46446,22.51527],[105.4654,22.51584],[105.46585,22.51657],[105.46625,22.51892],[105.4658,22.51978],[105.46599,22.52066],[105.46666,22.5218],[105.46739,22.52217],[105.47199,22.52904],[105.47782,22.53222],[105.47885,22.5336],[105.48074,22.53488],[105.48116,22.53565],[105.48272,22.53651],[105.48421,22.53625],[105.4853,22.53674],[105.487,22.53627],[105.48832,22.53665],[105.49002,22.53597],[105.49173,22.53661],[105.4954,22.53904],[105.49886,22.54025],[105.49976,22.54295],[105.501,22.54339],[105.50445,22.54605],[105.50673,22.54759],[105.508,22.54803],[105.51014,22.54965],[105.51116,22.55188],[105.51056,22.5533],[105.5132,22.55544],[105.51337,22.55644],[105.51389,22.5567],[105.51361,22.5587],[105.51435,22.55905],[105.51559,22.55884],[105.51662,22.55954],[105.51876,22.56012],[105.51981,22.56214],[105.5197,22.56374],[105.52507,22.56394],[105.52986,22.56579],[105.53268,22.56611],[105.53529,22.56685],[105.53763,22.56824],[105.53814,22.56931],[105.53967,22.57109],[105.54075,22.57133],[105.5429,22.57275],[105.54445,22.57281],[105.54623,22.57216],[105.54792,22.57239],[105.55106,22.57488],[105.55153,22.5759],[105.55286,22.57538],[105.55366,22.57447],[105.55693,22.57452],[105.55883,22.57296],[105.55989,22.57092],[105.56013,22.56858],[105.56199,22.5672],[105.56363,22.56453],[105.56359,22.56053],[105.56249,22.55787],[105.56163,22.55666],[105.56277,22.55508],[105.56565,22.55293],[105.56566,22.55108],[105.56432,22.54954],[105.56364,22.54786],[105.56344,22.54583],[105.56364,22.54523],[105.56624,22.54272],[105.56335,22.5406],[105.5621,22.53837],[105.56036,22.53694],[105.55837,22.53629],[105.55659,22.53442],[105.56147,22.53416],[105.56081,22.533],[105.56034,22.53319],[105.56023,22.53252],[105.55833,22.53249],[105.55812,22.53208],[105.55678,22.53215],[105.55617,22.53168],[105.55541,22.53197],[105.56022,22.5256],[105.55798,22.52502],[105.55532,22.52329],[105.55134,22.52137],[105.55054,22.52061],[105.54949,22.51857],[105.54951,22.51737],[105.54863,22.51696],[105.54617,22.5139],[105.54519,22.5132],[105.5436,22.51306],[105.54142,22.51194],[105.53905,22.51255],[105.53647,22.51048],[105.53366,22.50982],[105.53066,22.50774],[105.52949,22.50768],[105.52732,22.5065],[105.52465,22.50614],[105.5228,22.50417],[105.52332,22.50331],[105.52333,22.50215],[105.52149,22.49944],[105.51986,22.49886],[105.51518,22.49802],[105.51368,22.49851],[105.51217,22.49954],[105.50909,22.49942],[105.5076,22.4962],[105.50613,22.49451],[105.50469,22.49232],[105.50439,22.49135],[105.50271,22.48996],[105.50348,22.48815],[105.5032,22.48757],[105.50206,22.48675],[105.5014,22.48435],[105.50081,22.48417],[105.50068,22.48181],[105.49929,22.48244],[105.49823,22.48225],[105.49671,22.48379],[105.49656,22.4852],[105.49631,22.48522],[105.49596,22.4841],[105.49423,22.48367],[105.49464,22.48294],[105.49636,22.48247],[105.49769,22.48144],[105.49766,22.48025],[105.49684,22.47894],[105.49686,22.47829],[105.49761,22.47724],[105.49761,22.47554],[105.49805,22.47463],[105.49972,22.47413],[105.49967,22.47322],[105.49795,22.47221],[105.49005,22.46991],[105.48918,22.47008],[105.48834,22.47128],[105.48737,22.47163],[105.48584,22.47156],[105.48406,22.47097],[105.47813,22.46644],[105.47643,22.46629],[105.47249,22.46504],[105.46957,22.4634],[105.46457,22.45948],[105.46294,22.45764],[105.461,22.4563],[105.46031,22.45487],[105.46136,22.45052],[105.46142,22.44812],[105.4603,22.44417],[105.46135,22.44122],[105.46036,22.43642],[105.45917,22.43496],[105.4583,22.43291],[105.45605,22.4293],[105.45534,22.42578],[105.45597,22.42037],[105.45471,22.41756],[105.45347,22.41355],[105.45366,22.41177],[105.45445,22.40938],[105.45431,22.40766],[105.45458,22.40611],[105.45359,22.40324],[105.45382,22.40035],[105.45205,22.39797],[105.45048,22.3974],[105.44584,22.39724],[105.4376,22.39783],[105.43666,22.39763],[105.43494,22.39692],[105.43057,22.396],[105.42576,22.39249],[105.42127,22.39076],[105.41243,22.39316],[105.41127,22.39322],[105.40832,22.39248],[105.40664,22.39162],[105.4049,22.3893],[105.40434,22.38619],[105.40453,22.38374],[105.40324,22.38126],[105.39794,22.37636],[105.396,22.37838],[105.39316,22.38228],[105.38645,22.39278],[105.38314,22.39935],[105.38096,22.40271],[105.38041,22.41344],[105.37983,22.41594],[105.37995,22.41742],[105.381,22.42071],[105.38143,22.42321],[105.38179,22.42848],[105.3808,22.43382],[105.38069,22.43665],[105.38331,22.44823],[105.38426,22.45139],[105.38588,22.45478],[105.39104,22.45534],[105.3937,22.456],[105.39522,22.45673],[105.3991,22.45906],[105.40088,22.46073],[105.40179,22.46206],[105.40306,22.46304],[105.40707,22.46359],[105.40943,22.46428],[105.41107,22.46595],[105.41509,22.46815],[105.41688,22.46989],[105.41814,22.47156],[105.4204,22.47627],[105.42078,22.48087],[105.42207,22.48253],[105.42294,22.48676],[105.42367,22.48867],[105.42365,22.49053],[105.42307,22.49242],[105.42289,22.4944],[105.42381,22.49982],[105.42434,22.50049],[105.42671,22.50203],[105.43164,22.50486],[105.43538,22.49904],[105.43549,22.49571],[105.43481,22.49366],[105.44676,22.49335],[105.45311,22.4965],[105.45478,22.49608],[105.45584,22.49659]]]]}},
{"type":"Feature","id":"02260","properties":{"Ward_Code":"02260","Ward_Code_Num":2260,"Ward":"Hồng Thái","Ward_Alt":"Hồng Thái","Ward_Upper":"HỒNG THÁI","Ward_Full":"Xã Hồng Thái","Ward_Full_Alt":"Xã Hồng Thái","Ward_Full_Upper_Alt":"XÃ HỒNG THÁI","Ward_Type":"Xã","Province_Code":"08","Province":"Tuyên Quang","Province_Upper_Alt":"TUYÊN QUANG"},"geometry":{"type":"MultiPolygon","coordinates":[[[[105.58058,22.47949],[105.57999,22.4787],[105.579,22.47795],[105.57822,22.47778],[105.57767,22.4769],[105.57684,22.47662],[105.57571,22.47533],[105.5744,22.47461],[105.57256,22.47288],[105.57108,22.47249],[105.56811,22.46989],[105.567,22.46944],[105.56604,22.46646],[105.56453,22.46532],[105.56432,22.46412],[105.56348,22.4634],[105.56295,22.46302],[105.56055,22.46299],[105.55961,22.46258],[105.55905,22.46092],[105.55929,22.45955],[105.55869,22.45615],[105.55815,22.45484],[105.55843,22.45336],[105.55952,22.45142],[105.55897,22.44972],[105.55753,22.4485],[105.55558,22.44568],[105.55594,22.44341],[105.55552,22.44296],[105.55564,22.44248],[105.55513,22.44107],[105.55565,22.44031],[105.55671,22.44007],[105.55689,22.4395],[105.55636,22.43946],[105.55634,22.43866],[105.55544,22.43765],[105.5484,22.43781],[105.55002,22.43568],[105.55059,22.43425],[105.55222,22.43368],[105.55345,22.43243],[105.55367,22.4306],[105.55413,22.42986],[105.55392,22.42898],[105.5548,22.42883],[105.55517,22.42843],[105.55509,22.42792],[105.55406,22.42739],[105.55321,22.42617],[105.55258,22.42582],[105.55182,22.42453],[105.55174,22.42324],[105.55085,22.42262],[105.55026,22.42055],[105.55062,22.41903],[105.55036,22.41801],[105.55123,22.41702],[105.55089,22.41615],[105.55151,22.4148],[105.55226,22.41428],[105.55235,22.41263],[105.5528,22.41187],[105.55363,22.41139],[105.5541,22.41175],[105.55477,22.4115],[105.55561,22.41168],[105.55869,22.40982],[105.56005999999999,22.40989],[105.56076,22.41037],[105.56097,22.41132],[105.56305,22.41423],[105.56431,22.41526],[105.56502,22.41677],[105.56662,22.41785],[105.57077,22.41924],[105.56915,22.41702],[105.56796,22.41635],[105.56703,22.41476],[105.56638,22.4127],[105.56578,22.41199],[105.56508,22.40747],[105.56317,22.40624],[105.56212,22.40381],[105.5599,22.40234],[105.55453,22.40221],[105.55285,22.40355],[105.55147,22.4036],[105.55089,22.40425],[105.54971,22.40425],[105.54642,22.40512],[105.54441,22.40475],[105.54303,22.40494],[105.54227,22.40546],[105.54135,22.40699],[105.53703,22.40729],[105.53509,22.40775],[105.53398,22.40676],[105.53412,22.40594],[105.53266,22.40401],[105.52929,22.40427],[105.52802,22.40476],[105.52543,22.40449],[105.52373,22.40393],[105.52207,22.40434],[105.52102,22.40263],[105.52098,22.40135],[105.51973,22.40083],[105.51879,22.40105],[105.51835,22.40083],[105.51801,22.39953],[105.51915,22.39798],[105.51938,22.39639],[105.51906,22.39556],[105.51814,22.39476],[105.51911,22.3927],[105.52014,22.39174],[105.51977,22.39072],[105.51961,22.38788],[105.51854,22.38613],[105.51752,22.38585],[105.51628,22.38468],[105.51595,22.3817],[105.51473,22.37895],[105.51341,22.37699],[105.51352,22.37369],[105.51444,22.36994],[105.51545,22.3691],[105.51644,22.36875],[105.51724,22.36732],[105.51572,22.36346],[105.5153,22.35943],[105.51305,22.35629],[105.51375,22.35503],[105.51359,22.35283],[105.5143,22.35181],[105.51416,22.34883],[105.51147,22.34755],[105.50987,22.34535],[105.50715,22.34267],[105.50395,22.34191],[105.5019,22.3402],[105.4987,22.33933],[105.49753,22.33852],[105.49802,22.33611],[105.49764,22.33424],[105.49819,22.33321],[105.4984,22.33188],[105.4976,22.3304],[105.49783,22.32791],[105.49726,22.3272],[105.49676,22.32707],[105.49694,22.32615],[105.49776,22.32533],[105.49694,22.32455],[105.49694,22.3222],[105.49782,22.3204],[105.4969,22.3195],[105.49457,22.31972],[105.49346,22.31856],[105.49091,22.31779],[105.48833,22.31916],[105.48705,22.31898],[105.48639,22.3184],[105.48297,22.31723],[105.48109,22.31503],[105.47984,22.31137],[105.47872,22.3093],[105.47854,22.30729],[105.47881,22.30642],[105.47852,22.3044],[105.47898,22.3035],[105.48015,22.30284],[105.48134,22.30261],[105.4826,22.30176],[105.48606,22.29718],[105.49015,22.29568],[105.49053,22.29404],[105.49145,22.29342],[105.48855,22.2933],[105.48671,22.29271],[105.48165,22.28976],[105.48027,22.28817],[105.47864,22.28818],[105.47348,22.28676],[105.47209,22.28564],[105.4703,22.28528],[105.46769,22.28528],[105.46661,22.28442],[105.46488,22.28465],[105.46392,22.28426],[105.46074,22.28436],[105.46009,22.28362],[105.45944,22.28427],[105.45866,22.28664],[105.45776,22.28803],[105.4557,22.28904],[105.45551,22.29093],[105.45177,22.29413],[105.44808,22.2963],[105.44774,22.29813],[105.44478,22.29865],[105.44237,22.30071],[105.44011,22.30098],[105.44001,22.30314],[105.4392,22.30382],[105.43805,22.30623],[105.4352,22.30863],[105.43284,22.31125],[105.4307,22.31193],[105.42893,22.31334],[105.4274,22.31784],[105.42536,22.31886],[105.42396,22.32058],[105.422,22.32133],[105.42095,22.32209],[105.41917,22.32262],[105.4203,22.32537],[105.41871,22.32592],[105.41783,22.32658],[105.41571,22.33119],[105.4136,22.33223],[105.41457,22.33592],[105.41765,22.33683],[105.41801,22.33742],[105.41909,22.33809],[105.41918,22.33945],[105.41982,22.33998],[105.42068,22.34013],[105.41966,22.3411],[105.41923,22.34282],[105.41981,22.34439],[105.42043,22.34508],[105.42183,22.34568],[105.42281,22.34714],[105.42429,22.348],[105.42487,22.34889],[105.42504,22.35102],[105.42578,22.353],[105.42483,22.35695],[105.42418,22.35812],[105.42545,22.35956],[105.42652,22.36306],[105.4277,22.36459],[105.42829,22.36518],[105.43029,22.36554],[105.43158,22.36671],[105.43444,22.36664],[105.43543,22.36704],[105.43672,22.36654],[105.43766,22.36743],[105.44193,22.36721],[105.44216,22.36744],[105.44195,22.36806],[105.44285,22.36914],[105.4438,22.36994],[105.44514,22.37032],[105.44482,22.37112],[105.44114,22.37286],[105.43886,22.37555],[105.43639,22.37712],[105.43523,22.37746],[105.43492,22.3779],[105.43479,22.38126],[105.43529,22.38382],[105.43454,22.3848],[105.434,22.38638],[105.4317,22.38834],[105.42877,22.39452],[105.43057,22.396],[105.43494,22.39692],[105.4376,22.39783],[105.44465,22.39724],[105.45146,22.39759],[105.45359,22.39972],[105.45383,22.40131],[105.45359,22.40324],[105.45458,22.40636],[105.45431,22.40766],[105.45445,22.40938],[105.45366,22.41177],[105.45347,22.41355],[105.45471,22.41756],[105.45597,22.42037],[105.45534,22.42578],[105.4562,22.42968],[105.4583,22.43291],[105.45917,22.43496],[105.46048,22.4367],[105.4608,22.43952],[105.46135,22.44122],[105.4603,22.44417],[105.46142,22.44812],[105.46136,22.45052],[105.46035,22.45439],[105.4607,22.45591],[105.46323,22.45789],[105.46457,22.45948],[105.46957,22.4634],[105.47249,22.46504],[105.47643,22.46629],[105.47813,22.46644],[105.48406,22.47097],[105.48584,22.47156],[105.48737,22.47163],[105.48834,22.47128],[105.48918,22.47008],[105.49005,22.46991],[105.49795,22.47221],[105.49967,22.47322],[105.49972,22.47413],[105.49805,22.47463],[105.49761,22.47554],[105.49761,22.47724],[105.49686,22.47829],[105.49684,22.47894],[105.49766,22.48025],[105.49769,22.48144],[105.49636,22.48247],[105.49464,22.48294],[105.49423,22.48367],[105.49596,22.4841],[105.49631,22.48522],[105.49656,22.4852],[105.49671,22.48379],[105.49823,22.48225],[105.49929,22.48244],[105.50068,22.48181],[105.50081,22.48417],[105.5014,22.48435],[105.50206,22.48675],[105.5032,22.48757],[105.50348,22.48815],[105.50271,22.48996],[105.50439,22.49135],[105.50469,22.49232],[105.50613,22.49451],[105.5076,22.4962],[105.50909,22.49942],[105.51217,22.49954],[105.51368,22.49851],[105.51518,22.49802],[105.51986,22.49886],[105.52149,22.49944],[105.52333,22.50215],[105.52332,22.50331],[105.5228,22.50417],[105.52465,22.50614],[105.52732,22.5065],[105.52949,22.50768],[105.53066,22.50774],[105.53366,22.50982],[105.53647,22.51048],[105.53905,22.51255],[105.54142,22.51194],[105.5436,22.51306],[105.54519,22.5132],[105.54617,22.5139],[105.54863,22.51696],[105.54951,22.51737],[105.54949,22.51857],[105.55054,22.52061],[105.55134,22.52137],[105.55532,22.52329],[105.55798,22.52502],[105.56022,22.5256],[105.55541,22.53197],[105.55617,22.53168],[105.55678,22.53215],[105.55812,22.53208],[105.55833,22.53249],[105.56023,22.53252],[105.56034,22.53319],[105.56081,22.533],[105.56147,22.53416],[105.55659,22.53442],[105.55837,22.53629],[105.56036,22.53694],[105.5621,22.53837],[105.56335,22.5406],[105.56624,22.54272],[105.56364,22.54523],[105.56344,22.54583],[105.56364,22.54786],[105.56432,22.54954],[105.56566,22.55108],[105.56565,22.55293],[105.56277,22.55508],[105.56163,22.55666],[105.56339,22.55998],[105.57152,22.56191],[105.57418,22.5614],[105.57595,22.55962],[105.57807,22.55816],[105.57996,22.55442],[105.58308,22.55297],[105.58432,22.55306],[105.58568,22.55235],[105.58625,22.55048],[105.58574,22.54918],[105.58766,22.54863],[105.58865,22.54539],[105.59073,22.5446],[105.59162,22.54356],[105.59127,22.54239],[105.59171,22.54067],[105.59157,22.53809],[105.5928,22.53695],[105.5925,22.53553],[105.59378,22.5328],[105.59431,22.5324],[105.59547,22.53232],[105.59581,22.53186],[105.59591,22.5314],[105.59525,22.53074],[105.5952,22.52978],[105.59576,22.5292],[105.59557,22.52853],[105.59585,22.52753],[105.595,22.5258],[105.59642,22.52338],[105.59775,22.52225],[105.59916,22.52231],[105.5976,22.51954],[105.59762,22.51751],[105.598,22.51688],[105.59654,22.51594],[105.59636,22.51544],[105.59403,22.51538],[105.59326,22.51464],[105.59315,22.51278],[105.59137,22.50976],[105.59067,22.50766],[105.59183,22.50779],[105.59261,22.50661],[105.59384,22.5061],[105.59607,22.50381],[105.59615,22.50228],[105.59555,22.50209],[105.59397,22.49877],[105.59448,22.49785],[105.59411,22.49726],[105.59439,22.49572],[105.59399,22.49473],[105.59457,22.49367],[105.5948,22.49162],[105.59584,22.49084],[105.59668,22.49082],[105.59768,22.4903],[105.59818,22.48964],[105.59823,22.48894],[105.59563,22.48965],[105.58081,22.48001],[105.58058,22.47949]]]]}},
{"type":"Feature","id":"02266","properties":{"Ward_Code":"02266","Ward_Code_Num":2266,"Ward":"Lâm Bình","Ward_Alt":"Lâm Bình","Ward_Upper":"LÂM BÌNH","Ward_Full":"Xã Lâm Bình","Ward_Full_Alt":"Xã Lâm Bình","Ward_Full_Upper_Alt":"XÃ LÂM BÌNH","Ward_Type":"Xã","Province_Code":"08","Province":"Tuyên Quang","Province_Upper_Alt":"TUYÊN QUANG"},"geometry":{"type":"MultiPolygon","coordinates":[[[[105.15531,22.6936],[105.15644,22.6937],[105.15945,22.69121],[105.16117,22.6905],[105.16306,22.69092],[105.16488,22.69027],[105.16684,22.69024],[105.16978,22.6891],[105.17069,22.6885],[105.17095,22.68761],[105.17246,22.68597],[105.1766,22.68439],[105.1775,22.68229],[105.18026,22.681],[105.18288,22.68214],[105.18453,22.68129],[105.18874,22.68003],[105.18953,22.67928],[105.19227,22.67843],[105.19315,22.67782],[105.19664,22.67762],[105.19974,22.67674],[105.20174,22.6771],[105.20315,22.67797],[105.20524,22.67807],[105.20665,22.67633],[105.20691,22.67521],[105.20806,22.67412],[105.20928,22.67397],[105.20948,22.67364],[105.2094,22.67231],[105.21048,22.66982],[105.21028,22.66633],[105.21316,22.66446],[105.2146,22.66392],[105.21526,22.66304],[105.21698,22.66248],[105.21827,22.66128],[105.21944,22.66098],[105.22087,22.66181],[105.22404,22.6624],[105.22627,22.66239],[105.22732,22.66279],[105.22837,22.66259],[105.22956,22.66308],[105.23034,22.66248],[105.23132,22.66228],[105.23143,22.66128],[105.23244,22.66076],[105.23362,22.6611],[105.23587,22.66059],[105.23746,22.65883],[105.23843,22.65845],[105.23972,22.65739],[105.2408,22.65732],[105.24318,22.65482],[105.2433,22.654],[105.24286,22.65268],[105.24321,22.65039],[105.2443,22.64884],[105.24279,22.6477],[105.2397,22.64116],[105.23969,22.63983],[105.24105,22.63245],[105.23841,22.62616],[105.23844,22.62403],[105.23792,22.62169],[105.23828,22.61713],[105.23753,22.61567],[105.23729,22.61308],[105.2385,22.60238],[105.23952,22.59998],[105.24412,22.59473],[105.2519,22.58111],[105.25728,22.57903],[105.25942,22.5777],[105.26364,22.57035],[105.2603,22.56713],[105.25672,22.56448],[105.2519,22.55824],[105.24773,22.55458],[105.24764,22.55405],[105.248,22.55336],[105.25044,22.55307],[105.25078,22.55246],[105.24909,22.55074],[105.24849,22.54877],[105.24593,22.54623],[105.24462,22.54358],[105.24471,22.54314],[105.24538,22.54313],[105.24692,22.54376],[105.24819,22.54492],[105.2487,22.54487],[105.24815,22.54037],[105.24488,22.53733],[105.24505,22.53661],[105.24627,22.5359],[105.24714,22.53284],[105.24569,22.53153],[105.24409,22.531],[105.24356,22.53051],[105.24461,22.52645],[105.2443,22.52585],[105.24252,22.52482],[105.24276,22.5239],[105.24394,22.52274],[105.24414,22.51911],[105.24354,22.51833],[105.24142,22.51713],[105.23976,22.51731],[105.23839,22.51697],[105.23782,22.51641],[105.23776,22.51503],[105.23723,22.5139],[105.23545,22.51267],[105.23321,22.51204],[105.23295,22.51058],[105.23377,22.50903],[105.23312,22.50831],[105.23238,22.50656],[105.23324,22.50575],[105.23354,22.50412],[105.23443,22.50394],[105.2345,22.50347],[105.23431,22.5031],[105.233,22.50306],[105.23191,22.50243],[105.23183,22.49872],[105.2315,22.4981],[105.2307,22.49837],[105.23025,22.49813],[105.23036,22.49678],[105.23009,22.49576],[105.23085,22.49504],[105.23408,22.49333],[105.23677,22.49485],[105.23978,22.49499],[105.24109,22.49703],[105.24205,22.49764],[105.24522,22.49776],[105.24701,22.49834],[105.24885,22.49847],[105.24975,22.49796],[105.25131,22.49767],[105.25165,22.497],[105.25334,22.49613],[105.25432,22.49476],[105.25463,22.49381],[105.25459,22.49239],[105.25562,22.48957],[105.26166,22.48705],[105.26234,22.4858],[105.26382,22.48498],[105.26502,22.48294],[105.26544,22.48272],[105.2666,22.47972],[105.26586,22.47782],[105.26556,22.47464],[105.26392,22.47332],[105.2616,22.47272],[105.26008,22.47071],[105.25967,22.46945],[105.25905,22.46872],[105.26263,22.4659],[105.2631,22.46397],[105.26436,22.46298],[105.26455,22.46199],[105.26548,22.46144],[105.26859,22.46081],[105.26933,22.46038],[105.26978,22.45957],[105.27178,22.4596],[105.27215,22.45896],[105.27303,22.45876],[105.27288,22.45838],[105.27342,22.45604],[105.27414,22.45589],[105.27502,22.45483],[105.27565,22.45459],[105.27822,22.45474],[105.27924,22.45409],[105.28206,22.45485],[105.28274,22.45598],[105.28334,22.45635],[105.28435,22.45587],[105.28511,22.45628],[105.28456,22.45302],[105.28378,22.45214],[105.28408,22.451],[105.28471,22.45091],[105.28383,22.45049],[105.28336,22.44855],[105.28197,22.44827],[105.28098,22.4474],[105.28039,22.44588],[105.27975,22.44522],[105.27985,22.44442],[105.28062,22.44374],[105.28206,22.44325],[105.28218,22.44192],[105.28286,22.44138],[105.2827,22.44063],[105.28192,22.43997],[105.28154,22.43895],[105.28006,22.43885],[105.27921,22.43749],[105.2771,22.43668],[105.27652,22.43548],[105.2751,22.43394],[105.27397,22.43471],[105.27293,22.43469],[105.27261,22.43458],[105.27254,22.434],[105.27057,22.43352],[105.27065,22.43296],[105.27114,22.43254],[105.2708,22.43212],[105.27058,22.43013],[105.27178,22.42871],[105.27183,22.42775],[105.26923,22.42347],[105.26875,22.42171],[105.26915,22.41904],[105.26961,22.41803],[105.27121,22.41647],[105.27031,22.4153],[105.27019,22.41448],[105.26944,22.41396],[105.26942,22.41307],[105.26892,22.41253],[105.26907,22.41129],[105.27018,22.41092],[105.26952,22.40973],[105.2675,22.40892],[105.26689,22.40711],[105.26591,22.40704],[105.26488,22.40625],[105.2625,22.40572],[105.26157,22.40488],[105.26025,22.40276],[105.25995,22.40115],[105.26012,22.40058],[105.25961,22.39973],[105.26004,22.3987],[105.25918,22.39726],[105.25859,22.39683],[105.25649,22.39638],[105.25503,22.39672],[105.25441,22.39734],[105.25143,22.39638],[105.25091,22.39677],[105.25032,22.3981],[105.24966,22.39876],[105.24896,22.40085],[105.2457,22.40327],[105.24713,22.40539],[105.24728,22.40855],[105.24798,22.41106],[105.24778,22.41228],[105.24509,22.41486],[105.24411,22.41481],[105.2434,22.414],[105.2426,22.41385],[105.24101,22.41671],[105.24092,22.41784],[105.24003,22.4196],[105.23817,22.41983],[105.23731,22.42037],[105.23652,22.4202],[105.23571,22.42055],[105.23395,22.42064],[105.23268,22.42134],[105.23182,22.42094],[105.2311,22.41945],[105.23035,22.41958],[105.22961,22.41924],[105.22699,22.42281],[105.22549,22.42371],[105.22484,22.42453],[105.22336,22.42422],[105.2222,22.42521],[105.21947,22.42553],[105.21659,22.42488],[105.21582,22.42642],[105.21399,22.42719],[105.21347,22.42839],[105.21004,22.42781],[105.20896,22.42795],[105.20772,22.42745],[105.2053,22.4284],[105.204,22.43016],[105.20486,22.43194],[105.20504,22.43308],[105.20427,22.43586],[105.20444,22.4376],[105.20351,22.43852],[105.20152,22.43896],[105.20021,22.44103],[105.19991,22.44293],[105.19896,22.44439],[105.19901,22.44578],[105.1983,22.44654],[105.19822,22.44748],[105.19767,22.44826],[105.19798,22.44908],[105.19778,22.45044],[105.19671,22.45132],[105.19522,22.45193],[105.18922,22.45116],[105.18865,22.45211],[105.18711,22.45238],[105.18496,22.45172],[105.18372,22.45256],[105.18223,22.45294],[105.17978,22.45429],[105.17816,22.45705],[105.17469,22.4592],[105.17298,22.45977],[105.17048,22.46255],[105.16867,22.46288],[105.16582,22.46405],[105.16238,22.46594],[105.16131,22.46771],[105.16108,22.46955],[105.16007,22.47103],[105.15771,22.47182],[105.15633,22.47322],[105.15387,22.47384],[105.15293,22.47455],[105.15178,22.47483],[105.15037,22.47802],[105.15038,22.47879],[105.14975,22.47848],[105.14819,22.47857],[105.14464,22.47802],[105.14334,22.47906],[105.14185,22.47964],[105.13875,22.47988],[105.1371,22.47948],[105.136,22.47957],[105.13538,22.48017],[105.13441,22.48023],[105.13199,22.48145],[105.13016,22.48122],[105.1285,22.48186],[105.1269,22.48194],[105.12507,22.48156],[105.12377,22.48273],[105.12162,22.48332],[105.12021,22.4833],[105.11824,22.4843],[105.11661,22.48396],[105.114,22.48398],[105.11198,22.48529],[105.11136,22.48616],[105.11105,22.48736],[105.11025,22.48785],[105.10862,22.49025],[105.10741,22.49076],[105.10852,22.49337],[105.10834,22.49463],[105.10859,22.49528],[105.11025,22.49693],[105.11109,22.4985],[105.11126,22.49968],[105.11186,22.50006],[105.11344,22.50255],[105.11466,22.5034],[105.11631,22.50679],[105.11738,22.50816],[105.11535,22.50992],[105.11563,22.51151],[105.11725,22.51261],[105.11946,22.51268],[105.12049,22.5133],[105.12028,22.51403],[105.12778,22.53543],[105.12772,22.53609],[105.12688,22.53723],[105.12632,22.5422],[105.12556,22.54275],[105.12516,22.5439],[105.12592,22.54515],[105.12598,22.54598],[105.12458,22.54762],[105.12315,22.55065],[105.1219,22.55143],[105.12188,22.55402],[105.12045,22.55489],[105.11977,22.55613],[105.12083,22.55916],[105.12087,22.5616],[105.12167,22.56289],[105.12023,22.56521],[105.11995,22.56766],[105.11819,22.56899],[105.11725,22.5711],[105.11409,22.57515],[105.11547,22.57631],[105.11589,22.57726],[105.11666,22.57793],[105.12001,22.57792],[105.12119,22.57911],[105.12262,22.57975],[105.12168,22.58143],[105.12151,22.58262],[105.12335,22.58474],[105.12497,22.58527],[105.12674,22.58519],[105.13012,22.58772],[105.13311,22.58887],[105.13378,22.59215],[105.13307,22.59278],[105.131,22.59318],[105.13013,22.59407],[105.12957,22.59401],[105.12869,22.59597],[105.12916,22.59686],[105.12839,22.59835],[105.12861,22.59977],[105.12827,22.60097],[105.12741,22.60187],[105.1269,22.60308],[105.12673,22.60522],[105.12612,22.60585],[105.12767,22.60623],[105.1295,22.60723],[105.13044,22.60828],[105.13214,22.60934],[105.13312,22.61069],[105.13461,22.61114],[105.13636,22.6109],[105.13734,22.61138],[105.13763,22.61263],[105.13928,22.61476],[105.13999,22.61664],[105.14042,22.61867],[105.14011,22.61952],[105.14044,22.62208],[105.14253,22.624389999999998],[105.14286,22.62547],[105.14403,22.62472],[105.14642,22.62395],[105.14733,22.62254],[105.1482,22.62192],[105.14981,22.62186],[105.15035,22.62098],[105.1512,22.62054],[105.15222,22.61864],[105.15323,22.61861],[105.15559,22.62066],[105.1578,22.62065],[105.15967,22.62154],[105.15951,22.62245],[105.15848,22.623],[105.158,22.62429],[105.15827,22.62616],[105.15698,22.62689],[105.15631,22.62771],[105.15523,22.6278],[105.15396,22.62934],[105.15672,22.63054],[105.15713,22.63153],[105.15547,22.63339],[105.1542,22.63642],[105.1525,22.63768],[105.1512,22.63781],[105.15037,22.63666],[105.14895,22.63642],[105.14671,22.63487],[105.1466,22.63593],[105.14537,22.63682],[105.14377,22.63711],[105.14291,22.63767],[105.142,22.63941],[105.14056,22.6393],[105.13949,22.63973],[105.13724,22.63979],[105.13639,22.64025],[105.13572,22.64095],[105.13543,22.64238],[105.13448,22.64393],[105.13369,22.64393],[105.13115,22.64644],[105.1306,22.64824],[105.13069,22.64905],[105.13032,22.64959],[105.131,22.65145],[105.13285,22.65236],[105.13364,22.65332],[105.13529,22.65431],[105.13502,22.65592],[105.13571,22.658],[105.13603,22.65815],[105.13589,22.65962],[105.13539,22.6598],[105.13696,22.66012],[105.13795,22.65956],[105.13958,22.65997],[105.14026,22.662],[105.13935,22.66449],[105.13822,22.66447],[105.13628,22.6659],[105.13467,22.66662],[105.13403,22.66754],[105.1308,22.66866],[105.13019,22.66984],[105.12904,22.67055],[105.1291,22.67195],[105.12828,22.6729],[105.12908,22.67426],[105.13292,22.676],[105.13412,22.67706],[105.13435,22.67862],[105.1367,22.6805],[105.13836,22.68481],[105.13895,22.68566],[105.13877,22.68695],[105.142,22.69047],[105.14618,22.6923],[105.14683,22.69404],[105.14768,22.6949],[105.1483,22.698],[105.14917,22.697],[105.15424,22.69483],[105.15531,22.6936]]]]}},
{"type":"Feature","id":"02269","properties":{"Ward_Code":"02269","Ward_Code_Num":2269,"Ward":"Thượng Lâm","Ward_Alt":"Thượng Lâm","Ward_Upper":"THƯỢNG LÂM","Ward_Full":"Xã Thượng Lâm","Ward_Full_Alt":"Xã Thượng Lâm","Ward_Full_Upper_Alt":"XÃ THƯỢNG LÂM","Ward_Type":"Xã","Province_Code":"08","Province":"Tuyên Quang","Province_Upper_Alt":"TUYÊN QUANG"},"geometry":{"type":"MultiPolygon","coordinates":[[[[105.39083,22.48896],[105.39025,22.48748],[105.38884,22.48674],[105.38773,22.4855],[105.38732,22.48416],[105.38765,22.47923],[105.38536,22.47742],[105.38459,22.47529],[105.3827,22.47297],[105.38226,22.47198],[105.3795,22.47025],[105.38116,22.46818],[105.38365,22.4616],[105.385,22.45602],[105.38588,22.45478],[105.38426,22.45139],[105.38331,22.44823],[105.38069,22.43665],[105.3808,22.43382],[105.38179,22.42848],[105.38143,22.42321],[105.381,22.42071],[105.37995,22.41742],[105.37983,22.41594],[105.38041,22.41344],[105.38096,22.40271],[105.37862,22.40297],[105.3769,22.40371],[105.3733,22.40431],[105.36698,22.4069],[105.36329,22.40879],[105.36155,22.40855],[105.35933,22.40957],[105.35738,22.4086],[105.35561,22.40872],[105.35255,22.41532],[105.35069,22.41398],[105.34462,22.41747],[105.34079,22.41462],[105.33978,22.41287],[105.33929,22.41261],[105.3375,22.41349],[105.33686,22.41343],[105.33597,22.41166],[105.3348,22.4108],[105.32922,22.408],[105.32507,22.40728],[105.32059,22.40317],[105.31623,22.40121],[105.31324,22.39887],[105.3099,22.39772],[105.30982,22.40371],[105.30954,22.40447],[105.30814,22.40592],[105.30892,22.40822],[105.30913,22.41035],[105.30739,22.41114],[105.30724,22.41161],[105.30818,22.41339],[105.30586,22.41507],[105.30397,22.41733],[105.30312,22.41746],[105.30293,22.41865],[105.30126,22.4194],[105.29943,22.42071],[105.29918,22.42203],[105.2983,22.42225],[105.29441,22.42166],[105.29241,22.42168],[105.29178,22.42196],[105.29015,22.42376],[105.28891,22.42408],[105.28842,22.42475],[105.2874,22.42482],[105.28686,22.42612],[105.28727,22.42639],[105.28726,22.42677],[105.28626,22.4282],[105.2863,22.43126],[105.28366,22.43253],[105.2834,22.43337],[105.28251,22.43376],[105.28138,22.43536],[105.27988,22.4356],[105.27804,22.43688],[105.27921,22.43749],[105.28006,22.43885],[105.28165,22.43904],[105.28192,22.43997],[105.28286,22.44095],[105.28286,22.44138],[105.28218,22.44192],[105.28202,22.44331],[105.28062,22.44374],[105.27985,22.44442],[105.27975,22.44522],[105.28039,22.44588],[105.28098,22.4474],[105.28197,22.44827],[105.28336,22.44855],[105.28383,22.45049],[105.28471,22.45091],[105.28408,22.451],[105.28378,22.45214],[105.28456,22.45302],[105.28511,22.45628],[105.28435,22.45587],[105.28334,22.45635],[105.28274,22.45598],[105.28206,22.45485],[105.27924,22.45409],[105.27822,22.45474],[105.27565,22.45459],[105.27502,22.45483],[105.27414,22.45589],[105.27342,22.45604],[105.27288,22.45838],[105.27303,22.45876],[105.27215,22.45896],[105.27178,22.4596],[105.26978,22.45957],[105.26933,22.46038],[105.26859,22.46081],[105.26548,22.46144],[105.26455,22.46199],[105.26436,22.46298],[105.2631,22.46397],[105.26263,22.4659],[105.25905,22.46872],[105.25967,22.46945],[105.26008,22.47071],[105.2616,22.47272],[105.26392,22.47332],[105.26561,22.47474],[105.26586,22.47782],[105.2666,22.47972],[105.26547,22.48267],[105.26502,22.48294],[105.26382,22.48498],[105.26239,22.48575],[105.26154,22.48714],[105.25573,22.48945],[105.25459,22.49239],[105.25457,22.49407],[105.25368,22.4958],[105.25262,22.49667],[105.25165,22.497],[105.25122,22.49773],[105.24975,22.49796],[105.24907,22.49844],[105.24722,22.49838],[105.24522,22.49776],[105.24205,22.49764],[105.24109,22.49703],[105.23978,22.49499],[105.23677,22.49485],[105.23408,22.49333],[105.23085,22.49504],[105.23009,22.49576],[105.23036,22.49678],[105.23025,22.49813],[105.2307,22.49837],[105.2315,22.4981],[105.23183,22.49872],[105.23191,22.50243],[105.233,22.50306],[105.23431,22.5031],[105.2345,22.50347],[105.23443,22.50394],[105.23354,22.50412],[105.23324,22.50575],[105.23238,22.50656],[105.23312,22.50831],[105.23377,22.50903],[105.23295,22.51058],[105.23321,22.51204],[105.23545,22.51267],[105.23723,22.5139],[105.23776,22.51503],[105.23782,22.51641],[105.23839,22.51697],[105.23976,22.51731],[105.24142,22.51713],[105.24354,22.51833],[105.24414,22.51911],[105.24394,22.52274],[105.24276,22.5239],[105.24252,22.52482],[105.2443,22.52585],[105.24461,22.52645],[105.24356,22.53051],[105.24409,22.531],[105.24569,22.53153],[105.24714,22.53284],[105.24627,22.5359],[105.24505,22.53661],[105.24488,22.53733],[105.24815,22.54037],[105.2487,22.54487],[105.24819,22.54492],[105.24692,22.54376],[105.24538,22.54313],[105.24471,22.54314],[105.24462,22.54358],[105.24593,22.54623],[105.24849,22.54877],[105.24909,22.55074],[105.25078,22.55246],[105.25044,22.55307],[105.248,22.55336],[105.24764,22.55405],[105.24773,22.55458],[105.2519,22.55824],[105.25672,22.56448],[105.2603,22.56713],[105.26364,22.57035],[105.25942,22.5777],[105.25728,22.57903],[105.2519,22.58111],[105.24412,22.59473],[105.23952,22.59998],[105.2385,22.60238],[105.23727,22.6144],[105.23828,22.61713],[105.23792,22.62169],[105.23844,22.62403],[105.2383,22.62578],[105.24105,22.63245],[105.23969,22.63983],[105.2397,22.64116],[105.24224,22.64674],[105.24344,22.64833],[105.24727,22.65165],[105.25331,22.6555],[105.2541,22.65395],[105.25878,22.65115],[105.26221,22.64987],[105.26693,22.64869],[105.27005,22.64892],[105.27356,22.64731],[105.27519,22.64583],[105.27868,22.64454],[105.2794,22.64387],[105.28009,22.64238],[105.28118,22.64129],[105.2818,22.64013],[105.28397,22.63925],[105.28402,22.63822],[105.28451,22.63713],[105.28408,22.63636],[105.28286,22.63552],[105.28255,22.63396],[105.2835,22.63293],[105.28327,22.63239],[105.28392,22.631],[105.28492,22.63107],[105.28687,22.63013],[105.28729,22.6275],[105.2883,22.62629],[105.28835,22.62568],[105.28669,22.62441],[105.28588,22.62245],[105.2864,22.62173],[105.28656,22.6206],[105.28665,22.61795],[105.28629,22.61719],[105.28698,22.61706],[105.28776,22.61586],[105.28857,22.61536],[105.28898,22.61392],[105.29082,22.61339],[105.29115,22.61394],[105.29108,22.61454],[105.29202,22.61472],[105.2979,22.61317],[105.2983,22.61332],[105.2986,22.61417],[105.29961,22.61426],[105.30065,22.61325],[105.30166,22.61294],[105.30226,22.61349],[105.3031,22.61359],[105.31016,22.61292],[105.31123,22.61363],[105.31226,22.61304],[105.31233,22.61266],[105.31203,22.61116],[105.31104,22.60966],[105.31207,22.6063],[105.31314,22.60584],[105.31396,22.60587],[105.31682,22.60383],[105.31826,22.60425],[105.32025,22.60429],[105.32325,22.60333],[105.32508,22.6019],[105.3256,22.60084],[105.32833,22.59922],[105.33137,22.59909],[105.33316,22.59829],[105.33441,22.59866],[105.33464,22.59773],[105.33612,22.59625],[105.33709,22.5944],[105.33872,22.59278],[105.33917,22.59178],[105.3393,22.59024],[105.3413,22.5898],[105.34207,22.58899],[105.34168,22.58798],[105.34296,22.58805],[105.34316,22.58687],[105.3436,22.58645],[105.34374,22.58499],[105.34423,22.5844],[105.34415,22.58344],[105.34493,22.58134],[105.34569,22.58033],[105.34579,22.57916],[105.34639,22.57849],[105.34668,22.57685],[105.34752,22.57533],[105.34692,22.57416],[105.34759,22.57233],[105.34684,22.57103],[105.34672,22.57014],[105.34879,22.56886],[105.34914,22.56772],[105.34997,22.56751],[105.35161,22.56577],[105.35166,22.56473],[105.35121,22.56377],[105.35,22.56273],[105.34952,22.56165],[105.34776,22.56086],[105.34715,22.55919],[105.34769,22.55812],[105.34689,22.55683],[105.34718,22.55496],[105.35215,22.55431],[105.35301,22.55497],[105.35392,22.55509],[105.35575,22.55465],[105.35749,22.55474],[105.3594,22.55325],[105.36248,22.55005],[105.3629,22.54788],[105.36347,22.54726],[105.36502,22.5429],[105.36511,22.54073],[105.36568,22.53886],[105.36693,22.53892],[105.36721,22.53822],[105.3698,22.53649],[105.37118,22.53664],[105.37221,22.53633],[105.37437,22.53371],[105.37629,22.53288],[105.37631,22.53189],[105.37765,22.53025],[105.37796,22.52936],[105.3785,22.52916],[105.3784,22.52816],[105.3801,22.5274],[105.38051,22.52638],[105.38188,22.52611],[105.38239,22.5256],[105.38294,22.52355],[105.38251,22.52258],[105.38299,22.52065],[105.38439,22.51965],[105.38641,22.5192],[105.38797,22.51834],[105.38868,22.51529],[105.39488,22.50608],[105.39994,22.5056],[105.40248,22.5013],[105.40276,22.49554],[105.39849,22.49091],[105.39092,22.48922],[105.39083,22.48896]]]]}},
{"type":"Feature","id":"02287","properties":{"Ward_Code":"02287","Ward_Code_Num":2287,"Ward":"Chiêm Hoá","Ward_Alt":"Chiêm Hóa","Ward_Upper":"CHIÊM HOÁ","Ward_Full":"Xã Chiêm Hoá","Ward_Full_Alt":"Xã Chiêm Hóa","Ward_Full_Upper_Alt":"XÃ CHIÊM HÓA","Ward_Type":"Xã","Province_Code":"08","Province":"Tuyên Quang","Province_Upper_Alt":"TUYÊN QUANG"},"geometry":{"type":"MultiPolygon","coordinates":[[[[105.26686,22.21246],[105.26791,22.21255],[105.26874,22.212039999999998],[105.26951,22.21215],[105.27111,22.21169],[105.27324,22.21195],[105.27777,22.21096],[105.27985,22.20983],[105.28129,22.21005],[105.28274,22.20935],[105.2854,22.20953],[105.28831,22.208],[105.28974,22.20855],[105.29254,22.20775],[105.29629,22.20838],[105.29686,22.20807],[105.29728,22.20725],[105.29942,22.20634],[105.30293,22.20762],[105.30418,22.20726],[105.3068,22.20741],[105.30935,22.20624],[105.31158,22.20729],[105.3118,22.20804],[105.31203,22.20659],[105.31286,22.2059],[105.31396,22.20581],[105.31573,22.20416],[105.31776,22.20418],[105.32034,22.205],[105.32007,22.2063],[105.32047,22.20789],[105.32282,22.20854],[105.32432,22.20822],[105.32704,22.20898],[105.32985,22.2084],[105.33189,22.20844],[105.33455,22.20769],[105.33938,22.20794],[105.34098,22.20738],[105.34296,22.20808],[105.34363,22.20754],[105.34296,22.20519],[105.34151,22.20372],[105.3401,22.20034],[105.33887,22.19947],[105.33885,22.19864],[105.33962,22.19749],[105.33974,22.19579],[105.33933,22.1955],[105.33678,22.19545],[105.33697,22.19447],[105.33817,22.19388],[105.33964,22.19188],[105.34027,22.19151],[105.34075,22.18986],[105.34233,22.18903],[105.34267,22.18752],[105.34099,22.18665],[105.34001,22.18435],[105.33476,22.18502],[105.33263,22.18421],[105.3331,22.18239],[105.33381,22.18188],[105.33379,22.18117],[105.33259,22.18117],[105.33123,22.18166],[105.33045,22.18136],[105.33011,22.18071],[105.32768,22.1824],[105.32682,22.18244],[105.32578,22.18207],[105.32397,22.18206],[105.32184,22.18117],[105.32146,22.18006],[105.32201,22.17809],[105.32264,22.17758],[105.32192,22.17722],[105.32126,22.17539],[105.3221,22.17407],[105.3216,22.17332],[105.32168,22.17281],[105.32337,22.16945],[105.32285,22.16772],[105.32326,22.16503],[105.32552,22.16293],[105.32647,22.16151],[105.32622,22.16007],[105.32666,22.15853],[105.32794,22.15793],[105.32995,22.15853],[105.33327,22.15862],[105.33448,22.15747],[105.33498,22.15584],[105.33641,22.15495],[105.33747,22.15311],[105.33726,22.15193],[105.33816,22.14741],[105.33983,22.1444],[105.33887,22.14245],[105.33901,22.14075],[105.33618,22.13971],[105.33323,22.13748],[105.33012,22.13718],[105.32515,22.13423],[105.3223,22.13435],[105.32115,22.13251],[105.31927,22.13188],[105.31516,22.12969],[105.31386,22.12951],[105.31291,22.12837],[105.31163,22.12783],[105.31027,22.12603],[105.30938,22.12608],[105.30877,22.12531],[105.30808,22.125],[105.30556,22.12477],[105.30443,22.12422],[105.30042,22.12332],[105.3,22.12181],[105.29896,22.12134],[105.29795,22.12147],[105.29523,22.12101],[105.2946,22.12136],[105.29352,22.1204],[105.29138,22.11952],[105.28627,22.11892],[105.28506,22.11813],[105.28227,22.11943],[105.28083,22.11894],[105.27901,22.11936],[105.27785,22.11924],[105.27693,22.11768],[105.27373,22.1163],[105.27116,22.11649],[105.26578,22.11574],[105.26579,22.11402],[105.26732,22.10979],[105.26733,22.10904],[105.26919,22.10515],[105.27493,22.10018],[105.2779,22.09467],[105.28032,22.09322],[105.28672,22.09065],[105.28777,22.08907],[105.2877,22.0878],[105.28567,22.08401],[105.28406,22.08263],[105.28139,22.07847],[105.28014,22.07979],[105.27799,22.0803],[105.27901,22.0818],[105.27783,22.08186],[105.27788,22.08244],[105.27853,22.08238],[105.2787,22.08266],[105.27796,22.083],[105.27741,22.08389],[105.27694,22.08375],[105.2765,22.08308],[105.27588,22.08308],[105.27632,22.08262],[105.27694,22.08252],[105.27588,22.08157],[105.27571,22.08191],[105.27603,22.08239],[105.27477,22.08217],[105.27463,22.0825],[105.27524,22.08391],[105.27279,22.08756],[105.27415,22.08787],[105.27556,22.08749],[105.27761,22.08818],[105.27693,22.08923],[105.27502,22.09069],[105.27126,22.09218],[105.27076,22.0932],[105.26844,22.09551],[105.26694,22.0964],[105.26477,22.09904],[105.26062,22.09979],[105.25819,22.10128],[105.25768,22.10193],[105.25796,22.10234],[105.25778,22.10375],[105.25948,22.10494],[105.25815,22.10658],[105.25634,22.10624],[105.2547,22.10682],[105.2539,22.10757],[105.25276,22.10783],[105.25195,22.10884],[105.25205,22.10976],[105.25143,22.11027],[105.2502,22.11252],[105.24535,22.11101],[105.24116,22.11106],[105.24135,22.11323],[105.2409,22.11379],[105.24104,22.11578],[105.23996,22.11725],[105.23815,22.11889],[105.23689,22.11946],[105.23725,22.12026],[105.23867,22.12002],[105.24118,22.12065],[105.24074,22.12228],[105.23982,22.12403],[105.24188,22.12476],[105.24238,22.12679],[105.24317,22.12771],[105.2433,22.1295],[105.24379,22.13002],[105.24461,22.13014],[105.24313,22.13231],[105.24,22.13241],[105.23885,22.13287],[105.23842,22.13461],[105.23625,22.13844],[105.236,22.14033],[105.23508,22.14162],[105.23512,22.1459],[105.23453,22.14853],[105.23281,22.15071],[105.23113,22.15166],[105.22803,22.15164],[105.2268,22.1521],[105.22516,22.15188],[105.22391,22.15134],[105.22167,22.15151],[105.2206,22.15095],[105.21961,22.15093],[105.22034,22.14948],[105.21997,22.14836],[105.21927,22.14818],[105.21863,22.14878],[105.21777,22.1508],[105.2167,22.15097],[105.21547,22.15003],[105.21311,22.15034],[105.21212,22.15106],[105.21223,22.15163],[105.21185,22.15249],[105.21057,22.15291],[105.20948,22.15424],[105.20816,22.154419999999998],[105.20722,22.15598],[105.20602,22.15679],[105.20513,22.15688],[105.20049,22.16113],[105.19318,22.164],[105.19476,22.16563],[105.19603,22.16645],[105.19656,22.16799],[105.19636,22.16958],[105.19892,22.17294],[105.19928,22.17507],[105.20032,22.17532],[105.20176,22.17668],[105.20381,22.17692],[105.20712,22.17637],[105.20839,22.17712],[105.20861,22.17784],[105.20979,22.17843],[105.21084,22.17797],[105.21274,22.17638],[105.21555,22.1763],[105.21662,22.1769],[105.21686,22.17849],[105.2174,22.17883],[105.21975,22.17858],[105.2215,22.17758],[105.22231,22.1783],[105.2237,22.17854],[105.22598,22.18064],[105.23096,22.18048],[105.23112,22.18102],[105.23013,22.1849],[105.23073,22.18626],[105.23001,22.18693],[105.23039,22.18874],[105.22875,22.19036],[105.22872,22.19471],[105.22935,22.1955],[105.23086,22.19615],[105.23151,22.19739],[105.23147,22.19833],[105.23235,22.19862],[105.23439,22.20123],[105.23568,22.20201],[105.23755,22.1972],[105.23983,22.19716],[105.24019,22.19636],[105.24067,22.19607],[105.24103,22.19623],[105.24194,22.19817],[105.24311,22.19851],[105.24524,22.2],[105.24814,22.19985],[105.25008,22.20028],[105.25164,22.1996],[105.25226,22.20067],[105.25316,22.20078],[105.25309,22.20315],[105.25528,22.20582],[105.25635,22.20643],[105.25782,22.20637],[105.25822,22.2068],[105.25949,22.20684],[105.26027,22.20722],[105.26037,22.20754],[105.25993,22.20784],[105.26036,22.20893],[105.26251,22.21044],[105.263,22.21213],[105.26406,22.2129],[105.26504,22.21317],[105.26686,22.21246]]]]}},
{"type":"Feature","id":"02296","properties":{"Ward_Code":"02296","Ward_Code_Num":2296,"Ward":"Bình An","Ward_Alt":"Bình An","Ward_Upper":"BÌNH AN","Ward_Full":"Xã Bình An","Ward_Full_Alt":"Xã Bình An","Ward_Full_Upper_Alt":"XÃ BÌNH AN","Ward_Type":"Xã","Province_Code":"08","Province":"Tuyên Quang","Province_Upper_Alt":"TUYÊN QUANG"},"geometry":{"type":"MultiPolygon","coordinates":[[[[105.11481,22.4839],[105.11824,22.4843],[105.12021,22.4833],[105.12162,22.48332],[105.12377,22.48273],[105.12507,22.48156],[105.1269,22.48194],[105.1285,22.48186],[105.13016,22.48122],[105.13199,22.48145],[105.13441,22.48023],[105.13538,22.48017],[105.136,22.47957],[105.1371,22.47948],[105.13875,22.47988],[105.14185,22.47964],[105.14334,22.47906],[105.14464,22.47802],[105.14819,22.47857],[105.14975,22.47848],[105.15038,22.47879],[105.15037,22.47802],[105.15178,22.47483],[105.15293,22.47455],[105.15387,22.47384],[105.15633,22.47322],[105.15771,22.47182],[105.16007,22.47103],[105.16108,22.46955],[105.16131,22.46771],[105.16238,22.46594],[105.16582,22.46405],[105.16867,22.46288],[105.17048,22.46255],[105.17298,22.45977],[105.17469,22.4592],[105.17816,22.45705],[105.17978,22.45429],[105.18223,22.45294],[105.18384,22.4525],[105.18474,22.45176],[105.18691,22.45238],[105.18807,22.45226],[105.18865,22.45211],[105.1894,22.45116],[105.19522,22.45193],[105.19766,22.45062],[105.19798,22.44908],[105.19767,22.44826],[105.19822,22.44748],[105.1983,22.44654],[105.19901,22.44578],[105.19896,22.44439],[105.19991,22.44293],[105.20012,22.44119],[105.20152,22.43896],[105.20351,22.43852],[105.20444,22.4376],[105.20427,22.43586],[105.20504,22.43308],[105.20486,22.43194],[105.204,22.43016],[105.20562,22.42818],[105.20772,22.42745],[105.20896,22.42795],[105.21004,22.42781],[105.21347,22.42839],[105.21399,22.42719],[105.21582,22.42642],[105.21659,22.42488],[105.21947,22.42553],[105.2222,22.42521],[105.22336,22.42422],[105.22484,22.42453],[105.22549,22.42371],[105.22699,22.42281],[105.22961,22.41924],[105.23035,22.41958],[105.2311,22.41945],[105.23182,22.42094],[105.23268,22.42134],[105.23395,22.42064],[105.23571,22.42055],[105.23652,22.4202],[105.23731,22.42037],[105.23817,22.41983],[105.23994,22.41965],[105.24092,22.41784],[105.24101,22.41671],[105.2426,22.41385],[105.2434,22.414],[105.24442,22.41491],[105.2456,22.41458],[105.24778,22.41228],[105.24798,22.41155],[105.24728,22.40855],[105.24713,22.40539],[105.2457,22.40327],[105.24896,22.40085],[105.24966,22.39876],[105.25032,22.3981],[105.25091,22.39677],[105.2522,22.39562],[105.25231,22.39506],[105.25174,22.39277],[105.25115,22.39216],[105.25022,22.3901],[105.25043,22.38767],[105.24948,22.38613],[105.24905,22.38196],[105.24677,22.38113],[105.24738,22.37957],[105.24783,22.37658],[105.25068,22.37542],[105.25085,22.37456],[105.25026,22.37327],[105.24872,22.37256],[105.24776,22.37164],[105.24809,22.36922],[105.24696,22.36646],[105.24625,22.36557],[105.24542,22.36311],[105.24316,22.3619],[105.2412,22.36233],[105.23621,22.3616],[105.23365,22.36266],[105.23257,22.3627],[105.23078,22.36433],[105.22921,22.36414],[105.22766,22.36467],[105.22654,22.3642],[105.22578,22.36334],[105.22378,22.35844],[105.22234,22.35713],[105.22202,22.35468],[105.22106,22.3533],[105.22212,22.34959],[105.221,22.34892],[105.22044,22.34707],[105.21797,22.34385],[105.21703,22.34315],[105.21662,22.34204],[105.21533,22.34172],[105.21407,22.34044],[105.21301,22.33763],[105.21036,22.33599],[105.20881,22.33328],[105.20798,22.33427],[105.20626,22.33481],[105.20286,22.33722],[105.20187,22.33734],[105.20056,22.33668],[105.1994,22.3377],[105.19573,22.3379],[105.19383,22.3387],[105.19286,22.33839],[105.1925,22.33734],[105.19092,22.33716],[105.19024,22.33778],[105.19011,22.33846],[105.18877,22.33826],[105.18822,22.33914],[105.18719,22.33973],[105.18588,22.33987],[105.18423,22.34084],[105.18313,22.3408],[105.18193,22.34234],[105.18184,22.34307],[105.18064,22.34341],[105.18,22.34525],[105.1799,22.34677],[105.17932,22.34761],[105.17693,22.34856],[105.17523,22.34983],[105.17254,22.35046],[105.17138,22.35127],[105.17103,22.35226],[105.16919,22.35314],[105.1689,22.35398],[105.16981,22.35561],[105.16975,22.35613],[105.16559,22.36107],[105.16467,22.36291],[105.16475,22.36744],[105.16511,22.36882],[105.16462,22.37021],[105.16316,22.3711],[105.1606,22.37055],[105.15895,22.37129],[105.15673,22.37134],[105.15531,22.3721],[105.15409,22.3736],[105.15409,22.37414],[105.15334,22.3748],[105.15329,22.37634],[105.15401,22.37747],[105.15239,22.3803],[105.14864,22.38189],[105.14778,22.3818],[105.1467,22.38224],[105.14297,22.38272],[105.14086,22.38409],[105.14043,22.3858],[105.14138,22.38728],[105.14078,22.38842],[105.14119,22.3892],[105.14214,22.38995],[105.1418,22.39243],[105.14317,22.39371],[105.14555,22.39456],[105.14543,22.39794],[105.1418,22.39819],[105.1383,22.39755],[105.13734,22.39835],[105.13557,22.3991],[105.13449,22.40113],[105.13325,22.40216],[105.13334,22.40353],[105.13563,22.4066],[105.13529,22.40828],[105.13586,22.40908],[105.13654,22.41192],[105.13625,22.41393],[105.13663,22.4156],[105.13602,22.41663],[105.13606,22.41765],[105.1365,22.41873],[105.13817,22.42018],[105.13932,22.42258],[105.13888,22.4269],[105.13942,22.42913],[105.14061,22.43166],[105.14022,22.43292],[105.14051,22.44131],[105.13796,22.44322],[105.13614,22.44398],[105.13546,22.4462],[105.13332,22.44972],[105.13226,22.45015],[105.13155,22.45121],[105.12765,22.45229],[105.12668,22.45332],[105.12633,22.45457],[105.12462,22.45559],[105.12302,22.4559],[105.12135,22.45672],[105.11927,22.45988],[105.11701,22.46055],[105.11495,22.46238],[105.1132,22.46318],[105.11113,22.4647],[105.11158,22.46549],[105.11116,22.46779],[105.11168,22.4691],[105.11162,22.47111],[105.11002,22.47333],[105.10996,22.47472],[105.11147,22.47794],[105.11146,22.4798],[105.11228,22.4838],[105.11298,22.48443],[105.11481,22.4839]]]]}},
{"type":"Feature","id":"02302","properties":{"Ward_Code":"02302","Ward_Code_Num":2302,"Ward":"Minh Quang","Ward_Alt":"Minh Quang","Ward_Upper":"MINH QUANG","Ward_Full":"Xã Minh Quang","Ward_Full_Alt":"Xã Minh Quang","Ward_Full_Upper_Alt":"XÃ MINH QUANG","Ward_Type":"Xã","Province_Code":"08","Province":"Tuyên Quang","Province_Upper_Alt":"TUYÊN QUANG"},"geometry":{"type":"MultiPolygon","coordinates":[[[[105.25143,22.39638],[105.25441,22.39734],[105.25503,22.39672],[105.25649,22.39638],[105.25875,22.39692],[105.25961,22.39564],[105.26327,22.39322],[105.2659,22.39405],[105.26651,22.39392],[105.2677,22.39452],[105.26853,22.39548],[105.27184,22.39549],[105.2728,22.39516],[105.27411,22.39575],[105.27575,22.39564],[105.27645,22.39611],[105.27768,22.39559],[105.27837,22.39589],[105.27969,22.39565],[105.28108,22.39281],[105.28083,22.39193],[105.28099,22.38958],[105.28004,22.38671],[105.28038,22.38466],[105.2799,22.38334],[105.28048,22.38182],[105.28161,22.38077],[105.28182,22.37836],[105.28307,22.37783],[105.28421,22.37676],[105.28627,22.37626],[105.28726,22.37461],[105.28808,22.37479],[105.28974,22.37604],[105.29066,22.37583],[105.29216,22.37613],[105.29373,22.37578],[105.2944,22.37481],[105.29318,22.37262],[105.29228,22.37179],[105.29247,22.37002],[105.29388,22.368],[105.29347,22.36681],[105.29232,22.36614],[105.29023,22.36307],[105.28882,22.35735],[105.2901,22.35621],[105.29002,22.35328],[105.29041,22.35231],[105.29103,22.35186],[105.29151,22.34749],[105.29332,22.34579],[105.29213,22.34497],[105.29144,22.34282],[105.28863,22.34213],[105.28658,22.34101],[105.28296,22.33824],[105.28125,22.33795],[105.27898,22.33688],[105.27957,22.33578],[105.277,22.33442],[105.27735,22.3301],[105.27599,22.32638],[105.27662,22.3239],[105.2786,22.32188],[105.27949,22.3173],[105.28057,22.31527],[105.27963,22.31506],[105.27766,22.31322],[105.27601,22.31258],[105.27542,22.31188],[105.27386,22.31154],[105.273,22.3101],[105.27216,22.30969],[105.27205,22.30774],[105.26983,22.30667],[105.2684,22.30548],[105.26743,22.30406],[105.26662,22.3036],[105.26662,22.30054],[105.26699,22.3001],[105.26732,22.2983],[105.26594,22.29768],[105.26389,22.29501],[105.26687,22.29325],[105.26718,22.29259],[105.26672,22.29057],[105.26783,22.28794],[105.26916,22.28736],[105.26974,22.28543],[105.27261,22.28333],[105.27386,22.28292],[105.27547,22.28134],[105.27693,22.2776],[105.27776,22.27659],[105.2776,22.27516],[105.27789,22.27379],[105.27756,22.27259],[105.27787,22.27173],[105.27762,22.26957],[105.27787,22.2682],[105.27704,22.26742],[105.27751,22.26489],[105.27556,22.26374],[105.2752,22.2628],[105.27521,22.26148],[105.27381,22.26041],[105.27277,22.2602],[105.27177,22.25723],[105.27014,22.25634],[105.26914,22.25505],[105.26668,22.25732],[105.2654,22.25905],[105.26282,22.261],[105.26134,22.26004],[105.25872,22.26108],[105.25755,22.25963],[105.25618,22.25885],[105.25281,22.2582],[105.25078,22.25826],[105.24985,22.25879],[105.24478,22.26006],[105.24199,22.26135],[105.24005,22.25946],[105.23917,22.25913],[105.23828,22.2592],[105.23693,22.2587],[105.23578,22.25885],[105.23449,22.25821],[105.23365,22.25864],[105.23198,22.25873],[105.23027,22.26223],[105.23014,22.26414],[105.22762,22.26445],[105.22682,22.26493],[105.22476,22.2654],[105.22408,22.26723],[105.22419,22.26938],[105.22205,22.27074],[105.22144,22.27233],[105.22053,22.27267],[105.21957,22.27236],[105.21902,22.27273],[105.21824,22.27558],[105.21853,22.2763],[105.21816,22.27712],[105.21834,22.27854],[105.21648,22.27937],[105.21697,22.28019],[105.21651,22.28137],[105.21688,22.28334],[105.21655,22.28468],[105.21736,22.28658],[105.21645,22.28773],[105.21598,22.28945],[105.21685,22.29119],[105.21552,22.2939],[105.2129,22.29319],[105.21083,22.28903],[105.21006,22.28832],[105.2092,22.28824],[105.20782,22.28901],[105.20392,22.29445],[105.20318,22.2959],[105.20284,22.29819],[105.20111,22.29935],[105.19922,22.30223],[105.19805,22.30274],[105.19734,22.30424],[105.19574,22.30606],[105.19233,22.30539],[105.19012,22.30439],[105.18731,22.30526],[105.18563,22.30516],[105.18398,22.30548],[105.18365,22.3053],[105.18338,22.30439],[105.18271,22.30424],[105.17632,22.30571],[105.17482,22.30658],[105.17367,22.3068],[105.16733,22.31123],[105.16447,22.31131],[105.16337,22.31244],[105.1628,22.31379],[105.163,22.31603],[105.15982,22.3169],[105.1588,22.31844],[105.15726,22.31871],[105.15324,22.31747],[105.15248,22.31858],[105.15089,22.31916],[105.15001,22.32018],[105.14931,22.32184],[105.14781,22.32267],[105.14632,22.3249],[105.144,22.32524],[105.14252,22.32503],[105.14122,22.32656],[105.14017,22.32715],[105.1383,22.32702],[105.13708,22.32652],[105.13584,22.32711],[105.13345,22.32658],[105.13231,22.32842],[105.1303,22.33025],[105.12806,22.33356],[105.1268,22.3307],[105.12421,22.32842],[105.12238,22.32747],[105.12118,22.32604],[105.12097,22.32495],[105.1206,22.32457],[105.11905,22.32348],[105.11498,22.32154],[105.11352,22.3216],[105.11295,22.32023],[105.11301,22.31844],[105.11215,22.31794],[105.11084,22.32168],[105.10928,22.3236],[105.10952,22.32499],[105.10868,22.32641],[105.10879,22.32738],[105.10803,22.33219],[105.10716,22.33331],[105.1063,22.33364],[105.10604,22.33407],[105.10566,22.33728],[105.10495,22.33749],[105.10468,22.3369],[105.10414,22.33698],[105.1041,22.33812],[105.10185,22.34099],[105.10115,22.34111],[105.1001,22.34257],[105.09956,22.34525],[105.09956,22.34699],[105.09803,22.34765],[105.09732,22.34708],[105.09647,22.34703],[105.09513,22.3475],[105.09345,22.34876],[105.0923,22.34909],[105.09068,22.34868],[105.08768,22.34876],[105.08706,22.34902],[105.08701,22.34996],[105.08653,22.35045],[105.08098,22.35233],[105.07901,22.35244],[105.08143,22.35252],[105.08329,22.35376],[105.0854,22.35677],[105.08604,22.35868],[105.08745,22.35967],[105.0874,22.36134],[105.08702,22.36278],[105.0848,22.36451],[105.08294,22.3674],[105.08251,22.36846],[105.08251,22.36979],[105.0812,22.37166],[105.08095,22.37258],[105.08003,22.37339],[105.07874,22.37319],[105.07833,22.3755],[105.07563,22.3774],[105.07576,22.37863],[105.0755,22.37958],[105.07316,22.38174],[105.07362,22.38241],[105.07282,22.38397],[105.07286,22.38521],[105.07328,22.38736],[105.07398,22.3877],[105.07192,22.3892],[105.07163,22.38987],[105.07174,22.39092],[105.06957,22.39294],[105.07084,22.39384],[105.0716,22.39372],[105.0722,22.39528],[105.07287,22.39455],[105.07571,22.39418],[105.07593,22.3951],[105.07744,22.39596],[105.0783,22.39551],[105.07985,22.39559],[105.0806,22.39587],[105.08129,22.3968],[105.08436,22.39514],[105.08804,22.39492],[105.08982,22.39445],[105.09121,22.39605],[105.09234,22.39885],[105.09246,22.40002],[105.09341,22.40186],[105.09488,22.40249],[105.09511,22.4035],[105.09666,22.40402],[105.09696,22.4049],[105.09654,22.40566],[105.09659,22.40629],[105.09821,22.40831],[105.09815,22.40928],[105.09896,22.41091],[105.09921,22.41272],[105.101,22.41438],[105.10019,22.41758],[105.09956,22.41864],[105.10009,22.42135],[105.09904,22.42222],[105.09724,22.42464],[105.09654,22.42682],[105.09638,22.42882],[105.09436,22.43114],[105.09279,22.43173],[105.09168,22.43307],[105.08993,22.43324],[105.08795,22.43604],[105.08694,22.43904],[105.0885,22.44032],[105.09013,22.44026],[105.09144,22.4406],[105.09329,22.44174],[105.09392,22.44266],[105.09557,22.44326],[105.09688,22.4443],[105.10078,22.44479],[105.10151,22.44588],[105.10348,22.44745],[105.10374,22.44817],[105.10596,22.45051],[105.10847,22.45088],[105.11259,22.45217],[105.11585,22.45392],[105.11785,22.45596],[105.11789,22.45754],[105.11746,22.45852],[105.11766,22.45997],[105.11701,22.46055],[105.11947,22.45972],[105.12071,22.45736],[105.12135,22.45672],[105.12302,22.4559],[105.12462,22.45559],[105.12633,22.45457],[105.12668,22.45332],[105.12765,22.45229],[105.13155,22.45121],[105.13226,22.45015],[105.13332,22.44972],[105.13546,22.4462],[105.13614,22.44398],[105.13796,22.44322],[105.14046,22.44151],[105.14022,22.43292],[105.14061,22.43166],[105.13942,22.42913],[105.13892,22.4272],[105.13932,22.42258],[105.13817,22.42018],[105.1365,22.41873],[105.1362,22.41811],[105.13602,22.41663],[105.13663,22.4156],[105.13625,22.41393],[105.13654,22.41192],[105.13586,22.40908],[105.13529,22.40828],[105.13563,22.4066],[105.13334,22.40353],[105.13318,22.40249],[105.13347,22.40176],[105.13449,22.40113],[105.13557,22.3991],[105.13734,22.39835],[105.1383,22.39755],[105.14238,22.39822],[105.14549,22.39785],[105.14555,22.39456],[105.14317,22.39371],[105.1418,22.39243],[105.14214,22.38995],[105.14119,22.3892],[105.14078,22.38842],[105.14138,22.38728],[105.14043,22.3858],[105.14086,22.38409],[105.14297,22.38272],[105.1467,22.38224],[105.14778,22.3818],[105.14864,22.38189],[105.15239,22.3803],[105.15401,22.37747],[105.15329,22.37634],[105.15334,22.3748],[105.15409,22.37414],[105.15409,22.3736],[105.15531,22.3721],[105.15673,22.37134],[105.15895,22.37129],[105.1606,22.37055],[105.16316,22.3711],[105.16462,22.37021],[105.16511,22.36882],[105.16475,22.36744],[105.16467,22.36291],[105.16559,22.36107],[105.16975,22.35613],[105.16981,22.35561],[105.1689,22.35398],[105.16899,22.35337],[105.16979,22.35269],[105.17103,22.35226],[105.17138,22.35127],[105.17254,22.35046],[105.17523,22.34983],[105.17693,22.34856],[105.17932,22.34761],[105.1799,22.34677],[105.18,22.34525],[105.18064,22.34341],[105.18184,22.34307],[105.18193,22.34234],[105.18313,22.3408],[105.18423,22.34084],[105.18588,22.33987],[105.18719,22.33973],[105.18822,22.33914],[105.18877,22.33826],[105.19011,22.33846],[105.19024,22.33778],[105.19092,22.33716],[105.1925,22.33734],[105.19286,22.33839],[105.19383,22.3387],[105.19573,22.3379],[105.1994,22.3377],[105.20056,22.33668],[105.20187,22.33734],[105.20286,22.33722],[105.20626,22.33481],[105.20798,22.33427],[105.20881,22.33328],[105.21036,22.33599],[105.21301,22.33763],[105.21407,22.34044],[105.21533,22.34172],[105.21662,22.34204],[105.21703,22.34315],[105.21797,22.34385],[105.22044,22.34707],[105.221,22.34892],[105.22212,22.34959],[105.22106,22.3533],[105.22202,22.35468],[105.22234,22.35713],[105.22378,22.35844],[105.22578,22.36334],[105.22654,22.3642],[105.22766,22.36467],[105.22921,22.36414],[105.23078,22.36433],[105.23257,22.3627],[105.23365,22.36266],[105.23549,22.3617],[105.23659,22.36158],[105.2412,22.36233],[105.24316,22.3619],[105.24515,22.36286],[105.24564,22.36339],[105.24625,22.36557],[105.24696,22.36646],[105.24809,22.36922],[105.24776,22.37164],[105.24872,22.37256],[105.25026,22.37327],[105.25085,22.37456],[105.25068,22.37542],[105.24783,22.37658],[105.24738,22.37957],[105.24677,22.38113],[105.24905,22.38196],[105.24948,22.38613],[105.25043,22.38767],[105.25022,22.3901],[105.25115,22.39216],[105.25174,22.39277],[105.2523,22.39491],[105.2522,22.39562],[105.25143,22.39638]]]]}},
{"type":"Feature","id":"02305","properties":{"Ward_Code":"02305","Ward_Code_Num":2305,"Ward":"Trung Hà","Ward_Alt":"Trung Hà","Ward_Upper":"TRUNG HÀ","Ward_Full":"Xã Trung Hà","Ward_Full_Alt":"Xã Trung Hà","Ward_Full_Upper_Alt":"XÃ TRUNG HÀ","Ward_Type":"Xã","Province_Code":"08","Province":"Tuyên Quang","Province_Upper_Alt":"TUYÊN QUANG"},"geometry":{"type":"MultiPolygon","coordinates":[[[[105.05544,22.35638],[105.05731,22.35739],[105.05853,22.35667],[105.06034,22.35686],[105.06368,22.35578],[105.06548,22.35578],[105.07198,22.35318],[105.07362,22.35424],[105.0747,22.35375],[105.07637,22.35228],[105.08072,22.35238],[105.08653,22.35045],[105.08701,22.34996],[105.08698,22.34916],[105.08742,22.34883],[105.09068,22.34868],[105.0923,22.34909],[105.09345,22.34876],[105.09513,22.3475],[105.09647,22.34703],[105.09732,22.34708],[105.09803,22.34765],[105.09956,22.34699],[105.09956,22.34525],[105.1001,22.34257],[105.10115,22.34111],[105.10185,22.34099],[105.1041,22.33812],[105.10414,22.33698],[105.10468,22.3369],[105.10495,22.33749],[105.10566,22.33728],[105.10604,22.33407],[105.1063,22.33364],[105.10716,22.33331],[105.10803,22.33219],[105.10879,22.32738],[105.10868,22.32641],[105.10952,22.32499],[105.10928,22.3236],[105.11084,22.32168],[105.1118,22.31836],[105.11404,22.31572],[105.11613,22.3145],[105.11762,22.31321],[105.11804,22.3121],[105.11806,22.31015],[105.11883,22.30893],[105.12046,22.30737],[105.12368,22.3064],[105.12439,22.30588],[105.12856,22.2989],[105.13237,22.29607],[105.13201,22.29444],[105.13137,22.29325],[105.13133,22.29186],[105.12951,22.29012],[105.12941,22.28854],[105.12842,22.28723],[105.12792,22.283],[105.12712,22.28199],[105.12595,22.28192],[105.12485,22.28297],[105.12312,22.28284],[105.12156,22.28317],[105.11973,22.28462],[105.11919,22.28458],[105.11876,22.28294],[105.11702,22.2821],[105.11575,22.28162],[105.11487,22.28235],[105.10966,22.27982],[105.10729,22.2793],[105.10562,22.27852],[105.10538,22.27752],[105.10667,22.27515],[105.10659,22.27358],[105.10737,22.27113],[105.10732,22.26648],[105.10703,22.26548],[105.10585,22.26444],[105.10558,22.26306],[105.10448,22.26094],[105.10235,22.25796],[105.10223,22.25696],[105.10133,22.25556],[105.10118,22.25423],[105.09795,22.25255],[105.09317,22.25276],[105.0899,22.25109],[105.08916,22.251],[105.08803,22.25021],[105.08732,22.24919],[105.08548,22.24842],[105.0848,22.24726],[105.08253,22.24575],[105.0818,22.24482],[105.08177,22.24304],[105.07852,22.23964],[105.07766,22.23821],[105.07664,22.23483],[105.0762,22.23163],[105.07507,22.22853],[105.07111,22.22929],[105.06982,22.22986],[105.06667,22.23007],[105.06503,22.23054],[105.06446,22.23135],[105.06344,22.23174],[105.06284,22.23272],[105.05923,22.23576],[105.05805,22.23534],[105.05499,22.23504],[105.05365,22.23407],[105.05234,22.23408],[105.05136,22.23452],[105.05118,22.23551],[105.04938,22.23534],[105.0489,22.23649],[105.04655,22.23785],[105.04307,22.23876],[105.04113,22.23758],[105.03905,22.23715],[105.03603,22.23875],[105.03521,22.23878],[105.0341,22.24],[105.0304,22.24097],[105.02906,22.24],[105.02771,22.23816],[105.0258,22.23757],[105.02509,22.238],[105.02453,22.23776],[105.02363,22.23652],[105.02336,22.23517],[105.02237,22.23371],[105.02135,22.23254],[105.02011,22.23194],[105.01998,22.23112],[105.0214,22.23006],[105.02192,22.22732],[105.02297,22.22573],[105.02297,22.22511],[105.0224,22.2243],[105.02138,22.22395],[105.01864,22.22454],[105.01693,22.22342],[105.01392,22.22258],[105.00912,22.22456],[105.00831,22.22255],[105.00753,22.22167],[105.00702,22.22304],[105.00611,22.22344],[105.00561,22.22433],[105.00587,22.22508],[105.00565,22.22583],[105.00616,22.22688],[105.006,22.22819],[105.00625,22.22925],[105.00568,22.2311],[105.0049,22.2318],[105.00322,22.23216],[105.00182,22.23365],[105.00086,22.23409],[105.00054,22.23541],[104.99945,22.23616],[104.99862,22.23742],[104.99736,22.23787],[104.99598,22.24037],[104.99674,22.24132],[104.99626,22.24545],[104.99639,22.24677],[104.99547,22.24807],[104.99447,22.2513],[104.99636,22.25345],[104.99648,22.25414],[104.996,22.25493],[104.99622,22.25522],[104.99719,22.25581],[104.9986,22.25606],[104.99911,22.2579],[105.00019,22.25914],[105.00059,22.26085],[105.00427,22.26129],[105.007,22.26122],[105.00866,22.26188],[105.00963,22.26294],[105.00966,22.26414],[105.0102,22.26476],[105.00991,22.26568],[105.01,22.26791],[105.01245,22.26927],[105.01314,22.2685],[105.01335,22.26725],[105.01488,22.26667],[105.01753,22.27036],[105.01916,22.27163],[105.01931,22.27204],[105.01891,22.27268],[105.02153,22.27641],[105.0233,22.27782],[105.02449,22.27812],[105.02547,22.27899],[105.02686,22.27909],[105.02862,22.28144],[105.02983,22.28246],[105.03201,22.28259],[105.03314,22.28321],[105.03388,22.28438],[105.04051,22.28656],[105.03902,22.28487],[105.04124,22.28424],[105.04192,22.28376],[105.04269,22.28098],[105.0467,22.28181],[105.048,22.28487],[105.04784,22.2869],[105.04882,22.28912],[105.0489,22.29036],[105.04839,22.29144],[105.04857,22.29247],[105.04967,22.29416],[105.04916,22.29981],[105.04994,22.30027],[105.05006,22.30067],[105.04962,22.30294],[105.04895,22.3036],[105.04685,22.30516],[105.0436,22.30661],[105.04557,22.30806],[105.04484,22.31112],[105.04547,22.31257],[105.0489,22.3135],[105.05004,22.31352],[105.05081,22.31403],[105.05336,22.31287],[105.05852,22.31354],[105.0597,22.31309],[105.05922,22.31404],[105.06,22.31592],[105.05981,22.31922],[105.05885,22.3208],[105.05889,22.32193],[105.0599,22.32541],[105.06108,22.32641],[105.06002,22.32906],[105.06162,22.32964],[105.06191,22.33016],[105.06014,22.33139],[105.0587,22.33366],[105.05706,22.3344],[105.05429,22.33634],[105.05184,22.33582],[105.05017,22.33809],[105.05042,22.33992],[105.05023,22.34117],[105.04898,22.34482],[105.04755,22.34585],[105.04614,22.34848],[105.04121,22.35192],[105.04659,22.35729],[105.05544,22.35638]]]]}},
{"type":"Feature","id":"02308","properties":{"Ward_Code":"02308","Ward_Code_Num":2308,"Ward":"Tân Mỹ","Ward_Alt":"Tân Mỹ","Ward_Upper":"TÂN MỸ","Ward_Full":"Xã Tân Mỹ","Ward_Full_Alt":"Xã Tân Mỹ","Ward_Full_Upper_Alt":"XÃ TÂN MỸ","Ward_Type":"Xã","Province_Code":"08","Province":"Tuyên Quang","Province_Upper_Alt":"TUYÊN QUANG"},"geometry":{"type":"MultiPolygon","coordinates":[[[[105.19922,22.30223],[105.20111,22.29935],[105.20284,22.29819],[105.20318,22.2959],[105.20659,22.29055],[105.20782,22.28901],[105.2092,22.28824],[105.21006,22.28832],[105.21083,22.28903],[105.2129,22.29319],[105.21499,22.29395],[105.21571,22.2937],[105.21685,22.29119],[105.21598,22.28945],[105.21645,22.28773],[105.21736,22.28658],[105.21655,22.28468],[105.21688,22.28334],[105.21651,22.28137],[105.21697,22.28019],[105.21648,22.27937],[105.21834,22.27854],[105.21816,22.27712],[105.21853,22.2763],[105.21824,22.27558],[105.21902,22.27273],[105.21957,22.27236],[105.22053,22.27267],[105.22144,22.27233],[105.22205,22.27074],[105.22419,22.26938],[105.22408,22.26723],[105.22476,22.2654],[105.22682,22.26493],[105.22762,22.26445],[105.23014,22.26414],[105.23027,22.26223],[105.2317,22.25892],[105.23247,22.25858],[105.23365,22.25864],[105.23462,22.25822],[105.23578,22.25885],[105.23693,22.2587],[105.23828,22.2592],[105.23917,22.25913],[105.24079,22.26005],[105.24188,22.26135],[105.24478,22.26006],[105.25149,22.25817],[105.25618,22.25885],[105.25755,22.25963],[105.25872,22.26108],[105.26134,22.26004],[105.26282,22.261],[105.2654,22.25905],[105.26668,22.25732],[105.26914,22.25505],[105.27014,22.25634],[105.27177,22.25723],[105.27277,22.2602],[105.27381,22.26041],[105.27521,22.26148],[105.2752,22.2628],[105.27556,22.26374],[105.27751,22.26489],[105.27704,22.26742],[105.27787,22.2682],[105.27762,22.26957],[105.27787,22.27173],[105.27756,22.27259],[105.27789,22.27379],[105.2776,22.27516],[105.27772,22.27676],[105.27877,22.27627],[105.28005,22.27614],[105.28072,22.27678],[105.28143,22.27693],[105.28343,22.27585],[105.28408,22.27627],[105.28651,22.27325],[105.28834,22.27399],[105.29022,22.27413],[105.29082,22.27314],[105.29207,22.27252],[105.2924,22.27154],[105.29283,22.27121],[105.29513,22.2709],[105.2979,22.26757],[105.29846,22.26734],[105.29812,22.26521],[105.29855,22.26386],[105.30071,22.26405],[105.30237,22.263],[105.30248,22.26084],[105.30307,22.2594],[105.30612,22.2591],[105.3071,22.25777],[105.30906,22.25809],[105.31117,22.25774],[105.31202,22.25862],[105.31392,22.25895],[105.31635,22.25759],[105.31737,22.25663],[105.32064,22.25603],[105.32532,22.25606],[105.3293,22.25716],[105.33122,22.25802],[105.33245,22.25966],[105.33458,22.26002],[105.33679,22.26239],[105.33893,22.26278],[105.34384,22.26293],[105.34566,22.26368],[105.351,22.26394],[105.35109,22.26073],[105.3525,22.25898],[105.35326,22.25712],[105.3546,22.25554],[105.3547,22.25464],[105.35335,22.25249],[105.35285,22.25034],[105.35039,22.24815],[105.34876,22.24464],[105.3474,22.24332],[105.3466,22.2398],[105.34583,22.2385],[105.34451,22.23777],[105.34138,22.237],[105.33955,22.2359],[105.33891,22.22976],[105.34044,22.22422],[105.33959,22.22311],[105.33857,22.22081],[105.33684,22.21974],[105.33493,22.21913],[105.33158,22.21674],[105.32989,22.2138],[105.32981,22.21108],[105.3291,22.21014],[105.32875,22.20865],[105.32696,22.20898],[105.32432,22.20822],[105.32282,22.20854],[105.32047,22.20789],[105.32007,22.2063],[105.32034,22.205],[105.31776,22.20418],[105.31573,22.20416],[105.31396,22.20581],[105.31286,22.2059],[105.31203,22.20659],[105.3118,22.20804],[105.31158,22.20729],[105.30935,22.20624],[105.3068,22.20741],[105.30418,22.20726],[105.30293,22.20762],[105.29942,22.20634],[105.29728,22.20725],[105.29686,22.20807],[105.29629,22.20838],[105.29254,22.20775],[105.28974,22.20855],[105.28831,22.208],[105.2854,22.20953],[105.28284,22.20934],[105.28129,22.21005],[105.27985,22.20983],[105.27676,22.21124],[105.27293,22.212],[105.27111,22.21169],[105.26951,22.21215],[105.26885,22.21202],[105.26791,22.21255],[105.26694,22.21244],[105.26501,22.21317],[105.26315,22.2123],[105.26251,22.21044],[105.26036,22.20893],[105.25993,22.20784],[105.26037,22.20754],[105.26027,22.20722],[105.25949,22.20684],[105.25822,22.2068],[105.25782,22.20637],[105.25635,22.20643],[105.25528,22.20582],[105.25309,22.20315],[105.25316,22.20078],[105.25226,22.20067],[105.25164,22.1996],[105.25008,22.20028],[105.24814,22.19985],[105.24524,22.2],[105.24311,22.19851],[105.24194,22.19817],[105.24103,22.19623],[105.24052,22.1961],[105.23983,22.19716],[105.23755,22.1972],[105.23568,22.20201],[105.23192,22.20525],[105.2316,22.20598],[105.23171,22.20751],[105.23407,22.20775],[105.23497,22.20852],[105.23546,22.20978],[105.23518,22.2112],[105.23655,22.21268],[105.23688,22.21438],[105.23798,22.2154],[105.23774,22.21706],[105.23702,22.21763],[105.23629,22.21763],[105.23563,22.21532],[105.23328,22.21398],[105.23234,22.21442],[105.23199,22.21564],[105.23224,22.2166],[105.23157,22.21751],[105.23101,22.21769],[105.22917,22.2179],[105.22791,22.2177],[105.22652,22.21638],[105.2251,22.21603],[105.22474,22.21845],[105.22397,22.21985],[105.2241,22.22058],[105.22515,22.22096],[105.22729,22.22103],[105.22775,22.22174],[105.2274,22.22295],[105.22493,22.22562],[105.22196,22.22203],[105.22094,22.22225],[105.22003,22.22174],[105.21828,22.22214],[105.21666,22.22142],[105.21468,22.22275],[105.21268,22.22247],[105.21136,22.22285],[105.20854,22.22216],[105.20806,22.22286],[105.20709,22.2232],[105.20676,22.22422],[105.20311,22.22392],[105.20279,22.22447],[105.20126,22.22492],[105.20013,22.22419],[105.19958,22.22512],[105.19871,22.22488],[105.19797,22.22585],[105.19889,22.22681],[105.19862,22.22787],[105.1989,22.22822],[105.1974,22.2294],[105.19492,22.22916],[105.19415,22.23047],[105.1926,22.23134],[105.18991,22.23192],[105.18939,22.23322],[105.18826,22.23333],[105.18747,22.23377],[105.18741,22.23487],[105.18636,22.23572],[105.18492,22.23516],[105.1842,22.23473],[105.1839,22.23405],[105.18306,22.23376],[105.18223,22.23377],[105.17941,22.23492],[105.17753,22.23333],[105.17574,22.2333],[105.17508,22.23404],[105.17397,22.23432],[105.17388,22.23539],[105.17253,22.23584],[105.17195,22.23694],[105.17113,22.23737],[105.1708,22.23786],[105.17084,22.23914],[105.17014,22.2396],[105.17059,22.24019],[105.17181,22.24048],[105.17135,22.24232],[105.17403,22.24467],[105.17305,22.24682],[105.1711,22.24904],[105.17004,22.24974],[105.17096,22.25067],[105.17115,22.25214],[105.17044,22.25386],[105.17118,22.25523],[105.17143,22.25748],[105.17211,22.25816],[105.17084,22.25993],[105.1705,22.26202],[105.16924,22.26319],[105.16574,22.26958],[105.16478,22.27011],[105.16526,22.27094],[105.16432,22.27169],[105.1639,22.27263],[105.16481,22.27588],[105.16361,22.27625],[105.16174,22.27566],[105.15858,22.27296],[105.15672,22.27196],[105.15603,22.27342],[105.15567,22.27564],[105.15437,22.27588],[105.15407,22.27639],[105.15406,22.27846],[105.15468,22.27963],[105.1503,22.2834],[105.14904,22.28544],[105.14704,22.28726],[105.14708,22.28821],[105.14561,22.29078],[105.14157,22.29294],[105.14025,22.29459],[105.13789,22.29525],[105.13675,22.29509],[105.13552,22.29568],[105.1325,22.29598],[105.12856,22.2989],[105.12439,22.30588],[105.12368,22.3064],[105.12063,22.30729],[105.11978,22.30796],[105.11806,22.31015],[105.11804,22.3121],[105.11762,22.31321],[105.11613,22.3145],[105.11404,22.31572],[105.11215,22.31794],[105.11301,22.31844],[105.11295,22.32023],[105.11352,22.3216],[105.11498,22.32154],[105.11905,22.32348],[105.1206,22.32457],[105.12097,22.32495],[105.12118,22.32604],[105.12238,22.32747],[105.12421,22.32842],[105.1268,22.3307],[105.12806,22.33356],[105.1303,22.33025],[105.13231,22.32842],[105.13345,22.32658],[105.13584,22.32711],[105.13708,22.32652],[105.1383,22.32702],[105.14017,22.32715],[105.14122,22.32656],[105.14252,22.32503],[105.144,22.32524],[105.14632,22.3249],[105.14781,22.32267],[105.14931,22.32184],[105.15001,22.32018],[105.15089,22.31916],[105.15248,22.31858],[105.15324,22.31747],[105.15726,22.31871],[105.15911,22.31828],[105.15982,22.3169],[105.163,22.31603],[105.1628,22.31379],[105.16337,22.31244],[105.16447,22.31131],[105.16733,22.31123],[105.17367,22.3068],[105.17482,22.30658],[105.17738,22.30532],[105.18271,22.30424],[105.18338,22.30439],[105.18365,22.3053],[105.18398,22.30548],[105.18563,22.30516],[105.18731,22.30526],[105.19012,22.30439],[105.19181,22.30522],[105.19462,22.30572],[105.19554,22.30617],[105.19734,22.30424],[105.19805,22.30274],[105.19922,22.30223]]]]}},
{"type":"Feature","id":"02317","properties":{"Ward_Code":"02317","Ward_Code_Num":2317,"Ward":"Yên Lập","Ward_Alt":"Yên Lập","Ward_Upper":"YÊN LẬP","Ward_Full":"Xã Yên Lập","Ward_Full_Alt":"Xã Yên Lập","Ward_Full_Upper_Alt":"XÃ YÊN LẬP","Ward_Type":"Xã","Province_Code":"08","Province":"Tuyên Quang","Province_Upper_Alt":"TUYÊN QUANG"},"geometry":{"type":"MultiPolygon","coordinates":[[[[105.4082,22.15743],[105.40638,22.15585],[105.40477,22.1555],[105.40491,22.15666],[105.40391,22.15831],[105.40213,22.15974],[105.39758,22.16045],[105.39913,22.16151],[105.39939,22.16256],[105.39864,22.16786],[105.39817,22.16948],[105.39762,22.16991],[105.39859,22.17163],[105.39961,22.17179],[105.40099,22.1729],[105.40119,22.1741],[105.40206,22.17556],[105.40274,22.17603],[105.4034,22.17815],[105.40266,22.18079],[105.39912,22.1808],[105.39409,22.18195],[105.39339,22.18269],[105.38949,22.18428],[105.38834,22.18381],[105.38603,22.18384],[105.3851,22.18427],[105.38418,22.18524],[105.37923,22.18752],[105.3788,22.18868],[105.37604,22.19047],[105.37505,22.19027],[105.37429,22.18899],[105.37352,22.1895],[105.3724,22.18921],[105.37118,22.18977],[105.37114,22.19053],[105.36876,22.19186],[105.36894,22.1925],[105.3678,22.19419],[105.36717,22.1937],[105.36696,22.19413],[105.36608,22.19419],[105.36458,22.19351],[105.36294,22.19385],[105.36092,22.19275],[105.36186,22.19548],[105.36193,22.19838],[105.3594,22.19846],[105.35612,22.20098],[105.35316,22.20119],[105.35117,22.20325],[105.3497,22.20328],[105.34935,22.2052],[105.34871,22.20703],[105.3482,22.20758],[105.34724,22.20768],[105.34614,22.20732],[105.34532,22.20773],[105.3444,22.20738],[105.34296,22.20808],[105.34098,22.20738],[105.33938,22.20794],[105.33547,22.20762],[105.33189,22.20844],[105.32875,22.20865],[105.3291,22.21014],[105.32981,22.21108],[105.32989,22.2138],[105.33158,22.21674],[105.33493,22.21913],[105.33684,22.21974],[105.33857,22.22081],[105.33959,22.22311],[105.34044,22.22422],[105.33891,22.22976],[105.33955,22.2359],[105.34138,22.237],[105.34433,22.23771],[105.34574,22.23839],[105.3466,22.2398],[105.3474,22.24332],[105.34876,22.24464],[105.35039,22.24815],[105.35301,22.2506],[105.35335,22.25249],[105.35416,22.25355],[105.35471,22.25506],[105.35445,22.25579],[105.35313,22.25734],[105.3525,22.25898],[105.35109,22.26073],[105.351,22.26394],[105.35253,22.26433],[105.35246,22.26519],[105.35353,22.26683],[105.35622,22.26954],[105.35899,22.27031],[105.3613,22.26957],[105.36568,22.27045],[105.36838,22.26975],[105.37173,22.27022],[105.37553,22.26995],[105.37599,22.27061],[105.37746,22.27101],[105.3812,22.26971],[105.38334,22.26768],[105.3853,22.26721],[105.39056,22.26345],[105.39429,22.26243],[105.39851,22.26329],[105.40008,22.2633],[105.4021,22.26403],[105.40347,22.26482],[105.40387,22.26596],[105.405,22.2666],[105.4058,22.2682],[105.40787,22.26976],[105.41144,22.27148],[105.41159,22.27215],[105.41297,22.27156],[105.41394,22.27066],[105.4153,22.27026],[105.4168,22.26634],[105.41978,22.26352],[105.41974,22.26278],[105.42036,22.26276],[105.42154,22.26171],[105.42412,22.26056],[105.4259,22.25926],[105.42691,22.25918],[105.42874,22.25837],[105.42982,22.25822],[105.43261,22.25892],[105.43407,22.25852],[105.43527,22.25856],[105.43657,22.25735],[105.43712,22.25545],[105.43843,22.2553],[105.4389,22.25469],[105.43774,22.25314],[105.4373,22.25151],[105.43772,22.25028],[105.43835,22.24957],[105.43801,22.24844],[105.43811,22.24572],[105.43857,22.24403],[105.43704,22.24324],[105.43654,22.24199],[105.43668,22.24094],[105.43604,22.23962],[105.43759,22.23845],[105.4398,22.23763],[105.43978,22.2368],[105.44119,22.23292],[105.44127,22.23166],[105.44102,22.23073],[105.43976,22.23079],[105.43776,22.22924],[105.43564,22.2281],[105.43528,22.2267],[105.43551,22.22223],[105.43403,22.21926],[105.43474,22.21785],[105.4347,22.2171],[105.43415,22.21595],[105.43277,22.21662],[105.4315,22.21637],[105.43083,22.21424],[105.43244,22.21244],[105.43299,22.21073],[105.43437,22.21019],[105.43606,22.20796],[105.43778,22.20722],[105.4388,22.20573],[105.44329,22.20104],[105.44508,22.19857],[105.44524,22.19703],[105.44724,22.19508],[105.44842,22.19458],[105.44935,22.19151],[105.45159,22.18956],[105.45574,22.18701],[105.45639,22.188],[105.45844,22.18942],[105.4603,22.19025],[105.46081,22.19],[105.46021,22.18714],[105.46039,22.1854],[105.46118,22.18518],[105.46226,22.18425],[105.46272,22.18282],[105.46424,22.18123],[105.46313,22.18057],[105.46248,22.17932],[105.46138,22.17837],[105.46113,22.17754],[105.46151,22.1764],[105.46103,22.17359],[105.46116,22.17286],[105.46306,22.17096],[105.46222,22.1697],[105.46224,22.16919],[105.46156,22.16908],[105.45988,22.16735],[105.45711,22.16575],[105.4542,22.16454],[105.45421,22.16302],[105.45385,22.1618],[105.44972,22.16107],[105.44568,22.15977],[105.44396,22.16013],[105.44247,22.15971],[105.44077,22.15758],[105.43979,22.15701],[105.44002,22.1544],[105.43972,22.15333],[105.43877,22.15217],[105.43882,22.15006],[105.43812,22.14908],[105.43794,22.14821],[105.43452,22.14869],[105.43193,22.14764],[105.43111,22.14798],[105.43026,22.14896],[105.42725,22.14946],[105.42724,22.15683],[105.42472,22.1602],[105.4182,22.16117],[105.4139,22.16059],[105.41184,22.1599],[105.4082,22.15743]]]]}},
{"type":"Feature","id":"02320","properties":{"Ward_Code":"02320","Ward_Code_Num":2320,"Ward":"Tân An","Ward_Alt":"Tân An","Ward_Upper":"TÂN AN","Ward_Full":"Xã Tân An","Ward_Full_Alt":"Xã Tân An","Ward_Full_Upper_Alt":"XÃ TÂN AN","Ward_Type":"Xã","Province_Code":"08","Province":"Tuyên Quang","Province_Upper_Alt":"TUYÊN QUANG"},"geometry":{"type":"MultiPolygon","coordinates":[[[[105.13388,22.29572],[105.13552,22.29568],[105.13675,22.29509],[105.13789,22.29525],[105.13978,22.2948],[105.14045,22.29445],[105.14157,22.29294],[105.14561,22.29078],[105.14708,22.28821],[105.14704,22.28726],[105.14904,22.28544],[105.1503,22.2834],[105.15468,22.27963],[105.15406,22.27846],[105.15407,22.27639],[105.15437,22.27588],[105.15567,22.27564],[105.15603,22.27342],[105.15672,22.27196],[105.15858,22.27296],[105.16174,22.27566],[105.16361,22.27625],[105.16483,22.27585],[105.1639,22.27263],[105.16432,22.27169],[105.16526,22.27094],[105.16478,22.27011],[105.16574,22.26958],[105.16924,22.26319],[105.1705,22.26202],[105.17084,22.25993],[105.17211,22.25816],[105.17143,22.25748],[105.17118,22.25523],[105.17044,22.25386],[105.17115,22.25214],[105.17096,22.25067],[105.17004,22.24974],[105.1711,22.24904],[105.17305,22.24682],[105.17403,22.24467],[105.17135,22.24232],[105.17181,22.24048],[105.17059,22.24019],[105.17014,22.2396],[105.17084,22.23914],[105.1708,22.23786],[105.17113,22.23737],[105.17195,22.23694],[105.17253,22.23584],[105.17388,22.23539],[105.17397,22.23432],[105.17508,22.23404],[105.17574,22.2333],[105.17753,22.23333],[105.17941,22.23492],[105.18223,22.23377],[105.18306,22.23376],[105.1839,22.23405],[105.1842,22.23473],[105.18492,22.23516],[105.18636,22.23572],[105.18741,22.23487],[105.18747,22.23377],[105.18826,22.23333],[105.18939,22.23322],[105.18991,22.23192],[105.1926,22.23134],[105.19415,22.23047],[105.19492,22.22916],[105.1974,22.2294],[105.1989,22.22822],[105.19862,22.22787],[105.19889,22.22681],[105.19797,22.22585],[105.19871,22.22488],[105.19958,22.22512],[105.20013,22.22419],[105.20126,22.22492],[105.20279,22.22447],[105.20311,22.22392],[105.20676,22.22422],[105.20709,22.2232],[105.20806,22.22286],[105.20854,22.22216],[105.21136,22.22285],[105.21268,22.22247],[105.21468,22.22275],[105.21666,22.22142],[105.21828,22.22214],[105.22003,22.22174],[105.22094,22.22225],[105.22196,22.22203],[105.22493,22.22562],[105.2274,22.22295],[105.22775,22.22174],[105.22729,22.22103],[105.22515,22.22096],[105.2241,22.22058],[105.22397,22.21985],[105.22474,22.21845],[105.2251,22.21603],[105.22652,22.21638],[105.22791,22.2177],[105.22917,22.2179],[105.23101,22.21769],[105.23157,22.21751],[105.23224,22.2166],[105.23199,22.21564],[105.23234,22.21442],[105.23328,22.21398],[105.23563,22.21532],[105.23629,22.21763],[105.23755,22.21733],[105.23798,22.2154],[105.23696,22.2145],[105.23655,22.21268],[105.23518,22.2112],[105.23546,22.20978],[105.23497,22.20852],[105.23407,22.20775],[105.23197,22.20761],[105.23154,22.2072],[105.23192,22.20525],[105.23568,22.20201],[105.23425,22.2011],[105.23235,22.19862],[105.23147,22.19833],[105.23151,22.19739],[105.23086,22.19615],[105.22935,22.1955],[105.22872,22.19471],[105.22875,22.19036],[105.23039,22.18874],[105.23001,22.18693],[105.23073,22.18626],[105.23013,22.1849],[105.23112,22.18102],[105.23096,22.18048],[105.22598,22.18064],[105.2237,22.17854],[105.22231,22.1783],[105.2215,22.17758],[105.21975,22.17858],[105.2174,22.17883],[105.21686,22.17849],[105.21662,22.1769],[105.21555,22.1763],[105.21274,22.17638],[105.21084,22.17797],[105.20979,22.17843],[105.20861,22.17784],[105.20839,22.17712],[105.20712,22.17637],[105.20381,22.17692],[105.20176,22.17668],[105.20032,22.17532],[105.19928,22.17507],[105.19892,22.17294],[105.19636,22.16958],[105.19656,22.16799],[105.19592,22.16627],[105.19476,22.16563],[105.1933,22.16423],[105.19257,22.16217],[105.19028,22.16041],[105.18889,22.16022],[105.1887,22.15963],[105.18458,22.16013],[105.1808,22.16132],[105.17858,22.16161],[105.17615,22.16141],[105.17467,22.16081],[105.17001,22.16087],[105.16677,22.1591],[105.16526,22.15864],[105.16385,22.15634],[105.16307,22.15716],[105.16206,22.15756],[105.16151,22.15932],[105.16065999999999,22.16028],[105.15955,22.16038],[105.15829,22.16152],[105.15557,22.16146],[105.15443,22.16266],[105.15431,22.16324],[105.15333,22.16328],[105.15258,22.16392],[105.15131,22.16599],[105.15151,22.16745],[105.15128,22.168],[105.14779,22.17039],[105.14688,22.17151],[105.14653,22.17545],[105.1463,22.17578],[105.14458,22.17628],[105.14386,22.17718],[105.14294,22.17941],[105.14294,22.18107],[105.14122,22.184],[105.14107,22.18517],[105.13778,22.18527],[105.13693,22.18472],[105.13402,22.18404],[105.13218,22.18391],[105.13164,22.18417],[105.13062,22.18306],[105.12952,22.17921],[105.1258,22.17898],[105.12456,22.17581],[105.12295,22.17784],[105.12044,22.17877],[105.11912,22.18015],[105.11808,22.18176],[105.11823,22.18344],[105.11745,22.1843],[105.11537,22.18499],[105.11337,22.18461],[105.11069,22.18558],[105.1081,22.18441],[105.10528,22.1864],[105.10721,22.18766],[105.1072,22.18849],[105.10497,22.1899],[105.10465,22.19156],[105.10412,22.19189],[105.10273,22.19412],[105.1004,22.19632],[105.09937,22.19889],[105.09563,22.20262],[105.0952,22.20505],[105.0946,22.20589],[105.09278,22.20762],[105.09126,22.20859],[105.08687,22.20902],[105.08561,22.21252],[105.08487,22.21301],[105.08528,22.21386],[105.08638,22.21466],[105.08566,22.21633],[105.0858,22.21702],[105.08648,22.21746],[105.08646,22.21782],[105.0828,22.21959],[105.08202,22.22074],[105.0813,22.22116],[105.07849,22.22063],[105.07675,22.22083],[105.07639,22.22287],[105.07444,22.22566],[105.07475,22.22786],[105.07582,22.23024],[105.07664,22.23483],[105.07766,22.23821],[105.07852,22.23964],[105.08177,22.24304],[105.0818,22.24482],[105.08253,22.24575],[105.0848,22.24726],[105.08548,22.24842],[105.08732,22.24919],[105.08803,22.25021],[105.08916,22.251],[105.0899,22.25109],[105.09317,22.25276],[105.09795,22.25255],[105.10118,22.25423],[105.10133,22.25556],[105.10223,22.25696],[105.10235,22.25796],[105.10448,22.26094],[105.10558,22.26306],[105.10585,22.26444],[105.10703,22.26548],[105.10732,22.26648],[105.10737,22.27113],[105.10659,22.27358],[105.10667,22.27515],[105.10538,22.27752],[105.10562,22.27852],[105.10729,22.2793],[105.10966,22.27982],[105.11487,22.28235],[105.11575,22.28162],[105.11702,22.2821],[105.11876,22.28294],[105.11919,22.28458],[105.11973,22.28462],[105.12172,22.28312],[105.12347,22.28282],[105.12493,22.28295],[105.12618,22.28183],[105.12733,22.2821],[105.12795,22.28312],[105.12842,22.28723],[105.12941,22.28854],[105.12968,22.29043],[105.13133,22.29186],[105.13137,22.29325],[105.13201,22.29444],[105.13237,22.29607],[105.13388,22.29572]]]]}},
{"type":"Feature","id":"02332","properties":{"Ward_Code":"02332","Ward_Code_Num":2332,"Ward":"Kiên Đài","Ward_Alt":"Kiên Đài","Ward_Upper":"KIÊN ĐÀI","Ward_Full":"Xã Kiên Đài","Ward_Full_Alt":"Xã Kiên Đài","Ward_Full_Upper_Alt":"XÃ KIÊN ĐÀI","Ward_Type":"Xã","Province_Code":"08","Province":"Tuyên Quang","Province_Upper_Alt":"TUYÊN QUANG"},"geometry":{"type":"MultiPolygon","coordinates":[[[[105.4082,22.15743],[105.41184,22.1599],[105.4139,22.16059],[105.4182,22.16117],[105.42472,22.1602],[105.42724,22.15683],[105.42725,22.14946],[105.42832,22.14909],[105.4299,22.1491],[105.4313,22.14784],[105.43193,22.14764],[105.43452,22.14869],[105.43794,22.14821],[105.43812,22.14908],[105.43882,22.15006],[105.43877,22.15217],[105.43972,22.15333],[105.44002,22.1544],[105.43979,22.15701],[105.44077,22.15758],[105.44247,22.15971],[105.44396,22.16013],[105.44568,22.15977],[105.44972,22.16107],[105.45385,22.1618],[105.45421,22.16302],[105.4542,22.16454],[105.45885,22.16664],[105.46183,22.16922],[105.46224,22.16919],[105.46304,22.1682],[105.4646,22.16708],[105.46475,22.16653],[105.46593,22.16597],[105.46698,22.1639],[105.47005,22.16017],[105.47108,22.16061],[105.47312,22.1622],[105.47478,22.1618],[105.47562,22.16329],[105.47754,22.16307],[105.47829,22.1633],[105.47976,22.1622],[105.48082,22.16186],[105.48263,22.16146],[105.48304,22.16196],[105.48349,22.16199],[105.48568,22.1601],[105.4876,22.1592],[105.49086,22.15832],[105.49229,22.15858],[105.49346,22.15771],[105.49351,22.15626],[105.492,22.15422],[105.49313,22.15279],[105.49377,22.15069],[105.49089,22.15121],[105.48776,22.14996],[105.48561,22.14824],[105.48432,22.14766],[105.4836,22.14681],[105.48193,22.14581],[105.48163,22.14365],[105.4813,22.14313],[105.47956,22.14196],[105.47464,22.13736],[105.47374,22.13699],[105.47469,22.13427],[105.47528,22.13387],[105.47644,22.12982],[105.47634,22.12919],[105.4755,22.12826],[105.47524,22.12653],[105.47451,22.12576],[105.47376,22.12548],[105.47017,22.12576],[105.46907,22.12496],[105.46866,22.12301],[105.46771,22.1225],[105.467,22.12138],[105.46541,22.12111],[105.46478,22.11974],[105.46491,22.11836],[105.46536,22.1175],[105.46344,22.11614],[105.4626,22.11488],[105.46264,22.11429],[105.46346,22.11368],[105.46438,22.11193],[105.46417,22.10989],[105.4634,22.1081],[105.465,22.10381],[105.4656,22.10299],[105.46652,22.10277],[105.46921,22.10277],[105.47021,22.10321],[105.47047,22.10188],[105.47152,22.1008],[105.47201,22.09774],[105.47347,22.09736],[105.47348,22.09555],[105.4714,22.09376],[105.47059,22.09211],[105.46897,22.09124],[105.46819,22.08994],[105.4682,22.08756],[105.46967,22.08465],[105.46938,22.08111],[105.4675,22.0791],[105.46606,22.07827],[105.46558,22.07746],[105.46316,22.07623],[105.4627,22.07434],[105.46038,22.07211],[105.4566,22.07216],[105.45323,22.07296],[105.45074,22.07183],[105.44926,22.07172],[105.44782,22.07109],[105.44704,22.06859],[105.44703,22.06754],[105.44618,22.06603],[105.44372,22.06525],[105.44135,22.06191],[105.43923,22.06104],[105.4379,22.05992],[105.43693,22.05865],[105.43653,22.05654],[105.4358,22.05855],[105.43346,22.06023],[105.43201,22.06071],[105.43151,22.0624],[105.43065,22.06327],[105.42987,22.06702],[105.42929,22.06833],[105.42959,22.07032],[105.42926,22.07104],[105.42792,22.07246],[105.42358,22.07417],[105.42302,22.07547],[105.42266,22.0783],[105.42192,22.07989],[105.41899,22.08084],[105.41806,22.08085],[105.41728,22.08018],[105.41569,22.08001],[105.41414,22.0793],[105.41279,22.07935],[105.41239,22.08053],[105.4113,22.0817],[105.41056,22.08357],[105.40937,22.08424],[105.40704,22.08697],[105.40651,22.08961],[105.40508,22.09123],[105.40364,22.09198],[105.3981,22.0937],[105.39602,22.09364],[105.3929,22.09453],[105.39274,22.09568],[105.39171,22.09752],[105.39144,22.0988],[105.38905,22.1006],[105.38332,22.10101],[105.38111,22.10238],[105.38091,22.10361],[105.3804,22.10405],[105.37806,22.1041],[105.37723,22.10489],[105.37607,22.1052],[105.37522,22.10493],[105.37442,22.10566],[105.36826,22.10452],[105.36596,22.10589],[105.36388,22.10513],[105.36297,22.10657],[105.36296,22.10734],[105.3643,22.10854],[105.36429,22.11001],[105.36556,22.11176],[105.365,22.11333],[105.3641,22.11448],[105.36355,22.11722],[105.36294,22.11786],[105.36321,22.12007],[105.36295,22.12134],[105.362,22.12204],[105.36163,22.12352],[105.36095,22.12438],[105.35984,22.12988],[105.35928,22.13005],[105.35593,22.12931],[105.35364,22.1285],[105.35295,22.12881],[105.35233,22.13087],[105.35258,22.1333],[105.35215,22.13421],[105.35284,22.1358],[105.35211,22.13889],[105.35127,22.13821],[105.34896,22.13833],[105.34679,22.13983],[105.3447,22.14032],[105.3438,22.14123],[105.34326,22.14052],[105.34198,22.14015],[105.34013,22.14008],[105.33901,22.14075],[105.33887,22.14245],[105.33983,22.1444],[105.33816,22.14741],[105.33726,22.15193],[105.33747,22.15311],[105.33641,22.15495],[105.33498,22.15584],[105.33448,22.15747],[105.33327,22.15862],[105.32995,22.15853],[105.32794,22.15793],[105.32666,22.15853],[105.32622,22.16007],[105.32647,22.16151],[105.32552,22.16293],[105.32326,22.16503],[105.32285,22.16772],[105.32337,22.16945],[105.32168,22.17281],[105.3216,22.17332],[105.3221,22.17407],[105.32126,22.17539],[105.32192,22.17722],[105.32264,22.17758],[105.32201,22.17809],[105.3215,22.18028],[105.32184,22.18117],[105.32366,22.18196],[105.32578,22.18207],[105.32682,22.18244],[105.32768,22.1824],[105.33011,22.18071],[105.33045,22.18136],[105.33123,22.18166],[105.33368,22.18114],[105.33381,22.18188],[105.3331,22.18239],[105.33263,22.18421],[105.33476,22.18502],[105.33585,22.185],[105.33638,22.18468],[105.33728,22.18483],[105.33934,22.18427],[105.34015,22.18442],[105.34099,22.18665],[105.34267,22.18752],[105.34237,22.18896],[105.34075,22.18986],[105.34027,22.19151],[105.33964,22.19188],[105.33817,22.19388],[105.33697,22.19447],[105.33678,22.19545],[105.33933,22.1955],[105.33974,22.19579],[105.33962,22.19749],[105.33885,22.19864],[105.33887,22.19947],[105.3401,22.20034],[105.34151,22.20372],[105.34296,22.20519],[105.34364,22.20737],[105.34319,22.20801],[105.3444,22.20738],[105.34532,22.20773],[105.34614,22.20732],[105.34807,22.20762],[105.34871,22.20703],[105.3497,22.20328],[105.35117,22.20325],[105.35316,22.20119],[105.35612,22.20098],[105.3594,22.19846],[105.36193,22.19838],[105.36186,22.19548],[105.36092,22.19275],[105.36294,22.19385],[105.36458,22.19351],[105.36608,22.19419],[105.36696,22.19413],[105.36714,22.1937],[105.3678,22.19419],[105.36894,22.1925],[105.36876,22.19186],[105.37114,22.19053],[105.37118,22.18977],[105.3724,22.18921],[105.37352,22.1895],[105.37429,22.18899],[105.37505,22.19027],[105.37604,22.19047],[105.3788,22.18868],[105.37923,22.18752],[105.38418,22.18524],[105.3851,22.18427],[105.38603,22.18384],[105.38834,22.18381],[105.38949,22.18428],[105.39339,22.18269],[105.39409,22.18195],[105.39912,22.1808],[105.40266,22.18079],[105.4034,22.17815],[105.40274,22.17603],[105.40206,22.17556],[105.40119,22.1741],[105.40099,22.1729],[105.39961,22.17179],[105.39859,22.17163],[105.39762,22.16991],[105.39817,22.16948],[105.39864,22.16786],[105.39939,22.16256],[105.39913,22.16151],[105.39758,22.16045],[105.40213,22.15974],[105.40391,22.15831],[105.40491,22.15666],[105.40477,22.1555],[105.40638,22.15585],[105.4082,22.15743]]]]}},
{"type":"Feature","id":"02350","properties":{"Ward_Code":"02350","Ward_Code_Num":2350,"Ward":"Kim Bình","Ward_Alt":"Kim Bình","Ward_Upper":"KIM BÌNH","Ward_Full":"Xã Kim Bình","Ward_Full_Alt":"Xã Kim Bình","Ward_Full_Upper_Alt":"XÃ KIM BÌNH","Ward_Type":"Xã","Province_Code":"08","Province":"Tuyên Quang","Province_Upper_Alt":"TUYÊN QUANG"},"geometry":{"type":"MultiPolygon","coordinates":[[[[105.36388,22.10513],[105.36302,22.10394],[105.36079,22.10414],[105.35949,22.10353],[105.35734,22.10346],[105.35658,22.10258],[105.35512,22.10254],[105.35288,22.10172],[105.35159,22.10172],[105.35052,22.10075],[105.34938,22.09883],[105.3481,22.09868],[105.34695,22.09757],[105.34659,22.09624],[105.34557,22.09524],[105.3462,22.09383],[105.34584,22.09204],[105.3464,22.09017],[105.34754,22.08934],[105.34829,22.08769],[105.34832,22.08587],[105.34725,22.0845],[105.34535,22.08353],[105.34372,22.0821],[105.34288,22.0791],[105.34297,22.07745],[105.34475,22.07664],[105.346,22.07695],[105.34894,22.07628],[105.35059,22.07633],[105.35138,22.07512],[105.35127,22.07411],[105.35231,22.07175],[105.35277,22.07121],[105.35364,22.07106],[105.35393,22.06848],[105.35443,22.06765],[105.35372,22.06571],[105.35268,22.06485],[105.35272,22.06369],[105.35333,22.06314],[105.3542,22.06146],[105.35328,22.05929],[105.35334,22.05606],[105.35462,22.05513],[105.35335,22.05082],[105.35524,22.04714],[105.35614,22.04461],[105.35604,22.04377],[105.35522,22.0425],[105.35282,22.0368],[105.35282,22.03568],[105.34957,22.03686],[105.34638,22.03599],[105.343,22.03706],[105.34183,22.03628],[105.33952,22.03563],[105.33607,22.03539],[105.33517,22.03662],[105.33408,22.03966],[105.33214,22.03979],[105.3281,22.03932],[105.32593,22.03969],[105.32483,22.04112],[105.32365,22.04091],[105.32227,22.03956],[105.32058,22.03951],[105.31882,22.0366],[105.31753,22.03562],[105.31721,22.03321],[105.31617,22.0318],[105.31633,22.03076],[105.3141,22.02978],[105.31341,22.02889],[105.31241,22.02856],[105.31013,22.026],[105.30908,22.02548],[105.30859,22.02479],[105.30865,22.02349],[105.30826,22.02277],[105.30626,22.0225],[105.3046,22.0215],[105.3041,22.02172],[105.30366,22.02266],[105.30237,22.02391],[105.30131,22.02323],[105.29984,22.02308],[105.29907,22.02249],[105.29555,22.022],[105.29489,22.02074],[105.29386,22.0197],[105.29384,22.0177],[105.29283,22.01602],[105.29167,22.01548],[105.2896,22.01348],[105.28818,22.01283],[105.28703,22.01281],[105.28601,22.01331],[105.28507,22.01423],[105.28485,22.01582],[105.283,22.01701],[105.28043,22.01744],[105.27996,22.01838],[105.27914,22.01909],[105.27666,22.02094],[105.27526,22.02151],[105.27432,22.02301],[105.27248,22.02324],[105.26899,22.02309],[105.26766,22.0234],[105.26385,22.02068],[105.26111,22.01993],[105.25987,22.01866],[105.25908,22.01918],[105.25779,22.01884],[105.25671,22.01899],[105.25836,22.02031],[105.26072,22.02315],[105.25989,22.0286],[105.25878,22.0308],[105.25845,22.03276],[105.25966,22.03662],[105.261,22.03834],[105.26559,22.04128],[105.26742,22.04397],[105.26958,22.04531],[105.27035,22.04666],[105.272,22.04784],[105.27645,22.05218],[105.27741,22.05407],[105.28017,22.05722],[105.28089,22.0595],[105.28094,22.0609],[105.28196,22.06255],[105.28424,22.0638],[105.28817,22.06461],[105.28874,22.06512],[105.28896,22.06594],[105.28878,22.06654],[105.28761,22.0676],[105.28393,22.06934],[105.2829,22.07034],[105.28172,22.07234],[105.28098,22.07518],[105.28099,22.07692],[105.28139,22.07847],[105.28406,22.08263],[105.28567,22.08401],[105.2877,22.0878],[105.28769,22.08926],[105.28649,22.09078],[105.28032,22.09322],[105.2779,22.09467],[105.27493,22.10018],[105.26919,22.10515],[105.26733,22.10904],[105.26732,22.10979],[105.26579,22.11402],[105.26578,22.11574],[105.27116,22.11649],[105.27373,22.1163],[105.27693,22.11768],[105.27785,22.11924],[105.27901,22.11936],[105.28083,22.11894],[105.28227,22.11943],[105.28506,22.11813],[105.28627,22.11892],[105.29138,22.11952],[105.29352,22.1204],[105.2946,22.12136],[105.29523,22.12101],[105.29795,22.12147],[105.29896,22.12134],[105.3,22.12181],[105.30042,22.12332],[105.30443,22.12422],[105.30556,22.12477],[105.30808,22.125],[105.30877,22.12531],[105.30938,22.12608],[105.31027,22.12603],[105.31163,22.12783],[105.31291,22.12837],[105.31386,22.12951],[105.31516,22.12969],[105.31927,22.13188],[105.32115,22.13251],[105.3223,22.13435],[105.32515,22.13423],[105.33012,22.13718],[105.33323,22.13748],[105.33563,22.13939],[105.33742,22.1403],[105.33918,22.14078],[105.34013,22.14008],[105.3423,22.14019],[105.34326,22.14052],[105.3438,22.14123],[105.3447,22.14032],[105.34679,22.13983],[105.34896,22.13833],[105.35127,22.13821],[105.35211,22.13889],[105.35284,22.1358],[105.35216,22.13434],[105.35258,22.1333],[105.35233,22.13087],[105.35274,22.12912],[105.35323,22.12855],[105.35928,22.13005],[105.35984,22.12988],[105.36095,22.12438],[105.36163,22.12352],[105.362,22.12204],[105.36295,22.12134],[105.36321,22.12007],[105.36294,22.11786],[105.36355,22.11722],[105.3641,22.11448],[105.365,22.11333],[105.36556,22.11176],[105.36429,22.11001],[105.3643,22.10854],[105.36296,22.10734],[105.36297,22.10657],[105.36388,22.10513]]]]}},
{"type":"Feature","id":"02353","properties":{"Ward_Code":"02353","Ward_Code_Num":2353,"Ward":"Hoà An","Ward_Alt":"Hòa An","Ward_Upper":"HOÀ AN","Ward_Full":"Xã Hoà An","Ward_Full_Alt":"Xã Hòa An","Ward_Full_Upper_Alt":"XÃ HÒA AN","Ward_Type":"Xã","Province_Code":"08","Province":"Tuyên Quang","Province_Upper_Alt":"TUYÊN QUANG"},"geometry":{"type":"MultiPolygon","coordinates":[[[[105.28139,22.07847],[105.28099,22.07692],[105.28099,22.07503],[105.28206,22.07157],[105.28387,22.06938],[105.28613,22.06847],[105.2881,22.06722],[105.2889,22.06634],[105.28885,22.06537],[105.28805,22.06456],[105.28424,22.0638],[105.28207,22.06266],[105.28094,22.0609],[105.28089,22.0595],[105.28017,22.05722],[105.27741,22.05407],[105.27645,22.05218],[105.272,22.04784],[105.27035,22.04666],[105.26958,22.04531],[105.26742,22.04397],[105.26559,22.04128],[105.261,22.03834],[105.25966,22.03662],[105.25845,22.03276],[105.25878,22.0308],[105.25989,22.0286],[105.25994,22.026979999999998],[105.26076,22.02415],[105.26072,22.02315],[105.26015,22.02229],[105.25481,22.01676],[105.25027,22.01685],[105.24739,22.01535],[105.2458,22.0152],[105.24034,22.01601],[105.23896,22.01668],[105.23844,22.01765],[105.23844,22.01899],[105.237,22.02023],[105.23536,22.02247],[105.23483,22.0237],[105.23462,22.02526],[105.2355,22.02996],[105.23701,22.03291],[105.23852,22.03344],[105.24098,22.03535],[105.24272,22.03536],[105.24353,22.03692],[105.2433,22.03843],[105.24267999999999,22.03858],[105.24254,22.03941],[105.24107,22.04121],[105.24126,22.04274],[105.24192,22.04392],[105.24194,22.04454],[105.24112,22.04559],[105.24078,22.04899],[105.23882,22.05304],[105.23877,22.05472],[105.23785,22.05571],[105.23793,22.05887],[105.23603,22.05989],[105.23487,22.06207],[105.23361,22.06342],[105.23123,22.06301],[105.22907,22.06423],[105.22507,22.06306],[105.22297,22.06376],[105.22124,22.06541],[105.21963,22.06558],[105.2159,22.06946],[105.21488,22.0696],[105.21108,22.06907],[105.20743,22.06913],[105.20724,22.06948],[105.20675,22.0709],[105.20891,22.07385],[105.20945,22.07533],[105.21081,22.0765],[105.21189,22.07893],[105.2136,22.08095],[105.21487,22.08182],[105.21419,22.08465],[105.2148,22.08636],[105.21601,22.08737],[105.21655,22.0884],[105.21837,22.08911],[105.21921,22.09018],[105.21845,22.09213],[105.21934,22.09304],[105.2197,22.09452],[105.21973,22.09544],[105.21894,22.09686],[105.21992,22.09928],[105.21791,22.09903],[105.21705,22.09856],[105.21276,22.10362],[105.2123,22.10474],[105.21139,22.10526],[105.21128,22.10691],[105.2107,22.10733],[105.21006,22.10707],[105.20917,22.10838],[105.2093,22.10947],[105.2077,22.11339],[105.20542,22.11438],[105.20419,22.11621],[105.203,22.11925],[105.20324,22.12078],[105.20282,22.12215],[105.20285,22.12404],[105.20246,22.12415],[105.20166999999999,22.12531],[105.20166999999999,22.12631],[105.20045,22.12765],[105.19882,22.1284],[105.1985,22.12993],[105.19853,22.131],[105.19886,22.13149],[105.19872,22.13302],[105.19777,22.13331],[105.19715,22.13402],[105.19642,22.13613],[105.19524,22.13577],[105.19464,22.1349],[105.19446,22.13625],[105.19214,22.13866],[105.19104,22.14084],[105.18978,22.14575],[105.18989,22.14966],[105.19051,22.15063],[105.19071,22.15174],[105.19088,22.15508],[105.19062,22.1572],[105.18963,22.15766],[105.18868,22.15863],[105.18883,22.16018],[105.19028,22.16041],[105.19257,22.16217],[105.19318,22.164],[105.19962,22.1615],[105.20074,22.16095],[105.20513,22.15688],[105.20602,22.15679],[105.20722,22.15598],[105.20816,22.154419999999998],[105.20948,22.15424],[105.21057,22.15291],[105.21185,22.15249],[105.21222,22.15091],[105.21373,22.15017],[105.21547,22.15003],[105.2167,22.15097],[105.21768,22.15084],[105.21873,22.14861],[105.21927,22.14818],[105.21997,22.14836],[105.22034,22.14948],[105.21961,22.15093],[105.2206,22.15095],[105.22167,22.15151],[105.22391,22.15134],[105.22516,22.15188],[105.2268,22.1521],[105.22803,22.15164],[105.23113,22.15166],[105.23259,22.15091],[105.23453,22.14853],[105.23512,22.1459],[105.23508,22.14162],[105.236,22.14033],[105.23625,22.13844],[105.23842,22.13461],[105.23885,22.13287],[105.24,22.13241],[105.24313,22.13231],[105.24461,22.13014],[105.24379,22.13002],[105.2433,22.1295],[105.24317,22.12771],[105.24238,22.12679],[105.24188,22.12476],[105.23982,22.12403],[105.24074,22.12228],[105.24118,22.12065],[105.23867,22.12002],[105.23725,22.12026],[105.23689,22.11946],[105.23815,22.11889],[105.23996,22.11725],[105.24104,22.11578],[105.2409,22.11379],[105.24135,22.11323],[105.24116,22.11106],[105.24535,22.11101],[105.2502,22.11252],[105.25143,22.11027],[105.25205,22.10976],[105.25195,22.10884],[105.25276,22.10783],[105.2539,22.10757],[105.2547,22.10682],[105.25634,22.10624],[105.25815,22.10658],[105.25948,22.10494],[105.25778,22.10375],[105.25796,22.10234],[105.25768,22.10193],[105.25819,22.10128],[105.26062,22.09979],[105.26477,22.09904],[105.26694,22.0964],[105.26844,22.09551],[105.27076,22.0932],[105.27126,22.09218],[105.27502,22.09069],[105.27693,22.08923],[105.27761,22.08818],[105.27556,22.08749],[105.27415,22.08787],[105.27279,22.08756],[105.27524,22.08391],[105.27463,22.0825],[105.27477,22.08217],[105.27603,22.08239],[105.27571,22.08191],[105.27588,22.08157],[105.27694,22.08252],[105.27632,22.08262],[105.27588,22.08308],[105.2765,22.08308],[105.27694,22.08375],[105.27741,22.08389],[105.27796,22.083],[105.2787,22.08266],[105.27853,22.08238],[105.27788,22.08244],[105.27783,22.08186],[105.27901,22.0818],[105.27799,22.0803],[105.28014,22.07979],[105.28139,22.07847]]]]}},
{"type":"Feature","id":"02359","properties":{"Ward_Code":"02359","Ward_Code_Num":2359,"Ward":"Tri Phú","Ward_Alt":"Tri Phú","Ward_Upper":"TRI PHÚ","Ward_Full":"Xã Tri Phú","Ward_Full_Alt":"Xã Tri Phú","Ward_Full_Upper_Alt":"XÃ TRI PHÚ","Ward_Type":"Xã","Province_Code":"08","Province":"Tuyên Quang","Province_Upper_Alt":"TUYÊN QUANG"},"geometry":{"type":"MultiPolygon","coordinates":[[[[105.4627,22.07439],[105.4652,22.07346],[105.46794,22.0729],[105.46781,22.07057],[105.46907,22.06843],[105.47115,22.06858],[105.47304,22.06814],[105.47389,22.06758],[105.47398,22.06662],[105.47452,22.06581],[105.47652,22.06537],[105.4746,22.0651],[105.47322,22.06365],[105.47386,22.06185],[105.47348,22.06086],[105.47365,22.06024],[105.47545,22.05772],[105.47642,22.05702],[105.47743,22.05682],[105.47806,22.05507],[105.48072,22.05383],[105.48083,22.05282],[105.48235,22.04986],[105.4836,22.04959],[105.48461,22.04974],[105.48731,22.04759],[105.48901,22.04456],[105.48844,22.04318],[105.48784,22.04256],[105.48747,22.04058],[105.48833,22.03922],[105.48982,22.03907],[105.49044,22.03871],[105.49058,22.03596],[105.49049,22.03504],[105.48963,22.03408],[105.4887,22.03215],[105.48902,22.03111],[105.48982,22.03028],[105.48617,22.02849],[105.4826,22.0287],[105.48166,22.02779],[105.47859,22.0271],[105.47758,22.02559],[105.47772,22.0244],[105.47894,22.02322],[105.47923,22.02094],[105.47897,22.01918],[105.47958,22.01692],[105.48082,22.01516],[105.48148,22.01512],[105.48179,22.01468],[105.48098,22.00839],[105.48021,22.0072],[105.47399,22.00474],[105.47341,22.00417],[105.47111,21.99915],[105.46957,21.99778],[105.46866,21.99643],[105.46792,21.99407],[105.46418,21.99303],[105.46364,21.9904],[105.4645,21.98707],[105.46415,21.98244],[105.4648,21.98019],[105.46382,21.97651],[105.46406,21.97543],[105.46354,21.97311],[105.46369,21.97186],[105.46287,21.97066],[105.46293,21.96866],[105.46237,21.96722],[105.46164,21.96655],[105.45969,21.9659],[105.45713,21.96419],[105.45649,21.96334],[105.45385,21.9634],[105.45174,21.96284],[105.44814,21.96329],[105.44656,21.96293],[105.44566,21.96352],[105.44526,21.96425],[105.44386,21.9645],[105.44313,21.9653],[105.44013,21.96607],[105.43791,21.9652],[105.43626,21.9635],[105.43404,21.96374],[105.43387,21.96135],[105.43244,21.96047],[105.43179,21.95944],[105.42852,21.9582],[105.42686,21.95801],[105.42546,21.9558],[105.4232,21.95584],[105.42208,21.95291],[105.41784,21.94816],[105.41576,21.94863],[105.41515,21.94741],[105.40896,21.94606],[105.40844,21.94543],[105.40841,21.94349],[105.40817,21.94324],[105.40611,21.94385],[105.4002,21.94198],[105.39859,21.94061],[105.39771,21.94074],[105.39628,21.94205],[105.39493,21.94208],[105.39151,21.94364],[105.39012,21.94349],[105.38878,21.94575],[105.38375,21.94795],[105.38253,21.94815],[105.38004,21.94771],[105.37798,21.94801],[105.3771,21.9491],[105.37692,21.9518],[105.37596,21.95417],[105.37476,21.95539],[105.37464,21.95637],[105.37499,21.95761],[105.37426,21.95815],[105.37344,21.95945],[105.37175,21.95978],[105.37028,21.96247],[105.37184,21.96282],[105.37329,21.96436],[105.37444,21.96479],[105.37544,21.96581],[105.3758,21.96785],[105.37735,21.96972],[105.37766,21.97091],[105.3772,21.97213],[105.37557,21.97387],[105.37571,21.97468],[105.37537,21.97654],[105.37384,21.97768],[105.37266,21.97921],[105.37301,21.98138],[105.37223,21.98233],[105.37179,21.98372],[105.37351,21.98598],[105.37267,21.98846],[105.37269,21.9893],[105.37113,21.99188],[105.36842,21.99264],[105.36656,21.99421],[105.36475,21.99385],[105.36414,21.99401],[105.36588,21.99809],[105.36696,21.99946],[105.3671,22.00184],[105.36754,22.00288],[105.36638,22.00477],[105.36728,22.00618],[105.36751,22.0072],[105.36816,22.0079],[105.36767999999999,22.0101],[105.36799,22.01087],[105.3677,22.01368],[105.36825,22.01438],[105.36617,22.01509],[105.36554,22.01589],[105.36363,22.0159],[105.36282,22.0191],[105.3635,22.02104],[105.36332,22.02183],[105.36204,22.02262],[105.3595,22.02255],[105.35894,22.02566],[105.35668,22.02765],[105.35596,22.02875],[105.356,22.02951],[105.35696,22.03121],[105.35593,22.03313],[105.35522,22.03339],[105.35274,22.03605],[105.35513,22.04229],[105.35604,22.04377],[105.35614,22.04461],[105.35524,22.04714],[105.35335,22.05082],[105.35462,22.05513],[105.35334,22.05606],[105.35328,22.05929],[105.3542,22.06146],[105.35333,22.06314],[105.35272,22.06369],[105.35268,22.06485],[105.35372,22.06571],[105.35446,22.06746],[105.35393,22.06848],[105.35364,22.07106],[105.35277,22.07121],[105.35231,22.07175],[105.35127,22.07411],[105.35138,22.07512],[105.35059,22.07633],[105.34894,22.07628],[105.346,22.07695],[105.34475,22.07664],[105.3432,22.07723],[105.34293,22.0776],[105.34288,22.0791],[105.34372,22.0821],[105.34535,22.08353],[105.34725,22.0845],[105.34832,22.08587],[105.34829,22.08769],[105.34754,22.08934],[105.3464,22.09017],[105.34584,22.09204],[105.3462,22.09383],[105.34557,22.09524],[105.34659,22.09624],[105.34695,22.09757],[105.3481,22.09868],[105.34938,22.09883],[105.35052,22.10075],[105.35159,22.10172],[105.35288,22.10172],[105.35512,22.10254],[105.35658,22.10258],[105.35734,22.10346],[105.35949,22.10353],[105.36079,22.10414],[105.36302,22.10394],[105.36388,22.10513],[105.36576,22.10591],[105.36811,22.10452],[105.37442,22.10566],[105.37522,22.10493],[105.37607,22.1052],[105.37723,22.10489],[105.37806,22.1041],[105.3804,22.10405],[105.38091,22.10361],[105.38111,22.10238],[105.38377,22.10084],[105.38905,22.1006],[105.39153,22.09867],[105.39171,22.09752],[105.39274,22.09568],[105.3929,22.09453],[105.39602,22.09364],[105.3981,22.0937],[105.40389,22.09189],[105.40521,22.09113],[105.40651,22.08961],[105.40704,22.08697],[105.40937,22.08424],[105.41056,22.08357],[105.4113,22.0817],[105.41239,22.08053],[105.41279,22.07935],[105.41414,22.0793],[105.41569,22.08001],[105.41728,22.08018],[105.41806,22.08085],[105.41899,22.08084],[105.42192,22.07989],[105.42266,22.0783],[105.42302,22.07547],[105.42358,22.07417],[105.42792,22.07246],[105.42926,22.07104],[105.42959,22.07032],[105.42929,22.06833],[105.42987,22.06702],[105.43065,22.06327],[105.43151,22.0624],[105.43201,22.06071],[105.43346,22.06023],[105.4358,22.05855],[105.43653,22.05654],[105.43693,22.05865],[105.4379,22.05992],[105.43923,22.06104],[105.44135,22.06191],[105.44372,22.06525],[105.44618,22.06603],[105.44703,22.06754],[105.44704,22.06859],[105.44782,22.07109],[105.44926,22.07172],[105.45074,22.07183],[105.45323,22.07296],[105.4566,22.07216],[105.46014,22.07204],[105.4627,22.07439]]]]}},
{"type":"Feature","id":"02365","properties":{"Ward_Code":"02365","Ward_Code_Num":2365,"Ward":"Yên Nguyên","Ward_Alt":"Yên Nguyên","Ward_Upper":"YÊN NGUYÊN","Ward_Full":"Xã Yên Nguyên","Ward_Full_Alt":"Xã Yên Nguyên","Ward_Full_Upper_Alt":"XÃ YÊN NGUYÊN","Ward_Type":"Xã","Province_Code":"08","Province":"Tuyên Quang","Province_Upper_Alt":"TUYÊN QUANG"},"geometry":{"type":"MultiPolygon","coordinates":[[[[105.13918,22.1851],[105.14107,22.18517],[105.14122,22.184],[105.14294,22.18107],[105.14294,22.17941],[105.14386,22.17718],[105.14458,22.17628],[105.1463,22.17578],[105.14653,22.17545],[105.14688,22.17151],[105.14779,22.17039],[105.15128,22.168],[105.15151,22.16745],[105.15131,22.16599],[105.15258,22.16392],[105.15333,22.16328],[105.15431,22.16324],[105.15443,22.16266],[105.15557,22.16146],[105.15829,22.16152],[105.15955,22.16038],[105.16065999999999,22.16028],[105.16151,22.15932],[105.16206,22.15756],[105.16307,22.15716],[105.16385,22.15634],[105.16526,22.15864],[105.16677,22.1591],[105.17001,22.16087],[105.17467,22.16081],[105.1762,22.16142],[105.17974,22.16156],[105.18458,22.16013],[105.1887,22.15963],[105.18861,22.15888],[105.18902,22.15816],[105.19062,22.1572],[105.19088,22.15508],[105.19071,22.15174],[105.19051,22.15063],[105.18989,22.14966],[105.18978,22.14575],[105.19104,22.14084],[105.19214,22.13866],[105.19446,22.13625],[105.19464,22.1349],[105.19524,22.13577],[105.19642,22.13613],[105.19715,22.13402],[105.19777,22.13331],[105.19872,22.13302],[105.19886,22.13149],[105.19853,22.131],[105.1985,22.12993],[105.19882,22.1284],[105.20045,22.12765],[105.20166999999999,22.12631],[105.20166999999999,22.12531],[105.20246,22.12415],[105.20285,22.12404],[105.20282,22.12215],[105.20324,22.12078],[105.203,22.11925],[105.20419,22.11621],[105.20542,22.11438],[105.2077,22.11339],[105.2093,22.10947],[105.20917,22.10838],[105.21006,22.10707],[105.2107,22.10733],[105.21128,22.10691],[105.21139,22.10526],[105.2123,22.10474],[105.21276,22.10362],[105.21705,22.09856],[105.21791,22.09903],[105.21992,22.09928],[105.21894,22.09686],[105.21973,22.09544],[105.2197,22.09452],[105.21934,22.09304],[105.21845,22.09213],[105.21921,22.09018],[105.21837,22.08911],[105.21655,22.0884],[105.21601,22.08737],[105.2148,22.08636],[105.21419,22.08465],[105.21487,22.08182],[105.2136,22.08095],[105.21158,22.07854],[105.21081,22.0765],[105.20952,22.07543],[105.20891,22.07385],[105.20675,22.0709],[105.20868,22.0652],[105.20854,22.06438],[105.20793,22.06366],[105.20824,22.06229],[105.2073,22.06219],[105.20455,22.06082],[105.20318,22.06114],[105.20224,22.05975],[105.20225,22.05923],[105.20142,22.05838],[105.20225,22.05607],[105.20146,22.05453],[105.20135,22.05278],[105.20019,22.05164],[105.19864,22.05109],[105.1984,22.04914],[105.19455,22.04726],[105.1942,22.0458],[105.1932,22.04501],[105.19241,22.04359],[105.19055,22.04178],[105.18614,22.04014],[105.18527,22.03948],[105.18402,22.04007],[105.18306,22.03753],[105.18152,22.03738],[105.17972,22.03605],[105.17647,22.03592],[105.17467,22.03435],[105.17435,22.03208],[105.17493,22.03134],[105.17482,22.03016],[105.17554,22.02951],[105.1757,22.02832],[105.17451,22.02685],[105.17343,22.02663],[105.17279,22.02442],[105.17296,22.01894],[105.17362,22.01786],[105.17106,22.0157],[105.16758,22.01627],[105.16715,22.01426],[105.16502,22.01344],[105.16419,22.01241],[105.16346,22.01293],[105.16194,22.0127],[105.16093,22.01322],[105.15899,22.01302],[105.15852,22.01508],[105.1578,22.01537],[105.15462,22.01552],[105.15101,22.01881],[105.14883,22.02022],[105.14643,22.01985],[105.14521,22.01998],[105.14532,22.02146],[105.14423,22.0233],[105.13836,22.02541],[105.13889,22.02677],[105.1377,22.0299],[105.13826,22.03186],[105.13773,22.03376],[105.13828,22.03594],[105.139,22.03638],[105.14013,22.03617],[105.14056,22.03775],[105.13864,22.04017],[105.13944,22.04005],[105.14161,22.04156],[105.14148,22.04246],[105.14236,22.04376],[105.14322,22.04449],[105.14465,22.04465],[105.14578,22.04542],[105.14699,22.04522],[105.14753,22.04621],[105.14903,22.04646],[105.15076,22.04729],[105.15142,22.04794],[105.15414,22.04811],[105.15517,22.04869],[105.15531,22.04975],[105.1559,22.05073],[105.15791,22.05176],[105.15966,22.05124],[105.16199,22.05208],[105.16254,22.05288],[105.16357,22.05327],[105.16352,22.05665],[105.16306,22.05831],[105.15922,22.05837],[105.15812,22.05993],[105.15625,22.06076],[105.15622,22.06141],[105.15746,22.06297],[105.15768,22.06372],[105.15535,22.06508],[105.15347,22.06805],[105.15073,22.07034],[105.1506,22.07128],[105.15,22.07232],[105.14845,22.07346],[105.14792,22.07486],[105.14763,22.07826],[105.148,22.08049],[105.15034,22.08265],[105.15185,22.08533],[105.15218,22.08668],[105.15256,22.08695],[105.1538,22.0867],[105.15624,22.08768],[105.15854,22.08996],[105.15894,22.09085],[105.15895,22.09166],[105.15748,22.09414],[105.15689,22.09629],[105.15708,22.09834],[105.15685,22.09968],[105.15736,22.10143],[105.15699,22.10323],[105.15697,22.1065],[105.15398,22.10752],[105.15258,22.11],[105.14807,22.1102],[105.147,22.10985],[105.14616,22.11002],[105.14471,22.10975],[105.14354,22.11228],[105.14328,22.11502],[105.14265,22.11753],[105.14154,22.11898],[105.1415,22.12061],[105.14023,22.12178],[105.13916999999999,22.12214],[105.13836,22.12313],[105.13675,22.1238],[105.13646,22.12458],[105.13517,22.1248],[105.13301,22.1265],[105.13246,22.12811],[105.13146,22.12876],[105.13049,22.13033],[105.12653,22.13122],[105.12298,22.13301],[105.12202,22.13319],[105.11937,22.1354],[105.11981,22.13847],[105.12108,22.13947],[105.12239,22.14127],[105.12585,22.14289],[105.1267,22.14393],[105.12691,22.14487],[105.12738,22.14511],[105.12738,22.14613],[105.12816,22.14729],[105.12771,22.14816],[105.12666,22.14901],[105.12498,22.14913],[105.12364,22.15181],[105.12255999999999,22.15235],[105.12157,22.15209],[105.12042,22.154419999999998],[105.12089,22.15507],[105.12166,22.15538],[105.12318,22.15512],[105.12358,22.15554],[105.12404,22.15732],[105.12682,22.15921],[105.12703,22.16112],[105.12456,22.16313],[105.12428,22.16526],[105.12197,22.16606],[105.1214,22.16737],[105.12283,22.17009],[105.12303,22.17197],[105.12439,22.17243],[105.12482,22.17296],[105.12501,22.17472],[105.12456,22.17581],[105.12484,22.17684],[105.12597,22.17908],[105.12952,22.17921],[105.13062,22.18306],[105.13164,22.18417],[105.13218,22.18391],[105.13375,22.184],[105.13693,22.18472],[105.13778,22.18527],[105.13918,22.1851]]]]}},
{"type":"Feature","id":"02374","properties":{"Ward_Code":"02374","Ward_Code_Num":2374,"Ward":"Hàm Yên","Ward_Alt":"Hàm Yên","Ward_Upper":"HÀM YÊN","Ward_Full":"Xã Hàm Yên","Ward_Full_Alt":"Xã Hàm Yên","Ward_Full_Upper_Alt":"XÃ HÀM YÊN","Ward_Type":"Xã","Province_Code":"08","Province":"Tuyên Quang","Province_Upper_Alt":"TUYÊN QUANG"},"geometry":{"type":"MultiPolygon","coordinates":[[[[105.06346,22.13934],[105.06582,22.13764],[105.06957,22.13616],[105.06969,22.13532],[105.0705,22.13462],[105.07048,22.13389],[105.0718,22.13119],[105.07178,22.1276],[105.07202,22.12593],[105.07291,22.12369],[105.07275,22.12205],[105.07335,22.12147],[105.07488,22.12152],[105.07592,22.11947],[105.07726,22.11786],[105.07956,22.11695],[105.08119,22.11303],[105.08291,22.11196],[105.08415,22.11179],[105.08478,22.11085],[105.08765,22.11079],[105.0889,22.1101],[105.08983,22.11018],[105.0913,22.10962],[105.09259,22.10879],[105.09418,22.10943],[105.09499,22.10841],[105.0951,22.1076],[105.09382,22.1067],[105.09423,22.10499],[105.09421,22.10284],[105.09501,22.0994],[105.09506,22.09794],[105.09469,22.09769],[105.09482,22.09624],[105.0932,22.09525],[105.09241,22.094],[105.09231,22.09316],[105.09397,22.09158],[105.09515,22.09144],[105.09487,22.09039],[105.09507,22.08987],[105.09576,22.08906],[105.09709,22.08858],[105.09793,22.08745],[105.09919,22.08747],[105.09999,22.08858],[105.10114,22.08883],[105.10216,22.08789],[105.10423,22.08703],[105.10217,22.08291],[105.10184,22.0803],[105.10117,22.07905],[105.1014,22.07821],[105.10101,22.07669],[105.10121,22.07604],[105.10063,22.07543],[105.10196,22.07439],[105.10217,22.07384],[105.10196,22.0727],[105.10115,22.07189],[105.10144,22.0706],[105.10186,22.06989],[105.10326,22.06944],[105.10407,22.0687],[105.10408,22.0664],[105.10309,22.06587],[105.10328,22.06431],[105.10261,22.06342],[105.10264,22.06243],[105.10187,22.06217],[105.10094,22.05998],[105.10008,22.0596],[105.09959,22.05892],[105.09839,22.05862],[105.09701,22.05908],[105.09689,22.05809],[105.09557,22.05717],[105.0949,22.0577],[105.09208,22.05783],[105.08991,22.0563],[105.08777,22.05877],[105.08631,22.05983],[105.07856,22.06259],[105.07785,22.06334],[105.07606,22.06432],[105.07391,22.06511],[105.06734,22.06336],[105.06556,22.06198],[105.06476,22.06018],[105.06332,22.05898],[105.06138,22.05903],[105.05982,22.05978],[105.05918,22.05853],[105.05966,22.05838],[105.06066,22.05725],[105.06039,22.0559],[105.06112,22.05496],[105.06053,22.05426],[105.06078,22.0531],[105.06022,22.05064],[105.05943,22.05058],[105.05819,22.04972],[105.05821,22.04842],[105.05735,22.04649],[105.05667,22.04619],[105.05648,22.04438],[105.05541,22.04375],[105.05509,22.04162],[105.05294,22.04198],[105.04978,22.04012],[105.04924,22.03949],[105.04949,22.03891],[105.05095,22.03886],[105.05179,22.03772],[105.05193,22.03688],[105.05249,22.03633],[105.05331,22.03226],[105.05526,22.03054],[105.05413,22.02995],[105.05396,22.0283],[105.05328,22.02712],[105.05413,22.02525],[105.05494,22.02499],[105.05534,22.02435],[105.05521,22.02322],[105.05425,22.02275],[105.054,22.02214],[105.05424,22.02014],[105.05378,22.01911],[105.05406,22.01818],[105.05468,22.0179],[105.05478,22.01722],[105.0554,22.01654],[105.05552,22.0156],[105.05515,22.01469],[105.05464,22.01437],[105.05394,22.01416],[105.05348,22.01454],[105.05238,22.01443],[105.05061,22.01173],[105.05055,22.0097],[105.05198,22.00774],[105.05158,22.00612],[105.04881,22.00276],[105.04729,22.0027],[105.04653,22.00315],[105.04471,22.00252],[105.04355,22.00264],[105.04207,22.00229],[105.03923,22.0031],[105.03854,22.00298],[105.03677,22.00186],[105.03595,22.00087],[105.03714,21.9973],[105.03564,21.99401],[105.03479,21.99298],[105.03253,21.99166],[105.03136,21.99144],[105.0311,21.9908],[105.03126,21.99025],[105.02851,21.98716],[105.02715,21.98698],[105.02458,21.98739],[105.02186,21.98583],[105.02001,21.98433],[105.01957,21.98047],[105.01905,21.97946],[105.01904,21.97804],[105.0193,21.97747],[105.0203,21.97747],[105.02059,21.97706],[105.02079,21.97556],[105.02043,21.97368],[105.02089,21.97255],[105.02044,21.97105],[105.02162,21.97002],[105.02208,21.96899],[105.01866,21.96581],[105.01833,21.96524],[105.01868,21.96383],[105.01773,21.96381],[105.01761,21.96204],[105.01667,21.96109],[105.01857,21.95777],[105.02054,21.95614],[105.02071,21.95482],[105.02203,21.95366],[105.02388,21.95125],[105.02546,21.95021],[105.02682,21.94991],[105.02506,21.95002],[105.02312,21.94874],[105.02296,21.94777],[105.02115,21.94484],[105.02019,21.94412],[105.02039,21.94149],[105.02112,21.94045],[105.02102,21.93802],[105.01986,21.93682],[105.01935,21.93576],[105.0177,21.93578],[105.0166,21.93517],[105.01498,21.93564],[105.01372,21.93563],[105.01217,21.93665],[105.00938,21.93743],[105.00842,21.93644],[105.0078,21.93488],[105.00496,21.93468],[105.00293,21.9337],[105.00203,21.93283],[105.00176,21.93179],[105.00098,21.93136],[105.00031,21.92988],[104.99795,21.92871],[104.99681,21.92867],[104.99332,21.92999],[104.99177,21.93016],[104.98928,21.93147],[104.98861,21.93474],[104.98644,21.9363],[104.98726,21.9387],[104.98652,21.94031],[104.98755,21.94398],[104.98936,21.94533],[104.98982,21.94806],[104.99051,21.94974],[104.99206,21.9513],[104.99364,21.95234],[104.99297,21.9532],[104.99493,21.96019],[104.99486,21.96277],[104.99517,21.96423],[104.99459,21.96553],[104.99483,21.9675],[104.99366,21.96906],[104.99335,21.97051],[104.9927,21.97128],[104.99279,21.97202],[104.9943,21.97552],[104.99403,21.97691],[104.99479,21.97768],[104.99512,21.97894],[104.99722,21.98083],[104.99764,21.98347],[104.99933,21.9864],[104.99961,21.98791],[104.99857,21.98994],[104.99761,21.99049],[104.99735,21.99226],[104.99595,21.99253],[104.99436,21.99329],[104.9927,21.99455],[104.99216,21.99458],[104.99065,21.99383],[104.99095,21.99475],[104.99074,21.99529],[104.99138,21.99668],[104.99202,21.99723],[104.99083,21.99927],[104.99077,22.00049],[104.98976,22.0016],[104.98967,22.00282],[104.99095,22.00516],[104.99163,22.0079],[104.99445,22.01249],[104.99634,22.01447],[104.99449,22.01699],[104.99226,22.01845],[104.9922,22.02049],[104.99451,22.02396],[104.99404,22.02494],[104.99421,22.0259],[104.99472,22.02655],[104.99481,22.02794],[104.99381,22.02964],[104.99379,22.03232],[104.9952,22.0359],[104.99588,22.04055],[104.99804,22.04258],[104.99668,22.04424],[104.99378,22.04423],[104.99049,22.0454],[104.98928,22.04507],[104.98822,22.04411],[104.98691,22.04382],[104.98604,22.04308],[104.98465,22.04286],[104.98323,22.04216],[104.98087,22.04282],[104.97999,22.04255],[104.97862,22.04118],[104.97718,22.0409],[104.97448,22.04135],[104.97353,22.04073],[104.97254,22.04068],[104.97109,22.03955],[104.97053,22.0379],[104.96897,22.03561],[104.96933,22.03404],[104.9678,22.03131],[104.96613,22.03013],[104.9624,22.02877],[104.96074,22.03033],[104.95923,22.031],[104.95951,22.03275],[104.95859,22.03396],[104.95936,22.03702],[104.9595,22.0391],[104.96032,22.04101],[104.96063,22.04267],[104.96286,22.04339],[104.9633,22.04646],[104.96462,22.04866],[104.96629,22.04923],[104.96958,22.04873],[104.97059,22.04901],[104.97356,22.05181],[104.97805,22.05366],[104.97864,22.05462],[104.97934,22.05507],[104.97987,22.05614],[104.97992,22.05872],[104.98183,22.06016],[104.98171,22.06165],[104.98224,22.06365],[104.98451,22.06441],[104.98795,22.06395],[104.99025,22.06584],[104.99171,22.0644],[104.99544,22.06369],[104.99649,22.0631],[104.99704,22.06257],[104.99815,22.06025],[104.99969,22.0603],[105.00259,22.05941],[105.00482,22.058229999999998],[105.00566,22.05722],[105.00846,22.05641],[105.01043,22.05444],[105.01201,22.05376],[105.0131,22.05377],[105.01367,22.05507],[105.01588,22.05603],[105.01787,22.0558],[105.02118,22.05765],[105.02252,22.05761],[105.02377,22.06041],[105.02307,22.06169],[105.02213,22.06226],[105.02265,22.06351],[105.02292,22.06543],[105.02409,22.06611],[105.02414,22.06764],[105.02476,22.06895],[105.02645,22.06982],[105.02773,22.07219],[105.02736,22.07357],[105.02784,22.07542],[105.02838,22.07628],[105.02817,22.07706],[105.02862,22.07825],[105.02834,22.07913],[105.02858,22.08039],[105.02776,22.08129],[105.02821,22.08193],[105.03051,22.08342],[105.02798,22.08585],[105.02726,22.0882],[105.02662,22.09237],[105.02571,22.0933],[105.02357,22.09461],[105.02307,22.09533],[105.02288,22.09734],[105.02251,22.09791],[105.0225,22.10217],[105.02193,22.10699],[105.02063,22.10919],[105.01673,22.11312],[105.01586,22.11616],[105.01321,22.1201],[105.01546,22.11977],[105.01701,22.12014],[105.0182,22.11958],[105.01913,22.12096],[105.01905,22.12207],[105.02016,22.12239],[105.01952,22.12344],[105.01951,22.12573],[105.02046,22.12658],[105.02099,22.12667],[105.02135,22.12626],[105.02215,22.12616],[105.02296,22.12704],[105.02324,22.1268],[105.02358,22.12712],[105.02461,22.12696],[105.02538,22.1274],[105.02594,22.12726],[105.02681,22.12634],[105.02619,22.12529],[105.02641,22.12471],[105.02678,22.12422],[105.02729,22.12412],[105.02951,22.12515],[105.02983,22.12574],[105.02968,22.12656],[105.03066,22.12675],[105.03194,22.12755],[105.03273,22.12941],[105.03394,22.12925],[105.03473,22.12823],[105.03725,22.12824],[105.03792,22.12684],[105.03983,22.12771],[105.04156,22.12764],[105.04956,22.13368],[105.05105,22.13399],[105.05224,22.13376],[105.05362,22.13533],[105.05646,22.1372],[105.05806,22.13726],[105.05874,22.13808],[105.06044,22.13909],[105.06346,22.13934]]]]}},
{"type":"Feature","id":"02380","properties":{"Ward_Code":"02380","Ward_Code_Num":2380,"Ward":"Bạch Xa","Ward_Alt":"Bạch Xa","Ward_Upper":"BẠCH XA","Ward_Full":"Xã Bạch Xa","Ward_Full_Alt":"Xã Bạch Xa","Ward_Full_Upper_Alt":"XÃ BẠCH XA","Ward_Type":"Xã","Province_Code":"08","Province":"Tuyên Quang","Province_Upper_Alt":"TUYÊN QUANG"},"geometry":{"type":"MultiPolygon","coordinates":[[[[104.97734,22.32554],[104.97836,22.32555],[104.98363,22.32401],[104.98497,22.32206],[104.9846,22.32081],[104.98618,22.31978],[104.98779,22.31816],[104.98778,22.31704],[104.99173,22.31623],[104.99366,22.31482],[104.99397,22.31205],[104.99479,22.3105],[104.99405,22.30877],[104.99404,22.30791],[104.9944,22.30704],[104.99561,22.30621],[104.99611,22.30542],[104.99576,22.30398],[104.99623,22.30162],[104.99884,22.30148],[104.99947,22.30054],[105.00051,22.29989],[105.00416,22.2988],[105.00515,22.29886],[105.00547,22.29725],[105.00646,22.29734],[105.0072,22.2959],[105.00862,22.29501],[105.00739,22.29369],[105.00682,22.29218],[105.00591,22.29107],[105.00588,22.29026],[105.00661,22.28922],[105.00562,22.28694],[105.0055,22.28539],[105.00378,22.28465],[105.00354,22.28396],[105.00376,22.28302],[105.0043,22.28246],[105.00708,22.28116],[105.00771,22.28056],[105.00705,22.27854],[105.00769,22.2768],[105.00837,22.27621],[105.00775,22.27467],[105.00703,22.27448],[105.00801,22.27379],[105.0075,22.27262],[105.00695,22.27231],[105.00926,22.27065],[105.00987,22.26958],[105.00991,22.26568],[105.0102,22.26476],[105.00966,22.26414],[105.00946,22.26265],[105.00768,22.26137],[105.00066,22.2609],[105.00019,22.25914],[104.99911,22.2579],[104.9986,22.25606],[104.997,22.25573],[104.996,22.25493],[104.99648,22.25414],[104.99636,22.25345],[104.99442,22.25111],[104.99547,22.24807],[104.99639,22.24677],[104.99626,22.24545],[104.99674,22.24132],[104.99583,22.24012],[104.99513,22.23755],[104.9938,22.23654],[104.99388,22.23505],[104.99192,22.23098],[104.99036,22.23028],[104.98746,22.22982],[104.98811,22.22786],[104.98815,22.22527],[104.98922,22.2227],[104.98898,22.22164],[104.98934,22.21928],[104.98736,22.21494],[104.98611,22.2132],[104.98476,22.21213],[104.98428,22.21075],[104.98364,22.21042],[104.98142,22.21066],[104.98009,22.20924],[104.97892,22.2109],[104.97833,22.21097],[104.97745,22.21197],[104.97576,22.21115],[104.97426,22.20971],[104.9726,22.20872],[104.97208,22.20707],[104.97366,22.20623],[104.97451,22.20506],[104.97455,22.20372],[104.97402,22.20169],[104.97473,22.20038],[104.97576,22.19938],[104.97572,22.19841],[104.97651,22.19711],[104.97646,22.196],[104.97629,22.19514],[104.97402,22.19151],[104.97114,22.18942],[104.97087,22.18696],[104.96974,22.18462],[104.96847,22.18411],[104.96801,22.18256],[104.96667,22.18124],[104.96644,22.18063],[104.9652,22.18109],[104.96467,22.1801],[104.96354,22.17969],[104.96325,22.17881],[104.96204,22.17957],[104.95969,22.17989],[104.95731,22.18064],[104.95555,22.1801],[104.94963,22.17978],[104.94842,22.18053],[104.94747,22.18166],[104.9469,22.183229999999998],[104.94475,22.18638],[104.94444,22.18826],[104.94382,22.18928],[104.93716,22.19474],[104.93598,22.19738],[104.93069,22.2052],[104.92866,22.21162],[104.92454,22.21676],[104.92417,22.21934],[104.92444,22.22204],[104.92508,22.22444],[104.92467,22.22864],[104.92343,22.23321],[104.92312,22.23588],[104.92197,22.23784],[104.91949,22.23919],[104.91828,22.24024],[104.9171,22.24615],[104.91641,22.24757],[104.91526,22.24836],[104.91134,22.24851],[104.90878,22.25091],[104.90812,22.25214],[104.90766,22.25772],[104.90696,22.25901],[104.90380999999999,22.2621],[104.89982,22.26507],[104.89743,22.26735],[104.8933,22.26979],[104.89207,22.27197],[104.89201,22.27285],[104.89258,22.27393],[104.89497,22.27578],[104.89632,22.27642],[104.8986,22.27638],[104.90191,22.27505],[104.90486,22.27479],[104.90578,22.27501],[104.9065,22.27603],[104.90816,22.28029],[104.91112,22.28246],[104.91136,22.28319],[104.91101,22.28466],[104.91114,22.28669],[104.91244,22.28884],[104.9143,22.2904],[104.91523,22.29065],[104.91943,22.28912],[104.92101,22.28908],[104.92172,22.28986],[104.92191,22.29077],[104.92174,22.29192],[104.92103,22.29294],[104.91692,22.2953],[104.91567,22.29677],[104.91532,22.29863],[104.91776,22.30168],[104.91822,22.30305],[104.91811,22.30398],[104.91766,22.30525],[104.91688,22.30619],[104.91459,22.30744],[104.91385,22.30817],[104.91175,22.31203],[104.9097,22.31334],[104.90718,22.31306],[104.90548,22.3135],[104.90258,22.31529],[104.901,22.31577],[104.89852,22.31529],[104.89749,22.31552],[104.89675,22.31644],[104.89609,22.31928],[104.89208,22.3231],[104.89155,22.32413],[104.89263,22.32578],[104.89635,22.32812],[104.89741,22.32983],[104.89757,22.33181],[104.89637,22.33612],[104.89672,22.33935],[104.89909,22.34147],[104.9003,22.34341],[104.90065,22.34613],[104.89986,22.3502],[104.90105,22.35024],[104.90384,22.34942],[104.90659,22.34948],[104.90814,22.34913],[104.90803,22.34839],[104.90947,22.34787],[104.91112,22.34538],[104.91074,22.34389],[104.9112,22.343],[104.91106,22.34182],[104.91157,22.34094],[104.91293,22.3393],[104.91469,22.33854],[104.91484,22.33791],[104.9155,22.33739],[104.91539,22.33665],[104.91473,22.3361],[104.91784,22.33489],[104.91888,22.33345],[104.92072,22.33292],[104.92318,22.33312],[104.92564,22.33254],[104.92683,22.33347],[104.92799,22.33363],[104.92946,22.33253],[104.9314,22.33186],[104.93259,22.33259],[104.93457,22.33274],[104.93439,22.33417],[104.93467,22.33438],[104.9361,22.33422],[104.9374,22.33499],[104.93908,22.334],[104.93926,22.33298],[104.94064,22.33124],[104.94085,22.33],[104.94148,22.32891],[104.94292,22.327],[104.94445,22.32597],[104.94486,22.32431],[104.94572,22.32347],[104.94744,22.32289],[104.94953,22.32048],[104.9555,22.32045],[104.95868,22.31789],[104.95928,22.31809],[104.96,22.31906],[104.96276,22.31811],[104.9644,22.31801],[104.96704,22.31915],[104.96885,22.31932],[104.97031,22.31896],[104.97331,22.32052],[104.97462,22.32263],[104.97734,22.32554]]]]}},
{"type":"Feature","id":"02392","properties":{"Ward_Code":"02392","Ward_Code_Num":2392,"Ward":"Phù Lưu","Ward_Alt":"Phù Lưu","Ward_Upper":"PHÙ LƯU","Ward_Full":"Xã Phù Lưu","Ward_Full_Alt":"Xã Phù Lưu","Ward_Full_Upper_Alt":"XÃ PHÙ LƯU","Ward_Type":"Xã","Province_Code":"08","Province":"Tuyên Quang","Province_Upper_Alt":"TUYÊN QUANG"},"geometry":{"type":"MultiPolygon","coordinates":[[[[105.07507,22.22853],[105.07436,22.22597],[105.07639,22.22287],[105.07657,22.22102],[105.07781,22.2206],[105.0813,22.22116],[105.08202,22.22074],[105.0828,22.21959],[105.08632,22.21798],[105.08651,22.21751],[105.0858,22.21702],[105.08566,22.21623],[105.08638,22.21466],[105.08528,22.21386],[105.08487,22.21301],[105.08561,22.21252],[105.08692,22.20894],[105.09126,22.20859],[105.09278,22.20762],[105.0946,22.20589],[105.0952,22.20505],[105.09563,22.20262],[105.09937,22.19889],[105.1004,22.19632],[105.10273,22.19412],[105.10412,22.19189],[105.10463,22.19159],[105.10497,22.1899],[105.1072,22.18849],[105.10721,22.18766],[105.10526,22.18646],[105.10206,22.18616],[105.10035,22.18553],[105.0985,22.18639],[105.09972,22.18466],[105.09976,22.1835],[105.09811,22.18222],[105.09398,22.17633],[105.09346,22.17324],[105.09223,22.1701],[105.09026,22.16896],[105.08825,22.1686],[105.08658,22.1673],[105.08561,22.16573],[105.08289,22.16417],[105.08258,22.16262],[105.08024,22.16043],[105.07844,22.16011],[105.07648,22.15888],[105.07277,22.1594],[105.07102,22.15824],[105.07051,22.15746],[105.06787,22.15778],[105.0644,22.15725],[105.06151,22.15544],[105.05998,22.1539],[105.05912,22.15203],[105.05908,22.15003],[105.0575,22.14855],[105.05772,22.14547],[105.05944,22.14332],[105.06052,22.1431],[105.06221,22.13995],[105.06346,22.13934],[105.06044,22.13909],[105.05874,22.13808],[105.05806,22.13726],[105.05646,22.1372],[105.05362,22.13533],[105.05224,22.13376],[105.05105,22.13399],[105.04956,22.13368],[105.04156,22.12764],[105.03983,22.12771],[105.03792,22.12684],[105.03725,22.12824],[105.03473,22.12823],[105.03394,22.12925],[105.03273,22.12941],[105.03194,22.12755],[105.03066,22.12675],[105.02968,22.12656],[105.02983,22.12574],[105.02951,22.12515],[105.02729,22.12412],[105.02678,22.12422],[105.02641,22.12471],[105.02619,22.12529],[105.02681,22.12634],[105.02594,22.12726],[105.02538,22.1274],[105.02461,22.12696],[105.02358,22.12712],[105.02324,22.1268],[105.02296,22.12704],[105.02215,22.12616],[105.02135,22.12626],[105.02099,22.12667],[105.02046,22.12658],[105.01951,22.12573],[105.01952,22.12344],[105.02016,22.12239],[105.01905,22.12207],[105.01913,22.12096],[105.0182,22.11958],[105.01701,22.12014],[105.01546,22.11977],[105.01321,22.1201],[105.01151,22.12213],[105.00743,22.12823],[105.00591,22.1313],[105.00583,22.13331],[105.00442,22.13604],[105.00123,22.13873],[104.99673,22.14152],[104.99223,22.14629],[104.98685,22.14936],[104.98433,22.15155],[104.98188,22.15263],[104.97922,22.15445],[104.97648,22.15534],[104.9739,22.15673],[104.9724,22.1597],[104.97172,22.16386],[104.97174,22.16607],[104.97234,22.16818],[104.97221,22.1693],[104.9726,22.16969],[104.97243,22.17098],[104.97102,22.17277],[104.96624,22.17503],[104.96374,22.17729],[104.96325,22.17881],[104.96354,22.17969],[104.96467,22.1801],[104.9652,22.18109],[104.96644,22.18063],[104.96667,22.18124],[104.96762,22.18198],[104.96847,22.18411],[104.96974,22.18462],[104.9706,22.18615],[104.97119,22.1882],[104.97114,22.18942],[104.97402,22.19151],[104.97637,22.19534],[104.97651,22.19711],[104.97572,22.19841],[104.97576,22.19938],[104.97473,22.20038],[104.97402,22.20169],[104.97455,22.20372],[104.97451,22.20506],[104.97366,22.20623],[104.97208,22.20707],[104.9726,22.20872],[104.97426,22.20971],[104.97576,22.21115],[104.97745,22.21197],[104.97833,22.21097],[104.97892,22.2109],[104.98009,22.20924],[104.98142,22.21066],[104.98364,22.21042],[104.98428,22.21075],[104.98476,22.21213],[104.98611,22.2132],[104.98736,22.21494],[104.98934,22.21928],[104.98898,22.22164],[104.98922,22.2227],[104.98815,22.22527],[104.98811,22.22786],[104.98746,22.22982],[104.99036,22.23028],[104.99192,22.23098],[104.99388,22.23505],[104.9938,22.23654],[104.99513,22.23755],[104.99598,22.24037],[104.99736,22.23787],[104.99862,22.23742],[104.99945,22.23616],[105.00054,22.23541],[105.00086,22.23409],[105.00182,22.23365],[105.00322,22.23216],[105.0049,22.2318],[105.00568,22.2311],[105.00625,22.22925],[105.006,22.22819],[105.00616,22.22688],[105.00565,22.22583],[105.00587,22.22508],[105.00561,22.22433],[105.00611,22.22344],[105.00702,22.22304],[105.00753,22.22167],[105.00831,22.22255],[105.00912,22.22456],[105.01392,22.22258],[105.01693,22.22342],[105.01864,22.22454],[105.02138,22.22395],[105.0224,22.2243],[105.02297,22.22511],[105.02297,22.22573],[105.02192,22.22732],[105.0214,22.23006],[105.01998,22.23112],[105.02011,22.23194],[105.02135,22.23254],[105.02237,22.23371],[105.02336,22.23517],[105.02363,22.23652],[105.02453,22.23776],[105.02509,22.238],[105.0258,22.23757],[105.02771,22.23816],[105.02906,22.24],[105.0304,22.24097],[105.0341,22.24],[105.03521,22.23878],[105.03603,22.23875],[105.03905,22.23715],[105.04113,22.23758],[105.04307,22.23876],[105.04655,22.23785],[105.0489,22.23649],[105.04938,22.23534],[105.05118,22.23551],[105.05136,22.23452],[105.05234,22.23408],[105.05365,22.23407],[105.05499,22.23504],[105.05805,22.23534],[105.05923,22.23576],[105.06284,22.23272],[105.06344,22.23174],[105.06446,22.23135],[105.06503,22.23054],[105.06667,22.23007],[105.06982,22.22986],[105.07111,22.22929],[105.07507,22.22853]]]]}},
{"type":"Feature","id":"02398","properties":{"Ward_Code":"02398","Ward_Code_Num":2398,"Ward":"Yên Phú","Ward_Alt":"Yên Phú","Ward_Upper":"YÊN PHÚ","Ward_Full":"Xã Yên Phú","Ward_Full_Alt":"Xã Yên Phú","Ward_Full_Upper_Alt":"XÃ YÊN PHÚ","Ward_Type":"Xã","Province_Code":"08","Province":"Tuyên Quang","Province_Upper_Alt":"TUYÊN QUANG"},"geometry":{"type":"MultiPolygon","coordinates":[[[[104.91914,22.23944],[104.92197,22.23784],[104.92312,22.23588],[104.92343,22.23321],[104.92467,22.22864],[104.92508,22.22444],[104.92444,22.22204],[104.92417,22.21934],[104.92454,22.21676],[104.92866,22.21162],[104.93069,22.2052],[104.93598,22.19738],[104.93716,22.19474],[104.94382,22.18928],[104.94444,22.18826],[104.94475,22.18638],[104.9469,22.183229999999998],[104.94747,22.18166],[104.94939,22.17986],[104.95555,22.1801],[104.95731,22.18064],[104.96263,22.17938],[104.96349,22.1784],[104.96374,22.17729],[104.96583,22.17531],[104.97102,22.17277],[104.97256,22.17062],[104.9726,22.16969],[104.97221,22.1693],[104.97234,22.16818],[104.97174,22.16607],[104.97172,22.16386],[104.9724,22.1597],[104.9739,22.15673],[104.97648,22.15534],[104.97922,22.15445],[104.98188,22.15263],[104.98433,22.15155],[104.98685,22.14936],[104.99223,22.14629],[104.99673,22.14152],[105.00123,22.13873],[105.00442,22.13604],[105.00585,22.13325],[105.00591,22.1313],[105.00758,22.12797],[105.01586,22.11616],[105.01673,22.11312],[105.02063,22.10919],[105.02193,22.10699],[105.0225,22.10217],[105.02251,22.09791],[105.02288,22.09734],[105.02307,22.09533],[105.02357,22.09461],[105.02571,22.0933],[105.02662,22.09237],[105.02726,22.0882],[105.02798,22.08585],[105.03051,22.08342],[105.02821,22.08193],[105.02776,22.08129],[105.02858,22.08039],[105.02834,22.07913],[105.02862,22.07825],[105.02817,22.07706],[105.02838,22.07628],[105.02784,22.07542],[105.02736,22.07357],[105.02773,22.07219],[105.02645,22.06982],[105.02476,22.06895],[105.02414,22.06764],[105.02409,22.06611],[105.02292,22.06543],[105.02265,22.06351],[105.02213,22.06226],[105.02307,22.06169],[105.02377,22.06041],[105.02252,22.05761],[105.02118,22.05765],[105.01787,22.0558],[105.01588,22.05603],[105.0139,22.05524],[105.0131,22.05377],[105.01228,22.05371],[105.01065,22.05428],[105.00919,22.05542],[105.00846,22.05641],[105.00566,22.05722],[105.00482,22.058229999999998],[105.00259,22.05941],[104.99969,22.0603],[104.99815,22.06025],[104.99704,22.06257],[104.99649,22.0631],[104.99544,22.06369],[104.99171,22.0644],[104.99025,22.06584],[104.98795,22.06395],[104.98451,22.06441],[104.98256,22.06382],[104.98187,22.06298],[104.98183,22.06016],[104.97992,22.05872],[104.97987,22.05614],[104.97934,22.05507],[104.97864,22.05462],[104.97805,22.05366],[104.97356,22.05181],[104.97059,22.04901],[104.96958,22.04873],[104.96629,22.04923],[104.96462,22.04866],[104.9633,22.04646],[104.96286,22.04339],[104.96063,22.04267],[104.96032,22.04101],[104.9595,22.0391],[104.95936,22.03702],[104.95859,22.03396],[104.95752,22.03398],[104.95478,22.03574],[104.95378,22.03488],[104.95196,22.03492],[104.94999,22.03438],[104.94824,22.03543],[104.94614,22.03584],[104.9457,22.03796],[104.94368,22.03986],[104.94223,22.04332],[104.9405,22.0441],[104.94033,22.0445],[104.94109,22.04608],[104.9411,22.04982],[104.94166,22.0513],[104.94158,22.05201],[104.94074,22.05332],[104.93853,22.05525],[104.938,22.05648],[104.93629,22.05719],[104.93486,22.0587],[104.93371,22.05878],[104.93137,22.06031],[104.92802,22.06187],[104.92666,22.06157],[104.92621,22.06109],[104.92279,22.06055],[104.92104,22.06076],[104.91941,22.05921],[104.9183,22.05875],[104.9153,22.06158],[104.91513,22.06257],[104.91261,22.06527],[104.91109,22.06517],[104.90775,22.06294],[104.90443,22.06403],[104.90261,22.06381],[104.90197,22.06442],[104.90087,22.06663],[104.89795,22.06916],[104.89773,22.07011],[104.89402,22.07227],[104.89082,22.07237],[104.88663,22.07083],[104.88531,22.071],[104.88181,22.07224],[104.88116,22.0747],[104.87962,22.07531],[104.87523,22.07897],[104.87379,22.07969],[104.8734,22.08107],[104.87372,22.08318],[104.87327,22.08465],[104.87121,22.08632],[104.87117,22.08845],[104.87166,22.0892],[104.8719,22.0906],[104.87133,22.09208],[104.86476,22.09649],[104.86459,22.09974],[104.86523,22.10218],[104.86495,22.10455],[104.86562,22.10652],[104.86435,22.10985],[104.86502,22.11217],[104.86362,22.11403],[104.86328,22.11526],[104.86354,22.11692],[104.86321,22.11761],[104.86364,22.11856],[104.86187,22.11936],[104.86152,22.12046],[104.86041,22.12212],[104.86035,22.12483],[104.85936,22.12598],[104.85967,22.12727],[104.85924,22.12879],[104.8608,22.13043],[104.86165,22.13239],[104.85975,22.13427],[104.85952,22.13538],[104.86036,22.13692],[104.86159,22.1379],[104.86193,22.13964],[104.8634,22.14133],[104.86352,22.14221],[104.862,22.1448],[104.86226,22.14783],[104.85958,22.14807],[104.85892,22.15054],[104.8592,22.15166],[104.85881,22.153],[104.85643,22.15432],[104.85576,22.15584],[104.85405,22.15716],[104.85394,22.15785],[104.85459,22.15898],[104.85431,22.16032],[104.85498,22.1618],[104.8547,22.16329],[104.85377,22.16361],[104.85367,22.16402],[104.85399,22.16555],[104.85492,22.1664],[104.85581,22.16856],[104.85546,22.1695],[104.85555,22.17026],[104.85317,22.17087],[104.85228,22.17167],[104.85116,22.17443],[104.85037,22.17558],[104.85071,22.17789],[104.84878,22.18061],[104.84849,22.18233],[104.84926,22.18412],[104.84868,22.18514],[104.85012,22.18619],[104.85095,22.18643],[104.85277,22.18844],[104.85497,22.19008],[104.8554,22.19241],[104.85496,22.19316],[104.85505,22.19392],[104.85615,22.19742],[104.857,22.19855],[104.85834,22.19744],[104.86016,22.19717],[104.86076,22.19737],[104.86178,22.19886],[104.86323,22.20002],[104.86415,22.20223],[104.86503,22.20254],[104.86569,22.20214],[104.86762,22.20202],[104.86856,22.20151],[104.86946,22.20175],[104.87128,22.20151],[104.87209,22.201],[104.87507,22.2011],[104.87643,22.19866],[104.87615,22.19705],[104.8745,22.19632],[104.8742,22.19569],[104.875,22.19457],[104.87511,22.19367],[104.87679,22.19195],[104.87659,22.19008],[104.87816,22.18905],[104.879,22.18758],[104.87874,22.18695],[104.87892,22.1859],[104.88045,22.18607],[104.88179,22.18482],[104.88251,22.18459],[104.88358,22.18585],[104.88479,22.18649],[104.88613,22.18505],[104.88761,22.18551],[104.88847,22.18623],[104.88941,22.18614],[104.89076,22.18509],[104.89095,22.18448],[104.89159,22.18443],[104.89305,22.18277],[104.89367,22.18279],[104.89515,22.18479],[104.89699,22.18642],[104.89596,22.18788],[104.89566,22.18936],[104.89462,22.19014],[104.89583,22.19193],[104.89714,22.19524],[104.89716,22.19685],[104.89798,22.1975],[104.89896,22.19965],[104.8986,22.20216],[104.89927,22.20406],[104.90183,22.20555],[104.90315,22.20568],[104.90380999999999,22.20635],[104.9032,22.2103],[104.90338,22.2116],[104.90426,22.21202],[104.90514,22.21318],[104.90532,22.214],[104.90904,22.2116],[104.91001,22.21128],[104.91155,22.21167],[104.91243,22.21414],[104.91393,22.21559],[104.914,22.21788],[104.9131,22.21998],[104.9118,22.2211],[104.91366,22.22603],[104.9133,22.22665],[104.91126,22.22673],[104.91142,22.22892],[104.91219,22.23069],[104.91164,22.23218],[104.91248,22.23382],[104.9122,22.23628],[104.91307,22.23713],[104.91398,22.23874],[104.91564,22.23932],[104.91687,22.23934],[104.91828,22.24024],[104.91914,22.23944]]]]}},
{"type":"Feature","id":"02404","properties":{"Ward_Code":"02404","Ward_Code_Num":2404,"Ward":"Bình Xa","Ward_Alt":"Bình Xa","Ward_Upper":"BÌNH XA","Ward_Full":"Xã Bình Xa","Ward_Full_Alt":"Xã Bình Xa","Ward_Full_Upper_Alt":"XÃ BÌNH XA","Ward_Type":"Xã","Province_Code":"08","Province":"Tuyên Quang","Province_Upper_Alt":"TUYÊN QUANG"},"geometry":{"type":"MultiPolygon","coordinates":[[[[105.10526,22.18646],[105.1081,22.18441],[105.11069,22.18558],[105.11337,22.18461],[105.11537,22.18499],[105.11745,22.1843],[105.11823,22.18344],[105.11808,22.18176],[105.11912,22.18015],[105.12044,22.17877],[105.12295,22.17784],[105.12496,22.1751],[105.12482,22.17296],[105.12439,22.17243],[105.12303,22.17197],[105.12283,22.17009],[105.1214,22.16737],[105.12197,22.16606],[105.12428,22.16526],[105.12456,22.16313],[105.12703,22.16112],[105.12681,22.15916],[105.12404,22.15732],[105.12358,22.15554],[105.12318,22.15512],[105.12166,22.15538],[105.12089,22.15507],[105.12042,22.154419999999998],[105.12157,22.15209],[105.12255999999999,22.15235],[105.12364,22.15181],[105.12494,22.14917],[105.12666,22.14901],[105.12771,22.14816],[105.12816,22.14729],[105.12738,22.14613],[105.12738,22.14511],[105.12691,22.14487],[105.1267,22.14393],[105.12585,22.14289],[105.12239,22.14127],[105.12108,22.13947],[105.11981,22.13847],[105.11939,22.1353],[105.12101,22.13427],[105.12202,22.13319],[105.12382,22.13264],[105.12552,22.13162],[105.13049,22.13033],[105.13146,22.12876],[105.13246,22.12811],[105.13301,22.1265],[105.13517,22.1248],[105.13646,22.12458],[105.13675,22.1238],[105.13836,22.12313],[105.13916999999999,22.12214],[105.14023,22.12178],[105.1415,22.12061],[105.14154,22.11898],[105.14265,22.11753],[105.14328,22.11502],[105.14354,22.11228],[105.14471,22.10975],[105.14616,22.11002],[105.147,22.10985],[105.14807,22.1102],[105.15258,22.11],[105.15388,22.1076],[105.15698,22.10646],[105.15699,22.10323],[105.15736,22.10143],[105.15685,22.09968],[105.15708,22.09834],[105.15689,22.09629],[105.15748,22.09414],[105.15895,22.09166],[105.15894,22.09085],[105.15854,22.08996],[105.15624,22.08768],[105.1538,22.0867],[105.15256,22.08695],[105.15218,22.08668],[105.15185,22.08533],[105.15034,22.08265],[105.148,22.08049],[105.14763,22.07826],[105.14792,22.07486],[105.14845,22.07346],[105.15,22.07232],[105.1506,22.07128],[105.15073,22.07034],[105.15347,22.06805],[105.15535,22.06508],[105.15768,22.06372],[105.15746,22.06297],[105.15622,22.06141],[105.15625,22.06076],[105.15812,22.05993],[105.15922,22.05837],[105.16306,22.05831],[105.16352,22.05665],[105.1636,22.0534],[105.16254,22.05288],[105.16199,22.05208],[105.15966,22.05124],[105.15821,22.05185],[105.15615,22.05095],[105.15531,22.04975],[105.15517,22.04869],[105.15384,22.04796],[105.15142,22.04794],[105.15076,22.04729],[105.14903,22.04646],[105.14753,22.04621],[105.14699,22.04522],[105.14578,22.04542],[105.14465,22.04465],[105.14322,22.04449],[105.1416,22.04271],[105.14161,22.04156],[105.13944,22.04005],[105.13864,22.04017],[105.14056,22.03775],[105.14013,22.03617],[105.13916,22.03639],[105.1384,22.03616],[105.13774,22.03387],[105.13826,22.03186],[105.1377,22.0299],[105.13889,22.02677],[105.13836,22.02541],[105.13061,22.02924],[105.12856,22.03062],[105.12689,22.03272],[105.12466,22.03408],[105.12228,22.03454],[105.11887,22.03352],[105.11778,22.03363],[105.11417,22.03586],[105.11373,22.03699],[105.11268,22.03808],[105.10758,22.04116],[105.10377,22.04133],[105.10039,22.04203],[105.09737,22.04511],[105.09603,22.04697],[105.09487,22.04932],[105.09421,22.05018],[105.0935,22.05054],[105.09287,22.05189],[105.09169,22.05306],[105.09118,22.05488],[105.08991,22.0563],[105.09208,22.05783],[105.0949,22.0577],[105.09557,22.05717],[105.09689,22.05809],[105.09701,22.05908],[105.09839,22.05862],[105.09954,22.05889],[105.10008,22.0596],[105.10094,22.05998],[105.10187,22.06217],[105.10264,22.06243],[105.10261,22.06342],[105.10328,22.06431],[105.10309,22.06587],[105.10408,22.0664],[105.10421,22.06843],[105.10343,22.06934],[105.10186,22.06989],[105.10144,22.0706],[105.10115,22.07189],[105.10196,22.0727],[105.10217,22.07384],[105.10196,22.07439],[105.10063,22.07543],[105.10121,22.07604],[105.10101,22.07669],[105.1014,22.07821],[105.10117,22.07905],[105.10184,22.0803],[105.10217,22.08291],[105.10423,22.08703],[105.10216,22.08789],[105.10114,22.08883],[105.09999,22.08858],[105.09919,22.08747],[105.09793,22.08745],[105.09722,22.08847],[105.09576,22.08906],[105.09507,22.08987],[105.09487,22.09039],[105.09515,22.09144],[105.09397,22.09158],[105.09231,22.09316],[105.09241,22.094],[105.0932,22.09525],[105.09482,22.09624],[105.09469,22.09769],[105.09506,22.09794],[105.09501,22.0994],[105.09421,22.10284],[105.09423,22.10499],[105.09382,22.10655],[105.09518,22.10773],[105.09463,22.10895],[105.09412,22.10944],[105.09259,22.10879],[105.0913,22.10962],[105.08983,22.11018],[105.0889,22.1101],[105.08765,22.11079],[105.08478,22.11085],[105.08415,22.11179],[105.08291,22.11196],[105.08119,22.11303],[105.07956,22.11695],[105.07726,22.11786],[105.07592,22.11947],[105.07488,22.12152],[105.07335,22.12147],[105.07275,22.12205],[105.07291,22.12369],[105.07202,22.12593],[105.07178,22.1276],[105.0718,22.13119],[105.07048,22.13389],[105.0705,22.13462],[105.06969,22.13532],[105.06957,22.13616],[105.06582,22.13764],[105.06384,22.13912],[105.06236,22.1398],[105.06052,22.1431],[105.05944,22.14332],[105.0577,22.14556],[105.0575,22.14855],[105.05908,22.15003],[105.05912,22.15203],[105.05983,22.1537],[105.06151,22.15544],[105.06465,22.15732],[105.06787,22.15778],[105.07051,22.15746],[105.07102,22.15824],[105.07277,22.1594],[105.07648,22.15888],[105.07844,22.16011],[105.08024,22.16043],[105.08258,22.16262],[105.08289,22.16417],[105.08561,22.16573],[105.08658,22.1673],[105.08825,22.1686],[105.09026,22.16896],[105.09223,22.1701],[105.09346,22.17324],[105.09398,22.17633],[105.09811,22.18222],[105.09976,22.1835],[105.09972,22.18466],[105.0985,22.18639],[105.10035,22.18553],[105.10206,22.18616],[105.10526,22.18646]]]]}},
{"type":"Feature","id":"02407","properties":{"Ward_Code":"02407","Ward_Code_Num":2407,"Ward":"Thái Sơn","Ward_Alt":"Thái Sơn","Ward_Upper":"THÁI SƠN","Ward_Full":"Xã Thái Sơn","Ward_Full_Alt":"Xã Thái Sơn","Ward_Full_Upper_Alt":"XÃ THÁI SƠN","Ward_Type":"Xã","Province_Code":"08","Province":"Tuyên Quang","Province_Upper_Alt":"TUYÊN QUANG"},"geometry":{"type":"MultiPolygon","coordinates":[[[[105.08991,22.0563],[105.09118,22.05488],[105.09169,22.05306],[105.09287,22.05189],[105.0935,22.05054],[105.09421,22.05018],[105.09487,22.04932],[105.09698,22.04564],[105.10039,22.04203],[105.10377,22.04133],[105.10758,22.04116],[105.11268,22.03808],[105.11373,22.03699],[105.11417,22.03586],[105.11778,22.03363],[105.11887,22.03352],[105.12254,22.03455],[105.12522,22.03381],[105.12689,22.03272],[105.12871,22.0305],[105.132,22.02845],[105.13442,22.02714],[105.13765,22.02598],[105.13814,22.02546],[105.14423,22.0233],[105.14534,22.02139],[105.14509,22.01959],[105.14385,22.0185],[105.14111,22.01712],[105.13977,22.01582],[105.13677,22.01501],[105.13528,22.01416],[105.13427,22.01319],[105.13377,22.01185],[105.13298,22.0109],[105.13171,22.0108],[105.1305,22.00908],[105.12906,22.00799],[105.12785,22.00762],[105.12657,22.00587],[105.12446,22.00425],[105.12341,22.00821],[105.1221,22.0081],[105.12074,22.00889],[105.12048,22.00782],[105.11978,22.00799],[105.1184,22.00713],[105.11708,22.00695],[105.1159,22.00604],[105.11329,22.00491],[105.11247,22.00234],[105.11159,22.00159],[105.11088,22.00019],[105.11074,21.99894],[105.10916,21.99748],[105.10902,21.99649],[105.10687,21.99568],[105.10317,21.99358],[105.10212,21.9927],[105.10191,21.99157],[105.10105,21.99121],[105.10007,21.99023],[105.09812,21.99002],[105.09759,21.99023],[105.09681,21.98843],[105.09635,21.98804],[105.09514,21.98765],[105.09228,21.98793],[105.09106,21.98756],[105.09065,21.98705],[105.09072,21.98623],[105.08986,21.98528],[105.08976,21.98361],[105.08901,21.98237],[105.0889,21.98087],[105.08696,21.98101],[105.08624,21.9806],[105.08529,21.98184],[105.08456,21.98192],[105.08284,21.98002],[105.0815,21.98016],[105.08071,21.97984],[105.07968,21.97831],[105.07876,21.97776],[105.07759,21.97476],[105.07819,21.97421],[105.07836,21.97274],[105.07986,21.97272],[105.08048,21.97072],[105.08046,21.96976],[105.07973,21.96859],[105.0792,21.96638],[105.08009,21.96431],[105.08004,21.96323],[105.07964,21.96286],[105.07904,21.96052],[105.07794,21.95994],[105.07717,21.95846],[105.0762,21.95791],[105.07466,21.95474],[105.0745,21.95319],[105.07341,21.9521],[105.07431,21.95158],[105.07584,21.9491],[105.07718,21.94799],[105.07871,21.94762],[105.0797,21.94776],[105.07928,21.94524],[105.08006,21.94393],[105.08003,21.94233],[105.0785,21.94163],[105.0766,21.94143],[105.07408,21.94005],[105.07259,21.93633],[105.06931,21.93685],[105.06722,21.93656],[105.06498,21.93469],[105.06385,21.93328],[105.06211,21.93204],[105.05998,21.92874],[105.05766,21.92869],[105.05427,21.92641],[105.05239,21.92597],[105.04936,21.92653],[105.04621,21.92469],[105.04536,21.92347],[105.04363,21.92358],[105.04211,21.92485],[105.03922,21.92426],[105.03587,21.92454],[105.03471,21.92415],[105.03406,21.92339],[105.03285,21.92285],[105.03064,21.92284],[105.02846,21.92355],[105.02781,21.92288],[105.02711,21.92286],[105.02614,21.9236],[105.02279,21.92444],[105.0222,21.92508],[105.02003,21.92594],[105.01804,21.92838],[105.01864,21.92902],[105.01928,21.93148],[105.01961,21.93484],[105.01913,21.935669999999998],[105.0211,21.93828],[105.0209,21.93966],[105.02112,21.94045],[105.02045,21.94126],[105.02014,21.94387],[105.02115,21.94484],[105.02285,21.94756],[105.02312,21.94874],[105.02506,21.95002],[105.02682,21.94991],[105.02546,21.95021],[105.02388,21.95125],[105.02203,21.95366],[105.02071,21.95482],[105.02054,21.95614],[105.01857,21.95777],[105.01667,21.96109],[105.01761,21.96204],[105.01773,21.96381],[105.01868,21.96383],[105.01833,21.96524],[105.01866,21.96581],[105.02208,21.96899],[105.02162,21.97002],[105.02044,21.97105],[105.02089,21.97255],[105.02043,21.97368],[105.02079,21.97556],[105.02059,21.97706],[105.0203,21.97747],[105.0193,21.97747],[105.01904,21.97804],[105.01905,21.97946],[105.01957,21.98047],[105.02001,21.98433],[105.02186,21.98583],[105.02458,21.98739],[105.02715,21.98698],[105.02851,21.98716],[105.03126,21.99025],[105.0311,21.9908],[105.03136,21.99144],[105.03253,21.99166],[105.03479,21.99298],[105.03564,21.99401],[105.03714,21.9973],[105.03595,22.00087],[105.03677,22.00186],[105.03854,22.00298],[105.03923,22.0031],[105.04207,22.00229],[105.04355,22.00264],[105.04471,22.00252],[105.04653,22.00315],[105.04729,22.0027],[105.04881,22.00276],[105.05158,22.00612],[105.05198,22.00774],[105.05055,22.0097],[105.05061,22.01173],[105.05238,22.01443],[105.05348,22.01454],[105.05394,22.01416],[105.05464,22.01437],[105.05515,22.01469],[105.05552,22.0156],[105.0554,22.01654],[105.05478,22.01722],[105.05468,22.0179],[105.05406,22.01818],[105.05378,22.01911],[105.05424,22.02014],[105.054,22.02214],[105.05425,22.02275],[105.05521,22.02322],[105.05534,22.02435],[105.05494,22.02499],[105.05413,22.02525],[105.05328,22.02712],[105.05396,22.0283],[105.05413,22.02995],[105.05526,22.03054],[105.05331,22.03226],[105.05249,22.03633],[105.05193,22.03688],[105.05179,22.03772],[105.05095,22.03886],[105.04949,22.03891],[105.04924,22.03949],[105.04978,22.04012],[105.05294,22.04198],[105.05509,22.04162],[105.05541,22.04375],[105.05648,22.04438],[105.05667,22.04619],[105.05735,22.04649],[105.05821,22.04842],[105.05819,22.04972],[105.05943,22.05058],[105.06022,22.05064],[105.06078,22.0531],[105.06053,22.05426],[105.06112,22.05496],[105.06039,22.0559],[105.06066,22.05725],[105.05966,22.05838],[105.05918,22.05853],[105.05982,22.05978],[105.06138,22.05903],[105.06332,22.05898],[105.06476,22.06018],[105.06556,22.06198],[105.06734,22.06336],[105.07391,22.06511],[105.07606,22.06432],[105.07785,22.06334],[105.07856,22.06259],[105.08631,22.05983],[105.08777,22.05877],[105.08991,22.0563]]]]}},
{"type":"Feature","id":"02419","properties":{"Ward_Code":"02419","Ward_Code_Num":2419,"Ward":"Thái Hoà","Ward_Alt":"Thái Hòa","Ward_Upper":"THÁI HOÀ","Ward_Full":"Xã Thái Hoà","Ward_Full_Alt":"Xã Thái Hòa","Ward_Full_Upper_Alt":"XÃ THÁI HÒA","Ward_Type":"Xã","Province_Code":"08","Province":"Tuyên Quang","Province_Upper_Alt":"TUYÊN QUANG"},"geometry":{"type":"MultiPolygon","coordinates":[[[[105.1377,22.00429],[105.14008,22.00266],[105.14197,21.99903],[105.1428,21.99531],[105.14276,21.98619],[105.14074,21.98345],[105.13963,21.98122],[105.1394,21.98014],[105.13962,21.97894],[105.14058,21.97857],[105.14632,21.97938],[105.14854,21.97934],[105.15157,21.97811],[105.15369,21.97469],[105.15356,21.97197],[105.15284,21.96967],[105.15024,21.96554],[105.14988,21.964479999999998],[105.14742,21.96136],[105.1463,21.95824],[105.14678,21.95684],[105.14733,21.95629],[105.15412,21.95194],[105.15689,21.94911],[105.15784,21.94617],[105.15791,21.945],[105.15732,21.94271],[105.15499,21.93872],[105.15461,21.93723],[105.15504,21.93518],[105.1574,21.9294],[105.15849,21.92792],[105.15603,21.92784],[105.15522,21.9269],[105.15444,21.92668],[105.15357,21.92678],[105.1498,21.92845],[105.14808,21.9282],[105.14698,21.92876],[105.14582,21.92842],[105.14521,21.92734],[105.14366,21.92609],[105.14336,21.92528],[105.14188,21.925],[105.14036,21.92374],[105.13915,21.92376],[105.13825,21.92216],[105.13772,21.92214],[105.13365,21.92392],[105.13336,21.92352],[105.13359,21.92289],[105.13337,21.9221],[105.1327,21.92109],[105.13097,21.92044],[105.13015,21.9198],[105.12878,21.91976],[105.1279,21.92068],[105.1285,21.92164],[105.12813,21.92176],[105.128,21.92258],[105.12836,21.92335],[105.12841,21.92465],[105.1276,21.92594],[105.12646,21.9265],[105.12616,21.92821],[105.12486,21.92815],[105.12094,21.92511],[105.11981,21.92498],[105.11864,21.92534],[105.11686,21.92163],[105.11504,21.92128],[105.11369,21.92178],[105.11154,21.9242],[105.10878,21.92323],[105.10813,21.92269],[105.10716,21.92261],[105.1063,21.92182],[105.10518,21.92244],[105.10401,21.92217],[105.10426,21.92492],[105.10388,21.92551],[105.09916,21.92964],[105.09866,21.93045],[105.0994,21.93333],[105.10063,21.93608],[105.10025,21.93699],[105.10031,21.93816],[105.09961,21.93836],[105.09703,21.93804],[105.09605,21.93744],[105.09506,21.93626],[105.09411,21.93604],[105.09261,21.94212],[105.09215,21.94258],[105.09114,21.94247],[105.08867,21.94088],[105.08742,21.9387],[105.08672,21.9393],[105.08461,21.93993],[105.08209,21.94186],[105.08085,21.94189],[105.08003,21.94233],[105.08006,21.94393],[105.07928,21.94524],[105.0797,21.94776],[105.07871,21.94762],[105.07718,21.94799],[105.07584,21.9491],[105.07431,21.95158],[105.07341,21.9521],[105.0745,21.95319],[105.07466,21.95474],[105.0762,21.95791],[105.07717,21.95846],[105.07794,21.95994],[105.07914,21.96067],[105.07964,21.96286],[105.08009,21.9635],[105.07992,21.96488],[105.0792,21.96638],[105.07973,21.96859],[105.08046,21.96976],[105.08048,21.97072],[105.07986,21.97272],[105.07831,21.97282],[105.07823,21.9741],[105.07759,21.97476],[105.07764,21.9753],[105.07876,21.97776],[105.07968,21.97831],[105.08071,21.97984],[105.0815,21.98016],[105.08284,21.98002],[105.08456,21.98192],[105.08529,21.98184],[105.08624,21.9806],[105.08696,21.98101],[105.0889,21.98087],[105.08901,21.98237],[105.08976,21.98361],[105.08986,21.98528],[105.09072,21.98623],[105.09065,21.98705],[105.09106,21.98756],[105.09228,21.98793],[105.09514,21.98765],[105.09635,21.98804],[105.09681,21.98843],[105.09759,21.99023],[105.09812,21.99002],[105.10007,21.99023],[105.10105,21.99121],[105.10191,21.99157],[105.10212,21.9927],[105.10317,21.99358],[105.10687,21.99568],[105.10902,21.99649],[105.10916,21.99748],[105.11074,21.99894],[105.11088,22.00019],[105.11159,22.00159],[105.11247,22.00234],[105.11329,22.00491],[105.1159,22.00604],[105.11708,22.00695],[105.1184,22.00713],[105.11978,22.00799],[105.12048,22.00782],[105.12074,22.00889],[105.1221,22.0081],[105.12341,22.00821],[105.12446,22.00425],[105.12657,22.00587],[105.12785,22.00762],[105.12906,22.00799],[105.1305,22.00908],[105.13171,22.0108],[105.13298,22.0109],[105.13308,22.00843],[105.13359,22.00704],[105.13494,22.00582],[105.1377,22.00429]]]]}},
{"type":"Feature","id":"02425","properties":{"Ward_Code":"02425","Ward_Code_Num":2425,"Ward":"Hùng Đức","Ward_Alt":"Hùng Đức","Ward_Upper":"HÙNG ĐỨC","Ward_Full":"Xã Hùng Đức","Ward_Full_Alt":"Xã Hùng Đức","Ward_Full_Upper_Alt":"XÃ HÙNG ĐỨC","Ward_Type":"Xã","Province_Code":"08","Province":"Tuyên Quang","Province_Upper_Alt":"TUYÊN QUANG"},"geometry":{"type":"MultiPolygon","coordinates":[[[[105.09861,21.93093],[105.09916,21.92964],[105.10426,21.92492],[105.10401,21.92217],[105.10518,21.92244],[105.1063,21.92182],[105.10716,21.92261],[105.10813,21.92269],[105.10906,21.92335],[105.10991,21.92344],[105.11125,21.92419],[105.11175,21.92412],[105.11369,21.92178],[105.11504,21.92128],[105.11686,21.92163],[105.11748,21.91957],[105.11852,21.91852],[105.11988,21.91811],[105.12042,21.91653],[105.12185,21.91527],[105.12083,21.91523],[105.11953,21.91427],[105.11805,21.91247],[105.11679,21.91161],[105.11615,21.90946],[105.11579,21.90921],[105.11441,21.90926],[105.11392,21.9073],[105.11146,21.90577],[105.1096,21.90332],[105.10794,21.90223],[105.10695,21.90102],[105.10624,21.90006],[105.1051,21.89736],[105.1047,21.89544],[105.10382,21.89369],[105.10396,21.89274],[105.10314,21.89283],[105.09926,21.89209],[105.09735,21.89247],[105.09604,21.89359],[105.09332,21.89255],[105.09202,21.89164],[105.09269,21.88889],[105.09418,21.88645],[105.09382,21.88277],[105.09337,21.8817],[105.09387,21.88051],[105.095,21.87937],[105.09554,21.87746],[105.09467,21.87505],[105.09355,21.87456],[105.0942,21.87403],[105.09414,21.87332],[105.09581,21.87157],[105.09385,21.86917],[105.09341,21.86755],[105.09026,21.86612],[105.08906,21.86386],[105.08896,21.86299],[105.08726,21.86097],[105.08678,21.86117],[105.0842,21.86028],[105.08257,21.86112],[105.0798,21.8595],[105.07857,21.85819],[105.07801,21.85692],[105.07809,21.85596],[105.07885,21.8542],[105.07914,21.85234],[105.07891,21.85098],[105.07828,21.85003],[105.07897,21.8488],[105.07936,21.84625],[105.07787,21.84595],[105.07692,21.84484],[105.07497,21.8439],[105.07411,21.84244],[105.07136,21.83993],[105.07058,21.8394],[105.06973,21.83944],[105.06894,21.84013],[105.0673,21.84069],[105.0671,21.8417],[105.06612,21.84256],[105.06492,21.84478],[105.06259,21.84688],[105.0615,21.84973],[105.06116,21.85182],[105.06037,21.85282],[105.06024,21.85474],[105.05837,21.857],[105.0585,21.85813],[105.05561,21.85904],[105.05438,21.85911],[105.0519,21.8586],[105.05135,21.85907],[105.05081,21.86032],[105.04718,21.86221],[105.04436,21.86527],[105.04344,21.86774],[105.04308,21.87027],[105.04242,21.87101],[105.04256,21.87209],[105.04159,21.87252],[105.04093,21.87378],[105.0412,21.87548],[105.04198,21.87611],[105.04179,21.87697],[105.04257,21.87784],[105.04121,21.88032],[105.04253,21.88296],[105.04157,21.88405],[105.04115,21.88504],[105.04124,21.88585],[105.03955,21.8862],[105.03768,21.88802],[105.03713,21.89128],[105.03569,21.89194],[105.03385,21.89184],[105.03222,21.89285],[105.03071,21.89235],[105.02939,21.89246],[105.02729,21.89166],[105.02418,21.89197],[105.02378,21.89235],[105.02429,21.89315],[105.02412,21.8937],[105.02343,21.89361],[105.02202,21.8949],[105.02136,21.89454],[105.02053,21.89345],[105.01986,21.8936],[105.01943,21.89427],[105.01808,21.89386],[105.01822,21.89483],[105.01793,21.89544],[105.0161,21.8973],[105.01484,21.8975],[105.01353,21.89983],[105.01585,21.90317],[105.01493,21.90381],[105.016,21.90449],[105.01532,21.90543],[105.01437,21.90593],[105.01439,21.90744],[105.01614,21.90888],[105.01679,21.90996],[105.01752,21.91008],[105.019,21.91103],[105.01986,21.91268],[105.02014,21.91462],[105.02131,21.91578],[105.0221,21.91748],[105.022,21.92028],[105.0217,21.92119],[105.02241,21.92428],[105.02279,21.92444],[105.02614,21.9236],[105.02711,21.92286],[105.02781,21.92288],[105.02846,21.92355],[105.03064,21.92284],[105.03285,21.92285],[105.03406,21.92339],[105.03471,21.92415],[105.03587,21.92454],[105.03922,21.92426],[105.04211,21.92485],[105.04363,21.92358],[105.04536,21.92347],[105.04621,21.92469],[105.04936,21.92653],[105.05239,21.92597],[105.05427,21.92641],[105.05766,21.92869],[105.05998,21.92874],[105.06211,21.93204],[105.06385,21.93328],[105.06694,21.9364],[105.06931,21.93685],[105.07259,21.93633],[105.074,21.93997],[105.07701,21.94156],[105.0785,21.94163],[105.08003,21.94233],[105.08085,21.94189],[105.08184,21.94198],[105.08461,21.93993],[105.08672,21.9393],[105.08742,21.9387],[105.08867,21.94088],[105.09114,21.94247],[105.09215,21.94258],[105.09261,21.94212],[105.09411,21.93604],[105.09506,21.93626],[105.09605,21.93744],[105.09718,21.93809],[105.09961,21.93836],[105.10039,21.93806],[105.10025,21.93699],[105.10063,21.93608],[105.09861,21.93093]]]]}},
{"type":"Feature","id":"02434","properties":{"Ward_Code":"02434","Ward_Code_Num":2434,"Ward":"Lực Hành","Ward_Alt":"Lực Hành","Ward_Upper":"LỰC HÀNH","Ward_Full":"Xã Lực Hành","Ward_Full_Alt":"Xã Lực Hành","Ward_Full_Upper_Alt":"XÃ LỰC HÀNH","Ward_Type":"Xã","Province_Code":"08","Province":"Tuyên Quang","Province_Upper_Alt":"TUYÊN QUANG"},"geometry":{"type":"MultiPolygon","coordinates":[[[[105.23839,22.01901],[105.23844,22.01765],[105.23896,22.01668],[105.24034,22.01601],[105.24363,22.01537],[105.24739,22.01535],[105.25027,22.01685],[105.25481,22.01676],[105.25242,22.0147],[105.25211,22.01037],[105.25154,22.00865],[105.25055,22.00786],[105.25294,22.00586],[105.25545,22.00492],[105.25778,22.00171],[105.25853,22.00145],[105.26034,22.00204],[105.26285,21.99912],[105.26438,21.99852],[105.26499,21.99759],[105.26439,21.99621],[105.26338,21.99502],[105.26443,21.99322],[105.26357,21.99126],[105.26273,21.99107],[105.26204,21.99032],[105.26034,21.99019],[105.25856,21.98782],[105.25556,21.98606],[105.25431,21.98415],[105.25318,21.98382],[105.2509,21.9819],[105.25038,21.98125],[105.24935,21.97839],[105.24816,21.97745],[105.24762,21.97646],[105.2475,21.97747],[105.24427,21.97731],[105.24294,21.97828],[105.24076,21.97924],[105.23934,21.97831],[105.23852,21.97831],[105.23689,21.97901],[105.23501,21.98058],[105.23223,21.98073],[105.23093,21.98136],[105.22999,21.98135],[105.22882,21.98085],[105.2278,21.98157],[105.22578,21.9811],[105.22324,21.98133],[105.22239,21.98047],[105.22119,21.98011],[105.22104,21.98215],[105.22058,21.98331],[105.22004,21.98382],[105.21898,21.98408],[105.21767,21.98525],[105.21606,21.98686],[105.21552,21.98809],[105.21444,21.98895],[105.21381,21.99046],[105.2127,21.99095],[105.21031,21.98683],[105.20911,21.98334],[105.21088,21.97875],[105.21292,21.97479],[105.21376,21.97384],[105.21291,21.97328],[105.21093,21.97322],[105.20782,21.97432],[105.20558,21.97413],[105.20328,21.97456],[105.20277,21.97393],[105.20147,21.97329],[105.20097,21.97256],[105.19724,21.97288],[105.19727,21.97404],[105.19831,21.97667],[105.19664,21.97712],[105.19456,21.97696],[105.19383,21.97623],[105.19217,21.97724],[105.18978,21.97684],[105.1886,21.97703],[105.18726,21.97601],[105.18627,21.97282],[105.18446,21.9719],[105.18381,21.97104],[105.18278,21.96792],[105.18148,21.96709],[105.17941,21.96677],[105.17868,21.96601],[105.17728,21.96375],[105.17654,21.96174],[105.17363,21.95972],[105.17275,21.958],[105.17127,21.9569],[105.17062,21.95592],[105.17041999999999,21.95486],[105.16991,21.95438],[105.16868,21.95433],[105.16618,21.95533],[105.16513,21.95481],[105.1646,21.95394],[105.16295,21.95318],[105.16236,21.95222],[105.16135,21.95227],[105.16037,21.95135],[105.15566,21.9506],[105.15412,21.95194],[105.14678,21.95684],[105.1463,21.95824],[105.14696,21.9602],[105.14795,21.96216],[105.14988,21.964479999999998],[105.15024,21.96554],[105.15284,21.96967],[105.15356,21.97197],[105.15369,21.97469],[105.15157,21.97811],[105.14854,21.97934],[105.14632,21.97938],[105.14058,21.97857],[105.13962,21.97894],[105.1394,21.98014],[105.13963,21.98122],[105.14074,21.98345],[105.14276,21.98619],[105.1428,21.99531],[105.14255,21.99709],[105.14197,21.99903],[105.13977,22.00304],[105.13523,22.00563],[105.13359,22.00704],[105.13308,22.00843],[105.13295,22.01085],[105.13377,22.01185],[105.13427,22.01319],[105.13528,22.01416],[105.13677,22.01501],[105.13977,22.01582],[105.14111,22.01712],[105.14436,22.01885],[105.14521,22.01998],[105.14678,22.01988],[105.14845,22.0203],[105.1492,22.02006],[105.15162,22.0183],[105.15462,22.01552],[105.1578,22.01537],[105.15852,22.01508],[105.15899,22.01302],[105.16093,22.01322],[105.16194,22.0127],[105.16346,22.01293],[105.16419,22.01241],[105.16502,22.01344],[105.16715,22.01426],[105.16758,22.01627],[105.17076,22.01569],[105.17134,22.01585],[105.17362,22.01786],[105.17296,22.01894],[105.17271,22.02369],[105.17333,22.02643],[105.1746,22.02692],[105.1757,22.02832],[105.17554,22.02951],[105.17482,22.03016],[105.17493,22.03134],[105.17435,22.03208],[105.17467,22.03435],[105.17647,22.03592],[105.17972,22.03605],[105.18152,22.03738],[105.18306,22.03753],[105.18402,22.04007],[105.18527,22.03948],[105.18614,22.04014],[105.19055,22.04178],[105.19241,22.04359],[105.1932,22.04501],[105.1942,22.0458],[105.19455,22.04726],[105.1984,22.04914],[105.19864,22.05109],[105.20019,22.05164],[105.20149,22.05309],[105.20146,22.05453],[105.20225,22.05607],[105.20142,22.05838],[105.20225,22.05923],[105.20224,22.05975],[105.20318,22.06114],[105.20455,22.06082],[105.2073,22.06219],[105.20824,22.06229],[105.20793,22.06366],[105.2087,22.06507],[105.20743,22.06913],[105.21108,22.06907],[105.21565,22.06955],[105.2165,22.06903],[105.21963,22.06558],[105.22139,22.06534],[105.22319,22.06367],[105.22539,22.06305],[105.22922,22.06423],[105.23123,22.06301],[105.23361,22.06342],[105.23487,22.06207],[105.23603,22.05989],[105.23793,22.05887],[105.23785,22.05571],[105.23877,22.05472],[105.23882,22.05304],[105.24078,22.04899],[105.24112,22.04559],[105.24194,22.04454],[105.24192,22.04392],[105.24126,22.04274],[105.24107,22.04121],[105.24254,22.03941],[105.24267999999999,22.03858],[105.2433,22.03843],[105.24353,22.03692],[105.24272,22.03536],[105.24098,22.03535],[105.23852,22.03344],[105.23701,22.03291],[105.2355,22.02996],[105.23462,22.02526],[105.23483,22.0237],[105.23536,22.02247],[105.237,22.02023],[105.23839,22.01901]]]]}},
{"type":"Feature","id":"02437","properties":{"Ward_Code":"02437","Ward_Code_Num":2437,"Ward":"Kiến Thiết","Ward_Alt":"Kiến Thiết","Ward_Upper":"KIẾN THIẾT","Ward_Full":"Xã Kiến Thiết","Ward_Full_Alt":"Xã Kiến Thiết","Ward_Full_Upper_Alt":"XÃ KIẾN THIẾT","Ward_Type":"Xã","Province_Code":"08","Province":"Tuyên Quang","Province_Upper_Alt":"TUYÊN QUANG"},"geometry":{"type":"MultiPolygon","coordinates":[[[[105.32715,22.03956],[105.32833,22.03931],[105.33214,22.03979],[105.33408,22.03966],[105.33517,22.03662],[105.33607,22.03539],[105.33952,22.03563],[105.34183,22.03628],[105.343,22.03706],[105.34638,22.03599],[105.34902,22.03685],[105.35063,22.03665],[105.35272,22.03576],[105.35522,22.03339],[105.35599,22.03306],[105.35698,22.03109],[105.356,22.02951],[105.35596,22.02875],[105.35668,22.02765],[105.35894,22.02566],[105.3595,22.02255],[105.36204,22.02262],[105.36291,22.02228],[105.36337,22.02172],[105.3635,22.02104],[105.36282,22.0191],[105.36363,22.0159],[105.36554,22.01589],[105.36617,22.01509],[105.36825,22.01438],[105.3677,22.01368],[105.36799,22.01087],[105.36767999999999,22.0101],[105.36816,22.0079],[105.36751,22.0072],[105.36728,22.00618],[105.36638,22.00477],[105.36754,22.00288],[105.3671,22.00184],[105.36696,21.99946],[105.36588,21.99809],[105.36414,21.99401],[105.36475,21.99385],[105.36656,21.99421],[105.36842,21.99264],[105.37113,21.99188],[105.37261,21.9895],[105.37267,21.98846],[105.37352,21.98609],[105.37179,21.98372],[105.37223,21.98233],[105.37301,21.98138],[105.37266,21.97921],[105.37384,21.97768],[105.37537,21.97654],[105.37571,21.97468],[105.37557,21.97387],[105.3772,21.97213],[105.37766,21.97091],[105.37735,21.96972],[105.3758,21.96785],[105.3755,21.96588],[105.37444,21.96479],[105.37329,21.96436],[105.37184,21.96282],[105.37038,21.96261],[105.37041,21.96202],[105.37175,21.95978],[105.37344,21.95945],[105.37426,21.95815],[105.37499,21.95761],[105.37464,21.95637],[105.37476,21.95539],[105.37596,21.95417],[105.37692,21.9518],[105.3771,21.9491],[105.37798,21.94801],[105.38004,21.94771],[105.38253,21.94815],[105.38375,21.94795],[105.38878,21.94575],[105.39012,21.94349],[105.39151,21.94364],[105.39493,21.94208],[105.39628,21.94205],[105.39771,21.94074],[105.39859,21.94061],[105.39642,21.9396],[105.39548,21.93962],[105.39506,21.93894],[105.39412,21.93891],[105.39343,21.93808],[105.39345,21.9377],[105.3941,21.93752],[105.39499,21.93658],[105.39601,21.93488],[105.39598,21.9342],[105.39531,21.93292],[105.39559,21.93107],[105.39463,21.92965],[105.39382,21.92947],[105.39329,21.92835],[105.39213,21.92755],[105.39193,21.92615],[105.3905,21.92387],[105.38758,21.92198],[105.38602,21.92184],[105.385,21.92054],[105.38396,21.92015],[105.38305,21.92013],[105.38139,21.92115],[105.38103,21.92148],[105.38098,21.92212],[105.37947,21.91941],[105.37927,21.91692],[105.37892,21.91606],[105.38021,21.91339],[105.3797,21.91271],[105.3798,21.91211],[105.38096,21.91097],[105.3812,21.91016],[105.38026,21.90974],[105.37947,21.90884],[105.37864,21.90862],[105.37724,21.90574],[105.37511,21.90512],[105.37304,21.90306],[105.37187,21.90306],[105.36949,21.90441],[105.36757,21.90328],[105.36528,21.9025],[105.36392,21.9028],[105.36344,21.90336],[105.36326,21.90467],[105.36275,21.90513],[105.36213,21.90716],[105.36022,21.907],[105.35953,21.9091],[105.35582,21.91073],[105.35574,21.91246],[105.35378,21.91413],[105.35344,21.91476],[105.35365,21.9187],[105.3508,21.92025],[105.34984,21.92159],[105.34904,21.92174],[105.34792,21.92138],[105.34706,21.91962],[105.34599,21.91905],[105.34462,21.91858],[105.34254,21.9188],[105.34196,21.91803],[105.33804,21.92114],[105.33802,21.92191],[105.33615,21.92244],[105.33504,21.9232],[105.33551,21.92621],[105.33248,21.92796],[105.3315,21.92918],[105.3315,21.93085],[105.3321,21.93182],[105.32889,21.9341],[105.32875,21.93713],[105.32912,21.93798],[105.32843,21.93935],[105.3245,21.94005],[105.32116,21.93914],[105.31725,21.93927],[105.31628,21.93859],[105.31519,21.93832],[105.31443,21.94057],[105.31482,21.94167],[105.31579,21.94296],[105.31484,21.94373],[105.31503,21.94495],[105.31379,21.94543],[105.31196,21.94507],[105.3111,21.94588],[105.30982,21.9456],[105.30759,21.94614],[105.30714,21.94647],[105.307,21.94712],[105.306,21.94728],[105.30541,21.94804],[105.30529,21.94991],[105.304,21.95084],[105.30365,21.95149],[105.3024,21.9519],[105.30178,21.95392],[105.30092,21.95464],[105.30071,21.95617],[105.29976,21.95795],[105.29741,21.95898],[105.2974,21.96032],[105.29674,21.96035],[105.29492,21.96124],[105.29469,21.96237],[105.29606,21.964],[105.29553,21.96504],[105.29541999999999,21.96654],[105.29586,21.96774],[105.29697,21.96865],[105.29683,21.96906],[105.29718,21.96979],[105.2969,21.97145],[105.29796,21.97396],[105.2963,21.97563],[105.296,21.97674],[105.29323,21.97718],[105.29211,21.977],[105.29132,21.97884],[105.28894,21.98002],[105.28806,21.9823],[105.28592,21.98401],[105.28572,21.98478],[105.28596,21.9867],[105.28556,21.9879],[105.28539,21.99043],[105.28416,21.99096],[105.28224,21.99077],[105.28063,21.99129],[105.27913,21.99215],[105.27763,21.9943],[105.27709,21.99347],[105.276,21.99313],[105.27471,21.99168],[105.27384,21.98964],[105.27112,21.99012],[105.26994,21.99093],[105.2672,21.9897],[105.2638,21.99112],[105.26367,21.99162],[105.26443,21.99322],[105.26338,21.99502],[105.26496,21.9972],[105.26455,21.99835],[105.26285,21.99912],[105.26034,22.00204],[105.25853,22.00145],[105.25778,22.00171],[105.25545,22.00492],[105.25294,22.00586],[105.25055,22.00786],[105.25154,22.00865],[105.25211,22.01037],[105.25246,22.01478],[105.2549,22.01681],[105.25671,22.01899],[105.25779,22.01884],[105.25908,22.01918],[105.25987,22.01866],[105.26111,22.01993],[105.26385,22.02068],[105.26776,22.02342],[105.26899,22.02309],[105.27248,22.02324],[105.27436,22.023],[105.27526,22.02151],[105.27666,22.02094],[105.27914,22.01909],[105.27996,22.01838],[105.28043,22.01744],[105.283,22.01701],[105.28485,22.01582],[105.28507,22.01423],[105.28626,22.01313],[105.28733,22.01277],[105.28852,22.01293],[105.28983,22.01365],[105.29167,22.01548],[105.29283,22.01602],[105.29384,22.0177],[105.29386,22.0197],[105.29489,22.02074],[105.29555,22.022],[105.29907,22.02249],[105.29984,22.02308],[105.30131,22.02323],[105.30237,22.02391],[105.30366,22.02266],[105.3041,22.02172],[105.3046,22.0215],[105.30626,22.0225],[105.30826,22.02277],[105.30865,22.02349],[105.30859,22.02479],[105.30908,22.02548],[105.31013,22.026],[105.31241,22.02856],[105.31341,22.02889],[105.3141,22.02978],[105.31633,22.03076],[105.31617,22.0318],[105.31721,22.03321],[105.31753,22.03562],[105.31882,22.0366],[105.32058,22.03951],[105.32227,22.03956],[105.3235,22.04083],[105.32475,22.04114],[105.32558,22.0399],[105.32715,22.03956]]]]}},
{"type":"Feature","id":"02449","properties":{"Ward_Code":"02449","Ward_Code_Num":2449,"Ward":"Xuân Vân","Ward_Alt":"Xuân Vân","Ward_Upper":"XUÂN VÂN","Ward_Full":"Xã Xuân Vân","Ward_Full_Alt":"Xã Xuân Vân","Ward_Full_Upper_Alt":"XÃ XUÂN VÂN","Ward_Type":"Xã","Province_Code":"08","Province":"Tuyên Quang","Province_Upper_Alt":"TUYÊN QUANG"},"geometry":{"type":"MultiPolygon","coordinates":[[[[105.2808,21.99125],[105.28224,21.99077],[105.28377,21.99103],[105.28539,21.99043],[105.28556,21.9879],[105.28596,21.9867],[105.28572,21.98478],[105.28592,21.98401],[105.28806,21.9823],[105.28894,21.98002],[105.29132,21.97884],[105.29211,21.977],[105.29323,21.97718],[105.296,21.97674],[105.2963,21.97563],[105.29796,21.97396],[105.2969,21.97145],[105.29718,21.96979],[105.29683,21.96906],[105.29697,21.96865],[105.29586,21.96774],[105.29541999999999,21.96654],[105.29553,21.96504],[105.29606,21.964],[105.29469,21.96237],[105.29492,21.96124],[105.29674,21.96035],[105.2974,21.96032],[105.29741,21.95898],[105.29976,21.95795],[105.30071,21.95617],[105.30092,21.95464],[105.30178,21.95392],[105.3024,21.9519],[105.30365,21.95149],[105.304,21.95084],[105.30536,21.94979],[105.30541,21.94804],[105.30577,21.94748],[105.307,21.94712],[105.30714,21.94647],[105.30759,21.94614],[105.30982,21.9456],[105.3111,21.94588],[105.31196,21.94507],[105.31434,21.94531],[105.31506,21.94489],[105.31488,21.94364],[105.31579,21.94296],[105.31482,21.94167],[105.31443,21.94057],[105.31519,21.93832],[105.31504,21.93809],[105.31369,21.93798],[105.31201,21.93702],[105.31108,21.935],[105.31103,21.93274],[105.31041,21.93243],[105.31011,21.93155],[105.30766,21.92905],[105.30677,21.92847],[105.30554,21.92852],[105.30506,21.92825],[105.30391,21.92619],[105.30386,21.92469],[105.30248,21.92298],[105.30076,21.92407],[105.29859,21.92438],[105.29616,21.92377],[105.29556,21.92332],[105.29316,21.92404],[105.29193,21.9248],[105.29056,21.92498],[105.29003,21.92551],[105.28811,21.92224],[105.28607,21.92082],[105.28102,21.92075],[105.27964,21.91979],[105.27925,21.91915],[105.27781,21.91884],[105.27538,21.91758],[105.27258,21.91979],[105.27167,21.92006],[105.26982,21.91994],[105.26793,21.92226],[105.26462,21.92168],[105.26264,21.92221],[105.25633,21.92086],[105.25591,21.92028],[105.25456,21.91949],[105.25421,21.91831],[105.25314,21.91714],[105.24851,21.91658],[105.24787,21.91593],[105.24315,21.91414],[105.24117,21.91566],[105.23833,21.9154],[105.23488,21.91405],[105.23398,21.91298],[105.23326,21.91267],[105.23096,21.91327],[105.22941,21.9128],[105.22748,21.91316],[105.22565,21.91496],[105.22354,21.91512],[105.22251,21.91618],[105.22121,21.91561],[105.21999,21.91589],[105.21907,21.91516],[105.2188,21.91392],[105.218,21.91357],[105.2162,21.91536],[105.21485,21.91601],[105.21226,21.91608],[105.20993,21.9167],[105.20751,21.91557],[105.2065,21.91637],[105.20535,21.91677],[105.2017,21.91536],[105.19979,21.9134],[105.19786,21.91078],[105.19275,21.90562],[105.19233,21.90494],[105.1923,21.90409],[105.19296,21.90282],[105.19093,21.90268],[105.188,21.90092],[105.18555,21.9001],[105.18265,21.90097],[105.18021,21.90292],[105.17796,21.90362],[105.17566,21.9048],[105.17504,21.90578],[105.17463,21.90764],[105.17374,21.9083],[105.17116,21.90851],[105.16705,21.90776],[105.16501,21.90785],[105.16253,21.90824],[105.16129,21.90925],[105.1609,21.91052],[105.16108,21.91173],[105.16342,21.91457],[105.16563,21.91848],[105.16749,21.92288],[105.16686,21.9243],[105.16553,21.92493],[105.16137,21.92498],[105.16012,21.92542],[105.1574,21.9294],[105.15504,21.93518],[105.15461,21.93723],[105.15499,21.93872],[105.15732,21.94271],[105.15791,21.945],[105.15784,21.94617],[105.15689,21.94911],[105.15566,21.9506],[105.16037,21.95135],[105.16135,21.95227],[105.16236,21.95222],[105.16295,21.95318],[105.1646,21.95394],[105.16513,21.95481],[105.16618,21.95533],[105.16919,21.95421],[105.17017,21.95457],[105.17127,21.9569],[105.17275,21.958],[105.17363,21.95972],[105.17654,21.96174],[105.17728,21.96375],[105.17868,21.96601],[105.17941,21.96677],[105.18148,21.96709],[105.18278,21.96792],[105.18381,21.97104],[105.18446,21.9719],[105.18627,21.97282],[105.18711,21.97569],[105.18786,21.97668],[105.1886,21.97703],[105.18978,21.97684],[105.19217,21.97724],[105.19383,21.97623],[105.19456,21.97696],[105.19664,21.97712],[105.19831,21.97667],[105.19727,21.97404],[105.19744,21.97339],[105.19719,21.97289],[105.19966,21.97253],[105.20109,21.9726],[105.20147,21.97329],[105.20277,21.97393],[105.20328,21.97456],[105.20558,21.97413],[105.20782,21.97432],[105.21093,21.97322],[105.21291,21.97328],[105.21376,21.97384],[105.21292,21.97479],[105.21088,21.97875],[105.20911,21.98334],[105.21031,21.98683],[105.2127,21.99095],[105.21381,21.99046],[105.21444,21.98895],[105.21552,21.98809],[105.21606,21.98686],[105.21767,21.98525],[105.21898,21.98408],[105.22004,21.98382],[105.22058,21.98331],[105.22104,21.98215],[105.22119,21.98011],[105.22239,21.98047],[105.22324,21.98133],[105.22578,21.9811],[105.2278,21.98157],[105.22882,21.98085],[105.22999,21.98135],[105.23093,21.98136],[105.23223,21.98073],[105.23501,21.98058],[105.23689,21.97901],[105.23852,21.97831],[105.23934,21.97831],[105.24076,21.97924],[105.24294,21.97828],[105.24427,21.97731],[105.2475,21.97747],[105.24762,21.97646],[105.24816,21.97745],[105.24935,21.97839],[105.25038,21.98125],[105.2509,21.9819],[105.25318,21.98382],[105.25431,21.98415],[105.25556,21.98606],[105.25856,21.98782],[105.26055,21.99031],[105.26204,21.99032],[105.26273,21.99107],[105.26345,21.99132],[105.2672,21.9897],[105.26994,21.99093],[105.27112,21.99012],[105.27384,21.98964],[105.27471,21.99168],[105.276,21.99313],[105.27709,21.99347],[105.27763,21.9943],[105.27913,21.99215],[105.2808,21.99125]]]]}},
{"type":"Feature","id":"02455","properties":{"Ward_Code":"02455","Ward_Code_Num":2455,"Ward":"Hùng Lợi","Ward_Alt":"Hùng Lợi","Ward_Upper":"HÙNG LỢI","Ward_Full":"Xã Hùng Lợi","Ward_Full_Alt":"Xã Hùng Lợi","Ward_Full_Upper_Alt":"XÃ HÙNG LỢI","Ward_Type":"Xã","Province_Code":"08","Province":"Tuyên Quang","Province_Upper_Alt":"TUYÊN QUANG"},"geometry":{"type":"MultiPolygon","coordinates":[[[[105.49093,22.0288],[105.4911,22.02788],[105.49318,22.02424],[105.4928,22.0234],[105.49337,22.02122],[105.4928,22.01872],[105.49381,22.01551],[105.49362,22.01447],[105.49398,22.01357],[105.4939,22.01163],[105.49526,22.0104],[105.4981,22.00925],[105.4992,22.00944],[105.50072,22.01033],[105.50532,22.00836],[105.5057,22.00516],[105.50509,22.00377],[105.505,22.00267],[105.50607,21.99638],[105.50492,21.99256],[105.50519,21.99222],[105.5068,21.992],[105.50838,21.99038],[105.51058,21.99015],[105.51116,21.99042],[105.51235,21.9876],[105.51227,21.98648],[105.51167,21.98538],[105.51194,21.98464],[105.51345,21.98387],[105.51475,21.98425],[105.51531,21.98646],[105.51599,21.98721],[105.51656,21.98717],[105.51903,21.98437],[105.52038,21.98356],[105.52318,21.98304],[105.52569,21.98051],[105.52581,21.97906],[105.52668,21.97696],[105.52924,21.97363],[105.52931,21.97222],[105.5308,21.9703],[105.53127,21.96894],[105.53345,21.9667],[105.53446,21.96654],[105.53601,21.9672],[105.53774,21.96732],[105.53949,21.96457],[105.54102,21.96396],[105.54527,21.96429],[105.54907,21.96277],[105.55254,21.96277],[105.55337,21.96143],[105.55384,21.9593],[105.55567,21.95748],[105.55468,21.95592],[105.55289,21.95442],[105.5517,21.9528],[105.55131,21.95139],[105.55193,21.95072],[105.55009,21.94944],[105.54944,21.94787],[105.54958,21.94744],[105.55063,21.94697],[105.55092,21.94554],[105.55178,21.94486],[105.55235,21.94313],[105.55112,21.93955],[105.55225,21.93512],[105.55174,21.93325],[105.55052,21.93158],[105.55089,21.92575],[105.55016,21.92368],[105.55108,21.92094],[105.55312,21.91939],[105.55354,21.9187],[105.55308,21.91652],[105.55424,21.91452],[105.5528,21.90841],[105.55051,21.90705],[105.5484,21.90669],[105.54535,21.90484],[105.54489,21.9041],[105.54494,21.90263],[105.54589,21.90063],[105.54593,21.8988],[105.54707,21.89688],[105.54701,21.89569],[105.54579,21.89485],[105.54466,21.89231],[105.54204,21.89041],[105.53808,21.88975],[105.53581,21.89032],[105.53406,21.88833],[105.5328,21.88788],[105.5313,21.88797],[105.52903,21.8875],[105.52608,21.88814],[105.52486,21.88799],[105.52128,21.88481],[105.51955,21.8823],[105.51978,21.88016],[105.51836,21.87755],[105.51827,21.87402],[105.51867,21.87366],[105.52016,21.87365],[105.5216,21.87057],[105.5227,21.87018],[105.52241,21.86936],[105.52296,21.86621],[105.52538,21.86308],[105.52555,21.86119],[105.52667,21.85706],[105.52782,21.85478],[105.52812,21.85349],[105.52904,21.85272],[105.52891,21.85192],[105.52811,21.85071],[105.5271,21.85008],[105.52943,21.84784],[105.52899,21.84714],[105.52938,21.84574],[105.52798,21.84084],[105.52855,21.83881],[105.52848,21.83663],[105.5277,21.83469],[105.52542,21.83318],[105.52438,21.83304],[105.52196,21.83159],[105.51977,21.83078],[105.51875,21.82892],[105.51677,21.82675],[105.51622,21.82663],[105.51452,21.82697],[105.51367,21.82855],[105.51358,21.82964],[105.51047,21.83269],[105.5062,21.83312],[105.50435,21.8323],[105.50184,21.83265],[105.50004,21.83235],[105.49929,21.8319],[105.49749,21.83263],[105.49534,21.83614],[105.49493,21.83926],[105.49282,21.84118],[105.4886,21.84214],[105.48633,21.84124],[105.48522,21.84139],[105.48275,21.84333],[105.48135,21.84339],[105.48045,21.8458],[105.47814,21.84562],[105.47741,21.84605],[105.47656,21.84746],[105.47639,21.84862],[105.47574,21.84899],[105.47485,21.85032],[105.47481,21.85144],[105.47579,21.85188],[105.47673,21.85422],[105.47567,21.85519],[105.47531,21.85697],[105.4739,21.85817],[105.47492,21.86007],[105.47185,21.86014],[105.47025,21.86054],[105.46926,21.86031],[105.46879,21.8597],[105.46576,21.85943],[105.46546,21.86085],[105.46368,21.86132],[105.46351,21.8636],[105.46241,21.8645],[105.4612,21.86842],[105.46448,21.87204],[105.46388,21.87395],[105.46457,21.87615],[105.46453,21.87695],[105.46281,21.87932],[105.4628,21.88119],[105.46254,21.88164],[105.45951,21.88194],[105.45661,21.88045],[105.45497,21.88082],[105.45361,21.88058],[105.45398,21.88129],[105.45414,21.88526],[105.45325,21.88629],[105.453,21.88747],[105.45362,21.88945],[105.45474,21.8911],[105.45367,21.89309],[105.4518,21.89487],[105.44879,21.90336],[105.4471,21.90426],[105.44638,21.90504],[105.44536,21.9051],[105.44355,21.90649],[105.44187,21.90674],[105.43976,21.90521],[105.43975,21.90375],[105.43896,21.90326],[105.43703,21.90369],[105.43639,21.90421],[105.43331,21.90536],[105.43257,21.90512],[105.4318,21.90438],[105.42963,21.90387],[105.42853,21.90298],[105.42684,21.90326],[105.4261,21.90447],[105.42535,21.90505],[105.42357,21.90401],[105.42099,21.90316],[105.41963,21.90422],[105.41918,21.90547],[105.41714,21.90627],[105.41597,21.90773],[105.4139,21.90803],[105.41243,21.91048],[105.41054,21.91096],[105.41011,21.91309],[105.40953,21.91392],[105.40971,21.91435],[105.41092,21.91458],[105.411,21.91578],[105.41255,21.91546],[105.41321,21.91606],[105.41468,21.91859],[105.41438,21.92171],[105.41635,21.92416],[105.41571,21.92729],[105.41732,21.92872],[105.41822,21.93055],[105.42098,21.93284],[105.4213,21.935],[105.42107,21.93609],[105.42207,21.93696],[105.42221,21.93938],[105.4231,21.94061],[105.42331,21.94196],[105.42201,21.94218],[105.4215,21.94277],[105.42086,21.94448],[105.41924,21.94673],[105.41946,21.94864],[105.41893,21.94942],[105.42208,21.95291],[105.4232,21.95584],[105.42546,21.9558],[105.42686,21.95801],[105.42852,21.9582],[105.43161,21.95932],[105.43276,21.96076],[105.43387,21.96135],[105.43396,21.9637],[105.43646,21.96358],[105.43791,21.9652],[105.43978,21.96604],[105.44313,21.9653],[105.44386,21.9645],[105.44526,21.96425],[105.44635,21.96297],[105.44814,21.96329],[105.45174,21.96284],[105.45385,21.9634],[105.45649,21.96334],[105.45713,21.96419],[105.45969,21.9659],[105.46205,21.96687],[105.46293,21.96866],[105.46287,21.97066],[105.46369,21.97186],[105.46354,21.97311],[105.46406,21.97543],[105.46382,21.97651],[105.4648,21.98019],[105.46415,21.98244],[105.4645,21.98707],[105.46364,21.9904],[105.46418,21.99303],[105.46792,21.99407],[105.46866,21.99643],[105.46957,21.99778],[105.47111,21.99915],[105.47341,22.00417],[105.47399,22.00474],[105.48021,22.0072],[105.48098,22.00839],[105.48179,22.01468],[105.48148,22.01512],[105.48082,22.01516],[105.47958,22.01692],[105.47897,22.01918],[105.47923,22.02094],[105.47894,22.02322],[105.47772,22.0244],[105.47758,22.02559],[105.47859,22.0271],[105.48166,22.02779],[105.48276,22.02876],[105.48617,22.02849],[105.48982,22.03028],[105.49046,22.02982],[105.49093,22.0288]]]]}},
{"type":"Feature","id":"02458","properties":{"Ward_Code":"02458","Ward_Code_Num":2458,"Ward":"Trung Sơn","Ward_Alt":"Trung Sơn","Ward_Upper":"TRUNG SƠN","Ward_Full":"Xã Trung Sơn","Ward_Full_Alt":"Xã Trung Sơn","Ward_Full_Upper_Alt":"XÃ TRUNG SƠN","Ward_Type":"Xã","Province_Code":"08","Province":"Tuyên Quang","Province_Upper_Alt":"TUYÊN QUANG"},"geometry":{"type":"MultiPolygon","coordinates":[[[[105.41942,21.94837],[105.41924,21.94673],[105.42086,21.94448],[105.42092,21.94386],[105.42186,21.94229],[105.42331,21.94196],[105.42313,21.9407],[105.42221,21.93938],[105.42207,21.93696],[105.42107,21.93609],[105.4213,21.935],[105.42098,21.93284],[105.41822,21.93055],[105.41732,21.92872],[105.41571,21.92729],[105.41642,21.92448],[105.41438,21.92171],[105.41464,21.91847],[105.41277,21.91555],[105.411,21.91578],[105.41092,21.91458],[105.40956,21.91423],[105.41054,21.91096],[105.41243,21.91048],[105.4139,21.90803],[105.41597,21.90773],[105.41714,21.90627],[105.41918,21.90547],[105.41963,21.90422],[105.42113,21.90314],[105.42357,21.90401],[105.42535,21.90505],[105.4261,21.90447],[105.42684,21.90326],[105.42853,21.90298],[105.42963,21.90387],[105.4318,21.90438],[105.43257,21.90512],[105.43331,21.90536],[105.43639,21.90421],[105.43703,21.90369],[105.43896,21.90326],[105.43975,21.90375],[105.43976,21.90521],[105.44075,21.90571],[105.44154,21.90664],[105.44355,21.90649],[105.44536,21.9051],[105.44638,21.90504],[105.4471,21.90426],[105.44883,21.90332],[105.44892,21.90241],[105.44954,21.90153],[105.45037,21.8984],[105.45105,21.89734],[105.4518,21.89487],[105.45367,21.89309],[105.45474,21.8909],[105.45362,21.88945],[105.45306,21.88762],[105.45025,21.88739],[105.44893,21.88667],[105.44823,21.88465],[105.44766,21.88411],[105.44706,21.88152],[105.44588,21.88074],[105.44566,21.88011],[105.44421,21.87876],[105.4435,21.87738],[105.44136,21.87708],[105.43967,21.87612],[105.43914,21.8752],[105.43839,21.87488],[105.43822,21.87361],[105.43723,21.871],[105.43592,21.8706],[105.43287,21.87085],[105.43208,21.86985],[105.43231,21.86806],[105.4303,21.86692],[105.42824,21.86488],[105.4278,21.86424],[105.42742,21.86248],[105.42468,21.86109],[105.42408,21.86104],[105.4231,21.86155],[105.42282,21.86203],[105.42182,21.8622],[105.42146,21.86286],[105.41841,21.86563],[105.41574,21.86498],[105.4134,21.8641],[105.41285,21.86339],[105.41175,21.86327],[105.41002,21.86398],[105.40889,21.86518],[105.40663,21.86647],[105.40499,21.86631],[105.40317,21.86497],[105.40136,21.86516],[105.39932,21.86446],[105.39725,21.86432],[105.39658,21.86318],[105.39585,21.86018],[105.39739,21.85812],[105.39944,21.85883],[105.40049,21.8586],[105.40235,21.85681],[105.40333,21.85527],[105.40636,21.85333],[105.40851,21.85271],[105.40923,21.85021],[105.40792,21.84792],[105.40638,21.84638],[105.40686,21.8442],[105.40883,21.8423],[105.41045,21.84189],[105.41034,21.8408],[105.41095,21.83982],[105.41422,21.83953],[105.41506,21.83888],[105.41554,21.83799],[105.4154,21.83656],[105.41608,21.83529],[105.41443,21.83317],[105.41285,21.83199],[105.41337,21.83048],[105.41496,21.82898],[105.41686,21.82798],[105.41676,21.82616],[105.41859,21.82384],[105.4174,21.82299],[105.41628,21.82153],[105.41573,21.81988],[105.41159,21.81289],[105.40991,21.81081],[105.40886,21.81009],[105.4088,21.80952],[105.40665,21.80967],[105.40491,21.81185],[105.40434,21.81203],[105.40105,21.81038],[105.3983,21.8074],[105.39784,21.80637],[105.39802,21.80529],[105.39733,21.80494],[105.39574,21.80309],[105.3959,21.80121],[105.39481,21.79966],[105.39526,21.79736],[105.39301,21.79563],[105.39021,21.79504],[105.38568,21.79634],[105.38355,21.79513],[105.38222,21.7949],[105.3811,21.79508],[105.37795,21.79056],[105.37788,21.78768],[105.37542,21.78647],[105.37308,21.78679],[105.37254,21.78796],[105.37273,21.78918],[105.3715,21.7905],[105.36874,21.79096],[105.36785,21.7916],[105.36532,21.7906],[105.36403,21.79068],[105.36365,21.78914],[105.36231,21.78866],[105.36148,21.78748],[105.3581,21.79051],[105.35638,21.79153],[105.35574,21.79246],[105.35571,21.79466],[105.3563,21.79698],[105.35637,21.79881],[105.35429,21.7997],[105.35391,21.80099],[105.35276,21.80235],[105.35075,21.80348],[105.34929,21.80295],[105.34815,21.80337],[105.34331,21.80384],[105.3425,21.8036],[105.34111,21.80431],[105.34074,21.80528],[105.33998,21.80479],[105.33915,21.80498],[105.3394,21.80604],[105.33906,21.80727],[105.33977,21.80866],[105.33836,21.81061],[105.338,21.81188],[105.33727,21.8125],[105.33551,21.81303],[105.33469,21.81409],[105.33124,21.81624],[105.32889,21.81702],[105.32771,21.81936],[105.32603,21.82064],[105.3257,21.822],[105.32482,21.82324],[105.32192,21.82474],[105.32075,21.82453],[105.31896,21.82518],[105.31394,21.82422],[105.31254,21.82434],[105.3122,21.82466],[105.31202,21.82714],[105.31058,21.82838],[105.31095,21.82948],[105.31371,21.83076],[105.31495,21.83084],[105.31577,21.83225],[105.31884,21.83448],[105.32242,21.83364],[105.32336,21.83306],[105.32547,21.83412],[105.32664,21.83543],[105.3264,21.83626],[105.32548,21.83695],[105.32533,21.83788],[105.32606,21.83874],[105.32856,21.84018],[105.3288,21.84462],[105.32985,21.84621],[105.32751,21.84724],[105.32719,21.85322],[105.32804,21.85406],[105.32723,21.85584],[105.32646,21.85657],[105.32681,21.85765],[105.32666999999999,21.85841],[105.32604,21.85903],[105.3264,21.85956],[105.32643,21.86047],[105.32562,21.86286],[105.32517,21.86328],[105.32406,21.86323],[105.32384,21.86385],[105.32257,21.86475],[105.32065,21.86424],[105.31915,21.86604],[105.31789,21.86678],[105.31645,21.86706],[105.3161,21.86862],[105.31542,21.86984],[105.31578,21.871],[105.31541,21.87296],[105.31435,21.87403],[105.31426,21.87457],[105.31626,21.87604],[105.31826,21.87656],[105.31918,21.87836],[105.32061,21.87999],[105.32034,21.88439],[105.322,21.88489],[105.32306,21.8867],[105.32436,21.88784],[105.3257,21.88857],[105.3265,21.88951],[105.32893,21.89067],[105.32898,21.89214],[105.33014,21.89301],[105.33082,21.89399],[105.33126,21.89768],[105.33205,21.89956],[105.3329,21.90038],[105.33298,21.90225],[105.33242,21.90335],[105.33341,21.90621],[105.33516,21.90749],[105.33789,21.90777],[105.33915,21.90831],[105.34015,21.90941],[105.33986,21.91095],[105.34053,21.9124],[105.34067,21.91477],[105.34128,21.91528],[105.34097,21.91625],[105.3424,21.91873],[105.34504,21.91864],[105.34696,21.91952],[105.34792,21.92138],[105.34904,21.92174],[105.34984,21.92159],[105.3508,21.92025],[105.35365,21.9187],[105.35344,21.91476],[105.35368,21.91423],[105.35574,21.91246],[105.35582,21.91073],[105.35953,21.9091],[105.36022,21.907],[105.36213,21.90716],[105.36275,21.90513],[105.36326,21.90467],[105.36344,21.90336],[105.36392,21.9028],[105.36528,21.9025],[105.36757,21.90328],[105.36949,21.90441],[105.37187,21.90306],[105.37315,21.9031],[105.37511,21.90512],[105.37724,21.90574],[105.37864,21.90862],[105.37947,21.90884],[105.38026,21.90974],[105.3812,21.91016],[105.38096,21.91097],[105.3798,21.91211],[105.3797,21.91271],[105.38021,21.91339],[105.37892,21.91606],[105.37927,21.91692],[105.37947,21.91941],[105.38101,21.92216],[105.38113,21.92134],[105.38319,21.9201],[105.385,21.92054],[105.38602,21.92184],[105.38774,21.92207],[105.3905,21.92387],[105.39193,21.92615],[105.39213,21.92755],[105.39329,21.92835],[105.39382,21.92947],[105.39463,21.92965],[105.3955,21.93086],[105.39531,21.93292],[105.39604,21.93474],[105.39499,21.93658],[105.3941,21.93752],[105.3934,21.93775],[105.39402,21.93883],[105.39499,21.93889],[105.39548,21.93962],[105.39642,21.9396],[105.39741,21.94028],[105.39849,21.94052],[105.4002,21.94198],[105.40611,21.94385],[105.40817,21.94324],[105.40863,21.94588],[105.41515,21.94741],[105.41576,21.94863],[105.4168,21.94858],[105.41772,21.94813],[105.41893,21.94942],[105.41943,21.94884],[105.41942,21.94837]]]]}},
{"type":"Feature","id":"02470","properties":{"Ward_Code":"02470","Ward_Code_Num":2470,"Ward":"Tân Long","Ward_Alt":"Tân Long","Ward_Upper":"TÂN LONG","Ward_Full":"Xã Tân Long","Ward_Full_Alt":"Xã Tân Long","Ward_Full_Upper_Alt":"XÃ TÂN LONG","Ward_Type":"Xã","Province_Code":"08","Province":"Tuyên Quang","Province_Upper_Alt":"TUYÊN QUANG"},"geometry":{"type":"MultiPolygon","coordinates":[[[[105.32556,21.93986],[105.32787,21.9396],[105.32852,21.93921],[105.32912,21.93798],[105.32875,21.93713],[105.32889,21.9341],[105.3321,21.93182],[105.3315,21.93085],[105.3315,21.92918],[105.33248,21.92796],[105.33551,21.92621],[105.33499,21.92326],[105.33615,21.92244],[105.33802,21.92191],[105.33804,21.92114],[105.34193,21.91818],[105.34097,21.91625],[105.34128,21.91528],[105.34067,21.91477],[105.34053,21.9124],[105.33986,21.91095],[105.34019,21.90948],[105.33915,21.90831],[105.33789,21.90777],[105.33516,21.90749],[105.33341,21.90621],[105.33242,21.90335],[105.33298,21.90225],[105.3329,21.90038],[105.33205,21.89956],[105.33126,21.89768],[105.33082,21.89399],[105.33014,21.89301],[105.32898,21.89214],[105.32893,21.89067],[105.3265,21.88951],[105.3257,21.88857],[105.32436,21.88784],[105.32306,21.8867],[105.322,21.88489],[105.32034,21.88439],[105.32061,21.87999],[105.31918,21.87836],[105.31826,21.87656],[105.31626,21.87604],[105.31426,21.87457],[105.31435,21.87403],[105.31533,21.873169999999998],[105.31557,21.87184],[105.31081,21.87204],[105.30957,21.87164],[105.30872,21.87194],[105.3057,21.86994],[105.30477,21.86886],[105.30079,21.86641],[105.29974,21.86442],[105.29716,21.8624],[105.29651,21.86038],[105.29554,21.85942],[105.295,21.85692],[105.29309,21.85527],[105.28917,21.85643],[105.28695,21.85548],[105.28454,21.85566],[105.28196,21.8554],[105.28021,21.85434],[105.27789,21.85394],[105.27712,21.85517],[105.27573,21.85583],[105.27508,21.85684],[105.27394,21.8571],[105.27194,21.85533],[105.2726,21.85424],[105.27123,21.8523],[105.27076,21.84995],[105.27114,21.84846],[105.2694,21.84589],[105.2686,21.84568],[105.26502,21.84783],[105.26465,21.84846],[105.26338,21.84921],[105.26265,21.85064],[105.26098,21.85094],[105.26029,21.85174],[105.25917,21.85201],[105.25903,21.85362],[105.25835,21.85394],[105.25802,21.85507],[105.25736,21.85548],[105.25543,21.85538],[105.2536,21.85396],[105.2523,21.85386],[105.24977,21.85275],[105.24828,21.85308],[105.24753,21.85156],[105.24646,21.85073],[105.24224,21.85077],[105.24362,21.85197],[105.24362,21.85606],[105.24239,21.85712],[105.24112,21.8577],[105.24098,21.85828],[105.238,21.85798],[105.23682,21.85815],[105.23576,21.85898],[105.235,21.85889],[105.23416,21.86058],[105.23179,21.86073],[105.23105,21.86132],[105.23057,21.86229],[105.23003,21.86084],[105.22778,21.86116],[105.22809,21.86033],[105.2271,21.85806],[105.2274,21.85676],[105.22644,21.85571],[105.2254,21.85523],[105.22579,21.85642],[105.22474,21.85808],[105.22292,21.85961],[105.22199,21.85953],[105.22072,21.86029],[105.21962,21.86259],[105.21809,21.8639],[105.2172,21.86415],[105.21679,21.86487],[105.21548,21.86498],[105.2154,21.86521],[105.21606,21.86576],[105.2158,21.86598],[105.21502,21.86544],[105.21518,21.86431],[105.21411,21.86444],[105.21281,21.86308],[105.21191,21.86083],[105.21216,21.8594],[105.21006,21.85844],[105.20925,21.85863],[105.2083,21.85818],[105.20721,21.85961],[105.2061,21.86001],[105.20427,21.85951],[105.20362,21.85821],[105.20288,21.85758],[105.2027,21.85621],[105.20208,21.85546],[105.20164,21.85378],[105.20004,21.85318],[105.19907,21.85239],[105.19661,21.85244],[105.1959,21.85292],[105.19466,21.85282],[105.1942,21.85196],[105.19441,21.85077],[105.19329,21.84967],[105.19192,21.84906],[105.18951,21.85126],[105.18709,21.85237],[105.18689,21.85569],[105.1877,21.85813],[105.18935,21.85996],[105.19236,21.86182],[105.19351,21.8629],[105.19408,21.86491],[105.1952,21.86684],[105.1956,21.86823],[105.19666,21.86966],[105.19694,21.87133],[105.19855,21.87315],[105.20254,21.87609],[105.20269,21.87816],[105.20185,21.88632],[105.20121,21.88758],[105.19963,21.88863],[105.19837,21.89036],[105.19846,21.8953],[105.1981,21.89726],[105.19552,21.90118],[105.194,21.90256],[105.19296,21.90282],[105.19228,21.904419999999998],[105.19275,21.90562],[105.19786,21.91078],[105.19979,21.9134],[105.2017,21.91536],[105.20535,21.91677],[105.2065,21.91637],[105.20751,21.91557],[105.21003,21.9167],[105.21098,21.91627],[105.21512,21.91592],[105.2162,21.91536],[105.218,21.91357],[105.2188,21.91392],[105.21907,21.91516],[105.21999,21.91589],[105.22121,21.91561],[105.22251,21.91618],[105.22354,21.91512],[105.22565,21.91496],[105.22748,21.91316],[105.22941,21.9128],[105.23096,21.91327],[105.23326,21.91267],[105.23398,21.91298],[105.23488,21.91405],[105.23833,21.9154],[105.24117,21.91566],[105.24315,21.91414],[105.24787,21.91593],[105.24851,21.91658],[105.25314,21.91714],[105.25421,21.91831],[105.25456,21.91949],[105.25591,21.92028],[105.25633,21.92086],[105.26264,21.92221],[105.26462,21.92168],[105.26793,21.92226],[105.26982,21.91994],[105.27167,21.92006],[105.27258,21.91979],[105.27551,21.9176],[105.27781,21.91884],[105.27925,21.91915],[105.27964,21.91979],[105.28102,21.92075],[105.28607,21.92082],[105.28811,21.92224],[105.29003,21.92551],[105.29056,21.92498],[105.29193,21.9248],[105.29316,21.92404],[105.29556,21.92332],[105.29616,21.92377],[105.29859,21.92438],[105.30076,21.92407],[105.30244,21.92296],[105.30386,21.92469],[105.30391,21.92619],[105.30506,21.92825],[105.30554,21.92852],[105.30677,21.92847],[105.30766,21.92905],[105.31011,21.93155],[105.31041,21.93243],[105.31103,21.93274],[105.31108,21.935],[105.31145,21.93627],[105.31216,21.93715],[105.31375,21.938],[105.31497,21.93804],[105.31725,21.93927],[105.31826,21.93909],[105.31902,21.93941],[105.32086,21.93911],[105.3245,21.94005],[105.32556,21.93986]]]]}},
{"type":"Feature","id":"02473","properties":{"Ward_Code":"02473","Ward_Code_Num":2473,"Ward":"Yên Sơn","Ward_Alt":"Yên Sơn","Ward_Upper":"YÊN SƠN","Ward_Full":"Xã Yên Sơn","Ward_Full_Alt":"Xã Yên Sơn","Ward_Full_Upper_Alt":"XÃ YÊN SƠN","Ward_Type":"Xã","Province_Code":"08","Province":"Tuyên Quang","Province_Upper_Alt":"TUYÊN QUANG"},"geometry":{"type":"MultiPolygon","coordinates":[[[[105.15849,21.92792],[105.1592,21.92653],[105.16055,21.92515],[105.16553,21.92493],[105.16686,21.9243],[105.16747,21.923],[105.16563,21.91848],[105.16342,21.91457],[105.16108,21.91173],[105.16109,21.90968],[105.1621,21.90847],[105.16345,21.90804],[105.16705,21.90776],[105.17099,21.9085],[105.17374,21.9083],[105.17463,21.90764],[105.17504,21.90578],[105.17566,21.9048],[105.17796,21.90362],[105.17985,21.90311],[105.18265,21.90097],[105.18479,21.9002],[105.18645,21.90029],[105.19118,21.90277],[105.194,21.90256],[105.19552,21.90118],[105.19645,21.89952],[105.19749,21.89846],[105.19823,21.89688],[105.19845,21.89015],[105.19963,21.88863],[105.20121,21.88758],[105.20185,21.88632],[105.20269,21.87816],[105.20254,21.87609],[105.19855,21.87315],[105.19694,21.87133],[105.19666,21.86966],[105.1956,21.86823],[105.1952,21.86684],[105.19408,21.86491],[105.19351,21.8629],[105.19236,21.86182],[105.18935,21.85996],[105.1877,21.85813],[105.18689,21.855],[105.1871,21.85022],[105.18773,21.84906],[105.18717,21.84874],[105.18655,21.84734],[105.18518,21.84695],[105.18343,21.84558],[105.1795,21.84604],[105.17898,21.84634],[105.17876,21.84717],[105.17806,21.84732],[105.17758,21.8487],[105.17534,21.84898],[105.1731,21.85058],[105.17137,21.85092],[105.17111,21.85174],[105.16967,21.85192],[105.16915,21.8507],[105.16832,21.85058],[105.16741,21.85102],[105.16704,21.85],[105.16744,21.8495],[105.16625,21.84958],[105.16574,21.84851],[105.16584,21.84748],[105.16474,21.84714],[105.1637,21.84733],[105.16366,21.84704],[105.16093,21.8463],[105.15869,21.84508],[105.15962,21.84198],[105.15877,21.84043],[105.16018,21.84015],[105.16056,21.83884],[105.16127,21.83803],[105.16329,21.83702],[105.16255,21.83624],[105.16182,21.83453],[105.16211,21.8335],[105.16188,21.833],[105.16091,21.8321],[105.15741,21.83],[105.1581,21.82831],[105.1572,21.82621],[105.15618,21.82569],[105.15518,21.82593],[105.155,21.82572],[105.15497,21.8238],[105.15392,21.82269],[105.15434,21.81937],[105.15306,21.81881],[105.15288,21.81838],[105.15362,21.81758],[105.15157,21.81528],[105.15202,21.80974],[105.15344,21.8086],[105.15415,21.80699],[105.15573,21.80686],[105.15625,21.80636],[105.15631,21.80577],[105.15727,21.80531],[105.15696,21.80509],[105.15734,21.80405],[105.15679,21.80186],[105.15694,21.80082],[105.15537,21.7984],[105.15391,21.79776],[105.15404,21.7958],[105.15281,21.79411],[105.15017,21.79405],[105.1477,21.79281],[105.14746,21.7921],[105.14767,21.79126],[105.14612,21.78996],[105.1457,21.7878],[105.14383,21.78698],[105.14297,21.78571],[105.14204,21.78601],[105.14015,21.78475],[105.13943,21.78474],[105.13782,21.78591],[105.1369,21.787],[105.13612,21.78747],[105.13486,21.78764],[105.13347,21.78887],[105.13234,21.78881],[105.13154,21.78973],[105.13141,21.79076],[105.13032,21.792],[105.13055,21.79345],[105.12936,21.79735],[105.12732,21.7996],[105.12665,21.80193],[105.12285,21.80574],[105.12146,21.80589],[105.11996,21.80473],[105.11783,21.8044],[105.11719,21.80252],[105.11447,21.80054],[105.11314,21.80054],[105.10981,21.79971],[105.10834,21.80024],[105.10628,21.80273],[105.10545,21.80275],[105.10406,21.80173],[105.10468,21.80266],[105.10471,21.80691],[105.1018,21.8094],[105.10068,21.81078],[105.09957,21.81441],[105.09884,21.81502],[105.09822,21.81764],[105.09748,21.81843],[105.09574,21.81874],[105.09447,21.81987],[105.09258,21.82089],[105.09098,21.82507],[105.08903,21.82799],[105.08518,21.82914],[105.08379,21.82893],[105.08249,21.82924],[105.07991,21.82916],[105.07765,21.82992],[105.07517,21.83208],[105.07272,21.83545],[105.07004,21.83771],[105.07023,21.83879],[105.06973,21.83944],[105.07058,21.8394],[105.07136,21.83993],[105.07411,21.84244],[105.07497,21.8439],[105.07692,21.84484],[105.07787,21.84595],[105.07936,21.84625],[105.07897,21.8488],[105.07828,21.85003],[105.07891,21.85098],[105.07914,21.85234],[105.07885,21.8542],[105.07809,21.85596],[105.07801,21.85692],[105.07857,21.85819],[105.0798,21.8595],[105.08257,21.86112],[105.0842,21.86028],[105.08678,21.86117],[105.08726,21.86097],[105.08896,21.86299],[105.08906,21.86386],[105.09026,21.86612],[105.09341,21.86755],[105.09385,21.86917],[105.09581,21.87157],[105.09414,21.87332],[105.0942,21.87403],[105.09355,21.87456],[105.09467,21.87505],[105.09554,21.87746],[105.095,21.87937],[105.09387,21.88051],[105.09337,21.8817],[105.09382,21.88277],[105.09418,21.88645],[105.09269,21.88889],[105.09202,21.89164],[105.09332,21.89255],[105.09604,21.89359],[105.09735,21.89247],[105.09926,21.89209],[105.10314,21.89283],[105.10396,21.89274],[105.10382,21.89369],[105.1047,21.89544],[105.1051,21.89736],[105.10624,21.90006],[105.10695,21.90102],[105.10794,21.90223],[105.1096,21.90332],[105.11146,21.90577],[105.11392,21.9073],[105.11441,21.90926],[105.11579,21.90921],[105.11615,21.90946],[105.11679,21.91161],[105.11805,21.91247],[105.11953,21.91427],[105.12083,21.91523],[105.12185,21.91527],[105.12042,21.91653],[105.11988,21.91811],[105.11852,21.91852],[105.1173,21.91986],[105.11685,21.92177],[105.11758,21.9227],[105.11864,21.92534],[105.11981,21.92498],[105.12094,21.92511],[105.12486,21.92815],[105.12629,21.92818],[105.12616,21.92719],[105.12646,21.9265],[105.1276,21.92594],[105.12841,21.92465],[105.12836,21.92335],[105.128,21.92258],[105.12813,21.92176],[105.1285,21.92164],[105.1279,21.92068],[105.12878,21.91976],[105.13015,21.9198],[105.13097,21.92044],[105.1327,21.92109],[105.13337,21.9221],[105.13359,21.92289],[105.13336,21.92352],[105.13365,21.92392],[105.13772,21.92214],[105.13825,21.92216],[105.13915,21.92376],[105.14036,21.92374],[105.14188,21.925],[105.14336,21.92528],[105.14366,21.92609],[105.14521,21.92734],[105.14582,21.92842],[105.14698,21.92876],[105.14808,21.9282],[105.1498,21.92845],[105.15357,21.92678],[105.15444,21.92668],[105.15522,21.9269],[105.15603,21.92784],[105.15849,21.92792]]]]}},
{"type":"Feature","id":"02494","properties":{"Ward_Code":"02494","Ward_Code_Num":2494,"Ward":"Thái Bình","Ward_Alt":"Thái Bình","Ward_Upper":"THÁI BÌNH","Ward_Full":"Xã Thái Bình","Ward_Full_Alt":"Xã Thái Bình","Ward_Full_Upper_Alt":"XÃ THÁI BÌNH","Ward_Type":"Xã","Province_Code":"08","Province":"Tuyên Quang","Province_Upper_Alt":"TUYÊN QUANG"},"geometry":{"type":"MultiPolygon","coordinates":[[[[105.31244,21.87192],[105.31557,21.87184],[105.31578,21.871],[105.31542,21.86984],[105.31652,21.86701],[105.31789,21.86678],[105.31915,21.86604],[105.32065,21.86424],[105.32141,21.86424],[105.32245,21.86478],[105.32379,21.8639],[105.32406,21.86323],[105.3255,21.86306],[105.32643,21.86047],[105.3264,21.85956],[105.32604,21.85903],[105.32671,21.85828],[105.32646,21.85657],[105.32723,21.85584],[105.32804,21.85406],[105.32719,21.85322],[105.32751,21.84724],[105.32985,21.84621],[105.3288,21.84462],[105.32856,21.84018],[105.32606,21.83874],[105.32533,21.83788],[105.32548,21.83695],[105.3264,21.83626],[105.32664,21.83543],[105.32547,21.83412],[105.32336,21.83306],[105.32242,21.83364],[105.31884,21.83448],[105.31577,21.83225],[105.31495,21.83084],[105.31371,21.83076],[105.31095,21.82948],[105.31058,21.82838],[105.31202,21.82714],[105.31228,21.82453],[105.31394,21.82422],[105.31896,21.82518],[105.32075,21.82453],[105.32192,21.82474],[105.32482,21.82324],[105.3257,21.822],[105.32603,21.82064],[105.32771,21.81936],[105.32889,21.81702],[105.33124,21.81624],[105.33469,21.81409],[105.33551,21.81303],[105.33727,21.8125],[105.338,21.81188],[105.33836,21.81061],[105.33977,21.80866],[105.33906,21.80727],[105.3394,21.80604],[105.33915,21.80498],[105.33998,21.80479],[105.34074,21.80528],[105.34111,21.80431],[105.3425,21.8036],[105.34331,21.80384],[105.34815,21.80337],[105.34929,21.80295],[105.35075,21.80348],[105.35276,21.80235],[105.35391,21.80099],[105.35429,21.7997],[105.35637,21.79881],[105.3563,21.79698],[105.35571,21.79466],[105.35574,21.79246],[105.35638,21.79153],[105.3581,21.79051],[105.36144,21.7875],[105.36231,21.78866],[105.36365,21.78914],[105.36403,21.79068],[105.36532,21.7906],[105.36785,21.7916],[105.36874,21.79096],[105.3715,21.7905],[105.37273,21.78918],[105.37254,21.78796],[105.37308,21.78679],[105.37542,21.78647],[105.37571,21.78364],[105.37526,21.779419999999998],[105.37644,21.77708],[105.3766,21.7745],[105.37619,21.77265],[105.37395,21.77094],[105.37416,21.76827],[105.37363,21.76646],[105.37405,21.76599],[105.37406,21.76503],[105.37368,21.76433],[105.37266,21.76375],[105.37221,21.7625],[105.37296,21.7611],[105.37431,21.76037],[105.37505,21.75893],[105.37644,21.75812],[105.37696,21.75667],[105.37702,21.75447],[105.37878,21.75261],[105.38022,21.75192],[105.38023,21.75018],[105.37891,21.74901],[105.3787,21.74811],[105.37724,21.74647],[105.37485,21.74125],[105.37488,21.7398],[105.37373,21.73805],[105.37307,21.73598],[105.37218,21.73503],[105.37157,21.7335],[105.3714,21.73304],[105.37177,21.73138],[105.37112,21.73062],[105.36876,21.73075],[105.36767999999999,21.73253],[105.36669,21.73316],[105.3655,21.73322],[105.36529,21.73392],[105.36499,21.73397],[105.36292,21.73236],[105.36184,21.73193],[105.36022,21.73257],[105.35875,21.73261],[105.35723,21.73051],[105.35694,21.72928],[105.35398,21.72814],[105.35398,21.72861],[105.3531,21.72903],[105.35269,21.73011],[105.35046,21.73047],[105.34959,21.73113],[105.34915,21.73225],[105.3508,21.7356],[105.34899,21.73719],[105.34743,21.73701],[105.34703,21.73763],[105.34677,21.73916],[105.34578,21.74028],[105.34901,21.74298],[105.34822,21.74469],[105.34603,21.74607],[105.34532,21.74544],[105.34445,21.74556],[105.34329,21.74522],[105.34198,21.7458],[105.34161,21.74661],[105.34164,21.74922],[105.341,21.7501],[105.33946,21.75073],[105.339,21.75192],[105.33952,21.75272],[105.3387,21.7537],[105.33898,21.75495],[105.33715,21.75545],[105.334,21.75551],[105.33303,21.75598],[105.33344,21.75833],[105.33266,21.76014],[105.33273,21.76104],[105.33084,21.76147],[105.32888,21.76123],[105.32738,21.76148],[105.32685,21.76223],[105.3269,21.76322],[105.32614,21.76367],[105.32547,21.76341],[105.32372,21.76182],[105.32155,21.76102],[105.32004,21.76164],[105.31911,21.76152],[105.31768,21.762],[105.31623,21.76313],[105.31528,21.7633],[105.31405,21.76305],[105.31031,21.7656],[105.30794,21.76542],[105.30754,21.76572],[105.30742,21.76544],[105.30709,21.76576],[105.30627,21.76445],[105.30431,21.7633],[105.30382,21.76448],[105.30223,21.76389],[105.30177,21.76416],[105.30154,21.7648],[105.30015,21.7652],[105.29923,21.76485],[105.29854,21.76554],[105.29755,21.76516],[105.29742,21.76572],[105.29818,21.76654],[105.29518,21.76836],[105.29385,21.76873],[105.29266,21.76968],[105.29241,21.77091],[105.29322,21.77225],[105.29346,21.77403],[105.29295,21.7753],[105.29142,21.77727],[105.28789,21.77925],[105.28026,21.78206],[105.26963,21.78462],[105.26434,21.78705],[105.26152,21.78875],[105.25327,21.79575],[105.25223,21.79812],[105.25137,21.80126],[105.24777,21.80654],[105.24386,21.80898],[105.24128,21.80961],[105.23993,21.8096],[105.23899,21.81034],[105.23913,21.8112],[105.23873,21.81153],[105.23856,21.8141],[105.23881,21.8144],[105.23857,21.81479],[105.23918,21.81486],[105.23925,21.81565],[105.23887,21.81614],[105.23922,21.81631],[105.23974,21.81603],[105.2388,21.81814],[105.23943,21.82058],[105.23985,21.82097],[105.24014,21.82078],[105.24074,21.82001],[105.24171,21.81962],[105.24235,21.81834],[105.24352,21.81766],[105.24511,21.81839],[105.24768,21.82174],[105.2474,21.82278],[105.2452,21.82384],[105.24529,21.82481],[105.24621,21.82628],[105.24615,21.82692],[105.24713,21.82826],[105.24916,21.82966],[105.24928,21.83121],[105.25016,21.83189],[105.25105,21.83208],[105.25394,21.83458],[105.25777,21.83587],[105.25782,21.83673],[105.25882,21.83772],[105.25923,21.8388],[105.25875,21.83986],[105.25926,21.84102],[105.26017,21.84111],[105.26184,21.8405],[105.26255,21.84096],[105.26319,21.84092],[105.2648,21.84201],[105.26705,21.84214],[105.26869,21.843],[105.26925,21.84472],[105.26926,21.84576],[105.27122,21.84865],[105.27076,21.84995],[105.27123,21.8523],[105.2726,21.85424],[105.27194,21.85533],[105.27304,21.85639],[105.27394,21.8571],[105.27478,21.85701],[105.27573,21.85583],[105.27712,21.85517],[105.27789,21.85394],[105.28021,21.85434],[105.28196,21.8554],[105.28454,21.85566],[105.28695,21.85548],[105.28917,21.85643],[105.29298,21.85522],[105.295,21.85692],[105.29554,21.85942],[105.29651,21.86038],[105.29716,21.8624],[105.29974,21.86442],[105.30064,21.86629],[105.30477,21.86886],[105.30785,21.87158],[105.30872,21.87194],[105.30957,21.87164],[105.31081,21.87204],[105.31244,21.87192]]]]}},
{"type":"Feature","id":"02509","properties":{"Ward_Code":"02509","Ward_Code_Num":2509,"Ward":"Mỹ Lâm","Ward_Alt":"Mỹ Lâm","Ward_Upper":"MỸ LÂM","Ward_Full":"Phường Mỹ Lâm","Ward_Full_Alt":"Phường Mỹ Lâm","Ward_Full_Upper_Alt":"PHƯỜNG MỸ LÂM","Ward_Type":"Phường","Province_Code":"08","Province":"Tuyên Quang","Province_Upper_Alt":"TUYÊN QUANG"},"geometry":{"type":"MultiPolygon","coordinates":[[[[105.10041,21.81145],[105.1018,21.8094],[105.10478,21.80673],[105.10468,21.80266],[105.10406,21.80173],[105.10545,21.80275],[105.10628,21.80273],[105.10834,21.80024],[105.10981,21.79971],[105.11314,21.80054],[105.1147,21.8006],[105.11528,21.80132],[105.11719,21.80252],[105.11783,21.8044],[105.11996,21.80473],[105.12162,21.80593],[105.12306,21.80561],[105.12665,21.80193],[105.12732,21.7996],[105.12936,21.79735],[105.13055,21.79345],[105.13032,21.792],[105.13141,21.79076],[105.13154,21.78973],[105.13224,21.78888],[105.13347,21.78887],[105.13486,21.78764],[105.13612,21.78747],[105.13943,21.78474],[105.14015,21.78475],[105.14204,21.78601],[105.14297,21.78571],[105.14383,21.78698],[105.14572,21.78796],[105.14564,21.78519],[105.14653,21.78331],[105.1462,21.78133],[105.1464,21.77791],[105.14568,21.77689],[105.14635,21.77537],[105.14754,21.77399],[105.14973,21.76875],[105.15111,21.76868],[105.15428,21.76938],[105.15842,21.76832],[105.1605,21.76853],[105.16447,21.7669],[105.17245,21.76242],[105.17246,21.75978],[105.17339,21.75689],[105.17285,21.75646],[105.17185,21.75635],[105.17102,21.75534],[105.16908,21.75397],[105.1697,21.74983],[105.17113,21.74916],[105.1715,21.7477],[105.17151,21.74681],[105.17097,21.74639],[105.1706,21.74495],[105.16991,21.74452],[105.16976,21.74328],[105.171,21.74175],[105.17076,21.73904],[105.17006,21.7386],[105.16957,21.73768],[105.16862,21.73747],[105.16778,21.73666],[105.1667,21.73685],[105.16529,21.73479],[105.16429,21.7345],[105.16313,21.73342],[105.16172,21.73289],[105.16132,21.7319],[105.16014,21.73158],[105.15939,21.73036],[105.15607,21.72974],[105.15597,21.7284],[105.15642,21.72744],[105.1572,21.7265],[105.15808,21.72615],[105.15705,21.72581],[105.15621,21.72329],[105.15372,21.72398],[105.15201,21.7238],[105.15025,21.72238],[105.14911,21.72234],[105.14781,21.72161],[105.14638,21.72126],[105.14474,21.72113],[105.14456,21.71983],[105.14336,21.71916],[105.14273,21.71918],[105.14184,21.72003],[105.13893,21.72031],[105.13773,21.72101],[105.13706,21.72223],[105.13605,21.72257],[105.13578,21.72304],[105.13477,21.72786],[105.1339,21.73003],[105.1327,21.73136],[105.13254,21.73288],[105.13212,21.73345],[105.13237,21.73457],[105.13306,21.73529],[105.13254,21.73621],[105.1334,21.73835],[105.1319,21.73966],[105.13151,21.74078],[105.12874,21.74048],[105.12788,21.74066],[105.12638,21.74215],[105.12614,21.74318],[105.12417,21.74421],[105.12302,21.74384],[105.1227,21.744],[105.1225,21.74363],[105.12123,21.74312],[105.12154,21.74243],[105.12054,21.74136],[105.12023,21.73762],[105.11819,21.7379],[105.11739,21.73739],[105.11741,21.73695],[105.11842,21.73616],[105.11861,21.73528],[105.11399,21.73424],[105.1134,21.73362],[105.11258,21.73401],[105.11108,21.73301],[105.11123,21.73206],[105.11195,21.73128],[105.11124,21.73012],[105.10923,21.7283],[105.10778,21.72619],[105.10839,21.72479],[105.10831,21.72428],[105.10767,21.724],[105.10593,21.72424],[105.10519,21.72358],[105.10512,21.7225],[105.10468,21.72175],[105.1055,21.72104],[105.1045,21.72065],[105.10378,21.7208],[105.10372,21.72022],[105.10438,21.71982],[105.10437,21.7192],[105.10408,21.719],[105.10314,21.7193],[105.10305,21.71823],[105.10166,21.71726],[105.10072,21.71736],[105.10022,21.71678],[105.09924,21.71664],[105.09876,21.71738],[105.09624,21.71817],[105.09557,21.71884],[105.09436,21.7189],[105.09334,21.71849],[105.09294,21.71936],[105.0925,21.71953],[105.0915,21.71919],[105.09095,21.71849],[105.08805,21.71823],[105.08646,21.71844],[105.08498,21.72181],[105.08408,21.72315],[105.08298,21.72391],[105.08152,21.72369],[105.07803,21.72184],[105.07725,21.72197],[105.07615,21.72315],[105.07512,21.72683],[105.07383,21.72817],[105.07421,21.72918],[105.07595,21.73074],[105.07653,21.73165],[105.0768,21.73494],[105.07646,21.73554],[105.07018,21.73843],[105.0676,21.74048],[105.06687,21.7417],[105.06557,21.74217],[105.06459,21.74308],[105.06159,21.74383],[105.05965,21.74494],[105.05804,21.74521],[105.058,21.7464],[105.05652,21.74738],[105.05664,21.74779],[105.0577,21.74818],[105.0584,21.749389999999998],[105.06136,21.74845],[105.06205,21.74904],[105.06358,21.74911],[105.06322,21.74943],[105.06343,21.74962],[105.06457,21.74915],[105.0648,21.7503],[105.06429,21.75102],[105.06601,21.75112],[105.06626,21.75089],[105.06561,21.75024],[105.06642,21.74996],[105.06676,21.75097],[105.06747,21.75113],[105.06772,21.75167],[105.06922,21.75142],[105.06988,21.75329],[105.07205,21.75434],[105.07164,21.75515],[105.07202,21.75539],[105.07191,21.75596],[105.07225,21.75636],[105.07094,21.75893],[105.07027,21.75899],[105.06997,21.75955],[105.07096,21.75938],[105.07212,21.7581],[105.07265,21.75817],[105.07304,21.75776],[105.07391,21.75757],[105.07488,21.7586],[105.07505,21.76053],[105.07808,21.76165],[105.07822,21.76278],[105.07712,21.76341],[105.07796,21.76567],[105.07776,21.76619],[105.07885,21.76712],[105.08157,21.77137],[105.0798,21.77279],[105.07726,21.77344],[105.07662,21.77448],[105.07403,21.77635],[105.07236,21.77807],[105.07188,21.77892],[105.07206,21.77971],[105.07172,21.78197],[105.07196,21.78209],[105.07303,21.78141],[105.07424,21.78233],[105.07551,21.78392],[105.07578,21.78517],[105.07734,21.78685],[105.07948,21.78649],[105.08076,21.78733],[105.08072,21.79005],[105.08276,21.79165],[105.0822,21.79264],[105.0825,21.79381],[105.08321,21.79476],[105.08454,21.79783],[105.0844,21.79896],[105.0851,21.8009],[105.08489,21.80202],[105.08634,21.80364],[105.08862,21.80732],[105.09512,21.81071],[105.0995,21.81184],[105.10041,21.81145]]]]}},
{"type":"Feature","id":"02512","properties":{"Ward_Code":"02512","Ward_Code_Num":2512,"Ward":"An Tường","Ward_Alt":"An Tường","Ward_Upper":"AN TƯỜNG","Ward_Full":"Phường An Tường","Ward_Full_Alt":"Phường An Tường","Ward_Full_Upper_Alt":"PHƯỜNG AN TƯỜNG","Ward_Type":"Phường","Province_Code":"08","Province":"Tuyên Quang","Province_Upper_Alt":"TUYÊN QUANG"},"geometry":{"type":"MultiPolygon","coordinates":[[[[105.2144,21.80725],[105.21516,21.80692],[105.21555,21.8031],[105.21725,21.80043],[105.21907,21.79916],[105.22114,21.79873],[105.22258,21.79936],[105.22355,21.80049],[105.22493,21.80124],[105.22941,21.8029],[105.23505,21.80592],[105.23746,21.80833],[105.23911,21.80936],[105.24099,21.80965],[105.24386,21.80898],[105.2448,21.80819],[105.24714,21.80708],[105.2489,21.8052],[105.25137,21.80126],[105.25246,21.79748],[105.25369,21.79523],[105.26054,21.78948],[105.26434,21.78705],[105.26963,21.78462],[105.28014,21.7821],[105.2892,21.77866],[105.29142,21.77727],[105.29311,21.77504],[105.29346,21.77403],[105.29296,21.77153],[105.29218,21.77081],[105.29086,21.77068],[105.28362,21.77429],[105.28148,21.77491],[105.27654,21.77475],[105.27509,21.774],[105.27433,21.77278],[105.27352,21.77237],[105.26642,21.77303],[105.26171,21.77265],[105.25954,21.77166],[105.25742,21.76994],[105.25621,21.76824],[105.25598,21.76694],[105.25704,21.76156],[105.26102,21.75718],[105.26166,21.75561],[105.26242,21.75176],[105.26092,21.75244],[105.25768,21.75304],[105.25642,21.75385],[105.25573,21.75569],[105.2561,21.75743],[105.25473,21.75747],[105.25389,21.75672],[105.25411,21.75639],[105.25375,21.75619],[105.25231,21.7565],[105.25101,21.75542],[105.25049,21.75572],[105.24881,21.75448],[105.24714,21.75443],[105.24648,21.75397],[105.24497,21.7552],[105.24452,21.75611],[105.24333,21.75674],[105.24357,21.75818],[105.24276,21.758],[105.24218,21.75713],[105.2407,21.75667],[105.24042,21.75592],[105.23862,21.75604],[105.23633,21.75525],[105.23588,21.75538],[105.23527,21.75859],[105.23242,21.75889],[105.23114,21.75754],[105.22642,21.7548],[105.22549,21.75317],[105.22398,21.75202],[105.22163,21.75212],[105.21981,21.75089],[105.21838,21.75055],[105.21467,21.7511],[105.21349,21.74922],[105.21241,21.74878],[105.21215,21.74838],[105.21212,21.7474],[105.21283,21.74672],[105.21306,21.74599],[105.21305,21.74369],[105.21087,21.74275],[105.21139,21.74146],[105.211,21.74089],[105.20966,21.74082],[105.20791,21.7412],[105.20529,21.74251],[105.20434,21.74246],[105.20377,21.74301],[105.20264,21.74312],[105.2006,21.74258],[105.20023,21.74151],[105.19904,21.7404],[105.19735,21.74014],[105.19652,21.73932],[105.19508,21.73891],[105.19482,21.73802],[105.19373,21.73727],[105.19116,21.73798],[105.18994,21.74105],[105.18881,21.7405],[105.18736,21.7389],[105.18589,21.73508],[105.18405,21.73526],[105.18343,21.73508],[105.18333,21.73472],[105.18309,21.73506],[105.18179,21.73528],[105.18081,21.73589],[105.18054,21.73696],[105.17882,21.73843],[105.17884,21.73915],[105.17829,21.7395],[105.17788,21.74062],[105.17678,21.74199],[105.17522,21.74225],[105.17101,21.74167],[105.16978,21.74319],[105.16991,21.74452],[105.1706,21.74495],[105.17097,21.74639],[105.17151,21.74681],[105.17151,21.7476],[105.17113,21.74916],[105.1697,21.74983],[105.16908,21.75397],[105.17102,21.75534],[105.17185,21.75635],[105.17285,21.75646],[105.17339,21.75689],[105.17246,21.75978],[105.17244,21.76291],[105.17268,21.76353],[105.17371,21.76543],[105.17521,21.76564],[105.17685,21.76652],[105.17766,21.7687],[105.17896,21.77035],[105.17914,21.77126],[105.17984,21.77162],[105.17932,21.77236],[105.1798,21.77255],[105.17982,21.77361],[105.17895,21.77498],[105.18149,21.77374],[105.18232,21.77431],[105.18663,21.77532],[105.18817,21.77605],[105.18797,21.77715],[105.18838,21.77933],[105.18986,21.77878],[105.19243,21.78012],[105.1919,21.78226],[105.19087,21.78367],[105.19325,21.78604],[105.19368,21.78714],[105.19206,21.78896],[105.19209,21.79092],[105.19398,21.79332],[105.19474,21.79346],[105.19494,21.79427],[105.19599,21.79484],[105.19611,21.79562],[105.19692,21.7962],[105.19632,21.7966],[105.19618,21.79749],[105.19734,21.79878],[105.19682,21.79969],[105.19799,21.80102],[105.19814,21.80244],[105.19909,21.80282],[105.19934,21.80362],[105.19984,21.804],[105.20139,21.80422],[105.20171,21.80552],[105.20127,21.80641],[105.20236,21.80687],[105.20324,21.80604],[105.2039,21.8061],[105.20455,21.8065],[105.20556,21.80822],[105.2057,21.80946],[105.20756,21.81056],[105.2099,21.80997],[105.21084,21.81173],[105.21134,21.8112],[105.21096,21.81084],[105.21096,21.81027],[105.2114,21.81025],[105.21212,21.8109],[105.21261,21.81072],[105.21298,21.8079],[105.2144,21.80725]]]]}},
{"type":"Feature","id":"02524","properties":{"Ward_Code":"02524","Ward_Code_Num":2524,"Ward":"Bình Thuận","Ward_Alt":"Bình Thuận","Ward_Upper":"BÌNH THUẬN","Ward_Full":"Phường Bình Thuận","Ward_Full_Alt":"Phường Bình Thuận","Ward_Full_Upper_Alt":"PHƯỜNG BÌNH THUẬN","Ward_Type":"Phường","Province_Code":"08","Province":"Tuyên Quang","Province_Upper_Alt":"TUYÊN QUANG"},"geometry":{"type":"MultiPolygon","coordinates":[[[[105.2571,21.75339],[105.26092,21.75244],[105.26242,21.75176],[105.2645,21.74609],[105.26816,21.74218],[105.27044,21.7387],[105.27231,21.73337],[105.27294,21.72893],[105.27282,21.72567],[105.27178,21.72064],[105.27012,21.71587],[105.26804,21.71236],[105.26667,21.7112],[105.26176,21.70995],[105.25785,21.70806],[105.25537,21.70611],[105.25283,21.70317],[105.25039,21.69866],[105.24943,21.69567],[105.2495,21.69392],[105.25174,21.68875],[105.25046,21.68725],[105.24848,21.68754],[105.24849,21.68815],[105.24804,21.68829],[105.24779,21.68893],[105.24625,21.68915],[105.24583,21.68965],[105.24513,21.68936],[105.24439,21.68982],[105.24374,21.6896],[105.24343,21.69024],[105.24383,21.68999],[105.24479,21.69107],[105.24389,21.69102],[105.24435,21.69132],[105.24397,21.69199],[105.24378,21.69151],[105.24328,21.69173],[105.24289,21.69123],[105.24214,21.69112],[105.24236,21.69161],[105.24168,21.69238],[105.24164,21.69156],[105.24115,21.69126],[105.2417,21.69094],[105.24162,21.68829],[105.2422,21.687],[105.24059,21.68654],[105.24014,21.68566],[105.2391,21.68519],[105.23894,21.68402],[105.23684,21.6854],[105.23479,21.68475],[105.23361,21.68502],[105.2324,21.68643],[105.22908,21.68771],[105.22589,21.68958],[105.2243,21.6896],[105.223,21.68842],[105.2213,21.68793],[105.21957,21.68609],[105.21829,21.68569],[105.21772,21.68496],[105.21552,21.68678],[105.21307,21.68772],[105.21216,21.68842],[105.21401,21.68999],[105.21534,21.69202],[105.2201,21.69498],[105.22037,21.69818],[105.2218,21.69942],[105.22231,21.70065],[105.22038,21.70234],[105.21932,21.70153],[105.2175,21.70314],[105.21625,21.70197],[105.21519,21.70284],[105.21448,21.70291],[105.21412,21.70385],[105.21453,21.70513],[105.21354,21.70704],[105.2128,21.71021],[105.21227,21.71094],[105.21162,21.71052],[105.21041,21.71064],[105.20937,21.71318],[105.20854,21.71431],[105.20878,21.71536],[105.20843,21.71645],[105.20785,21.71564],[105.20468,21.715699999999998],[105.20451,21.71655],[105.20344,21.71751],[105.20233,21.71793],[105.20136,21.7195],[105.19931,21.7189],[105.19814,21.71923],[105.19678,21.71917],[105.19582,21.7184],[105.19486,21.71888],[105.19248,21.71871],[105.19138,21.71753],[105.19071,21.71816],[105.18974,21.71807],[105.18892,21.71747],[105.18786,21.71722],[105.18587,21.71768],[105.18383,21.71719],[105.18298,21.71659],[105.1828,21.71596],[105.18233,21.71586],[105.18138,21.71655],[105.17985,21.71705],[105.17784,21.71727],[105.17764,21.71842],[105.17704,21.7189],[105.17687,21.71986],[105.17629,21.72056],[105.1763,21.72163],[105.17716,21.72192],[105.17939,21.72461],[105.17928,21.72665],[105.17991,21.72735],[105.17947,21.72792],[105.1792,21.73006],[105.18066,21.7314],[105.18345,21.73204],[105.18339,21.73504],[105.18595,21.73513],[105.18705,21.73841],[105.18881,21.7405],[105.19005,21.74105],[105.19022,21.73992],[105.19112,21.73802],[105.19373,21.73727],[105.19482,21.73802],[105.19508,21.73891],[105.19652,21.73932],[105.19735,21.74014],[105.19904,21.7404],[105.20023,21.74151],[105.2006,21.74258],[105.20264,21.74312],[105.20377,21.74301],[105.20434,21.74246],[105.20529,21.74251],[105.20791,21.7412],[105.21074,21.74077],[105.21139,21.74128],[105.21087,21.74275],[105.21305,21.74369],[105.21306,21.74599],[105.21283,21.74672],[105.21212,21.7474],[105.21215,21.74838],[105.21241,21.74878],[105.21349,21.74922],[105.21467,21.7511],[105.21838,21.75055],[105.21981,21.75089],[105.22163,21.75212],[105.22398,21.75202],[105.22549,21.75317],[105.22642,21.7548],[105.23114,21.75754],[105.23242,21.75889],[105.23527,21.75859],[105.23588,21.75538],[105.23633,21.75525],[105.23862,21.75604],[105.24042,21.75592],[105.2407,21.75667],[105.24218,21.75713],[105.24276,21.758],[105.24357,21.75818],[105.24333,21.75674],[105.24452,21.75611],[105.24497,21.7552],[105.24648,21.75397],[105.24714,21.75443],[105.24881,21.75448],[105.25049,21.75572],[105.25101,21.75542],[105.25231,21.7565],[105.25375,21.75619],[105.25411,21.75639],[105.25389,21.75672],[105.25473,21.75747],[105.2561,21.75743],[105.25581,21.75508],[105.25642,21.75385],[105.2571,21.75339]]]]}},
{"type":"Feature","id":"02530","properties":{"Ward_Code":"02530","Ward_Code_Num":2530,"Ward":"Nhữ Khê","Ward_Alt":"Nhữ Khê","Ward_Upper":"NHỮ KHÊ","Ward_Full":"Xã Nhữ Khê","Ward_Full_Alt":"Xã Nhữ Khê","Ward_Full_Upper_Alt":"XÃ NHỮ KHÊ","Ward_Type":"Xã","Province_Code":"08","Province":"Tuyên Quang","Province_Upper_Alt":"TUYÊN QUANG"},"geometry":{"type":"MultiPolygon","coordinates":[[[[105.12453,21.74405],[105.12614,21.74318],[105.12638,21.74215],[105.12788,21.74066],[105.12874,21.74048],[105.1314,21.74084],[105.1319,21.73966],[105.1334,21.73835],[105.13254,21.73621],[105.13306,21.73529],[105.13237,21.73457],[105.13208,21.73363],[105.13254,21.73288],[105.1327,21.73136],[105.1339,21.73003],[105.13477,21.72786],[105.13592,21.72274],[105.13706,21.72223],[105.1376,21.72113],[105.13883,21.72035],[105.14184,21.72003],[105.14307,21.71913],[105.14456,21.71983],[105.14474,21.72113],[105.14638,21.72126],[105.14781,21.72161],[105.14911,21.72234],[105.15025,21.72238],[105.15201,21.7238],[105.15372,21.72398],[105.15621,21.72329],[105.15705,21.72581],[105.15808,21.72615],[105.1572,21.7265],[105.15642,21.72744],[105.15597,21.7284],[105.15607,21.72974],[105.15939,21.73036],[105.16014,21.73158],[105.16132,21.7319],[105.16172,21.73289],[105.16313,21.73342],[105.16429,21.7345],[105.16529,21.73479],[105.1667,21.73685],[105.16778,21.73666],[105.16862,21.73747],[105.16957,21.73768],[105.17006,21.7386],[105.17079,21.73912],[105.17101,21.74167],[105.17522,21.74225],[105.17652,21.74214],[105.17739,21.74136],[105.17829,21.7395],[105.17884,21.73915],[105.17882,21.73843],[105.18054,21.73696],[105.18081,21.73589],[105.18179,21.73528],[105.18321,21.73494],[105.18348,21.73243],[105.18332,21.73197],[105.18038,21.73126],[105.17913,21.72992],[105.17953,21.72881],[105.17949,21.72785],[105.17991,21.72735],[105.17928,21.72665],[105.17939,21.72461],[105.17716,21.72192],[105.17649,21.72178],[105.17611,21.72116],[105.17687,21.71986],[105.17704,21.7189],[105.17764,21.71842],[105.17784,21.71727],[105.17985,21.71705],[105.18257,21.71585],[105.18298,21.71659],[105.18383,21.71719],[105.18587,21.71768],[105.18786,21.71722],[105.18892,21.71747],[105.18974,21.71807],[105.19071,21.71816],[105.19138,21.71753],[105.19248,21.71871],[105.19486,21.71888],[105.19582,21.7184],[105.19678,21.71917],[105.19814,21.71923],[105.19931,21.7189],[105.20136,21.7195],[105.20233,21.71793],[105.20344,21.71751],[105.20451,21.71655],[105.20468,21.715699999999998],[105.20785,21.71564],[105.20843,21.71645],[105.20878,21.71536],[105.20854,21.71431],[105.20937,21.71318],[105.21041,21.71064],[105.21162,21.71052],[105.21227,21.71094],[105.2128,21.71021],[105.21354,21.70704],[105.21453,21.70513],[105.21412,21.70385],[105.21448,21.70291],[105.21519,21.70284],[105.21625,21.70197],[105.2175,21.70314],[105.21932,21.70153],[105.22038,21.70234],[105.2223,21.70067],[105.2218,21.69942],[105.22037,21.69818],[105.2201,21.69498],[105.21534,21.69202],[105.21401,21.68999],[105.21227,21.68831],[105.21552,21.68678],[105.21772,21.68496],[105.21829,21.68569],[105.21957,21.68609],[105.2213,21.68793],[105.223,21.68842],[105.2243,21.6896],[105.22589,21.68958],[105.22908,21.68771],[105.2324,21.68643],[105.23361,21.68502],[105.23479,21.68475],[105.23684,21.6854],[105.23894,21.68402],[105.2391,21.68519],[105.24014,21.68566],[105.24059,21.68654],[105.2422,21.687],[105.24162,21.68829],[105.2417,21.69094],[105.24115,21.69126],[105.24164,21.69156],[105.24161,21.69233],[105.24236,21.69161],[105.24223,21.6911],[105.24289,21.69123],[105.24328,21.69173],[105.24378,21.69151],[105.24404,21.69198],[105.24435,21.69132],[105.24389,21.69102],[105.24454,21.6912],[105.2448,21.69093],[105.24383,21.68999],[105.24343,21.69024],[105.24367,21.68965],[105.24439,21.68982],[105.24513,21.68936],[105.24583,21.68965],[105.24625,21.68915],[105.24779,21.68893],[105.24804,21.68829],[105.24849,21.68815],[105.24859,21.68749],[105.25046,21.68725],[105.25174,21.68875],[105.25252,21.68284],[105.25217,21.68029],[105.24964,21.67652],[105.2466,21.67398],[105.24539,21.67335],[105.23946,21.67174],[105.23755,21.67086],[105.23633,21.66991],[105.23496,21.66738],[105.23464,21.66531],[105.23473,21.66212],[105.23541,21.65879],[105.23274,21.65897],[105.23158,21.65937],[105.23093,21.65998],[105.22889,21.66019],[105.22689,21.65987],[105.22618,21.65923],[105.22452,21.65917],[105.22334,21.65873],[105.2218,21.65879],[105.22091,21.65935],[105.21975,21.66108],[105.21834,21.66186],[105.21623,21.66236],[105.2153,21.66245],[105.21392,21.66183],[105.21336,21.662],[105.21197,21.66117],[105.21049,21.66142],[105.20833,21.66087],[105.20661,21.66207],[105.2046,21.66271],[105.20398,21.66399],[105.20247,21.66382],[105.2019,21.66466],[105.20055,21.66522],[105.19966,21.6664],[105.19985,21.66722],[105.19942,21.66793],[105.19844,21.66769],[105.19718,21.66802],[105.19608,21.66758],[105.19457,21.66992],[105.19241,21.67114],[105.19361,21.67308],[105.19194,21.67426],[105.19241,21.67464],[105.1933,21.67465],[105.19374,21.67566],[105.19171,21.67708],[105.18974,21.67706],[105.18889,21.67647],[105.1874,21.67695],[105.18586,21.67688],[105.18461,21.67751],[105.18379,21.67851],[105.18178,21.67975],[105.18128,21.68182],[105.17956,21.68349],[105.1788,21.685],[105.17895,21.68587],[105.17818,21.68697],[105.17762,21.68721],[105.1762,21.68724],[105.17436,21.6862],[105.17313,21.68657],[105.16887,21.6865],[105.16799,21.68742],[105.1652,21.68858],[105.16438,21.68864],[105.1638,21.68817],[105.164,21.68708],[105.16269,21.68697],[105.1611,21.68556],[105.16036,21.68378],[105.15901,21.68373],[105.15832,21.68242],[105.15694,21.68165],[105.15707,21.68094],[105.15636,21.68106],[105.15604,21.68044],[105.15567,21.68092],[105.15609,21.6813],[105.15622,21.6826],[105.15568,21.68272],[105.15567,21.68325],[105.1562,21.68364],[105.15567,21.6838],[105.15614,21.68404],[105.15614,21.68457],[105.15667,21.68446],[105.15701,21.68481],[105.15673,21.68535],[105.15694,21.68608],[105.15638,21.68667],[105.15671,21.68739],[105.15654,21.68772],[105.15611,21.68734],[105.15546,21.68772],[105.15531,21.68887],[105.15446,21.68926],[105.15368,21.6892],[105.1528,21.69011],[105.15271,21.69086],[105.15204,21.69074],[105.15102,21.69189],[105.15136,21.69262],[105.15036,21.69371],[105.15057,21.69419],[105.15013,21.69545],[105.15053,21.69673],[105.15103,21.69717],[105.15098,21.69786],[105.15013,21.69825],[105.1508,21.69895],[105.15039,21.69963],[105.14875,21.6996],[105.14488,21.70066],[105.14445,21.70033],[105.14444,21.69937],[105.14319,21.69778],[105.14156,21.69796],[105.13967,21.69728],[105.13783,21.69747],[105.13699,21.69686],[105.13399,21.69649],[105.13384,21.69717],[105.13189,21.69733],[105.13131,21.6986],[105.13048,21.6995],[105.12953,21.69965],[105.12931,21.70038],[105.12736,21.70099],[105.12659,21.70188],[105.1262,21.70311],[105.1246,21.70433],[105.12264,21.70498],[105.12132,21.70484],[105.11863,21.70553],[105.11657,21.70479],[105.11304,21.70684],[105.11002,21.70585],[105.109,21.70616],[105.10847,21.70677],[105.10796,21.70894],[105.10543,21.71242],[105.1048,21.7119],[105.10392,21.71209],[105.10392,21.71405],[105.10344,21.71567],[105.10226,21.71616],[105.10186,21.71748],[105.10305,21.71823],[105.10314,21.7193],[105.10408,21.719],[105.10437,21.7192],[105.10438,21.71982],[105.10372,21.72022],[105.10378,21.7208],[105.1045,21.72065],[105.1055,21.72104],[105.10468,21.72175],[105.10512,21.7225],[105.10519,21.72358],[105.10593,21.72424],[105.10767,21.724],[105.10831,21.72428],[105.10839,21.72479],[105.10778,21.72619],[105.10923,21.7283],[105.11124,21.73012],[105.11195,21.73128],[105.11123,21.73206],[105.11108,21.73301],[105.11258,21.73401],[105.1134,21.73362],[105.11399,21.73424],[105.11861,21.73528],[105.11842,21.73616],[105.11741,21.73695],[105.11739,21.73739],[105.11819,21.7379],[105.12023,21.73762],[105.12054,21.74136],[105.12154,21.74243],[105.12123,21.74312],[105.1225,21.74363],[105.1227,21.744],[105.12453,21.74405]]]]}},
{"type":"Feature","id":"02536","properties":{"Ward_Code":"02536","Ward_Code_Num":2536,"Ward":"Sơn Dương","Ward_Alt":"Sơn Dương","Ward_Upper":"SƠN DƯƠNG","Ward_Full":"Xã Sơn Dương","Ward_Full_Alt":"Xã Sơn Dương","Ward_Full_Upper_Alt":"XÃ SƠN DƯƠNG","Ward_Type":"Xã","Province_Code":"08","Province":"Tuyên Quang","Province_Upper_Alt":"TUYÊN QUANG"},"geometry":{"type":"MultiPolygon","coordinates":[[[[105.38564,21.74973],[105.38752,21.75105],[105.38859,21.7511],[105.39016,21.75076],[105.39084,21.74999],[105.39247,21.74937],[105.39516,21.74867],[105.3955,21.7489],[105.39914,21.74736],[105.40109,21.74794],[105.4019,21.74763],[105.40433,21.74869],[105.4053,21.74809],[105.40718,21.74809],[105.40913,21.74605],[105.41078,21.74529],[105.41255,21.7455],[105.41322,21.74616],[105.41526,21.74531],[105.41646,21.74426],[105.41605,21.74292],[105.41729,21.74134],[105.41526,21.74018],[105.41192,21.73758],[105.41037,21.73429],[105.41092,21.73374],[105.41227,21.7339],[105.41406,21.73179],[105.41409,21.73089],[105.41268,21.72853],[105.41244,21.72636],[105.41341,21.72654],[105.41362,21.72722],[105.4147,21.72725],[105.4148,21.72647],[105.41563,21.72504],[105.41536,21.72308],[105.42063,21.72259],[105.42146,21.72217],[105.42185,21.72145],[105.42485,21.7223],[105.42943,21.71976],[105.43019,21.71916],[105.43008,21.71719],[105.43217,21.71563],[105.43269,21.71416],[105.43396,21.71358],[105.43522,21.71324],[105.43634,21.71384],[105.43792,21.71417],[105.43913,21.71316],[105.44213,21.7128],[105.44442,21.71122],[105.44841,21.71234],[105.45278,21.71117],[105.45673,21.71099],[105.46213,21.70972],[105.46512,21.71014],[105.46749,21.71093],[105.46812,21.71045],[105.46934,21.7111],[105.46909,21.71178],[105.47166,21.7126],[105.4732,21.71258],[105.47803,21.70987],[105.48239,21.70968],[105.48427,21.70842],[105.48492,21.70721],[105.48599,21.70709],[105.48731,21.70597],[105.48879,21.7055],[105.49029,21.70352],[105.48976,21.7028],[105.48642,21.70282],[105.48575,21.70237],[105.48462,21.70233],[105.48383,21.70186],[105.48329,21.7007],[105.4818,21.7006],[105.48072,21.69891],[105.47816,21.69835],[105.47722,21.69779],[105.47818,21.69555],[105.48157,21.69449],[105.48288,21.69352],[105.48426,21.69321],[105.48504,21.69193],[105.48758,21.69048],[105.48792,21.68959],[105.48797,21.6885],[105.48718,21.6862],[105.48757,21.6843],[105.48725,21.68102],[105.48479,21.67946],[105.48347,21.67936],[105.4819,21.67879],[105.48084,21.67746],[105.4804,21.67535],[105.47934,21.67436],[105.4808,21.67302],[105.48212,21.6724],[105.48238,21.66796],[105.48209,21.66748],[105.48302,21.66567],[105.48329,21.66437],[105.48395,21.66344],[105.48349,21.65985],[105.48542,21.65799],[105.48598,21.65559],[105.48705,21.65417],[105.4873,21.65308],[105.489,21.6512],[105.48822,21.64907],[105.49029,21.64603],[105.49048,21.64342],[105.49113,21.64254],[105.49431,21.64052],[105.49627,21.64001],[105.49777,21.6387],[105.49666,21.63802],[105.49262,21.63681],[105.49003,21.63493],[105.48608,21.63484],[105.48475,21.63597],[105.48335,21.63816],[105.48227,21.63854],[105.48167,21.64049],[105.48003,21.6419],[105.47984,21.64294],[105.47901,21.64376],[105.47821,21.64586],[105.47482,21.64451],[105.47163,21.64489],[105.47058,21.64571],[105.46902,21.64755],[105.46838,21.64914],[105.46999,21.65113],[105.47045,21.65394],[105.47124,21.65461],[105.47079,21.65844],[105.46979,21.66054],[105.47005,21.66197],[105.46925,21.6649],[105.46938,21.66623],[105.46675,21.66768],[105.46542,21.66956],[105.46648,21.67126],[105.4656,21.67318],[105.46325,21.67448],[105.46167,21.67601],[105.45928,21.67628],[105.45935,21.67791],[105.45761,21.68059],[105.45613,21.67991],[105.4552,21.68007],[105.4547,21.68065],[105.4547,21.6815],[105.45405,21.68211],[105.45443,21.68338],[105.45372,21.68466],[105.45121,21.68576],[105.44915,21.68768],[105.44761,21.68635],[105.44676,21.68607],[105.44648,21.6855],[105.44416,21.68441],[105.44334,21.68443],[105.44129,21.68373],[105.43954,21.6843],[105.43814,21.6838],[105.43515,21.68372],[105.4344,21.68279],[105.43277,21.68174],[105.43087,21.68134],[105.42991,21.68043],[105.42768,21.6792],[105.4248,21.67869],[105.4217,21.68001],[105.42006,21.67981],[105.41718,21.68053],[105.41559,21.68006],[105.41469,21.67928],[105.40956,21.67718],[105.40776,21.6772],[105.40706,21.67675],[105.40531,21.67656],[105.40314,21.6744],[105.39968,21.67383],[105.39919,21.67304],[105.39767,21.67254],[105.39702,21.67165],[105.39667,21.67021],[105.39352,21.6691],[105.39209,21.66739],[105.39133,21.66706],[105.39085,21.6655],[105.39042,21.66517],[105.38946,21.66492],[105.38783,21.6656],[105.38538,21.66534],[105.38379,21.66382],[105.38295,21.66228],[105.38326,21.66077],[105.38476,21.65931],[105.38638,21.65866],[105.38741,21.65777],[105.38806,21.65772],[105.39044,21.65854],[105.39307,21.66035],[105.39414,21.66026],[105.39581,21.65889],[105.39834,21.65784],[105.3993,21.65533],[105.39985,21.65467],[105.40105,21.65383],[105.402,21.65411],[105.40326,21.65391],[105.4046,21.65232],[105.40451,21.65053],[105.40503,21.64935],[105.40618,21.64786],[105.40795,21.64663],[105.40831,21.64605],[105.40894,21.64005],[105.41214,21.63655],[105.41095,21.63415],[105.40935,21.63208],[105.40844,21.62988],[105.40788,21.63096],[105.40803,21.63156],[105.40841,21.63172],[105.4081,21.6326],[105.40853,21.63273],[105.40796,21.63408],[105.40684,21.63437],[105.40631,21.63393],[105.40497,21.63385],[105.40443,21.63346],[105.40448,21.63091],[105.4042,21.63062],[105.40277,21.63095],[105.40087,21.63015],[105.39896,21.6311],[105.39861,21.6307],[105.39871,21.62884],[105.39831,21.62805],[105.39632,21.62785],[105.39548,21.62814],[105.39298,21.62809],[105.39233,21.62688],[105.39114,21.62623],[105.38893,21.62619],[105.38728,21.62711],[105.38678,21.62794],[105.3846,21.62866],[105.38145,21.62816],[105.38012,21.62736],[105.37927,21.62734],[105.37904,21.62787],[105.37702,21.62752],[105.3754,21.62781],[105.3745,21.62893],[105.37288,21.62974],[105.37234,21.63058],[105.37135,21.63114],[105.37081,21.63313],[105.36818,21.6327],[105.36555,21.63158],[105.36234,21.63391],[105.36124,21.6337],[105.35921,21.63418],[105.35677,21.63342],[105.35649,21.63581],[105.35486,21.63572],[105.35303,21.63721],[105.3529,21.63774],[105.35193,21.63776],[105.34988,21.63954],[105.3494,21.63954],[105.34888,21.64084],[105.34802,21.64179],[105.3478,21.64295],[105.34587,21.64402],[105.34551,21.64512],[105.34482,21.64596],[105.34329,21.64629],[105.34246,21.64749],[105.34119,21.64815],[105.34042,21.64915],[105.33944,21.64978],[105.33755,21.65201],[105.33644,21.65284],[105.33572,21.65395],[105.33235,21.65596],[105.3321,21.65677],[105.32998,21.6592],[105.32862,21.66003],[105.32777,21.66638],[105.32968,21.66816],[105.32848,21.66938],[105.32797,21.67044],[105.3307,21.67145],[105.33194,21.67126],[105.33422,21.67282],[105.33575,21.67289],[105.33626,21.67325],[105.33678,21.67266],[105.34012,21.67304],[105.34058,21.67318],[105.34174,21.67505],[105.34316,21.67501],[105.3438,21.67571],[105.34588,21.67549],[105.34502,21.67592],[105.34522,21.67738],[105.3444,21.67983],[105.3447,21.68162],[105.34433,21.68254],[105.34264,21.68432],[105.34165,21.68488],[105.34233,21.68662],[105.34328,21.68645],[105.34455,21.68683],[105.34418,21.68862],[105.34462,21.68926],[105.3441,21.68943],[105.3439,21.68995],[105.34305,21.69024],[105.34083,21.69287],[105.34064,21.69544],[105.34093,21.69584],[105.34201,21.69576],[105.34171,21.69637],[105.34189,21.69709],[105.34162,21.69925],[105.34046,21.69886],[105.33996,21.69902],[105.33847,21.69824],[105.33773,21.69691],[105.33685,21.69658],[105.33472,21.69686],[105.33436,21.69735],[105.33297,21.69795],[105.33157,21.69782],[105.32978,21.6992],[105.32603,21.69873],[105.32524,21.69888],[105.32488,21.69916],[105.32552,21.70066],[105.32516,21.7032],[105.32274,21.70462],[105.32192,21.70633],[105.32198,21.70777],[105.32245,21.70803],[105.32359,21.70747],[105.32456,21.70771],[105.32586,21.70931],[105.32609,21.71065],[105.32575,21.71185],[105.32599,21.71277],[105.32681,21.71408],[105.3286,21.71558],[105.32852,21.71647],[105.32986,21.71794],[105.33011,21.71933],[105.33288,21.72002],[105.33383,21.71989],[105.33518,21.71932],[105.33576,21.71868],[105.33567,21.71828],[105.33624,21.71839],[105.33611,21.7178],[105.33656,21.71775],[105.33709,21.71851],[105.33776,21.71822],[105.33881,21.719],[105.33915,21.71876],[105.34052,21.71891],[105.34072,21.71948],[105.34148,21.71926],[105.34212,21.71975],[105.34252,21.72062],[105.34403,21.72133],[105.34412,21.72172],[105.3446,21.72166],[105.34455,21.72244],[105.34539,21.72283],[105.34464,21.7235],[105.34416,21.72325],[105.34359,21.72475],[105.34304,21.72497],[105.34344,21.72513],[105.34343,21.72567],[105.34268,21.72587],[105.34281,21.72648],[105.34451,21.72757],[105.34563,21.72777],[105.35036,21.72724],[105.35047,21.72772],[105.34994,21.72908],[105.35022,21.73057],[105.35263,21.73015],[105.3531,21.72903],[105.35392,21.7287],[105.35398,21.72814],[105.35694,21.72928],[105.35723,21.73051],[105.35875,21.73261],[105.36022,21.73257],[105.36184,21.73193],[105.36292,21.73236],[105.36499,21.73397],[105.36529,21.73392],[105.3655,21.73322],[105.36669,21.73316],[105.36767999999999,21.73253],[105.36876,21.73075],[105.37025,21.73053],[105.37138,21.73074],[105.37177,21.73138],[105.3714,21.73304],[105.37218,21.73503],[105.37307,21.73598],[105.37353,21.73763],[105.37488,21.7398],[105.37485,21.74125],[105.37733,21.74665],[105.3787,21.74811],[105.37891,21.74901],[105.38023,21.75018],[105.38018,21.75187],[105.3815,21.75216],[105.38258,21.75198],[105.3831,21.7516],[105.38372,21.75021],[105.38564,21.74973]]]]}},
{"type":"Feature","id":"02545","properties":{"Ward_Code":"02545","Ward_Code_Num":2545,"Ward":"Tân Trào","Ward_Alt":"Tân Trào","Ward_Upper":"TÂN TRÀO","Ward_Full":"Xã Tân Trào","Ward_Full_Alt":"Xã Tân Trào","Ward_Full_Upper_Alt":"XÃ TÂN TRÀO","Ward_Type":"Xã","Province_Code":"08","Province":"Tuyên Quang","Province_Upper_Alt":"TUYÊN QUANG"},"geometry":{"type":"MultiPolygon","coordinates":[[[[105.453,21.88747],[105.45325,21.88629],[105.45414,21.88526],[105.45398,21.88129],[105.45361,21.88058],[105.45497,21.88082],[105.45661,21.88045],[105.45951,21.88194],[105.46275,21.88145],[105.46281,21.87932],[105.46453,21.87695],[105.46457,21.87615],[105.46388,21.87395],[105.4645,21.8722],[105.46257,21.86969],[105.46127,21.86867],[105.46119,21.86814],[105.46241,21.8645],[105.46351,21.8636],[105.46368,21.86132],[105.46546,21.86085],[105.46576,21.85943],[105.46879,21.8597],[105.46926,21.86031],[105.47025,21.86054],[105.47185,21.86014],[105.47492,21.86007],[105.4739,21.85817],[105.47531,21.85697],[105.47567,21.85519],[105.47673,21.85422],[105.47579,21.85188],[105.47481,21.85144],[105.47485,21.85032],[105.47574,21.84899],[105.47639,21.84862],[105.47656,21.84746],[105.47741,21.84605],[105.47814,21.84562],[105.48045,21.8458],[105.48135,21.84339],[105.48275,21.84333],[105.48522,21.84139],[105.48633,21.84124],[105.4886,21.84214],[105.49282,21.84118],[105.49493,21.83926],[105.49534,21.83614],[105.49749,21.83263],[105.49552,21.83174],[105.49436,21.82871],[105.49343,21.82807],[105.49394,21.82224],[105.49454,21.82144],[105.49469,21.81853],[105.49511,21.81759],[105.49454,21.81526],[105.49485,21.81381],[105.49448,21.81287],[105.49421,21.80759],[105.49286,21.80458],[105.49407,21.80252],[105.49461,21.80076],[105.49561,21.79974],[105.49486,21.79715],[105.49691,21.79568],[105.4975,21.79291],[105.49724,21.79102],[105.49626,21.78892],[105.4962,21.78602],[105.49557,21.78352],[105.49419,21.7821],[105.49246,21.77922],[105.49257,21.77845],[105.49373,21.77654],[105.49362,21.77538],[105.49543,21.7735],[105.49769,21.77249],[105.49962,21.77083],[105.5007,21.7706],[105.50532,21.77118],[105.50801,21.77257],[105.51074,21.7734],[105.51389,21.77334],[105.51557,21.77414],[105.51664,21.77425],[105.51718,21.77308],[105.5188,21.77254],[105.52001,21.77146],[105.52228,21.77091],[105.52355,21.76969],[105.52514,21.76898],[105.52576,21.7679],[105.5248,21.76475],[105.52294,21.76326],[105.52236,21.76209],[105.52094,21.76081],[105.52033,21.75983],[105.5201,21.7587],[105.51893,21.75771],[105.518,21.75555],[105.51397,21.7548],[105.51139,21.75263],[105.5108,21.75133],[105.50899,21.7503],[105.50441,21.75274],[105.50346,21.75379],[105.50232,21.75429],[105.50167,21.75404],[105.49917,21.75095],[105.49848,21.75066],[105.49666,21.75076],[105.4954,21.74994],[105.49415,21.74958],[105.49238,21.7482],[105.48563,21.75112],[105.48366,21.75157],[105.48255,21.75129],[105.48004,21.75361],[105.4779,21.75459],[105.47681,21.75567],[105.47643,21.75636],[105.47664,21.75778],[105.47281,21.75871],[105.4717,21.75969],[105.46981,21.76261],[105.46823,21.76227],[105.46723,21.76254],[105.46646,21.76324],[105.46644,21.76608],[105.46322,21.76765],[105.46214,21.76881],[105.46114,21.76778],[105.4572,21.7671],[105.45584,21.76766],[105.45213,21.76732],[105.44777,21.76839],[105.44739,21.76784],[105.44641,21.76736],[105.44296,21.76664],[105.44499,21.76324],[105.44656,21.76206],[105.44804,21.7616],[105.44893,21.76077],[105.44967,21.75903],[105.4495,21.75858],[105.44765,21.75785],[105.44237,21.75714],[105.44029,21.75638],[105.43954,21.75688],[105.43926,21.76051],[105.43686,21.76118],[105.43359,21.75974],[105.43325,21.75868],[105.43376,21.7563],[105.43135,21.75484],[105.43066,21.75581],[105.43259,21.75716],[105.43266,21.75833],[105.43218,21.75885],[105.43138,21.75937],[105.42849,21.75937],[105.42854,21.76105],[105.4279,21.76292],[105.42487,21.7624],[105.42317,21.7629],[105.42182,21.7641],[105.42088,21.76399],[105.42116,21.7651],[105.41908,21.76622],[105.4187,21.76667],[105.41874,21.76745],[105.41757,21.76772],[105.41629,21.76897],[105.41652,21.77064],[105.41466,21.77216],[105.41478,21.77361],[105.41637,21.7742],[105.41727,21.7757],[105.41805,21.77604],[105.41882,21.776],[105.42045,21.77454],[105.42115,21.7744],[105.42268,21.77445],[105.42417,21.77527],[105.42469,21.77567],[105.42426,21.77658],[105.42433,21.77826],[105.4248,21.77831],[105.42665,21.78022],[105.42796,21.77966],[105.42902,21.77982],[105.42962,21.78006],[105.43063,21.78136],[105.43035,21.78222],[105.42939,21.78273],[105.42905,21.78426],[105.4297,21.78495],[105.43106,21.78476],[105.43122,21.78548],[105.43056,21.7864],[105.43102,21.7874],[105.42916,21.78893],[105.42576,21.78963],[105.42548,21.7914],[105.42584,21.79193],[105.43058,21.79404],[105.43181,21.79545],[105.43225,21.79685],[105.43079,21.79953],[105.43001,21.8001],[105.42962,21.80365],[105.42918,21.80358],[105.4286,21.80404],[105.42686,21.8056],[105.42657,21.80636],[105.42623,21.80642],[105.42596,21.80576],[105.42153,21.80672],[105.41887,21.8091],[105.41975,21.81041],[105.42092,21.81093],[105.42126,21.81237],[105.42273,21.81422],[105.42114,21.815],[105.42041999999999,21.81644],[105.41973,21.81678],[105.41747,21.81665],[105.41659,21.81631],[105.41554,21.81536],[105.41331,21.81584],[105.41573,21.81988],[105.41628,21.82153],[105.4174,21.82299],[105.41859,21.82384],[105.41676,21.82616],[105.41686,21.82798],[105.41496,21.82898],[105.41337,21.83048],[105.41285,21.83199],[105.41443,21.83317],[105.41608,21.83529],[105.4154,21.83656],[105.41554,21.83799],[105.41503,21.83892],[105.41422,21.83953],[105.41095,21.83982],[105.41034,21.8408],[105.41045,21.84189],[105.40883,21.8423],[105.40686,21.8442],[105.40638,21.84638],[105.40792,21.84792],[105.40923,21.85021],[105.40847,21.85278],[105.40636,21.85333],[105.40333,21.85527],[105.40235,21.85681],[105.40049,21.8586],[105.39944,21.85883],[105.39746,21.85805],[105.39588,21.86009],[105.39616,21.86192],[105.39725,21.86432],[105.39932,21.86446],[105.40136,21.86516],[105.40317,21.86497],[105.40499,21.86631],[105.40663,21.86647],[105.40889,21.86518],[105.41002,21.86398],[105.41123,21.8633],[105.41285,21.86339],[105.41354,21.86417],[105.4185,21.86561],[105.42146,21.86286],[105.42182,21.8622],[105.42282,21.86203],[105.4231,21.86155],[105.42408,21.86104],[105.42468,21.86109],[105.42742,21.86248],[105.4278,21.86424],[105.42824,21.86488],[105.4303,21.86692],[105.43231,21.86806],[105.43208,21.86985],[105.43275,21.87075],[105.4361,21.87061],[105.43723,21.871],[105.43822,21.87361],[105.43839,21.87488],[105.43914,21.8752],[105.43967,21.87612],[105.44136,21.87708],[105.4435,21.87738],[105.44421,21.87876],[105.44566,21.88011],[105.44588,21.88074],[105.44706,21.88152],[105.44766,21.88411],[105.44823,21.88465],[105.44905,21.8868],[105.45025,21.88739],[105.453,21.88747]]]]}},
{"type":"Feature","id":"02548","properties":{"Ward_Code":"02548","Ward_Code_Num":2548,"Ward":"Bình Ca","Ward_Alt":"Bình Ca","Ward_Upper":"BÌNH CA","Ward_Full":"Xã Bình Ca","Ward_Full_Alt":"Xã Bình Ca","Ward_Full_Upper_Alt":"XÃ BÌNH CA","Ward_Type":"Xã","Province_Code":"08","Province":"Tuyên Quang","Province_Upper_Alt":"TUYÊN QUANG"},"geometry":{"type":"MultiPolygon","coordinates":[[[[105.29241,21.77091],[105.29294,21.76934],[105.29818,21.76654],[105.29742,21.76572],[105.29745,21.76522],[105.29854,21.76554],[105.29923,21.76485],[105.30001,21.76521],[105.30128,21.76489],[105.30223,21.76389],[105.30382,21.76448],[105.30425,21.76331],[105.30627,21.76445],[105.30709,21.76576],[105.30742,21.76544],[105.30754,21.76572],[105.30794,21.76542],[105.31031,21.7656],[105.31405,21.76305],[105.31528,21.7633],[105.31623,21.76313],[105.31768,21.762],[105.31911,21.76152],[105.32004,21.76164],[105.32155,21.76102],[105.32372,21.76182],[105.32547,21.76341],[105.32614,21.76367],[105.3269,21.76322],[105.32685,21.76223],[105.32738,21.76148],[105.32888,21.76123],[105.33084,21.76147],[105.33273,21.76104],[105.33266,21.76014],[105.33344,21.75833],[105.33303,21.75598],[105.334,21.75551],[105.33715,21.75545],[105.33898,21.75495],[105.3387,21.7537],[105.33952,21.75272],[105.339,21.75192],[105.33946,21.75073],[105.341,21.7501],[105.34164,21.74922],[105.34161,21.74661],[105.34198,21.7458],[105.34329,21.74522],[105.34445,21.74556],[105.34532,21.74544],[105.34603,21.74607],[105.34822,21.74469],[105.34901,21.74298],[105.34578,21.74028],[105.34677,21.73916],[105.34703,21.73763],[105.34743,21.73701],[105.34899,21.73719],[105.3508,21.7356],[105.34915,21.73225],[105.34959,21.73113],[105.35022,21.73057],[105.34994,21.72908],[105.35045,21.72734],[105.34498,21.7277],[105.34281,21.72648],[105.34268,21.72587],[105.34343,21.72567],[105.34344,21.72513],[105.34304,21.72497],[105.34359,21.72475],[105.34416,21.72325],[105.34464,21.7235],[105.34539,21.72283],[105.34455,21.72244],[105.3446,21.72166],[105.34412,21.72172],[105.34403,21.72133],[105.34252,21.72062],[105.34212,21.71975],[105.34148,21.71926],[105.34072,21.71948],[105.34052,21.71891],[105.33915,21.71876],[105.33881,21.719],[105.33776,21.71822],[105.33709,21.71851],[105.33656,21.71775],[105.33611,21.7178],[105.33624,21.71839],[105.33567,21.71828],[105.33576,21.71868],[105.33518,21.71932],[105.33383,21.71989],[105.33288,21.72002],[105.33011,21.71933],[105.32986,21.71794],[105.32852,21.71647],[105.3286,21.71558],[105.32681,21.71408],[105.32599,21.71277],[105.32575,21.71185],[105.32609,21.71065],[105.32586,21.70931],[105.32456,21.70771],[105.32359,21.70747],[105.32245,21.70803],[105.32198,21.70777],[105.32192,21.70633],[105.32266,21.70474],[105.32516,21.7032],[105.32552,21.70092],[105.32445,21.69793],[105.32217,21.69595],[105.32207,21.69409],[105.3204,21.69398],[105.31891,21.69341],[105.31765,21.69357],[105.31624,21.69454],[105.31584,21.69549],[105.31458,21.6952],[105.31432,21.69575],[105.31366,21.69609],[105.3119,21.69476],[105.30984,21.69491],[105.30879,21.69374],[105.30779,21.6935],[105.30745,21.69109],[105.30646,21.691],[105.30491,21.68912],[105.30368,21.68987],[105.30252,21.68994],[105.30188,21.6886],[105.30046,21.6879],[105.29974,21.68658],[105.29854,21.68538],[105.29668,21.68541],[105.29471,21.68344],[105.29477,21.68237],[105.29294,21.68201],[105.29156,21.68227],[105.2888,21.68069],[105.28753,21.68056],[105.28668,21.68093],[105.2859,21.67993],[105.28452,21.6802],[105.28222,21.67886],[105.27771,21.67884],[105.27525,21.6797],[105.27531,21.67829],[105.27499,21.67772],[105.27382,21.67789],[105.27196,21.67678],[105.27129,21.67675],[105.27008,21.67725],[105.26829,21.67939],[105.26626,21.67928],[105.26539,21.67952],[105.26323,21.68182],[105.26105,21.68256],[105.26076,21.68363],[105.2597,21.68472],[105.25954,21.68538],[105.25839,21.68467],[105.25802,21.68304],[105.25727,21.68244],[105.25518,21.68343],[105.25447,21.68539],[105.25235,21.68555],[105.25188,21.68836],[105.24942,21.69438],[105.24943,21.69567],[105.25039,21.69866],[105.25283,21.70317],[105.25537,21.70611],[105.25785,21.70806],[105.26052,21.70945],[105.26432,21.71076],[105.26667,21.7112],[105.26887,21.71344],[105.27012,21.71587],[105.27178,21.72064],[105.27282,21.72567],[105.27294,21.72893],[105.27231,21.73337],[105.27044,21.7387],[105.26816,21.74218],[105.2645,21.74609],[105.26286,21.75001],[105.26166,21.75561],[105.26102,21.75718],[105.25704,21.76156],[105.25601,21.76758],[105.25742,21.76994],[105.26076,21.77233],[105.26304,21.77286],[105.26642,21.77303],[105.27352,21.77237],[105.27433,21.77278],[105.2753,21.77416],[105.2772,21.77493],[105.28228,21.7748],[105.29029,21.77089],[105.29142,21.77062],[105.29241,21.77091]]]]}},
{"type":"Feature","id":"02554","properties":{"Ward_Code":"02554","Ward_Code_Num":2554,"Ward":"Minh Thanh","Ward_Alt":"Minh Thanh","Ward_Upper":"MINH THANH","Ward_Full":"Xã Minh Thanh","Ward_Full_Alt":"Xã Minh Thanh","Ward_Full_Upper_Alt":"XÃ MINH THANH","Ward_Type":"Xã","Province_Code":"08","Province":"Tuyên Quang","Province_Upper_Alt":"TUYÊN QUANG"},"geometry":{"type":"MultiPolygon","coordinates":[[[[105.41993,21.81669],[105.42041999999999,21.81644],[105.42114,21.815],[105.42273,21.81422],[105.42126,21.81237],[105.42092,21.81093],[105.41975,21.81041],[105.41887,21.8091],[105.42153,21.80672],[105.42596,21.80576],[105.42623,21.80642],[105.42657,21.80636],[105.42686,21.8056],[105.4286,21.80404],[105.42918,21.80358],[105.42962,21.80365],[105.43001,21.8001],[105.43079,21.79953],[105.43214,21.79728],[105.43214,21.79612],[105.43071,21.79415],[105.42864,21.79331],[105.42698,21.79222],[105.42584,21.79193],[105.42548,21.7914],[105.42576,21.78963],[105.42916,21.78893],[105.43102,21.7874],[105.43056,21.7864],[105.43122,21.7854],[105.431,21.78467],[105.4297,21.78495],[105.42905,21.78426],[105.42939,21.78273],[105.43035,21.78222],[105.43063,21.78136],[105.42962,21.78006],[105.42902,21.77982],[105.42796,21.77966],[105.42665,21.78022],[105.4248,21.77831],[105.42433,21.77826],[105.42426,21.77658],[105.42469,21.77567],[105.42444,21.77547],[105.42268,21.77445],[105.42115,21.7744],[105.42045,21.77454],[105.41882,21.776],[105.41805,21.77604],[105.41727,21.7757],[105.41637,21.7742],[105.41478,21.77361],[105.41461,21.7723],[105.41652,21.77064],[105.41629,21.76897],[105.41757,21.76772],[105.41874,21.76745],[105.4187,21.76667],[105.41908,21.76622],[105.42116,21.7651],[105.42088,21.76399],[105.42182,21.7641],[105.42317,21.7629],[105.42487,21.7624],[105.4279,21.76292],[105.42854,21.76105],[105.42849,21.75937],[105.43138,21.75937],[105.43218,21.75885],[105.43266,21.75833],[105.43259,21.75716],[105.43066,21.75581],[105.43135,21.75484],[105.43376,21.7563],[105.43325,21.75868],[105.43359,21.75974],[105.43686,21.76118],[105.43926,21.76051],[105.43954,21.75688],[105.44029,21.75638],[105.44237,21.75714],[105.44765,21.75785],[105.4495,21.75858],[105.44967,21.75903],[105.44893,21.76077],[105.44804,21.7616],[105.44656,21.76206],[105.44499,21.76324],[105.44296,21.76664],[105.44641,21.76736],[105.44739,21.76784],[105.44777,21.76839],[105.45213,21.76732],[105.45584,21.76766],[105.4572,21.7671],[105.46114,21.76778],[105.46214,21.76881],[105.46322,21.76765],[105.46644,21.76608],[105.46646,21.76324],[105.46723,21.76254],[105.46823,21.76227],[105.46981,21.76261],[105.4717,21.75969],[105.47281,21.75871],[105.47664,21.75778],[105.47643,21.75636],[105.47681,21.75567],[105.4779,21.75459],[105.48004,21.75361],[105.48255,21.75129],[105.48366,21.75157],[105.48563,21.75112],[105.49238,21.7482],[105.49415,21.74958],[105.4954,21.74994],[105.49666,21.75076],[105.49848,21.75066],[105.49917,21.75095],[105.50186,21.75424],[105.50314,21.75399],[105.50441,21.75274],[105.50877,21.75055],[105.50908,21.74924],[105.5106,21.74645],[105.5107,21.74531],[105.51188,21.74308],[105.51462,21.74138],[105.51624,21.73952],[105.51588,21.7361],[105.51503,21.73503],[105.51393,21.73461],[105.51228,21.73299],[105.51047,21.73221],[105.50807,21.73047],[105.50365,21.72934],[105.50276,21.72751],[105.50301,21.72639],[105.50048,21.72481],[105.49928,21.72313],[105.49972,21.7222],[105.49966,21.72107],[105.50001,21.71994],[105.5007,21.71862],[105.50044,21.71759],[105.49902,21.71733],[105.49819,21.71682],[105.49603,21.7173],[105.49397,21.71604],[105.49335,21.71499],[105.4934,21.71404],[105.49264,21.71321],[105.49284,21.71148],[105.49219,21.71056],[105.49154,21.70858],[105.4905,21.70722],[105.49106,21.70576],[105.49017,21.70366],[105.48879,21.7055],[105.48731,21.70597],[105.48599,21.70709],[105.48492,21.70721],[105.48427,21.70842],[105.48239,21.70968],[105.47803,21.70987],[105.4732,21.71258],[105.47166,21.7126],[105.46909,21.71178],[105.46934,21.7111],[105.46812,21.71045],[105.46749,21.71093],[105.46512,21.71014],[105.46213,21.70972],[105.45673,21.71099],[105.45278,21.71117],[105.44841,21.71234],[105.44464,21.71118],[105.44213,21.7128],[105.43913,21.71316],[105.43792,21.71417],[105.43513,21.71323],[105.4332,21.71391],[105.43258,21.7143],[105.43217,21.71563],[105.43008,21.71719],[105.43019,21.71916],[105.42943,21.71976],[105.42485,21.7223],[105.42185,21.72145],[105.42146,21.72217],[105.42063,21.72259],[105.41536,21.72308],[105.41563,21.72504],[105.4148,21.72647],[105.4147,21.72725],[105.41362,21.72722],[105.41341,21.72654],[105.41244,21.72636],[105.41268,21.72853],[105.41409,21.73089],[105.41406,21.73179],[105.41227,21.7339],[105.41092,21.73374],[105.41037,21.73429],[105.41192,21.73758],[105.41526,21.74018],[105.41729,21.74134],[105.41605,21.74292],[105.41646,21.74426],[105.41526,21.74531],[105.41322,21.74616],[105.41255,21.7455],[105.41078,21.74529],[105.40913,21.74605],[105.40718,21.74809],[105.4053,21.74809],[105.40433,21.74869],[105.4019,21.74763],[105.40109,21.74794],[105.39914,21.74736],[105.3955,21.7489],[105.39516,21.74867],[105.39247,21.74937],[105.39084,21.74999],[105.39016,21.75076],[105.38859,21.7511],[105.38752,21.75105],[105.38593,21.74975],[105.38413,21.74999],[105.38355,21.7504],[105.38295,21.75183],[105.3815,21.75216],[105.38011,21.75189],[105.37878,21.75261],[105.37702,21.75447],[105.37696,21.75667],[105.37644,21.75812],[105.37505,21.75893],[105.37406,21.76065],[105.37296,21.7611],[105.37221,21.76257],[105.37266,21.76375],[105.37368,21.76433],[105.37406,21.76503],[105.37405,21.76599],[105.37363,21.76646],[105.37416,21.76827],[105.37395,21.77094],[105.37619,21.77265],[105.3766,21.7745],[105.37644,21.77708],[105.37526,21.779419999999998],[105.37571,21.78364],[105.37542,21.78647],[105.37788,21.78768],[105.37795,21.79056],[105.37985,21.79301],[105.38048,21.79439],[105.3811,21.79508],[105.38222,21.7949],[105.38355,21.79513],[105.38554,21.79633],[105.39021,21.79504],[105.39301,21.79563],[105.39526,21.79736],[105.39481,21.79966],[105.3959,21.80121],[105.39586,21.80338],[105.39802,21.80529],[105.39784,21.80637],[105.3983,21.8074],[105.40105,21.81038],[105.40447,21.81202],[105.40648,21.81017],[105.40665,21.80967],[105.4088,21.80952],[105.40886,21.81009],[105.40991,21.81081],[105.41065,21.81204],[105.41137,21.81256],[105.41329,21.81583],[105.41554,21.81536],[105.41659,21.81631],[105.41777,21.81675],[105.41993,21.81669]]]]}},
{"type":"Feature","id":"02572","properties":{"Ward_Code":"02572","Ward_Code_Num":2572,"Ward":"Đông Thọ","Ward_Alt":"Đông Thọ","Ward_Upper":"ĐÔNG THỌ","Ward_Full":"Xã Đông Thọ","Ward_Full_Alt":"Xã Đông Thọ","Ward_Full_Upper_Alt":"XÃ ĐÔNG THỌ","Ward_Type":"Xã","Province_Code":"08","Province":"Tuyên Quang","Province_Upper_Alt":"TUYÊN QUANG"},"geometry":{"type":"MultiPolygon","coordinates":[[[[105.34155,21.69894],[105.34189,21.69709],[105.34173,21.69621],[105.34201,21.69576],[105.34093,21.69584],[105.34064,21.69544],[105.34092,21.69258],[105.34171,21.69213],[105.34305,21.69024],[105.3439,21.68995],[105.3441,21.68943],[105.34462,21.68926],[105.34418,21.68862],[105.34455,21.68683],[105.34328,21.68645],[105.34233,21.68662],[105.34165,21.68488],[105.34264,21.68432],[105.34433,21.68254],[105.3447,21.68162],[105.3444,21.67983],[105.34522,21.67738],[105.34502,21.67592],[105.34588,21.67549],[105.3438,21.67571],[105.34316,21.67501],[105.34174,21.67505],[105.34058,21.67318],[105.34012,21.67304],[105.33678,21.67266],[105.33626,21.67325],[105.33575,21.67289],[105.33422,21.67282],[105.33194,21.67126],[105.3307,21.67145],[105.328,21.67051],[105.32848,21.66938],[105.32968,21.66816],[105.32777,21.66638],[105.32862,21.66003],[105.32998,21.6592],[105.3321,21.65677],[105.33202,21.65558],[105.33138,21.65456],[105.33128,21.65366],[105.3305,21.6531],[105.33096,21.65165],[105.33074,21.65042],[105.33099,21.64956],[105.32972,21.64862],[105.32953,21.64784],[105.32935,21.64836],[105.3281,21.64919],[105.32711,21.64862],[105.32564,21.64848],[105.32354,21.64885],[105.32115,21.64998],[105.32046,21.64788],[105.31972,21.64722],[105.31922,21.64605],[105.31945,21.64229],[105.32093,21.64057],[105.32366,21.63926],[105.32511,21.63748],[105.32704,21.63664],[105.32756,21.63383],[105.32842,21.63341],[105.32887,21.63253],[105.33116,21.6305],[105.33362,21.62955],[105.33406,21.62811],[105.3326,21.62741],[105.33022,21.62696],[105.3286,21.62861],[105.3266,21.62604],[105.32475,21.62243],[105.32498,21.62074],[105.32473,21.62016],[105.32399,21.61957],[105.32238,21.61929],[105.32092,21.6172],[105.31955,21.61615],[105.31768,21.61863],[105.31403,21.62042],[105.30986,21.62057],[105.30805,21.62157],[105.30634,21.62096],[105.30462,21.62111],[105.30185,21.62221],[105.29851,21.62248],[105.29641,21.62348],[105.29493,21.62249],[105.29284,21.62217],[105.29067,21.62228],[105.28917,21.62127],[105.28848,21.62],[105.28741,21.61956],[105.28627,21.61811],[105.28412,21.61624],[105.28356,21.61534],[105.28341,21.61411],[105.28305,21.61382],[105.28165,21.61414],[105.28079,21.61285],[105.2792,21.61408],[105.27765,21.61463],[105.27401,21.61347],[105.273,21.61348],[105.27314,21.61291],[105.27458,21.61227],[105.27478,21.61174],[105.27441,21.611],[105.27329,21.61097],[105.27326,21.61061],[105.27371,21.61034],[105.27306,21.6103],[105.27292,21.60966],[105.2725,21.60983],[105.27232,21.61039],[105.27186,21.61023],[105.27206,21.60968],[105.27159,21.60885],[105.27164,21.60802],[105.27009,21.60806],[105.26992,21.60732],[105.2714,21.60702],[105.27176,21.60666],[105.27227,21.60672],[105.27226,21.60732],[105.2728,21.60742],[105.27289,21.60711],[105.27246,21.60559],[105.272,21.60513],[105.27221,21.60439],[105.27084,21.60405],[105.27136,21.6029],[105.2705,21.60269],[105.27053,21.60238],[105.26964,21.60179],[105.26984,21.60351],[105.2681,21.6035],[105.26779,21.6048],[105.26684,21.60507],[105.26696,21.6054],[105.26641,21.60523],[105.26566,21.60628],[105.26479,21.60658],[105.26525,21.6079],[105.26505,21.61004],[105.26535,21.61133],[105.26454,21.61192],[105.2648,21.61256],[105.26599,21.6134],[105.26659,21.61457],[105.26455,21.61636],[105.26577,21.61734],[105.26682,21.61887],[105.26653,21.61951],[105.26482,21.6207],[105.26612,21.62172],[105.26568,21.62358],[105.26456,21.62431],[105.26575,21.62541],[105.26429,21.62744],[105.26328,21.62651],[105.26195,21.62444],[105.25916,21.62427],[105.25782,21.62383],[105.25765,21.62226],[105.25582,21.62129],[105.25566,21.62038],[105.25495,21.61924],[105.25412,21.61883],[105.25434,21.61614],[105.25345,21.61621],[105.25304,21.61572],[105.24707,21.61597],[105.24559,21.61649],[105.24384,21.61614],[105.24159,21.61707],[105.24044,21.61694],[105.23826,21.61734],[105.23456,21.61844],[105.23289,21.61752],[105.23175,21.61967],[105.23103,21.62038],[105.23074,21.62142],[105.22803,21.62353],[105.22801,21.62479],[105.22745,21.62499],[105.22622,21.62804],[105.22522,21.62864],[105.22525,21.62825],[105.22496,21.62837],[105.22442,21.63099],[105.22752,21.63289],[105.23223,21.63698],[105.23648,21.64202],[105.23788,21.64478],[105.23805,21.6486],[105.23765,21.65312],[105.23579,21.65756],[105.23473,21.66212],[105.23464,21.66531],[105.23496,21.66738],[105.23633,21.66991],[105.23755,21.67086],[105.23946,21.67174],[105.24539,21.67335],[105.24779,21.67476],[105.24948,21.67634],[105.25217,21.68029],[105.25251,21.6822],[105.25235,21.68555],[105.25447,21.68539],[105.25518,21.68343],[105.25727,21.68244],[105.25802,21.68304],[105.25839,21.68467],[105.25954,21.68538],[105.2597,21.68472],[105.26076,21.68363],[105.26105,21.68256],[105.26323,21.68182],[105.26499,21.67976],[105.26626,21.67928],[105.26821,21.67943],[105.27008,21.67725],[105.27174,21.67673],[105.27382,21.67789],[105.27499,21.67772],[105.27531,21.67829],[105.27525,21.6797],[105.27771,21.67884],[105.28222,21.67886],[105.28452,21.6802],[105.2859,21.67993],[105.28668,21.68093],[105.28753,21.68056],[105.2888,21.68069],[105.29156,21.68227],[105.29294,21.68201],[105.29477,21.68237],[105.29471,21.68344],[105.29668,21.68541],[105.29854,21.68538],[105.29974,21.68658],[105.30046,21.6879],[105.30188,21.6886],[105.30252,21.68994],[105.30368,21.68987],[105.3047,21.68914],[105.30513,21.68921],[105.30646,21.691],[105.30745,21.69109],[105.30779,21.6935],[105.30879,21.69374],[105.30984,21.69491],[105.3119,21.69476],[105.31351,21.69609],[105.31432,21.69575],[105.31458,21.6952],[105.31584,21.69549],[105.31599,21.69484],[105.31726,21.69373],[105.31891,21.69341],[105.3204,21.69398],[105.32207,21.69409],[105.32217,21.69595],[105.32445,21.69793],[105.32488,21.69916],[105.32603,21.69873],[105.32978,21.6992],[105.33157,21.69782],[105.33297,21.69795],[105.33436,21.69735],[105.33472,21.69686],[105.33685,21.69658],[105.33773,21.69691],[105.33835,21.69815],[105.33996,21.69902],[105.34046,21.69886],[105.34162,21.69925],[105.34155,21.69894]]]]}},
{"type":"Feature","id":"02578","properties":{"Ward_Code":"02578","Ward_Code_Num":2578,"Ward":"Tân Thanh","Ward_Alt":"Tân Thanh","Ward_Upper":"TÂN THANH","Ward_Full":"Xã Tân Thanh","Ward_Full_Alt":"Xã Tân Thanh","Ward_Full_Upper_Alt":"XÃ TÂN THANH","Ward_Type":"Xã","Province_Code":"08","Province":"Tuyên Quang","Province_Upper_Alt":"TUYÊN QUANG"},"geometry":{"type":"MultiPolygon","coordinates":[[[[105.45378,21.68456],[105.45442,21.68345],[105.45402,21.68223],[105.4547,21.6815],[105.45473,21.68057],[105.4552,21.68007],[105.45602,21.6799],[105.45761,21.68059],[105.45935,21.67791],[105.45928,21.67628],[105.46167,21.67601],[105.46325,21.67448],[105.4656,21.67318],[105.46648,21.67126],[105.46542,21.66956],[105.46675,21.66768],[105.46938,21.66623],[105.46925,21.6649],[105.47005,21.66197],[105.46979,21.66054],[105.47079,21.65844],[105.47124,21.65461],[105.47045,21.65394],[105.46999,21.65113],[105.46838,21.64914],[105.46902,21.64755],[105.47058,21.64571],[105.47163,21.64489],[105.47482,21.64451],[105.47821,21.64586],[105.47901,21.64376],[105.47984,21.64294],[105.48003,21.6419],[105.48167,21.64049],[105.48227,21.63854],[105.48335,21.63816],[105.48475,21.63597],[105.48608,21.63484],[105.49003,21.63493],[105.49262,21.63681],[105.49666,21.63802],[105.49777,21.6387],[105.49803,21.63557],[105.50006,21.63308],[105.50032,21.63192],[105.50129,21.63032],[105.49869,21.62619],[105.49866,21.6253],[105.49769,21.62339],[105.49798,21.62191],[105.49767,21.62006],[105.49648,21.61827],[105.49414,21.61892],[105.49012,21.619],[105.48946,21.6194],[105.48777,21.6184],[105.48633,21.61814],[105.48276,21.62004],[105.48063,21.61989],[105.47756,21.61696],[105.47461,21.6155],[105.47393,21.61416],[105.47324,21.61394],[105.47223,21.61299],[105.47132,21.60989],[105.46972,21.60802],[105.469,21.60786],[105.46708,21.60819],[105.46595,21.60746],[105.46534,21.6061],[105.46405,21.60514],[105.46439,21.60307],[105.4631,21.60208],[105.4629,21.59836],[105.46113,21.59669],[105.46181,21.59398],[105.46079,21.59335],[105.46082,21.59222],[105.46046,21.59224],[105.4602,21.59163],[105.45824,21.59095],[105.45905,21.59011],[105.45904,21.58928],[105.45671,21.58878],[105.45559,21.589479999999998],[105.45531,21.58849],[105.45331,21.58657],[105.45248,21.58497],[105.44913,21.58478],[105.4499,21.58407],[105.44941,21.58358],[105.44933,21.58292],[105.44879,21.58253],[105.44885,21.5814],[105.45018,21.5814],[105.45107,21.58076],[105.45174,21.57967],[105.45194,21.5781],[105.45148,21.5771],[105.44962,21.57576],[105.44974,21.57508],[105.45082,21.57383],[105.44918,21.5719],[105.44736,21.56868],[105.44532,21.56707],[105.44401,21.5652],[105.44155,21.56676],[105.44001,21.56735],[105.43949,21.56623],[105.4379,21.56572],[105.43629,21.56686],[105.43343,21.56778],[105.43209,21.56898],[105.43051,21.56975],[105.42936,21.56976],[105.42762,21.5688],[105.42716,21.5697],[105.42513,21.57107],[105.4238,21.57246],[105.42171,21.57271],[105.42102,21.57362],[105.41886,21.57434],[105.41649,21.57663],[105.41619,21.57825],[105.41528,21.5795],[105.41428,21.58002],[105.41357,21.58093],[105.41148,21.58185],[105.41059,21.58275],[105.40866,21.58352],[105.40782,21.58474],[105.4052,21.58684],[105.39488,21.58994],[105.39384,21.58943],[105.39269,21.58938],[105.38626,21.5898],[105.38416,21.58817],[105.38366,21.58837],[105.38302,21.58938],[105.38194,21.58967],[105.38042,21.58958],[105.37946,21.59068],[105.3782,21.5914],[105.37737,21.59259],[105.37485,21.59284],[105.37261,21.5948],[105.3691,21.5964],[105.36707,21.59906],[105.36493,21.59896],[105.36375,21.60011],[105.36349,21.60251],[105.36271,21.6033],[105.361,21.60635],[105.36008,21.60729],[105.35887,21.60831],[105.35777,21.60857],[105.35734,21.60961],[105.35551,21.61012],[105.35446,21.61121],[105.3531,21.61177],[105.35261,21.6124],[105.35079,21.61288],[105.34884,21.61424],[105.34776,21.61548],[105.34714,21.61676],[105.34494,21.61812],[105.34291,21.62074],[105.33691,21.62133],[105.33378,21.62037],[105.33281,21.61969],[105.33236,21.61879],[105.3312,21.61941],[105.32936,21.61957],[105.32888,21.62017],[105.32593,21.62137],[105.32475,21.62243],[105.3266,21.62604],[105.3286,21.62861],[105.33022,21.62696],[105.3326,21.62741],[105.33387,21.62796],[105.33403,21.62839],[105.33362,21.62955],[105.33116,21.6305],[105.32887,21.63253],[105.32842,21.63341],[105.32756,21.63383],[105.32704,21.63664],[105.32511,21.63748],[105.32366,21.63926],[105.32093,21.64057],[105.31945,21.64229],[105.31929,21.64649],[105.32046,21.64788],[105.3212,21.64999],[105.32354,21.64885],[105.32564,21.64848],[105.32711,21.64862],[105.3281,21.64919],[105.32935,21.64836],[105.32959,21.64786],[105.32972,21.64862],[105.33099,21.64956],[105.33074,21.65042],[105.33096,21.65165],[105.3305,21.6531],[105.33128,21.65366],[105.33138,21.65456],[105.33202,21.65558],[105.3321,21.65677],[105.33235,21.65596],[105.33572,21.65395],[105.33644,21.65284],[105.33755,21.65201],[105.33944,21.64978],[105.34042,21.64915],[105.34119,21.64815],[105.34246,21.64749],[105.34329,21.64629],[105.34482,21.64596],[105.34551,21.64512],[105.34587,21.64402],[105.3478,21.64295],[105.34802,21.64179],[105.34888,21.64084],[105.3494,21.63954],[105.34988,21.63954],[105.35193,21.63776],[105.3529,21.63774],[105.35303,21.63721],[105.35486,21.63572],[105.35649,21.63581],[105.35677,21.63342],[105.35921,21.63418],[105.36124,21.6337],[105.36234,21.63391],[105.36555,21.63158],[105.36818,21.6327],[105.37081,21.63313],[105.37135,21.63114],[105.37234,21.63058],[105.37288,21.62974],[105.3745,21.62893],[105.3754,21.62781],[105.37702,21.62752],[105.37904,21.62787],[105.37927,21.62734],[105.38012,21.62736],[105.38145,21.62816],[105.3846,21.62866],[105.38678,21.62794],[105.38728,21.62711],[105.38893,21.62619],[105.39114,21.62623],[105.39233,21.62688],[105.39298,21.62809],[105.39548,21.62814],[105.39632,21.62785],[105.39831,21.62805],[105.39871,21.62884],[105.39861,21.6307],[105.39896,21.6311],[105.40087,21.63015],[105.40277,21.63095],[105.4042,21.63062],[105.40448,21.63091],[105.40443,21.63346],[105.40497,21.63385],[105.40631,21.63393],[105.40684,21.63437],[105.40796,21.63408],[105.40853,21.63273],[105.4081,21.6326],[105.40841,21.63172],[105.40803,21.63156],[105.40788,21.63096],[105.40844,21.62988],[105.40935,21.63208],[105.41095,21.63415],[105.41214,21.63655],[105.40894,21.64005],[105.40831,21.64605],[105.40795,21.64663],[105.40618,21.64786],[105.40503,21.64935],[105.40451,21.65053],[105.4046,21.65232],[105.40326,21.65391],[105.402,21.65411],[105.40105,21.65383],[105.39985,21.65467],[105.3993,21.65533],[105.39834,21.65784],[105.39581,21.65889],[105.39429,21.66021],[105.39299,21.66032],[105.39044,21.65854],[105.38783,21.65767],[105.38487,21.65924],[105.38348,21.66045],[105.38291,21.66185],[105.38348,21.66333],[105.38449,21.66468],[105.38523,21.6653],[105.38752,21.66558],[105.38946,21.66492],[105.39026,21.66508],[105.39085,21.6655],[105.39133,21.66706],[105.39209,21.66739],[105.39352,21.6691],[105.39667,21.67021],[105.39738,21.67221],[105.39814,21.67283],[105.39919,21.67304],[105.39968,21.67383],[105.40314,21.6744],[105.40531,21.67656],[105.40706,21.67675],[105.40776,21.6772],[105.40956,21.67718],[105.4169,21.68046],[105.41778,21.68055],[105.42006,21.67981],[105.4217,21.68001],[105.4248,21.67869],[105.42722,21.67909],[105.42956,21.68021],[105.43087,21.68134],[105.43277,21.68174],[105.4344,21.68279],[105.43515,21.68372],[105.43814,21.6838],[105.43954,21.6843],[105.44129,21.68373],[105.44334,21.68443],[105.44416,21.68441],[105.44648,21.6855],[105.44676,21.68607],[105.44808,21.68667],[105.44908,21.68768],[105.45121,21.68576],[105.45378,21.68456]]]]}},
{"type":"Feature","id":"02608","properties":{"Ward_Code":"02608","Ward_Code_Num":2608,"Ward":"Hồng Sơn","Ward_Alt":"Hồng Sơn","Ward_Upper":"HỒNG SƠN","Ward_Full":"Xã Hồng Sơn","Ward_Full_Alt":"Xã Hồng Sơn","Ward_Full_Upper_Alt":"XÃ HỒNG SƠN","Ward_Type":"Xã","Province_Code":"08","Province":"Tuyên Quang","Province_Upper_Alt":"TUYÊN QUANG"},"geometry":{"type":"MultiPolygon","coordinates":[[[[105.26456,21.62431],[105.26568,21.62358],[105.26612,21.62172],[105.26482,21.6207],[105.26653,21.61951],[105.26682,21.61887],[105.26577,21.61734],[105.26455,21.61636],[105.26659,21.61457],[105.26599,21.6134],[105.2648,21.61256],[105.26454,21.61192],[105.26535,21.61133],[105.26505,21.61004],[105.26525,21.6079],[105.26479,21.60658],[105.26566,21.60628],[105.26641,21.60523],[105.26696,21.6054],[105.26684,21.60507],[105.26779,21.6048],[105.2681,21.6035],[105.26984,21.60351],[105.26964,21.60179],[105.27053,21.60238],[105.2705,21.60269],[105.27136,21.6029],[105.27084,21.60405],[105.27221,21.60439],[105.272,21.60513],[105.27246,21.60559],[105.27289,21.60711],[105.2728,21.60742],[105.27226,21.60732],[105.27227,21.60672],[105.27176,21.60666],[105.2714,21.60702],[105.26992,21.60732],[105.27009,21.60806],[105.27164,21.60802],[105.27159,21.60885],[105.27206,21.60968],[105.27186,21.61023],[105.27232,21.61039],[105.2725,21.60983],[105.27292,21.60966],[105.27306,21.6103],[105.27371,21.61034],[105.27326,21.61061],[105.27329,21.61097],[105.27441,21.611],[105.27478,21.61174],[105.27458,21.61227],[105.27314,21.61291],[105.273,21.61348],[105.27401,21.61347],[105.27765,21.61463],[105.2792,21.61408],[105.28079,21.61285],[105.28165,21.61414],[105.28327,21.61395],[105.28356,21.61534],[105.28412,21.61624],[105.28627,21.61811],[105.28741,21.61956],[105.28848,21.62],[105.28917,21.62127],[105.2904,21.62218],[105.29493,21.62249],[105.29633,21.62347],[105.29851,21.62248],[105.30185,21.62221],[105.30462,21.62111],[105.30634,21.62096],[105.30818,21.62156],[105.30986,21.62057],[105.31456,21.62027],[105.31768,21.61863],[105.31955,21.61615],[105.32092,21.6172],[105.32238,21.61929],[105.32399,21.61957],[105.32473,21.62016],[105.32498,21.62074],[105.32475,21.62243],[105.32593,21.62137],[105.32888,21.62017],[105.32936,21.61957],[105.3312,21.61941],[105.33228,21.61888],[105.33302,21.618],[105.33419,21.61473],[105.33339,21.6122],[105.33403,21.60828],[105.33389,21.60712],[105.33162,21.60528],[105.32907,21.60112],[105.32562,21.59724],[105.32516,21.59634],[105.32342,21.59732],[105.31928,21.59803],[105.31789,21.59714],[105.31767,21.59649],[105.31674,21.59557],[105.31666,21.59494],[105.31545,21.59441],[105.31449,21.59345],[105.31494,21.59302],[105.31481,21.59206],[105.3156,21.59163],[105.31547,21.58976],[105.31704,21.58778],[105.3151,21.58529],[105.3154,21.58434],[105.31448,21.58306],[105.31438,21.58224],[105.31532,21.58186],[105.31533,21.58132],[105.31359,21.58094],[105.31344,21.57818],[105.31272,21.57709],[105.3116,21.57646],[105.31199,21.57604],[105.31274,21.57648],[105.31264,21.57351],[105.31022,21.57365],[105.3092,21.5731],[105.30656,21.57306],[105.30526,21.57269],[105.30496,21.57214],[105.30336,21.57263],[105.30344,21.57144],[105.3029,21.57026],[105.30174,21.56996],[105.30161,21.57126],[105.30118,21.5718],[105.3003,21.5703],[105.29819,21.57017],[105.29763,21.56852],[105.29668,21.56837],[105.2967,21.56754],[105.29578,21.56772],[105.29551,21.56835],[105.29422,21.56642],[105.29332,21.56611],[105.29292,21.56639],[105.29265,21.56559],[105.29084,21.5654],[105.29082,21.56401],[105.29284,21.5637],[105.29118,21.56208],[105.29209,21.56167],[105.29227,21.56129],[105.29202,21.5602],[105.29263,21.55867],[105.29253,21.55793],[105.29363,21.55754],[105.29463,21.55777],[105.29597,21.55948],[105.29599,21.55842],[105.29509,21.55602],[105.29488,21.55652],[105.29453,21.55539],[105.29418,21.55536],[105.29388,21.55622],[105.29193,21.55482],[105.29087,21.55456],[105.29072,21.55494],[105.28897,21.5534],[105.28723,21.55393],[105.28439,21.55424],[105.28166,21.55318],[105.28083,21.55169],[105.28036,21.55166],[105.27902,21.55038],[105.27664,21.5513],[105.2751,21.55276],[105.2746,21.55261],[105.27424,21.55187],[105.27302,21.5523],[105.27176,21.5544],[105.27414,21.55756],[105.27411,21.56069],[105.27342,21.56183],[105.27116,21.5638],[105.2624,21.56863],[105.26086,21.56995],[105.2564,21.57438],[105.24982,21.58243],[105.24853,21.58454],[105.24787,21.58644],[105.24695,21.59514],[105.24619,21.59632],[105.24414,21.59778],[105.24485,21.60018],[105.24592,21.60097],[105.24618,21.60103],[105.24647,21.60055],[105.24712,21.60088],[105.2472,21.60013],[105.24771,21.60059],[105.24821,21.60054],[105.24834,21.60109],[105.24758,21.60144],[105.24802,21.60147],[105.24802,21.60193],[105.24893,21.60216],[105.24842,21.60304],[105.24934,21.6028],[105.24913,21.60326],[105.24962,21.60339],[105.25001,21.60404],[105.25102,21.60354],[105.25058,21.60302],[105.25074,21.60266],[105.25102,21.60253],[105.25148,21.60291],[105.25101,21.60443],[105.25144,21.60508],[105.24958,21.60878],[105.24963,21.60977],[105.25054,21.61057],[105.24906,21.61161],[105.24716,21.61366],[105.24707,21.61597],[105.25292,21.61571],[105.25345,21.61621],[105.25434,21.61614],[105.25412,21.61883],[105.25495,21.61924],[105.25566,21.62038],[105.25582,21.62129],[105.25765,21.62226],[105.25782,21.62383],[105.25916,21.62427],[105.26195,21.62444],[105.26328,21.62651],[105.26429,21.62744],[105.26575,21.62541],[105.26456,21.62431]]]]}},
{"type":"Feature","id":"02611","properties":{"Ward_Code":"02611","Ward_Code_Num":2611,"Ward":"Phú Lương","Ward_Alt":"Phú Lương","Ward_Upper":"PHÚ LƯƠNG","Ward_Full":"Xã Phú Lương","Ward_Full_Alt":"Xã Phú Lương","Ward_Full_Upper_Alt":"XÃ PHÚ LƯƠNG","Ward_Type":"Xã","Province_Code":"08","Province":"Tuyên Quang","Province_Upper_Alt":"TUYÊN QUANG"},"geometry":{"type":"MultiPolygon","coordinates":[[[[105.37542,21.59282],[105.37728,21.59264],[105.3782,21.5914],[105.37946,21.59068],[105.38042,21.58958],[105.38194,21.58967],[105.38302,21.58938],[105.38366,21.58837],[105.38416,21.58817],[105.38626,21.5898],[105.39269,21.58938],[105.39384,21.58943],[105.39488,21.58994],[105.40533,21.58677],[105.40782,21.58474],[105.40866,21.58352],[105.41059,21.58275],[105.41148,21.58185],[105.41357,21.58093],[105.41428,21.58002],[105.41528,21.5795],[105.41619,21.57825],[105.41649,21.57663],[105.41886,21.57434],[105.42102,21.57362],[105.42171,21.57271],[105.4238,21.57246],[105.42513,21.57107],[105.42716,21.5697],[105.42762,21.5688],[105.4299,21.56982],[105.43209,21.56898],[105.43343,21.56778],[105.43387,21.56411],[105.4363,21.56167],[105.43626,21.56082],[105.43765,21.55785],[105.43771,21.55687],[105.43842,21.55597],[105.44354,21.55286],[105.44606,21.55252],[105.44977,21.55025],[105.45373,21.54639],[105.45756,21.54339],[105.45717,21.54258],[105.45923,21.53968],[105.45936,21.53813],[105.45997,21.53788],[105.46018,21.53685],[105.45693,21.53679],[105.45593,21.53718],[105.45549,21.53684],[105.45566,21.53592],[105.45538,21.53504],[105.45306,21.53422],[105.45309,21.533],[105.45005,21.53317],[105.44779,21.53059],[105.44646,21.53032],[105.44222,21.52803],[105.44187,21.52477],[105.44106,21.52324],[105.44133,21.52211],[105.44229,21.52147],[105.44401,21.52311],[105.44578,21.52327],[105.44764,21.52441],[105.44944,21.52459],[105.45161,21.52551],[105.45426,21.52561],[105.45539,21.52468],[105.45631,21.52441],[105.45748,21.52254],[105.45729,21.52108],[105.45851,21.52026],[105.45877,21.51898],[105.45825,21.5189],[105.45704,21.51778],[105.45644,21.51692],[105.45652,21.51629],[105.45591,21.51598],[105.45651,21.5135],[105.45579,21.51123],[105.4512,21.51044],[105.45001,21.51083],[105.44475,21.50922],[105.44274,21.51013],[105.4409,21.50993],[105.43955,21.51033],[105.43881,21.5093],[105.43739,21.50906],[105.43613,21.50778],[105.43536,21.50788],[105.43405,21.50726],[105.43356,21.50646],[105.43299,21.50682],[105.43152,21.50664],[105.42921,21.50553],[105.42812,21.50439],[105.42801,21.50353],[105.42707,21.50222],[105.42524,21.50142],[105.42326,21.49758],[105.42193,21.49903],[105.4207,21.50194],[105.41942,21.50348],[105.41872,21.50777],[105.41438,21.50976],[105.4132,21.51188],[105.41228,21.51284],[105.41091,21.5131],[105.4064,21.51174],[105.40516,21.51275],[105.40289,21.51392],[105.40189,21.514],[105.40029,21.51348],[105.39688,21.51081],[105.39331,21.51101],[105.39001,21.51171],[105.38913,21.51214],[105.38866,21.51291],[105.38807,21.5151],[105.38822,21.5167],[105.38681,21.51882],[105.38674,21.51978],[105.38379,21.52048],[105.38248,21.52127],[105.38157,21.52272],[105.37815,21.52271],[105.37674,21.52242],[105.37597,21.52351],[105.3744,21.52469],[105.37128,21.52516],[105.36786,21.52402],[105.36754,21.52379],[105.36743,21.52304],[105.36664,21.52306],[105.36631,21.52268],[105.36575,21.52298],[105.36586,21.52362],[105.36532,21.52386],[105.365,21.52388],[105.3648,21.52317],[105.36401,21.52301],[105.36361,21.52239],[105.36336,21.52332],[105.36213,21.52212],[105.36166,21.52056],[105.3595,21.52018],[105.35862,21.51897],[105.35775,21.51922],[105.35742,21.51901],[105.35701,21.51957],[105.35308,21.51796],[105.3483,21.51976],[105.34591,21.51888],[105.34352,21.51901],[105.34313,21.51833],[105.34373,21.51811],[105.34303,21.51692],[105.34301,21.51537],[105.34193,21.51519],[105.34095,21.51455],[105.34051,21.51364],[105.33941,21.5126],[105.33768,21.51217],[105.33756,21.51327],[105.33697,21.51394],[105.33574,21.51367],[105.33346,21.51529],[105.33256,21.51528],[105.33214,21.51631],[105.33146,21.51599],[105.32915,21.51613],[105.3273,21.51729],[105.32717,21.51762],[105.32793,21.51915],[105.3271,21.51932],[105.32674,21.51996],[105.32688,21.52074],[105.32383,21.52301],[105.32328,21.52375],[105.32358,21.52446],[105.32363,21.5264],[105.32723,21.52593],[105.32725,21.52745],[105.32811,21.52824],[105.32936,21.53114],[105.33016,21.53196],[105.33152,21.53225],[105.33338,21.53412],[105.33279,21.53537],[105.333,21.53603],[105.33228,21.53578],[105.33268,21.53657],[105.33182,21.53839],[105.33173,21.5396],[105.33277,21.54058],[105.33235,21.5414],[105.33252,21.54206],[105.33403,21.54188],[105.33422,21.54233],[105.33392,21.54414],[105.33616,21.54654],[105.33671,21.5477],[105.33673,21.54911],[105.33733,21.54984],[105.33752,21.55071],[105.33705,21.55106],[105.33653,21.55025],[105.33617,21.55025],[105.33633,21.5526],[105.33727,21.5534],[105.33618,21.55437],[105.33651,21.55654],[105.33735,21.55711],[105.33824,21.5563],[105.33843,21.55683],[105.33944,21.5568],[105.3397,21.55791],[105.33828,21.55784],[105.33796,21.55834],[105.3384,21.55878],[105.33814,21.5595],[105.33857,21.55966],[105.3386,21.56033],[105.34013,21.5617],[105.34088,21.56359],[105.34015,21.5642],[105.33839,21.56481],[105.34014,21.56524],[105.34122,21.56589],[105.34193,21.5673],[105.34682,21.56496],[105.34814,21.5629],[105.34824,21.56492],[105.35095,21.56672],[105.35058,21.56768],[105.35122,21.56842],[105.35125,21.56931],[105.35263,21.57209],[105.35258,21.57328],[105.35332,21.57439],[105.35522,21.57564],[105.35584,21.57757],[105.35683,21.57909],[105.35725,21.58066],[105.35717,21.58217],[105.35866,21.58361],[105.35887,21.58446],[105.36137,21.58572],[105.36206,21.58768],[105.36373,21.58906],[105.36617,21.58878],[105.36752,21.58828],[105.36982,21.58909],[105.3723,21.58939],[105.37275,21.58958],[105.37501,21.59282],[105.37542,21.59282]]]]}},
{"type":"Feature","id":"02620","properties":{"Ward_Code":"02620","Ward_Code_Num":2620,"Ward":"Sơn Thuỷ","Ward_Alt":"Sơn Thủy","Ward_Upper":"SƠN THUỶ","Ward_Full":"Xã Sơn Thuỷ","Ward_Full_Alt":"Xã Sơn Thủy","Ward_Full_Upper_Alt":"XÃ SƠN THỦY","Ward_Type":"Xã","Province_Code":"08","Province":"Tuyên Quang","Province_Upper_Alt":"TUYÊN QUANG"},"geometry":{"type":"MultiPolygon","coordinates":[[[[105.48645,21.61813],[105.48777,21.6184],[105.48946,21.6194],[105.49012,21.619],[105.49414,21.61892],[105.49611,21.61843],[105.49708,21.61792],[105.50028,21.614],[105.50188,21.61323],[105.50394,21.61301],[105.50504,21.61229],[105.50525,21.6114],[105.50643,21.61064],[105.50708,21.61062],[105.50719,21.60944],[105.50796,21.60893],[105.5082,21.60805],[105.50979,21.60643],[105.51016,21.60525],[105.50994,21.60443],[105.51161,21.60388],[105.51382,21.60263],[105.51468,21.60155],[105.51465,21.60102],[105.51522,21.60053],[105.51526,21.60006],[105.51608,21.5997],[105.51623,21.59885],[105.51742,21.59867],[105.51891,21.59691],[105.5201,21.5927],[105.52264,21.59062],[105.52425,21.58818],[105.52506,21.58543],[105.52665,21.58215],[105.52738,21.58239],[105.52979,21.5821],[105.53094,21.58227],[105.53656,21.58172],[105.53722,21.5798],[105.53844,21.57812],[105.54089,21.57605],[105.5424,21.57398],[105.53893,21.56997],[105.53924,21.56804],[105.53776,21.56488],[105.53661,21.564],[105.53538,21.56356],[105.53412,21.56249],[105.53169,21.55968],[105.5298,21.55675],[105.52931,21.55198],[105.52861,21.55066],[105.52698,21.5456],[105.52536,21.54478],[105.52498,21.54336],[105.52356,21.54076],[105.52361,21.53946],[105.52303,21.53868],[105.52318,21.53791],[105.52253,21.53609],[105.52193,21.5352],[105.5205,21.53449],[105.52019,21.53391],[105.51954,21.53396],[105.51884,21.53357],[105.51682,21.5338],[105.51384,21.53648],[105.51162,21.53685],[105.511,21.5364],[105.51073,21.53416],[105.50989,21.53356],[105.50981,21.53304],[105.50914,21.53288],[105.5083,21.53207],[105.50654,21.53154],[105.50567,21.53081],[105.50529,21.52919],[105.50553,21.52867],[105.5051,21.52829],[105.50493,21.52747],[105.50388,21.52768],[105.50275,21.52741],[105.50239,21.52811],[105.50136,21.52801],[105.50038,21.52736],[105.50067,21.52612],[105.49981,21.52612],[105.49874,21.52549],[105.49707,21.52509],[105.4972,21.52579],[105.49674,21.52687],[105.49282,21.52851],[105.49265,21.52796],[105.49368,21.52709],[105.49281,21.52598],[105.4917,21.52338],[105.49099,21.52281],[105.49089,21.52139],[105.49168,21.5209],[105.49183,21.5203],[105.49031,21.51963],[105.48783,21.5178],[105.48655,21.51818],[105.48534,21.51747],[105.48386,21.51842],[105.48217,21.51805],[105.48196,21.51928],[105.4798,21.51943],[105.47878,21.52055],[105.47647,21.5221],[105.47585,21.52281],[105.47578,21.52341],[105.47358,21.52395],[105.47339,21.52276],[105.47257,21.52188],[105.47306,21.5215],[105.47319,21.52088],[105.4721,21.51963],[105.46624,21.51655],[105.46502,21.51642],[105.46348,21.51702],[105.46364,21.51741],[105.46309,21.51819],[105.46334,21.51864],[105.46258,21.51856],[105.46294,21.51764],[105.46136,21.51774],[105.46065,21.51785],[105.45945,21.51883],[105.45877,21.51898],[105.45851,21.52026],[105.45729,21.52108],[105.45752,21.5222],[105.45723,21.52316],[105.45631,21.52441],[105.45539,21.52468],[105.45415,21.52563],[105.45161,21.52551],[105.44944,21.52459],[105.44793,21.52451],[105.44578,21.52327],[105.44401,21.52311],[105.44249,21.52153],[105.44181,21.52161],[105.44133,21.52211],[105.44106,21.52324],[105.44187,21.52477],[105.44218,21.528],[105.44646,21.53032],[105.44779,21.53059],[105.45005,21.53317],[105.45309,21.533],[105.45306,21.53422],[105.45538,21.53504],[105.45566,21.53592],[105.45549,21.53684],[105.45591,21.53717],[105.45771,21.53677],[105.46018,21.53685],[105.46018,21.53715],[105.45997,21.53788],[105.45936,21.53813],[105.45923,21.53968],[105.45717,21.54258],[105.45756,21.54339],[105.45373,21.54639],[105.45011,21.55001],[105.44606,21.55252],[105.44354,21.55286],[105.43842,21.55597],[105.43771,21.55687],[105.43765,21.55785],[105.43626,21.56082],[105.4363,21.56167],[105.43387,21.56411],[105.43343,21.56778],[105.43629,21.56686],[105.43806,21.56569],[105.43949,21.56623],[105.44001,21.56735],[105.44155,21.56676],[105.44401,21.5652],[105.44532,21.56707],[105.44736,21.56868],[105.44918,21.5719],[105.45082,21.57383],[105.44974,21.57508],[105.44962,21.57576],[105.45148,21.5771],[105.45194,21.5781],[105.45174,21.57967],[105.45107,21.58076],[105.45018,21.5814],[105.44885,21.5814],[105.44879,21.58253],[105.44933,21.58292],[105.44941,21.58358],[105.4499,21.58407],[105.44913,21.58478],[105.45248,21.58497],[105.45331,21.58657],[105.45531,21.58849],[105.45559,21.589479999999998],[105.45671,21.58878],[105.45904,21.58928],[105.45905,21.59011],[105.45824,21.59095],[105.4602,21.59163],[105.46046,21.59224],[105.46082,21.59222],[105.46079,21.59335],[105.46181,21.59398],[105.46108,21.59645],[105.4629,21.59836],[105.4631,21.60208],[105.46439,21.60307],[105.46399,21.60475],[105.46415,21.60531],[105.46534,21.6061],[105.46591,21.60741],[105.46688,21.60813],[105.46972,21.60802],[105.47132,21.60989],[105.47223,21.61299],[105.47324,21.61394],[105.47393,21.61416],[105.47461,21.6155],[105.47756,21.61696],[105.47932,21.61837],[105.48042,21.61979],[105.48276,21.62004],[105.48645,21.61813]]]]}},
{"type":"Feature","id":"02623","properties":{"Ward_Code":"02623","Ward_Code_Num":2623,"Ward":"Trường Sinh","Ward_Alt":"Trường Sinh","Ward_Upper":"TRƯỜNG SINH","Ward_Full":"Xã Trường Sinh","Ward_Full_Alt":"Xã Trường Sinh","Ward_Full_Upper_Alt":"XÃ TRƯỜNG SINH","Ward_Type":"Xã","Province_Code":"08","Province":"Tuyên Quang","Province_Upper_Alt":"TUYÊN QUANG"},"geometry":{"type":"MultiPolygon","coordinates":[[[[105.3397,21.62101],[105.34291,21.62074],[105.34494,21.61812],[105.34714,21.61676],[105.34776,21.61548],[105.34884,21.61424],[105.35079,21.61288],[105.35261,21.6124],[105.3531,21.61177],[105.35446,21.61121],[105.35551,21.61012],[105.35734,21.60961],[105.35777,21.60857],[105.35887,21.60831],[105.361,21.60635],[105.36271,21.6033],[105.36349,21.60251],[105.36391,21.59987],[105.36518,21.59882],[105.36707,21.59906],[105.3691,21.5964],[105.37156,21.59545],[105.37501,21.59282],[105.37275,21.58958],[105.3723,21.58939],[105.36982,21.58909],[105.36752,21.58828],[105.36617,21.58878],[105.36373,21.58906],[105.36206,21.58768],[105.36137,21.58572],[105.35887,21.58446],[105.35866,21.58361],[105.35717,21.58217],[105.35725,21.58066],[105.35683,21.57909],[105.35584,21.57757],[105.35522,21.57564],[105.35332,21.57439],[105.35258,21.57328],[105.35263,21.57209],[105.35125,21.56931],[105.35122,21.56842],[105.35058,21.56768],[105.35095,21.56672],[105.34824,21.56492],[105.34814,21.5629],[105.34682,21.56496],[105.34193,21.5673],[105.34122,21.56589],[105.34014,21.56524],[105.33839,21.56481],[105.34015,21.5642],[105.34088,21.56359],[105.34013,21.5617],[105.3386,21.56033],[105.33857,21.55966],[105.33814,21.5595],[105.3384,21.55878],[105.33796,21.55834],[105.33828,21.55784],[105.3397,21.55791],[105.33944,21.5568],[105.33843,21.55683],[105.33824,21.5563],[105.33735,21.55711],[105.33651,21.55654],[105.33618,21.55437],[105.33727,21.5534],[105.33633,21.5526],[105.33617,21.55025],[105.33653,21.55025],[105.33705,21.55106],[105.33752,21.55071],[105.33733,21.54984],[105.33673,21.54911],[105.33671,21.5477],[105.33616,21.54654],[105.33392,21.54414],[105.33422,21.54233],[105.33403,21.54188],[105.33252,21.54206],[105.33235,21.5414],[105.33277,21.54058],[105.33173,21.5396],[105.33182,21.53839],[105.33268,21.53657],[105.33228,21.53578],[105.333,21.53603],[105.33279,21.53537],[105.33338,21.53412],[105.33152,21.53225],[105.33016,21.53196],[105.32936,21.53114],[105.32811,21.52824],[105.32725,21.52745],[105.32723,21.52593],[105.32363,21.5264],[105.32358,21.52446],[105.32328,21.52375],[105.32383,21.52301],[105.32688,21.52074],[105.32692,21.51957],[105.32793,21.51915],[105.32717,21.51762],[105.32812,21.51659],[105.32915,21.51613],[105.32991,21.51626],[105.33064,21.51599],[105.33214,21.51631],[105.33256,21.51528],[105.33346,21.51529],[105.33574,21.51367],[105.3367,21.51399],[105.33731,21.51373],[105.33768,21.51217],[105.33818,21.51227],[105.33862,21.51132],[105.33837,21.51064],[105.33861,21.51014],[105.3382,21.50952],[105.33706,21.50922],[105.33683,21.50816],[105.33733,21.50601],[105.33816,21.5053],[105.33882,21.50415],[105.3357,21.50477],[105.33377,21.5041],[105.33156,21.50415],[105.33057,21.5048],[105.32894,21.50512],[105.32744,21.5071],[105.32511,21.50764],[105.32482,21.50918],[105.32317,21.51098],[105.32065,21.51262],[105.31763,21.51336],[105.31402,21.5128],[105.30629,21.50852],[105.30466,21.50814],[105.30242,21.50829],[105.30032,21.50937],[105.29845,21.51113],[105.29669,21.51386],[105.29578,21.51656],[105.29499,21.52104],[105.29496,21.52429],[105.2974,21.53208],[105.29665,21.53422],[105.29507,21.53637],[105.29069,21.53998],[105.2872,21.5416],[105.28411,21.54235],[105.27324,21.5432],[105.27046,21.54387],[105.26806,21.54543],[105.26706,21.54756],[105.26706,21.54912],[105.26868,21.55185],[105.27176,21.5544],[105.27302,21.5523],[105.27424,21.55187],[105.2746,21.55261],[105.2751,21.55276],[105.27664,21.5513],[105.27902,21.55038],[105.28036,21.55166],[105.28083,21.55169],[105.28166,21.55318],[105.28439,21.55424],[105.28723,21.55393],[105.28897,21.5534],[105.29072,21.55494],[105.29087,21.55456],[105.29193,21.55482],[105.29388,21.55622],[105.29418,21.55536],[105.29457,21.55542],[105.29474,21.55638],[105.29492,21.55652],[105.29507,21.556],[105.29559,21.55723],[105.29603,21.55858],[105.29597,21.55948],[105.29463,21.55777],[105.29363,21.55754],[105.29253,21.55793],[105.29263,21.55867],[105.29202,21.5602],[105.29227,21.56129],[105.29209,21.56167],[105.29118,21.56208],[105.29284,21.5637],[105.29082,21.56401],[105.29084,21.5654],[105.29265,21.56559],[105.29292,21.56639],[105.29332,21.56611],[105.29422,21.56642],[105.29551,21.56835],[105.29578,21.56772],[105.2967,21.56754],[105.29668,21.56837],[105.29763,21.56852],[105.29819,21.57017],[105.3003,21.5703],[105.30118,21.5718],[105.30161,21.57126],[105.30174,21.56996],[105.3029,21.57026],[105.30344,21.57144],[105.30336,21.57263],[105.30496,21.57214],[105.30526,21.57269],[105.30656,21.57306],[105.3092,21.5731],[105.31022,21.57365],[105.31264,21.57351],[105.31274,21.57648],[105.31199,21.57604],[105.3116,21.57646],[105.31272,21.57709],[105.31344,21.57818],[105.31359,21.58094],[105.31533,21.58132],[105.31532,21.58186],[105.31438,21.58224],[105.31448,21.58306],[105.3154,21.58434],[105.3151,21.58529],[105.31704,21.58778],[105.31547,21.58976],[105.3156,21.59163],[105.31481,21.59206],[105.31494,21.59302],[105.31449,21.59345],[105.31545,21.59441],[105.31666,21.59494],[105.31674,21.59557],[105.31767,21.59649],[105.31789,21.59714],[105.31928,21.59803],[105.32342,21.59732],[105.32516,21.59634],[105.32562,21.59724],[105.32907,21.60112],[105.33162,21.60528],[105.33389,21.60712],[105.33403,21.60828],[105.33339,21.6122],[105.33419,21.61473],[105.33302,21.618],[105.33236,21.61879],[105.33271,21.61953],[105.33378,21.62037],[105.33691,21.62133],[105.3397,21.62101]]]]}}]}