{"type":"FeatureCollection","name":"VN_Wards_20","crs":{"type":"name","properties":{"name":"urn:ogc:def:crs:OGC:1.3:CRS84"}},"features":[{"type":"Feature","id":"05977","properties":{"Ward_Code":"05977","Ward_Code_Num":5977,"Ward":"Đông Kinh","Ward_Alt":"Đông Kinh","Ward_Upper":"ĐÔNG KINH","Ward_Full":"Phường Đông Kinh","Ward_Full_Alt":"Phường Đông Kinh","Ward_Full_Upper_Alt":"PHƯỜNG ĐÔNG KINH","Ward_Type":"Phường","Province_Code":"20","Province":"Lạng Sơn","Province_Upper_Alt":"LẠNG SƠN"},"geometry":{"type":"MultiPolygon","coordinates":[[[[106.7754,21.86043],[106.7764,21.86056],[106.77669,21.85996],[106.77794,21.85993],[106.77631,21.85832],[106.77492,21.85778],[106.77491,21.8573],[106.77526,21.85721],[106.77518,21.85662],[106.77683,21.85692],[106.77797,21.85441],[106.77852,21.8539],[106.77853,21.85314],[106.77899,21.85242],[106.78102,21.85155],[106.78148,21.84935],[106.78213,21.84872],[106.78268,21.84892],[106.78374,21.84868],[106.78406,21.8499],[106.78482,21.85028],[106.7857,21.84995],[106.78676,21.85093],[106.78795,21.85134],[106.78873,21.85266],[106.78986,21.85358],[106.79121,21.8525],[106.7924,21.85293],[106.79333,21.85246],[106.79361,21.85143],[106.79322,21.85057],[106.79341,21.84952],[106.79605,21.84917],[106.7964,21.84826],[106.79868,21.84677],[106.79881,21.84617],[106.79958,21.84556],[106.79874,21.84348],[106.79931,21.84187],[106.79993,21.8418],[106.80107,21.84103],[106.79999,21.84039],[106.80013,21.83783],[106.79977,21.83718],[106.79979,21.83577],[106.79829,21.83507],[106.79468,21.83043],[106.79331,21.82963],[106.79205,21.82948],[106.79193,21.8285],[106.79156,21.82827],[106.79507,21.82709],[106.79444,21.82608],[106.79486,21.82434],[106.79453,21.82289],[106.79634,21.82132],[106.79836,21.82015],[106.79941,21.82012],[106.79976,21.81906],[106.79969,21.81795],[106.80082,21.81738],[106.80211,21.81544],[106.80386,21.8136],[106.80407,21.8124],[106.80529,21.80966],[106.80592,21.80875],[106.80659,21.80854],[106.80569,21.80852],[106.80444,21.80712],[106.8055,21.80218],[106.80533,21.79988],[106.80575,21.79935],[106.80599,21.79806],[106.80804,21.7966],[106.80776,21.79419],[106.80833,21.79154],[106.80621,21.7911],[106.80504,21.79036],[106.80495,21.78889],[106.80539,21.7879],[106.8051,21.78669],[106.80365,21.78628],[106.80299,21.78541],[106.80026,21.78535],[106.79964,21.78457],[106.79976,21.78373],[106.7983,21.78281],[106.79796,21.78196],[106.79676,21.78107],[106.79449,21.7801],[106.7929,21.7786],[106.79263,21.7781],[106.79289,21.77654],[106.79207,21.7743],[106.79026,21.77475],[106.78928,21.77614],[106.7882,21.77577],[106.7851,21.77339],[106.78142,21.77342],[106.78028,21.77231],[106.77938,21.77063],[106.77835,21.77052],[106.77745,21.76791],[106.77649,21.76789],[106.77566,21.76829],[106.77474,21.76816],[106.7744,21.76738],[106.7733,21.76695],[106.77265,21.76553],[106.77094,21.76547],[106.7696,21.76584],[106.76868,21.76485],[106.76767,21.76488],[106.76645,21.76379],[106.76478,21.76398],[106.76371,21.76321],[106.76271,21.76311],[106.76071,21.76208],[106.75882,21.76194],[106.75786,21.76088],[106.75554,21.76086],[106.75451,21.75972],[106.75439,21.75902],[106.75141,21.75797],[106.75091,21.75665],[106.74664,21.75671],[106.74556,21.75738],[106.74527,21.75848],[106.74537,21.75969],[106.74587,21.76056],[106.74576,21.76114],[106.74688,21.76198],[106.74823,21.76444],[106.75138,21.76443],[106.75199,21.76504],[106.75224,21.76585],[106.75432,21.76668],[106.7547,21.76805],[106.75404,21.76887],[106.75394,21.76956],[106.75339,21.77032],[106.74914,21.77306],[106.74834,21.7742],[106.74742,21.77475],[106.74597,21.77391],[106.74551,21.77308],[106.74423,21.77328],[106.74347,21.77282],[106.74241,21.77293],[106.74171,21.77362],[106.74079,21.77547],[106.7411,21.77649],[106.7408,21.77724],[106.73971,21.7776],[106.73698,21.78025],[106.73456,21.77973],[106.73271,21.78137],[106.73117,21.78169],[106.73054,21.78217],[106.72885,21.78434],[106.72844,21.786],[106.72693,21.78657],[106.72651,21.78839],[106.72663,21.78985],[106.72743,21.79058],[106.72833,21.79239],[106.72793,21.79338],[106.72911,21.79475],[106.7297,21.79635],[106.72985,21.79829],[106.73462,21.79805],[106.73474,21.79992],[106.73536,21.80066],[106.73575,21.8021],[106.73523,21.80329],[106.73618,21.8051],[106.73608,21.80588],[106.73693,21.80733],[106.7387,21.80706],[106.73921,21.80757],[106.74084,21.80737],[106.74456,21.80906],[106.74502,21.80956],[106.74609,21.8134],[106.74765,21.81402],[106.74792,21.81558],[106.74946,21.81591],[106.74966,21.81719],[106.7484,21.81895],[106.74839,21.82043],[106.74903,21.82128],[106.74927,21.82265],[106.74859,21.82366],[106.74848,21.82489],[106.74959,21.82551],[106.75031,21.82776],[106.7541,21.83104],[106.75567,21.83121],[106.75714,21.83239],[106.75789,21.83256],[106.75926,21.83052],[106.75976,21.83108],[106.75973,21.83163],[106.76065,21.83237],[106.76092,21.83381],[106.75953,21.8372],[106.75914,21.83943],[106.75971,21.84961],[106.75913,21.85077],[106.75803,21.85047],[106.7573,21.85255],[106.75784,21.85318],[106.75774,21.85446],[106.75818,21.85533],[106.76045,21.85646],[106.7621,21.8563],[106.76304,21.8576],[106.76326,21.85918],[106.76298,21.85979],[106.76247,21.85953],[106.7623,21.86054],[106.76576,21.86214],[106.76872,21.8568],[106.77094,21.85669],[106.7715,21.85969],[106.77343,21.8615],[106.77557,21.86217],[106.77654,21.86318],[106.77774,21.86273],[106.77616,21.86082],[106.7754,21.86043]]]]}},
{"type":"Feature","id":"05983","properties":{"Ward_Code":"05983","Ward_Code_Num":5983,"Ward":"Lương Văn Tri","Ward_Alt":"Lương Văn Tri","Ward_Upper":"LƯƠNG VĂN TRI","Ward_Full":"Phường Lương Văn Tri","Ward_Full_Alt":"Phường Lương Văn Tri","Ward_Full_Upper_Alt":"PHƯỜNG LƯƠNG VĂN TRI","Ward_Type":"Phường","Province_Code":"20","Province":"Lạng Sơn","Province_Upper_Alt":"LẠNG SƠN"},"geometry":{"type":"MultiPolygon","coordinates":[[[[106.75803,21.85047],[106.75913,21.85077],[106.75971,21.84961],[106.75914,21.83943],[106.75953,21.8372],[106.76092,21.83381],[106.7606,21.83227],[106.75973,21.83163],[106.75976,21.83108],[106.75926,21.83052],[106.75789,21.83256],[106.75714,21.83239],[106.75567,21.83121],[106.75344,21.8307],[106.75188,21.82927],[106.75162,21.82864],[106.75031,21.82776],[106.74959,21.82551],[106.74848,21.82489],[106.74859,21.82366],[106.74927,21.82265],[106.74903,21.82128],[106.74839,21.82043],[106.7484,21.81895],[106.74966,21.81719],[106.74946,21.81591],[106.74792,21.81558],[106.74765,21.81402],[106.74609,21.8134],[106.74502,21.80956],[106.74456,21.80906],[106.74084,21.80737],[106.73921,21.80757],[106.7387,21.80706],[106.73693,21.80733],[106.73608,21.80588],[106.73618,21.8051],[106.73523,21.80329],[106.73575,21.8021],[106.73536,21.80066],[106.73474,21.79992],[106.73462,21.79805],[106.72985,21.79829],[106.7297,21.79635],[106.72904,21.79461],[106.72793,21.79338],[106.72836,21.7925],[106.72735,21.79048],[106.72663,21.78985],[106.72303,21.79078],[106.72269,21.79063],[106.72172,21.788],[106.72166,21.78668],[106.72177,21.78627],[106.72262,21.78577],[106.72307,21.78456],[106.72279,21.78291],[106.72173,21.78186],[106.71949,21.78172],[106.71889,21.78279],[106.71624,21.78473],[106.71289,21.78586],[106.71187,21.78653],[106.70855,21.78635],[106.70801,21.78898],[106.70718,21.79028],[106.70599,21.79051],[106.70521,21.79004],[106.7042,21.79022],[106.70355,21.78985],[106.70205,21.79062],[106.70238,21.79237],[106.70168,21.79242],[106.70233,21.79383],[106.7014,21.79351],[106.70075,21.79477],[106.69897,21.79486],[106.69886,21.79571],[106.69796,21.79704],[106.69814,21.7986],[106.6996,21.80006],[106.70068,21.80025],[106.70115,21.80114],[106.70258,21.80123],[106.70315,21.80275],[106.70279,21.80355],[106.70437,21.8037],[106.70501,21.80551],[106.70602,21.80666],[106.7059,21.80794],[106.70671,21.80879],[106.70671,21.80975],[106.70854,21.80972],[106.70989,21.810669999999998],[106.71009,21.81199],[106.70959,21.81268],[106.70827,21.81355],[106.70651,21.8137],[106.7055,21.81499],[106.70619,21.81658],[106.70588,21.81764],[106.70624,21.81854],[106.70608,21.81923],[106.70635,21.82072],[106.70766,21.82217],[106.70959,21.82352],[106.71083,21.82502],[106.7131,21.8264],[106.71365,21.82735],[106.71227,21.83431],[106.71292,21.83576],[106.71305,21.83773],[106.71179,21.84019],[106.71262,21.84145],[106.71313,21.8436],[106.71381,21.84385],[106.7151,21.84561],[106.71437,21.84857],[106.71235,21.84991],[106.71196,21.85155],[106.7103,21.85242],[106.70962,21.85318],[106.70841,21.8564],[106.70537,21.85784],[106.70427,21.85876],[106.70411,21.8592],[106.70463,21.86062],[106.70208,21.86202],[106.7033,21.8645],[106.70332,21.86673],[106.70141,21.86973],[106.70252,21.87001],[106.7034,21.86987],[106.70433,21.8707],[106.70671,21.87127],[106.71025,21.87126],[106.71367,21.87264],[106.71545,21.87288],[106.71704,21.87205],[106.71854,21.87017],[106.7191,21.86886],[106.71905,21.86766],[106.71941,21.86728],[106.72171,21.86658],[106.7228,21.86657],[106.72373,21.86668],[106.72518,21.86766],[106.7266,21.86697],[106.72801,21.86331],[106.73012,21.85979],[106.73092,21.85922],[106.73186,21.85781],[106.73138,21.85546],[106.72952,21.85425],[106.72923,21.85256],[106.72982,21.85052],[106.73141,21.84762],[106.73169,21.84445],[106.7324,21.84275],[106.73325,21.8418],[106.7342,21.84185],[106.73537,21.84245],[106.7395,21.8465],[106.74091,21.84703],[106.74588,21.84772],[106.7469,21.84729],[106.74844,21.846],[106.74951,21.84602],[106.75605,21.8497],[106.75803,21.85047]]]]}},
{"type":"Feature","id":"05986","properties":{"Ward_Code":"05986","Ward_Code_Num":5986,"Ward":"Tam Thanh","Ward_Alt":"Tam Thanh","Ward_Upper":"TAM THANH","Ward_Full":"Phường Tam Thanh","Ward_Full_Alt":"Phường Tam Thanh","Ward_Full_Upper_Alt":"PHƯỜNG TAM THANH","Ward_Type":"Phường","Province_Code":"20","Province":"Lạng Sơn","Province_Upper_Alt":"LẠNG SƠN"},"geometry":{"type":"MultiPolygon","coordinates":[[[[106.74019,21.92822],[106.7424,21.92826],[106.7431,21.92464],[106.74496,21.92467],[106.74655,21.92412],[106.74768,21.923],[106.74857,21.92261],[106.75024,21.9227],[106.75097,21.92246],[106.75151,21.92186],[106.75277,21.92177],[106.75401,21.91974],[106.75411,21.91844],[106.75465,21.91734],[106.75336,21.91537],[106.75476,21.91433],[106.75557,21.91443],[106.75772,21.91366],[106.75924,21.91129],[106.76165,21.90987],[106.76247,21.90782],[106.76341,21.90644],[106.76397,21.90611],[106.76342,21.90506],[106.76437,21.90383],[106.76638,21.90257],[106.7671,21.90079],[106.76799,21.89993],[106.76744,21.8988],[106.76864,21.89742],[106.76672,21.89696],[106.76601,21.89635],[106.76567,21.89534],[106.76364,21.89511],[106.76319,21.89458],[106.76386,21.89332],[106.76225,21.89246],[106.76247,21.89148],[106.76349,21.89146],[106.76389,21.89111],[106.76338,21.88946],[106.76281,21.88884],[106.76364,21.88817],[106.76274,21.88758],[106.76212,21.88763],[106.76158,21.8872],[106.76169,21.88665],[106.75872,21.88554],[106.75912,21.88515],[106.75899,21.88436],[106.7581,21.88394],[106.75765,21.88293],[106.75676,21.88245],[106.75714,21.88171],[106.75598,21.88065],[106.75649,21.88027],[106.75548,21.87878],[106.75436,21.87818],[106.75509,21.87751],[106.75487,21.87716],[106.7543,21.87716],[106.75413,21.87659],[106.75538,21.87538],[106.75574,21.87379],[106.75769,21.87505],[106.76007,21.87279],[106.75874,21.87201],[106.75955,21.87075],[106.75492,21.87069],[106.75517,21.86757],[106.75404,21.86328],[106.75417,21.86195],[106.75589,21.86089],[106.75659,21.85487],[106.75803,21.85047],[106.75605,21.8497],[106.74951,21.84602],[106.74844,21.846],[106.7469,21.84729],[106.74588,21.84772],[106.74091,21.84703],[106.7395,21.8465],[106.73557,21.84259],[106.73352,21.84177],[106.73269,21.84229],[106.73174,21.84432],[106.73141,21.84762],[106.72982,21.85052],[106.72923,21.85256],[106.72952,21.85425],[106.73138,21.85546],[106.73186,21.85781],[106.73092,21.85922],[106.73012,21.85979],[106.72793,21.86345],[106.7267,21.86685],[106.72518,21.86766],[106.7234,21.86661],[106.72171,21.86658],[106.71958,21.86719],[106.71905,21.86766],[106.7191,21.86886],[106.71854,21.87017],[106.71704,21.87205],[106.71627,21.87257],[106.71532,21.87289],[106.71402,21.87274],[106.71141,21.87157],[106.71148,21.87261],[106.71008,21.87554],[106.71111,21.87724],[106.71222,21.87762],[106.71273,21.87878],[106.71269,21.87957],[106.71365,21.88092],[106.71367,21.88145],[106.71469,21.88083],[106.71483,21.88137],[106.7156,21.88175],[106.71935,21.88274],[106.72031,21.88337],[106.72372,21.88292],[106.72417,21.88346],[106.72587,21.88386],[106.72698,21.88523],[106.72717,21.88617],[106.7287,21.88689],[106.72838,21.88802],[106.72858,21.88956],[106.72972,21.89098],[106.73055,21.89137],[106.7303,21.89285],[106.73127,21.89309],[106.73142,21.89369],[106.7324,21.89467],[106.73233,21.89586],[106.73129,21.89641],[106.73072,21.89725],[106.7293,21.89722],[106.73083,21.89874],[106.73235,21.89856],[106.73255,21.89982],[106.733,21.8994],[106.73453,21.90094],[106.73404,21.90254],[106.73293,21.90276],[106.73256,21.90552],[106.73291,21.90556],[106.73357,21.9076],[106.7348,21.90925],[106.73473,21.90973],[106.73538,21.91012],[106.73422,21.91293],[106.73468,21.91455],[106.73552,21.91577],[106.73484,21.91657],[106.73539,21.91828],[106.73626,21.91887],[106.73565,21.9207],[106.73643,21.92279],[106.73756,21.92383],[106.7387,21.92424],[106.73927,21.92738],[106.7397,21.92792],[106.73969,21.92847],[106.74019,21.92822]]]]}},
{"type":"Feature","id":"06001","properties":{"Ward_Code":"06001","Ward_Code_Num":6001,"Ward":"Đoàn Kết","Ward_Alt":"Đoàn Kết","Ward_Upper":"ĐOÀN KẾT","Ward_Full":"Xã Đoàn Kết","Ward_Full_Alt":"Xã Đoàn Kết","Ward_Full_Upper_Alt":"XÃ ĐOÀN KẾT","Ward_Type":"Xã","Province_Code":"20","Province":"Lạng Sơn","Province_Upper_Alt":"LẠNG SƠN"},"geometry":{"type":"MultiPolygon","coordinates":[[[[106.2412,22.46069],[106.24215,22.4606],[106.2437,22.45923],[106.24584,22.45901],[106.24674,22.45767],[106.24847,22.45825],[106.25058,22.45771],[106.25267,22.45554],[106.25352,22.45538],[106.25423,22.45475],[106.25525,22.45472],[106.25643,22.45422],[106.25856,22.45149],[106.25987,22.45119],[106.2601,22.45036],[106.26239,22.45099],[106.26384,22.45182],[106.26724,22.45128],[106.26845,22.4496],[106.27019,22.45082],[106.27111,22.45086],[106.27246,22.44973],[106.27306,22.44823],[106.27567,22.44839],[106.27708,22.44761],[106.27745,22.44729],[106.27752,22.44625],[106.27896,22.44575],[106.28068,22.4438],[106.28152,22.44241],[106.2818,22.44031],[106.28301,22.43959],[106.283,22.43874],[106.28366,22.4385],[106.28488,22.4368],[106.28482,22.436],[106.28566,22.43532],[106.28611,22.43384],[106.28597,22.43214],[106.28707,22.43012],[106.28712,22.42826],[106.28796,22.42703],[106.29042,22.42636],[106.29088,22.42584],[106.29426,22.42545],[106.2953,22.42463],[106.29547,22.424],[106.29661,22.4244],[106.29848,22.4237],[106.29961,22.42242],[106.30039,22.42054],[106.30354,22.4199],[106.30496,22.41821],[106.30536,22.41712],[106.30688,22.41606],[106.30759,22.41512],[106.30913,22.41442],[106.30947,22.41369],[106.31089,22.41244],[106.31095,22.41132],[106.3123,22.41023],[106.31346,22.40998],[106.31602,22.40867],[106.31836,22.40837],[106.31912,22.40748],[106.32214,22.40867],[106.3258,22.40939],[106.32584,22.41047],[106.3267,22.41166],[106.32867,22.41303],[106.3306,22.412],[106.33141,22.41194],[106.33199,22.41101],[106.33424,22.4094],[106.33443,22.40886],[106.33352,22.40746],[106.33376,22.40663],[106.33333,22.40489],[106.33263,22.40405],[106.33237,22.40314],[106.33403,22.40078],[106.33577,22.40062],[106.33689,22.39895],[106.33805,22.39841],[106.33964,22.39691],[106.33962,22.3959],[106.34044,22.39512],[106.34091,22.39382],[106.34229,22.39279],[106.34423,22.39265],[106.34449,22.39202],[106.34472,22.39074],[106.34386,22.38916],[106.34389,22.38798],[106.34335,22.38616],[106.34391,22.38471],[106.34496,22.38365],[106.34495,22.38299],[106.34431,22.38132],[106.34407,22.37838],[106.34122,22.37614],[106.34171,22.3745],[106.34367,22.37278],[106.34606,22.3719],[106.34682,22.36982],[106.34994,22.36876],[106.34992,22.36743],[106.35133,22.36619],[106.35167,22.36491],[106.35238,22.36386],[106.35218,22.36273],[106.35243,22.36241],[106.35903,22.35976],[106.35941,22.35938],[106.35954,22.35832],[106.36095,22.35734],[106.35957,22.3561],[106.35925,22.354],[106.35789,22.35233],[106.35651,22.34815],[106.35454,22.34689],[106.35338,22.34842],[106.35029,22.3503],[106.34845,22.35052],[106.34612,22.35205],[106.34481,22.35206],[106.34374,22.35134],[106.34311,22.34913],[106.342,22.34869],[106.34135,22.34768],[106.33986,22.3474],[106.33929,22.34697],[106.33831,22.34699],[106.33578,22.34843],[106.33284,22.3482],[106.33116,22.34699],[106.33048,22.34592],[106.32648,22.3444],[106.32472,22.34085],[106.32278,22.34232],[106.32246,22.3438],[106.31923,22.34371],[106.32054,22.34415],[106.31979,22.34456],[106.31755,22.34458],[106.31628,22.34412],[106.31495,22.3444],[106.31424,22.34388],[106.31152,22.34429],[106.30939,22.34675],[106.30938,22.34811],[106.30872,22.34794],[106.30514,22.34902],[106.30398,22.34846],[106.30061,22.348],[106.29976,22.34741],[106.29855,22.34877],[106.29756,22.34902],[106.29462,22.34683],[106.2933,22.34485],[106.29169,22.34411],[106.29014,22.34399],[106.2886,22.34466],[106.28684,22.34349],[106.28488,22.34562],[106.28424,22.34585],[106.28382,22.34563],[106.28278,22.34353],[106.28168,22.34338],[106.28187,22.34167],[106.28302,22.34136],[106.2835,22.33972],[106.28413,22.33923],[106.28266,22.3397],[106.28081,22.33975],[106.27904,22.34082],[106.27843,22.3408],[106.27652,22.33918],[106.27658,22.33846],[106.27582,22.33866],[106.2754,22.33784],[106.27446,22.33708],[106.2675,22.33385],[106.26578,22.33197],[106.26463,22.33161],[106.26427,22.33084],[106.26307,22.33056],[106.26148,22.32943],[106.26001,22.32918],[106.25717,22.33108],[106.2546,22.3311],[106.25472,22.33035],[106.2541,22.32862],[106.25244,22.32742],[106.25213,22.3249],[106.25036,22.32424],[106.24686,22.32493],[106.24581,22.32437],[106.24421,22.32147],[106.24447,22.32103],[106.24371,22.32082],[106.24354,22.31857],[106.24096,22.31592],[106.23808,22.31512],[106.23664,22.31655],[106.23459,22.31637],[106.23353,22.31724],[106.23236,22.31676],[106.2299,22.31738],[106.22915,22.31802],[106.22786,22.31743],[106.22767,22.31672],[106.22451,22.31873],[106.22318,22.31899],[106.22246,22.31978],[106.22116,22.31919],[106.22066,22.31934],[106.21919,22.31895],[106.21686,22.32015],[106.2156,22.3197],[106.21258,22.3171],[106.21098,22.31659],[106.2078,22.31425],[106.20634,22.31445],[106.2047,22.31389],[106.20294,22.31409],[106.20217,22.3153],[106.20099,22.31605],[106.2018,22.31667],[106.202,22.31729],[106.20115,22.31866],[106.20084,22.31987],[106.20104,22.32294],[106.20293,22.32549],[106.2036,22.32726],[106.20498,22.3285],[106.20471,22.33026],[106.20536,22.33126],[106.20556,22.33231],[106.20665,22.33321],[106.2073,22.33453],[106.20892,22.33532],[106.20914,22.33571],[106.20919,22.3369],[106.20853,22.33761],[106.20986,22.33839],[106.21159,22.34132],[106.21347,22.34149],[106.2146,22.34202],[106.21522,22.34375],[106.21532,22.34508],[106.21692,22.34644],[106.21931,22.3467],[106.22014,22.34818],[106.21992,22.35057],[106.21869,22.35242],[106.21878,22.35358],[106.21795,22.35506],[106.21816,22.35596],[106.21701,22.35728],[106.21702,22.3581],[106.21396,22.36041],[106.21023,22.36199],[106.21018,22.36368],[106.209,22.36604],[106.20907,22.3677],[106.20873,22.36841],[106.20679,22.3694],[106.20536,22.36945],[106.20481,22.37052],[106.20367,22.37162],[106.20271,22.37193],[106.20207,22.37294],[106.2008,22.37389],[106.1996,22.37406],[106.19877,22.37474],[106.19494,22.3753],[106.19438,22.37583],[106.19285,22.37618],[106.19126,22.37598],[106.1893,22.37751],[106.18868,22.37907],[106.18714,22.38004],[106.18753,22.38259],[106.1879,22.38322],[106.18789,22.38436],[106.18743,22.38466],[106.18593,22.38476],[106.18521,22.38617],[106.18434,22.38709],[106.18471,22.3877],[106.18615,22.38849],[106.18592,22.3891],[106.18655,22.39022],[106.18622,22.39192],[106.18719,22.3932],[106.18656,22.39465],[106.18678,22.39517],[106.18779,22.39591],[106.1877,22.39679],[106.1868,22.39783],[106.18713,22.39846],[106.18667,22.40018],[106.18884,22.40163],[106.19023,22.40353],[106.19027,22.40497],[106.19194,22.40551],[106.19395,22.40772],[106.19213,22.41122],[106.19266,22.41323],[106.1934,22.41397],[106.19233,22.41594],[106.19417,22.41702],[106.19455,22.4181],[106.19593,22.41961],[106.19728,22.42008],[106.19835,22.42162],[106.1995,22.42197],[106.19921,22.4228],[106.19978,22.42342],[106.19993,22.42439],[106.19864,22.4264],[106.19976,22.42747],[106.20123,22.43204],[106.20365,22.43391],[106.20484,22.43526],[106.20612,22.43557],[106.20702,22.43618],[106.20721,22.43876],[106.21113,22.44093],[106.21088,22.44216],[106.2125,22.4449],[106.21289,22.44741],[106.21433,22.44862],[106.21488,22.44943],[106.21499,22.45048],[106.2168,22.45167],[106.21725,22.45234],[106.21897,22.45247],[106.22171,22.4552],[106.22397,22.45441],[106.22581,22.45496],[106.22739,22.45474],[106.2286,22.45499],[106.22974,22.45449],[106.23044,22.45454],[106.23224,22.45549],[106.23335,22.45841],[106.2352,22.45931],[106.23584,22.4603],[106.2375,22.46002],[106.23948,22.46164],[106.2412,22.46069]]]]}},
{"type":"Feature","id":"06004","properties":{"Ward_Code":"06004","Ward_Code_Num":6004,"Ward":"Quốc Khánh","Ward_Alt":"Quốc Khánh","Ward_Upper":"QUỐC KHÁNH","Ward_Full":"Xã Quốc Khánh","Ward_Full_Alt":"Xã Quốc Khánh","Ward_Full_Upper_Alt":"XÃ QUỐC KHÁNH","Ward_Type":"Xã","Province_Code":"20","Province":"Lạng Sơn","Province_Upper_Alt":"LẠNG SƠN"},"geometry":{"type":"MultiPolygon","coordinates":[[[[106.56221,22.42167],[106.56308,22.42091],[106.56334,22.42026],[106.565,22.41907],[106.56523,22.41611],[106.56761,22.41214],[106.56936,22.40839],[106.5714,22.40711],[106.5714,22.40467],[106.57259,22.40347],[106.57266,22.40296],[106.5754,22.40103],[106.57763,22.39758],[106.58013,22.3968],[106.58122,22.39692],[106.58321,22.39561],[106.58432,22.39595],[106.58516,22.39495],[106.58586,22.3934],[106.58553,22.39104],[106.58615,22.38839],[106.58524,22.38577],[106.58171,22.38314],[106.58279,22.38124],[106.58414,22.38182],[106.58472,22.38166],[106.58541,22.3801],[106.58544,22.37776],[106.58439,22.37642],[106.58331,22.37626],[106.58299,22.37491],[106.58016,22.37165],[106.5776,22.3705],[106.5765,22.3707],[106.57485,22.36997],[106.57171,22.36948],[106.57126,22.3679],[106.57045,22.36714],[106.57,22.36558],[106.56873,22.36496],[106.56739,22.36583],[106.56424,22.36665],[106.56353,22.3661],[106.56301,22.3647],[106.56158,22.36434],[106.56171,22.36131],[106.56232,22.35804],[106.56102,22.35494],[106.56128,22.35308],[106.55992,22.34908],[106.5582,22.34862],[106.5708,22.34161],[106.57272,22.34308],[106.57432,22.34477],[106.57442,22.3454],[106.57792,22.34519],[106.57843,22.34357],[106.57801,22.34264],[106.57911,22.34185],[106.57929,22.34098],[106.58059,22.33987],[106.58208,22.33959],[106.5844,22.33988],[106.58534,22.3406],[106.58727,22.3412],[106.58814,22.34309],[106.59011,22.34354],[106.59130999999999,22.34177],[106.5933,22.34083],[106.59406,22.34103],[106.59498,22.3397],[106.59648,22.33964],[106.59726,22.33881],[106.59901,22.3382],[106.60064,22.33889],[106.60314,22.33748],[106.60487,22.33773],[106.60529,22.33874],[106.61104,22.33857],[106.61286,22.34059],[106.61348,22.34015],[106.61433,22.3402],[106.61499,22.3389],[106.6172,22.33722],[106.61748,22.33578],[106.61692,22.33441],[106.6186,22.3336],[106.62044,22.33317],[106.62066,22.33257],[106.61902,22.32942],[106.61863,22.32712],[106.61772,22.32584],[106.6175,22.32458],[106.6161,22.32301],[106.61455,22.3222],[106.61404,22.32143],[106.61225,22.32253],[106.61085,22.32461],[106.60929,22.32539],[106.60586,22.32557],[106.60586,22.32464],[106.60386,22.32311],[106.60244,22.32324],[106.60106,22.32436],[106.59942,22.32314],[106.59859,22.32203],[106.59801,22.31846],[106.59622,22.31768],[106.59398,22.31749],[106.59359,22.31704],[106.5932,22.31472],[106.59354,22.31266],[106.59227,22.31167],[106.59175,22.31043],[106.59019,22.31015],[106.58916,22.31097],[106.58695,22.31105],[106.58592,22.31245],[106.58408,22.31191],[106.58233,22.31256],[106.57842,22.3086],[106.57605,22.30838],[106.5742,22.30917],[106.57314,22.30855],[106.57154,22.30868],[106.5704,22.30719],[106.57029,22.30657],[106.57159,22.30426],[106.56662,22.30695],[106.56521,22.30606],[106.56468,22.30499],[106.56461,22.30372],[106.56361,22.30276],[106.56264,22.30264],[106.56093,22.3032],[106.55959,22.30287],[106.5585,22.30299],[106.55835,22.30161],[106.55971,22.30052],[106.55974,22.29897],[106.56012,22.29788],[106.56152,22.29627],[106.56134,22.29557],[106.56018,22.2947],[106.5604,22.29164],[106.55955,22.29078],[106.56069,22.28961],[106.56033,22.2885],[106.56049,22.2877],[106.5608,22.28721],[106.56373,22.28598],[106.56372,22.28377],[106.56485,22.28167],[106.56581,22.28058],[106.56418,22.27874],[106.562,22.27832],[106.56204,22.27719],[106.5633,22.27549],[106.56303,22.27373],[106.56186,22.2734],[106.56037,22.27422],[106.55847,22.27469],[106.55651,22.27457],[106.55242,22.27305],[106.54697,22.27432],[106.5456,22.27504],[106.54456,22.2748],[106.54106,22.27336],[106.54054,22.27206],[106.53949,22.27159],[106.53992,22.27088],[106.53991,22.26985],[106.53874,22.26759],[106.53902,22.26601],[106.53869,22.26506],[106.53697,22.2645],[106.53608,22.26468],[106.53519,22.26352],[106.53371,22.26285],[106.53279,22.26336],[106.53245,22.26435],[106.5318,22.26497],[106.53029,22.26518],[106.52894,22.26374],[106.52632,22.26312],[106.52551,22.26088],[106.52426,22.26097],[106.52346,22.26061],[106.52264,22.25906],[106.51876,22.25857],[106.51644,22.25892],[106.51464,22.25841],[106.51346,22.25768],[106.51261,22.2582],[106.5122,22.25898],[106.51203,22.26141],[106.51145,22.26169],[106.51153,22.26283],[106.51027,22.26283],[106.50962,22.26317],[106.5092,22.26277],[106.5086,22.26404],[106.50815,22.26416],[106.50846,22.26478],[106.50709,22.2654],[106.50668,22.2659],[106.50747,22.26681],[106.5076,22.26788],[106.50704,22.26836],[106.50661,22.26988],[106.50714,22.27255],[106.50791,22.27333],[106.50773,22.27395],[106.50806,22.27471],[106.50683,22.27656],[106.50726,22.27906],[106.50704,22.27983],[106.5085,22.28097],[106.50817,22.28206],[106.50849,22.28237],[106.51027,22.28251],[106.51018,22.28541],[106.50795,22.28706],[106.50574,22.28713],[106.50211,22.28589],[106.50163,22.28609],[106.49564,22.28559],[106.49329,22.28834],[106.49169,22.28803],[106.49093,22.28858],[106.48993,22.28874],[106.48855,22.28843],[106.48642,22.28853],[106.48611,22.28812],[106.48414,22.29238],[106.48242,22.29217],[106.48049,22.29106],[106.47905,22.28903],[106.47693,22.28775],[106.47523,22.28561],[106.47405,22.28701],[106.47264,22.28986],[106.47282,22.29116],[106.47451,22.29249],[106.47472,22.29354],[106.47411,22.29343],[106.47239,22.2941],[106.47065,22.29367],[106.46854,22.2939],[106.46453,22.29673],[106.46442,22.29966],[106.46325,22.30086],[106.46212,22.30281],[106.45991,22.30311],[106.45864,22.30435],[106.45761,22.30769],[106.4575,22.31021],[106.45789,22.31087],[106.45758,22.31376],[106.4565,22.31698],[106.45488,22.31964],[106.45432,22.32291],[106.45446,22.32454],[106.45282,22.32687],[106.45202,22.32956],[106.45128,22.33047],[106.45061,22.3325],[106.44998,22.33314],[106.44929,22.33541],[106.4478,22.33672],[106.44729,22.33816],[106.44834,22.33772],[106.45097,22.33835],[106.4519,22.33824],[106.45359,22.33919],[106.4543,22.34036],[106.45384,22.34332],[106.4548,22.34523],[106.45469,22.34578],[106.45191,22.34694],[106.45081,22.34687],[106.45154,22.34836],[106.45077,22.34925],[106.45189,22.35005],[106.4521,22.35201],[106.45358,22.35333],[106.45238,22.35712],[106.45395,22.35692],[106.45625,22.35871],[106.45801,22.35866],[106.45944,22.35823],[106.46095,22.35944],[106.46281,22.35976],[106.46679,22.35875],[106.46744,22.35963],[106.46777,22.36107],[106.46898,22.36231],[106.47134,22.36221],[106.47485,22.36375],[106.47555,22.36359],[106.47578,22.36309],[106.47643,22.36314],[106.47783,22.3644],[106.4784,22.36441],[106.47978,22.36554],[106.48102,22.36583],[106.48151,22.36682],[106.48205,22.3672],[106.48615,22.36816],[106.4876,22.36806],[106.48785,22.37014],[106.48876,22.37154],[106.4885,22.37348],[106.48971,22.37476],[106.4893,22.37633],[106.48855,22.37694],[106.48726,22.37682],[106.48551,22.37611],[106.48419,22.37632],[106.48319,22.3769],[106.4814,22.37683],[106.48003,22.37818],[106.4797,22.37933],[106.48277,22.37972],[106.48447,22.38051],[106.48492,22.38148],[106.48638,22.38131],[106.48908,22.38245],[106.48972,22.3838],[106.49085,22.3848],[106.49057,22.38604],[106.49074,22.38754],[106.48624,22.38954],[106.48372,22.39012],[106.48537,22.39265],[106.48712,22.39284],[106.48834,22.39254],[106.4907,22.39365],[106.4918,22.39351],[106.49438,22.3964],[106.4942,22.39803],[106.49262,22.39858],[106.49084,22.39831],[106.48986,22.40043],[106.49053,22.40145],[106.49171,22.40163],[106.49226,22.40225],[106.49514,22.4027],[106.49686,22.40455],[106.49776,22.40487],[106.50118,22.40409],[106.50303,22.4043],[106.5037,22.40514],[106.50461,22.40518],[106.50843,22.40283],[106.51216,22.40234],[106.51229,22.4013],[106.51351,22.40101],[106.51504,22.4],[106.51597,22.3985],[106.51846,22.39876],[106.51939,22.39782],[106.52043,22.3983],[106.52065,22.40008],[106.52131,22.40115],[106.52427,22.403199999999998],[106.52515,22.40416],[106.52795,22.40473],[106.52978,22.40754],[106.53146,22.40833],[106.53299,22.40809],[106.53241,22.40868],[106.53227,22.41004],[106.53159,22.41051],[106.53123,22.41138],[106.52848,22.41298],[106.53021,22.4133],[106.53157,22.41433],[106.53335,22.41455],[106.5344,22.41538],[106.53512,22.41698],[106.53487,22.41824],[106.53544,22.4192],[106.53661,22.41929],[106.53748,22.41884],[106.53912,22.4195],[106.54344,22.41974],[106.54584,22.41944],[106.54643,22.41984],[106.54753,22.41974],[106.54908,22.42022],[106.54984,22.42082],[106.55189,22.42131],[106.55338,22.42017],[106.55458,22.42049],[106.55551,22.42],[106.55646,22.41997],[106.55695,22.4206],[106.55703,22.4215],[106.55751,22.4218],[106.55937,22.42164],[106.5598,22.42233],[106.5606,22.42248],[106.56221,22.42167]]]]}},
{"type":"Feature","id":"06019","properties":{"Ward_Code":"06019","Ward_Code_Num":6019,"Ward":"Tân Tiến","Ward_Alt":"Tân Tiến","Ward_Upper":"TÂN TIẾN","Ward_Full":"Xã Tân Tiến","Ward_Full_Alt":"Xã Tân Tiến","Ward_Full_Upper_Alt":"XÃ TÂN TIẾN","Ward_Type":"Xã","Province_Code":"20","Province":"Lạng Sơn","Province_Upper_Alt":"LẠNG SƠN"},"geometry":{"type":"MultiPolygon","coordinates":[[[[106.34912,22.35035],[106.35029,22.3503],[106.35323,22.34854],[106.35454,22.34689],[106.35378,22.34483],[106.35545,22.34303],[106.35555,22.34162],[106.35704,22.33922],[106.35884,22.33949],[106.35922,22.33996],[106.36007,22.33979],[106.36103,22.34078],[106.36227,22.34027],[106.36404,22.33829],[106.36531,22.33818],[106.36794,22.33719],[106.36817,22.33461],[106.36881,22.33396],[106.3686,22.33346],[106.36916,22.33228],[106.36846,22.32872],[106.3704,22.32664],[106.37028,22.32478],[106.37089,22.3234],[106.37193,22.32248],[106.37255999999999,22.31922],[106.37347,22.31899],[106.37456,22.31771],[106.3755,22.31714],[106.37719,22.31736],[106.3781,22.31702],[106.37816,22.31601],[106.38149,22.31604],[106.38187,22.31578],[106.38184,22.31437],[106.38246,22.31376],[106.38381,22.31364],[106.3872,22.30912],[106.38878,22.30921],[106.38939,22.30824],[106.39088,22.30806],[106.39045,22.30648],[106.39116,22.30662],[106.39147,22.30611],[106.39202,22.30614],[106.39382,22.30688],[106.39484,22.30678],[106.39548,22.30724],[106.39666,22.30688],[106.3975,22.30524],[106.39931,22.30431],[106.39992,22.3031],[106.40075,22.30257],[106.40096,22.30156],[106.4016,22.30096],[106.40139,22.29914],[106.4021,22.29811],[106.40288,22.29732],[106.40348,22.29732],[106.40652,22.2957],[106.40733,22.29488],[106.40773,22.2939],[106.40776,22.29168],[106.40917,22.29048],[106.41028,22.29042],[106.41158,22.29093],[106.41451,22.291],[106.41663,22.28975],[106.41812,22.29094],[106.41961,22.29147],[106.42057,22.29087],[106.42141,22.28942],[106.42203,22.28911],[106.42233,22.28759],[106.42326,22.28607],[106.42376,22.28382],[106.42417,22.28366],[106.42512,22.2843],[106.42655,22.28379],[106.42707,22.28307],[106.42886,22.28247],[106.42947,22.28244],[106.42989,22.28289],[106.42904,22.28285],[106.42884,22.28348],[106.43048,22.28294],[106.43066,22.28135],[106.43123,22.28097],[106.43112,22.27931],[106.43143,22.27824],[106.43096,22.27767],[106.43118,22.27554],[106.43057,22.27458],[106.4295,22.27406],[106.43116,22.27242],[106.43044,22.2702],[106.43332,22.26742],[106.43755,22.26587],[106.4369,22.26486],[106.43766,22.26382],[106.43763,22.26324],[106.43649,22.26058],[106.43564,22.26042],[106.43441,22.26079],[106.43393,22.26057],[106.43278,22.25894],[106.43162,22.25852],[106.43128,22.25749],[106.42904,22.25616],[106.42889,22.25451],[106.42949,22.25348],[106.42803,22.25181],[106.42842,22.24949],[106.42799,22.24707],[106.42356,22.2455],[106.42131,22.24682],[106.41836,22.24753],[106.41701,22.24684],[106.41617,22.24591],[106.41464,22.24528],[106.41357,22.24523],[106.41201,22.24342],[106.40871,22.24612],[106.40666,22.24581],[106.40506,22.24615],[106.40264,22.24451],[106.40058,22.24498],[106.40056,22.24387],[106.39984,22.24317],[106.39968,22.24218],[106.4019,22.23537],[106.40094,22.23358],[106.40153,22.23099],[106.40279,22.22884],[106.40227,22.22761],[106.3993,22.22444],[106.39788,22.22506],[106.39643,22.22507],[106.39682,22.22436],[106.3967,22.22366],[106.39546,22.22266],[106.3943,22.22242],[106.39405,22.22188],[106.39285,22.22144],[106.39123,22.2218],[106.39085,22.2212],[106.38879,22.22097],[106.38724,22.21986],[106.38613,22.2198],[106.38432,22.21798],[106.38282,22.21833],[106.38217,22.21956],[106.38152,22.2189],[106.38102,22.21937],[106.38008,22.21888],[106.37963,22.21931],[106.37979,22.22069],[106.37927,22.22354],[106.3782,22.22606],[106.37888,22.22778],[106.37878,22.22839],[106.37689,22.22904],[106.3745,22.23157],[106.3735,22.23082],[106.37319,22.22986],[106.36908,22.23004],[106.36784,22.22962],[106.36644,22.22999],[106.36448,22.22995],[106.363,22.23064],[106.35082,22.22974],[106.3487,22.23056],[106.34557,22.22959],[106.3443,22.23009],[106.34298,22.22946],[106.33905,22.2294],[106.33861,22.22904],[106.33708,22.22923],[106.33595,22.22992],[106.33479,22.2326],[106.33249,22.23456],[106.33031,22.23462],[106.32929,22.23579],[106.32844,22.23747],[106.32581,22.23742],[106.32339,22.23897],[106.32169,22.23894],[106.31712,22.23972],[106.31606,22.23954],[106.31479,22.23884],[106.31453,22.239],[106.31354,22.23999],[106.31338,22.24158],[106.31193,22.24248],[106.31059,22.2445],[106.3096,22.24774],[106.30817,22.24943],[106.30816,22.25106],[106.30734,22.25167],[106.30625,22.25165],[106.30384,22.25094],[106.30274,22.25119],[106.30152,22.25194],[106.29983,22.25243],[106.2971,22.25478],[106.2971,22.25429],[106.29539,22.25337],[106.29395,22.2518],[106.2927,22.25252],[106.29158,22.25243],[106.29025,22.25328],[106.28777,22.25332],[106.28722,22.25299],[106.2875,22.25115],[106.28728,22.25037],[106.2847,22.25142],[106.28327,22.25099],[106.2823,22.2513],[106.28089,22.2502],[106.27779,22.24971],[106.27384,22.25081],[106.27265,22.25193],[106.27064,22.25172],[106.26975,22.25125],[106.26747,22.25159],[106.26543,22.25363],[106.26452,22.25365],[106.26362,22.25418],[106.26226,22.25372],[106.26131,22.25281],[106.25944,22.25225],[106.25752,22.25247],[106.2567,22.25219],[106.25383,22.24992],[106.2537,22.24859],[106.25202,22.24765],[106.25194,22.2469],[106.24836,22.24662],[106.24672,22.24693],[106.24574,22.24667],[106.24495,22.2478],[106.24376,22.24831],[106.24295,22.24831],[106.24332,22.24869],[106.2435,22.25019],[106.24464,22.25095],[106.24531,22.2521],[106.24628,22.25521],[106.24719,22.25598],[106.24624,22.25902],[106.24484,22.26009],[106.24495,22.2612],[106.24438,22.26407],[106.24538,22.26693],[106.24402,22.26893],[106.2429,22.26962],[106.24208,22.2709],[106.23977,22.2729],[106.23935,22.27434],[106.23765,22.27553],[106.23473,22.2791],[106.23238,22.2794],[106.22943,22.28098],[106.22806,22.28247],[106.22386,22.2826],[106.22424,22.28403],[106.22404,22.28676],[106.22368,22.28792],[106.22249,22.28884],[106.21992,22.29022],[106.21878,22.28928],[106.21807,22.28954],[106.21785,22.28886],[106.21677,22.28843],[106.21482,22.28832],[106.21432,22.28877],[106.21334,22.28899],[106.21088,22.29088],[106.21049,22.29162],[106.21044,22.29276],[106.20977,22.29343],[106.20877,22.29548],[106.20881,22.29715],[106.2072,22.2991],[106.20696,22.30016],[106.20463,22.30148],[106.20448,22.30381],[106.20337,22.30526],[106.20348,22.3072],[106.20154,22.308],[106.20038,22.30935],[106.19945,22.31244],[106.19952,22.31398],[106.20099,22.31605],[106.20217,22.3153],[106.20303,22.31404],[106.20485,22.3139],[106.20634,22.31445],[106.20767,22.3142],[106.21098,22.31659],[106.21258,22.3171],[106.2156,22.3197],[106.21686,22.32015],[106.21919,22.31895],[106.22066,22.31934],[106.22116,22.31919],[106.22246,22.31978],[106.22318,22.31899],[106.22451,22.31873],[106.22767,22.31672],[106.22786,22.31743],[106.22915,22.31802],[106.2299,22.31738],[106.23236,22.31676],[106.23353,22.31724],[106.23459,22.31637],[106.23664,22.31655],[106.23808,22.31512],[106.24096,22.31592],[106.24354,22.31857],[106.24371,22.32082],[106.24447,22.32103],[106.24421,22.32147],[106.24581,22.32437],[106.24686,22.32493],[106.25036,22.32424],[106.25213,22.3249],[106.25244,22.32742],[106.2541,22.32862],[106.25472,22.33035],[106.2546,22.3311],[106.25717,22.33108],[106.25966,22.32928],[106.26136,22.32938],[106.26307,22.33056],[106.26427,22.33084],[106.26463,22.33161],[106.26578,22.33197],[106.2675,22.33385],[106.27446,22.33708],[106.2754,22.33784],[106.27582,22.33866],[106.27658,22.33846],[106.27652,22.33918],[106.27843,22.3408],[106.27904,22.34082],[106.28081,22.33975],[106.28266,22.3397],[106.28413,22.33923],[106.2835,22.33972],[106.28302,22.34136],[106.28187,22.34167],[106.28168,22.34338],[106.28278,22.34353],[106.28361,22.34535],[106.28424,22.34585],[106.28518,22.34538],[106.28684,22.34349],[106.2886,22.34466],[106.29014,22.34399],[106.29169,22.34411],[106.2933,22.34485],[106.29462,22.34683],[106.29749,22.349],[106.29837,22.3489],[106.2998,22.34741],[106.30061,22.348],[106.30398,22.34846],[106.30514,22.34902],[106.30872,22.34794],[106.30938,22.34811],[106.30939,22.34675],[106.31152,22.34429],[106.31424,22.34388],[106.31495,22.3444],[106.31628,22.34412],[106.31755,22.34458],[106.31979,22.34456],[106.32054,22.34415],[106.31923,22.34371],[106.32246,22.3438],[106.32278,22.34232],[106.32472,22.34085],[106.32648,22.3444],[106.33048,22.34592],[106.33116,22.34699],[106.33284,22.3482],[106.33578,22.34843],[106.33831,22.34699],[106.33929,22.34697],[106.33986,22.3474],[106.34135,22.34768],[106.342,22.34869],[106.34311,22.34913],[106.34374,22.35134],[106.34506,22.3521],[106.34612,22.35205],[106.34912,22.35035]]]]}},
{"type":"Feature","id":"06037","properties":{"Ward_Code":"06037","Ward_Code_Num":6037,"Ward":"Kháng Chiến","Ward_Alt":"Kháng Chiến","Ward_Upper":"KHÁNG CHIẾN","Ward_Full":"Xã Kháng Chiến","Ward_Full_Alt":"Xã Kháng Chiến","Ward_Full_Upper_Alt":"XÃ KHÁNG CHIẾN","Ward_Type":"Xã","Province_Code":"20","Province":"Lạng Sơn","Province_Upper_Alt":"LẠNG SƠN"},"geometry":{"type":"MultiPolygon","coordinates":[[[[106.64409,22.33992],[106.64596,22.33922],[106.64863,22.33983],[106.65181,22.33794],[106.65233,22.33648],[106.6535,22.33604],[106.65391,22.33557],[106.65547,22.33574],[106.65888,22.33389],[106.65999,22.33415],[106.65936,22.33325],[106.65908,22.33339],[106.65921,22.33219],[106.65713,22.32867],[106.65744,22.32688],[106.65718,22.32607],[106.65797,22.32475],[106.65824,22.32294],[106.65898,22.32119],[106.65925,22.31916],[106.65909,22.31764],[106.66078,22.31681],[106.6609,22.31604],[106.66142,22.31594],[106.66214,22.31514],[106.6622,22.31482],[106.66149,22.31427],[106.66188,22.31399],[106.66261,22.31439],[106.66291,22.31411],[106.66347,22.31313],[106.66344,22.31198],[106.66472,22.31209],[106.6661,22.31155],[106.66599,22.30947],[106.66739,22.30849],[106.66796,22.309],[106.66831,22.30756],[106.66716,22.30618],[106.66638,22.30454],[106.66635,22.3024],[106.66575,22.30003],[106.66828,22.29686],[106.66742,22.29199],[106.66637,22.29089],[106.66621,22.29029],[106.66678,22.28603],[106.66866,22.2845],[106.67105,22.28357],[106.67146,22.28359],[106.67307,22.28499],[106.67512,22.28517],[106.67618,22.28498],[106.67772,22.28399],[106.67944,22.28375],[106.68158,22.28242],[106.68129,22.2816],[106.68064,22.28144],[106.68036,22.28038],[106.67778,22.27981],[106.67594,22.27897],[106.67543,22.27759],[106.67446,22.27634],[106.67443,22.27391],[106.67169,22.27256],[106.67076,22.27145],[106.66919,22.27128],[106.66782,22.27035],[106.66599,22.26755],[106.66355,22.26576],[106.66261,22.26419],[106.65973,22.26304],[106.65878,22.26064],[106.65732,22.25977],[106.65406,22.25632],[106.65344,22.25606],[106.65118,22.25796],[106.64976,22.25822],[106.64899,22.25762],[106.64734,22.25751],[106.64623,22.2566],[106.64502,22.2563],[106.64379,22.25489],[106.64068,22.25442],[106.63909,22.25224],[106.6381,22.25175],[106.63734,22.25301],[106.6348,22.2546],[106.63243,22.25362],[106.63029,22.2535],[106.62745,22.25434],[106.62532,22.25356],[106.62459,22.25274],[106.62433,22.25186],[106.6243,22.24945],[106.623,22.24875],[106.62203,22.24611],[106.62098,22.24488],[106.62034,22.24348],[106.61919,22.24279],[106.61852,22.24078],[106.61681,22.23975],[106.61657,22.23791],[106.61551,22.23691],[106.61623,22.23545],[106.61454,22.23339],[106.61311,22.23299],[106.61049,22.23054],[106.60817,22.23054],[106.60688,22.23162],[106.60666,22.23252],[106.60578,22.23341],[106.60514,22.23549],[106.60478,22.23582],[106.60359,22.2361],[106.60219,22.23506],[106.60176,22.23355],[106.60116,22.23326],[106.60054,22.23341],[106.59786,22.23536],[106.59719,22.2363],[106.5968,22.23546],[106.59606,22.23491],[106.59462,22.23525],[106.59284,22.23482],[106.59203,22.2317],[106.59195,22.22958],[106.59086,22.22914],[106.58938,22.22924],[106.5892,22.22793],[106.5877,22.22708],[106.58751,22.22528],[106.58358,22.22408],[106.57982,22.22484],[106.57921,22.2251],[106.57778,22.22856],[106.57674,22.2288],[106.57573,22.22832],[106.57498,22.22708],[106.57555,22.22463],[106.57386,22.22305],[106.57258,22.22032],[106.56751,22.21781],[106.56674,22.21685],[106.567,22.21438],[106.56653,22.21362],[106.56568,22.21319],[106.56556,22.21234],[106.56654,22.2116],[106.56845,22.20805],[106.56726,22.20663],[106.56439,22.20563],[106.56293,22.20454],[106.56067,22.19918],[106.55442,22.20106],[106.55388,22.19965],[106.5537,22.19603],[106.55303,22.19558],[106.55311,22.19485],[106.55188,22.19518],[106.55163,22.19653],[106.5503,22.19811],[106.54394,22.19923],[106.54316,22.20014],[106.54205,22.20075],[106.54126,22.20239],[106.54176,22.20388],[106.54232,22.20424],[106.54088,22.2049],[106.53948,22.20316],[106.53863,22.20152],[106.53744,22.20119],[106.53371,22.20128],[106.53307,22.2029],[106.53171,22.20432],[106.53165,22.20666],[106.53082,22.20675],[106.52893,22.20792],[106.52736,22.20789],[106.52661,22.20856],[106.52678,22.21055],[106.52778,22.21071],[106.52879,22.21028],[106.52972,22.21111],[106.53042,22.21062],[106.53091,22.2109],[106.53087,22.21154],[106.53016,22.21235],[106.53014,22.21355],[106.52965,22.21396],[106.52725,22.2137],[106.52539,22.21409],[106.5234,22.21546],[106.52254,22.21356],[106.52154,22.21347],[106.52098,22.21281],[106.52019,22.21267],[106.51848,22.21472],[106.51776,22.21507],[106.51667,22.21499],[106.51556,22.21582],[106.51399,22.21595],[106.51178,22.2148],[106.51114,22.21318],[106.50913,22.21262],[106.50779,22.21272],[106.50479,22.21156],[106.50234,22.2139],[106.50227,22.21434],[106.50283,22.21487],[106.50316,22.21595],[106.50257,22.21672],[106.50264,22.21782],[106.50197,22.21967],[106.49983,22.22059],[106.49852,22.22054],[106.49854,22.22202],[106.49911,22.22335],[106.49822,22.22356],[106.49552,22.22251],[106.49502,22.22356],[106.49524,22.22429],[106.49452,22.22519],[106.49468,22.22652],[106.49198,22.22741],[106.49189,22.22927],[106.49304,22.2313],[106.49366,22.23183],[106.49397,22.23364],[106.49523,22.23403],[106.49854,22.2368],[106.49979,22.23702],[106.50189,22.23803],[106.50249,22.23928],[106.50329,22.23915],[106.50537,22.241],[106.50549,22.24156],[106.50507,22.24179],[106.50258,22.24125],[106.50112,22.24189],[106.50049,22.24278],[106.50114,22.24387],[106.50105,22.2452],[106.50296,22.24678],[106.50318,22.24823],[106.50271,22.24938],[106.50394,22.24982],[106.50621,22.24942],[106.50761,22.25147],[106.50748,22.25225],[106.50775,22.2527],[106.51034,22.25336],[106.51144,22.25472],[106.51281,22.2555],[106.51286,22.257],[106.51464,22.25841],[106.51644,22.25892],[106.51876,22.25857],[106.52264,22.25906],[106.52346,22.26061],[106.52426,22.26097],[106.52551,22.26088],[106.52632,22.26312],[106.52894,22.26374],[106.53029,22.26518],[106.5318,22.26497],[106.53245,22.26435],[106.53279,22.26336],[106.53371,22.26285],[106.53519,22.26352],[106.53608,22.26468],[106.53697,22.2645],[106.53869,22.26506],[106.53902,22.26601],[106.53874,22.26759],[106.53991,22.26985],[106.53992,22.27088],[106.53949,22.27159],[106.54054,22.27206],[106.54106,22.27336],[106.54199,22.27387],[106.5456,22.27504],[106.54697,22.27432],[106.55242,22.27305],[106.55651,22.27457],[106.55847,22.27469],[106.56037,22.27422],[106.56186,22.2734],[106.56324,22.27396],[106.5633,22.27549],[106.56204,22.27719],[106.562,22.27832],[106.56418,22.27874],[106.56581,22.28058],[106.56485,22.28167],[106.56372,22.28377],[106.56373,22.28598],[106.5608,22.28721],[106.56049,22.2877],[106.56033,22.2885],[106.56069,22.28961],[106.55955,22.29078],[106.5604,22.29164],[106.56018,22.2947],[106.56134,22.29557],[106.56152,22.29627],[106.56012,22.29788],[106.55974,22.29897],[106.55971,22.30052],[106.55835,22.30161],[106.5585,22.30299],[106.55959,22.30287],[106.56093,22.3032],[106.56264,22.30264],[106.56361,22.30276],[106.56461,22.30372],[106.56468,22.30499],[106.56521,22.30606],[106.56662,22.30695],[106.57159,22.30426],[106.57029,22.30657],[106.5704,22.30719],[106.57154,22.30868],[106.57314,22.30855],[106.5742,22.30917],[106.57605,22.30838],[106.57842,22.3086],[106.58233,22.31256],[106.58408,22.31191],[106.58592,22.31245],[106.58695,22.31105],[106.58916,22.31097],[106.59019,22.31015],[106.59175,22.31043],[106.59227,22.31167],[106.59354,22.31266],[106.5932,22.31472],[106.59372,22.31725],[106.59637,22.31772],[106.59801,22.31846],[106.59879,22.32248],[106.60106,22.32436],[106.602,22.32345],[106.60353,22.32304],[106.60586,22.32464],[106.60586,22.32557],[106.60955,22.32534],[106.61085,22.32461],[106.61225,22.32253],[106.61404,22.32143],[106.61455,22.3222],[106.6161,22.32301],[106.6175,22.32458],[106.61772,22.32584],[106.61863,22.32712],[106.61902,22.32942],[106.62066,22.33257],[106.62062,22.33306],[106.6228,22.33462],[106.62487,22.33495],[106.62611,22.33591],[106.6276,22.33648],[106.62886,22.33646],[106.63113,22.33776],[106.63314,22.33745],[106.63529,22.33972],[106.63978,22.33821],[106.64145,22.33858],[106.64335,22.33992],[106.64409,22.33992]]]]}},
{"type":"Feature","id":"06040","properties":{"Ward_Code":"06040","Ward_Code_Num":6040,"Ward":"Thất Khê","Ward_Alt":"Thất Khê","Ward_Upper":"THẤT KHÊ","Ward_Full":"Xã Thất Khê","Ward_Full_Alt":"Xã Thất Khê","Ward_Full_Upper_Alt":"XÃ THẤT KHÊ","Ward_Type":"Xã","Province_Code":"20","Province":"Lạng Sơn","Province_Upper_Alt":"LẠNG SƠN"},"geometry":{"type":"MultiPolygon","coordinates":[[[[106.40031,22.3704],[106.40152,22.37053],[106.40498,22.36934],[106.40895,22.37026],[106.41025,22.37013],[106.4119,22.37072],[106.41303,22.36901],[106.41562,22.36782],[106.41589,22.36661],[106.41707,22.36542],[106.42082,22.36277],[106.42104,22.3619],[106.42196,22.36077],[106.42308,22.35992],[106.42529999999999,22.35912],[106.42757,22.35967],[106.42857,22.35928],[106.42985,22.35943],[106.43114,22.36146],[106.43328,22.36293],[106.43378,22.36364],[106.4348,22.36322],[106.43627,22.36418],[106.43851,22.36252],[106.43913,22.36252],[106.43986,22.36346],[106.44074,22.36331],[106.44228,22.36164],[106.44338,22.35925],[106.44534,22.35849],[106.44824,22.35899],[106.44865,22.35813],[106.45025,22.35732],[106.45146,22.3569],[106.45238,22.35712],[106.45358,22.35333],[106.4521,22.35201],[106.45189,22.35005],[106.45077,22.34925],[106.45154,22.34836],[106.45081,22.34687],[106.45191,22.34694],[106.45469,22.34578],[106.4548,22.34523],[106.45384,22.34332],[106.4543,22.34036],[106.45359,22.33919],[106.4519,22.33824],[106.45097,22.33835],[106.44834,22.33772],[106.44729,22.33816],[106.4478,22.33672],[106.44929,22.33541],[106.44998,22.33314],[106.45061,22.3325],[106.45128,22.33047],[106.45202,22.32956],[106.45282,22.32687],[106.45446,22.32454],[106.45432,22.32291],[106.45488,22.31964],[106.4565,22.31698],[106.45758,22.31376],[106.45789,22.31087],[106.4575,22.31021],[106.45761,22.30769],[106.45864,22.30435],[106.45991,22.30311],[106.46183,22.30294],[106.46249,22.30234],[106.46325,22.30086],[106.46414,22.30014],[106.46452,22.29939],[106.46459,22.29665],[106.46886,22.29372],[106.47065,22.29367],[106.47239,22.2941],[106.47411,22.29343],[106.47472,22.29354],[106.47451,22.29249],[106.47282,22.29116],[106.47264,22.28986],[106.47405,22.28701],[106.47523,22.28561],[106.47693,22.28775],[106.47905,22.28903],[106.48049,22.29106],[106.48242,22.29217],[106.48414,22.29238],[106.48611,22.28812],[106.48642,22.28853],[106.48855,22.28843],[106.48993,22.28874],[106.49093,22.28858],[106.49169,22.28803],[106.49329,22.28834],[106.49564,22.28559],[106.50163,22.28609],[106.50211,22.28589],[106.50574,22.28713],[106.50795,22.28706],[106.51021,22.28537],[106.51027,22.28251],[106.50849,22.28237],[106.50817,22.28206],[106.5085,22.28097],[106.50704,22.27983],[106.50726,22.27906],[106.50683,22.27656],[106.50806,22.27471],[106.50773,22.27395],[106.50791,22.27333],[106.50714,22.27255],[106.50661,22.26988],[106.50704,22.26836],[106.5076,22.26788],[106.50747,22.26681],[106.50668,22.2659],[106.50709,22.2654],[106.50846,22.26478],[106.50815,22.26416],[106.5086,22.26404],[106.5092,22.26277],[106.50962,22.26317],[106.51027,22.26283],[106.51153,22.26283],[106.51145,22.26169],[106.51203,22.26141],[106.5122,22.25898],[106.51261,22.2582],[106.51346,22.25768],[106.51274,22.25669],[106.51293,22.25566],[106.51144,22.25472],[106.51034,22.25336],[106.50789,22.25284],[106.50748,22.25225],[106.50768,22.25163],[106.50724,22.2507],[106.50621,22.24942],[106.50394,22.24982],[106.50271,22.24938],[106.50318,22.24823],[106.50296,22.24678],[106.50105,22.2452],[106.50114,22.24387],[106.50049,22.24278],[106.50112,22.24189],[106.50258,22.24125],[106.50507,22.24179],[106.50549,22.24156],[106.50537,22.241],[106.50329,22.23915],[106.50249,22.23928],[106.50189,22.23803],[106.49979,22.23702],[106.49854,22.2368],[106.49523,22.23403],[106.49397,22.23364],[106.49366,22.23183],[106.49209,22.22977],[106.4903,22.22998],[106.48898,22.23075],[106.48887,22.23151],[106.48955,22.2332],[106.48924,22.2337],[106.48583,22.23377],[106.48459,22.23447],[106.48413,22.23512],[106.48587,22.23904],[106.4873,22.23953],[106.4876,22.24038],[106.4883,22.24095],[106.48826,22.24131],[106.48552,22.24232],[106.48456,22.24224],[106.48397,22.24291],[106.48358,22.24291],[106.48284,22.24246],[106.48168,22.24078],[106.48129,22.23942],[106.48052,22.23949],[106.4797,22.2427],[106.47874,22.2438],[106.47965,22.24517],[106.47968,22.24586],[106.4792,22.24634],[106.47746,22.2461],[106.47669,22.2466],[106.47657,22.2474],[106.47732,22.24822],[106.47775,22.2493],[106.47602,22.25126],[106.47239,22.25383],[106.46777,22.25593],[106.4665,22.25692],[106.46504,22.25871],[106.46366,22.25875],[106.4628,22.2593],[106.45943,22.26244],[106.45899,22.26411],[106.45659,22.26613],[106.45601,22.26589],[106.45614,22.26445],[106.45574,22.26309],[106.45601,22.26232],[106.45377,22.26253],[106.45244,22.26322],[106.44847,22.26342],[106.44702,22.26285],[106.44574,22.26283],[106.44526,22.26217],[106.44352,22.26304],[106.44228,22.26406],[106.44126,22.26653],[106.43949,22.26884],[106.43798,22.26938],[106.43598,22.27142],[106.43232,22.27187],[106.43116,22.27242],[106.42952,22.27394],[106.43057,22.27458],[106.43118,22.27554],[106.43093,22.27612],[106.43096,22.27767],[106.43143,22.27824],[106.43112,22.27931],[106.43123,22.28097],[106.43066,22.28135],[106.43048,22.28294],[106.42884,22.28348],[106.42904,22.28285],[106.42989,22.28289],[106.42947,22.28244],[106.42886,22.28247],[106.42707,22.28307],[106.42655,22.28379],[106.42512,22.2843],[106.42417,22.28366],[106.42376,22.28382],[106.42326,22.28607],[106.42233,22.28759],[106.42203,22.28911],[106.42141,22.28942],[106.42057,22.29087],[106.41961,22.29147],[106.41812,22.29094],[106.41663,22.28975],[106.41451,22.291],[106.41158,22.29093],[106.40949,22.29039],[106.40853,22.29092],[106.40776,22.29168],[106.40773,22.2939],[106.40733,22.29488],[106.40652,22.2957],[106.40348,22.29732],[106.40288,22.29732],[106.4021,22.29811],[106.40139,22.29914],[106.4016,22.30096],[106.40096,22.30156],[106.40075,22.30257],[106.39992,22.3031],[106.39931,22.30431],[106.3975,22.30524],[106.39666,22.30688],[106.39548,22.30724],[106.39484,22.30678],[106.39382,22.30688],[106.39202,22.30614],[106.39147,22.30611],[106.39116,22.30662],[106.39045,22.30648],[106.39088,22.30806],[106.38939,22.30824],[106.38878,22.30921],[106.3872,22.30912],[106.38381,22.31364],[106.38246,22.31376],[106.38184,22.31437],[106.38187,22.31578],[106.38149,22.31604],[106.37816,22.31601],[106.3781,22.31702],[106.37719,22.31736],[106.3755,22.31714],[106.37456,22.31771],[106.37347,22.31899],[106.37255999999999,22.31922],[106.37193,22.32248],[106.37089,22.3234],[106.37028,22.32478],[106.3704,22.32664],[106.36846,22.32872],[106.36916,22.33228],[106.3686,22.33346],[106.36881,22.33396],[106.36817,22.33461],[106.36794,22.33719],[106.36531,22.33818],[106.36404,22.33829],[106.36227,22.34027],[106.36103,22.34078],[106.36007,22.33979],[106.35922,22.33996],[106.35884,22.33949],[106.35704,22.33922],[106.35555,22.34162],[106.35545,22.34303],[106.35388,22.34469],[106.3538,22.34525],[106.35434,22.34668],[106.35651,22.34815],[106.35789,22.35233],[106.35925,22.354],[106.35957,22.3561],[106.36095,22.35734],[106.3632,22.35664],[106.36494,22.35713],[106.36608,22.35828],[106.36673,22.3585],[106.36832,22.35829],[106.37125,22.35893],[106.37781,22.35903],[106.37938,22.35999],[106.37918,22.36117],[106.38005,22.36331],[106.38342,22.36344],[106.38386,22.36438],[106.38484,22.36447],[106.3874,22.36592],[106.38851,22.36622],[106.38991,22.3687],[106.39176,22.36921],[106.39243,22.37024],[106.39404,22.37141],[106.39504,22.37319],[106.39608,22.37387],[106.39679,22.37408],[106.39752,22.37381],[106.39809,22.37254],[106.39952,22.37164],[106.39978,22.37066],[106.40031,22.3704]]]]}},
{"type":"Feature","id":"06046","properties":{"Ward_Code":"06046","Ward_Code_Num":6046,"Ward":"Tràng Định","Ward_Alt":"Tràng Định","Ward_Upper":"TRÀNG ĐỊNH","Ward_Full":"Xã Tràng Định","Ward_Full_Alt":"Xã Tràng Định","Ward_Full_Upper_Alt":"XÃ TRÀNG ĐỊNH","Ward_Type":"Xã","Province_Code":"20","Province":"Lạng Sơn","Province_Upper_Alt":"LẠNG SƠN"},"geometry":{"type":"MultiPolygon","coordinates":[[[[106.43369,22.27156],[106.43484,22.27172],[106.43598,22.27142],[106.43798,22.26938],[106.43949,22.26884],[106.44126,22.26653],[106.44228,22.26406],[106.44526,22.26217],[106.44574,22.26283],[106.44702,22.26285],[106.44847,22.26342],[106.45244,22.26322],[106.45381,22.26252],[106.45608,22.26234],[106.45574,22.263],[106.45614,22.26445],[106.45601,22.26589],[106.45659,22.26613],[106.45899,22.26411],[106.45943,22.26244],[106.4628,22.2593],[106.46366,22.25875],[106.46535,22.25852],[106.46731,22.25625],[106.4726,22.25371],[106.47429,22.25224],[106.47602,22.25126],[106.47766,22.2495],[106.47755,22.24868],[106.47657,22.2474],[106.47657,22.24685],[106.47734,22.24613],[106.479,22.24636],[106.47958,22.24608],[106.4797,22.24529],[106.47874,22.2438],[106.4797,22.2427],[106.48052,22.23949],[106.48129,22.23942],[106.48168,22.24078],[106.48284,22.24246],[106.48358,22.24291],[106.48397,22.24291],[106.48456,22.24224],[106.48552,22.24232],[106.48826,22.24131],[106.4883,22.24095],[106.4876,22.24038],[106.4873,22.23953],[106.48587,22.23904],[106.48435,22.2361],[106.48426,22.23487],[106.48583,22.23377],[106.4894,22.23357],[106.4895,22.23288],[106.48887,22.23151],[106.48898,22.23075],[106.4903,22.22998],[106.49209,22.22977],[106.49198,22.22741],[106.49468,22.22652],[106.49452,22.22519],[106.49524,22.22429],[106.49502,22.22356],[106.49552,22.22251],[106.49822,22.22356],[106.49911,22.22335],[106.49854,22.22202],[106.49852,22.22054],[106.49983,22.22059],[106.50197,22.21967],[106.50264,22.21782],[106.50257,22.21672],[106.50316,22.21595],[106.50226,22.21407],[106.50456,22.21163],[106.50516,22.21162],[106.50779,22.21272],[106.50913,22.21262],[106.51114,22.21318],[106.51178,22.2148],[106.51399,22.21595],[106.51556,22.21582],[106.51667,22.21499],[106.51776,22.21507],[106.51848,22.21472],[106.52019,22.21267],[106.52098,22.21281],[106.52154,22.21347],[106.52254,22.21356],[106.5234,22.21546],[106.52539,22.21409],[106.52725,22.2137],[106.52945,22.214],[106.53008,22.21369],[106.53016,22.21235],[106.53087,22.21154],[106.53091,22.2109],[106.53042,22.21062],[106.52972,22.21111],[106.52879,22.21028],[106.52778,22.21071],[106.52678,22.21055],[106.52652,22.20974],[106.52673,22.20838],[106.52736,22.20789],[106.52929,22.20781],[106.53059,22.20686],[106.53165,22.20666],[106.53171,22.20432],[106.53307,22.2029],[106.53351,22.20152],[106.53396,22.20122],[106.53544,22.2014],[106.53623,22.20049],[106.53625,22.19986],[106.53705,22.19955],[106.53825,22.19779],[106.53888,22.19747],[106.53919,22.19572],[106.53812,22.19433],[106.53822,22.19314],[106.54025,22.1927],[106.54165,22.19143],[106.54262,22.18982],[106.54501,22.18795],[106.5467,22.18781],[106.54694,22.18648],[106.54645,22.18525],[106.54705,22.18281],[106.54778,22.18256],[106.54952,22.18102],[106.55168,22.18178],[106.55478,22.18146],[106.55624,22.18006],[106.55634,22.17926],[106.55773,22.1773],[106.5581,22.17564],[106.55739,22.17502],[106.55715,22.17317],[106.55515,22.17215],[106.55135,22.17236],[106.55053,22.17348],[106.55059,22.17464],[106.54967,22.17534],[106.54908,22.1753],[106.54825,22.17511],[106.54717,22.17401],[106.54586,22.17398],[106.54466,22.1748],[106.54223,22.17217],[106.53978,22.17122],[106.53826,22.17143],[106.53682,22.1709],[106.53608,22.16976],[106.53672,22.16863],[106.53652,22.1675],[106.53535,22.16485],[106.53638,22.16233],[106.53557,22.16061],[106.53352,22.15982],[106.53292,22.1589],[106.53131,22.1585],[106.52998,22.16036],[106.52765,22.16245],[106.52672,22.16309],[106.52586,22.16313],[106.52529,22.16198],[106.52714,22.1608],[106.52833,22.15133],[106.52866,22.15082],[106.52949,22.15088],[106.53179,22.14847],[106.53188,22.14735],[106.53249,22.14594],[106.53364,22.14458],[106.53351,22.14361],[106.53288,22.14388],[106.53171,22.14373],[106.53127,22.14416],[106.53048,22.14421],[106.52999,22.14481],[106.52996,22.14642],[106.52839,22.14672],[106.52778,22.14768],[106.52692,22.14761],[106.52534,22.1481],[106.52444,22.14934],[106.51972,22.1496],[106.51889,22.15045],[106.51897,22.15133],[106.51831,22.15073],[106.5158,22.15024],[106.51483,22.15066],[106.51436,22.15011],[106.51407,22.14888],[106.51092,22.14823],[106.50876,22.14695],[106.50701,22.14671],[106.5036,22.14329],[106.50258,22.14391],[106.50121,22.14642],[106.49996,22.14742],[106.49981,22.14808],[106.50053,22.14957],[106.49795,22.15006],[106.49409,22.15186],[106.49354,22.15265],[106.49118,22.15238],[106.49066,22.15333],[106.48929,22.15335],[106.48763,22.15387],[106.4866,22.15497],[106.48498,22.156],[106.48202,22.15615],[106.48029,22.15769],[106.47953,22.15798],[106.47809,22.15772],[106.47649,22.15627],[106.47595,22.15637],[106.47559,22.15683],[106.47431,22.15664],[106.47423,22.15558],[106.473,22.154],[106.47294,22.15274],[106.47208,22.15119],[106.47026,22.15118],[106.4687,22.15059],[106.46591,22.15201],[106.46374,22.15237],[106.46155,22.15158],[106.45936,22.15162],[106.45718,22.15064],[106.45634,22.15226],[106.45691,22.15371],[106.45754,22.15427],[106.45749,22.15532],[106.45508,22.15656],[106.45453,22.15801],[106.45457,22.1607],[106.45552,22.16155],[106.45559,22.16302],[106.457,22.16518],[106.45432,22.16593],[106.45404,22.16688],[106.45249,22.169],[106.45279,22.17126],[106.45229,22.1719],[106.44797,22.1734],[106.44798,22.17644],[106.44575,22.17962],[106.4455,22.18042],[106.44414,22.18062],[106.44371,22.18116],[106.44182,22.18124],[106.44119,22.18227],[106.4376,22.18438],[106.4368,22.18512],[106.43689,22.18558],[106.43627,22.18639],[106.43621,22.18757],[106.4355,22.18902],[106.43238,22.18996],[106.43172,22.19252],[106.43031,22.19305],[106.42859,22.19434],[106.43127,22.1811],[106.4305,22.18062],[106.42976,22.17938],[106.43013,22.17858],[106.43009,22.17744],[106.43551,22.17678],[106.43667,22.17603],[106.43746,22.17498],[106.43507,22.17364],[106.43234,22.17309],[106.4301,22.17187],[106.42963,22.17134],[106.42991,22.17037],[106.4295,22.16865],[106.42723,22.16743],[106.42517,22.1685],[106.42262,22.17105],[106.4222,22.17115],[106.42204,22.17202],[106.42085,22.17286],[106.42035,22.17369],[106.42061,22.17499],[106.41978,22.17685],[106.41976,22.17805],[106.41876,22.17998],[106.41736,22.18071],[106.41716,22.18239],[106.41485,22.18484],[106.41569,22.18597],[106.41383,22.18796],[106.41379,22.18939],[106.41325,22.19011],[106.41324,22.19137],[106.4121,22.19158],[106.41072,22.19281],[106.41004,22.1945],[106.40995,22.19633],[106.41223,22.19748],[106.41049,22.2003],[106.41002,22.20196],[106.40975,22.20478],[106.41075,22.2073],[106.41076,22.21188],[106.41135,22.21247],[106.41065,22.21312],[106.41056,22.21446],[106.41002,22.21508],[106.40825,22.21606],[106.40635,22.21957],[106.40503,22.22081],[106.40358,22.22076],[106.40222,22.22167],[106.40066,22.22153],[106.39945,22.22208],[106.39961,22.22335],[106.3993,22.22444],[106.40227,22.22761],[106.40279,22.22875],[106.40153,22.23099],[106.40096,22.23322],[106.4019,22.23537],[106.39969,22.24272],[106.40056,22.24387],[106.40058,22.24498],[106.40264,22.24451],[106.40506,22.24615],[106.40666,22.24581],[106.40904,22.24602],[106.41201,22.24342],[106.41357,22.24523],[106.41464,22.24528],[106.41617,22.24591],[106.41701,22.24684],[106.41836,22.24753],[106.42131,22.24682],[106.42356,22.2455],[106.42799,22.24707],[106.42842,22.24949],[106.42803,22.25181],[106.42949,22.25348],[106.42889,22.25451],[106.42904,22.25616],[106.43128,22.25749],[106.43162,22.25852],[106.43278,22.25894],[106.43393,22.26057],[106.43441,22.26079],[106.43564,22.26042],[106.43649,22.26058],[106.43763,22.26324],[106.43766,22.26382],[106.4369,22.26486],[106.43747,22.26555],[106.43735,22.26607],[106.43332,22.26742],[106.43036,22.2704],[106.43116,22.27242],[106.43369,22.27156]]]]}},
{"type":"Feature","id":"06058","properties":{"Ward_Code":"06058","Ward_Code_Num":6058,"Ward":"Quốc Việt","Ward_Alt":"Quốc Việt","Ward_Upper":"QUỐC VIỆT","Ward_Full":"Xã Quốc Việt","Ward_Full_Alt":"Xã Quốc Việt","Ward_Full_Upper_Alt":"XÃ QUỐC VIỆT","Ward_Type":"Xã","Province_Code":"20","Province":"Lạng Sơn","Province_Upper_Alt":"LẠNG SƠN"},"geometry":{"type":"MultiPolygon","coordinates":[[[[106.68451,22.28014],[106.68681,22.28137],[106.68752,22.28058],[106.6888,22.28008],[106.68958,22.28021],[106.69098,22.27778],[106.69046,22.27714],[106.69074,22.27575],[106.69019,22.27544],[106.69058,22.27483],[106.69058,22.273],[106.68946,22.27158],[106.68749,22.2713],[106.68613,22.27019],[106.68535,22.26883],[106.68465,22.26655],[106.685,22.266],[106.68399,22.26522],[106.68562,22.26371],[106.68651,22.2624],[106.68672,22.26106],[106.68857,22.26036],[106.69044,22.25507],[106.68943,22.25283],[106.68925,22.25048],[106.69244,22.24664],[106.69253,22.24582],[106.69131,22.2426],[106.69399,22.24121],[106.69505,22.2394],[106.6948,22.23697],[106.69274,22.23424],[106.69529,22.23336],[106.69587,22.2326],[106.69593,22.23194],[106.69525,22.23117],[106.69592,22.23049],[106.69624,22.22895],[106.69773,22.22807],[106.69763,22.22726],[106.69808,22.2267],[106.6979,22.22627],[106.69889,22.225],[106.69828,22.22451],[106.69823,22.22399],[106.70062,22.22265],[106.70238,22.22277],[106.70208,22.21961],[106.70042,22.21961],[106.69876,22.21874],[106.69821,22.215699999999998],[106.69864,22.21281],[106.69856,22.21033],[106.69711,22.20776],[106.69391,22.20511],[106.69065,22.20383],[106.68647,22.20304],[106.67821,22.20543],[106.67816,22.20459],[106.68025,22.20302],[106.68063,22.20203],[106.67981,22.1969],[106.68006,22.19613],[106.67928,22.19536],[106.67907,22.194],[106.67859,22.19371],[106.67806,22.19253],[106.67596,22.18998],[106.6758,22.18892],[106.6743,22.18742],[106.67282,22.18645],[106.67094,22.18677],[106.66952,22.18658],[106.66961,22.1859],[106.67062,22.1848],[106.671,22.18351],[106.67224,22.18208],[106.671,22.18095],[106.6688,22.18048],[106.6657,22.17864],[106.66353,22.17839],[106.66209,22.17779],[106.65921,22.18011],[106.6581,22.18016],[106.65834,22.1816],[106.65766,22.18118],[106.65666,22.18112],[106.65634,22.18085],[106.65647,22.17966],[106.656,22.17925],[106.65593,22.17828],[106.65534,22.17756],[106.65487,22.17601],[106.6533,22.17617],[106.65087,22.1743],[106.65013,22.17303],[106.64935,22.17245],[106.64864,22.17203],[106.64754,22.17215],[106.64601,22.17108],[106.64356,22.1726],[106.64279,22.17165],[106.64041,22.17129],[106.63983,22.17042],[106.63964,22.16867],[106.63897,22.16759],[106.63791,22.16672],[106.63757,22.1659],[106.63539,22.16417],[106.63436,22.16373],[106.63258,22.16163],[106.63109,22.16106],[106.62904,22.16075],[106.62737,22.16125],[106.62656,22.16225],[106.62579,22.16399],[106.62606,22.16572],[106.62518,22.16667],[106.62445,22.16683],[106.62298,22.16632],[106.62207,22.1666],[106.62135,22.16639],[106.6172,22.16712],[106.61513,22.16671],[106.61368,22.16563],[106.61202,22.16338],[106.60893,22.16359],[106.60844,22.16176],[106.607,22.16158],[106.6054,22.16034],[106.60579,22.15905],[106.6052,22.15808],[106.602,22.15707],[106.60199,22.15562],[106.60276,22.15424],[106.60265,22.1533],[106.60302,22.15168],[106.60253,22.1508],[106.5998,22.14985],[106.59721,22.15052],[106.59681,22.15126],[106.59484,22.15281],[106.59458,22.15396],[106.59408,22.1544],[106.59103,22.15412],[106.58996,22.15594],[106.58969,22.15786],[106.59048,22.16059],[106.58876,22.16167],[106.58861,22.16299],[106.58621,22.1651],[106.58591,22.16605],[106.58479,22.16738],[106.58316,22.16738],[106.58156,22.16783],[106.57984,22.16638],[106.57943,22.16554],[106.57855,22.16625],[106.57524,22.16702],[106.57409,22.16776],[106.57128,22.16875],[106.57104,22.17082],[106.56768,22.17066],[106.56699,22.16972],[106.56585,22.16963],[106.56452,22.17026],[106.56167,22.17093],[106.55715,22.17317],[106.55739,22.17502],[106.5581,22.17564],[106.55773,22.1773],[106.55634,22.17926],[106.55613,22.18024],[106.55478,22.18146],[106.55368,22.18161],[106.55168,22.18178],[106.55,22.18104],[106.54925,22.18116],[106.54778,22.18256],[106.54705,22.18281],[106.54645,22.18525],[106.54694,22.18648],[106.5467,22.18781],[106.54501,22.18795],[106.54262,22.18982],[106.54165,22.19143],[106.54025,22.1927],[106.53822,22.19314],[106.53812,22.19433],[106.53919,22.19572],[106.53894,22.19738],[106.53825,22.19779],[106.53705,22.19955],[106.53625,22.19986],[106.53623,22.20049],[106.53544,22.2014],[106.53744,22.20119],[106.53863,22.20152],[106.54084,22.2049],[106.54232,22.20424],[106.54176,22.20388],[106.54126,22.20239],[106.54205,22.20075],[106.54316,22.20014],[106.54394,22.19923],[106.5503,22.19811],[106.55163,22.19653],[106.55179,22.19539],[106.55216,22.19499],[106.55311,22.19485],[106.55303,22.19558],[106.5537,22.19603],[106.55388,22.19965],[106.55442,22.20106],[106.56067,22.19918],[106.56293,22.20454],[106.56439,22.20563],[106.56726,22.20663],[106.56845,22.20805],[106.56654,22.2116],[106.56556,22.21234],[106.56568,22.21319],[106.56653,22.21362],[106.567,22.21438],[106.56674,22.21685],[106.56751,22.21781],[106.57258,22.22032],[106.57386,22.22305],[106.57555,22.22463],[106.57498,22.22708],[106.57573,22.22832],[106.57674,22.2288],[106.57778,22.22856],[106.57921,22.2251],[106.57982,22.22484],[106.58358,22.22408],[106.58751,22.22528],[106.5877,22.22708],[106.5892,22.22793],[106.58938,22.22924],[106.59086,22.22914],[106.59195,22.22958],[106.59203,22.2317],[106.59284,22.23482],[106.59462,22.23525],[106.59606,22.23491],[106.5968,22.23546],[106.59719,22.2363],[106.59786,22.23536],[106.60054,22.23341],[106.60116,22.23326],[106.60176,22.23355],[106.60219,22.23506],[106.60359,22.2361],[106.60478,22.23582],[106.60514,22.23549],[106.60578,22.23341],[106.60666,22.23252],[106.60688,22.23162],[106.60817,22.23054],[106.61049,22.23054],[106.61311,22.23299],[106.61454,22.23339],[106.61623,22.23545],[106.61551,22.23691],[106.61657,22.23791],[106.61681,22.23975],[106.61852,22.24078],[106.61919,22.24279],[106.62034,22.24348],[106.62098,22.24488],[106.62203,22.24611],[106.623,22.24875],[106.6243,22.24945],[106.62433,22.25186],[106.62459,22.25274],[106.62532,22.25356],[106.62745,22.25434],[106.63029,22.2535],[106.63243,22.25362],[106.6348,22.2546],[106.63734,22.25301],[106.6381,22.25175],[106.63909,22.25224],[106.64068,22.25442],[106.64379,22.25489],[106.64502,22.2563],[106.64623,22.2566],[106.64734,22.25751],[106.64899,22.25762],[106.64976,22.25822],[106.65118,22.25796],[106.65316,22.25612],[106.65406,22.25632],[106.65656,22.25911],[106.65878,22.26064],[106.65973,22.26304],[106.66261,22.26419],[106.66355,22.26576],[106.66599,22.26755],[106.66782,22.27035],[106.66919,22.27128],[106.67076,22.27145],[106.67169,22.27256],[106.67443,22.27391],[106.67446,22.27634],[106.67543,22.27759],[106.67608,22.27913],[106.67778,22.27981],[106.6801,22.28023],[106.68094,22.28161],[106.68247,22.2805],[106.68451,22.28014]]]]}},
{"type":"Feature","id":"06073","properties":{"Ward_Code":"06073","Ward_Code_Num":6073,"Ward":"Hoa Thám","Ward_Alt":"Hoa Thám","Ward_Upper":"HOA THÁM","Ward_Full":"Xã Hoa Thám","Ward_Full_Alt":"Xã Hoa Thám","Ward_Full_Upper_Alt":"XÃ HOA THÁM","Ward_Type":"Xã","Province_Code":"20","Province":"Lạng Sơn","Province_Upper_Alt":"LẠNG SƠN"},"geometry":{"type":"MultiPolygon","coordinates":[[[[106.30152,22.25194],[106.30222,22.2514],[106.30384,22.25094],[106.30625,22.25165],[106.30734,22.25167],[106.30816,22.25106],[106.30817,22.24943],[106.3096,22.24774],[106.31059,22.2445],[106.31193,22.24248],[106.31338,22.24158],[106.31354,22.23999],[106.31453,22.239],[106.31479,22.23884],[106.31606,22.23954],[106.31712,22.23972],[106.32169,22.23894],[106.32339,22.23897],[106.32581,22.23742],[106.32844,22.23747],[106.32929,22.23579],[106.33031,22.23462],[106.33249,22.23456],[106.33479,22.2326],[106.33595,22.22992],[106.33708,22.22923],[106.33861,22.22904],[106.33905,22.2294],[106.34298,22.22946],[106.3443,22.23009],[106.34557,22.22959],[106.3487,22.23056],[106.35082,22.22974],[106.363,22.23064],[106.36448,22.22995],[106.36644,22.22999],[106.36784,22.22962],[106.36908,22.23004],[106.37319,22.22986],[106.3735,22.23082],[106.3745,22.23157],[106.37689,22.22904],[106.37878,22.22839],[106.37888,22.22778],[106.3782,22.22606],[106.37927,22.22354],[106.37979,22.22069],[106.3795,22.21954],[106.38008,22.21888],[106.38102,22.21937],[106.38152,22.2189],[106.38217,22.21956],[106.38282,22.21833],[106.38432,22.21798],[106.38613,22.2198],[106.38724,22.21986],[106.38879,22.22097],[106.39085,22.2212],[106.39123,22.2218],[106.39285,22.22144],[106.39405,22.22188],[106.3943,22.22242],[106.39546,22.22266],[106.3967,22.22366],[106.39682,22.22436],[106.39643,22.22507],[106.39692,22.22519],[106.39838,22.22494],[106.3993,22.22444],[106.39961,22.22335],[106.3995,22.22194],[106.40066,22.22153],[106.40222,22.22167],[106.40324,22.22085],[106.40503,22.22081],[106.40558,22.22042],[106.4066,22.2192],[106.40705,22.21787],[106.40825,22.21606],[106.41002,22.21508],[106.41056,22.21446],[106.41065,22.21312],[106.41135,22.21247],[106.41076,22.21188],[106.41075,22.2073],[106.40975,22.20478],[106.41049,22.2003],[106.41223,22.19748],[106.40995,22.19633],[106.40983,22.19556],[106.41036,22.19347],[106.41185,22.19176],[106.41324,22.19137],[106.41325,22.19011],[106.41379,22.18939],[106.41383,22.18796],[106.41569,22.18597],[106.41485,22.18484],[106.41716,22.18239],[106.41736,22.18071],[106.41882,22.17987],[106.41976,22.17805],[106.41978,22.17685],[106.42056,22.17532],[106.42035,22.17369],[106.42085,22.17286],[106.42204,22.17202],[106.4222,22.17115],[106.42262,22.17105],[106.42517,22.1685],[106.42739,22.16746],[106.4295,22.16865],[106.42991,22.17037],[106.42963,22.17134],[106.4301,22.17187],[106.43234,22.17309],[106.43507,22.17364],[106.43746,22.17498],[106.43667,22.17603],[106.43551,22.17678],[106.43009,22.17744],[106.43013,22.17858],[106.42976,22.17938],[106.4305,22.18062],[106.43127,22.1811],[106.42859,22.19434],[106.43031,22.19305],[106.43172,22.19252],[106.43238,22.18996],[106.4355,22.18902],[106.43621,22.18757],[106.43627,22.18639],[106.43689,22.18558],[106.4368,22.18512],[106.4376,22.18438],[106.44119,22.18227],[106.44182,22.18124],[106.44371,22.18116],[106.44414,22.18062],[106.4455,22.18042],[106.44575,22.17962],[106.44798,22.17644],[106.44797,22.1734],[106.45229,22.1719],[106.45279,22.17126],[106.45249,22.169],[106.45404,22.16688],[106.45432,22.16593],[106.457,22.16518],[106.45559,22.16302],[106.45552,22.16155],[106.45457,22.1607],[106.45453,22.15801],[106.45508,22.15656],[106.45749,22.15532],[106.45754,22.15427],[106.45691,22.15371],[106.45634,22.15226],[106.45718,22.15064],[106.4566,22.14944],[106.45454,22.14774],[106.45391,22.14684],[106.44965,22.14524],[106.44864,22.1445],[106.44783,22.14294],[106.44758,22.14164],[106.44501,22.14092],[106.44354,22.1393],[106.4424,22.13877],[106.4426,22.13795],[106.44398,22.13691],[106.44406,22.13364],[106.44445,22.13315],[106.44405,22.13213],[106.44264,22.131],[106.44054,22.13098],[106.44,22.13066],[106.43917,22.1277],[106.43786,22.12615],[106.43681,22.12571],[106.42902,22.12642],[106.42743,22.12754],[106.42629,22.12783],[106.42525,22.12879],[106.4238,22.129],[106.42362,22.12995],[106.42309,22.13034],[106.41656,22.12964],[106.41534,22.13005],[106.41359,22.13147],[106.41271,22.13177],[106.41094,22.13169],[106.40845,22.13081],[106.40745,22.13279],[106.40508,22.13296],[106.40274,22.13375],[106.40117,22.13392],[106.40079,22.13511],[106.40148,22.13606],[106.40104,22.1375],[106.39919,22.13746],[106.39783,22.1381],[106.39695,22.14078],[106.3964,22.14105],[106.39523,22.14035],[106.39525,22.13945],[106.39466,22.13799],[106.39471,22.13663],[106.3941,22.13588],[106.39421,22.13364],[106.39283,22.13224],[106.39266,22.13168],[106.3933,22.13016],[106.3929,22.12926],[106.39334,22.12775],[106.39298,22.12674],[106.39319,22.12557],[106.3921,22.12442],[106.39136,22.12279],[106.39147,22.12087],[106.3912,22.11973],[106.39073,22.11915],[106.39094,22.11818],[106.39048,22.11676],[106.38958,22.11608],[106.38961,22.11528],[106.3882,22.11446],[106.38755,22.11305],[106.38685,22.11292],[106.38635,22.11162],[106.38583,22.11157],[106.38411,22.10983],[106.38347,22.10987],[106.38208,22.10926],[106.38111,22.10945],[106.3809,22.10892],[106.38143,22.10854],[106.3809,22.10746],[106.37964,22.10635],[106.37939,22.10558],[106.37755,22.10676],[106.37572,22.10918],[106.37182,22.11312],[106.37054,22.1162],[106.36972,22.11689],[106.36786,22.11713],[106.36598,22.11646],[106.36404,22.11622],[106.35927,22.11799],[106.35517,22.11689],[106.35422,22.11697],[106.35323,22.11754],[106.35204,22.11928],[106.35106,22.12346],[106.34879,22.12313],[106.34938,22.12499],[106.35034,22.1258],[106.3507,22.12576],[106.35023,22.12895],[106.35132,22.12949],[106.3508,22.13088],[106.34952,22.13216],[106.34848,22.13537],[106.34657,22.13613],[106.34523,22.1373],[106.34342,22.13772],[106.34187,22.13921],[106.33945,22.14071],[106.33827,22.14558],[106.33918,22.14873],[106.33998,22.14964],[106.3389,22.15326],[106.3385,22.15623],[106.3383,22.15657],[106.33687,22.15671],[106.33617,22.15712],[106.33676,22.16033],[106.33574,22.1609],[106.33436,22.16116],[106.33341,22.16365],[106.33355,22.16464],[106.33162,22.16725],[106.33094,22.16773],[106.32966,22.16798],[106.32774,22.16969],[106.3248,22.17016],[106.32184,22.17217],[106.31862,22.17729],[106.31875,22.1787],[106.31844,22.17943],[106.31598,22.18093],[106.31502,22.18246],[106.30784,22.18363],[106.30576,22.18532],[106.30526,22.1879],[106.30568,22.18908],[106.3045,22.19086],[106.30302,22.19182],[106.29978,22.19279],[106.29966,22.19534],[106.29848,22.19668],[106.29784,22.20069],[106.2969,22.20186],[106.2965,22.20428],[106.29692,22.20532],[106.29691,22.20724],[106.29527,22.2103],[106.29276,22.21136],[106.29186,22.2121],[106.28887,22.21302],[106.28832,22.214],[106.28617,22.21482],[106.28558,22.21654],[106.28562,22.21813],[106.28394,22.21995],[106.28362,22.22156],[106.27952,22.22331],[106.27976,22.22674],[106.27745,22.22824],[106.27627,22.22989],[106.27175,22.23273],[106.27147,22.23461],[106.27057,22.23594],[106.2693,22.23641],[106.26872,22.23766],[106.26632,22.23976],[106.26412,22.24004],[106.26309,22.23987],[106.26266,22.24063],[106.25854,22.24363],[106.25649,22.24473],[106.25511,22.24479],[106.25308,22.24584],[106.25194,22.2469],[106.25202,22.24765],[106.2537,22.24859],[106.25383,22.24992],[106.2567,22.25219],[106.25752,22.25247],[106.25944,22.25225],[106.26131,22.25281],[106.26226,22.25372],[106.26362,22.25418],[106.26452,22.25365],[106.26543,22.25363],[106.26747,22.25159],[106.26975,22.25125],[106.27064,22.25172],[106.27265,22.25193],[106.27384,22.25081],[106.27779,22.24971],[106.28089,22.2502],[106.2823,22.2513],[106.28327,22.25099],[106.2847,22.25142],[106.28728,22.25037],[106.2875,22.25115],[106.28722,22.25299],[106.28777,22.25332],[106.29025,22.25328],[106.29158,22.25243],[106.2927,22.25252],[106.29395,22.2518],[106.29539,22.25337],[106.2971,22.25429],[106.2971,22.25478],[106.29983,22.25243],[106.30152,22.25194]]]]}},
{"type":"Feature","id":"06076","properties":{"Ward_Code":"06076","Ward_Code_Num":6076,"Ward":"Quý Hoà","Ward_Alt":"Quý Hòa","Ward_Upper":"QUÝ HOÀ","Ward_Full":"Xã Quý Hoà","Ward_Full_Alt":"Xã Quý Hòa","Ward_Full_Upper_Alt":"XÃ QUÝ HÒA","Ward_Type":"Xã","Province_Code":"20","Province":"Lạng Sơn","Province_Upper_Alt":"LẠNG SƠN"},"geometry":{"type":"MultiPolygon","coordinates":[[[[106.24586,22.24661],[106.24672,22.24693],[106.24836,22.24662],[106.25194,22.2469],[106.25308,22.24584],[106.25511,22.24479],[106.25649,22.24473],[106.25854,22.24363],[106.26266,22.24063],[106.26309,22.23987],[106.2661,22.23991],[106.2686,22.23778],[106.26901,22.2367],[106.26958,22.23616],[106.27057,22.23594],[106.27134,22.23482],[106.27175,22.23273],[106.27627,22.22989],[106.27745,22.22824],[106.27976,22.22674],[106.27952,22.22331],[106.28362,22.22156],[106.28394,22.21995],[106.28562,22.21813],[106.28558,22.21654],[106.28617,22.21482],[106.28832,22.214],[106.28887,22.21302],[106.29186,22.2121],[106.29276,22.21136],[106.29527,22.2103],[106.29691,22.20724],[106.29692,22.20532],[106.2965,22.20428],[106.2969,22.20186],[106.29784,22.20069],[106.29848,22.19668],[106.29966,22.19534],[106.29978,22.19279],[106.30302,22.19182],[106.3045,22.19086],[106.30568,22.18908],[106.30526,22.1879],[106.30576,22.18532],[106.30784,22.18363],[106.31502,22.18246],[106.31598,22.18093],[106.31844,22.17943],[106.31875,22.1787],[106.31862,22.17729],[106.32184,22.17217],[106.3248,22.17016],[106.32774,22.16969],[106.32966,22.16798],[106.33094,22.16773],[106.33162,22.16725],[106.33355,22.16464],[106.33341,22.16365],[106.33436,22.16116],[106.33574,22.1609],[106.33676,22.16033],[106.33617,22.15712],[106.33687,22.15671],[106.3383,22.15657],[106.3385,22.15623],[106.3389,22.15326],[106.33998,22.14964],[106.33918,22.14873],[106.33827,22.14558],[106.33951,22.14058],[106.34187,22.13921],[106.34342,22.13772],[106.34501,22.1374],[106.34657,22.13613],[106.34836,22.13551],[106.34952,22.13216],[106.3508,22.13088],[106.35132,22.12949],[106.35023,22.12895],[106.3507,22.12576],[106.35034,22.1258],[106.34938,22.12499],[106.34856,22.12284],[106.34901,22.1202],[106.34809,22.1178],[106.34779,22.11356],[106.34489,22.11364],[106.34403,22.11435],[106.34303,22.11453],[106.341,22.11358],[106.33968,22.11248],[106.33788,22.11295],[106.33672,22.11221],[106.33781,22.11388],[106.33519,22.11736],[106.33492,22.11951],[106.33515,22.12062],[106.33438,22.12225],[106.33224,22.12394],[106.33024,22.12326],[106.32951,22.12344],[106.32649,22.12534],[106.32632,22.12614],[106.32426,22.12733],[106.32247,22.12786],[106.31823,22.12662],[106.31746,22.12598],[106.31582,22.12355],[106.31347,22.12348],[106.31217,22.12459],[106.31098,22.1244],[106.3094,22.12227],[106.30864,22.12167],[106.30728,22.12126],[106.30538,22.12337],[106.30426,22.12373],[106.30111,22.12392],[106.29863,22.12453],[106.29721,22.12388],[106.29482,22.12458],[106.29328,22.12443],[106.29269,22.12484],[106.29077,22.12384],[106.28944,22.12513],[106.28851,22.12507],[106.28776,22.12476],[106.28714,22.12378],[106.28617,22.12343],[106.28532,22.12173],[106.28505,22.11999],[106.28071,22.11787],[106.27811,22.11822],[106.27583,22.11485],[106.27092,22.11702],[106.26884,22.11674],[106.2676,22.11762],[106.26717,22.11755],[106.26603,22.1163],[106.26591,22.11495],[106.26538,22.11461],[106.26423,22.11454],[106.26243,22.113],[106.26122,22.11279],[106.26019,22.11106],[106.25903,22.10994],[106.25523,22.10903],[106.25482,22.10846],[106.25273,22.11172],[106.25254,22.11317],[106.25082,22.11363],[106.25,22.11503],[106.24838,22.11637],[106.24826,22.11768],[106.24683,22.11939],[106.24616,22.11975],[106.24377,22.11843],[106.24234,22.11696],[106.24063,22.11606],[106.2388,22.11596],[106.23837,22.11549],[106.23756,22.11539],[106.23654,22.11447],[106.2363,22.11386],[106.23458,22.1132],[106.23466,22.11239],[106.23402,22.1105],[106.23335,22.10997],[106.23282,22.11034],[106.23131,22.11343],[106.22817,22.11523],[106.22762,22.11599],[106.22757,22.11682],[106.22646,22.11753],[106.2253,22.11721],[106.22369,22.11725],[106.21915,22.11991],[106.21814,22.12211],[106.21813,22.12266],[106.21871,22.12352],[106.21765,22.12606],[106.21651,22.1259],[106.21574,22.12617],[106.2142,22.12757],[106.21343,22.12782],[106.2101,22.12794],[106.20802,22.12675],[106.20749,22.12612],[106.20714,22.12734],[106.20736,22.12802],[106.20646,22.12949],[106.20642,22.13042],[106.2046,22.13327],[106.20414,22.13495],[106.20203,22.13731],[106.20295,22.14041],[106.20284,22.14126],[106.20158,22.14332],[106.19938,22.14548],[106.20031,22.14608],[106.20067,22.14671],[106.20091,22.14922],[106.2017,22.14939],[106.20316,22.15087],[106.20522,22.15195],[106.20782,22.15427],[106.21014,22.1579],[106.21251,22.15802],[106.21322,22.15919],[106.21398,22.15974],[106.21395,22.16142],[106.21429,22.16266],[106.21622,22.16459],[106.21623,22.16551],[106.21712,22.16675],[106.21807,22.1671],[106.21974,22.16677],[106.22212,22.16764],[106.22304,22.16766],[106.22379,22.16852],[106.22615,22.16959],[106.22603,22.17103],[106.22758,22.17157],[106.22914,22.17292],[106.23168,22.17433],[106.23377,22.17782],[106.23287,22.17897],[106.23261,22.18031],[106.23042,22.18176],[106.22949,22.18415],[106.2296,22.18494],[106.22885,22.18606],[106.22906,22.18682],[106.22808,22.18712],[106.22763,22.18769],[106.22685,22.18778],[106.22505,22.1898],[106.2234,22.19428],[106.22252,22.19574],[106.22136,22.19687],[106.22124,22.1977],[106.22326,22.20077],[106.22328,22.20138],[106.22324,22.2019],[106.22188,22.20358],[106.22187,22.20471],[106.22116,22.20683],[106.22169,22.20803],[106.22272,22.20853],[106.223,22.20957],[106.22359,22.20999],[106.22532,22.21033],[106.22546,22.21119],[106.22481,22.21257],[106.2251,22.214],[106.22585,22.21401],[106.22746,22.21473],[106.22824,22.21554],[106.22962,22.21624],[106.23033,22.21819],[106.2319,22.21989],[106.2334,22.22061],[106.23525,22.22048],[106.23764,22.22126],[106.23754,22.22354],[106.23809,22.22665],[106.23936,22.22803],[106.24033,22.23011],[106.23981,22.2313],[106.24014,22.23362],[106.24092,22.2342],[106.24108,22.23611],[106.24299,22.23809],[106.24178,22.24036],[106.24217,22.24305],[106.24184,22.24365],[106.24198,22.2471],[106.24295,22.24831],[106.24376,22.24831],[106.24495,22.2478],[106.24586,22.24661]]]]}},
{"type":"Feature","id":"06079","properties":{"Ward_Code":"06079","Ward_Code_Num":6079,"Ward":"Hồng Phong","Ward_Alt":"Hồng Phong","Ward_Upper":"HỒNG PHONG","Ward_Full":"Xã Hồng Phong","Ward_Full_Alt":"Xã Hồng Phong","Ward_Full_Upper_Alt":"XÃ HỒNG PHONG","Ward_Type":"Xã","Province_Code":"20","Province":"Lạng Sơn","Province_Upper_Alt":"LẠNG SƠN"},"geometry":{"type":"MultiPolygon","coordinates":[[[[106.48176,22.1563],[106.48304,22.15591],[106.48498,22.156],[106.4866,22.15497],[106.48763,22.15387],[106.48697,22.15248],[106.48691,22.15153],[106.48893,22.15062],[106.48816,22.14851],[106.48829,22.14661],[106.49033,22.14461],[106.49064,22.14364],[106.49032,22.14219],[106.4916,22.14179],[106.49145,22.1396],[106.48821,22.13803],[106.48491,22.13799],[106.48299,22.13667],[106.48162,22.13628],[106.48082,22.13652],[106.47933,22.13546],[106.47824,22.13377],[106.47735,22.13304],[106.47686,22.13132],[106.47768,22.1286],[106.47819,22.12784],[106.47798,22.12632],[106.47678,22.12539],[106.47541,22.12546],[106.47462,22.12389],[106.47386,22.12347],[106.47085,22.12343],[106.47017,22.12297],[106.47007,22.12251],[106.47063,22.12159],[106.47263,22.11944],[106.47281,22.11694],[106.47322,22.11646],[106.47164,22.11532],[106.46966,22.11252],[106.46884,22.11212],[106.46757,22.11034],[106.46544,22.1096],[106.46469,22.10861],[106.46344,22.10851],[106.46213,22.10682],[106.46059,22.10564],[106.46031,22.10447],[106.45865,22.10399],[106.45871,22.10231],[106.45943,22.10178],[106.45903,22.10069],[106.45707,22.10035],[106.45649,22.09976],[106.45497,22.0999],[106.45203,22.09919],[106.44452,22.09884],[106.44349,22.09745],[106.44292,22.09584],[106.44207,22.09538],[106.44166,22.09342],[106.4408,22.09224],[106.44142,22.0898],[106.44007,22.08885],[106.44041,22.08694],[106.43924,22.08661],[106.43843,22.08584],[106.4375,22.08352],[106.43797,22.08144],[106.43803,22.07835],[106.44015,22.07704],[106.43881,22.07448],[106.43972,22.07393],[106.43995,22.0731],[106.44112,22.07148],[106.44102,22.06955],[106.44222,22.06787],[106.44307,22.0672],[106.44367,22.06595],[106.44291,22.06468],[106.4438,22.06307],[106.44335,22.06186],[106.44244,22.06088],[106.44531,22.05859],[106.44685,22.05621],[106.44627,22.05438],[106.44499,22.05385],[106.44416,22.05137],[106.44343,22.0507],[106.44405,22.04904],[106.44315,22.04768],[106.44361,22.04669],[106.44544,22.04461],[106.44639,22.04189],[106.44492,22.04034],[106.44285,22.03986],[106.44235,22.03811],[106.43874,22.03801],[106.43729,22.03695],[106.43574,22.03661],[106.43553,22.03372],[106.43632,22.03274],[106.43653,22.03191],[106.43555,22.03136],[106.4351,22.02952],[106.43446,22.02904],[106.43422,22.02646],[106.43663,22.026],[106.43634,22.02498],[106.43672,22.02248],[106.43936,22.0201],[106.44151,22.01922],[106.44202,22.01742],[106.44602,22.0168],[106.44668,22.01577],[106.44929,22.01399],[106.44811,22.01205],[106.44753,22.01174],[106.44747,22.00916],[106.44602,22.0083],[106.44558,22.0061],[106.44433,22.00448],[106.44449,22.00157],[106.44604,22.0002],[106.44556,21.99942],[106.44527,21.996949999999998],[106.44479,21.99646],[106.44454,21.99483],[106.44348,21.9933],[106.44369,21.99247],[106.44294,21.99208],[106.44247,21.99122],[106.44188,21.98768],[106.44279,21.98669],[106.44264,21.98589],[106.44321,21.98562],[106.44357,21.98487],[106.44521,21.98381],[106.44552,21.98322],[106.4451,21.98171],[106.44839,21.98188],[106.44861,21.97907],[106.44948,21.97748],[106.44952,21.9766],[106.4472,21.97766],[106.44671,21.97761],[106.44607,21.97696],[106.44427,21.9773],[106.44352,21.97686],[106.44309,21.97604],[106.44191,21.9754],[106.43914,21.97653],[106.43755,21.97599],[106.4368,21.97534],[106.43505,21.97603],[106.43391,21.97581],[106.43205,21.97796],[106.43061,21.98079],[106.4302,21.98101],[106.42902,21.97968],[106.42788,21.97904],[106.42484,21.97879],[106.42414,21.98083],[106.42464,21.98183],[106.42429,21.98284],[106.42313,21.98216],[106.42079,21.98151],[106.42112,21.98107],[106.42077,21.98098],[106.41973,21.98094],[106.41868,21.98148],[106.41646,21.98172],[106.41488,21.98069],[106.4127,21.98078],[106.41176,21.98109],[106.4116,21.98178],[106.41103,21.98232],[106.4106,21.98472],[106.40833,21.9865],[106.40553,21.98786],[106.40424,21.98784],[106.4034,21.98716],[106.40204,21.98672],[106.40122,21.98594],[106.4005,21.98622],[106.39939,21.98748],[106.39603,21.98845],[106.39561,21.98983],[106.39582,21.99081],[106.39171,21.99068],[106.39028,21.9902],[106.38966,21.98961],[106.38819,21.99015],[106.3875,21.99004],[106.38615,21.99173],[106.38673,21.99458],[106.38626,21.99569],[106.38662,21.99659],[106.38574,21.99645],[106.38163,21.99812],[106.3812,21.99876],[106.37808,22.00075],[106.37668,22.00036],[106.37516,22.0006],[106.37452,22.00166],[106.37509,22.00508],[106.37352,22.00677],[106.37241,22.00717],[106.37174,22.00701],[106.37123,22.00764],[106.37036,22.00752],[106.36922,22.00908],[106.36985,22.01125],[106.36877,22.01346],[106.36988,22.01502],[106.37016,22.0162],[106.36982,22.01786],[106.37053,22.01981],[106.37054,22.02357],[106.36868,22.02582],[106.3679,22.03015],[106.3655,22.03303],[106.36394,22.03361],[106.36484,22.03466],[106.37006,22.03622],[106.37125,22.03785],[106.37294,22.0385],[106.37336,22.03908],[106.37447,22.04312],[106.3785,22.04414],[106.38085,22.04399],[106.38208,22.04551],[106.38396,22.04904],[106.38334,22.05336],[106.38418,22.05858],[106.38295,22.05947],[106.38322,22.06142],[106.38264,22.06451],[106.38425,22.06536],[106.38523,22.0667],[106.3863,22.06698],[106.38771,22.06932],[106.38856,22.06982],[106.38752,22.06986],[106.38593,22.07114],[106.38482,22.07143],[106.38181,22.07037],[106.38119,22.07069],[106.37855,22.07038],[106.37796,22.07073],[106.3776,22.07464],[106.37647,22.07555],[106.37604,22.0769],[106.37671,22.07818],[106.37619,22.07903],[106.37625,22.08094],[106.37548,22.08199],[106.37515,22.08599],[106.37446,22.0874],[106.37419,22.08987],[106.37232,22.09108],[106.37142,22.09224],[106.369,22.09299],[106.36838,22.09362],[106.36779,22.09534],[106.36754,22.09975],[106.36698,22.10126],[106.36706,22.1024],[106.36371,22.10262],[106.36266,22.10216],[106.36193,22.10127],[106.36026,22.10025],[106.35805,22.09995],[106.35664,22.0993],[106.35515,22.0995],[106.35393,22.10042],[106.35209,22.09939],[106.35036,22.10214],[106.34705,22.10445],[106.34576,22.106],[106.34481,22.1062],[106.34275,22.10521],[106.34345,22.10836],[106.34338,22.10926],[106.34255,22.10925],[106.34207,22.10967],[106.34116,22.10944],[106.33672,22.11221],[106.33788,22.11295],[106.33968,22.11248],[106.341,22.11358],[106.34303,22.11453],[106.34403,22.11435],[106.34489,22.11364],[106.34779,22.11356],[106.34809,22.1178],[106.34901,22.1202],[106.34856,22.12284],[106.3489,22.12318],[106.35106,22.12346],[106.35204,22.11928],[106.35323,22.11754],[106.35422,22.11697],[106.35517,22.11689],[106.35906,22.11801],[106.36112,22.11751],[106.36388,22.11623],[106.36598,22.11646],[106.36786,22.11713],[106.37004,22.11671],[106.37054,22.1162],[106.37182,22.11312],[106.37572,22.10918],[106.37755,22.10676],[106.37939,22.10558],[106.37964,22.10635],[106.3809,22.10746],[106.38143,22.10854],[106.3809,22.10892],[106.38111,22.10945],[106.38208,22.10926],[106.38347,22.10987],[106.38411,22.10983],[106.38583,22.11157],[106.38635,22.11162],[106.38685,22.11292],[106.38755,22.11305],[106.3882,22.11446],[106.38961,22.11528],[106.38958,22.11608],[106.39048,22.11676],[106.39094,22.11818],[106.39073,22.11915],[106.3912,22.11973],[106.39147,22.12087],[106.39136,22.12279],[106.3921,22.12442],[106.39319,22.12557],[106.39298,22.12674],[106.39334,22.12775],[106.3929,22.12926],[106.3933,22.13016],[106.39266,22.13168],[106.39283,22.13224],[106.39421,22.13364],[106.3941,22.13588],[106.39471,22.13663],[106.39466,22.13799],[106.39525,22.13945],[106.39523,22.14035],[106.39583,22.14079],[106.39653,22.14105],[106.39695,22.14078],[106.39783,22.1381],[106.39919,22.13746],[106.40104,22.1375],[106.40148,22.13606],[106.40079,22.13511],[106.40117,22.13392],[106.40274,22.13375],[106.40508,22.13296],[106.40745,22.13279],[106.40845,22.13081],[106.41094,22.13169],[106.41271,22.13177],[106.41359,22.13147],[106.41534,22.13005],[106.41656,22.12964],[106.42309,22.13034],[106.42362,22.12995],[106.4238,22.129],[106.42525,22.12879],[106.42629,22.12783],[106.42743,22.12754],[106.42902,22.12642],[106.43681,22.12571],[106.43786,22.12615],[106.43917,22.1277],[106.44,22.13066],[106.44054,22.13098],[106.44264,22.131],[106.44405,22.13213],[106.44445,22.13315],[106.44406,22.13364],[106.44398,22.13691],[106.4426,22.13795],[106.4424,22.13877],[106.44354,22.1393],[106.44501,22.14092],[106.44758,22.14164],[106.44783,22.14294],[106.44864,22.1445],[106.44965,22.14524],[106.45391,22.14684],[106.45454,22.14774],[106.4566,22.14944],[106.45718,22.15064],[106.45936,22.15162],[106.46155,22.15158],[106.46374,22.15237],[106.46591,22.15201],[106.4687,22.15059],[106.47026,22.15118],[106.47208,22.15119],[106.47294,22.15274],[106.473,22.154],[106.47423,22.15558],[106.47444,22.15674],[106.47559,22.15683],[106.47595,22.15637],[106.47649,22.15627],[106.47809,22.15772],[106.47953,22.15798],[106.48029,22.15769],[106.48176,22.1563]]]]}},
{"type":"Feature","id":"06085","properties":{"Ward_Code":"06085","Ward_Code_Num":6085,"Ward":"Thiện Hoà","Ward_Alt":"Thiện Hòa","Ward_Upper":"THIỆN HOÀ","Ward_Full":"Xã Thiện Hoà","Ward_Full_Alt":"Xã Thiện Hòa","Ward_Full_Upper_Alt":"XÃ THIỆN HÒA","Ward_Type":"Xã","Province_Code":"20","Province":"Lạng Sơn","Province_Upper_Alt":"LẠNG SƠN"},"geometry":{"type":"MultiPolygon","coordinates":[[[[106.20178,22.14294],[106.20296,22.14064],[106.20203,22.13731],[106.20414,22.13495],[106.2046,22.13327],[106.20642,22.13042],[106.20646,22.12949],[106.20736,22.12802],[106.20714,22.12734],[106.20749,22.12612],[106.20802,22.12675],[106.2101,22.12794],[106.21343,22.12782],[106.2142,22.12757],[106.21574,22.12617],[106.21651,22.1259],[106.21765,22.12606],[106.21871,22.12352],[106.21813,22.12266],[106.21814,22.12211],[106.21915,22.11991],[106.22369,22.11725],[106.2253,22.11721],[106.22646,22.11753],[106.22757,22.11682],[106.22762,22.11599],[106.22817,22.11523],[106.23131,22.11343],[106.23282,22.11034],[106.23335,22.10997],[106.23402,22.1105],[106.23466,22.11239],[106.23458,22.1132],[106.2363,22.11386],[106.23654,22.11447],[106.23756,22.11539],[106.23837,22.11549],[106.2388,22.11596],[106.24063,22.11606],[106.24234,22.11696],[106.24377,22.11843],[106.24616,22.11975],[106.24683,22.11939],[106.24826,22.11768],[106.24838,22.11637],[106.25,22.11503],[106.25082,22.11363],[106.25254,22.11317],[106.25273,22.11172],[106.25482,22.10846],[106.25523,22.10903],[106.25903,22.10994],[106.26019,22.11106],[106.26122,22.11279],[106.26243,22.113],[106.26423,22.11454],[106.26538,22.11461],[106.26591,22.11495],[106.26603,22.1163],[106.26717,22.11755],[106.2676,22.11762],[106.26884,22.11674],[106.27092,22.11702],[106.27583,22.11485],[106.27811,22.11822],[106.28071,22.11787],[106.28505,22.11999],[106.28532,22.12173],[106.28617,22.12343],[106.28714,22.12378],[106.28776,22.12476],[106.28851,22.12507],[106.28944,22.12513],[106.29077,22.12384],[106.29269,22.12484],[106.29328,22.12443],[106.29482,22.12458],[106.29721,22.12388],[106.29863,22.12453],[106.30111,22.12392],[106.30426,22.12373],[106.30538,22.12337],[106.30728,22.12126],[106.30864,22.12167],[106.3094,22.12227],[106.31098,22.1244],[106.31217,22.12459],[106.31347,22.12348],[106.31582,22.12355],[106.31746,22.12598],[106.31823,22.12662],[106.32247,22.12786],[106.32426,22.12733],[106.32632,22.12614],[106.32649,22.12534],[106.32951,22.12344],[106.33024,22.12326],[106.33233,22.1239],[106.33417,22.12246],[106.33475,22.12162],[106.33518,22.12042],[106.33492,22.11951],[106.33519,22.11736],[106.33781,22.11388],[106.33672,22.11221],[106.33784,22.10957],[106.33771,22.10819],[106.33823,22.10577],[106.33756,22.10288],[106.33588,22.10098],[106.33273,22.10118],[106.33202,22.09824],[106.33054,22.09639],[106.32975,22.09305],[106.32692,22.0938],[106.32531,22.09338],[106.32351,22.09038],[106.32184,22.08562],[106.3187,22.08457],[106.31575,22.08229],[106.3164,22.08052],[106.31616,22.07814],[106.31686,22.07695],[106.31677,22.0759],[106.31751,22.07441],[106.31679,22.07259],[106.31691,22.07092],[106.31587,22.06726],[106.31568,22.0643],[106.3161,22.0635],[106.3163,22.06107],[106.31674,22.06037],[106.31571,22.05859],[106.31436,22.05818],[106.31369,22.05684],[106.31059,22.05492],[106.309,22.05658],[106.30874,22.0613],[106.30773,22.06204],[106.30696,22.06331],[106.30638,22.06664],[106.30581,22.06742],[106.30511,22.06766],[106.30457,22.06848],[106.3037,22.06896],[106.30217,22.07113],[106.30164,22.07125],[106.30066,22.07217],[106.29914,22.07241],[106.29768,22.07223],[106.29721,22.07256],[106.2925,22.07141],[106.2907,22.07199],[106.28827,22.07179],[106.28688,22.07248],[106.28491,22.07507],[106.2801,22.07774],[106.27869,22.07779],[106.27638,22.08004],[106.27515,22.08028],[106.27372,22.08212],[106.27138,22.08238],[106.26864,22.08396],[106.26658,22.08426],[106.26563,22.08334],[106.26507,22.08201],[106.26241,22.08118],[106.26228,22.07952],[106.26066,22.07796],[106.2597,22.07763],[106.25829,22.07643],[106.25666,22.07617],[106.25441,22.0765],[106.25377,22.07529],[106.25201,22.07358],[106.25142,22.07155],[106.25069,22.07064],[106.24884,22.0699],[106.24459,22.06983],[106.24399,22.07048],[106.24214,22.07141],[106.24117,22.07047],[106.23943,22.0697],[106.23694,22.063],[106.23538,22.06168],[106.23375,22.06131],[106.23362,22.05904],[106.234,22.05799],[106.23251,22.05573],[106.23271,22.05471],[106.23208,22.05292],[106.23145,22.05216],[106.23194,22.0511],[106.23072,22.0495],[106.23136,22.04798],[106.23132,22.04436],[106.23156,22.04372],[106.23188,22.04308],[106.2332,22.04255],[106.23424,22.04143],[106.23389,22.03842],[106.2349,22.03749],[106.23583,22.03583],[106.23664,22.03543],[106.23757,22.03432],[106.23685,22.03269],[106.2353,22.03183],[106.23511,22.0313],[106.23641,22.02842],[106.23606,22.02756],[106.23304,22.02705],[106.22948,22.02745],[106.22501,22.02595],[106.22395,22.02398],[106.22363,22.02388],[106.22381,22.02356],[106.22346,22.02294],[106.22144,22.02273],[106.21927,22.02186],[106.2194,22.02093],[106.21802,22.02086],[106.21726,22.01818],[106.21739,22.01671],[106.21661,22.0157],[106.21478,22.01548],[106.21432,22.0159],[106.21254,22.01582],[106.21093,22.017],[106.20772,22.01606],[106.20439,22.01704],[106.2033,22.01677],[106.2003,22.01949],[106.19833,22.01909],[106.19592,22.02032],[106.19501,22.02194],[106.19371,22.02277],[106.1928,22.0241],[106.19152,22.02502],[106.19063,22.02429],[106.18916,22.02417],[106.18853,22.0231],[106.18684,22.02192],[106.18642,22.02194],[106.18595,22.0232],[106.18367,22.02553],[106.18302,22.02783],[106.18296,22.03031],[106.18186,22.0324],[106.17923,22.03371],[106.17698,22.03408],[106.17643,22.03473],[106.17429,22.03556],[106.17216,22.03385],[106.17126,22.03415],[106.16971,22.03528],[106.1694,22.03638],[106.1667,22.03815],[106.1651,22.0368],[106.16287,22.03599],[106.16226,22.03529],[106.16243,22.03437],[106.16148,22.03403],[106.15806,22.03397],[106.15682,22.03195],[106.15336,22.02902],[106.15081,22.02973],[106.14999,22.03025],[106.14803,22.02898],[106.1447,22.03],[106.14428,22.03056],[106.14265,22.03071],[106.14149,22.03055],[106.14015,22.02945],[106.13859,22.03],[106.13598,22.02927],[106.13528,22.02958],[106.13498,22.02978],[106.13452,22.03153],[106.13381,22.03237],[106.13391,22.0331],[106.13078,22.03332],[106.13226,22.03593],[106.13239,22.03686],[106.1328,22.03729],[106.13286,22.03854],[106.13199,22.04046],[106.13161,22.04324],[106.13081,22.04467],[106.13161,22.04605],[106.13138,22.04683],[106.13168,22.04846],[106.13125,22.05071],[106.13148,22.05172],[106.13086,22.05262],[106.12883,22.05405],[106.12772,22.05434],[106.12713,22.05712],[106.12645,22.05774],[106.12596,22.05762],[106.12465,22.05636],[106.12375,22.05604],[106.1215,22.0567],[106.11949,22.0564],[106.11866,22.05566],[106.1174,22.05557],[106.11702,22.05425],[106.11603,22.05299],[106.11567,22.05146],[106.11459,22.04961],[106.11178,22.04775],[106.11125,22.04656],[106.10988,22.0462],[106.10839,22.04696],[106.10643,22.04585],[106.10509,22.04657],[106.10291,22.04592],[106.10106,22.05049],[106.09984,22.05259],[106.09997,22.0593],[106.10245,22.06234],[106.10162,22.06311],[106.10208,22.06392],[106.10069,22.06544],[106.0992,22.06612],[106.09862,22.06746],[106.09975,22.06943],[106.1,22.07144],[106.10225,22.07253],[106.10525,22.07272],[106.10755,22.07398],[106.10779,22.07654],[106.10846,22.07529],[106.10938,22.0746],[106.11229,22.0741],[106.11437,22.07294],[106.11553,22.07488],[106.11777,22.07698],[106.11896,22.08274],[106.11958,22.08333],[106.12073,22.08376],[106.12155,22.08486],[106.12298,22.08572],[106.12854,22.08534],[106.13148,22.08631],[106.13313,22.0862],[106.13454,22.08684],[106.13536,22.08575],[106.13636,22.08547],[106.13986,22.08637],[106.14079,22.08326],[106.14264,22.08202],[106.14806,22.08164],[106.1519,22.08194],[106.15721,22.08176],[106.15752,22.08423],[106.15862,22.0857],[106.15886,22.08744],[106.15982,22.09022],[106.16129,22.09205],[106.16068,22.09611],[106.16211,22.09985],[106.1621,22.10151],[106.16295,22.10331],[106.16436,22.1041],[106.16606,22.10442],[106.1681,22.10614],[106.16849,22.10766],[106.16821,22.11064],[106.16913,22.11148],[106.1705,22.1119],[106.17201,22.11297],[106.17404,22.11222],[106.1751,22.11147],[106.1755,22.11058],[106.1763,22.11034],[106.17718,22.11168],[106.17666,22.11284],[106.17772,22.1138],[106.1795,22.11466],[106.18024,22.11582],[106.18581,22.11743],[106.18558,22.1187],[106.18628,22.12072],[106.18526,22.12325],[106.18481,22.12578],[106.18353,22.12642],[106.18274,22.12749],[106.18084,22.12839],[106.18078,22.12869],[106.18314,22.13166],[106.1851,22.13218],[106.18794,22.13415],[106.18964,22.13774],[106.18893,22.13899],[106.189,22.14017],[106.19164,22.14252],[106.19132,22.14381],[106.19333,22.1439],[106.19394,22.14313],[106.19472,22.14283],[106.19698,22.14306],[106.19764,22.14455],[106.19938,22.14548],[106.20178,22.14294]]]]}},
{"type":"Feature","id":"06091","properties":{"Ward_Code":"06091","Ward_Code_Num":6091,"Ward":"Thiện Thuật","Ward_Alt":"Thiện Thuật","Ward_Upper":"THIỆN THUẬT","Ward_Full":"Xã Thiện Thuật","Ward_Full_Alt":"Xã Thiện Thuật","Ward_Full_Upper_Alt":"XÃ THIỆN THUẬT","Ward_Type":"Xã","Province_Code":"20","Province":"Lạng Sơn","Province_Upper_Alt":"LẠNG SƠN"},"geometry":{"type":"MultiPolygon","coordinates":[[[[106.34093,22.10955],[106.34207,22.10967],[106.34255,22.10925],[106.34339,22.10925],[106.34275,22.10521],[106.34481,22.1062],[106.34576,22.106],[106.34705,22.10445],[106.35036,22.10214],[106.35209,22.09939],[106.35393,22.10042],[106.35515,22.0995],[106.35664,22.0993],[106.35805,22.09995],[106.36026,22.10025],[106.36193,22.10127],[106.36266,22.10216],[106.36371,22.10262],[106.36706,22.1024],[106.36698,22.10126],[106.36754,22.09975],[106.36779,22.09534],[106.36838,22.09362],[106.369,22.09299],[106.37142,22.09224],[106.37232,22.09108],[106.37419,22.08987],[106.37446,22.0874],[106.37515,22.08599],[106.37548,22.08199],[106.37625,22.08094],[106.37619,22.07903],[106.37671,22.07818],[106.37604,22.0769],[106.37647,22.07555],[106.3776,22.07464],[106.37796,22.07073],[106.37855,22.07038],[106.38119,22.07069],[106.38181,22.07037],[106.38482,22.07143],[106.38593,22.07114],[106.38752,22.06986],[106.38856,22.06982],[106.38771,22.06932],[106.3863,22.06698],[106.38523,22.0667],[106.38425,22.06536],[106.38264,22.06451],[106.38322,22.06142],[106.38295,22.05947],[106.38418,22.05858],[106.38334,22.05336],[106.38396,22.04904],[106.38208,22.04551],[106.38085,22.04399],[106.3785,22.04414],[106.37447,22.04312],[106.37336,22.03908],[106.37294,22.0385],[106.37125,22.03785],[106.37006,22.03622],[106.36484,22.03466],[106.36346,22.03329],[106.36303,22.03088],[106.36338,22.02993],[106.36131,22.02407],[106.36316,22.0215],[106.36328,22.02088],[106.36301,22.01922],[106.36351,22.0169],[106.36294,22.01549],[106.36317,22.01382],[106.36282,22.01291],[106.359,22.01342],[106.35569,22.01485],[106.35606,22.01583],[106.35658,22.01617],[106.35588,22.01778],[106.35518,22.01828],[106.35388,22.01766],[106.35354,22.01691],[106.35231,22.0161],[106.35085,22.01186],[106.34852,22.01217],[106.34702,22.01315],[106.34451,22.01295],[106.34204,22.01408],[106.34125,22.01553],[106.34204,22.01708],[106.34211,22.01898],[106.34273,22.02037],[106.34288,22.02234],[106.34505,22.02637],[106.34534,22.02835],[106.34365,22.02867],[106.34207,22.02849],[106.33896,22.03035],[106.3385,22.02915],[106.33735,22.02822],[106.33616,22.02598],[106.33556,22.02559],[106.3349,22.02444],[106.33492,22.02491],[106.33353,22.02536],[106.33024,22.02433],[106.32871,22.02347],[106.32991,22.02182],[106.33208,22.01999],[106.33447,22.0192],[106.3373,22.01891],[106.33817,22.01821],[106.33906,22.01804],[106.33891,22.01756],[106.33942,22.0171],[106.3402,22.01756],[106.34052,22.01738],[106.33982,22.01503],[106.34072,22.01407],[106.3405,22.01282],[106.34072,22.01187],[106.33845,22.00774],[106.33841,22.00574],[106.33897,22.00348],[106.33886,22.00085],[106.33947,22.00026],[106.33824,22.00015],[106.33635,21.99896],[106.33377,21.99886],[106.33234,21.99826],[106.32853,21.99793],[106.32778,21.99625],[106.32693,21.99576],[106.32701,21.99519],[106.32599,21.99461],[106.3256,21.99396],[106.32477,21.99367],[106.32411,21.99288],[106.31988,21.99081],[106.31652,21.99147],[106.31426,21.99297],[106.31246,21.99306],[106.3121,21.99271],[106.31206,21.99138],[106.311,21.99002],[106.30372,21.99016],[106.30217,21.9894],[106.30006,21.98893],[106.29943,21.98913],[106.29874,21.99044],[106.29932,21.99253],[106.29839,21.99547],[106.29784,21.99612],[106.29654,21.99658],[106.29619,21.99779],[106.29447,21.99928],[106.29114,21.99808],[106.28824,21.99845],[106.28727,21.99906],[106.28626,21.99904],[106.28534,21.99842],[106.28436,21.9983],[106.28226,21.99896],[106.27778,22.00133],[106.27604,22.00101],[106.27318,21.99961],[106.27104,22.00107],[106.26968,22.00038],[106.26859,22.00024],[106.26579,22.0007],[106.26207,21.99975],[106.25926,21.99839],[106.25586,21.9978],[106.25296,21.9953],[106.2498,21.99706],[106.2488,21.99848],[106.24761,21.99831],[106.24522,21.99908],[106.24496,21.99974],[106.24537,22.00026],[106.24464,22.00077],[106.24447,22.00138],[106.24334,22.00175],[106.24308,22.0024],[106.24177,22.00218],[106.24191,22.00243],[106.24128,22.00346],[106.24031,22.00355],[106.23983,22.00309],[106.23892,22.00356],[106.23834,22.00305],[106.23701,22.0029],[106.23666,22.00242],[106.2355,22.00242],[106.23492,22.00297],[106.2328,22.0033],[106.23106,22.00309],[106.22861,22.00467],[106.22841,22.00601],[106.22336,22.00683],[106.22187,22.00753],[106.2198,22.00676],[106.21678,22.00619],[106.21556,22.00628],[106.21485,22.00828],[106.21229,22.01003],[106.21374,22.01212],[106.21372,22.01326],[106.2148,22.01467],[106.21478,22.01548],[106.21661,22.0157],[106.21739,22.01671],[106.21726,22.01818],[106.21795,22.02077],[106.2194,22.02093],[106.21927,22.02186],[106.22144,22.02273],[106.22346,22.02294],[106.22381,22.02356],[106.22363,22.02388],[106.22395,22.02398],[106.22501,22.02595],[106.22658,22.02634],[106.22831,22.02725],[106.23013,22.02751],[106.23365,22.02707],[106.23606,22.02756],[106.23641,22.02842],[106.23511,22.0313],[106.2353,22.03183],[106.23685,22.03269],[106.23757,22.03432],[106.23664,22.03543],[106.23583,22.03583],[106.2349,22.03749],[106.23389,22.03842],[106.23424,22.04143],[106.2332,22.04255],[106.23188,22.04308],[106.23156,22.04372],[106.23132,22.04436],[106.23136,22.04798],[106.23072,22.0495],[106.23194,22.0511],[106.23145,22.05216],[106.23208,22.05292],[106.23271,22.05471],[106.23251,22.05573],[106.234,22.05799],[106.23362,22.05904],[106.23375,22.06131],[106.23538,22.06168],[106.23694,22.063],[106.23943,22.0697],[106.24117,22.07047],[106.24214,22.07141],[106.24399,22.07048],[106.24459,22.06983],[106.24884,22.0699],[106.25069,22.07064],[106.25142,22.07155],[106.25201,22.07358],[106.25377,22.07529],[106.25441,22.0765],[106.25666,22.07617],[106.25821,22.07638],[106.2597,22.07763],[106.26066,22.07796],[106.26228,22.07952],[106.26255,22.0813],[106.26507,22.08201],[106.26563,22.08334],[106.26651,22.08423],[106.26795,22.08418],[106.27065,22.08263],[106.27372,22.08212],[106.27515,22.08028],[106.27638,22.08004],[106.27869,22.07779],[106.2801,22.07774],[106.28491,22.07507],[106.28688,22.07248],[106.28782,22.07195],[106.28847,22.07174],[106.2907,22.07199],[106.2925,22.07141],[106.29721,22.07256],[106.29768,22.07223],[106.29914,22.07241],[106.30066,22.07217],[106.30164,22.07125],[106.30217,22.07113],[106.3037,22.06896],[106.30457,22.06848],[106.30511,22.06766],[106.30581,22.06742],[106.30638,22.06664],[106.30696,22.06331],[106.30773,22.06204],[106.30874,22.0613],[106.309,22.05658],[106.31059,22.05492],[106.31369,22.05684],[106.31436,22.05818],[106.31564,22.0585],[106.31674,22.06037],[106.3163,22.06107],[106.3161,22.0635],[106.31568,22.0643],[106.31587,22.06726],[106.31691,22.07092],[106.31679,22.07259],[106.31751,22.07441],[106.31677,22.0759],[106.31686,22.07695],[106.31616,22.07814],[106.3164,22.08052],[106.31575,22.08229],[106.3187,22.08457],[106.32184,22.08562],[106.32351,22.09038],[106.32531,22.09338],[106.32692,22.0938],[106.32975,22.09305],[106.33054,22.09639],[106.33202,22.09824],[106.33273,22.10118],[106.33588,22.10098],[106.33744,22.10254],[106.33823,22.10577],[106.33771,22.10819],[106.33784,22.10957],[106.33672,22.11221],[106.34093,22.10955]]]]}},
{"type":"Feature","id":"06103","properties":{"Ward_Code":"06103","Ward_Code_Num":6103,"Ward":"Thiện Long","Ward_Alt":"Thiện Long","Ward_Upper":"THIỆN LONG","Ward_Full":"Xã Thiện Long","Ward_Full_Alt":"Xã Thiện Long","Ward_Full_Upper_Alt":"XÃ THIỆN LONG","Ward_Type":"Xã","Province_Code":"20","Province":"Lạng Sơn","Province_Upper_Alt":"LẠNG SƠN"},"geometry":{"type":"MultiPolygon","coordinates":[[[[106.21478,22.01548],[106.2148,22.01467],[106.21372,22.01326],[106.21374,22.01212],[106.21229,22.01003],[106.21485,22.00828],[106.21546,22.00634],[106.21696,22.00622],[106.2198,22.00676],[106.22187,22.00753],[106.22336,22.00683],[106.22841,22.00601],[106.22861,22.00467],[106.23106,22.00309],[106.2328,22.0033],[106.23492,22.00297],[106.2355,22.00242],[106.23666,22.00242],[106.23701,22.0029],[106.23834,22.00305],[106.23892,22.00356],[106.23983,22.00309],[106.24031,22.00355],[106.24128,22.00346],[106.24191,22.00243],[106.24177,22.00218],[106.24308,22.0024],[106.24334,22.00175],[106.24447,22.00138],[106.24464,22.00077],[106.24537,22.00026],[106.24496,21.99974],[106.24522,21.99908],[106.24761,21.99831],[106.2488,21.99848],[106.2498,21.99706],[106.2529,21.99531],[106.25541,21.99754],[106.25634,21.99786],[106.25918,21.99425],[106.26039,21.99355],[106.2606,21.99225],[106.26172,21.99142],[106.26126,21.98791],[106.26306,21.98786],[106.26407,21.98651],[106.26605,21.98694],[106.26745,21.98544],[106.26998,21.98436],[106.27109,21.98321],[106.27106,21.98282],[106.27194,21.98218],[106.2721,21.98108],[106.27367,21.9797],[106.27524,21.97773],[106.27576,21.97755],[106.27652,21.978],[106.27735,21.97745],[106.27792,21.97762],[106.27925,21.97724],[106.28098,21.97546],[106.28127,21.97437],[106.28253,21.97278],[106.28142,21.97157],[106.28018,21.97134],[106.27905,21.97008],[106.27817,21.96964],[106.27606,21.9701],[106.27462,21.9693],[106.27207,21.9686],[106.27105,21.96881],[106.26897,21.96845],[106.26847,21.96774],[106.26825,21.96664],[106.26905,21.96579],[106.26934,21.96408],[106.26908,21.96314],[106.26791,21.96294],[106.26595,21.96187],[106.26626,21.96007],[106.26836,21.95828],[106.26879,21.95704],[106.2687,21.95612],[106.26987,21.95466],[106.27062,21.9543],[106.27204,21.95462],[106.27277,21.95443],[106.27375,21.95312],[106.2749,21.95274],[106.27533,21.9515],[106.27609,21.95082],[106.2766,21.94894],[106.27395,21.94697],[106.27375,21.94528],[106.27322,21.9446],[106.27311,21.94343],[106.27338,21.9426],[106.26928,21.94343],[106.26748,21.9425],[106.26705,21.94131],[106.26573,21.94097],[106.26361,21.94181],[106.2624,21.94159],[106.26167,21.94182],[106.25894,21.94338],[106.25838,21.94463],[106.25801,21.94472],[106.2568,21.94466],[106.25469,21.94391],[106.25346,21.94421],[106.25213,21.94293],[106.25014,21.94286],[106.24817,21.94142],[106.24686,21.94244],[106.24174,21.94282],[106.24089,21.94374],[106.23961,21.94409],[106.2384,21.94402],[106.23658,21.94519],[106.23384,21.94464],[106.23276,21.9448],[106.23201,21.94379],[106.23146,21.94428],[106.23158,21.94477],[106.231,21.9449],[106.23046,21.94578],[106.22856,21.9462],[106.22664,21.94714],[106.22363,21.94781],[106.22155,21.9489],[106.22065,21.9486],[106.21939,21.94749],[106.2157,21.94838],[106.21466,21.94767],[106.21307,21.94807],[106.2122,21.94694],[106.21082,21.94716],[106.20942,21.94612],[106.20629,21.94588],[106.20476,21.94653],[106.20357,21.94452],[106.2022,21.9439],[106.19959,21.94337],[106.19574,21.94425],[106.19517,21.94487],[106.192,21.94622],[106.19132,21.94572],[106.19087,21.9445],[106.19031,21.94398],[106.18754,21.94274],[106.18454,21.94508],[106.18288,21.94509],[106.18212,21.94453],[106.18043,21.94405],[106.18131,21.93945],[106.1805,21.93814],[106.17862,21.93765],[106.17868,21.93555],[106.1793,21.93434],[106.17719,21.93304],[106.17531,21.93125],[106.17503,21.93025],[106.17377,21.92827],[106.1742,21.92691],[106.17393,21.92577],[106.17452,21.92508],[106.17452,21.92373],[106.17528,21.92135],[106.17679,21.91942],[106.1759,21.91824],[106.17652,21.91486],[106.17727,21.91392],[106.17469,21.90877],[106.17354,21.91041],[106.17019,21.91198],[106.16958,21.91264],[106.16812,21.91257],[106.16696,21.91323],[106.16574,21.91303],[106.1645,21.91342],[106.16352,21.9126],[106.16204,21.91235],[106.16142,21.91119],[106.1593,21.91106],[106.15856,21.91017],[106.15728,21.91036],[106.15593,21.9092],[106.15396,21.91056],[106.1508,21.91101],[106.14982,21.91284],[106.14808,21.91327],[106.14729,21.91497],[106.14596,21.91546],[106.14339,21.91322],[106.14186,21.91317],[106.14115,21.91202],[106.14009,21.91186],[106.139,21.91113],[106.13762,21.91112],[106.13723,21.90889],[106.1352,21.90547],[106.13472,21.90515],[106.13159,21.90576],[106.13062,21.90652],[106.13018,21.90733],[106.12926,21.90721],[106.12832,21.90775],[106.12766,21.90725],[106.1279,21.90917],[106.12718,21.91037],[106.1282,21.91196],[106.1285,21.91342],[106.1315,21.91561],[106.13217,21.91685],[106.1319,21.91918],[106.13217,21.92036],[106.13059,21.92288],[106.12884,21.92442],[106.12761,21.92499],[106.12532,21.9244],[106.12355,21.92468],[106.12283,21.92398],[106.12216,21.924],[106.11906,21.9273],[106.11824,21.9278],[106.118,21.9284],[106.11348,21.92905],[106.11268,21.92953],[106.11255,21.93152],[106.11178,21.93302],[106.1107,21.93404],[106.10907,21.93295],[106.10793,21.93262],[106.10714,21.93282],[106.10652,21.93307],[106.10628,21.9346],[106.10394,21.93648],[106.10001,21.93681],[106.0981,21.93791],[106.0979,21.93844],[106.09877,21.93861],[106.10022,21.93964],[106.10271,21.94029],[106.10342,21.94157],[106.10504,21.94207],[106.10785,21.94513],[106.11096,21.94633],[106.11217,21.94813],[106.11267,21.9497],[106.11161,21.95036],[106.11094,21.95189],[106.10884,21.95244],[106.10714,21.95217],[106.10567,21.95234],[106.10364,21.95325],[106.10249,21.9529],[106.10157,21.95203],[106.09907,21.95076],[106.09812,21.95209],[106.09799,21.95383],[106.09881,21.95699],[106.09892,21.95942],[106.10157,21.96054],[106.10453,21.96051],[106.10531,21.96157],[106.10529,21.96215],[106.10683,21.96279],[106.10945,21.96279],[106.11133,21.96163],[106.11285,21.9635],[106.1127,21.96494],[106.11232,21.96549],[106.11351,21.96622],[106.11447,21.96764],[106.11453,21.96821],[106.11404,21.96872],[106.1139,21.96985],[106.11455,21.97084],[106.11322,21.9731],[106.11312,21.97571],[106.11339,21.97645],[106.11439,21.97674],[106.11554,21.97796],[106.11478,21.97985],[106.11366,21.98137],[106.11315,21.98338],[106.11398,21.98628],[106.11335,21.98707],[106.11267,21.98895],[106.1148,21.9916],[106.11464,21.99298],[106.11336,21.99486],[106.11206,21.995729999999998],[106.11035,21.99666],[106.10755,21.99748],[106.10797,21.99778],[106.1101,21.99802],[106.10963,21.99956],[106.11005,22.00094],[106.10986,22.0044],[106.1094,22.00545],[106.1108,22.00714],[106.11088,22.01026],[106.1104,22.01084],[106.11034,22.01211],[106.11141,22.0127],[106.11177,22.01341],[106.1111,22.01376],[106.11005,22.01715],[106.10926,22.0179],[106.10895,22.01872],[106.10921,22.01964],[106.10858,22.02135],[106.10657,22.02296],[106.10522,22.02357],[106.10218,22.0278],[106.10096,22.02802],[106.09939,22.02915],[106.09692,22.03012],[106.09683,22.03172],[106.09638,22.03225],[106.09583,22.03408],[106.09584,22.03617],[106.09859,22.03744],[106.09978,22.03929],[106.10116,22.04044],[106.10171,22.04277],[106.10237,22.04313],[106.10291,22.04592],[106.10509,22.04657],[106.10643,22.04585],[106.10839,22.04696],[106.10988,22.0462],[106.11147,22.04668],[106.11178,22.04775],[106.11459,22.04961],[106.11567,22.05146],[106.11603,22.05299],[106.11702,22.05425],[106.1174,22.05557],[106.11866,22.05566],[106.11949,22.0564],[106.1215,22.0567],[106.12375,22.05604],[106.12465,22.05636],[106.12596,22.05762],[106.12645,22.05774],[106.12713,22.05712],[106.12772,22.05434],[106.12883,22.05405],[106.13139,22.05202],[106.13125,22.05071],[106.13171,22.04779],[106.13138,22.04683],[106.13161,22.04605],[106.13081,22.04467],[106.13161,22.04324],[106.13199,22.04046],[106.13286,22.03854],[106.1328,22.03729],[106.13239,22.03686],[106.13226,22.03593],[106.13078,22.03332],[106.13391,22.0331],[106.13381,22.03237],[106.13452,22.03153],[106.13498,22.02978],[106.13598,22.02927],[106.13859,22.03],[106.14015,22.02945],[106.14149,22.03055],[106.14265,22.03071],[106.14428,22.03056],[106.1447,22.03],[106.14803,22.02898],[106.14999,22.03025],[106.15081,22.02973],[106.15336,22.02902],[106.15682,22.03195],[106.15806,22.03397],[106.16148,22.03403],[106.16243,22.03437],[106.16226,22.03529],[106.16287,22.03599],[106.1651,22.0368],[106.1667,22.03815],[106.1694,22.03638],[106.16971,22.03528],[106.17126,22.03415],[106.17216,22.03385],[106.17429,22.03556],[106.17643,22.03473],[106.17698,22.03408],[106.17923,22.03371],[106.18186,22.0324],[106.18296,22.03031],[106.18302,22.02783],[106.18367,22.02553],[106.18595,22.0232],[106.18642,22.02194],[106.18684,22.02192],[106.18853,22.0231],[106.18916,22.02417],[106.19063,22.02429],[106.19152,22.02502],[106.1928,22.0241],[106.19371,22.02277],[106.19501,22.02194],[106.19592,22.02032],[106.19833,22.01909],[106.2003,22.01949],[106.2033,22.01677],[106.20439,22.01704],[106.20772,22.01606],[106.21093,22.017],[106.21254,22.01582],[106.21432,22.0159],[106.21478,22.01548]]]]}},
{"type":"Feature","id":"06112","properties":{"Ward_Code":"06112","Ward_Code_Num":6112,"Ward":"Bình Gia","Ward_Alt":"Bình Gia","Ward_Upper":"BÌNH GIA","Ward_Full":"Xã Bình Gia","Ward_Full_Alt":"Xã Bình Gia","Ward_Full_Upper_Alt":"XÃ BÌNH GIA","Ward_Type":"Xã","Province_Code":"20","Province":"Lạng Sơn","Province_Upper_Alt":"LẠNG SƠN"},"geometry":{"type":"MultiPolygon","coordinates":[[[[106.36395,22.03361],[106.3655,22.03303],[106.3679,22.03015],[106.36868,22.02582],[106.37049,22.02374],[106.37058,22.02021],[106.36982,22.01786],[106.37016,22.0162],[106.36988,22.01502],[106.36877,22.01346],[106.36985,22.01125],[106.36916,22.00923],[106.37036,22.00752],[106.37123,22.00764],[106.37174,22.00701],[106.37241,22.00717],[106.37352,22.00677],[106.37509,22.00508],[106.37452,22.00166],[106.37501,22.00074],[106.37668,22.00036],[106.37808,22.00075],[106.3812,21.99876],[106.38163,21.99812],[106.38574,21.99645],[106.38662,21.99659],[106.38626,21.99569],[106.38673,21.99458],[106.38615,21.99173],[106.3875,21.99004],[106.38819,21.99015],[106.38966,21.98961],[106.39028,21.9902],[106.39171,21.99068],[106.39569,21.99084],[106.39591,21.9907],[106.39561,21.98983],[106.39603,21.98845],[106.39939,21.98748],[106.40098,21.98599],[106.40141,21.98595],[106.40204,21.98672],[106.4034,21.98716],[106.40424,21.98784],[106.40553,21.98786],[106.40833,21.9865],[106.4106,21.98472],[106.41103,21.98232],[106.41168,21.98157],[106.41157,21.97923],[106.41011,21.97752],[106.4094,21.97562],[106.40966,21.97334],[106.40891,21.97294],[106.4085,21.97191],[106.40723,21.97141],[106.40662,21.97078],[106.40747,21.96898],[106.40862,21.96822],[106.40928,21.96671],[106.40924,21.96409],[106.40963,21.9633],[106.4099,21.96056],[106.41091,21.95955],[106.41179,21.95918],[106.41126,21.95835],[106.4097,21.95747],[106.41053,21.95512],[106.40986,21.95498],[106.40923,21.95437],[106.40918,21.95298],[106.40864,21.95224],[106.40942,21.95055],[106.4106,21.94948],[106.41056,21.94915],[106.4098,21.94694],[106.409,21.94627],[106.40876,21.94493],[106.40797,21.94433],[106.40778,21.94322],[106.40833,21.94256],[106.40858,21.94109],[106.41032,21.94084],[106.41162,21.93966],[106.41147,21.93854],[106.41302,21.93664],[106.41293,21.93543],[106.41148,21.93321],[106.41203,21.93051],[106.41323,21.92779],[106.4124,21.92431],[106.41016,21.92221],[106.40906,21.92014],[106.40769,21.91926],[106.4079,21.91677],[106.40664,21.91581],[106.40576,21.91344],[106.3998,21.91103],[106.39806,21.91078],[106.39646,21.91004],[106.39592,21.90908],[106.39442,21.90928],[106.39333,21.90881],[106.39361,21.91039],[106.39511,21.91196],[106.39558,21.91309],[106.39423,21.91353],[106.39209,21.9153],[106.39218,21.91671],[106.3911,21.9173],[106.39088,21.91991],[106.38968,21.92156],[106.38806,21.92267],[106.38722,21.92381],[106.38684,21.92516],[106.38972,21.92714],[106.38957,21.92806],[106.38555,21.9288],[106.37992,21.93142],[106.37955,21.93201],[106.37788,21.93166],[106.37689,21.93064],[106.3708,21.92947],[106.36844,21.93089],[106.3673,21.93342],[106.36684,21.93357],[106.36245,21.93219],[106.36218,21.93018],[106.36048,21.92874],[106.3598,21.9273],[106.35449,21.92731],[106.35224,21.92681],[106.34892,21.92959],[106.34658,21.93271],[106.34424,21.9332],[106.34316,21.9339],[106.34296,21.93542],[106.34056,21.93718],[106.3403,21.93828],[106.33868,21.93889],[106.33808,21.94041],[106.33529,21.94268],[106.33556,21.94305],[106.33513,21.94421],[106.33631,21.94455],[106.33593,21.94642],[106.33687,21.948],[106.33678,21.94938],[106.33844,21.95024],[106.33545,21.95416],[106.33356,21.95488],[106.33169,21.95662],[106.32778,21.95659],[106.32728,21.95593],[106.3264,21.95328],[106.32495,21.95432],[106.3227,21.95701],[106.32254,21.95922],[106.32123,21.95977],[106.32028,21.96093],[106.31888,21.96129],[106.31613,21.96279],[106.31316,21.96085],[106.31034,21.96037],[106.30902,21.95936],[106.3053,21.95859],[106.30525,21.95555],[106.30401,21.95356],[106.30331,21.9534],[106.30187,21.9521],[106.30401,21.95042],[106.30372,21.94971],[106.30219,21.94769],[106.30016,21.94649],[106.29906,21.94386],[106.29679,21.94312],[106.29404,21.94071],[106.29549,21.9402],[106.29653,21.93932],[106.29737,21.93473],[106.29609,21.93357],[106.29492,21.93316],[106.29346,21.93143],[106.29106,21.93101],[106.29035,21.93145],[106.28927,21.93148],[106.28757,21.93273],[106.28455,21.93278],[106.28271,21.93179],[106.2803,21.93162],[106.28056,21.93017],[106.2797,21.92925],[106.27836,21.92943],[106.27584,21.93094],[106.27425,21.93134],[106.27011,21.93196],[106.26756,21.93163],[106.26532,21.93278],[106.26439,21.93367],[106.26495,21.93441],[106.26502,21.93516],[106.26338,21.9359],[106.26293,21.93839],[106.26185,21.93866],[106.26167,21.94182],[106.2624,21.94159],[106.26361,21.94181],[106.26583,21.94097],[106.26705,21.94131],[106.26759,21.9426],[106.26956,21.94348],[106.27338,21.9426],[106.27311,21.94343],[106.27322,21.9446],[106.27375,21.94528],[106.27395,21.94697],[106.27662,21.94906],[106.27609,21.95082],[106.27533,21.9515],[106.2749,21.95274],[106.27375,21.95312],[106.27277,21.95443],[106.27204,21.95462],[106.27062,21.9543],[106.26987,21.95466],[106.2687,21.95612],[106.26879,21.95704],[106.26836,21.95828],[106.26617,21.96027],[106.26595,21.96187],[106.26791,21.96294],[106.26908,21.96314],[106.2693,21.96371],[106.26905,21.96579],[106.26825,21.96664],[106.26859,21.96801],[106.26923,21.96855],[106.27105,21.96881],[106.27207,21.9686],[106.2744,21.96922],[106.27606,21.9701],[106.27817,21.96964],[106.27905,21.97008],[106.28018,21.97134],[106.28136,21.97152],[106.28253,21.97278],[106.28127,21.97437],[106.28098,21.97546],[106.27948,21.97712],[106.27809,21.9776],[106.27735,21.97745],[106.27652,21.978],[106.27576,21.97755],[106.27524,21.97773],[106.27367,21.9797],[106.2721,21.98108],[106.27194,21.98218],[106.27106,21.98282],[106.27109,21.98321],[106.26994,21.98439],[106.26745,21.98544],[106.26605,21.98694],[106.26407,21.98651],[106.26306,21.98786],[106.26126,21.98791],[106.26172,21.99142],[106.2606,21.99225],[106.26039,21.99355],[106.25918,21.99425],[106.25634,21.99786],[106.25926,21.99839],[106.26207,21.99975],[106.26579,22.0007],[106.26859,22.00024],[106.26968,22.00038],[106.27104,22.00107],[106.27318,21.99961],[106.27604,22.00101],[106.27778,22.00133],[106.28226,21.99896],[106.2842,21.99831],[106.28534,21.99842],[106.28626,21.99904],[106.28727,21.99906],[106.28824,21.99845],[106.29114,21.99808],[106.29279,21.99888],[106.29447,21.99928],[106.29483,21.9991],[106.2963,21.99764],[106.29654,21.99658],[106.29784,21.99612],[106.29839,21.99547],[106.29932,21.99253],[106.2987,21.9906],[106.29969,21.98895],[106.30217,21.9894],[106.30372,21.99016],[106.311,21.99002],[106.31206,21.99138],[106.3121,21.99271],[106.31246,21.99306],[106.31426,21.99297],[106.31652,21.99147],[106.31988,21.99081],[106.32411,21.99288],[106.32477,21.99367],[106.3256,21.99396],[106.32599,21.99461],[106.32701,21.99519],[106.32693,21.99576],[106.32778,21.99625],[106.32853,21.99793],[106.33234,21.99826],[106.33377,21.99886],[106.33635,21.99896],[106.33824,22.00015],[106.33947,22.00026],[106.33886,22.00085],[106.33897,22.00348],[106.33841,22.00574],[106.33845,22.00774],[106.34072,22.01187],[106.3405,22.01278],[106.34072,22.01407],[106.33982,22.01503],[106.34052,22.01738],[106.3402,22.01756],[106.33942,22.0171],[106.33891,22.01756],[106.33906,22.01804],[106.33817,22.01821],[106.3373,22.01891],[106.33447,22.0192],[106.33208,22.01999],[106.32991,22.02182],[106.32871,22.02347],[106.33024,22.02433],[106.33353,22.02536],[106.33492,22.02491],[106.3349,22.02444],[106.33556,22.02559],[106.33616,22.02598],[106.33735,22.02822],[106.3385,22.02915],[106.33896,22.03035],[106.34207,22.02849],[106.3449,22.02861],[106.34534,22.02835],[106.34534,22.02711],[106.34288,22.02234],[106.34273,22.02037],[106.34211,22.01898],[106.34204,22.01708],[106.34125,22.01553],[106.34204,22.01408],[106.34451,22.01295],[106.34702,22.01315],[106.34852,22.01217],[106.35085,22.01186],[106.35231,22.0161],[106.35354,22.01691],[106.35388,22.01766],[106.35518,22.01828],[106.35588,22.01778],[106.35658,22.01617],[106.35606,22.01583],[106.35569,22.01485],[106.359,22.01342],[106.36258,22.01277],[106.36312,22.01355],[106.36292,22.01532],[106.36351,22.0169],[106.36301,22.01922],[106.36328,22.02088],[106.36316,22.0215],[106.36131,22.02407],[106.36338,22.02993],[106.36303,22.03088],[106.36341,22.03317],[106.36395,22.03361]]]]}},
{"type":"Feature","id":"06115","properties":{"Ward_Code":"06115","Ward_Code_Num":6115,"Ward":"Tân Văn","Ward_Alt":"Tân Văn","Ward_Upper":"TÂN VĂN","Ward_Full":"Xã Tân Văn","Ward_Full_Alt":"Xã Tân Văn","Ward_Full_Upper_Alt":"XÃ TÂN VĂN","Ward_Type":"Xã","Province_Code":"20","Province":"Lạng Sơn","Province_Upper_Alt":"LẠNG SƠN"},"geometry":{"type":"MultiPolygon","coordinates":[[[[106.4619,21.98183],[106.4631,21.98199],[106.46402,21.98144],[106.46517,21.98186],[106.46689,21.98192],[106.47015,21.98036],[106.47111,21.97893],[106.47372,21.97742],[106.47596,21.97456],[106.47879,21.97333],[106.48038,21.97219],[106.48171,21.97212],[106.48333,21.97118],[106.48478,21.97161],[106.48567,21.97056],[106.48694,21.97048],[106.48884,21.96966],[106.49204,21.97017],[106.49384,21.96908],[106.49542,21.96741],[106.49546,21.96577],[106.49478,21.9648],[106.49408,21.96442],[106.49227,21.96486],[106.49134,21.9636],[106.4901,21.96308],[106.48909,21.95943],[106.48958,21.95868],[106.48968,21.95748],[106.49025,21.9567],[106.49008,21.95451],[106.49302,21.95308],[106.49356,21.95088],[106.49477,21.94911],[106.4973,21.94964],[106.49831,21.94904],[106.499,21.94802],[106.49992,21.94756],[106.50072,21.9489],[106.50234,21.94932],[106.50372,21.95063],[106.50572,21.95026],[106.50652,21.94979],[106.50777,21.94776],[106.50894,21.94705],[106.51035,21.94784],[106.51206,21.94696],[106.51329,21.94687],[106.51562,21.94836],[106.51702,21.94745],[106.518,21.94591],[106.51915,21.94567],[106.52149,21.9439],[106.52306,21.94391],[106.5245,21.94285],[106.52498,21.9435],[106.52578,21.94364],[106.52646,21.94301],[106.52781,21.94277],[106.52944,21.94375],[106.53032,21.94531],[106.53533,21.94522],[106.53631,21.94181],[106.53568,21.93714],[106.53535,21.93657],[106.53558,21.93507],[106.53521,21.93429],[106.53523,21.93299],[106.53399,21.93138],[106.53424,21.92989],[106.53575,21.928],[106.5367,21.9252],[106.54024,21.92364],[106.54045,21.92303],[106.53908,21.92104],[106.53889,21.92008],[106.53759,21.91962],[106.53565,21.91828],[106.53591,21.9163],[106.53568,21.91577],[106.53484,21.91538],[106.5351,21.91406],[106.53468,21.91362],[106.53355,21.9138],[106.53229,21.9145],[106.53191,21.91431],[106.53022,21.91538],[106.52653,21.91501],[106.52597,21.91536],[106.5238,21.91567],[106.52168,21.91701],[106.52072,21.91701],[106.51927,21.91624],[106.51769,21.91667],[106.51558,21.91589],[106.51388,21.91615],[106.51275,21.9157],[106.51243,21.91517],[106.50745,21.91637],[106.50454,21.91829],[106.504,21.91815],[106.5034,21.91744],[106.50343,21.91607],[106.5024,21.91409],[106.4998,21.91245],[106.49844,21.9118],[106.49765,21.91252],[106.49668,21.91265],[106.49503,21.91095],[106.49293,21.91115],[106.49066,21.91014],[106.49149,21.90876],[106.49182,21.90745],[106.4902,21.9042],[106.48869,21.9036],[106.48817,21.90184],[106.48709,21.90038],[106.48699,21.89979],[106.48741,21.89956],[106.48744,21.89897],[106.48787,21.89855],[106.48785,21.8971],[106.48743,21.89704],[106.48726,21.89761],[106.48526,21.89728],[106.4845,21.8979],[106.4835,21.89758],[106.48339,21.89923],[106.48214,21.89924],[106.48202,21.89986],[106.48121,21.90071],[106.47947,21.90004],[106.47758,21.89838],[106.47486,21.89472],[106.47226,21.8939],[106.47154,21.89205],[106.4699,21.8914],[106.46945,21.89036],[106.46888,21.89004],[106.46747,21.88972],[106.46636,21.88986],[106.46525,21.89096],[106.46364,21.89058],[106.46182,21.8911],[106.4579,21.88945],[106.45705,21.88788],[106.45811,21.88615],[106.45806,21.88462],[106.45751,21.8842],[106.45834,21.88402],[106.45865,21.88357],[106.45882,21.88192],[106.45837,21.8807],[106.45815,21.8776],[106.45692,21.87713],[106.45626,21.8765],[106.45542,21.8764],[106.45497,21.87694],[106.45376,21.8774],[106.45328,21.87842],[106.45224,21.87932],[106.45176,21.87881],[106.45149,21.87626],[106.45063,21.87566],[106.4503,21.87443],[106.44815,21.87325],[106.44623,21.87409],[106.44343,21.87388],[106.4409,21.87258],[106.44009,21.87255],[106.43922,21.87079],[106.43856,21.87042],[106.43803,21.86872],[106.43806,21.86734],[106.4358,21.86617],[106.43394,21.86678],[106.4327,21.86649],[106.43151,21.86677],[106.43074,21.86592],[106.42962,21.86609],[106.42749,21.86524],[106.42633,21.86574],[106.42566,21.86723],[106.42571,21.86825],[106.42448,21.86942],[106.42294,21.86998],[106.42056,21.86805],[106.41975,21.86784],[106.41877,21.86807],[106.41658,21.86939],[106.41491,21.87235],[106.41325,21.87369],[106.41307,21.8749],[106.41261,21.87563],[106.41047,21.87765],[106.41065,21.87944],[106.40913,21.88117],[106.41048,21.88334],[106.40886,21.8839],[106.40722,21.88592],[106.40456,21.88476],[106.40312,21.88462],[106.39801,21.88547],[106.39482,21.88742],[106.39279,21.8878],[106.3913,21.88732],[106.38919,21.88792],[106.38799,21.88848],[106.38773,21.88966],[106.38886,21.8918],[106.39096,21.89254],[106.3912,21.8935],[106.39214,21.89431],[106.39174,21.89508],[106.39109,21.89519],[106.3906,21.89583],[106.39128,21.89752],[106.39075,21.89942],[106.39182,21.90042],[106.39146,21.90148],[106.39172,21.90549],[106.39251,21.9067],[106.39295,21.90852],[106.39415,21.90924],[106.39592,21.90908],[106.39646,21.91004],[106.39806,21.91078],[106.3998,21.91103],[106.40576,21.91344],[106.40664,21.91581],[106.4079,21.91677],[106.40769,21.91926],[106.40906,21.92014],[106.41015,21.92221],[106.41248,21.92445],[106.41323,21.92779],[106.41203,21.93051],[106.41148,21.93329],[106.41293,21.93543],[106.41306,21.9365],[106.41236,21.93773],[106.41147,21.93854],[106.41162,21.93966],[106.41032,21.94084],[106.40858,21.94109],[106.40833,21.94256],[106.40778,21.94322],[106.40797,21.94433],[106.40876,21.94493],[106.409,21.94627],[106.4098,21.94694],[106.41056,21.94915],[106.4106,21.94948],[106.40942,21.95055],[106.40864,21.95224],[106.40918,21.95298],[106.40923,21.95437],[106.40986,21.95498],[106.41053,21.95512],[106.4097,21.95747],[106.41126,21.95835],[106.41179,21.95918],[106.41091,21.95955],[106.4099,21.96056],[106.40963,21.9633],[106.40924,21.96409],[106.40928,21.96671],[106.40862,21.96822],[106.40747,21.96898],[106.40662,21.97078],[106.40723,21.97141],[106.4085,21.97191],[106.40891,21.97294],[106.40966,21.97334],[106.40931,21.97534],[106.41011,21.97752],[106.41157,21.97923],[106.41176,21.98109],[106.41473,21.98066],[106.41646,21.98172],[106.41868,21.98148],[106.41973,21.98094],[106.42077,21.98098],[106.42112,21.98107],[106.42079,21.98151],[106.42313,21.98216],[106.42422,21.98286],[106.42464,21.98183],[106.42414,21.98083],[106.42484,21.97879],[106.42788,21.97904],[106.42902,21.97968],[106.4302,21.98101],[106.43061,21.98079],[106.43205,21.97796],[106.43384,21.97584],[106.43505,21.97603],[106.4368,21.97534],[106.43755,21.97599],[106.43914,21.97653],[106.44191,21.9754],[106.44309,21.97604],[106.44352,21.97686],[106.44427,21.9773],[106.44607,21.97696],[106.44692,21.97764],[106.44952,21.9766],[106.45018,21.97723],[106.45104,21.97741],[106.45343,21.97688],[106.4544,21.97752],[106.45636,21.97709],[106.4566,21.97753],[106.45795,21.97816],[106.457,21.97867],[106.45778,21.9796],[106.45923,21.9799],[106.45947,21.98186],[106.46072,21.98269],[106.4619,21.98183]]]]}},
{"type":"Feature","id":"06124","properties":{"Ward_Code":"06124","Ward_Code_Num":6124,"Ward":"Na Sầm","Ward_Alt":"Na Sầm","Ward_Upper":"NA SẦM","Ward_Full":"Xã Na Sầm","Ward_Full_Alt":"Xã Na Sầm","Ward_Full_Upper_Alt":"XÃ NA SẦM","Ward_Type":"Xã","Province_Code":"20","Province":"Lạng Sơn","Province_Upper_Alt":"LẠNG SƠN"},"geometry":{"type":"MultiPolygon","coordinates":[[[[106.55715,22.17317],[106.56167,22.17093],[106.56452,22.17026],[106.56585,22.16963],[106.56699,22.16972],[106.56768,22.17066],[106.57104,22.17082],[106.57128,22.16875],[106.57409,22.16776],[106.57524,22.16702],[106.57855,22.16625],[106.57943,22.16554],[106.57984,22.16638],[106.58156,22.16783],[106.58316,22.16738],[106.58461,22.16749],[106.58582,22.16619],[106.58621,22.1651],[106.58845,22.16319],[106.58876,22.16167],[106.59052,22.16047],[106.58969,22.15786],[106.58996,22.15594],[106.59103,22.15412],[106.59408,22.1544],[106.59458,22.15396],[106.59484,22.15281],[106.59711,22.15087],[106.59636,22.14869],[106.59464,22.14841],[106.59393,22.148],[106.59365,22.14671],[106.59296,22.1456],[106.59294,22.14456],[106.59327,22.14334],[106.59412,22.14254],[106.59403,22.14047],[106.59318,22.13868],[106.5916,22.13814],[106.59187,22.1366],[106.59166,22.13563],[106.59344,22.1344],[106.59485,22.13437],[106.59542,22.13132],[106.59529,22.12978],[106.59762,22.12816],[106.598,22.12759],[106.59787,22.12674],[106.59899,22.12543],[106.5989,22.12474],[106.60248,22.12311],[106.60252,22.12372],[106.60307,22.12445],[106.60505,22.12446],[106.60599,22.12506],[106.60718,22.12518],[106.60917,22.12614],[106.61035,22.12785],[106.61206,22.12638],[106.61317,22.12604],[106.61577,22.12332],[106.6155,22.12196],[106.61399,22.11947],[106.61409,22.11812],[106.61178,22.11651],[106.61231,22.11496],[106.61226,22.11381],[106.61275,22.11177],[106.61505,22.1107],[106.61576,22.1081],[106.61819,22.10732],[106.61816,22.10563],[106.61763,22.10467],[106.61754,22.10374],[106.61554,22.10168],[106.61562,22.10071],[106.6171,22.0983],[106.61894,22.09882],[106.62017,22.09956],[106.623,22.09981],[106.62452,22.09956],[106.62481,22.1007],[106.62617,22.10315],[106.62722,22.10366],[106.62878,22.10374],[106.63085,22.10438],[106.63245,22.10545],[106.63428,22.10508],[106.63507,22.10722],[106.63616,22.10737],[106.63745,22.10688],[106.63774,22.10862],[106.63856,22.10943],[106.63964,22.10968],[106.64298,22.10806],[106.64434,22.1068],[106.64518,22.10648],[106.64591,22.10338],[106.64743,22.10274],[106.65055,22.10026],[106.65167,22.09972],[106.65191,22.09867],[106.65046,22.09748],[106.64866,22.09679],[106.64702,22.09665],[106.64664,22.09545],[106.64592,22.09465],[106.64554,22.09276],[106.64444,22.09158],[106.64424,22.09069],[106.64452,22.08968],[106.64399,22.08883],[106.6439,22.08785],[106.64454,22.08725],[106.64454,22.08682],[106.64751,22.08507],[106.64663,22.08423],[106.64641,22.08345],[106.64676,22.0821],[106.64608,22.08058],[106.64422,22.07988],[106.64359,22.08037],[106.64234,22.08036],[106.64156,22.07979],[106.64166,22.07647],[106.64105,22.07549],[106.64173,22.07349],[106.64134,22.07271],[106.64113,22.0707],[106.64134,22.06916],[106.64186,22.06831],[106.64099,22.066],[106.64221,22.06482],[106.64231,22.0637],[106.64377,22.06253],[106.64444,22.06276],[106.64497,22.06378],[106.64701,22.0632],[106.64793,22.06332],[106.64849,22.06239],[106.65017,22.06111],[106.65028,22.05922],[106.64963,22.05812],[106.651,22.05676],[106.65132,22.05494],[106.65352,22.05346],[106.65454,22.05179],[106.65605,22.05036],[106.6575,22.05041],[106.6607,22.04965],[106.65776,22.04867],[106.65586,22.04924],[106.65424,22.04825],[106.65477,22.04763],[106.65452,22.04442],[106.65245,22.04257],[106.65213,22.0416],[106.65239,22.04041],[106.65285,22.03996],[106.65283,22.03924],[106.65086,22.0382],[106.64763,22.03445],[106.64728,22.03362],[106.64564,22.03312],[106.64518,22.03254],[106.64547,22.03141],[106.64546,22.02846],[106.64607,22.02707],[106.64538,22.02623],[106.6463,22.0249],[106.64766,22.02427],[106.64789,22.02183],[106.64877,22.02059],[106.64911,22.01859],[106.64944,22.01799],[106.65054,22.01732],[106.64939,22.01609],[106.64783,22.01681],[106.6461,22.01592],[106.64395,22.01558],[106.64343,22.01597],[106.64319,22.01673],[106.64241,22.01715],[106.63924,22.01563],[106.63786,22.01627],[106.63743,22.01701],[106.6367,22.01648],[106.63607,22.01527],[106.63492,22.01539],[106.6341,22.01473],[106.63266,22.01473],[106.63227,22.01363],[106.63064,22.01381],[106.62757,22.01204],[106.62707,22.01097],[106.62789,22.00994],[106.62751,22.00896],[106.62785,22.0085],[106.62743,22.00806],[106.62722,22.00664],[106.6276,22.00585],[106.62646,22.00443],[106.62514,22.0019],[106.62461,22.00153],[106.62282,22.00452],[106.62141,22.00472],[106.6206,22.00443],[106.6202,22.00353],[106.61901,22.00232],[106.61931,21.99991],[106.61836,21.99828],[106.6171,21.99721],[106.61531,21.99703],[106.61502,21.99552],[106.6112,21.99204],[106.61115,21.99107],[106.61229,21.99022],[106.61297,21.98825],[106.61238,21.98752],[106.61052,21.9873],[106.60924,21.98637],[106.60668,21.98596],[106.60572,21.98628],[106.6049,21.98591],[106.6038,21.98595],[106.60356,21.98525],[106.60316,21.98504],[106.60135,21.98577],[106.60034,21.985],[106.59767,21.98654],[106.59814,21.98701],[106.59813,21.98892],[106.59938,21.99334],[106.60018,21.99804],[106.59981,21.99954],[106.59812,22.00262],[106.59676,22.00358],[106.5957,22.00353],[106.59528,22.00269],[106.59555,21.99999],[106.59656,21.99742],[106.59659,21.99616],[106.5962,21.99535],[106.59528,21.99467],[106.59354,21.99404],[106.59092,21.99192],[106.58931,21.99168],[106.58764,21.99254],[106.58663,21.9936],[106.5866,21.99539],[106.59083,22.00168],[106.59021,22.00494],[106.58975,22.00584],[106.58874,22.00649],[106.58666,22.00638],[106.58354,22.00513],[106.58272,22.00518],[106.58219,22.00564],[106.58229,22.00648],[106.58173,22.00745],[106.58162,22.00885],[106.58609,22.0134],[106.58591,22.01485],[106.58295,22.01815],[106.58234,22.01939],[106.58231,22.02032],[106.58397,22.02152],[106.58546,22.02162],[106.58952,22.01888],[106.59201,22.01777],[106.5932,22.01801],[106.59324,22.01985],[106.59123,22.02366],[106.59129,22.02447],[106.59227,22.02544],[106.59468,22.02592],[106.59729,22.02554],[106.5981,22.02442],[106.59878,22.02419],[106.60064,22.02597],[106.60068,22.0266],[106.6,22.02735],[106.59619,22.02881],[106.59582,22.02939],[106.59675,22.03148],[106.59894,22.03481],[106.60028,22.03921],[106.60156,22.03976],[106.59654,22.04047],[106.59418,22.04194],[106.59192,22.04226],[106.5908,22.04153],[106.58881,22.04123],[106.58824,22.04205],[106.5884,22.0442],[106.58976,22.04536],[106.58956,22.04676],[106.58992,22.0471],[106.59105,22.0462],[106.59544,22.0468],[106.59507,22.04793],[106.5945,22.04846],[106.59415,22.05116],[106.59203,22.05229],[106.59302,22.05343],[106.59499,22.0545],[106.59514,22.05568],[106.59493,22.05595],[106.59421,22.0558],[106.59137,22.05646],[106.59171,22.05773],[106.59389,22.05938],[106.59098,22.06541],[106.5909,22.0672],[106.59159,22.06849],[106.58998,22.072],[106.58988,22.07281],[106.59016,22.07501],[106.58986,22.07567],[106.59036,22.0765],[106.59438,22.07974],[106.59486,22.08096],[106.59127,22.08396],[106.58976,22.08371],[106.58884,22.08395],[106.58205,22.09054],[106.58153,22.09174],[106.58128,22.09538],[106.58172,22.09597],[106.58267,22.09627],[106.58313,22.09774],[106.5831,22.09897],[106.58066,22.10214],[106.57928,22.10343],[106.57764,22.10358],[106.57742,22.10414],[106.57308,22.10862],[106.57206,22.11062],[106.57204,22.11181],[106.57063,22.11552],[106.56983,22.11552],[106.56919,22.11456],[106.56834,22.11423],[106.56747,22.11449],[106.56719,22.11496],[106.56734,22.11611],[106.56792,22.11686],[106.56981,22.11766],[106.57197,22.11955],[106.57246,22.12058],[106.57235,22.12136],[106.56927,22.12402],[106.56603,22.12754],[106.56296,22.12998],[106.56214,22.13164],[106.56207,22.13281],[106.56237,22.13364],[106.56406,22.13674],[106.56484,22.1375],[106.56644,22.13777],[106.56868,22.13576],[106.56941,22.13548],[106.5701,22.1357],[106.57135,22.13946],[106.57004,22.14238],[106.57027,22.14318],[106.57222,22.14337],[106.57465,22.14159],[106.57631,22.14124],[106.57859,22.14159],[106.57894,22.1431],[106.57817,22.14693],[106.57733,22.14789],[106.57514,22.14889],[106.57239,22.14906],[106.56858,22.14866],[106.5625,22.14895],[106.55963,22.15082],[106.55606,22.15162],[106.55261,22.15324],[106.5499,22.15611],[106.54635,22.16383],[106.54382,22.16583],[106.54338,22.17013],[106.54276,22.17102],[106.54153,22.1719],[106.54263,22.17237],[106.54466,22.1748],[106.54586,22.17398],[106.54717,22.17401],[106.54825,22.17511],[106.54908,22.1753],[106.54967,22.17534],[106.55059,22.17464],[106.55053,22.17348],[106.55135,22.17236],[106.55515,22.17215],[106.55715,22.17317]]]]}},
{"type":"Feature","id":"06148","properties":{"Ward_Code":"06148","Ward_Code_Num":6148,"Ward":"Thuỵ Hùng","Ward_Alt":"Thụy Hùng","Ward_Upper":"THUỴ HÙNG","Ward_Full":"Xã Thuỵ Hùng","Ward_Full_Alt":"Xã Thụy Hùng","Ward_Full_Upper_Alt":"XÃ THỤY HÙNG","Ward_Type":"Xã","Province_Code":"20","Province":"Lạng Sơn","Province_Upper_Alt":"LẠNG SƠN"},"geometry":{"type":"MultiPolygon","coordinates":[[[[106.67323,22.18114],[106.67433,22.18111],[106.67502,22.18037],[106.67619,22.17986],[106.67616,22.17676],[106.67745,22.17642],[106.67846,22.17561],[106.67805,22.17355],[106.67802,22.17041],[106.6796,22.17025],[106.68088,22.16939],[106.68296,22.16909],[106.68348,22.16768],[106.68505999999999,22.16719],[106.68531,22.16587],[106.68587,22.16494],[106.68779,22.16432],[106.69121,22.16488],[106.69193,22.16285],[106.69362,22.16206],[106.69467,22.16209],[106.69661,22.16276],[106.69842,22.16257],[106.69936,22.16335],[106.69978,22.16422],[106.70126,22.16379],[106.70284,22.16384],[106.70397,22.16281],[106.70535,22.16029],[106.70609,22.15972],[106.70623,22.15907],[106.70612,22.15756],[106.70576,22.15713],[106.70627,22.15607],[106.70551,22.15523],[106.70472,22.15509],[106.70127,22.15637],[106.7004,22.15557],[106.69831,22.15504],[106.69698,22.15396],[106.69713,22.15243],[106.6962,22.14998],[106.69585,22.14639],[106.69466,22.14482],[106.69538,22.14304],[106.69401,22.14196],[106.69215,22.14159],[106.69048,22.13958],[106.68854,22.13883],[106.68808,22.13821],[106.68883,22.13696],[106.69211,22.13465],[106.69338,22.13438],[106.69428,22.13328],[106.69409,22.13204],[106.69316,22.13048],[106.69418,22.12951],[106.69418,22.12827],[106.6932,22.12606],[106.69335,22.12464],[106.69283,22.12261],[106.69201,22.12192],[106.69277,22.12082],[106.69243,22.11903],[106.6932,22.11848],[106.69445,22.11823],[106.69619,22.11607],[106.69534,22.11476],[106.69524,22.11096],[106.69635,22.11006],[106.6969,22.10899],[106.698,22.10838],[106.69864,22.10667],[106.70217,22.10546],[106.70306,22.10434],[106.70519,22.10388],[106.70829,22.10258],[106.70984,22.10156],[106.71002,22.09952],[106.71216,22.09787],[106.71318,22.09589],[106.71231,22.09531],[106.71088,22.09349],[106.71241,22.09234],[106.71149,22.09079],[106.71165,22.09004],[106.7114,22.08956],[106.7098,22.08842],[106.70959,22.08759],[106.7086,22.08629],[106.70617,22.08508],[106.70504,22.08504],[106.70653,22.06527],[106.70536,22.06451],[106.7037,22.06473],[106.70084,22.05848],[106.69898,22.0555],[106.69731,22.05476],[106.69733,22.05251],[106.69777,22.05162],[106.69955,22.05077],[106.69954,22.0494],[106.69746,22.04674],[106.69698,22.04491],[106.69574,22.04476],[106.6949,22.04425],[106.6936,22.0446],[106.69179,22.04453],[106.68932,22.04396],[106.68921,22.04321],[106.6887,22.04265],[106.68671,22.04338],[106.68619,22.04335],[106.68544,22.04273],[106.6844,22.0432],[106.68308,22.04276],[106.67909,22.04355],[106.67629,22.0433],[106.67356,22.04248],[106.67168,22.04318],[106.67104,22.04553],[106.66994,22.04563],[106.66945,22.04632],[106.66859,22.04626],[106.66753,22.04687],[106.66425,22.04945],[106.6629,22.04979],[106.6607,22.04965],[106.6575,22.05041],[106.65624,22.05031],[106.65559,22.05071],[106.65352,22.05346],[106.65132,22.05494],[106.651,22.05676],[106.64963,22.05812],[106.65028,22.05922],[106.65017,22.06111],[106.64849,22.06239],[106.64774,22.06342],[106.64701,22.0632],[106.64497,22.06378],[106.64444,22.06276],[106.64347,22.06263],[106.64231,22.0637],[106.64221,22.06482],[106.64099,22.066],[106.64186,22.06831],[106.64134,22.06916],[106.64113,22.0707],[106.64134,22.07271],[106.64173,22.07349],[106.64105,22.07535],[106.64166,22.07647],[106.64156,22.07979],[106.64234,22.08036],[106.64359,22.08037],[106.64422,22.07988],[106.64608,22.08058],[106.64676,22.0821],[106.64641,22.08345],[106.64663,22.08423],[106.64751,22.08507],[106.64454,22.08682],[106.64454,22.08725],[106.6439,22.08785],[106.64399,22.08883],[106.64452,22.08968],[106.64424,22.09106],[106.64464,22.09193],[106.64554,22.09276],[106.64592,22.09465],[106.64664,22.09545],[106.64702,22.09665],[106.64866,22.09679],[106.65046,22.09748],[106.65191,22.09867],[106.65167,22.09972],[106.65055,22.10026],[106.64743,22.10274],[106.64591,22.10338],[106.64518,22.10648],[106.64434,22.1068],[106.64298,22.10806],[106.63964,22.10968],[106.63856,22.10943],[106.63774,22.10862],[106.63745,22.10688],[106.63616,22.10737],[106.63507,22.10722],[106.63428,22.10508],[106.63245,22.10545],[106.63085,22.10438],[106.62878,22.10374],[106.62722,22.10366],[106.62617,22.10315],[106.62481,22.1007],[106.62452,22.09956],[106.62362,22.09981],[106.62017,22.09956],[106.61894,22.09882],[106.6171,22.0983],[106.61562,22.10071],[106.61554,22.10168],[106.61754,22.10374],[106.61763,22.10467],[106.61816,22.10563],[106.61819,22.10732],[106.61576,22.1081],[106.61505,22.1107],[106.61275,22.11177],[106.61226,22.11381],[106.61231,22.11496],[106.61178,22.11651],[106.61409,22.11812],[106.61399,22.11947],[106.6155,22.12196],[106.61577,22.12332],[106.61553,22.12374],[106.61317,22.12604],[106.61206,22.12638],[106.61035,22.12785],[106.60917,22.12614],[106.60718,22.12518],[106.60599,22.12506],[106.60505,22.12446],[106.60307,22.12445],[106.60252,22.12372],[106.60248,22.12311],[106.5989,22.12474],[106.59899,22.12543],[106.59787,22.12674],[106.598,22.12759],[106.59762,22.12816],[106.59529,22.12978],[106.59542,22.13132],[106.59485,22.13437],[106.59344,22.1344],[106.59166,22.13563],[106.59187,22.1366],[106.59166,22.13832],[106.59318,22.13868],[106.59403,22.14047],[106.59412,22.14254],[106.59327,22.14334],[106.59294,22.14456],[106.59296,22.1456],[106.59365,22.14671],[106.59393,22.148],[106.59464,22.14841],[106.59636,22.14869],[106.59711,22.15087],[106.59724,22.1505],[106.59998,22.14984],[106.60274,22.15096],[106.6031,22.15205],[106.60265,22.1533],[106.60269,22.15448],[106.60199,22.15562],[106.60195,22.15698],[106.6052,22.15808],[106.60579,22.15905],[106.6054,22.16034],[106.607,22.16158],[106.60844,22.16176],[106.60893,22.16359],[106.61202,22.16338],[106.6139,22.16586],[106.61626,22.16709],[106.62298,22.16632],[106.62478,22.1668],[106.62606,22.16572],[106.62579,22.16399],[106.62656,22.16225],[106.62737,22.16125],[106.62904,22.16075],[106.63109,22.16106],[106.63258,22.16163],[106.63436,22.16373],[106.63539,22.16417],[106.63757,22.1659],[106.63791,22.16672],[106.63897,22.16759],[106.63964,22.16867],[106.63983,22.17042],[106.64041,22.17129],[106.64279,22.17165],[106.64356,22.1726],[106.64601,22.17108],[106.64754,22.17215],[106.64864,22.17203],[106.64935,22.17245],[106.65013,22.17303],[106.65087,22.1743],[106.6533,22.17617],[106.65487,22.17601],[106.65534,22.17756],[106.65593,22.17828],[106.656,22.17925],[106.65647,22.17966],[106.65634,22.18085],[106.65666,22.18112],[106.65766,22.18118],[106.65834,22.1816],[106.6581,22.18016],[106.65921,22.18011],[106.66209,22.17779],[106.66353,22.17839],[106.6657,22.17864],[106.6688,22.18048],[106.67049,22.18066],[106.67224,22.18208],[106.67323,22.18114]]]]}},
{"type":"Feature","id":"06151","properties":{"Ward_Code":"06151","Ward_Code_Num":6151,"Ward":"Hội Hoan","Ward_Alt":"Hội Hoan","Ward_Upper":"HỘI HOAN","Ward_Full":"Xã Hội Hoan","Ward_Full_Alt":"Xã Hội Hoan","Ward_Full_Upper_Alt":"XÃ HỘI HOAN","Ward_Type":"Xã","Province_Code":"20","Province":"Lạng Sơn","Province_Upper_Alt":"LẠNG SƠN"},"geometry":{"type":"MultiPolygon","coordinates":[[[[106.47888,22.10163],[106.47926,22.09876],[106.4801,22.09806],[106.48107,22.09814],[106.48104,22.09665],[106.48149,22.09597],[106.48097,22.09536],[106.48179,22.09425],[106.48239,22.09408],[106.48278,22.09518],[106.48346,22.0952],[106.48392,22.09433],[106.4849,22.09396],[106.48544,22.09322],[106.48565,22.09283],[106.48529,22.09228],[106.48629,22.09248],[106.487,22.0921],[106.4873,22.09148],[106.48844,22.09203],[106.4883,22.09267],[106.48952,22.0928],[106.49101,22.09366],[106.49332,22.0932],[106.4939,22.09334],[106.49482,22.09511],[106.49595,22.09617],[106.49863,22.09629],[106.49866,22.09498],[106.49833,22.0941],[106.4967,22.09271],[106.49754,22.09029],[106.49964,22.09076],[106.50147,22.089479999999998],[106.50321,22.08914],[106.50437,22.08703],[106.50447,22.08512],[106.50531,22.08479],[106.50595,22.08365],[106.50662,22.08327],[106.50882,22.08359],[106.5095,22.08323],[106.50918,22.08172],[106.50935,22.08094],[106.51138,22.0783],[106.50922,22.07536],[106.50826,22.07332],[106.5087,22.07168],[106.50986,22.06968],[106.50983,22.06831],[106.5108,22.06797],[106.51155,22.06703],[106.51195,22.06394],[106.51453,22.06273],[106.51511,22.06008],[106.51731,22.05994],[106.5188,22.05902],[106.51765,22.056],[106.51721,22.05563],[106.51926,22.05295],[106.52166,22.0517],[106.52193,22.05013],[106.52151,22.04786],[106.52175,22.04719],[106.5238,22.04655],[106.52626,22.04672],[106.52719,22.04601],[106.52934,22.04176],[106.52975,22.0399],[106.52917,22.03822],[106.52961,22.03634],[106.53012,22.03562],[106.53052,22.03286],[106.53205,22.03302],[106.53349,22.03273],[106.53572,22.03332],[106.53669,22.03287],[106.53778,22.03178],[106.53879,22.03158],[106.53913,22.03237],[106.53999,22.03262],[106.54056,22.03332],[106.54356,22.03345],[106.54417,22.03422],[106.54496,22.03152],[106.54365,22.02959],[106.54494,22.02798],[106.54426,22.02788],[106.54367,22.02729],[106.54394,22.02585],[106.54369,22.02504],[106.54047,22.02256],[106.54151,22.02022],[106.54066,22.01802],[106.5393,22.01622],[106.542,22.01422],[106.54128,22.01239],[106.54158,22.01113],[106.54276,22.01018],[106.54504,22.00686],[106.54366,22.00595],[106.54246,22.00579],[106.54013,22.00139],[106.53896,22.00056],[106.53743,21.99969],[106.53404,21.99975],[106.53155,21.99853],[106.53229,21.9968],[106.53142,21.99342],[106.53196,21.99192],[106.53322,21.99044],[106.53343,21.98866],[106.5349,21.98662],[106.53479,21.98427],[106.53545,21.98338],[106.53536,21.98216],[106.5346,21.9818],[106.53321,21.98198],[106.53178,21.98136],[106.53014,21.98224],[106.5288,21.98385],[106.52758,21.98395],[106.52724,21.98267],[106.52534,21.98086],[106.52401,21.98031],[106.52297,21.98049],[106.5208,21.9799],[106.52024,21.97895],[106.51967,21.97579],[106.51681,21.97478],[106.51494,21.97315],[106.51215,21.9718],[106.51185,21.97136],[106.51148,21.97192],[106.50918,21.97329],[106.50804,21.97133],[106.50611,21.97098],[106.50514,21.97263],[106.50393,21.97369],[106.50346,21.97156],[106.50253,21.97114],[106.50137,21.96883],[106.49806,21.97153],[106.4984,21.96952],[106.49813,21.96874],[106.49694,21.96865],[106.49616,21.96763],[106.49554,21.9674],[106.49424,21.96838],[106.49349,21.96939],[106.49204,21.97017],[106.48884,21.96966],[106.48694,21.97048],[106.48567,21.97056],[106.48478,21.97161],[106.48333,21.97118],[106.48171,21.97212],[106.47995,21.97237],[106.47879,21.97333],[106.47596,21.97456],[106.47372,21.97742],[106.47111,21.97893],[106.47015,21.98036],[106.46689,21.98192],[106.46517,21.98186],[106.46402,21.98144],[106.4631,21.98199],[106.4619,21.98183],[106.46072,21.98269],[106.45937,21.98168],[106.45923,21.9799],[106.45793,21.97968],[106.45702,21.97881],[106.45795,21.97816],[106.4566,21.97753],[106.45644,21.97713],[106.4544,21.97752],[106.45343,21.97688],[106.45104,21.97741],[106.45018,21.97723],[106.44952,21.9766],[106.44948,21.97748],[106.44861,21.97907],[106.44839,21.98188],[106.4451,21.98171],[106.44552,21.98322],[106.44521,21.98381],[106.44357,21.98487],[106.44321,21.98562],[106.44264,21.98589],[106.44279,21.98669],[106.44188,21.98768],[106.44247,21.99122],[106.44294,21.99208],[106.44369,21.99247],[106.44348,21.9933],[106.44454,21.99483],[106.44479,21.99646],[106.44527,21.996949999999998],[106.44556,21.99942],[106.44604,22.0002],[106.44449,22.00157],[106.44433,22.00448],[106.44558,22.0061],[106.44602,22.0083],[106.44747,22.00916],[106.44753,22.01174],[106.44811,22.01205],[106.44929,22.01399],[106.44668,22.01577],[106.44602,22.0168],[106.44202,22.01742],[106.44151,22.01922],[106.43936,22.0201],[106.43672,22.02248],[106.43634,22.02498],[106.43663,22.026],[106.43422,22.02646],[106.43446,22.02904],[106.4351,22.02952],[106.43555,22.03136],[106.43653,22.03191],[106.43632,22.03274],[106.43553,22.03372],[106.43574,22.03661],[106.43729,22.03695],[106.43874,22.03801],[106.44235,22.03811],[106.44285,22.03986],[106.44492,22.04034],[106.44639,22.04189],[106.44544,22.04461],[106.44361,22.04669],[106.44315,22.04768],[106.44405,22.04904],[106.44343,22.0507],[106.44416,22.05137],[106.44499,22.05385],[106.44627,22.05438],[106.44685,22.05621],[106.44531,22.05859],[106.44244,22.06088],[106.44335,22.06186],[106.4438,22.06307],[106.44291,22.06468],[106.44367,22.06595],[106.44307,22.0672],[106.44222,22.06787],[106.44102,22.06955],[106.44112,22.07148],[106.43995,22.0731],[106.43972,22.07393],[106.43881,22.07448],[106.44015,22.07704],[106.43803,22.07835],[106.43797,22.08144],[106.43749,22.08329],[106.43787,22.08495],[106.43843,22.08584],[106.43924,22.08661],[106.44041,22.08694],[106.44005,22.08878],[106.44141,22.08975],[106.44077,22.09213],[106.44166,22.09342],[106.44207,22.09538],[106.44292,22.09584],[106.44349,22.09745],[106.44476,22.09894],[106.45116,22.09908],[106.45497,22.0999],[106.45649,22.09976],[106.45707,22.10035],[106.45903,22.10069],[106.45949,22.09962],[106.45823,22.09894],[106.45788,22.09828],[106.45784,22.09607],[106.45875,22.09571],[106.46036,22.09653],[106.46105,22.0975],[106.46446,22.09913],[106.46505,22.09963],[106.46468,22.10015],[106.46668,22.10098],[106.46931,22.1014],[106.47028,22.10209],[106.47253,22.102],[106.47356,22.10126],[106.47446,22.10169],[106.47478,22.10147],[106.47553,22.10222],[106.47617,22.10163],[106.47635,22.10226],[106.47726,22.1029],[106.47746,22.10408],[106.47867,22.10298],[106.47807,22.10233],[106.47888,22.10163]]]]}},
{"type":"Feature","id":"06154","properties":{"Ward_Code":"06154","Ward_Code_Num":6154,"Ward":"Văn Lãng","Ward_Alt":"Văn Lãng","Ward_Upper":"VĂN LÃNG","Ward_Full":"Xã Văn Lãng","Ward_Full_Alt":"Xã Văn Lãng","Ward_Full_Upper_Alt":"XÃ VĂN LÃNG","Ward_Type":"Xã","Province_Code":"20","Province":"Lạng Sơn","Province_Upper_Alt":"LẠNG SƠN"},"geometry":{"type":"MultiPolygon","coordinates":[[[[106.59203,22.05229],[106.59415,22.05116],[106.5945,22.04846],[106.59507,22.04793],[106.59544,22.0468],[106.59105,22.0462],[106.58992,22.0471],[106.58956,22.04676],[106.58976,22.04536],[106.5884,22.0442],[106.58824,22.04205],[106.58881,22.04123],[106.5908,22.04153],[106.59192,22.04226],[106.59418,22.04194],[106.59654,22.04047],[106.60156,22.03976],[106.60028,22.03921],[106.59894,22.03481],[106.59675,22.03148],[106.59582,22.02939],[106.59619,22.02881],[106.60047,22.026979999999998],[106.60072,22.02626],[106.60036,22.02556],[106.59878,22.02419],[106.5981,22.02442],[106.59729,22.02554],[106.59633,22.02578],[106.59377,22.02585],[106.59167,22.02509],[106.59123,22.02366],[106.59324,22.01985],[106.59338,22.01862],[106.59295,22.0178],[106.59201,22.01777],[106.58952,22.01888],[106.58546,22.02162],[106.5843,22.02164],[106.58263,22.02066],[106.58224,22.01998],[106.58264,22.01869],[106.58531,22.01558],[106.58491,22.01474],[106.58352,22.01447],[106.58389,22.01268],[106.58206,22.01229],[106.58011,22.01122],[106.57971,22.01166],[106.5797,22.01259],[106.57892,22.01252],[106.5776,22.01062],[106.57761,22.01029],[106.57862,22.00965],[106.5781,22.00883],[106.578,22.00777],[106.57714,22.00724],[106.57635,22.00728],[106.57687,22.00884],[106.57582,22.00855],[106.57476,22.00948],[106.5746,22.0092],[106.57499,22.0087],[106.57386,22.00846],[106.57369,22.00816],[106.57437,22.00597],[106.57424,22.00561],[106.57369,22.00558],[106.57328,22.00621],[106.57241,22.00619],[106.57233,22.00576],[106.57317,22.00537],[106.57203,22.00502],[106.57124,22.00397],[106.57041,22.00511],[106.56996,22.00491],[106.56964,22.00407],[106.56732,22.00455],[106.56671,22.00394],[106.56592,22.00437],[106.56538,22.0037],[106.56517,22.00493],[106.56478,22.00491],[106.56459,22.00436],[106.56407,22.00413],[106.56378,22.00431],[106.56388,22.00511],[106.5632,22.0057],[106.5616,22.00532],[106.5614,22.00498],[106.56096,22.00506],[106.56078,22.00547],[106.56024,22.00524],[106.55976,22.00553],[106.5592,22.00462],[106.55786,22.00479],[106.55784,22.0026],[106.55726,22.00241],[106.55686,22.00276],[106.55566,22.00183],[106.55439,22.00204],[106.55405,22.00095],[106.55324,22.00052],[106.55285,22.0006],[106.55253,22.00141],[106.55168,22.00139],[106.55127,22.001],[106.55152,22.00062],[106.55096,22.00023],[106.55006,22.00306],[106.54774,22.00606],[106.54482,22.00699],[106.54276,22.01018],[106.54166,22.011],[106.54128,22.01239],[106.542,22.01422],[106.5393,22.01622],[106.54066,22.01802],[106.54151,22.02022],[106.54047,22.02256],[106.54369,22.02504],[106.54394,22.02585],[106.54367,22.02729],[106.54426,22.02788],[106.54494,22.02798],[106.54365,22.02959],[106.54496,22.03152],[106.54417,22.03422],[106.54356,22.03345],[106.54056,22.03332],[106.53999,22.03262],[106.53913,22.03237],[106.53879,22.03158],[106.53778,22.03178],[106.53669,22.03287],[106.53572,22.03332],[106.53349,22.03273],[106.53205,22.03302],[106.53052,22.03286],[106.53012,22.03562],[106.52961,22.03634],[106.52917,22.03822],[106.52975,22.0399],[106.52934,22.04176],[106.52719,22.04601],[106.52626,22.04672],[106.5238,22.04655],[106.52175,22.04719],[106.52151,22.04786],[106.52193,22.05013],[106.52166,22.0517],[106.51926,22.05295],[106.51721,22.05563],[106.51765,22.056],[106.5188,22.05902],[106.51731,22.05994],[106.51511,22.06008],[106.51453,22.06273],[106.51195,22.06394],[106.51155,22.06703],[106.5108,22.06797],[106.50983,22.06831],[106.50986,22.06968],[106.5087,22.07168],[106.50826,22.07332],[106.50922,22.07536],[106.51138,22.0783],[106.50935,22.08094],[106.50918,22.08172],[106.5095,22.08323],[106.50882,22.08359],[106.50662,22.08327],[106.50595,22.08365],[106.50531,22.08479],[106.50447,22.08512],[106.50437,22.08703],[106.50321,22.08914],[106.50147,22.089479999999998],[106.49964,22.09076],[106.49754,22.09029],[106.4967,22.09271],[106.49833,22.0941],[106.49866,22.09498],[106.49863,22.09629],[106.49595,22.09617],[106.49482,22.09511],[106.4939,22.09334],[106.49332,22.0932],[106.49101,22.09366],[106.48952,22.0928],[106.4883,22.09267],[106.48844,22.09203],[106.4873,22.09148],[106.487,22.0921],[106.48629,22.09248],[106.48529,22.09228],[106.48565,22.09283],[106.48544,22.09322],[106.4849,22.09396],[106.48392,22.09433],[106.48346,22.0952],[106.48286,22.09526],[106.48257,22.09427],[106.48219,22.09402],[106.48102,22.09522],[106.48149,22.09597],[106.48104,22.09665],[106.48107,22.09814],[106.4801,22.09806],[106.47926,22.09876],[106.47898,22.10138],[106.47807,22.10233],[106.47869,22.10293],[106.47746,22.10408],[106.47726,22.1029],[106.47635,22.10226],[106.47617,22.10163],[106.47553,22.10222],[106.47478,22.10147],[106.47446,22.10169],[106.47356,22.10126],[106.47253,22.102],[106.47028,22.10209],[106.46931,22.1014],[106.46668,22.10098],[106.46468,22.10015],[106.46505,22.09963],[106.46446,22.09913],[106.46095,22.09744],[106.46036,22.09653],[106.45897,22.09576],[106.45784,22.09607],[106.45794,22.09851],[106.45953,22.09971],[106.45903,22.10069],[106.45943,22.10178],[106.45871,22.10231],[106.45865,22.10399],[106.46031,22.10447],[106.46059,22.10564],[106.46213,22.10682],[106.46344,22.10851],[106.46469,22.10861],[106.46544,22.1096],[106.46757,22.11034],[106.46884,22.11212],[106.46966,22.11252],[106.47164,22.11532],[106.47322,22.11646],[106.47281,22.11694],[106.47263,22.11944],[106.47063,22.12159],[106.47007,22.12251],[106.47017,22.12297],[106.47085,22.12343],[106.47386,22.12347],[106.47462,22.12389],[106.47541,22.12546],[106.47678,22.12539],[106.47798,22.12632],[106.47819,22.12784],[106.47768,22.1286],[106.47686,22.13132],[106.47742,22.13314],[106.47824,22.13377],[106.47933,22.13546],[106.48082,22.13652],[106.48162,22.13628],[106.48249,22.13646],[106.48491,22.13799],[106.48782,22.13794],[106.48922,22.1383],[106.49152,22.13973],[106.4916,22.14179],[106.49028,22.14233],[106.49064,22.14364],[106.49033,22.14461],[106.48829,22.14661],[106.48816,22.14851],[106.48893,22.15062],[106.48691,22.15153],[106.48697,22.15248],[106.48763,22.15387],[106.48929,22.15335],[106.49066,22.15333],[106.49118,22.15238],[106.49354,22.15265],[106.49409,22.15186],[106.49795,22.15006],[106.50053,22.14957],[106.49981,22.14808],[106.49996,22.14742],[106.50121,22.14642],[106.50258,22.14391],[106.5036,22.14329],[106.50701,22.14671],[106.50876,22.14695],[106.51092,22.14823],[106.51407,22.14888],[106.51436,22.15011],[106.51483,22.15066],[106.5158,22.15024],[106.51831,22.15073],[106.51897,22.15133],[106.51889,22.15045],[106.51972,22.1496],[106.52444,22.14934],[106.52534,22.1481],[106.52692,22.14761],[106.52778,22.14768],[106.52839,22.14672],[106.52996,22.14642],[106.52999,22.14481],[106.53048,22.14421],[106.53127,22.14416],[106.53171,22.14373],[106.53288,22.14388],[106.53351,22.14361],[106.53364,22.14458],[106.53249,22.14594],[106.53188,22.14735],[106.53179,22.14847],[106.52949,22.15088],[106.52866,22.15082],[106.52833,22.15133],[106.52714,22.1608],[106.5253,22.16215],[106.52586,22.16313],[106.52672,22.16309],[106.52998,22.16036],[106.53123,22.15855],[106.53313,22.15901],[106.53352,22.15982],[106.53557,22.16061],[106.53638,22.16233],[106.53535,22.16485],[106.53652,22.1675],[106.53672,22.16863],[106.53608,22.16976],[106.53642,22.17045],[106.53732,22.17118],[106.53861,22.17145],[106.53942,22.17114],[106.54153,22.1719],[106.54276,22.17102],[106.54338,22.17013],[106.54382,22.16583],[106.54635,22.16383],[106.5499,22.15611],[106.55261,22.15324],[106.55606,22.15162],[106.55963,22.15082],[106.56192,22.14916],[106.56293,22.14885],[106.56858,22.14866],[106.57333,22.14906],[106.57568,22.14876],[106.57783,22.14753],[106.5788,22.1445],[106.57896,22.14248],[106.57859,22.14159],[106.57631,22.14124],[106.57465,22.14159],[106.57222,22.14337],[106.57027,22.14318],[106.57004,22.14238],[106.57135,22.13946],[106.5701,22.1357],[106.56941,22.13548],[106.56868,22.13576],[106.56644,22.13777],[106.56505,22.1376],[106.56398,22.13661],[106.56237,22.13364],[106.56206,22.13217],[106.56296,22.12998],[106.56603,22.12754],[106.56927,22.12402],[106.57235,22.12136],[106.57246,22.12058],[106.57197,22.11955],[106.56981,22.11766],[106.56792,22.11686],[106.56734,22.11611],[106.56719,22.11496],[106.56747,22.11449],[106.56834,22.11423],[106.56919,22.11456],[106.56983,22.11552],[106.57063,22.11552],[106.57204,22.11181],[106.57206,22.11062],[106.57308,22.10862],[106.57742,22.10414],[106.57764,22.10358],[106.57928,22.10343],[106.58066,22.10214],[106.5831,22.09897],[106.58313,22.09774],[106.58267,22.09627],[106.58172,22.09597],[106.58128,22.09538],[106.58153,22.09174],[106.58205,22.09054],[106.58884,22.08395],[106.58976,22.08371],[106.59127,22.08396],[106.59486,22.08096],[106.59438,22.07974],[106.59067,22.07682],[106.58986,22.07567],[106.59016,22.07501],[106.58998,22.072],[106.59159,22.06849],[106.5909,22.0672],[106.59098,22.06541],[106.59389,22.05938],[106.59171,22.05773],[106.59137,22.05646],[106.59421,22.0558],[106.59493,22.05595],[106.59514,22.05568],[106.59499,22.0545],[106.59302,22.05343],[106.59203,22.05229]]]]}},
{"type":"Feature","id":"06172","properties":{"Ward_Code":"06172","Ward_Code_Num":6172,"Ward":"Hoàng Văn Thụ","Ward_Alt":"Hoàng Văn Thụ","Ward_Upper":"HOÀNG VĂN THỤ","Ward_Full":"Xã Hoàng Văn Thụ","Ward_Full_Alt":"Xã Hoàng Văn Thụ","Ward_Full_Upper_Alt":"XÃ HOÀNG VĂN THỤ","Ward_Type":"Xã","Province_Code":"20","Province":"Lạng Sơn","Province_Upper_Alt":"LẠNG SƠN"},"geometry":{"type":"MultiPolygon","coordinates":[[[[106.67381,22.04245],[106.67629,22.0433],[106.67909,22.04355],[106.68308,22.04276],[106.6844,22.0432],[106.68544,22.04273],[106.68619,22.04335],[106.68671,22.04338],[106.6887,22.04265],[106.68921,22.04321],[106.68932,22.04396],[106.69179,22.04453],[106.6936,22.0446],[106.6949,22.04425],[106.69574,22.04476],[106.69698,22.04491],[106.697,22.04411],[106.69745,22.0433],[106.69906,22.04165],[106.70222,22.04083],[106.70493,22.0394],[106.70596,22.03851],[106.70486,22.0374],[106.70597,22.03566],[106.70586,22.03278],[106.70626,22.0318],[106.7075,22.03154],[106.7073,22.02988],[106.70843,22.02953],[106.70885,22.02875],[106.70826,22.02674],[106.70881,22.02547],[106.70798,22.02538],[106.70786,22.02495],[106.70641,22.02392],[106.70466,22.0242],[106.70431,22.02366],[106.70302,22.02309],[106.70308,22.02266],[106.70236,22.02203],[106.70335,22.02028],[106.70283,22.01963],[106.70171,22.01954],[106.70093,22.01901],[106.69979,22.0153],[106.69866,22.01461],[106.69706,22.01435],[106.69589,22.01451],[106.69536,22.01356],[106.6945,22.01311],[106.69023,22.00927],[106.68904,22.0086],[106.68934,22.0079],[106.68919,22.00742],[106.68713,22.00698],[106.6866,22.00651],[106.68645,22.00535],[106.68503,22.0053],[106.68432,22.00437],[106.68335,22.004],[106.68251,22.00092],[106.6833,22.00071],[106.68421,21.99938],[106.68316,21.99673],[106.68386,21.99497],[106.68324,21.99336],[106.68322,21.99273],[106.68378,21.99197],[106.68317,21.98771],[106.68326,21.98537],[106.68503,21.9818],[106.68548,21.9815],[106.6857,21.98045],[106.68728,21.97875],[106.68948,21.97794],[106.69167,21.97523],[106.69143,21.97406],[106.69194,21.97318],[106.69475,21.97309],[106.69494,21.9718],[106.69389,21.97112],[106.69426,21.96929],[106.69218,21.96817],[106.69219,21.96719],[106.69108,21.96654],[106.69086,21.96596],[106.69118,21.96401],[106.69238,21.964],[106.6932,21.96464],[106.69427,21.9646],[106.69421,21.96291],[106.6947,21.96218],[106.69403,21.96222],[106.69359,21.96189],[106.69365,21.96085],[106.69247,21.95929],[106.69311,21.95878],[106.69227,21.957],[106.69269,21.95649],[106.69252,21.95618],[106.69431,21.95392],[106.69174,21.95272],[106.69263,21.95176],[106.69119,21.95102],[106.6915,21.95019],[106.69083,21.94881],[106.68855,21.95008],[106.68659,21.95044],[106.68589,21.95117],[106.68423,21.95154],[106.68244,21.95302],[106.68159,21.95149],[106.67946,21.95061],[106.67913,21.94989],[106.67809,21.9499],[106.67772,21.94844],[106.67542,21.94828],[106.67311,21.94574],[106.67355,21.94416],[106.67341,21.94325],[106.67408,21.94201],[106.6742,21.94054],[106.67396,21.93976],[106.67314,21.93922],[106.6725,21.93939],[106.67078,21.93861],[106.6705,21.93971],[106.66948,21.94077],[106.66776,21.93983],[106.66564,21.94073],[106.66448,21.94006],[106.66245,21.9402],[106.65962,21.93975],[106.66031,21.93805],[106.66135,21.93656],[106.66256,21.93598],[106.66193,21.93579],[106.66052,21.93426],[106.65912,21.93412],[106.65723,21.93306],[106.65663,21.93236],[106.65756,21.93223],[106.66056,21.93309],[106.66129,21.93023],[106.65962,21.92668],[106.65987,21.92583],[106.66049,21.9259],[106.66128,21.92543],[106.66123,21.9252],[106.66046,21.92403],[106.66042,21.92309],[106.65621,21.92157],[106.65532,21.92001],[106.65273,21.91944],[106.65287,21.92018],[106.65244,21.92169],[106.6518,21.92185],[106.64866,21.91892],[106.65002,21.91698],[106.64974,21.91522],[106.6482,21.91371],[106.64918,21.91264],[106.64872,21.91085],[106.64959,21.90954],[106.64973,21.90869],[106.6496,21.90797],[106.64879,21.90748],[106.64939,21.9071],[106.64955,21.9066],[106.6494,21.9049],[106.64862,21.90436],[106.6487,21.90064],[106.64776,21.89987],[106.64576,21.89989],[106.64538,21.90069],[106.6437,21.90163],[106.64118,21.90522],[106.63999,21.90615],[106.63848,21.90464],[106.63756,21.90432],[106.63481,21.90043],[106.63378,21.90072],[106.63352,21.9004],[106.6326,21.90026],[106.63201,21.8995],[106.63141,21.89995],[106.63071,21.89914],[106.62994,21.89738],[106.62895,21.89662],[106.6287,21.89303],[106.62922,21.89241],[106.62866,21.89226],[106.62851,21.89105],[106.62768,21.89083],[106.62694,21.89017],[106.62553,21.88773],[106.62326,21.88668],[106.62483,21.88561],[106.62578,21.8841],[106.62593,21.88305],[106.62257,21.88099],[106.6213,21.88084],[106.62023,21.88418],[106.62006,21.8861],[106.61896,21.88934],[106.61773,21.89092],[106.61632,21.892],[106.61336,21.89092],[106.60675,21.88656],[106.60568,21.88617],[106.60465,21.8863],[106.6036,21.88816],[106.60415,21.89162],[106.60294,21.89229],[106.60204,21.89406],[106.60286,21.89669],[106.60271,21.89806],[106.60162,21.89901],[106.60019,21.90112],[106.60031,21.90325],[106.5994,21.90522],[106.59774,21.90697],[106.59596,21.90958],[106.59656,21.91101],[106.60075,21.91473],[106.6012,21.91558],[106.60123,21.91878],[106.60092,21.91988],[106.59987,21.92112],[106.59975,21.92177],[106.60075,21.92364],[106.60195,21.92708],[106.60307,21.92858],[106.60307,21.93248],[106.60171,21.93732],[106.60025,21.93998],[106.59996,21.94248],[106.59933,21.94282],[106.59452,21.9419],[106.59402,21.94381],[106.59455,21.94601],[106.59555,21.94822],[106.5986,21.95129],[106.6034,21.95138],[106.60428,21.95168],[106.60543,21.95264],[106.60648,21.95484],[106.60641,21.9554],[106.60224,21.95925],[106.60178,21.96002],[106.60172,21.96086],[106.60438,21.96239],[106.60633,21.96304],[106.61014,21.96656],[106.61077,21.96798],[106.61058,21.96884],[106.60978,21.9695],[106.6078,21.96981],[106.60618,21.96918],[106.60441,21.96963],[106.60364,21.97052],[106.60217,21.9712],[106.5996,21.97323],[106.59962,21.97536],[106.5983,21.97904],[106.59748,21.98636],[106.59767,21.98654],[106.60034,21.985],[106.60135,21.98577],[106.60316,21.98504],[106.60356,21.98525],[106.6038,21.98595],[106.6049,21.98591],[106.60572,21.98628],[106.60668,21.98596],[106.60924,21.98637],[106.61052,21.9873],[106.61258,21.98766],[106.61303,21.98862],[106.61229,21.99022],[106.61115,21.99107],[106.61127,21.99218],[106.61502,21.99552],[106.61531,21.99703],[106.6171,21.99721],[106.61836,21.99828],[106.61931,21.99991],[106.61901,22.00232],[106.6202,22.00353],[106.6206,22.00443],[106.62141,22.00472],[106.62282,22.00452],[106.62371,22.00266],[106.62461,22.00153],[106.6249,22.00161],[106.6276,22.00585],[106.62722,22.00664],[106.62743,22.00806],[106.62785,22.0085],[106.62751,22.00896],[106.62789,22.00994],[106.62708,22.01092],[106.62719,22.01163],[106.62875,22.01252],[106.62936,22.01326],[106.63087,22.01385],[106.63227,22.01363],[106.63266,22.01473],[106.6341,22.01473],[106.63492,22.01539],[106.63607,22.01527],[106.6367,22.01648],[106.63743,22.01701],[106.63786,22.01627],[106.63922,22.01563],[106.64231,22.01715],[106.64319,22.01673],[106.64343,22.01597],[106.64395,22.01558],[106.6461,22.01592],[106.64783,22.01681],[106.64939,22.01609],[106.64998,22.01655],[106.65054,22.01732],[106.64944,22.01799],[106.64911,22.01859],[106.64877,22.02059],[106.64789,22.02183],[106.64766,22.02427],[106.6463,22.0249],[106.64538,22.02623],[106.64607,22.02707],[106.64549,22.02828],[106.64547,22.03141],[106.64514,22.0324],[106.64564,22.03312],[106.64756,22.03389],[106.64763,22.03445],[106.65086,22.0382],[106.65283,22.03924],[106.65285,22.03996],[106.65239,22.04041],[106.65213,22.0416],[106.65245,22.04257],[106.65452,22.04442],[106.65477,22.04763],[106.65435,22.04836],[106.65586,22.04924],[106.65776,22.04867],[106.6607,22.04965],[106.6638,22.04961],[106.66859,22.04626],[106.66945,22.04632],[106.66994,22.04563],[106.67104,22.04553],[106.67168,22.04318],[106.67381,22.04245]]]]}},
{"type":"Feature","id":"06184","properties":{"Ward_Code":"06184","Ward_Code_Num":6184,"Ward":"Đồng Đăng","Ward_Alt":"Đồng Đăng","Ward_Upper":"ĐỒNG ĐĂNG","Ward_Full":"Xã Đồng Đăng","Ward_Full_Alt":"Xã Đồng Đăng","Ward_Full_Upper_Alt":"XÃ ĐỒNG ĐĂNG","Ward_Type":"Xã","Province_Code":"20","Province":"Lạng Sơn","Province_Upper_Alt":"LẠNG SƠN"},"geometry":{"type":"MultiPolygon","coordinates":[[[[106.76695,22.01256],[106.76849,22.0122],[106.76934,22.01253],[106.76984,22.01132],[106.77105,22.01141],[106.77258,22.01028],[106.77345,22.00915],[106.77421,22.00922],[106.77522,22.00882],[106.77684,22.00655],[106.7779,22.00592],[106.77839,22.00457],[106.78227,22.00329],[106.78347,22.00405],[106.78439,22.00396],[106.78764,21.99702],[106.78784,21.99321],[106.78845,21.99298],[106.78881,21.99179],[106.78861,21.99106],[106.78791,21.99063],[106.78949,21.98932],[106.79034,21.98929],[106.79115,21.98986],[106.79108,21.99078],[106.79269,21.99284],[106.79573,21.99305],[106.79648,21.99181],[106.79597,21.99119],[106.7973,21.99087],[106.79782,21.99025],[106.79693,21.9883],[106.79702,21.98508],[106.79583,21.98542],[106.79385,21.98521],[106.79251,21.98562],[106.78977,21.98491],[106.78815,21.98537],[106.7873,21.98519],[106.787,21.98432],[106.78778,21.98377],[106.78716,21.98222],[106.78296,21.97815],[106.78413,21.97648],[106.78401,21.97625],[106.78208,21.97311],[106.78099,21.9726],[106.77972,21.97094],[106.77781,21.96968],[106.77712,21.96941],[106.77708,21.96986],[106.77589,21.9706],[106.77585,21.97153],[106.77196,21.97385],[106.76914,21.97205],[106.76835,21.97119],[106.76702,21.97124],[106.76568,21.97087],[106.76644,21.96901],[106.76596,21.96813],[106.76486,21.96746],[106.76475,21.96604],[106.76392,21.96532],[106.76311,21.96246],[106.76153,21.96156],[106.76026,21.95826],[106.76026,21.95693],[106.75963,21.95682],[106.75858,21.95554],[106.75646,21.95409],[106.75458,21.95334],[106.75284,21.95326],[106.75048,21.94951],[106.74979,21.94648],[106.74876,21.94619],[106.74712,21.94646],[106.74672,21.94593],[106.74595,21.94589],[106.74427,21.94504],[106.7429,21.94505],[106.74205,21.94544],[106.7413,21.9451],[106.74162,21.94232],[106.74235,21.94037],[106.74167,21.93971],[106.74113,21.93832],[106.73941,21.93738],[106.73726,21.93478],[106.73823,21.93428],[106.73965,21.93091],[106.73923,21.92889],[106.73974,21.92808],[106.73927,21.92738],[106.7387,21.92424],[106.73756,21.92383],[106.73643,21.92279],[106.73565,21.9207],[106.73626,21.91887],[106.73539,21.91828],[106.73484,21.91657],[106.73552,21.91577],[106.73468,21.91455],[106.73422,21.91293],[106.73538,21.91012],[106.73473,21.90973],[106.7348,21.90925],[106.73357,21.9076],[106.73291,21.90556],[106.73256,21.90552],[106.73293,21.90276],[106.73404,21.90254],[106.73453,21.90094],[106.733,21.8994],[106.73255,21.89982],[106.73235,21.89856],[106.73083,21.89874],[106.7293,21.89722],[106.73072,21.89725],[106.73129,21.89641],[106.73233,21.89586],[106.7324,21.89467],[106.73142,21.89369],[106.73127,21.89309],[106.7303,21.89285],[106.73055,21.89137],[106.72972,21.89098],[106.72858,21.88956],[106.72838,21.88802],[106.7287,21.88689],[106.72717,21.88617],[106.72698,21.88523],[106.72587,21.88386],[106.72417,21.88346],[106.72348,21.88289],[106.72031,21.88337],[106.71958,21.88287],[106.71844,21.8833],[106.71846,21.88436],[106.71619,21.88804],[106.71365,21.88912],[106.70948,21.88843],[106.70696,21.88751],[106.70643,21.887],[106.70503,21.88679],[106.70431,21.88619],[106.7014,21.88504],[106.69872,21.88606],[106.69752,21.88696],[106.69662,21.8883],[106.6946,21.88858],[106.69456,21.88952],[106.69398,21.89083],[106.69304,21.89165],[106.69258,21.89034],[106.6903,21.88949],[106.68855,21.88965],[106.68679,21.89094],[106.6865,21.89064],[106.6866,21.88971],[106.68579,21.88822],[106.68202,21.88813],[106.68078,21.88747],[106.67984,21.88649],[106.6784,21.88713],[106.6765,21.88692],[106.67625,21.88492],[106.67328,21.88501],[106.67336,21.88934],[106.67291,21.89195],[106.67178,21.89293],[106.67156,21.89346],[106.67174,21.89444],[106.67113,21.89578],[106.66954,21.89636],[106.66967,21.89821],[106.66929,21.89895],[106.66758,21.89958],[106.66839,21.90337],[106.66674,21.90494],[106.6657,21.90462],[106.66487,21.90508],[106.66378,21.90678],[106.66422,21.90824],[106.66528,21.9098],[106.66422,21.91115],[106.66322,21.91149],[106.66396,21.9129],[106.66345,21.9137],[106.66376,21.91541],[106.66441,21.91536],[106.66444,21.91626],[106.66596,21.91746],[106.66565,21.91984],[106.66538,21.92033],[106.66402,21.92119],[106.66042,21.92309],[106.66046,21.92403],[106.66128,21.92543],[106.66049,21.9259],[106.65987,21.92583],[106.65962,21.92668],[106.66129,21.93023],[106.66056,21.93309],[106.65756,21.93223],[106.65663,21.93236],[106.65723,21.93306],[106.65912,21.93412],[106.66052,21.93426],[106.66193,21.93579],[106.66256,21.93598],[106.66135,21.93656],[106.66031,21.93805],[106.65962,21.93975],[106.66245,21.9402],[106.66448,21.94006],[106.66564,21.94073],[106.66776,21.93983],[106.66948,21.94077],[106.6705,21.93971],[106.67078,21.93861],[106.6725,21.93939],[106.67323,21.93926],[106.67396,21.93976],[106.6742,21.94054],[106.67408,21.94201],[106.67341,21.94325],[106.67355,21.94416],[106.67311,21.94574],[106.67556,21.94837],[106.67772,21.94844],[106.67809,21.9499],[106.67913,21.94989],[106.67946,21.95061],[106.68159,21.95149],[106.68244,21.95302],[106.68423,21.95154],[106.68589,21.95117],[106.68659,21.95044],[106.68855,21.95008],[106.69083,21.94881],[106.6915,21.95019],[106.69119,21.95102],[106.69263,21.95176],[106.69174,21.95272],[106.69431,21.95392],[106.69252,21.95618],[106.69269,21.95649],[106.69227,21.957],[106.69311,21.95878],[106.69247,21.95929],[106.69365,21.96085],[106.69359,21.96189],[106.696,21.96258],[106.6964,21.96239],[106.69723,21.96076],[106.69895,21.96038],[106.70112,21.96194],[106.70131,21.96271],[106.70216,21.96263],[106.70238,21.96325],[106.70174,21.96393],[106.70166,21.96462],[106.70244,21.96546],[106.70317,21.96484],[106.70389,21.96492],[106.70483,21.96607],[106.70479,21.96744],[106.70526,21.96806],[106.70789,21.97011],[106.70831,21.97011],[106.70807,21.97325],[106.70765,21.97352],[106.70771,21.97479],[106.71092,21.97377],[106.71244,21.97378],[106.71264,21.97228],[106.71603,21.97223],[106.71687,21.97409],[106.7178,21.97438],[106.71865,21.97414],[106.72016,21.97486],[106.72294,21.9789],[106.72495,21.98112],[106.72694,21.98154],[106.72839,21.98533],[106.72834,21.98758],[106.72872,21.98889],[106.72813,21.99004],[106.7287,21.99252],[106.73219,21.99734],[106.73464,21.99979],[106.73718,22.00009],[106.73694,22.0009],[106.73743,22.00312],[106.73626,22.00759],[106.7381,22.00742],[106.74078,22.00834],[106.74198,22.00841],[106.74357,22.00771],[106.74388,22.00824],[106.74527,22.00849],[106.74947,22.00859],[106.75071,22.00912],[106.75189,22.01017],[106.75304,22.0101],[106.75387,22.01076],[106.75495,22.01052],[106.75601,22.01217],[106.75755,22.01219],[106.75861,22.01279],[106.76015,22.01222],[106.7624,22.01221],[106.76317,22.01163],[106.76484,22.01324],[106.76564,22.0127],[106.76695,22.01256]]]]}},
{"type":"Feature","id":"06187","properties":{"Ward_Code":"06187","Ward_Code_Num":6187,"Ward":"Kỳ Lừa","Ward_Alt":"Kỳ Lừa","Ward_Upper":"KỲ LỪA","Ward_Full":"Phường Kỳ Lừa","Ward_Full_Alt":"Phường Kỳ Lừa","Ward_Full_Upper_Alt":"PHƯỜNG KỲ LỪA","Ward_Type":"Phường","Province_Code":"20","Province":"Lạng Sơn","Province_Upper_Alt":"LẠNG SƠN"},"geometry":{"type":"MultiPolygon","coordinates":[[[[106.7703,21.89916],[106.77224,21.89973],[106.7736,21.89953],[106.77415,21.89915],[106.77506,21.89925],[106.77569,21.89873],[106.77633,21.89717],[106.77617,21.89493],[106.77525,21.89352],[106.77538,21.89289],[106.77499,21.89232],[106.7755,21.89147],[106.77655,21.89057],[106.77922,21.89053],[106.78021,21.89007],[106.78097,21.88922],[106.78263,21.88914],[106.78309,21.88589],[106.78431,21.88415],[106.78346,21.88362],[106.78323,21.88302],[106.78487,21.88026],[106.78407,21.87838],[106.78574,21.87699],[106.78604,21.87603],[106.78577,21.87543],[106.78488,21.87515],[106.78519,21.87444],[106.78516,21.87146],[106.78863,21.86971],[106.78884,21.86844],[106.79004,21.86829],[106.79094,21.86777],[106.79187,21.86619],[106.79307,21.86581],[106.79448,21.86474],[106.79614,21.86474],[106.79812,21.86382],[106.7996,21.86187],[106.80044,21.86247],[106.80321,21.86215],[106.80599,21.86298],[106.80641,21.8635],[106.80607,21.86474],[106.80675,21.86527],[106.80876,21.86502],[106.8091,21.86532],[106.80949,21.86512],[106.80954,21.86547],[106.80985,21.86525],[106.81208,21.86553],[106.81334,21.86598],[106.81452,21.86736],[106.81513,21.86716],[106.81587,21.86806],[106.81729,21.87093],[106.81789,21.87143],[106.81785,21.87212],[106.81843,21.87305],[106.81916,21.8733],[106.81992,21.87426],[106.82063,21.87436],[106.82127,21.87502],[106.82108,21.87586],[106.8214,21.87645],[106.82273,21.87628],[106.82311,21.87681],[106.82371,21.87676],[106.82494,21.878],[106.82498,21.87865],[106.82592,21.87913],[106.82707,21.87904],[106.82754,21.88024],[106.82839,21.8806],[106.82879,21.87938],[106.8331,21.87727],[106.83416,21.87614],[106.83406,21.87548],[106.83481,21.87482],[106.83307,21.8716],[106.8336,21.8701],[106.83506,21.86899],[106.83572,21.86884],[106.83637,21.8691],[106.83716,21.86866],[106.83873,21.86596],[106.83879,21.86477],[106.84084,21.86414],[106.84154,21.8634],[106.84233,21.86167],[106.84225,21.86062],[106.84182,21.86027],[106.84179,21.85803],[106.84602,21.85843],[106.8469,21.8583],[106.84684,21.8575],[106.85226,21.85822],[106.85296,21.85767],[106.85423,21.85803],[106.85643,21.8573],[106.8592,21.85772],[106.86052,21.85843],[106.8611,21.85719],[106.86606,21.85458],[106.86762,21.85355],[106.86826,21.85271],[106.87189,21.8514],[106.87358,21.85025],[106.87434,21.8494],[106.87464,21.84846],[106.87518,21.84847],[106.87573,21.84802],[106.87531,21.8476],[106.87497,21.84782],[106.87339,21.84709],[106.87159,21.84491],[106.86737,21.84202],[106.86548,21.8375],[106.86427,21.83682],[106.86469,21.83578],[106.86405,21.83434],[106.86412,21.83324],[106.86227,21.83292],[106.86009,21.83036],[106.85939,21.83005],[106.85737,21.8301],[106.85752,21.82872],[106.85668,21.82854],[106.85665,21.82649],[106.8559,21.82512],[106.85625,21.82415],[106.85483,21.82305],[106.85511,21.8211],[106.85289,21.81994],[106.85147,21.82037],[106.85041,21.81975],[106.84849,21.81486],[106.84745,21.81422],[106.84707,21.81362],[106.84606,21.81369],[106.84514,21.8118],[106.84463,21.81147],[106.8459,21.81086],[106.84714,21.8082],[106.84695,21.80416],[106.84642,21.80285],[106.84515,21.80161],[106.84226,21.79969],[106.84216,21.7975],[106.84143,21.79719],[106.83968,21.79727],[106.83975,21.79635],[106.8395,21.79614],[106.83896,21.79634],[106.83848,21.79414],[106.83712,21.79448],[106.83528,21.79384],[106.83522,21.7926],[106.83465,21.79177],[106.8349,21.79166],[106.83454,21.79089],[106.83363,21.79102],[106.83291,21.79057],[106.83301,21.78917],[106.83201,21.78882],[106.83114,21.78734],[106.8309,21.78639],[106.83029,21.78578],[106.83045,21.78469],[106.82967,21.78425],[106.82849,21.78436],[106.82679,21.7834],[106.82594,21.78227],[106.82617,21.78142],[106.82313,21.78321],[106.82277,21.78414],[106.82339,21.78454],[106.82372,21.78579],[106.82249,21.78713],[106.82228,21.79281],[106.82208,21.79362],[106.82133,21.79435],[106.82045,21.79604],[106.8178,21.79754],[106.81644,21.79699],[106.81547,21.79605],[106.81243,21.79648],[106.80966,21.79747],[106.80804,21.7966],[106.80599,21.79806],[106.80575,21.79935],[106.80533,21.79988],[106.8055,21.80218],[106.80444,21.80712],[106.80569,21.80852],[106.80659,21.80854],[106.80592,21.80875],[106.80529,21.80966],[106.80407,21.8124],[106.80386,21.8136],[106.80211,21.81544],[106.80082,21.81738],[106.79969,21.81795],[106.79976,21.81906],[106.79941,21.82012],[106.79836,21.82015],[106.79634,21.82132],[106.79453,21.82289],[106.79486,21.82434],[106.79444,21.82608],[106.79507,21.82709],[106.79156,21.82827],[106.79193,21.8285],[106.79205,21.82948],[106.79331,21.82963],[106.79468,21.83043],[106.79829,21.83507],[106.79979,21.83577],[106.79977,21.83718],[106.80013,21.83783],[106.79999,21.84039],[106.80107,21.84103],[106.79928,21.841919999999998],[106.79873,21.84364],[106.7996,21.84542],[106.79881,21.84617],[106.79868,21.84677],[106.7964,21.84826],[106.79605,21.84917],[106.79341,21.84952],[106.79322,21.85057],[106.79361,21.85143],[106.79333,21.85246],[106.7924,21.85293],[106.79121,21.8525],[106.78986,21.85358],[106.78873,21.85266],[106.78795,21.85134],[106.78676,21.85093],[106.7857,21.84995],[106.78482,21.85028],[106.78406,21.8499],[106.78374,21.84868],[106.78268,21.84892],[106.78213,21.84872],[106.78148,21.84935],[106.78102,21.85155],[106.77899,21.85242],[106.77853,21.85314],[106.77852,21.8539],[106.77797,21.85441],[106.77683,21.85692],[106.77518,21.85662],[106.77525,21.85724],[106.77491,21.8573],[106.77492,21.85778],[106.77631,21.85832],[106.77666,21.85893],[106.77789,21.85975],[106.77778,21.85999],[106.77669,21.85996],[106.7764,21.86056],[106.7754,21.86043],[106.77616,21.86082],[106.77707,21.8621],[106.77774,21.86248],[106.77774,21.86273],[106.7767,21.86318],[106.7758,21.86266],[106.77557,21.86217],[106.77372,21.86164],[106.7722,21.86062],[106.77131,21.85925],[106.77094,21.85669],[106.76872,21.8568],[106.76841,21.85705],[106.76576,21.86214],[106.7623,21.86054],[106.76247,21.85953],[106.76298,21.85979],[106.76326,21.85932],[106.76283,21.85722],[106.7621,21.8563],[106.76045,21.85646],[106.75836,21.85554],[106.75774,21.85446],[106.75784,21.85318],[106.7573,21.85255],[106.75659,21.85487],[106.75589,21.86089],[106.75418,21.86194],[106.75399,21.86242],[106.75517,21.86757],[106.75492,21.87069],[106.75955,21.87075],[106.75874,21.87201],[106.76007,21.87279],[106.75769,21.87505],[106.75574,21.87379],[106.75538,21.87538],[106.75413,21.87659],[106.7543,21.87716],[106.75487,21.87716],[106.75509,21.87751],[106.75436,21.87818],[106.75548,21.87878],[106.75649,21.88027],[106.75598,21.88065],[106.75714,21.88171],[106.75676,21.88245],[106.75765,21.88293],[106.7581,21.88394],[106.75899,21.88436],[106.75912,21.88515],[106.75872,21.88554],[106.76169,21.88665],[106.76158,21.8872],[106.76212,21.88763],[106.76274,21.88758],[106.76364,21.88817],[106.76281,21.88884],[106.76338,21.88946],[106.76389,21.89111],[106.76349,21.89146],[106.76247,21.89148],[106.76225,21.89246],[106.76386,21.89332],[106.76319,21.89458],[106.76364,21.89511],[106.76567,21.89534],[106.76601,21.89635],[106.76672,21.89696],[106.76864,21.89742],[106.76744,21.8988],[106.76799,21.89993],[106.7703,21.89916]]]]}},
{"type":"Feature","id":"06196","properties":{"Ward_Code":"06196","Ward_Code_Num":6196,"Ward":"Ba Sơn","Ward_Alt":"Ba Sơn","Ward_Upper":"BA SƠN","Ward_Full":"Xã Ba Sơn","Ward_Full_Alt":"Xã Ba Sơn","Ward_Full_Upper_Alt":"XÃ BA SƠN","Ward_Type":"Xã","Province_Code":"20","Province":"Lạng Sơn","Province_Upper_Alt":"LẠNG SƠN"},"geometry":{"type":"MultiPolygon","coordinates":[[[[106.89342,21.97636],[106.89475,21.97558],[106.8962,21.97614],[106.89726,21.97581],[106.90192,21.97221],[106.90366,21.97162],[106.90739,21.9724],[106.91021,21.97403],[106.91125,21.97511],[106.91356,21.97597],[106.91517,21.9754],[106.91633,21.97558],[106.9186,21.97426],[106.91941,21.97322],[106.91996,21.97172],[106.92003,21.96956],[106.92084,21.96867],[106.92129,21.96758],[106.92314,21.96572],[106.92413,21.9628],[106.92366,21.96052],[106.92411,21.95884],[106.92279,21.95622],[106.92186,21.9556],[106.92116,21.95441],[106.92299,21.95264],[106.92316,21.95123],[106.92445,21.94907],[106.92461,21.94725],[106.92707,21.94573],[106.92826,21.94324],[106.92828,21.94247],[106.92951,21.94154],[106.92918,21.93743],[106.92987,21.9366],[106.93043,21.93485],[106.92982,21.93334],[106.93008,21.93264],[106.92955,21.93125],[106.92986,21.93089],[106.93264,21.9302],[106.9335,21.92961],[106.93624,21.93074],[106.93954,21.93068],[106.94075,21.93113],[106.94161,21.93197],[106.94268,21.93203],[106.94351,21.93158],[106.94558,21.93237],[106.94664,21.93234],[106.94708,21.93148],[106.94856,21.93094],[106.95188,21.93143],[106.95268,21.93084],[106.95367,21.93071],[106.95413,21.92947],[106.95392,21.92792],[106.95428,21.92723],[106.95339,21.92444],[106.95504,21.92301],[106.95688,21.92304],[106.95852,21.92236],[106.95862,21.92186],[106.96066,21.91976],[106.96095,21.91907],[106.96369,21.91997],[106.96394,21.9211],[106.96476,21.92184],[106.96483,21.92271],[106.96676,21.92356],[106.96897,21.92404],[106.97051,21.92287],[106.97163,21.92274],[106.9766,21.9258],[106.97883,21.92623],[106.97949,21.92666],[106.98115,21.93162],[106.98506,21.93606],[106.9837,21.93863],[106.98626,21.9412],[106.98786,21.9417],[106.98915,21.94259],[106.98768,21.94534],[106.98771,21.94792],[106.99044,21.95104],[106.99121,21.9515],[106.99228,21.95178],[106.99372,21.9485],[106.9962,21.94764],[106.99784,21.9463],[106.9994,21.94587],[107.00049,21.94437],[107.00332,21.94501],[107.00666,21.94674],[107.00866,21.94616],[107.00949,21.94549],[107.01085,21.94556],[107.01199,21.94492],[107.01353,21.94582],[107.01537,21.94634],[107.01723,21.94626],[107.01965,21.94526],[107.02026,21.94395],[107.02297,21.94418],[107.02412,21.94497],[107.02461,21.94298],[107.02335,21.94006],[107.02587,21.93778],[107.02846,21.93685],[107.03028,21.93656],[107.03273,21.93825],[107.03462,21.93722],[107.03522,21.93603],[107.03644,21.93493],[107.03714,21.9337],[107.0371,21.93294],[107.03894,21.9308],[107.04224,21.93062],[107.04363,21.93026],[107.045,21.92939],[107.04738,21.92959],[107.04788,21.93006],[107.04951,21.92829],[107.0491,21.92748],[107.04993,21.92657],[107.05024,21.92494],[107.05189,21.92387],[107.05233,21.9229],[107.05388,21.92223],[107.05499,21.92098],[107.05577,21.91825],[107.05803,21.91559],[107.05838,21.91436],[107.05747,21.91358],[107.05638,21.91339],[107.05658,21.91132],[107.0572,21.91029],[107.05996,21.90878],[107.05957,21.90665],[107.05888,21.9057],[107.05914,21.90402],[107.06004,21.90182],[107.06068,21.901],[107.06148,21.90085],[107.06119,21.89993],[107.0616,21.8988],[107.06316,21.89669],[107.06283,21.89371],[107.05869,21.8916],[107.0572,21.88984],[107.05728,21.88908],[107.05512,21.88418],[107.05395,21.8837],[107.05369,21.88304],[107.05218,21.88243],[107.05008,21.88101],[107.04956,21.88028],[107.04787,21.87975],[107.04708,21.88051],[107.04483,21.8805],[107.04326,21.88006],[107.04272,21.87907],[107.0408,21.8792],[107.03896,21.87756],[107.03837,21.87604],[107.03594,21.8752],[107.032,21.86942],[107.03076,21.86901],[107.02880999999999,21.86739],[107.02667,21.86625],[107.02598,21.86525],[107.02484,21.86513],[107.024,21.86582],[107.02331,21.86582],[107.0209,21.86486],[107.02009,21.86359],[107.01812,21.86397],[107.01736,21.86319],[107.01692,21.86186],[107.01388,21.85845],[107.01327,21.85519],[107.00924,21.8521],[107.0088,21.85122],[107.00625,21.84905],[107.00515,21.84661],[107.00424,21.84671],[107.00329,21.84497],[107.00272,21.84452],[107.00109,21.8441],[106.99987,21.84438],[106.99895,21.8452],[106.99862,21.84426],[106.99804,21.8442],[106.99764,21.84358],[106.99663,21.84369],[106.99516,21.84273],[106.99438,21.84291],[106.99325,21.8446],[106.9915,21.84463],[106.99086,21.84426],[106.99083,21.84378],[106.98915,21.84384],[106.98456,21.84193],[106.98277,21.84458],[106.9809,21.84277],[106.97993,21.84291],[106.97947,21.84407],[106.97688,21.84235],[106.97454,21.84231],[106.97121,21.83892],[106.97013,21.83849],[106.96954,21.83865],[106.96856,21.83837],[106.9665,21.83669],[106.96458,21.83674],[106.96144,21.83557],[106.9597,21.83707],[106.95779,21.83782],[106.95766,21.83846],[106.95702,21.83873],[106.95451,21.8394],[106.95302,21.83897],[106.95119,21.84094],[106.95013,21.84274],[106.94921,21.84231],[106.94884,21.84262],[106.94879,21.84372],[106.94935,21.84477],[106.95087,21.84536],[106.95062,21.84621],[106.95149,21.84758],[106.95093,21.84851],[106.95173,21.84916],[106.95244,21.84918],[106.9533,21.85126],[106.95324,21.85208],[106.95423,21.85344],[106.954,21.85416],[106.95492,21.85483],[106.95559,21.85586],[106.95519,21.8567],[106.95631,21.85833],[106.95738,21.86115],[106.95597,21.86308],[106.95523,21.86321],[106.95337,21.86482],[106.95083,21.8652],[106.94619,21.86758],[106.94308,21.87077],[106.94426,21.87312],[106.94477,21.87352],[106.9443,21.87496],[106.94493,21.87524],[106.94551,21.87644],[106.94632,21.87682],[106.94491,21.87695],[106.94484,21.87789],[106.94538,21.87843],[106.9448,21.87867],[106.94477,21.87898],[106.94822,21.87936],[106.9478,21.88017],[106.94679,21.87976],[106.94624,21.88041],[106.94735,21.8814],[106.94739,21.88222],[106.94783,21.88273],[106.94696,21.88303],[106.94705,21.88368],[106.94607,21.88562],[106.94528,21.88473],[106.94318,21.88338],[106.94176,21.8835],[106.94076,21.88272],[106.93596,21.88293],[106.9337,21.88262],[106.93112,21.88399],[106.92918,21.88558],[106.92808,21.88722],[106.92727,21.88754],[106.92596,21.88949],[106.92261,21.89159],[106.92177,21.89107],[106.92038,21.89105],[106.91834,21.88967],[106.91542,21.88868],[106.91334,21.88706],[106.91235,21.88739],[106.90952,21.88663],[106.90906,21.88459],[106.90677,21.88518],[106.90394,21.88493],[106.89945,21.88573],[106.89797,21.8856],[106.89544,21.88738],[106.89372,21.89188],[106.89428,21.8929],[106.89417,21.89331],[106.89164,21.89546],[106.89094,21.8956],[106.88998,21.89694],[106.8887,21.89642],[106.88682,21.89716],[106.88496,21.8994],[106.88553,21.90206],[106.88487,21.90235],[106.88423,21.902],[106.88322,21.9021],[106.88365,21.90341],[106.8833,21.904],[106.88225,21.90427],[106.88265,21.90536],[106.88204,21.906],[106.8824,21.9073],[106.88175,21.90866],[106.88025,21.90916],[106.87984,21.91001],[106.87902,21.90934],[106.87825,21.90931],[106.87719,21.91051],[106.87699,21.9133],[106.87756,21.91349],[106.87953,21.91241],[106.88093,21.9125],[106.88054,21.91388],[106.88128,21.91497],[106.88044,21.91506],[106.88041,21.91539],[106.88132,21.91621],[106.88259,21.91674],[106.88176,21.91737],[106.87948,21.91758],[106.87748,21.91929],[106.87487,21.91957],[106.87405,21.92037],[106.87389,21.9218],[106.8727,21.92545],[106.87353,21.92692],[106.87216,21.93414],[106.87324,21.93506],[106.87338,21.93554],[106.87353,21.93676],[106.87292,21.93853],[106.8747,21.94022],[106.87639,21.94048],[106.87751,21.94016],[106.87844,21.94047],[106.87894,21.94116],[106.8796,21.9413],[106.87927,21.94343],[106.87991,21.94334],[106.88001,21.94422],[106.88085,21.94498],[106.88229,21.94592],[106.88275,21.94564],[106.88425,21.94571],[106.88503,21.94622],[106.88498,21.94712],[106.8835,21.94888],[106.8828,21.95051],[106.88334,21.95147],[106.88368,21.95466],[106.88415,21.95563],[106.88507,21.9598],[106.88666,21.95971],[106.88683,21.96138],[106.88614,21.96232],[106.88556,21.96468],[106.8872,21.96707],[106.88721,21.96835],[106.88873,21.96865],[106.88982,21.96938],[106.89047,21.97445],[106.89034,21.97628],[106.89281,21.9775],[106.89279,21.9769],[106.89342,21.97636]]]]}},
{"type":"Feature","id":"06211","properties":{"Ward_Code":"06211","Ward_Code_Num":6211,"Ward":"Cao Lộc","Ward_Alt":"Cao Lộc","Ward_Upper":"CAO LỘC","Ward_Full":"Xã Cao Lộc","Ward_Full_Alt":"Xã Cao Lộc","Ward_Full_Upper_Alt":"XÃ CAO LỘC","Ward_Type":"Xã","Province_Code":"20","Province":"Lạng Sơn","Province_Upper_Alt":"LẠNG SƠN"},"geometry":{"type":"MultiPolygon","coordinates":[[[[106.79702,21.98508],[106.79975,21.98045],[106.80062,21.98075],[106.80117,21.9815],[106.80225,21.98168],[106.80411,21.98286],[106.80486,21.98144],[106.80438,21.97723],[106.80598,21.9755],[106.80885,21.97504],[106.81202,21.97341],[106.81392,21.97404],[106.81577,21.97333],[106.81717,21.97437],[106.81817,21.97449],[106.82035,21.97362],[106.8215,21.97466],[106.82354,21.97525],[106.82443,21.975],[106.82524,21.9737],[106.82586,21.97577],[106.82683,21.97602],[106.83284,21.97486],[106.83378,21.97626],[106.83272,21.97829],[106.83322,21.97976],[106.83276,21.9819],[106.83404,21.98257],[106.83464,21.98365],[106.83722,21.98391],[106.83832,21.98371],[106.83983,21.98419],[106.84078,21.98374],[106.84455,21.98041],[106.84658,21.97968],[106.84833,21.98027],[106.84963,21.9818],[106.85305,21.98263],[106.85586,21.98161],[106.85684,21.98082],[106.86111,21.98388],[106.86215,21.98308],[106.8622,21.98227],[106.86283,21.98136],[106.86521,21.98159],[106.86674,21.9829],[106.86806,21.98308],[106.86925,21.98196],[106.86974,21.9809],[106.87193,21.98086],[106.87511,21.98003],[106.87585,21.98034],[106.877,21.98166],[106.88038,21.98202],[106.88102,21.98127],[106.88321,21.97992],[106.88576,21.98022],[106.88684,21.97927],[106.88759,21.97922],[106.88817,21.97878],[106.88974,21.97663],[106.89034,21.97628],[106.89025,21.97164],[106.88982,21.96938],[106.88873,21.96865],[106.88721,21.96835],[106.8872,21.96707],[106.88556,21.96468],[106.88614,21.96232],[106.88683,21.96138],[106.88666,21.95971],[106.88507,21.9598],[106.88415,21.95563],[106.88368,21.95466],[106.88334,21.95147],[106.8828,21.95051],[106.8835,21.94888],[106.88498,21.94712],[106.88503,21.94622],[106.88425,21.94571],[106.88275,21.94564],[106.88229,21.94592],[106.88085,21.94498],[106.88001,21.94422],[106.87991,21.94334],[106.87927,21.94343],[106.8796,21.9413],[106.87894,21.94116],[106.87844,21.94047],[106.87751,21.94016],[106.87639,21.94048],[106.8747,21.94022],[106.87292,21.93853],[106.87353,21.93676],[106.87338,21.93554],[106.87324,21.93506],[106.87216,21.93414],[106.87353,21.92692],[106.8727,21.92545],[106.8741,21.92026],[106.87487,21.91957],[106.87566,21.91946],[106.87515,21.91914],[106.87455,21.91778],[106.87277,21.91672],[106.87168,21.91682],[106.87064,21.91529],[106.86847,21.91496],[106.86806,21.91462],[106.86686,21.91469],[106.86606,21.91373],[106.86376,21.91315],[106.86291,21.91385],[106.86171,21.91396],[106.86113,21.91459],[106.85964,21.91447],[106.85886,21.91399],[106.85822,21.91412],[106.85839,21.91522],[106.85812,21.91554],[106.85682,21.9156],[106.8564,21.91432],[106.85533,21.9142],[106.85439,21.91456],[106.85283,21.91459],[106.85225,21.9154],[106.85044,21.91643],[106.84916,21.91639],[106.84713,21.91406],[106.84544,21.91317],[106.84583,21.91189],[106.84478,21.91113],[106.84291,21.91123],[106.8437,21.9095],[106.84365,21.90717],[106.84095,21.90699],[106.83958,21.90657],[106.83935,21.90602],[106.83784,21.90534],[106.83669,21.90308],[106.83538,21.90242],[106.83457,21.90263],[106.83167,21.90504],[106.82945,21.90427],[106.82736,21.90401],[106.82433,21.9027],[106.82197,21.90234],[106.82236,21.9014],[106.82206,21.90079],[106.82221,21.90046],[106.82129,21.89967],[106.81931,21.9003],[106.81863,21.90077],[106.81825,21.90167],[106.81623,21.90236],[106.81466,21.90355],[106.81037,21.90584],[106.81025,21.90761],[106.80953,21.90848],[106.80746,21.90952],[106.80374,21.91207],[106.80243,21.91126],[106.80141,21.91161],[106.80045,21.91139],[106.79956,21.91009],[106.79781,21.9115],[106.79627,21.91162],[106.79448,21.9129],[106.79259,21.91268],[106.7917,21.91331],[106.79086,21.9134],[106.78926,21.91307],[106.78771,21.9117],[106.78669,21.91141],[106.78751,21.90976],[106.78692,21.90611],[106.78628,21.90566],[106.785,21.90571],[106.78464,21.90526],[106.78522,21.90428],[106.78459,21.9025],[106.78502,21.90178],[106.78505,21.90048],[106.78546,21.9004],[106.78529,21.90023],[106.78409,21.8999],[106.78328,21.9001],[106.78285,21.89948],[106.78128,21.89966],[106.77824,21.89898],[106.77633,21.89717],[106.77569,21.89873],[106.77506,21.89925],[106.77415,21.89915],[106.7736,21.89953],[106.77224,21.89973],[106.77058,21.89908],[106.76799,21.89993],[106.7671,21.90079],[106.76638,21.90257],[106.76437,21.90383],[106.76342,21.90506],[106.76397,21.90611],[106.76341,21.90644],[106.76247,21.90782],[106.76165,21.90987],[106.75924,21.91129],[106.75772,21.91366],[106.75557,21.91443],[106.75476,21.91433],[106.75336,21.91537],[106.75465,21.91734],[106.75411,21.91844],[106.75401,21.91974],[106.75277,21.92177],[106.75151,21.92186],[106.75097,21.92246],[106.75024,21.9227],[106.74857,21.92261],[106.74768,21.923],[106.74655,21.92412],[106.74496,21.92467],[106.7431,21.92464],[106.7424,21.92826],[106.74004,21.92823],[106.73928,21.9288],[106.73965,21.93091],[106.73823,21.93428],[106.73726,21.93478],[106.73941,21.93738],[106.74113,21.93832],[106.74167,21.93971],[106.74235,21.94037],[106.74162,21.94232],[106.74122,21.94479],[106.74145,21.94525],[106.74205,21.94544],[106.7429,21.94505],[106.74427,21.94504],[106.74595,21.94589],[106.74672,21.94593],[106.74712,21.94646],[106.74876,21.94619],[106.74979,21.94648],[106.75048,21.94951],[106.75284,21.95326],[106.75458,21.95334],[106.75646,21.95409],[106.75858,21.95554],[106.75963,21.95682],[106.76032,21.957],[106.76026,21.95826],[106.76153,21.96156],[106.76311,21.96246],[106.76392,21.96532],[106.76475,21.96604],[106.76486,21.96746],[106.76596,21.96813],[106.76644,21.96901],[106.76568,21.97087],[106.76702,21.97124],[106.76835,21.97119],[106.76914,21.97205],[106.77196,21.97385],[106.77585,21.97153],[106.77589,21.9706],[106.77708,21.96986],[106.77712,21.96941],[106.77781,21.96968],[106.77972,21.97094],[106.78099,21.9726],[106.78208,21.97311],[106.78401,21.97625],[106.78413,21.97648],[106.78296,21.97815],[106.78716,21.98222],[106.78778,21.98377],[106.787,21.98432],[106.7873,21.98519],[106.78815,21.98537],[106.78977,21.98491],[106.79251,21.98562],[106.79385,21.98521],[106.79583,21.98542],[106.79702,21.98508]]]]}},
{"type":"Feature","id":"06220","properties":{"Ward_Code":"06220","Ward_Code_Num":6220,"Ward":"Công Sơn","Ward_Alt":"Công Sơn","Ward_Upper":"CÔNG SƠN","Ward_Full":"Xã Công Sơn","Ward_Full_Alt":"Xã Công Sơn","Ward_Full_Upper_Alt":"XÃ CÔNG SƠN","Ward_Type":"Xã","Province_Code":"20","Province":"Lạng Sơn","Province_Upper_Alt":"LẠNG SƠN"},"geometry":{"type":"MultiPolygon","coordinates":[[[[106.94868,21.8428],[106.94782,21.84356],[106.94649,21.84376],[106.94286,21.84536],[106.93916,21.84568],[106.93882,21.84649],[106.9384,21.84663],[106.93649,21.84642],[106.93101,21.84731],[106.92863,21.84691],[106.9273,21.84755],[106.92562,21.84776],[106.92291,21.84899],[106.9213,21.84866],[106.91992,21.84882],[106.91766,21.85031],[106.91635,21.85022],[106.91545,21.85127],[106.91454,21.85177],[106.91336,21.85084],[106.91215,21.85072],[106.91152,21.84982],[106.90823,21.84904],[106.90741,21.84987],[106.90499,21.84928],[106.9047,21.84827],[106.9032,21.84728],[106.90246,21.84733],[106.90169,21.84607],[106.89986,21.846],[106.89914,21.84573],[106.89888,21.84518],[106.89252,21.84499],[106.88889,21.8461],[106.88816,21.84594],[106.88597,21.84675],[106.88547,21.84668],[106.88333,21.84801],[106.87806,21.84724],[106.87464,21.84846],[106.87434,21.8494],[106.87308,21.85064],[106.8718,21.85144],[106.86816,21.85277],[106.86762,21.85355],[106.86606,21.85458],[106.8611,21.85719],[106.86052,21.85843],[106.8592,21.85772],[106.85643,21.8573],[106.85423,21.85803],[106.85296,21.85767],[106.85226,21.85822],[106.84684,21.8575],[106.8469,21.8583],[106.84602,21.85843],[106.84179,21.85803],[106.84182,21.86027],[106.84225,21.86062],[106.84233,21.86167],[106.84154,21.8634],[106.84084,21.86414],[106.83879,21.86477],[106.83873,21.86596],[106.83716,21.86866],[106.83637,21.8691],[106.83572,21.86884],[106.83506,21.86899],[106.8336,21.8701],[106.83307,21.8716],[106.83481,21.87482],[106.83406,21.87548],[106.83416,21.87614],[106.8331,21.87727],[106.82879,21.87938],[106.82839,21.8806],[106.82754,21.88024],[106.82707,21.87904],[106.82592,21.87913],[106.82498,21.87865],[106.82494,21.878],[106.82371,21.87676],[106.82311,21.87681],[106.82273,21.87628],[106.8214,21.87645],[106.82108,21.87586],[106.82127,21.87502],[106.82063,21.87436],[106.81992,21.87426],[106.81916,21.8733],[106.81843,21.87305],[106.81785,21.87212],[106.81789,21.87143],[106.81729,21.87093],[106.81587,21.86806],[106.81513,21.86716],[106.81452,21.86736],[106.81334,21.86598],[106.81208,21.86553],[106.80985,21.86525],[106.80954,21.86547],[106.80949,21.86512],[106.8091,21.86532],[106.80876,21.86502],[106.80675,21.86527],[106.80607,21.86474],[106.80641,21.8635],[106.80599,21.86298],[106.80321,21.86215],[106.80044,21.86247],[106.7996,21.86187],[106.79812,21.86382],[106.79614,21.86474],[106.79448,21.86474],[106.79307,21.86581],[106.79187,21.86619],[106.79094,21.86777],[106.79004,21.86829],[106.78884,21.86844],[106.78863,21.86971],[106.78516,21.87146],[106.78519,21.87444],[106.78488,21.87515],[106.78577,21.87543],[106.78604,21.87603],[106.78574,21.87699],[106.78407,21.87838],[106.78487,21.88026],[106.78321,21.88316],[106.78346,21.88362],[106.78424,21.8839],[106.78429,21.88433],[106.78309,21.88589],[106.78263,21.88914],[106.78097,21.88922],[106.78021,21.89007],[106.77922,21.89053],[106.77655,21.89057],[106.77501,21.89224],[106.77538,21.89289],[106.77525,21.89352],[106.77617,21.89493],[106.77633,21.89717],[106.77824,21.89898],[106.78128,21.89966],[106.78285,21.89948],[106.78328,21.9001],[106.78438,21.89992],[106.78546,21.9004],[106.78505,21.90048],[106.78502,21.90178],[106.78459,21.9025],[106.78522,21.90428],[106.78467,21.90542],[106.785,21.90571],[106.78666,21.90576],[106.78692,21.90611],[106.78751,21.90976],[106.78669,21.91141],[106.78771,21.9117],[106.78926,21.91307],[106.79131,21.9134],[106.79259,21.91268],[106.79448,21.9129],[106.79627,21.91162],[106.79781,21.9115],[106.79956,21.91009],[106.80045,21.91139],[106.80141,21.91161],[106.80243,21.91126],[106.80374,21.91207],[106.80746,21.90952],[106.80953,21.90848],[106.81025,21.90761],[106.81037,21.90584],[106.81466,21.90355],[106.81623,21.90236],[106.81825,21.90167],[106.81863,21.90077],[106.81931,21.9003],[106.82129,21.89967],[106.82221,21.90046],[106.82206,21.90079],[106.82236,21.9014],[106.82197,21.90234],[106.82433,21.9027],[106.82736,21.90401],[106.82945,21.90427],[106.83167,21.90504],[106.83457,21.90263],[106.83538,21.90242],[106.83669,21.90308],[106.83784,21.90534],[106.83935,21.90602],[106.83958,21.90657],[106.84095,21.90699],[106.84365,21.90717],[106.8437,21.9095],[106.84291,21.91123],[106.84478,21.91113],[106.84583,21.91189],[106.84544,21.91317],[106.84713,21.91406],[106.84916,21.91639],[106.85044,21.91643],[106.85225,21.9154],[106.85283,21.91459],[106.85439,21.91456],[106.85533,21.9142],[106.8564,21.91432],[106.85682,21.9156],[106.85812,21.91554],[106.85839,21.91522],[106.85822,21.91412],[106.85886,21.91399],[106.85964,21.91447],[106.86113,21.91459],[106.86171,21.91396],[106.86291,21.91385],[106.86376,21.91315],[106.86606,21.91373],[106.86686,21.91469],[106.86806,21.91462],[106.86847,21.91496],[106.87064,21.91529],[106.87168,21.91682],[106.87277,21.91672],[106.87455,21.91778],[106.87529,21.91925],[106.87714,21.91942],[106.87948,21.91758],[106.88176,21.91737],[106.88259,21.91674],[106.88132,21.91621],[106.88041,21.91539],[106.88044,21.91506],[106.88128,21.91497],[106.88054,21.91388],[106.88093,21.9125],[106.87953,21.91241],[106.87756,21.91349],[106.87699,21.9133],[106.87705,21.91092],[106.8775,21.90992],[106.87866,21.90927],[106.87984,21.91001],[106.88025,21.90916],[106.88175,21.90866],[106.8824,21.9073],[106.88204,21.906],[106.88265,21.90536],[106.88225,21.90427],[106.8833,21.904],[106.88365,21.90341],[106.88322,21.9021],[106.88423,21.902],[106.88487,21.90235],[106.88553,21.90206],[106.88496,21.8994],[106.88682,21.89716],[106.8887,21.89642],[106.88998,21.89694],[106.89094,21.8956],[106.89164,21.89546],[106.89417,21.89331],[106.89428,21.8929],[106.89372,21.89188],[106.89544,21.88738],[106.89797,21.8856],[106.89945,21.88573],[106.90394,21.88493],[106.90677,21.88518],[106.90906,21.88459],[106.90952,21.88663],[106.91235,21.88739],[106.91334,21.88706],[106.91542,21.88868],[106.91834,21.88967],[106.92038,21.89105],[106.92177,21.89107],[106.92261,21.89159],[106.92596,21.88949],[106.92727,21.88754],[106.92808,21.88722],[106.92918,21.88558],[106.93112,21.88399],[106.9337,21.88262],[106.93596,21.88293],[106.94076,21.88272],[106.94176,21.8835],[106.94318,21.88338],[106.94528,21.88473],[106.94607,21.88562],[106.94705,21.88368],[106.94696,21.88303],[106.94783,21.88273],[106.94739,21.88222],[106.94735,21.8814],[106.94624,21.88041],[106.94679,21.87976],[106.9478,21.88017],[106.94822,21.87936],[106.94477,21.87898],[106.9448,21.87867],[106.94538,21.87843],[106.94484,21.87789],[106.94491,21.87695],[106.94632,21.87682],[106.94551,21.87644],[106.94493,21.87524],[106.9443,21.87496],[106.94477,21.87352],[106.94426,21.87312],[106.94308,21.87077],[106.94619,21.86758],[106.95083,21.8652],[106.95337,21.86482],[106.95523,21.86321],[106.95597,21.86308],[106.95738,21.86115],[106.95631,21.85833],[106.95519,21.8567],[106.95559,21.85586],[106.95492,21.85483],[106.954,21.85416],[106.95423,21.85344],[106.95324,21.85208],[106.9533,21.85126],[106.95244,21.84918],[106.95173,21.84916],[106.95093,21.84851],[106.95149,21.84758],[106.95062,21.84621],[106.95087,21.84536],[106.94921,21.84464],[106.94868,21.8428]]]]}},
{"type":"Feature","id":"06253","properties":{"Ward_Code":"06253","Ward_Code_Num":6253,"Ward":"Văn Quan","Ward_Alt":"Văn Quan","Ward_Upper":"VĂN QUAN","Ward_Full":"Xã Văn Quan","Ward_Full_Alt":"Xã Văn Quan","Ward_Full_Upper_Alt":"XÃ VĂN QUAN","Ward_Type":"Xã","Province_Code":"20","Province":"Lạng Sơn","Province_Upper_Alt":"LẠNG SƠN"},"geometry":{"type":"MultiPolygon","coordinates":[[[[106.56628,21.87961],[106.5668,21.8787],[106.56573,21.87722],[106.56529,21.87407],[106.56433,21.87293],[106.56166,21.87283],[106.55783,21.87386],[106.55621,21.87386],[106.55445,21.87498],[106.55189,21.87419],[106.55174,21.8727],[106.55316,21.86938],[106.55467,21.86764],[106.5555,21.86477],[106.55641,21.86391],[106.55919,21.86324],[106.55909,21.86151],[106.55842,21.85981],[106.55599,21.85974],[106.55456,21.86028],[106.5527,21.85933],[106.5504,21.85902],[106.54891,21.85746],[106.54796,21.85825],[106.54561,21.85829],[106.54506,21.85767],[106.5452,21.85708],[106.54462,21.85642],[106.54452,21.85551],[106.54352,21.85398],[106.54234,21.85328],[106.54048,21.85331],[106.54024,21.85307],[106.5399,21.85186],[106.5409,21.85014],[106.54069,21.84865],[106.53828,21.84756],[106.53644,21.84796],[106.53651,21.84655],[106.53598,21.84574],[106.53375,21.84497],[106.5333,21.84453],[106.53333,21.8424],[106.53231,21.84075],[106.53098,21.84061],[106.53067,21.84439],[106.52983,21.84466],[106.53055,21.84589],[106.53004,21.84844],[106.52913,21.84983],[106.52937,21.85053],[106.52854,21.85116],[106.52738,21.85098],[106.52402,21.8519],[106.5234,21.85087],[106.52372,21.85056],[106.52342,21.84909],[106.52382,21.84792],[106.52348,21.84768],[106.52239,21.84779],[106.52147,21.84711],[106.51999,21.84727],[106.5197,21.84609],[106.51753,21.84468],[106.51752,21.84351],[106.51633,21.84325],[106.51654,21.84262],[106.51601,21.84157],[106.5162,21.8394],[106.51511,21.83853],[106.51446,21.83694],[106.51489,21.83633],[106.51694,21.83572],[106.51801,21.83485],[106.51821,21.83013],[106.5176,21.82954],[106.51769,21.82847],[106.51722,21.82744],[106.51758,21.82633],[106.51994,21.82412],[106.51842,21.82272],[106.51613,21.82184],[106.51502,21.82294],[106.51368,21.82063],[106.51134,21.81848],[106.51043,21.81694],[106.50787,21.8156],[106.50674,21.81394],[106.50416,21.81398],[106.50363,21.81208],[106.50373,21.8109],[106.50318,21.81058],[106.50302,21.80982],[106.5019,21.8092],[106.50192,21.8085],[106.49934,21.80543],[106.49835,21.80712],[106.49676,21.80765],[106.49406,21.80944],[106.4916,21.81005],[106.49091,21.81058],[106.48589,21.80973],[106.48393,21.80988],[106.48304,21.80934],[106.48061,21.80969],[106.4761,21.80872],[106.47312,21.80938],[106.47214,21.80916],[106.47105,21.8083],[106.46918,21.80818],[106.46783,21.80998],[106.46718,21.81019],[106.46603,21.81209],[106.46453,21.81261],[106.4638,21.81415],[106.46094,21.81426],[106.45923,21.81545],[106.45615,21.8166],[106.45362,21.81885],[106.45088,21.81992],[106.45115,21.82242],[106.45287,21.82348],[106.45416,21.82494],[106.456,21.82533],[106.4564,21.82658],[106.45857,21.82613],[106.46039,21.82678],[106.46032,21.8287],[106.46211,21.82938],[106.46305,21.82943],[106.46478,21.82874],[106.46952,21.83003],[106.47099,21.83109],[106.47076,21.83248],[106.47149,21.8336],[106.47111,21.83508],[106.47154,21.8358],[106.4721,21.83622],[106.47487,21.83606],[106.47538,21.83654],[106.47443,21.8397],[106.47258,21.84239],[106.47254,21.84296],[106.4711,21.84472],[106.46962,21.84859],[106.46975,21.84971],[106.467,21.85001],[106.46324,21.8527],[106.46037,21.85209],[106.45921,21.85356],[106.45899,21.85436],[106.45642,21.85436],[106.45557,21.85478],[106.4557,21.85759],[106.45613,21.85834],[106.45678,21.85926],[106.45982,21.86157],[106.45904,21.8629],[106.45907,21.86392],[106.45872,21.86442],[106.45916,21.86545],[106.459,21.86721],[106.45974,21.86896],[106.45932,21.86963],[106.4593,21.87058],[106.45771,21.87059],[106.45726,21.87142],[106.45566,21.87251],[106.45559,21.87322],[106.45414,21.87411],[106.45365,21.87491],[106.45181,21.87598],[106.4515,21.87649],[106.45183,21.87894],[106.45224,21.87932],[106.45328,21.87842],[106.45376,21.8774],[106.45497,21.87694],[106.45542,21.8764],[106.45626,21.8765],[106.45692,21.87713],[106.45815,21.8776],[106.45837,21.8807],[106.45882,21.88192],[106.45865,21.88357],[106.45834,21.88402],[106.45751,21.8842],[106.45806,21.88462],[106.45811,21.88615],[106.45705,21.88788],[106.45766,21.88921],[106.45844,21.88987],[106.46182,21.8911],[106.46364,21.89058],[106.46525,21.89096],[106.46636,21.88986],[106.46747,21.88972],[106.46888,21.89004],[106.46945,21.89036],[106.4699,21.8914],[106.47154,21.89205],[106.47226,21.8939],[106.47486,21.89472],[106.47758,21.89838],[106.47947,21.90004],[106.48121,21.90071],[106.48202,21.89986],[106.48214,21.89924],[106.48339,21.89923],[106.4835,21.89758],[106.4845,21.8979],[106.48507,21.89728],[106.48726,21.89761],[106.48743,21.89704],[106.48795,21.89717],[106.48787,21.89855],[106.48744,21.89897],[106.48741,21.89956],[106.48699,21.89979],[106.48709,21.90038],[106.48817,21.90184],[106.48869,21.9036],[106.4902,21.9042],[106.49182,21.90745],[106.49149,21.90876],[106.49066,21.91014],[106.49293,21.91115],[106.49503,21.91095],[106.49668,21.91265],[106.49765,21.91252],[106.49844,21.9118],[106.4998,21.91245],[106.5024,21.91409],[106.50343,21.91607],[106.5034,21.91744],[106.504,21.91815],[106.50454,21.91829],[106.50745,21.91637],[106.51243,21.91517],[106.51275,21.9157],[106.51388,21.91615],[106.51558,21.91589],[106.51769,21.91667],[106.51927,21.91624],[106.52072,21.91701],[106.52168,21.91701],[106.5238,21.91567],[106.52597,21.91536],[106.52653,21.91501],[106.53022,21.91538],[106.53191,21.91431],[106.53229,21.9145],[106.53355,21.9138],[106.53468,21.91362],[106.5351,21.91406],[106.53484,21.91538],[106.53568,21.91577],[106.53591,21.9163],[106.53565,21.91828],[106.5391,21.92036],[106.54143,21.9195],[106.54233,21.91875],[106.54314,21.91868],[106.54679,21.92107],[106.54852,21.91999],[106.55052,21.91984],[106.55114,21.91912],[106.54962,21.91734],[106.54927,21.91622],[106.54792,21.91411],[106.5492,21.91344],[106.54958,21.91229],[106.55096,21.91091],[106.55123,21.91022],[106.55183,21.91026],[106.55378,21.90877],[106.55372,21.90801],[106.55442,21.90714],[106.55439,21.90636],[106.55363,21.90601],[106.55316,21.90534],[106.55278,21.9032],[106.55313,21.90197],[106.55231,21.90015],[106.55252,21.89917],[106.55217,21.89736],[106.55288,21.89632],[106.55209,21.8959],[106.55152,21.89491],[106.55025,21.8894],[106.55259,21.88828],[106.55351,21.88723],[106.55444,21.88717],[106.55549,21.8861],[106.5574,21.88598],[106.55768,21.88337],[106.55913,21.88228],[106.55959,21.88258],[106.56016,21.88414],[106.55981,21.8867],[106.56,21.88732],[106.56103,21.88739],[106.56319,21.88635],[106.56332,21.8855],[106.56507,21.88356],[106.56577,21.8801],[106.56628,21.87961]]]]}},
{"type":"Feature","id":"06280","properties":{"Ward_Code":"06280","Ward_Code_Num":6280,"Ward":"Điềm He","Ward_Alt":"Điềm He","Ward_Upper":"ĐIỀM HE","Ward_Full":"Xã Điềm He","Ward_Full_Alt":"Xã Điềm He","Ward_Full_Upper_Alt":"XÃ ĐIỀM HE","Ward_Type":"Xã","Province_Code":"20","Province":"Lạng Sơn","Province_Upper_Alt":"LẠNG SƠN"},"geometry":{"type":"MultiPolygon","coordinates":[[[[106.59767,21.98654],[106.59745,21.98614],[106.5983,21.97904],[106.59953,21.9758],[106.5996,21.97323],[106.60217,21.9712],[106.60364,21.97052],[106.60441,21.96963],[106.60618,21.96918],[106.6078,21.96981],[106.60978,21.9695],[106.61058,21.96884],[106.61077,21.96798],[106.61014,21.96656],[106.60633,21.96304],[106.60438,21.96239],[106.60172,21.96086],[106.60178,21.96002],[106.60224,21.95925],[106.60641,21.9554],[106.60648,21.95484],[106.60543,21.95264],[106.60428,21.95168],[106.6034,21.95138],[106.5986,21.95129],[106.59578,21.94856],[106.59455,21.94601],[106.59402,21.94381],[106.59452,21.9419],[106.59933,21.94282],[106.59996,21.94248],[106.60025,21.93998],[106.60171,21.93732],[106.60307,21.93248],[106.60307,21.92858],[106.60195,21.92708],[106.60075,21.92364],[106.59975,21.92177],[106.59987,21.92112],[106.60092,21.91988],[106.60123,21.91878],[106.6012,21.91558],[106.60075,21.91473],[106.59656,21.91101],[106.59596,21.90958],[106.59774,21.90697],[106.5994,21.90522],[106.60031,21.90325],[106.60019,21.90112],[106.60162,21.89901],[106.60271,21.89806],[106.60286,21.89669],[106.60204,21.89406],[106.60294,21.89229],[106.60415,21.89162],[106.60359,21.88839],[106.60434,21.88652],[106.60539,21.88616],[106.60637,21.88638],[106.61373,21.89112],[106.61587,21.89198],[106.61672,21.8918],[106.61896,21.88934],[106.62006,21.8861],[106.62023,21.88418],[106.6213,21.88084],[106.62257,21.88099],[106.62559,21.88289],[106.62608,21.88084],[106.6258,21.87923],[106.62623,21.87754],[106.62613,21.87546],[106.62464,21.87401],[106.62478,21.87224],[106.61876,21.87449],[106.61814,21.87518],[106.61719,21.87515],[106.61602,21.87558],[106.61493,21.87659],[106.61284,21.8778],[106.61064,21.87741],[106.60838,21.87362],[106.60748,21.87416],[106.60695,21.8752],[106.60649,21.87546],[106.60487,21.8757],[106.60404,21.87552],[106.60226,21.8765],[106.60025,21.87696],[106.59887,21.87652],[106.59819,21.87507],[106.59659,21.8738],[106.59561,21.87417],[106.59473,21.87516],[106.59192,21.87492],[106.59038,21.87533],[106.58954,21.87467],[106.58696,21.87433],[106.58259,21.87555],[106.58161,21.87615],[106.58119,21.8773],[106.58156,21.8783],[106.58131,21.87907],[106.58215,21.88254],[106.5813,21.88325],[106.5808,21.88419],[106.58076,21.88572],[106.58041,21.88657],[106.57804,21.88639],[106.57632,21.88719],[106.57468,21.88675],[106.57187,21.88734],[106.5714,21.88588],[106.56898,21.88366],[106.56692,21.88355],[106.56628,21.87961],[106.56577,21.8801],[106.56507,21.88356],[106.56332,21.8855],[106.56319,21.88635],[106.56028,21.8875],[106.55981,21.88674],[106.56016,21.88543],[106.56009,21.88387],[106.55946,21.88239],[106.55888,21.8824],[106.55768,21.88337],[106.5574,21.88598],[106.55549,21.8861],[106.55444,21.88717],[106.55351,21.88723],[106.55259,21.88828],[106.55025,21.8894],[106.55152,21.89491],[106.55209,21.8959],[106.55288,21.89632],[106.55217,21.89736],[106.55252,21.89917],[106.55231,21.90015],[106.55313,21.90197],[106.55278,21.9032],[106.55316,21.90534],[106.55363,21.90601],[106.55439,21.90636],[106.55442,21.90714],[106.55372,21.90801],[106.55378,21.90877],[106.55183,21.91026],[106.55123,21.91022],[106.55096,21.91091],[106.54958,21.91229],[106.5492,21.91344],[106.54792,21.91411],[106.54927,21.91622],[106.54962,21.91734],[106.55114,21.91912],[106.55107,21.91944],[106.55046,21.91986],[106.54852,21.91999],[106.54679,21.92107],[106.54344,21.91872],[106.5425,21.91872],[106.54143,21.9195],[106.5391,21.92036],[106.53908,21.92104],[106.54037,21.92287],[106.54041,21.92347],[106.5367,21.9252],[106.53575,21.928],[106.53429,21.92969],[106.53399,21.93138],[106.53523,21.93299],[106.53521,21.93429],[106.53558,21.93507],[106.53535,21.93657],[106.53568,21.93714],[106.53631,21.94181],[106.53533,21.94522],[106.53032,21.94531],[106.52944,21.94375],[106.52781,21.94277],[106.52646,21.94301],[106.52578,21.94364],[106.52498,21.9435],[106.5245,21.94285],[106.52306,21.94391],[106.52149,21.9439],[106.51915,21.94567],[106.518,21.94591],[106.51702,21.94745],[106.51568,21.94834],[106.51329,21.94687],[106.51206,21.94696],[106.51035,21.94784],[106.50894,21.94705],[106.50777,21.94776],[106.50652,21.94979],[106.50572,21.95026],[106.50372,21.95063],[106.50234,21.94932],[106.50072,21.9489],[106.49983,21.94756],[106.4973,21.94964],[106.49516,21.94904],[106.49446,21.94931],[106.49356,21.95088],[106.49302,21.95308],[106.49008,21.95451],[106.49025,21.9567],[106.48968,21.95748],[106.48958,21.95868],[106.48909,21.95943],[106.4901,21.96308],[106.49134,21.9636],[106.49227,21.96486],[106.49408,21.96442],[106.49509,21.96512],[106.49546,21.96577],[106.49542,21.96741],[106.49616,21.96763],[106.49694,21.96865],[106.49796,21.96862],[106.49827,21.96902],[106.49806,21.97153],[106.50127,21.96881],[106.50253,21.97114],[106.50346,21.97156],[106.50393,21.97369],[106.50514,21.97263],[106.50611,21.97098],[106.50804,21.97133],[106.50918,21.97329],[106.51148,21.97192],[106.51185,21.97136],[106.51215,21.9718],[106.51494,21.97315],[106.51681,21.97478],[106.51967,21.97579],[106.52024,21.97895],[106.5208,21.9799],[106.52297,21.98049],[106.52401,21.98031],[106.52534,21.98086],[106.52724,21.98267],[106.52758,21.98395],[106.5288,21.98385],[106.53014,21.98224],[106.53165,21.98139],[106.5333,21.982],[106.5346,21.9818],[106.53531,21.98211],[106.53545,21.98338],[106.53479,21.98427],[106.5349,21.98662],[106.53343,21.98866],[106.53322,21.99044],[106.53196,21.99192],[106.53142,21.99342],[106.53229,21.9968],[106.53157,21.99862],[106.53404,21.99975],[106.53743,21.99969],[106.53896,22.00056],[106.54013,22.00139],[106.54246,22.00579],[106.54366,22.00595],[106.54504,22.00686],[106.54774,22.00606],[106.55006,22.00306],[106.55096,22.00023],[106.55152,22.00062],[106.55127,22.001],[106.55168,22.00139],[106.55253,22.00141],[106.55285,22.0006],[106.55324,22.00052],[106.55405,22.00095],[106.55439,22.00204],[106.55566,22.00183],[106.55686,22.00276],[106.55726,22.00241],[106.55784,22.0026],[106.55786,22.00479],[106.5592,22.00462],[106.55976,22.00553],[106.56024,22.00524],[106.56078,22.00547],[106.56096,22.00506],[106.5614,22.00498],[106.5616,22.00532],[106.5632,22.0057],[106.56388,22.00511],[106.56378,22.00431],[106.56407,22.00413],[106.56459,22.00436],[106.56478,22.00491],[106.56517,22.00493],[106.56538,22.0037],[106.56592,22.00437],[106.56671,22.00394],[106.56732,22.00455],[106.56964,22.00407],[106.56996,22.00491],[106.57041,22.00511],[106.57124,22.00397],[106.57203,22.00502],[106.57317,22.00537],[106.57233,22.00576],[106.57241,22.00619],[106.57328,22.00621],[106.57369,22.00558],[106.57424,22.00561],[106.57437,22.00597],[106.57369,22.00816],[106.57386,22.00846],[106.57499,22.0087],[106.5746,22.0092],[106.57476,22.00948],[106.57582,22.00855],[106.57687,22.00884],[106.57635,22.00728],[106.57756,22.00744],[106.578,22.00777],[106.5781,22.00883],[106.57862,22.00965],[106.57758,22.01048],[106.57852,22.01222],[106.57928,22.0127],[106.5797,22.01259],[106.57971,22.01166],[106.58011,22.01122],[106.58248,22.01245],[106.58377,22.01259],[106.58352,22.01447],[106.58491,22.01474],[106.58531,22.01558],[106.58591,22.01485],[106.58601,22.01319],[106.58162,22.00885],[106.58173,22.00745],[106.58229,22.00648],[106.58219,22.00564],[106.58272,22.00518],[106.58354,22.00513],[106.58666,22.00638],[106.58874,22.00649],[106.58995,22.00553],[106.59091,22.00195],[106.58928,21.99902],[106.58669,21.99559],[106.58663,21.9936],[106.58728,21.9928],[106.58895,21.99178],[106.59009,21.9917],[106.59135,21.9921],[106.59354,21.99404],[106.59603,21.99516],[106.59659,21.99616],[106.59656,21.99742],[106.59555,21.99999],[106.59528,22.00269],[106.59591,22.00358],[106.59752,22.0032],[106.59966,21.99987],[106.60018,21.99804],[106.59938,21.99334],[106.59813,21.98892],[106.59814,21.98701],[106.59767,21.98654]]]]}},
{"type":"Feature","id":"06286","properties":{"Ward_Code":"06286","Ward_Code_Num":6286,"Ward":"Khánh Khê","Ward_Alt":"Khánh Khê","Ward_Upper":"KHÁNH KHÊ","Ward_Full":"Xã Khánh Khê","Ward_Full_Alt":"Xã Khánh Khê","Ward_Full_Upper_Alt":"XÃ KHÁNH KHÊ","Ward_Type":"Xã","Province_Code":"20","Province":"Lạng Sơn","Province_Upper_Alt":"LẠNG SƠN"},"geometry":{"type":"MultiPolygon","coordinates":[[[[106.71958,21.88287],[106.7156,21.88175],[106.71483,21.88137],[106.71469,21.88083],[106.71367,21.88145],[106.71365,21.88092],[106.71269,21.87957],[106.71273,21.87878],[106.71222,21.87762],[106.71111,21.87724],[106.71008,21.87554],[106.71148,21.87261],[106.71141,21.87157],[106.71009,21.87124],[106.70648,21.87123],[106.70433,21.8707],[106.7034,21.86987],[106.70252,21.87001],[106.70141,21.86973],[106.70332,21.86673],[106.7033,21.8645],[106.70208,21.86202],[106.70463,21.86062],[106.70411,21.8592],[106.70427,21.85876],[106.70537,21.85784],[106.70841,21.8564],[106.70962,21.85318],[106.7103,21.85242],[106.71196,21.85155],[106.71235,21.84991],[106.71437,21.84857],[106.7151,21.84561],[106.71381,21.84385],[106.71313,21.8436],[106.71262,21.84145],[106.71179,21.84019],[106.71305,21.83773],[106.71292,21.83576],[106.71227,21.83431],[106.71365,21.82735],[106.7131,21.8264],[106.71083,21.82502],[106.70959,21.82352],[106.70766,21.82217],[106.70635,21.82072],[106.70608,21.81923],[106.70624,21.81854],[106.70588,21.81764],[106.70619,21.81658],[106.7055,21.81499],[106.70651,21.8137],[106.70827,21.81355],[106.70959,21.81268],[106.71009,21.81199],[106.70989,21.810669999999998],[106.70854,21.80972],[106.70671,21.80975],[106.70671,21.80879],[106.7059,21.80794],[106.70602,21.80666],[106.70501,21.80551],[106.70437,21.8037],[106.70279,21.80355],[106.70312,21.8025],[106.70247,21.80112],[106.70115,21.80114],[106.70068,21.80025],[106.6996,21.80006],[106.69701,21.79771],[106.69542,21.79725],[106.69388,21.79622],[106.6918,21.79586],[106.68775,21.79575],[106.68444,21.79621],[106.68261,21.79746],[106.68195,21.79852],[106.68135,21.79847],[106.67991,21.79933],[106.67826,21.79842],[106.67769,21.79861],[106.67397,21.79816],[106.67352,21.79868],[106.67083,21.79992],[106.66977,21.79874],[106.66807,21.79955],[106.6666,21.79916],[106.66632,21.79827],[106.6659,21.79796],[106.66173,21.79845],[106.66032,21.79777],[106.65931,21.79664],[106.65881,21.79648],[106.65833,21.7949],[106.6562,21.79324],[106.65547,21.79324],[106.65417,21.79264],[106.65255,21.7927],[106.6495,21.79421],[106.64868,21.79433],[106.64817,21.79383],[106.64815,21.79435],[106.64749,21.79523],[106.64545,21.79672],[106.64394,21.79651],[106.64203,21.79825],[106.64118,21.80047],[106.63981,21.80098],[106.6371,21.80309],[106.63582,21.80344],[106.63448,21.80473],[106.6331,21.80548],[106.63236,21.80642],[106.63191,21.80865],[106.63241,21.81028],[106.6322,21.81278],[106.63253,21.81452],[106.63237,21.81648],[106.63172,21.81683],[106.63209,21.81741],[106.63217,21.81961],[106.63104,21.82029],[106.62705,21.82501],[106.62628,21.82661],[106.62685,21.82775],[106.62678,21.82852],[106.62739,21.82935],[106.62492,21.83358],[106.62186,21.83653],[106.62262,21.83761],[106.62259,21.83869],[106.62066,21.84122],[106.62042,21.84228],[106.62059,21.84339],[106.62148,21.84425],[106.62262,21.84469],[106.62317,21.84574],[106.62503,21.84784],[106.62537,21.84899],[106.6265,21.84968],[106.62696,21.85041],[106.62847,21.85087],[106.62879,21.85186],[106.63068,21.85255],[106.63126,21.85343],[106.63409,21.8538],[106.63605,21.8533],[106.63829,21.85165],[106.63908,21.85159],[106.64018,21.85275],[106.63953,21.85465],[106.64,21.855],[106.64004,21.85547],[106.63657,21.8605],[106.63682,21.86122],[106.63648,21.86161],[106.63708,21.86248],[106.63642,21.86369],[106.63492,21.86493],[106.63314,21.86547],[106.63104,21.86468],[106.62936,21.86538],[106.62688,21.86403],[106.62576,21.86533],[106.62562,21.86933],[106.62485,21.87067],[106.62451,21.8735],[106.62464,21.87401],[106.62612,21.87533],[106.62624,21.87742],[106.6258,21.87923],[106.62608,21.88084],[106.62559,21.88289],[106.62593,21.88305],[106.62578,21.8841],[106.62483,21.88561],[106.62326,21.88668],[106.62553,21.88773],[106.62694,21.89017],[106.62768,21.89083],[106.62851,21.89105],[106.62866,21.89226],[106.62922,21.89241],[106.6287,21.89303],[106.62895,21.89662],[106.62994,21.89738],[106.63082,21.89932],[106.63141,21.89995],[106.63216,21.899539999999998],[106.6326,21.90026],[106.63352,21.9004],[106.63378,21.90072],[106.63481,21.90043],[106.63756,21.90432],[106.63848,21.90464],[106.63962,21.90598],[106.63999,21.90615],[106.64118,21.90522],[106.6437,21.90163],[106.64538,21.90069],[106.64576,21.89989],[106.64776,21.89987],[106.6487,21.90064],[106.64862,21.90436],[106.6494,21.9049],[106.64955,21.9066],[106.64939,21.9071],[106.64879,21.90748],[106.6496,21.90797],[106.64973,21.90869],[106.64959,21.90954],[106.64872,21.91085],[106.64918,21.91264],[106.6482,21.91371],[106.64974,21.91522],[106.65002,21.91698],[106.64866,21.91892],[106.65092,21.92084],[106.65147,21.9217],[106.65234,21.9219],[106.65285,21.92031],[106.65273,21.91944],[106.65368,21.91954],[106.65532,21.92001],[106.65621,21.92157],[106.66042,21.92309],[106.66549,21.92021],[106.66596,21.91746],[106.66444,21.91626],[106.66441,21.91536],[106.66376,21.91541],[106.66345,21.9137],[106.66396,21.9129],[106.66322,21.91149],[106.66422,21.91115],[106.66528,21.9098],[106.66422,21.90824],[106.66378,21.90678],[106.66487,21.90508],[106.6657,21.90462],[106.66674,21.90494],[106.66839,21.90337],[106.66758,21.89958],[106.66929,21.89895],[106.66967,21.89821],[106.66954,21.89636],[106.67113,21.89578],[106.67174,21.89444],[106.67156,21.89346],[106.67178,21.89293],[106.67291,21.89195],[106.67336,21.88934],[106.67328,21.88501],[106.67625,21.88492],[106.6765,21.88692],[106.6784,21.88713],[106.67984,21.88649],[106.68078,21.88747],[106.68202,21.88813],[106.68579,21.88822],[106.6866,21.88971],[106.6865,21.89064],[106.68679,21.89094],[106.68855,21.88965],[106.6903,21.88949],[106.69258,21.89034],[106.69304,21.89165],[106.69398,21.89083],[106.69456,21.88952],[106.6946,21.88858],[106.69662,21.8883],[106.69752,21.88696],[106.69872,21.88606],[106.7014,21.88504],[106.70431,21.88619],[106.70503,21.88679],[106.70643,21.887],[106.70696,21.88751],[106.70948,21.88843],[106.71415,21.88902],[106.71619,21.88804],[106.71846,21.88436],[106.71834,21.88342],[106.71958,21.88287]]]]}},
{"type":"Feature","id":"06298","properties":{"Ward_Code":"06298","Ward_Code_Num":6298,"Ward":"Yên Phúc","Ward_Alt":"Yên Phúc","Ward_Upper":"YÊN PHÚC","Ward_Full":"Xã Yên Phúc","Ward_Full_Alt":"Xã Yên Phúc","Ward_Full_Upper_Alt":"XÃ YÊN PHÚC","Ward_Type":"Xã","Province_Code":"20","Province":"Lạng Sơn","Province_Upper_Alt":"LẠNG SƠN"},"geometry":{"type":"MultiPolygon","coordinates":[[[[106.62478,21.87224],[106.62485,21.87067],[106.62562,21.86933],[106.62558,21.86584],[106.62688,21.86403],[106.62922,21.86535],[106.63104,21.86468],[106.63322,21.86547],[106.63492,21.86493],[106.63642,21.86369],[106.63709,21.86242],[106.63648,21.86161],[106.63682,21.86122],[106.63654,21.86058],[106.64,21.85562],[106.64003,21.85505],[106.63953,21.85465],[106.64015,21.85267],[106.63923,21.85165],[106.6385,21.8516],[106.63554,21.85349],[106.63409,21.8538],[106.63194,21.85367],[106.63126,21.85343],[106.63068,21.85255],[106.62879,21.85186],[106.62847,21.85087],[106.62696,21.85041],[106.6265,21.84968],[106.62569,21.84931],[106.62474,21.8474],[106.62317,21.84574],[106.62262,21.84469],[106.62148,21.84425],[106.62059,21.84339],[106.62051,21.84155],[106.62258,21.83872],[106.62262,21.83761],[106.62047,21.83544],[106.61971,21.83227],[106.61859,21.83212],[106.61801,21.83157],[106.61408,21.83178],[106.61325,21.83118],[106.61197,21.83107],[106.61126,21.83125],[106.6092,21.83311],[106.60678,21.8341],[106.60486,21.83349],[106.604,21.83412],[106.60192,21.83372],[106.60208,21.83087],[106.60056,21.82938],[106.59922,21.82862],[106.59927,21.82831],[106.59727,21.82701],[106.59771,21.82535],[106.59756,21.8235],[106.59724,21.82295],[106.59566,21.82208],[106.5947,21.82203],[106.5938,21.82118],[106.59368,21.82069],[106.5923,21.82003],[106.59163,21.82031],[106.59039,21.82001],[106.58873,21.81815],[106.58994,21.8161],[106.59024,21.81471],[106.58956,21.81483],[106.58887,21.81423],[106.58618,21.81312],[106.58675,21.81028],[106.58642999999999,21.8083],[106.58584,21.80728],[106.58442,21.80713],[106.58236,21.80604],[106.58057,21.80699],[106.57944,21.80662],[106.57711,21.8068],[106.57532,21.80614],[106.57437,21.80537],[106.57308,21.80228],[106.57302,21.80092],[106.57233,21.80001],[106.57198,21.79744],[106.57313,21.79716],[106.57443,21.7973],[106.5751,21.79699],[106.57557,21.79598],[106.57556,21.79442],[106.5763,21.79263],[106.57514,21.79127],[106.5755,21.79078],[106.57414,21.78802],[106.57186,21.78785],[106.57099,21.78814],[106.57025,21.78931],[106.5685,21.7877],[106.56725,21.78728],[106.56472,21.7878],[106.56399,21.78839],[106.56225,21.78732],[106.5617,21.78478],[106.56074,21.78286],[106.5597,21.78182],[106.55948,21.77792],[106.55814,21.77701],[106.55818,21.7765],[106.55883,21.77588],[106.55891,21.77517],[106.55841,21.77444],[106.55843,21.77345],[106.55785,21.77312],[106.5582,21.77152],[106.55721,21.76982],[106.55707,21.76847],[106.55531,21.76747],[106.55433,21.76652],[106.55422,21.76591],[106.55481,21.76495],[106.55439,21.76337],[106.55505,21.7617],[106.55543,21.75925],[106.55453,21.75812],[106.55375,21.75789],[106.554,21.75589],[106.55289,21.75623],[106.55141,21.75578],[106.55032,21.75474],[106.54686,21.75302],[106.54588,21.75122],[106.54427,21.75064],[106.5427,21.7523],[106.53959,21.75258],[106.53753,21.75416],[106.53621,21.75425],[106.53423,21.75532],[106.53275,21.75414],[106.53099,21.75536],[106.53013,21.75522],[106.52755,21.75346],[106.52483,21.75327],[106.52464,21.7521],[106.52331,21.75056],[106.52269,21.74841],[106.52279,21.74779],[106.52002,21.74602],[106.51969,21.74336],[106.51887,21.74319],[106.51783,21.74394],[106.51691,21.74564],[106.51391,21.74484],[106.51136,21.74516],[106.50926,21.74596],[106.50723,21.74552],[106.50695,21.74624],[106.50555,21.74675],[106.50502,21.7475],[106.50358,21.74784],[106.50268,21.74961],[106.50072,21.75044],[106.50039,21.75125],[106.50042,21.75307],[106.49979,21.7542],[106.49952,21.75392],[106.49855,21.75424],[106.4976,21.75365],[106.49658,21.75378],[106.49531,21.75345],[106.49343,21.75392],[106.4909,21.75355],[106.49012,21.7561],[106.48909,21.75778],[106.48904,21.75904],[106.48786,21.75992],[106.4881,21.7605],[106.48706,21.76284],[106.48657,21.76328],[106.4869,21.76444],[106.48583,21.76643],[106.48581,21.76718],[106.48433,21.76918],[106.48336,21.7697],[106.48286,21.77082],[106.48313,21.77197],[106.48304,21.77684],[106.48174,21.77779],[106.48071,21.77912],[106.48232,21.78141],[106.48182,21.78294],[106.48287,21.78589],[106.48273,21.78686],[106.482,21.78772],[106.48333,21.78878],[106.48385,21.79106],[106.48442,21.79178],[106.48741,21.79127],[106.48809,21.79172],[106.48876,21.79568],[106.49057,21.79708],[106.49141,21.79988],[106.49286,21.80096],[106.49401,21.80443],[106.49636,21.80706],[106.49658,21.80775],[106.49835,21.80712],[106.49916,21.80542],[106.49976,21.80567],[106.50192,21.8085],[106.5019,21.8092],[106.50302,21.80982],[106.50318,21.81058],[106.50373,21.8109],[106.50363,21.81208],[106.50416,21.81398],[106.50674,21.81394],[106.50787,21.8156],[106.51043,21.81694],[106.51134,21.81848],[106.51368,21.82063],[106.51502,21.82294],[106.51613,21.82184],[106.51842,21.82272],[106.51994,21.82412],[106.51758,21.82633],[106.51722,21.82744],[106.51769,21.82847],[106.5176,21.82954],[106.51821,21.83013],[106.51801,21.83485],[106.51694,21.83572],[106.51489,21.83633],[106.51446,21.83694],[106.51511,21.83853],[106.5162,21.8394],[106.51601,21.84157],[106.51654,21.84262],[106.51633,21.84325],[106.51752,21.84351],[106.51753,21.84468],[106.5197,21.84609],[106.51999,21.84727],[106.52147,21.84711],[106.52239,21.84779],[106.52348,21.84768],[106.52382,21.84792],[106.52342,21.84909],[106.52372,21.85056],[106.5234,21.85087],[106.52402,21.8519],[106.52738,21.85098],[106.52854,21.85116],[106.52937,21.85053],[106.52913,21.84983],[106.53004,21.84844],[106.53055,21.84589],[106.52983,21.84466],[106.53067,21.84439],[106.53098,21.84061],[106.53174,21.84059],[106.53266,21.84102],[106.53333,21.8424],[106.5333,21.84453],[106.53375,21.84497],[106.53558,21.84546],[106.5364,21.84626],[106.53644,21.84796],[106.53828,21.84756],[106.54069,21.84865],[106.5409,21.85014],[106.5399,21.85186],[106.54024,21.85307],[106.54048,21.85331],[106.54234,21.85328],[106.54352,21.85398],[106.54452,21.85551],[106.54462,21.85642],[106.5452,21.85708],[106.54506,21.85767],[106.54561,21.85829],[106.54796,21.85825],[106.54891,21.85746],[106.5504,21.85902],[106.5527,21.85933],[106.55456,21.86028],[106.55599,21.85974],[106.55842,21.85981],[106.55909,21.86151],[106.55919,21.86324],[106.55641,21.86391],[106.5555,21.86477],[106.55467,21.86764],[106.55316,21.86938],[106.55174,21.8727],[106.55184,21.8741],[106.55234,21.87453],[106.55445,21.87498],[106.55621,21.87386],[106.55783,21.87386],[106.56166,21.87283],[106.5644,21.87296],[106.5653,21.8741],[106.56585,21.87756],[106.5668,21.8787],[106.56626,21.87994],[106.56692,21.88355],[106.56898,21.88366],[106.5714,21.88588],[106.57194,21.88736],[106.57468,21.88675],[106.57632,21.88719],[106.57804,21.88639],[106.58041,21.88657],[106.58076,21.88572],[106.5808,21.88419],[106.5813,21.88325],[106.58215,21.88254],[106.58131,21.87907],[106.58157,21.87856],[106.58119,21.8773],[106.58142,21.87654],[106.58259,21.87555],[106.58411,21.8753],[106.5863,21.87441],[106.58954,21.87467],[106.59038,21.87533],[106.59192,21.87492],[106.59473,21.87516],[106.59561,21.87417],[106.59659,21.8738],[106.59819,21.87507],[106.59887,21.87652],[106.60025,21.87696],[106.60226,21.8765],[106.60404,21.87552],[106.60487,21.8757],[106.60649,21.87546],[106.60695,21.8752],[106.60748,21.87416],[106.60838,21.87362],[106.61064,21.87741],[106.61269,21.87781],[106.61493,21.87659],[106.61602,21.87558],[106.61719,21.87515],[106.61814,21.87518],[106.61876,21.87449],[106.62478,21.87224]]]]}},
{"type":"Feature","id":"06313","properties":{"Ward_Code":"06313","Ward_Code_Num":6313,"Ward":"Tri Lễ","Ward_Alt":"Tri Lễ","Ward_Upper":"TRI LỄ","Ward_Full":"Xã Tri Lễ","Ward_Full_Alt":"Xã Tri Lễ","Ward_Full_Upper_Alt":"XÃ TRI LỄ","Ward_Type":"Xã","Province_Code":"20","Province":"Lạng Sơn","Province_Upper_Alt":"LẠNG SƠN"},"geometry":{"type":"MultiPolygon","coordinates":[[[[106.45559,21.87322],[106.45566,21.87251],[106.45726,21.87142],[106.45771,21.87059],[106.45933,21.87052],[106.45932,21.86963],[106.45974,21.86888],[106.459,21.86721],[106.45916,21.86545],[106.45872,21.86442],[106.45907,21.86392],[106.45904,21.8629],[106.45983,21.86163],[106.45678,21.85926],[106.45613,21.85834],[106.4557,21.85759],[106.45557,21.85478],[106.45642,21.85436],[106.45899,21.85436],[106.45921,21.85356],[106.46037,21.85209],[106.46324,21.8527],[106.467,21.85001],[106.46975,21.84971],[106.46962,21.84859],[106.4711,21.84472],[106.47254,21.84296],[106.47258,21.84239],[106.47443,21.8397],[106.47538,21.83654],[106.47487,21.83606],[106.4721,21.83622],[106.47154,21.8358],[106.47111,21.83508],[106.47149,21.8336],[106.47076,21.83248],[106.47099,21.83109],[106.46952,21.83003],[106.46478,21.82874],[106.46305,21.82943],[106.46211,21.82938],[106.46032,21.8287],[106.46039,21.82678],[106.45857,21.82613],[106.4564,21.82658],[106.456,21.82533],[106.45416,21.82494],[106.45287,21.82348],[106.45115,21.82242],[106.45088,21.81992],[106.45362,21.81885],[106.45615,21.8166],[106.45923,21.81545],[106.46094,21.81426],[106.4638,21.81415],[106.46453,21.81261],[106.46603,21.81209],[106.46718,21.81019],[106.46783,21.80998],[106.46918,21.80818],[106.47105,21.8083],[106.47214,21.80916],[106.47312,21.80938],[106.4761,21.80872],[106.48061,21.80969],[106.48304,21.80934],[106.48393,21.80988],[106.48589,21.80973],[106.49091,21.81058],[106.4916,21.81005],[106.49406,21.80944],[106.49658,21.80775],[106.49636,21.80706],[106.49401,21.80443],[106.49286,21.80096],[106.49141,21.79988],[106.49057,21.79708],[106.48876,21.79568],[106.48809,21.79172],[106.48741,21.79127],[106.48442,21.79178],[106.48385,21.79106],[106.48333,21.78878],[106.482,21.78772],[106.48273,21.78686],[106.48287,21.78589],[106.48182,21.78294],[106.48232,21.78141],[106.48071,21.77912],[106.48174,21.77779],[106.48304,21.77684],[106.48313,21.77197],[106.48286,21.77082],[106.48336,21.7697],[106.48433,21.76918],[106.48581,21.76718],[106.48583,21.76643],[106.4869,21.76444],[106.48657,21.76328],[106.48706,21.76284],[106.4881,21.7605],[106.48786,21.75992],[106.48716,21.75973],[106.48651,21.75886],[106.48652,21.75824],[106.4847,21.75684],[106.48269,21.7546],[106.47939,21.75428],[106.47849,21.75211],[106.477,21.75189],[106.47717,21.74887],[106.47676,21.74703],[106.47402,21.74833],[106.47164,21.74807],[106.47107,21.74711],[106.47106,21.74596],[106.46747,21.74487],[106.46638,21.74406],[106.46584,21.74546],[106.46339,21.74673],[106.4624,21.74645],[106.46133,21.74657],[106.45939,21.74533],[106.45798,21.74525],[106.45826,21.7438],[106.45601,21.74288],[106.45485,21.74345],[106.45258,21.74133],[106.451,21.74114],[106.45067,21.73942],[106.45099,21.73886],[106.45097,21.73786],[106.4521,21.73665],[106.4504,21.73443],[106.45048,21.73373],[106.45016,21.73308],[106.44937,21.73257],[106.44874,21.73009],[106.44899,21.72927],[106.45065,21.72801],[106.44836,21.72489],[106.44797,21.72376],[106.44923,21.72205],[106.44874,21.72019],[106.45098,21.71926],[106.45252,21.71676],[106.45176,21.71575],[106.45274,21.71162],[106.45367,21.71091],[106.45398,21.70954],[106.45543,21.7095],[106.45564,21.70774],[106.45464,21.70645],[106.45383,21.70615],[106.45586,21.70585],[106.45863,21.70631],[106.45995,21.70608],[106.4624,21.70436],[106.46355,21.70432],[106.46549,21.70208],[106.4649,21.70016],[106.46346,21.69876],[106.4625,21.69822],[106.46046,21.69794],[106.45955,21.6972],[106.45842,21.69696],[106.4573,21.696],[106.45577,21.69416],[106.45523,21.69278],[106.45434,21.69232],[106.45468,21.69017],[106.45433,21.68913],[106.45341,21.68972],[106.45109,21.68995],[106.45027,21.68974],[106.44757,21.69078],[106.44616,21.6909],[106.44585,21.68886],[106.44509,21.68755],[106.4445,21.68536],[106.44254,21.68678],[106.44001,21.68744],[106.44018,21.68918],[106.43987,21.69003],[106.43766,21.69057],[106.43701,21.69198],[106.43565,21.69168],[106.43463,21.69102],[106.43274,21.69093],[106.43111,21.69151],[106.43099,21.69234],[106.43153,21.69534],[106.42896,21.69536],[106.42766,21.69583],[106.42746,21.69627],[106.42495,21.69543],[106.424,21.69536],[106.42262,21.69596],[106.42137,21.69556],[106.42025,21.6964],[106.41848,21.69684],[106.41809,21.69793],[106.41738,21.69863],[106.416,21.69713],[106.41456,21.69694],[106.41303,21.69589],[106.41204,21.69577],[106.41108,21.69638],[106.41005,21.69598],[106.40911,21.69647],[106.40803,21.69825],[106.40733,21.69837],[106.40717,21.6997],[106.40632,21.70134],[106.40291,21.70096],[106.40147,21.70024],[106.40034,21.70025],[106.39951,21.70148],[106.39966,21.70202],[106.40143,21.70413],[106.40075,21.70528],[106.40052,21.70645],[106.39762,21.70797],[106.39508,21.70716],[106.39456,21.70844],[106.39455,21.7103],[106.39272,21.71053],[106.39178,21.71136],[106.3933,21.71362],[106.3937,21.71584],[106.39301,21.71665],[106.39291,21.7178],[106.39016,21.71815],[106.38907,21.71793],[106.38975,21.71926],[106.38926,21.72035],[106.39138,21.7234],[106.39434,21.72377],[106.39548,21.72482],[106.39587,21.72457],[106.39668,21.72469],[106.398,21.72584],[106.39846,21.7272],[106.3973,21.7297],[106.39726,21.73082],[106.39464,21.73406],[106.39438,21.73638],[106.39349,21.73584],[106.39135,21.73535],[106.39044,21.73623],[106.39068,21.73876],[106.39224,21.73922],[106.39301,21.73901],[106.39535,21.74025],[106.39264,21.74177],[106.39229,21.74426],[106.39279,21.74578],[106.39078,21.74789],[106.39307,21.74964],[106.39337,21.75066],[106.39274,21.75207],[106.39463,21.75368],[106.39472,21.75515],[106.39706,21.75608],[106.39752,21.7559],[106.39982,21.75648],[106.40217,21.7592],[106.40456,21.75902],[106.40634,21.75998],[106.4058,21.76134],[106.40665,21.76298],[106.40617,21.76356],[106.40487,21.76412],[106.40447,21.76602],[106.40333,21.76639],[106.4051,21.7682],[106.40471,21.76972],[106.40404,21.77043],[106.40435,21.77194],[106.40531,21.77378],[106.40503,21.77693],[106.4064,21.77838],[106.40798,21.77924],[106.40765,21.78008],[106.40642,21.78113],[106.4047,21.78208],[106.40332,21.78219],[106.40319,21.78274],[106.40706,21.78658],[106.4089,21.78601],[106.40876,21.78738],[106.40865,21.78812],[106.4075,21.78942],[106.40596,21.7897],[106.40265,21.79227],[106.40261,21.79404],[106.40288,21.7953],[106.40375,21.79583],[106.40422,21.79704],[106.4055,21.79718],[106.40567,21.79815],[106.40431,21.8006],[106.40481,21.80217],[106.40492,21.80476],[106.40717,21.8056],[106.40828,21.8069],[106.41005,21.8082],[106.40823,21.810669999999998],[106.4073,21.81108],[106.40668,21.81278],[106.40472,21.81443],[106.40397,21.81672],[106.40548,21.82099],[106.40717,21.82331],[106.40754,21.82582],[106.41008,21.826],[106.41039,21.82822],[106.40913,21.83063],[106.40953,21.83179],[106.41061,21.83326],[106.41117,21.8354],[106.41208,21.83594],[106.41477,21.83546],[106.41519,21.83592],[106.41819,21.83656],[106.4168,21.83923],[106.41704,21.83998],[106.41611,21.84158],[106.41289,21.84267],[106.41101,21.84262],[106.40838,21.84438],[106.40797,21.84546],[106.40827,21.84638],[106.40776,21.84684],[106.40922,21.85002],[106.40763,21.85285],[106.40736,21.85412],[106.40952,21.85659],[106.40984,21.85761],[106.40958,21.85867],[106.41006,21.86164],[106.41048,21.86184],[106.41276,21.86104],[106.41417,21.86183],[106.41499,21.86288],[106.41618,21.86297],[106.4158,21.86471],[106.41852,21.86521],[106.41885,21.86805],[106.41975,21.86784],[106.42056,21.86805],[106.42294,21.86998],[106.42448,21.86942],[106.42571,21.86825],[106.42566,21.86723],[106.42633,21.86574],[106.42802,21.86526],[106.42962,21.86609],[106.43084,21.86596],[106.43151,21.86677],[106.4327,21.86649],[106.43394,21.86678],[106.4358,21.86617],[106.43743,21.86686],[106.43817,21.86758],[106.43803,21.86872],[106.43856,21.87042],[106.43922,21.87079],[106.43988,21.87241],[106.4409,21.87258],[106.44343,21.87388],[106.44623,21.87409],[106.44815,21.87325],[106.44864,21.87342],[106.4503,21.87443],[106.45063,21.87566],[106.4515,21.87649],[106.45238,21.87553],[106.45365,21.87491],[106.45414,21.87411],[106.45559,21.87322]]]]}},
{"type":"Feature","id":"06316","properties":{"Ward_Code":"06316","Ward_Code_Num":6316,"Ward":"Tân Đoàn","Ward_Alt":"Tân Đoàn","Ward_Upper":"TÂN ĐOÀN","Ward_Full":"Xã Tân Đoàn","Ward_Full_Alt":"Xã Tân Đoàn","Ward_Full_Upper_Alt":"XÃ TÂN ĐOÀN","Ward_Type":"Xã","Province_Code":"20","Province":"Lạng Sơn","Province_Upper_Alt":"LẠNG SƠN"},"geometry":{"type":"MultiPolygon","coordinates":[[[[106.6789,21.79873],[106.67991,21.79933],[106.68135,21.79847],[106.68195,21.79852],[106.68261,21.79746],[106.68444,21.79621],[106.68775,21.79575],[106.69388,21.79622],[106.69542,21.79725],[106.69701,21.79771],[106.69826,21.79886],[106.69796,21.79704],[106.69886,21.79571],[106.69897,21.79486],[106.70075,21.79477],[106.7014,21.79351],[106.70233,21.79383],[106.70168,21.79242],[106.70238,21.79237],[106.70205,21.79062],[106.70355,21.78985],[106.7042,21.79022],[106.70521,21.79004],[106.70599,21.79051],[106.70718,21.79028],[106.70801,21.78898],[106.70855,21.78635],[106.71187,21.78653],[106.71289,21.78586],[106.71624,21.78473],[106.71889,21.78279],[106.71945,21.7815],[106.7186,21.77988],[106.71665,21.77965],[106.71594,21.77891],[106.71392,21.77853],[106.71314,21.77797],[106.71239,21.77656],[106.71194,21.77267],[106.7098,21.77187],[106.70774,21.7702],[106.70546,21.77034],[106.7047,21.76903],[106.70478,21.76814],[106.70409,21.76586],[106.70433,21.76487],[106.70188,21.76426],[106.70069,21.76279],[106.70062,21.76218],[106.69924,21.76188],[106.69822,21.76128],[106.6973,21.75861],[106.69398,21.75666],[106.69313,21.75441],[106.69174,21.75322],[106.68991,21.75222],[106.68904,21.7512],[106.68628,21.75132],[106.68523,21.75184],[106.68299,21.75125],[106.68264,21.74998],[106.68132,21.74921],[106.6808,21.74801],[106.68098,21.74738],[106.6783,21.74568],[106.67835,21.7448],[106.67784,21.744],[106.67526,21.74416],[106.67339,21.74346],[106.6724,21.74277],[106.67169,21.74117],[106.66857,21.74024],[106.66615,21.73843],[106.6643,21.73839],[106.66298,21.73676],[106.66111,21.73671],[106.65911,21.73904],[106.65891,21.74019],[106.65925,21.74219],[106.65823,21.74386],[106.65718,21.74487],[106.65475,21.74448],[106.65428,21.74344],[106.65108,21.74275],[106.6503,21.74185],[106.64726,21.74199],[106.6449,21.73921],[106.64141,21.7398],[106.64071,21.74023],[106.64032,21.74213],[106.63741,21.74495],[106.63678,21.74663],[106.63811,21.74901],[106.63889,21.74936],[106.63998,21.74921],[106.63935,21.7508],[106.63773,21.75248],[106.63812,21.75438],[106.63905,21.75609],[106.63806,21.75712],[106.63657,21.75725],[106.636,21.75769],[106.63384,21.75714],[106.63389,21.75646],[106.6331,21.75557],[106.63328,21.75352],[106.63166,21.75231],[106.63179,21.75043],[106.63106,21.74928],[106.6309,21.74754],[106.62988,21.74643],[106.62996,21.74509],[106.62907,21.74354],[106.6264,21.74063],[106.62527,21.74079],[106.62496,21.73999],[106.62399,21.73972],[106.62303,21.73858],[106.61963,21.73757],[106.61835,21.73844],[106.61833,21.7393],[106.61762,21.73967],[106.61774,21.74046],[106.6174,21.74088],[106.61527,21.74096],[106.61526,21.74026],[106.6145,21.73966],[106.61482,21.73935],[106.61166,21.73774],[106.61025,21.73802],[106.60938,21.73916],[106.60865,21.73957],[106.60765,21.73931],[106.60724,21.74018],[106.60561,21.74013],[106.60533,21.74039],[106.60451,21.73968],[106.60392,21.73808],[106.60291,21.73709],[106.60218,21.73684],[106.60318,21.73551],[106.6032,21.73449],[106.60273,21.73378],[106.6019,21.73384],[106.60121,21.73327],[106.59965,21.7332],[106.59785,21.7326],[106.59721,21.73065],[106.59672,21.73115],[106.59446,21.73128],[106.59422,21.73289],[106.59234,21.73406],[106.5934,21.73512],[106.59378,21.73658],[106.5936,21.74087],[106.59296,21.74171],[106.59132,21.74197],[106.59083,21.74251],[106.59081,21.74301],[106.59212,21.74358],[106.59257,21.74539],[106.59183,21.74652],[106.59062,21.74976],[106.58993,21.74953],[106.58886,21.74977],[106.58719,21.75104],[106.5862,21.75431],[106.58473,21.75627],[106.58403,21.75643],[106.58174,21.75568],[106.58051,21.75686],[106.57765,21.75689],[106.57556,21.7584],[106.57362,21.7607],[106.57244,21.76158],[106.57176,21.7631],[106.57064,21.76302],[106.56994,21.7637],[106.56781,21.7642],[106.56671,21.76555],[106.56567,21.76586],[106.5647,21.76574],[106.56392,21.76669],[106.56311,21.76582],[106.56089,21.76522],[106.56014,21.76529],[106.55941,21.76602],[106.55848,21.76636],[106.55537,21.76554],[106.55448,21.76551],[106.55422,21.76591],[106.55439,21.76668],[106.55707,21.76847],[106.55721,21.76982],[106.5582,21.77152],[106.55785,21.77312],[106.55843,21.77345],[106.55841,21.77444],[106.55891,21.77517],[106.55883,21.77588],[106.55818,21.7765],[106.55814,21.77701],[106.55948,21.77792],[106.5597,21.78182],[106.56074,21.78286],[106.5617,21.78478],[106.56225,21.78732],[106.56399,21.78839],[106.56472,21.7878],[106.56725,21.78728],[106.5685,21.7877],[106.57025,21.78931],[106.57099,21.78814],[106.57224,21.78777],[106.57414,21.78802],[106.57454,21.78868],[106.5755,21.79078],[106.57514,21.79127],[106.5763,21.79263],[106.57556,21.79442],[106.57557,21.79598],[106.57477,21.79718],[106.57198,21.79744],[106.57233,21.80001],[106.57302,21.80092],[106.57308,21.80228],[106.57428,21.80526],[106.57532,21.80614],[106.57711,21.8068],[106.57944,21.80662],[106.58057,21.80699],[106.58236,21.80604],[106.58442,21.80713],[106.58584,21.80728],[106.58642999999999,21.8083],[106.58675,21.81028],[106.58618,21.81312],[106.58887,21.81423],[106.58956,21.81483],[106.59024,21.81471],[106.58994,21.8161],[106.58873,21.81815],[106.59039,21.82001],[106.59163,21.82031],[106.5923,21.82003],[106.59368,21.82069],[106.5938,21.82118],[106.5947,21.82203],[106.59566,21.82208],[106.59724,21.82295],[106.59756,21.8235],[106.59771,21.82535],[106.59727,21.82701],[106.59927,21.82831],[106.59922,21.82862],[106.60056,21.82938],[106.60208,21.83087],[106.60181,21.83358],[106.60314,21.83411],[106.604,21.83412],[106.60486,21.83349],[106.60636,21.83411],[106.60694,21.83405],[106.6093,21.83305],[106.61145,21.83115],[106.6131,21.83113],[106.61408,21.83178],[106.61801,21.83157],[106.61859,21.83212],[106.61994,21.83246],[106.62047,21.83544],[106.62181,21.83667],[106.62492,21.83358],[106.62739,21.82935],[106.62678,21.82852],[106.62685,21.82775],[106.62628,21.82661],[106.62705,21.82501],[106.63104,21.82029],[106.63217,21.81961],[106.63209,21.81741],[106.63172,21.81683],[106.63237,21.81648],[106.63253,21.81463],[106.6322,21.81278],[106.63241,21.81028],[106.63189,21.80902],[106.63236,21.80642],[106.63328,21.80531],[106.63448,21.80473],[106.63582,21.80344],[106.6371,21.80309],[106.63981,21.80098],[106.64118,21.80047],[106.64173,21.79959],[106.64193,21.79842],[106.64248,21.79777],[106.64394,21.79651],[106.64545,21.79672],[106.64631,21.79625],[106.64793,21.79474],[106.64817,21.79383],[106.64868,21.79433],[106.64907,21.7943],[106.65235,21.79275],[106.65417,21.79264],[106.65547,21.79324],[106.6562,21.79324],[106.65833,21.7949],[106.65878,21.79644],[106.66043,21.79784],[106.66185,21.79849],[106.6659,21.79796],[106.66632,21.79827],[106.6666,21.79916],[106.66807,21.79955],[106.66977,21.79874],[106.67083,21.79992],[106.67352,21.79868],[106.67397,21.79816],[106.67769,21.79861],[106.67826,21.79842],[106.6789,21.79873]]]]}},
{"type":"Feature","id":"06325","properties":{"Ward_Code":"06325","Ward_Code_Num":6325,"Ward":"Bắc Sơn","Ward_Alt":"Bắc Sơn","Ward_Upper":"BẮC SƠN","Ward_Full":"Xã Bắc Sơn","Ward_Full_Alt":"Xã Bắc Sơn","Ward_Full_Upper_Alt":"XÃ BẮC SƠN","Ward_Type":"Xã","Province_Code":"20","Province":"Lạng Sơn","Province_Upper_Alt":"LẠNG SƠN"},"geometry":{"type":"MultiPolygon","coordinates":[[[[106.32607,21.9536],[106.3264,21.95328],[106.32728,21.95593],[106.32778,21.95659],[106.33169,21.95662],[106.33356,21.95488],[106.33545,21.95416],[106.33844,21.95024],[106.33678,21.94938],[106.33687,21.948],[106.33593,21.94642],[106.33631,21.94455],[106.33513,21.94421],[106.33556,21.94305],[106.33529,21.94268],[106.33808,21.94041],[106.33868,21.93889],[106.3403,21.93828],[106.34056,21.93718],[106.34296,21.93542],[106.34316,21.9339],[106.34424,21.9332],[106.34658,21.93271],[106.34892,21.92959],[106.35224,21.92681],[106.35449,21.92731],[106.3598,21.9273],[106.36048,21.92874],[106.36218,21.93018],[106.36245,21.93219],[106.36684,21.93357],[106.3673,21.93342],[106.36844,21.93089],[106.3708,21.92947],[106.37689,21.93064],[106.37788,21.93166],[106.37955,21.93201],[106.37992,21.93142],[106.38555,21.9288],[106.38957,21.92806],[106.38972,21.92714],[106.38684,21.92516],[106.38715,21.92397],[106.38806,21.92267],[106.38968,21.92156],[106.39088,21.91991],[106.3911,21.9173],[106.39218,21.91671],[106.39209,21.9153],[106.39423,21.91353],[106.39558,21.91309],[106.39511,21.91196],[106.3934,21.90999],[106.39333,21.90881],[106.39277,21.9082],[106.39251,21.9067],[106.39172,21.90549],[106.39146,21.90148],[106.39182,21.90042],[106.39078,21.899539999999998],[106.39128,21.89752],[106.39059,21.89594],[106.39109,21.89519],[106.39174,21.89508],[106.39214,21.89431],[106.3912,21.8935],[106.39096,21.89254],[106.3888,21.8917],[106.3833,21.89237],[106.38119,21.89324],[106.38064,21.89248],[106.37982,21.89231],[106.37819,21.88962],[106.37598,21.88816],[106.37548,21.88654],[106.3728,21.88674],[106.37098,21.88603],[106.36953,21.8864],[106.367,21.8861],[106.36705,21.88459],[106.36854,21.88367],[106.36842,21.88259],[106.36884,21.88103],[106.36815,21.87943],[106.36859,21.87868],[106.36739,21.87784],[106.36518,21.87745],[106.36577,21.87615],[106.3655,21.87226],[106.36486,21.87087],[106.36488,21.86947],[106.36376,21.86745],[106.36374,21.86649],[106.36267,21.86586],[106.36081,21.86548],[106.36025,21.86609],[106.3571,21.867],[106.35638,21.86608],[106.35432,21.86624],[106.35211,21.86421],[106.35271,21.86669],[106.35249,21.86949],[106.35034,21.87111],[106.3478,21.87182],[106.34771,21.87264],[106.34695,21.8736],[106.34634,21.87391],[106.34499,21.87384],[106.3443,21.8751],[106.34276,21.87599],[106.34114,21.87454],[106.33989,21.87452],[106.33831,21.87393],[106.33584,21.87448],[106.33448,21.87371],[106.33335,21.87364],[106.33242,21.87403],[106.3316,21.87504],[106.3306,21.87565],[106.32857,21.8787],[106.3281,21.87894],[106.32563,21.87917],[106.32484,21.87645],[106.32291,21.87599],[106.32106,21.87492],[106.32038,21.87218],[106.31798,21.86981],[106.31522,21.87138],[106.31419,21.87303],[106.3121,21.87338],[106.30997,21.87305],[106.30916,21.87456],[106.30831,21.87514],[106.30724,21.87468],[106.30556,21.87307],[106.30342,21.874],[106.30201,21.87507],[106.30021,21.8756],[106.29763,21.8758],[106.29692,21.87724],[106.2956,21.87814],[106.29781,21.88162],[106.29651,21.88233],[106.29809,21.88338],[106.29707,21.88442],[106.2966,21.88739],[106.29564,21.89022],[106.29284,21.89074],[106.29102,21.89172],[106.28842,21.89241],[106.28796,21.89498],[106.28907,21.89682],[106.29064,21.89666],[106.292,21.89771],[106.2917,21.90044],[106.29258,21.90013],[106.29423,21.90022],[106.2955,21.90083],[106.29622,21.90196],[106.29912,21.90427],[106.29956,21.90559],[106.29946,21.90762],[106.30005,21.90862],[106.30034,21.91058],[106.29933,21.91024],[106.29868,21.91124],[106.29795,21.91164],[106.29757,21.91246],[106.29705,21.91261],[106.29242,21.91304],[106.29135,21.91255],[106.29066,21.91342],[106.28612,21.91397],[106.2859,21.91632],[106.2852,21.91772],[106.28637,21.92053],[106.28483,21.92191],[106.27914,21.92248],[106.27772,21.92084],[106.27544,21.92101],[106.27377,21.92078],[106.27262,21.92015],[106.27196,21.91928],[106.27004,21.91873],[106.26851,21.91866],[106.26762,21.9171],[106.26643,21.91891],[106.26458,21.9196],[106.26211,21.91881],[106.25956,21.91728],[106.25739,21.91779],[106.25705,21.91824],[106.25614,21.91828],[106.25543,21.91883],[106.25241,21.91929],[106.25238,21.92043],[106.25113,21.92188],[106.24935,21.92156],[106.24771,21.92278],[106.24762,21.92547],[106.24642,21.92658],[106.24511,21.92719],[106.24488,21.92878],[106.24414,21.92984],[106.2442,21.93073],[106.24527,21.93352],[106.24666,21.93411],[106.24708,21.9352],[106.2481,21.93594],[106.24846,21.9367],[106.24729,21.93794],[106.24447,21.93836],[106.24342,21.9392],[106.24252,21.93936],[106.24152,21.94049],[106.2421,21.94156],[106.24183,21.9428],[106.24686,21.94244],[106.24817,21.94142],[106.25014,21.94286],[106.25213,21.94293],[106.25346,21.94421],[106.25469,21.94391],[106.2568,21.94466],[106.25824,21.9447],[106.25894,21.94338],[106.26167,21.94182],[106.26185,21.93866],[106.26293,21.93839],[106.26338,21.9359],[106.26502,21.93516],[106.26495,21.93441],[106.26439,21.93367],[106.26532,21.93278],[106.26741,21.93169],[106.27011,21.93196],[106.27425,21.93134],[106.27584,21.93094],[106.27836,21.92943],[106.2797,21.92925],[106.28056,21.93017],[106.2803,21.93162],[106.28271,21.93179],[106.28455,21.93278],[106.28757,21.93273],[106.28927,21.93148],[106.29035,21.93145],[106.29138,21.93101],[106.29346,21.93143],[106.29492,21.93316],[106.29609,21.93357],[106.29737,21.93473],[106.29653,21.93932],[106.29549,21.9402],[106.29404,21.94071],[106.29679,21.94312],[106.29906,21.94386],[106.30016,21.94649],[106.30219,21.94769],[106.30372,21.94971],[106.30401,21.95042],[106.30187,21.9521],[106.30331,21.9534],[106.30401,21.95356],[106.30525,21.95555],[106.30536,21.95867],[106.30735,21.95885],[106.30916,21.95942],[106.31021,21.96033],[106.31316,21.96085],[106.31613,21.96279],[106.31888,21.96129],[106.32028,21.96093],[106.32123,21.95977],[106.32254,21.95922],[106.3227,21.95701],[106.32495,21.95432],[106.32607,21.9536]]]]}},
{"type":"Feature","id":"06337","properties":{"Ward_Code":"06337","Ward_Code_Num":6337,"Ward":"Tân Tri","Ward_Alt":"Tân Tri","Ward_Upper":"TÂN TRI","Ward_Full":"Xã Tân Tri","Ward_Full_Alt":"Xã Tân Tri","Ward_Full_Upper_Alt":"XÃ TÂN TRI","Ward_Type":"Xã","Province_Code":"20","Province":"Lạng Sơn","Province_Upper_Alt":"LẠNG SƠN"},"geometry":{"type":"MultiPolygon","coordinates":[[[[106.22507,21.94747],[106.23046,21.94578],[106.231,21.9449],[106.23158,21.94477],[106.23146,21.94428],[106.23201,21.94379],[106.23276,21.9448],[106.23384,21.94464],[106.23638,21.94521],[106.2384,21.94402],[106.23961,21.94409],[106.24089,21.94374],[106.24211,21.94218],[106.24206,21.94139],[106.24152,21.94049],[106.24241,21.93944],[106.24342,21.9392],[106.24447,21.93836],[106.2461,21.9383],[106.24739,21.93785],[106.24846,21.93651],[106.24708,21.9352],[106.24666,21.93411],[106.24527,21.93352],[106.2442,21.93073],[106.24414,21.92984],[106.24488,21.92878],[106.24511,21.92719],[106.24642,21.92658],[106.24762,21.92547],[106.24771,21.92278],[106.24935,21.92156],[106.25113,21.92188],[106.25238,21.92043],[106.25241,21.91929],[106.25543,21.91883],[106.25614,21.91828],[106.25705,21.91824],[106.25739,21.91779],[106.25956,21.91728],[106.26211,21.91881],[106.26458,21.9196],[106.26643,21.91891],[106.26762,21.9171],[106.26851,21.91866],[106.27004,21.91873],[106.27196,21.91928],[106.27262,21.92015],[106.27377,21.92078],[106.27544,21.92101],[106.27772,21.92084],[106.27914,21.92248],[106.28497,21.92187],[106.28637,21.92053],[106.2852,21.91772],[106.2859,21.91632],[106.28612,21.91397],[106.29066,21.91342],[106.29135,21.91255],[106.29242,21.91304],[106.29705,21.91261],[106.29757,21.91246],[106.29795,21.91164],[106.29868,21.91124],[106.29933,21.91024],[106.30034,21.91058],[106.30005,21.90862],[106.29946,21.90762],[106.29956,21.90559],[106.29912,21.90427],[106.29622,21.90196],[106.2955,21.90083],[106.29423,21.90022],[106.29258,21.90013],[106.2917,21.90044],[106.292,21.89771],[106.29064,21.89666],[106.28907,21.89682],[106.28796,21.89498],[106.28571,21.89461],[106.28178,21.89486],[106.27955,21.89606],[106.27791,21.89644],[106.27503,21.8959],[106.27207,21.89691],[106.27042,21.8971],[106.26842,21.89666],[106.2663,21.89689],[106.26479,21.89513],[106.26619,21.89372],[106.26512,21.89339],[106.26259,21.89295],[106.26136,21.8933],[106.25917,21.89457],[106.25792,21.89226],[106.25693,21.89121],[106.25772,21.88925],[106.25369,21.88801],[106.25278,21.88668],[106.25137,21.88622],[106.24987,21.88448],[106.2497,21.88257],[106.24793,21.88116],[106.24751,21.88102],[106.24638,21.88155],[106.24456,21.88367],[106.24329,21.8834],[106.24216,21.88249],[106.2411,21.88227],[106.24009,21.88161],[106.23962,21.88002],[106.23772,21.87909],[106.23426,21.88108],[106.234,21.88262],[106.23309,21.88314],[106.23162,21.88341],[106.22994,21.88285],[106.22996,21.88052],[106.22941,21.88001],[106.2285,21.87993],[106.22693,21.88111],[106.22532,21.88114],[106.22462,21.88165],[106.22232,21.88166],[106.22252,21.88017],[106.22317,21.8795],[106.22297,21.87887],[106.22182,21.8778],[106.22106,21.87834],[106.21812,21.87806],[106.21473,21.87624],[106.21216,21.87381],[106.21175,21.87366],[106.21024,21.87414],[106.20675,21.87389],[106.2044,21.87117],[106.20052,21.86983],[106.19967,21.87013],[106.19889,21.8699],[106.19664,21.86839],[106.19589,21.86752],[106.19586,21.86625],[106.19524,21.86474],[106.19539,21.86192],[106.19422,21.86103],[106.1928,21.85892],[106.19033,21.85848],[106.18884,21.85864],[106.1877,21.85786],[106.18614,21.85759],[106.18465,21.85813],[106.18368,21.85773],[106.18112,21.85555],[106.18136,21.85329],[106.18046,21.85226],[106.17753,21.85064],[106.1767,21.85057],[106.17652,21.8478],[106.17679,21.84612],[106.17455,21.84487],[106.17281,21.84478],[106.17223,21.84322],[106.17058,21.84064],[106.17107,21.83933],[106.17065,21.83889],[106.16766,21.83723],[106.16628,21.83686],[106.16559,21.83616],[106.1654,21.83538],[106.16288,21.83666],[106.16152,21.83671],[106.16004,21.83746],[106.15932,21.83484],[106.15937,21.83404],[106.15629,21.83378],[106.15562,21.83292],[106.15484,21.83086],[106.15179,21.82915],[106.15076,21.82902],[106.15044,21.82855],[106.14967,21.82834],[106.14816,21.8255],[106.14777,21.82394],[106.14679,21.82283],[106.14401,21.82182],[106.14229,21.82173],[106.14103,21.82042],[106.13822,21.81961],[106.13769,21.81915],[106.13527,21.8194],[106.13364,21.81991],[106.13049,21.81942],[106.12997,21.81866],[106.12642,21.81621],[106.12636,21.81528],[106.12734,21.81486],[106.12804,21.8128],[106.12673,21.81206],[106.12636,21.81097],[106.12498,21.80957],[106.12543,21.80869],[106.12541,21.80726],[106.12458,21.8065],[106.12331,21.806],[106.12135,21.80631],[106.12065,21.80546],[106.11725,21.80478],[106.11295,21.80471],[106.11145,21.80541],[106.11113,21.80586],[106.1079,21.80512],[106.1061,21.80405],[106.10607,21.80513],[106.105,21.80578],[106.10311,21.80881],[106.10104,21.81088],[106.09812,21.81276],[106.09763,21.81562],[106.0959,21.81836],[106.09531,21.81998],[106.09555,21.8213],[106.09738,21.82312],[106.09868,21.82347],[106.09968,21.82443],[106.10058,21.8247],[106.1012,21.82563],[106.10111,21.82677],[106.10011,21.82883],[106.10091,21.83018],[106.1024,21.83122],[106.10557,21.83074],[106.10738,21.83127],[106.10786,21.83177],[106.10815,21.83242],[106.10811,21.83486],[106.10855,21.83587],[106.10646,21.83846],[106.10627,21.83968],[106.10657,21.84068],[106.10727,21.84109],[106.10885,21.84116],[106.11103,21.84073],[106.11185,21.84021],[106.11467,21.84057],[106.1167,21.84134],[106.11832,21.84356],[106.11798,21.84483],[106.11606,21.84664],[106.11153,21.8499],[106.11208,21.85127],[106.11223,21.85276],[106.11309,21.85428],[106.11173,21.85669],[106.11188,21.85888],[106.11076,21.85992],[106.11046,21.86101],[106.11095,21.86176],[106.11076,21.86274],[106.11128,21.86327],[106.11102,21.86441],[106.11172,21.86494],[106.11173,21.8658],[106.11366,21.86684],[106.11343,21.86876],[106.11468,21.86885],[106.1154,21.87023],[106.11541,21.87426],[106.11514,21.87475],[106.1142,21.87488],[106.11375,21.8755],[106.11429,21.87648],[106.11573,21.87735],[106.11628,21.8806],[106.11558,21.88218],[106.11484,21.88275],[106.11381,21.88524],[106.11371,21.88578],[106.11408,21.88652],[106.11302,21.8907],[106.11471,21.89172],[106.11499,21.89457],[106.11622,21.89489],[106.11749,21.89595],[106.11821,21.89594],[106.1199,21.89691],[106.12118,21.89664],[106.12252,21.89686],[106.12352,21.89763],[106.12389,21.89882],[106.12723,21.89878],[106.12821,21.90028],[106.128,21.901],[106.12847,21.90189],[106.12952,21.90294],[106.13027,21.90321],[106.13004,21.90421],[106.13092,21.90547],[106.132,21.90575],[106.13413,21.90515],[106.13502,21.90528],[106.13723,21.90889],[106.13762,21.91112],[106.139,21.91113],[106.14009,21.91186],[106.14115,21.91202],[106.14186,21.91317],[106.14339,21.91322],[106.14596,21.91546],[106.14729,21.91497],[106.14808,21.91327],[106.14982,21.91284],[106.1508,21.91101],[106.15396,21.91056],[106.15593,21.9092],[106.15728,21.91036],[106.15856,21.91017],[106.1593,21.91106],[106.16142,21.91119],[106.16204,21.91235],[106.16352,21.9126],[106.1645,21.91342],[106.16574,21.91303],[106.16696,21.91323],[106.16812,21.91257],[106.16958,21.91264],[106.17019,21.91198],[106.17354,21.91041],[106.17469,21.90877],[106.17727,21.91392],[106.17652,21.91486],[106.1759,21.91824],[106.17679,21.91942],[106.17528,21.92135],[106.17452,21.92373],[106.17452,21.92508],[106.17393,21.92577],[106.1742,21.92691],[106.17377,21.92827],[106.17503,21.93025],[106.17531,21.93125],[106.17719,21.93304],[106.1793,21.93434],[106.17868,21.93555],[106.17862,21.93765],[106.1805,21.93814],[106.18129,21.9393],[106.18116,21.94114],[106.18039,21.94376],[106.18071,21.9443],[106.18212,21.94453],[106.183,21.94512],[106.18438,21.94512],[106.18754,21.94274],[106.19031,21.94398],[106.19087,21.9445],[106.19132,21.94572],[106.192,21.94622],[106.19517,21.94487],[106.19574,21.94425],[106.19959,21.94337],[106.2022,21.9439],[106.20357,21.94452],[106.20476,21.94653],[106.20629,21.94588],[106.20942,21.94612],[106.21082,21.94716],[106.2122,21.94694],[106.21307,21.94807],[106.21466,21.94767],[106.21591,21.94838],[106.21715,21.94783],[106.21939,21.94749],[106.22065,21.9486],[106.22155,21.9489],[106.22363,21.94781],[106.22507,21.94747]]]]}},
{"type":"Feature","id":"06349","properties":{"Ward_Code":"06349","Ward_Code_Num":6349,"Ward":"Hưng Vũ","Ward_Alt":"Hưng Vũ","Ward_Upper":"HƯNG VŨ","Ward_Full":"Xã Hưng Vũ","Ward_Full_Alt":"Xã Hưng Vũ","Ward_Full_Upper_Alt":"XÃ HƯNG VŨ","Ward_Type":"Xã","Province_Code":"20","Province":"Lạng Sơn","Province_Upper_Alt":"LẠNG SƠN"},"geometry":{"type":"MultiPolygon","coordinates":[[[[106.38368,21.89231],[106.38546,21.8923],[106.3888,21.8917],[106.38772,21.88975],[106.38796,21.88854],[106.39056,21.88746],[106.39163,21.88735],[106.39279,21.8878],[106.39482,21.88742],[106.39801,21.88547],[106.40281,21.88463],[106.40456,21.88476],[106.40722,21.88592],[106.40886,21.8839],[106.41048,21.88334],[106.40913,21.88117],[106.41065,21.87944],[106.41047,21.87765],[106.41261,21.87563],[106.41307,21.8749],[106.41325,21.87369],[106.41491,21.87235],[106.41658,21.86939],[106.41885,21.86805],[106.41852,21.86521],[106.4158,21.86471],[106.41618,21.86297],[106.41499,21.86288],[106.41417,21.86183],[106.41271,21.86103],[106.41018,21.8618],[106.40963,21.85914],[106.40984,21.85761],[106.40952,21.85659],[106.40736,21.85412],[106.40763,21.85285],[106.40922,21.85002],[106.40776,21.84684],[106.40827,21.84638],[106.40797,21.84546],[106.40838,21.84438],[106.41101,21.84262],[106.41289,21.84267],[106.41611,21.84158],[106.41704,21.83998],[106.4168,21.83923],[106.41819,21.83656],[106.41519,21.83592],[106.41477,21.83546],[106.41208,21.83594],[106.41117,21.8354],[106.41061,21.83326],[106.40953,21.83179],[106.40913,21.83063],[106.41039,21.82822],[106.41008,21.826],[106.40754,21.82582],[106.40717,21.82331],[106.40548,21.82099],[106.40397,21.81672],[106.40472,21.81443],[106.40668,21.81278],[106.4073,21.81108],[106.40823,21.810669999999998],[106.41005,21.8082],[106.40828,21.8069],[106.40717,21.8056],[106.40492,21.80476],[106.40481,21.80217],[106.40431,21.8006],[106.40567,21.79815],[106.4055,21.79718],[106.40422,21.79704],[106.40375,21.79583],[106.40288,21.7953],[106.40261,21.79404],[106.40265,21.79227],[106.40596,21.7897],[106.4075,21.78942],[106.40865,21.78812],[106.40876,21.78738],[106.4089,21.78601],[106.40706,21.78658],[106.40319,21.78274],[106.40332,21.78219],[106.4047,21.78208],[106.40642,21.78113],[106.40765,21.78008],[106.40798,21.77924],[106.4064,21.77838],[106.40503,21.77693],[106.40531,21.77378],[106.40435,21.77194],[106.40404,21.77043],[106.40471,21.76972],[106.4051,21.7682],[106.40333,21.76639],[106.40447,21.76602],[106.40487,21.76412],[106.40617,21.76356],[106.40665,21.76298],[106.4058,21.76134],[106.40634,21.75998],[106.40456,21.75902],[106.40217,21.7592],[106.39982,21.75648],[106.39752,21.7559],[106.39706,21.75608],[106.39472,21.75515],[106.39463,21.75368],[106.39274,21.75207],[106.38882,21.75056],[106.38742,21.75072],[106.38626,21.75001],[106.3849,21.75104],[106.3844,21.75225],[106.3843,21.75403],[106.38486,21.75481],[106.38187,21.75519],[106.37957,21.75492],[106.37858,21.75346],[106.37688,21.75277],[106.37636,21.75153],[106.37446,21.74927],[106.37424,21.74836],[106.37243,21.74688],[106.37072,21.74404],[106.37124,21.74278],[106.37422,21.742],[106.37488,21.73863],[106.37453,21.73754],[106.37251,21.73564],[106.3727,21.7347],[106.37171,21.73388],[106.37114,21.73084],[106.36964,21.73031],[106.36875,21.73036],[106.36806,21.73102],[106.36637,21.73159],[106.36525,21.73161],[106.36441,21.73231],[106.36396,21.73318],[106.36297,21.73318],[106.36236,21.73225],[106.36107,21.73194],[106.35941,21.72963],[106.35797,21.72877],[106.35735,21.72602],[106.35583,21.7257],[106.35249,21.72359],[106.35214,21.72205],[106.35087,21.71991],[106.34882,21.71978],[106.34795,21.71902],[106.34713,21.71742],[106.34614,21.71763],[106.34508,21.71701],[106.34457,21.71617],[106.34468,21.71514],[106.34362,21.714],[106.34365,21.71293],[106.34077,21.71226],[106.33854,21.7107],[106.33691,21.71116],[106.33506,21.71117],[106.33426,21.7122],[106.33191,21.71355],[106.33044,21.71595],[106.32936,21.71708],[106.3272,21.7179],[106.32564,21.71957],[106.32588,21.72136],[106.32552,21.72249],[106.32567,21.72479],[106.32492,21.72679],[106.32294,21.72812],[106.32306,21.73198],[106.32181,21.73433],[106.32194,21.73577],[106.32103,21.73699],[106.32066,21.7382],[106.31956,21.73868],[106.31749,21.74192],[106.31847,21.74444],[106.32023,21.74638],[106.32172,21.74736],[106.32289,21.74989],[106.32397,21.75056],[106.32388,21.75138],[106.32197,21.75537],[106.32211,21.757],[106.32186,21.75745],[106.31904,21.7596],[106.31832,21.76119],[106.31594,21.76225],[106.31543,21.76272],[106.3153,21.76346],[106.31545,21.7639],[106.31663,21.76398],[106.3176,21.76492],[106.3188,21.7646],[106.31964,21.76579],[106.31944,21.76868],[106.32054,21.77049],[106.31994,21.77205],[106.32076,21.77354],[106.32073,21.77448],[106.32208,21.77618],[106.32289,21.77639],[106.32329,21.77829],[106.32382,21.7783],[106.32407,21.77794],[106.32549,21.77796],[106.3267,21.77889],[106.32729,21.77883],[106.32712,21.77907],[106.32784,21.77995],[106.329,21.78014],[106.32987,21.78099],[106.33062,21.78286],[106.3305,21.78422],[106.3311,21.7851],[106.33126,21.7867],[106.33403,21.78848],[106.33272,21.79025],[106.33368,21.79153],[106.33189,21.79147],[106.33167,21.79235],[106.33032,21.79334],[106.3291,21.79581],[106.32865,21.79844],[106.32738,21.80203],[106.32885,21.80403],[106.32571,21.8059],[106.3252,21.80674],[106.32374,21.80778],[106.32386,21.80896],[106.32254,21.81032],[106.32378,21.81156],[106.32417,21.81308],[106.3255,21.81358],[106.32707,21.81512],[106.32952,21.81525],[106.33014,21.81556],[106.33037,21.8171],[106.32881,21.81906],[106.33043,21.82204],[106.32855,21.82441],[106.32944,21.82671],[106.32722,21.8282],[106.32728,21.82933],[106.32647,21.83338],[106.32662,21.83412],[106.32564,21.83526],[106.32556,21.83604],[106.32384,21.83769],[106.322,21.83811],[106.32025,21.83944],[106.31961,21.84039],[106.31812,21.84078],[106.31598,21.84227],[106.31475,21.84471],[106.31402,21.84524],[106.31447,21.84547],[106.31479,21.84669],[106.31597,21.84728],[106.3179,21.8475],[106.31937,21.84809],[106.3214,21.84727],[106.3241,21.84685],[106.32463,21.84862],[106.32542,21.84885],[106.32598,21.84963],[106.32652,21.85191],[106.32627,21.85283],[106.32744,21.85248],[106.3285,21.8529],[106.32884,21.85164],[106.32938,21.85118],[106.33002,21.85174],[106.33236,21.85224],[106.3337,21.85399],[106.33356,21.85545],[106.3342,21.85613],[106.33561,21.8565],[106.336,21.85715],[106.33732,21.85805],[106.33755,21.85862],[106.3384,21.85849],[106.33881,21.85942],[106.33956,21.85998],[106.3402,21.86001],[106.34068,21.8594],[106.34195,21.859],[106.34279,21.85903],[106.34371,21.85972],[106.34492,21.85959],[106.34642,21.86146],[106.34926,21.86192],[106.35406,21.86609],[106.35451,21.8663],[106.35638,21.86608],[106.3571,21.867],[106.36025,21.86609],[106.36118,21.86544],[106.36374,21.86649],[106.36376,21.86745],[106.36488,21.86947],[106.36486,21.87087],[106.3655,21.87226],[106.36581,21.87445],[106.36577,21.87615],[106.36518,21.87745],[106.36739,21.87784],[106.36859,21.87868],[106.36815,21.87943],[106.36884,21.88103],[106.36842,21.88259],[106.36854,21.88367],[106.36705,21.88459],[106.367,21.8861],[106.36953,21.8864],[106.37098,21.88603],[106.3728,21.88674],[106.3754,21.8865],[106.37598,21.88816],[106.37819,21.88962],[106.37982,21.89231],[106.38064,21.89248],[106.38141,21.89327],[106.38368,21.89231]]]]}},
{"type":"Feature","id":"06364","properties":{"Ward_Code":"06364","Ward_Code_Num":6364,"Ward":"Vũ Lễ","Ward_Alt":"Vũ Lễ","Ward_Upper":"VŨ LỄ","Ward_Full":"Xã Vũ Lễ","Ward_Full_Alt":"Xã Vũ Lễ","Ward_Full_Upper_Alt":"XÃ VŨ LỄ","Ward_Type":"Xã","Province_Code":"20","Province":"Lạng Sơn","Province_Upper_Alt":"LẠNG SƠN"},"geometry":{"type":"MultiPolygon","coordinates":[[[[106.24751,21.88102],[106.24779,21.87918],[106.24893,21.87829],[106.24912,21.87753],[106.24857,21.87659],[106.24816,21.87358],[106.24777,21.87324],[106.24877,21.8719],[106.24852,21.87103],[106.24884,21.87038],[106.24807,21.86851],[106.24959,21.86607],[106.24782,21.86568],[106.2469,21.86442],[106.24598,21.86417],[106.24508,21.86259],[106.24364,21.86173],[106.24286,21.85966],[106.24331,21.8582],[106.24186,21.85514],[106.24152,21.8534],[106.2417,21.85152],[106.24241,21.85071],[106.23999,21.84918],[106.23888,21.84892],[106.23771,21.84756],[106.23511,21.84732],[106.23378,21.84792],[106.23138,21.84721],[106.23118,21.84514],[106.2299,21.84433],[106.22932,21.8435],[106.2301,21.84217],[106.23079,21.84168],[106.23057,21.83972],[106.2288,21.83984],[106.22767,21.83954],[106.22704,21.83881],[106.22675,21.83721],[106.22469,21.83434],[106.2225,21.83242],[106.22263,21.83147],[106.22135,21.83103],[106.22128,21.82961],[106.21973,21.8289],[106.21733,21.82847],[106.21711,21.82701],[106.2179,21.82524],[106.2178,21.82456],[106.21822,21.8233],[106.21882,21.82263],[106.21832,21.82209],[106.22227,21.81831],[106.22448,21.81819],[106.22444,21.81477],[106.2251,21.81294],[106.22523,21.81146],[106.22392,21.81074],[106.22485,21.80944],[106.22198,21.80723],[106.2208,21.80764],[106.21994,21.80747],[106.21921,21.80708],[106.21814,21.80538],[106.21568,21.80562],[106.21371,21.80517],[106.21133,21.80404],[106.21254,21.80401],[106.21308,21.80354],[106.21375,21.80169],[106.21491,21.80028],[106.21624,21.79595],[106.21917,21.79231],[106.21941,21.78821],[106.21808,21.7858],[106.21666,21.78155],[106.21428,21.78163],[106.21228,21.78304],[106.21038,21.78368],[106.20871,21.78333],[106.20038,21.7791],[106.20033,21.77797],[106.1938,21.77545],[106.19073,21.77342],[106.18649,21.77151],[106.18377,21.77104],[106.18233,21.76939],[106.17881,21.76755],[106.17783,21.76558],[106.17734,21.76264],[106.17701,21.76227],[106.17716,21.76012],[106.17784,21.75886],[106.17663,21.75618],[106.17582,21.75209],[106.17518,21.75147],[106.17516,21.75001],[106.1746,21.74902],[106.17331,21.7505],[106.17147,21.7497],[106.16842,21.74982],[106.16772,21.7515],[106.16667,21.75238],[106.16623,21.75404],[106.16538,21.75541],[106.16278,21.75508],[106.16138,21.75536],[106.16015,21.75518],[106.15949,21.75628],[106.15913,21.75662],[106.15885,21.75648],[106.15782,21.75855],[106.15492,21.76099],[106.15457,21.76163],[106.1541,21.76087],[106.15345,21.7605],[106.15144,21.76041],[106.14932,21.76129],[106.14839,21.7651],[106.14861,21.76731],[106.14572,21.76926],[106.14486,21.77192],[106.14394,21.77326],[106.14398,21.77396],[106.14166,21.77549],[106.13938,21.77787],[106.13891,21.78018],[106.13759,21.78237],[106.13786,21.78469],[106.13687,21.78456],[106.13512,21.78542],[106.13313,21.78552],[106.13265,21.78545],[106.13225,21.78473],[106.12985,21.78458],[106.12862,21.78379],[106.12847,21.78334],[106.12752,21.78296],[106.12639,21.78288],[106.12504,21.7834],[106.12347,21.78318],[106.12144,21.78345],[106.11992,21.78168],[106.11865,21.78091],[106.11799,21.78217],[106.1172,21.78247],[106.11592,21.78238],[106.11317,21.78147],[106.11115,21.78188],[106.11244,21.78344],[106.11185,21.78641],[106.11099,21.78778],[106.11094,21.78852],[106.1081,21.78919],[106.10641,21.79073],[106.10609,21.79229],[106.10689,21.79373],[106.1063,21.79958],[106.1069,21.80175],[106.10773,21.80321],[106.1061,21.80405],[106.1079,21.80512],[106.11113,21.80586],[106.11145,21.80541],[106.11295,21.80471],[106.11725,21.80478],[106.12065,21.80546],[106.12135,21.80631],[106.12331,21.806],[106.12458,21.8065],[106.12541,21.80726],[106.12543,21.80869],[106.12498,21.80957],[106.12636,21.81097],[106.12673,21.81206],[106.12804,21.8128],[106.12734,21.81486],[106.12636,21.81528],[106.12642,21.81621],[106.12997,21.81866],[106.13049,21.81942],[106.13364,21.81991],[106.13527,21.8194],[106.13769,21.81915],[106.13822,21.81961],[106.14103,21.82042],[106.14229,21.82173],[106.14401,21.82182],[106.14679,21.82283],[106.14777,21.82394],[106.14816,21.8255],[106.14967,21.82834],[106.15044,21.82855],[106.15076,21.82902],[106.15179,21.82915],[106.15484,21.83086],[106.15562,21.83292],[106.15629,21.83378],[106.15937,21.83404],[106.15932,21.83484],[106.16004,21.83746],[106.16152,21.83671],[106.16288,21.83666],[106.1654,21.83538],[106.16559,21.83616],[106.16628,21.83686],[106.16766,21.83723],[106.17065,21.83889],[106.17107,21.83933],[106.17058,21.84064],[106.17223,21.84322],[106.17281,21.84478],[106.17455,21.84487],[106.17679,21.84612],[106.17652,21.8478],[106.1767,21.85057],[106.17753,21.85064],[106.18046,21.85226],[106.18136,21.85329],[106.18112,21.85555],[106.18368,21.85773],[106.18465,21.85813],[106.18614,21.85759],[106.1877,21.85786],[106.18884,21.85864],[106.19033,21.85848],[106.1928,21.85892],[106.19422,21.86103],[106.19539,21.86192],[106.19524,21.86474],[106.19586,21.86625],[106.19589,21.86752],[106.19664,21.86839],[106.19889,21.8699],[106.19967,21.87013],[106.20052,21.86983],[106.2044,21.87117],[106.20675,21.87389],[106.21024,21.87414],[106.21175,21.87366],[106.21216,21.87381],[106.21473,21.87624],[106.21812,21.87806],[106.22106,21.87834],[106.22182,21.8778],[106.22297,21.87887],[106.22317,21.8795],[106.22252,21.88017],[106.22232,21.88166],[106.22462,21.88165],[106.22532,21.88114],[106.22693,21.88111],[106.2285,21.87993],[106.22941,21.88001],[106.22996,21.88052],[106.22994,21.88285],[106.23162,21.88341],[106.23309,21.88314],[106.234,21.88262],[106.23426,21.88108],[106.23772,21.87909],[106.23962,21.88002],[106.24009,21.88161],[106.2411,21.88227],[106.24216,21.88249],[106.24329,21.8834],[106.24456,21.88367],[106.24631,21.88161],[106.24751,21.88102]]]]}},
{"type":"Feature","id":"06367","properties":{"Ward_Code":"06367","Ward_Code_Num":6367,"Ward":"Vũ Lăng","Ward_Alt":"Vũ Lăng","Ward_Upper":"VŨ LĂNG","Ward_Full":"Xã Vũ Lăng","Ward_Full_Alt":"Xã Vũ Lăng","Ward_Full_Upper_Alt":"XÃ VŨ LĂNG","Ward_Type":"Xã","Province_Code":"20","Province":"Lạng Sơn","Province_Upper_Alt":"LẠNG SƠN"},"geometry":{"type":"MultiPolygon","coordinates":[[[[106.27265,21.89664],[106.27503,21.8959],[106.27791,21.89644],[106.27955,21.89606],[106.28178,21.89486],[106.28571,21.89461],[106.28796,21.89498],[106.28842,21.89241],[106.29102,21.89172],[106.29284,21.89074],[106.29564,21.89022],[106.2966,21.88739],[106.29707,21.88442],[106.29809,21.88338],[106.29651,21.88233],[106.29781,21.88162],[106.2956,21.87814],[106.29692,21.87724],[106.29763,21.8758],[106.30021,21.8756],[106.30201,21.87507],[106.30507,21.8732],[106.30556,21.87307],[106.30724,21.87468],[106.30831,21.87514],[106.30916,21.87456],[106.30997,21.87305],[106.3121,21.87338],[106.31419,21.87303],[106.31528,21.87133],[106.31806,21.86982],[106.3205,21.87238],[106.32106,21.87492],[106.32291,21.87599],[106.32484,21.87645],[106.32563,21.87917],[106.32842,21.87885],[106.3306,21.87565],[106.3316,21.87504],[106.33242,21.87403],[106.33335,21.87364],[106.33448,21.87371],[106.33584,21.87448],[106.33831,21.87393],[106.33989,21.87452],[106.34114,21.87454],[106.34279,21.87598],[106.3443,21.8751],[106.34499,21.87384],[106.34634,21.87391],[106.34703,21.87354],[106.34771,21.87264],[106.3478,21.87182],[106.35034,21.87111],[106.35249,21.86949],[106.35271,21.86669],[106.35211,21.86421],[106.34926,21.86192],[106.34642,21.86146],[106.34507,21.85967],[106.34342,21.85965],[106.34279,21.85903],[106.34137,21.85907],[106.3402,21.86001],[106.33956,21.85998],[106.33881,21.85942],[106.3384,21.85849],[106.33755,21.85862],[106.33732,21.85805],[106.336,21.85715],[106.33561,21.8565],[106.3342,21.85613],[106.33356,21.85545],[106.3337,21.85399],[106.33217,21.85215],[106.33002,21.85174],[106.32938,21.85118],[106.32884,21.85164],[106.3285,21.8529],[106.32744,21.85248],[106.32627,21.85283],[106.32652,21.85191],[106.32598,21.84963],[106.32542,21.84885],[106.32463,21.84862],[106.3241,21.84685],[106.3214,21.84727],[106.31937,21.84809],[106.3179,21.8475],[106.31597,21.84728],[106.31479,21.84669],[106.31447,21.84547],[106.31402,21.84524],[106.31475,21.84471],[106.31598,21.84227],[106.31812,21.84078],[106.31961,21.84039],[106.32025,21.83944],[106.322,21.83811],[106.32384,21.83769],[106.32556,21.83604],[106.32564,21.83526],[106.32662,21.83412],[106.32647,21.83338],[106.32728,21.82933],[106.32722,21.8282],[106.32944,21.82671],[106.32855,21.82441],[106.33044,21.82194],[106.32881,21.81906],[106.33037,21.8171],[106.33014,21.81556],[106.32952,21.81525],[106.32707,21.81512],[106.3255,21.81358],[106.32417,21.81308],[106.32378,21.81156],[106.32254,21.81032],[106.32386,21.80896],[106.32374,21.80778],[106.3252,21.80674],[106.32571,21.8059],[106.32885,21.80403],[106.32738,21.80203],[106.32865,21.79844],[106.3291,21.79581],[106.33032,21.79334],[106.33167,21.79235],[106.33189,21.79147],[106.33368,21.79153],[106.33272,21.79025],[106.33403,21.78848],[106.33126,21.7867],[106.3311,21.7851],[106.3305,21.78422],[106.33062,21.78286],[106.32987,21.78099],[106.329,21.78014],[106.32784,21.77995],[106.32712,21.77907],[106.32729,21.77883],[106.3267,21.77889],[106.32549,21.77796],[106.32407,21.77794],[106.32382,21.7783],[106.32329,21.77829],[106.32289,21.77639],[106.32208,21.77618],[106.32073,21.77448],[106.32076,21.77354],[106.31994,21.77205],[106.32054,21.77049],[106.3199,21.76977],[106.31463,21.77242],[106.3114,21.77334],[106.31204,21.77516],[106.31306,21.77602],[106.3139,21.77766],[106.31377,21.77919],[106.31178,21.78135],[106.31041,21.782],[106.30896,21.78364],[106.3082,21.78396],[106.30682,21.78385],[106.30545,21.78547],[106.30389,21.78533],[106.30152,21.7845],[106.30077,21.78452],[106.30023,21.78494],[106.29544,21.7848],[106.29442,21.78292],[106.29365,21.78218],[106.29344,21.78134],[106.2918,21.78024],[106.29154,21.77917],[106.28967,21.77672],[106.28813,21.77748],[106.28518,21.7773],[106.28353,21.77829],[106.28142,21.77895],[106.2801,21.77878],[106.27814,21.77958],[106.27744,21.78041],[106.27312,21.78157],[106.27274,21.78202],[106.27236,21.78397],[106.27136,21.78472],[106.27005,21.78485],[106.26853,21.78397],[106.26762,21.78389],[106.26176,21.78686],[106.26116,21.78778],[106.26087,21.78686],[106.25974,21.78536],[106.25736,21.78628],[106.2553,21.78587],[106.25344,21.78622],[106.25293,21.78685],[106.25275,21.78772],[106.25201,21.78847],[106.25271,21.79069],[106.25092,21.79148],[106.25004,21.79148],[106.24898,21.79093],[106.24717,21.79115],[106.24627,21.79284],[106.24514,21.79274],[106.24444,21.79215],[106.24347,21.79212],[106.24274,21.79168],[106.23912,21.79289],[106.23695,21.79301],[106.23632,21.79384],[106.23663,21.79429],[106.23766,21.79467],[106.23652,21.79616],[106.23659,21.79672],[106.23774,21.79802],[106.23743,21.79996],[106.23801,21.80078],[106.23962,21.80144],[106.23973,21.80188],[106.23927,21.8028],[106.23952,21.80346],[106.24084,21.80387],[106.24082,21.80545],[106.23974,21.80664],[106.23887,21.80628],[106.23808,21.80661],[106.23733,21.80646],[106.23566,21.80564],[106.23203,21.80616],[106.22832,21.80474],[106.22198,21.80723],[106.22487,21.8095],[106.22392,21.81074],[106.22523,21.81146],[106.2251,21.81294],[106.22444,21.81477],[106.22448,21.81819],[106.22227,21.81831],[106.21832,21.82209],[106.21882,21.82263],[106.21822,21.8233],[106.2178,21.82456],[106.2179,21.82524],[106.21711,21.82701],[106.21733,21.82847],[106.21973,21.8289],[106.22128,21.82961],[106.22135,21.83103],[106.22263,21.83147],[106.2225,21.83242],[106.22469,21.83434],[106.22675,21.83721],[106.22704,21.83881],[106.22767,21.83954],[106.2288,21.83984],[106.23057,21.83972],[106.23079,21.84168],[106.2301,21.84217],[106.22932,21.8435],[106.2299,21.84433],[106.23118,21.84514],[106.23138,21.84721],[106.23378,21.84792],[106.23511,21.84732],[106.23771,21.84756],[106.23888,21.84892],[106.23999,21.84918],[106.24241,21.85071],[106.2417,21.85152],[106.24152,21.8534],[106.24186,21.85514],[106.24331,21.8582],[106.24286,21.85966],[106.24364,21.86173],[106.24508,21.86259],[106.24598,21.86417],[106.2469,21.86442],[106.24782,21.86568],[106.24959,21.86607],[106.24807,21.86851],[106.24884,21.87038],[106.24852,21.87103],[106.24877,21.8719],[106.24777,21.87324],[106.24816,21.87358],[106.24857,21.87659],[106.24907,21.87708],[106.2491,21.87767],[106.24893,21.87829],[106.24783,21.8791],[106.24744,21.8806],[106.24751,21.88102],[106.2497,21.88257],[106.24969,21.88408],[106.25038,21.8853],[106.25151,21.88632],[106.25278,21.88668],[106.25369,21.88801],[106.25772,21.88925],[106.25693,21.89121],[106.25792,21.89226],[106.25917,21.89457],[106.26136,21.8933],[106.26279,21.89294],[106.26617,21.89368],[106.26479,21.89513],[106.2663,21.89689],[106.26842,21.89666],[106.27042,21.8971],[106.27265,21.89664]]]]}},
{"type":"Feature","id":"06376","properties":{"Ward_Code":"06376","Ward_Code_Num":6376,"Ward":"Nhất Hoà","Ward_Alt":"Nhất Hòa","Ward_Upper":"NHẤT HOÀ","Ward_Full":"Xã Nhất Hoà","Ward_Full_Alt":"Xã Nhất Hòa","Ward_Full_Upper_Alt":"XÃ NHẤT HÒA","Ward_Type":"Xã","Province_Code":"20","Province":"Lạng Sơn","Province_Upper_Alt":"LẠNG SƠN"},"geometry":{"type":"MultiPolygon","coordinates":[[[[106.22639,21.80559],[106.22832,21.80474],[106.23203,21.80616],[106.23566,21.80564],[106.23733,21.80646],[106.23808,21.80661],[106.23887,21.80628],[106.23974,21.80664],[106.24082,21.80545],[106.24084,21.80387],[106.23972,21.8036],[106.23931,21.80311],[106.23973,21.80188],[106.23952,21.80128],[106.23814,21.80086],[106.23752,21.80019],[106.23734,21.79938],[106.23774,21.79802],[106.23659,21.79672],[106.23652,21.79616],[106.23766,21.79467],[106.23663,21.79429],[106.23639,21.79356],[106.2373,21.79283],[106.23912,21.79289],[106.24274,21.79168],[106.24347,21.79212],[106.24444,21.79215],[106.24514,21.79274],[106.24627,21.79284],[106.24717,21.79115],[106.24898,21.79093],[106.25065,21.79152],[106.25264,21.79079],[106.25201,21.78847],[106.25355,21.78618],[106.2553,21.78587],[106.25736,21.78628],[106.25974,21.78536],[106.26087,21.78686],[106.26116,21.78778],[106.26176,21.78686],[106.26762,21.78389],[106.26853,21.78397],[106.27005,21.78485],[106.27136,21.78472],[106.27236,21.78397],[106.27274,21.78202],[106.27358,21.78134],[106.27744,21.78041],[106.27814,21.77958],[106.2801,21.77878],[106.28142,21.77895],[106.28378,21.778199999999998],[106.28528,21.77728],[106.28813,21.77748],[106.28946,21.77663],[106.29154,21.77917],[106.2919,21.78036],[106.29302,21.78082],[106.29344,21.78134],[106.29365,21.78218],[106.29442,21.78292],[106.29544,21.7848],[106.30023,21.78494],[106.30077,21.78452],[106.30152,21.7845],[106.30389,21.78533],[106.30545,21.78547],[106.30669,21.78392],[106.3082,21.78396],[106.30896,21.78364],[106.31041,21.782],[106.31178,21.78135],[106.31377,21.77919],[106.3139,21.77766],[106.31306,21.77602],[106.31204,21.77516],[106.3114,21.77334],[106.31463,21.77242],[106.3199,21.76977],[106.31941,21.76838],[106.31964,21.76579],[106.3188,21.7646],[106.3176,21.76492],[106.31663,21.76398],[106.31545,21.7639],[106.31532,21.76303],[106.31594,21.76225],[106.31832,21.76119],[106.31904,21.7596],[106.32203,21.75721],[106.32197,21.75537],[106.32399,21.75073],[106.32289,21.74989],[106.32172,21.74736],[106.32023,21.74638],[106.31847,21.74444],[106.3175,21.74175],[106.31956,21.73868],[106.32066,21.7382],[106.32103,21.73699],[106.32194,21.73577],[106.32181,21.73433],[106.32306,21.73198],[106.32294,21.72812],[106.32492,21.72679],[106.32567,21.72479],[106.32552,21.72249],[106.32588,21.72136],[106.32564,21.71957],[106.3272,21.7179],[106.32936,21.71708],[106.33044,21.71595],[106.33191,21.71355],[106.33426,21.7122],[106.33506,21.71117],[106.33691,21.71116],[106.33854,21.7107],[106.34119,21.71244],[106.34374,21.71277],[106.34319,21.71173],[106.34234,21.71118],[106.3423,21.70942],[106.34263,21.70886],[106.34119,21.70718],[106.34085,21.70589],[106.33872,21.7049],[106.33834,21.70348],[106.33778,21.70324],[106.33724,21.70217],[106.33722,21.70078],[106.3367,21.70038],[106.33591,21.70047],[106.33367,21.69987],[106.33239,21.69865],[106.33205,21.69722],[106.33133,21.69671],[106.32972,21.69693],[106.32873,21.696],[106.32699,21.69512],[106.32469,21.69583],[106.32411,21.69463],[106.31934,21.69352],[106.318,21.69285],[106.31485,21.69268],[106.31486,21.69305],[106.31294,21.69526],[106.31114,21.69541],[106.31005,21.69597],[106.3081,21.69531],[106.30724,21.69539],[106.30632,21.69663],[106.30645,21.69738],[106.30471,21.69744],[106.30345,21.69848],[106.30172,21.69801],[106.30153,21.69703],[106.30032,21.69553],[106.29897,21.69543],[106.29789,21.69453],[106.29758,21.69472],[106.29534,21.69264],[106.29507,21.69126],[106.29269,21.69004],[106.29074,21.69071],[106.29032,21.69046],[106.28993,21.6908],[106.28907,21.69086],[106.28845,21.69141],[106.28761,21.6915],[106.28692,21.69241],[106.28562,21.69246],[106.28267,21.69058],[106.28304,21.68961],[106.28356,21.68932],[106.28449,21.68795],[106.28357,21.68784],[106.28177,21.68619],[106.27765,21.68679],[106.27667,21.68606],[106.27613,21.68449],[106.27542,21.68401],[106.27327,21.68589],[106.27224,21.68544],[106.2721,21.68458],[106.27134,21.68405],[106.27018,21.6844],[106.26903,21.6854],[106.26834,21.68497],[106.26751,21.68381],[106.26636,21.6834],[106.26489,21.68218],[106.26416,21.68203],[106.26353,21.68265],[106.26266,21.68278],[106.2627,21.68208],[106.26233,21.68177],[106.26072,21.68151],[106.25932,21.68065],[106.25849,21.68052],[106.25809,21.67991],[106.25706,21.67963],[106.2568,21.67884],[106.25706,21.6778],[106.25604,21.67759],[106.25537,21.67666],[106.25441,21.67629],[106.25393,21.6743],[106.25188,21.67305],[106.25067,21.67133],[106.24941,21.67052],[106.24909,21.66901],[106.24709,21.66837],[106.24629,21.66691],[106.24514,21.66676],[106.24421,21.66778],[106.24157,21.66846],[106.23925,21.66779],[106.23783,21.66856],[106.23646,21.66858],[106.23556,21.66804],[106.23451,21.66801],[106.23385,21.66829],[106.23358,21.66943],[106.23233,21.66933],[106.23259,21.67054],[106.23044,21.67087],[106.22838,21.67163],[106.22888,21.67242],[106.2288,21.67368],[106.22775,21.67324],[106.22204,21.6732],[106.2216,21.67268],[106.22088,21.67483],[106.22343,21.6773],[106.22492,21.67826],[106.22565,21.68306],[106.22493,21.68464],[106.22582,21.68545],[106.22547,21.68651],[106.22599,21.6905],[106.22732,21.69348],[106.23021,21.69725],[106.23273,21.69901],[106.23187,21.70164],[106.23445,21.70527],[106.23466,21.70701],[106.23626,21.71064],[106.23657,21.71235],[106.23748,21.71454],[106.23827,21.71788],[106.23766,21.71816],[106.23587,21.72127],[106.23627,21.72312],[106.23544,21.72681],[106.23442,21.72742],[106.23213,21.72713],[106.23091,21.72745],[106.22936,21.73096],[106.22538,21.73175],[106.22335,21.7315],[106.22234,21.73084],[106.21812,21.72643],[106.21634,21.72716],[106.21385,21.72926],[106.20908,21.73189],[106.20804,21.7334],[106.20206,21.73445],[106.20146,21.73423],[106.19959,21.73458],[106.19873,21.73517],[106.19665,21.73536],[106.19603,21.73662],[106.19471,21.73767],[106.19466,21.73937],[106.19558,21.7394],[106.19603,21.74087],[106.19599,21.74125],[106.19501,21.74176],[106.19452,21.74243],[106.1922,21.74331],[106.19001,21.74365],[106.18693,21.7429],[106.18636,21.74173],[106.18347,21.74174],[106.18242,21.74146],[106.18073,21.74411],[106.17943,21.74341],[106.17829,21.74387],[106.17442,21.74902],[106.17516,21.75001],[106.17518,21.75147],[106.17582,21.75209],[106.17663,21.75618],[106.17784,21.75886],[106.17716,21.76012],[106.17701,21.76227],[106.17734,21.76264],[106.17783,21.76558],[106.17881,21.76755],[106.18233,21.76939],[106.18377,21.77104],[106.18649,21.77151],[106.19073,21.77342],[106.1938,21.77545],[106.20033,21.77797],[106.20038,21.7791],[106.20871,21.78333],[106.21038,21.78368],[106.21228,21.78304],[106.21428,21.78163],[106.21666,21.78155],[106.21808,21.7858],[106.21941,21.78821],[106.21917,21.79231],[106.21624,21.79595],[106.21491,21.80028],[106.21375,21.80169],[106.21308,21.80354],[106.21254,21.80401],[106.21133,21.80404],[106.21371,21.80517],[106.21568,21.80562],[106.21814,21.80538],[106.21933,21.80721],[106.22065,21.80764],[106.22639,21.80559]]]]}},
{"type":"Feature","id":"06385","properties":{"Ward_Code":"06385","Ward_Code_Num":6385,"Ward":"Hữu Lũng","Ward_Alt":"Hữu Lũng","Ward_Upper":"HỮU LŨNG","Ward_Full":"Xã Hữu Lũng","Ward_Full_Alt":"Xã Hữu Lũng","Ward_Full_Upper_Alt":"XÃ HỮU LŨNG","Ward_Type":"Xã","Province_Code":"20","Province":"Lạng Sơn","Province_Upper_Alt":"LẠNG SƠN"},"geometry":{"type":"MultiPolygon","coordinates":[[[[106.38221,21.55891],[106.38212,21.55805],[106.383,21.55666],[106.38274,21.55567],[106.38388,21.55377],[106.38383,21.55228],[106.38179,21.55266],[106.37987,21.5512],[106.37834,21.55081],[106.37706,21.54923],[106.37679,21.54815],[106.37593,21.54692],[106.37604,21.54461],[106.37814,21.5413],[106.38111,21.54227],[106.38218,21.54122],[106.38271,21.54126],[106.38367,21.54211],[106.38473,21.54186],[106.38603,21.54042],[106.38588,21.5384],[106.38713,21.53828],[106.3875,21.53668],[106.38709,21.53586],[106.38754,21.5349],[106.38711,21.53202],[106.38728,21.53103],[106.38567,21.53008],[106.38575,21.52902],[106.38743,21.52727],[106.38845,21.52744],[106.38895,21.52719],[106.38966,21.52617],[106.38954,21.52536],[106.38994,21.52477],[106.39125,21.52496],[106.39115,21.5243],[106.39162,21.52347],[106.3915,21.52273],[106.39194,21.52104],[106.39188,21.52046],[106.39085,21.51887],[106.38928,21.51875],[106.38869,21.51782],[106.3887,21.51703],[106.38992,21.51552],[106.38942,21.5148],[106.39004,21.51485],[106.39114,21.51665],[106.39206,21.51725],[106.39302,21.51655],[106.39329,21.51717],[106.394,21.51712],[106.39458,21.51665],[106.39523,21.5166],[106.39566,21.51592],[106.39863,21.51681],[106.39956,21.51513],[106.40172,21.51565],[106.40273,21.51476],[106.40336,21.51463],[106.40488,21.51599],[106.40679,21.51892],[106.40762,21.51927],[106.40883,21.52077],[106.41119,21.5212],[106.41107,21.52061],[106.4125,21.51756],[106.4124,21.51618],[106.41271,21.51478],[106.4123,21.51144],[106.41292,21.51074],[106.41238,21.51044],[106.41214,21.50814],[106.41112,21.50694],[106.40882,21.50527],[106.40826,21.50367],[106.40707,21.50286],[106.40679,21.50144],[106.40585,21.50074],[106.40578,21.49929],[106.40525,21.49783],[106.40581,21.49693],[106.40578,21.4953],[106.40614,21.49455],[106.40511,21.49322],[106.40492,21.4916],[106.40298,21.48919],[106.40208,21.4891],[106.40175,21.48842],[106.40099,21.48853],[106.40064,21.48755],[106.39878,21.48542],[106.40144,21.48273],[106.40177,21.48184],[106.40045,21.48198],[106.40039,21.48133],[106.39898,21.48154],[106.39862,21.4812],[106.39856,21.48025],[106.39787,21.47989],[106.39735,21.47978],[106.39698,21.48041],[106.3967,21.47905],[106.39416,21.47742],[106.39359,21.47557],[106.39296,21.47598],[106.39325,21.47636],[106.39283,21.47724],[106.39236,21.47738],[106.39162,21.47714],[106.39184,21.47646],[106.39112,21.47645],[106.39106,21.47569],[106.39035,21.47505],[106.38942,21.47556],[106.38894,21.47524],[106.38786,21.47537],[106.3871,21.47457],[106.38656,21.47488],[106.38638,21.47579],[106.38589,21.47598],[106.38533,21.47568],[106.38528,21.47526],[106.38387,21.47537],[106.38304,21.47508],[106.38202,21.47382],[106.38064,21.47368],[106.38036,21.47424],[106.37968,21.47381],[106.37918,21.4739],[106.37946,21.47345],[106.37917,21.47292],[106.3783,21.47334],[106.37817,21.47307],[106.37727,21.47334],[106.37688,21.47398],[106.3752,21.47487],[106.37506,21.47555],[106.37482,21.47524],[106.37331,21.47489],[106.37274,21.47415],[106.3724,21.47514],[106.37218,21.47511],[106.37225,21.47445],[106.37178,21.47423],[106.3717,21.47506],[106.37053,21.47467],[106.37028,21.47526],[106.36955,21.47528],[106.36881,21.47838],[106.36752,21.47986],[106.36635,21.4828],[106.3652,21.48453],[106.3645,21.48407],[106.36419,21.48327],[106.3626,21.4835],[106.36038,21.48281],[106.35802,21.48095],[106.35746,21.47954],[106.35604,21.47953],[106.35494,21.47906],[106.35277,21.47693],[106.35143,21.47741],[106.34931,21.47721],[106.34832,21.47661],[106.34728,21.47702],[106.34645,21.4766],[106.34554,21.47686],[106.34522,21.47665],[106.34507,21.47867],[106.34539,21.4797],[106.34614,21.48049],[106.34539,21.4811],[106.34518,21.48176],[106.34615,21.48197],[106.34636,21.48231],[106.34564,21.48252],[106.34523,21.48394],[106.34402,21.48486],[106.34229,21.48498],[106.34169,21.48428],[106.34125,21.48424],[106.34024,21.48523],[106.33913,21.48549],[106.33863,21.48734],[106.3379,21.48844],[106.33798,21.48924],[106.33836,21.4894],[106.33831,21.49011],[106.33783,21.49024],[106.33727,21.48967],[106.33677,21.48967],[106.33697,21.49052],[106.33631,21.4916],[106.33678,21.49232],[106.3349,21.49335],[106.33523,21.49481],[106.3328,21.4969],[106.3323,21.498],[106.33382,21.49927],[106.33364,21.50014],[106.33427,21.50029],[106.33417,21.50102],[106.33484,21.50154],[106.33426,21.50217],[106.3331,21.5016],[106.33366,21.50321],[106.33337,21.50373],[106.33387,21.50412],[106.33133,21.5071],[106.33194,21.50839],[106.33186,21.50958],[106.33013,21.51122],[106.32944,21.51267],[106.32977,21.51514],[106.32949,21.51591],[106.32977,21.51668],[106.33139,21.51628],[106.3323,21.51748],[106.33392,21.51828],[106.33525,21.51962],[106.33564,21.51935],[106.33684,21.52013],[106.33917,21.52044],[106.34008,21.52166],[106.34005,21.52273],[106.33957,21.52381],[106.33736,21.52589],[106.33627,21.5278],[106.33696,21.52987],[106.33812,21.53096],[106.33826,21.53153],[106.33541,21.53535],[106.33581,21.5363],[106.3373,21.53683],[106.33651,21.53874],[106.33763,21.53931],[106.33776,21.53969],[106.33753,21.5404],[106.33688,21.5409],[106.33724,21.54116],[106.33818,21.541],[106.33824,21.54239],[106.33958,21.54268],[106.33988,21.54368],[106.33956,21.54527],[106.33887,21.54669],[106.33795,21.54755],[106.33787,21.54828],[106.33671,21.54893],[106.33689,21.55004],[106.33658,21.55082],[106.33683,21.55147],[106.33797,21.55165],[106.33853,21.55266],[106.33906,21.55227],[106.33986,21.55257],[106.33955,21.55337],[106.3396,21.55457],[106.34081,21.5551],[106.34145,21.55609],[106.34211,21.55549],[106.34241,21.55463],[106.34252,21.55331],[106.34225,21.5529],[106.34358,21.55192],[106.34496,21.55227],[106.34531,21.55411],[106.34599,21.55415],[106.34761,21.55318],[106.3482,21.5536],[106.34858,21.55453],[106.34738,21.55582],[106.34897,21.55669],[106.35018,21.5557],[106.35037,21.55507],[106.35179,21.55475],[106.35234,21.55417],[106.35281,21.55448],[106.35294,21.55546],[106.3535,21.55553],[106.35444,21.55482],[106.3545,21.55386],[106.35508,21.55398],[106.35572,21.55473],[106.35653,21.55483],[106.3572,21.55569],[106.35789,21.55543],[106.35991,21.55593],[106.36094,21.55531],[106.36174,21.55564],[106.36188,21.55604],[106.36226,21.55587],[106.36419,21.55632],[106.36518,21.55708],[106.36656,21.55689],[106.36739,21.55717],[106.36938,21.55626],[106.37084,21.55725],[106.37292,21.55775],[106.37372,21.55654],[106.37598,21.55631],[106.37623,21.55767],[106.37688,21.55764],[106.37746,21.5582],[106.37882,21.55801],[106.37942,21.55842],[106.38006,21.55837],[106.38038,21.55892],[106.38148,21.55926],[106.38221,21.55891]]]]}},
{"type":"Feature","id":"06391","properties":{"Ward_Code":"06391","Ward_Code_Num":6391,"Ward":"Yên Bình","Ward_Alt":"Yên Bình","Ward_Upper":"YÊN BÌNH","Ward_Full":"Xã Yên Bình","Ward_Full_Alt":"Xã Yên Bình","Ward_Full_Upper_Alt":"XÃ YÊN BÌNH","Ward_Type":"Xã","Province_Code":"20","Province":"Lạng Sơn","Province_Upper_Alt":"LẠNG SƠN"},"geometry":{"type":"MultiPolygon","coordinates":[[[[106.30471,21.69744],[106.30645,21.69738],[106.30632,21.69663],[106.30724,21.69539],[106.3081,21.69531],[106.31005,21.69597],[106.31114,21.69541],[106.31294,21.69526],[106.31486,21.69305],[106.31485,21.69268],[106.318,21.69285],[106.31934,21.69352],[106.32382,21.69452],[106.32469,21.69583],[106.32699,21.69512],[106.32873,21.696],[106.32972,21.69693],[106.33133,21.69671],[106.3319,21.69367],[106.33262,21.69303],[106.33238,21.6916],[106.33139,21.69008],[106.33066,21.69014],[106.32899,21.68938],[106.32801,21.68802],[106.32738,21.68413],[106.32453,21.6822],[106.32385,21.68138],[106.32397,21.68084],[106.32485,21.67989],[106.32392,21.67872],[106.32336,21.67741],[106.3234,21.67676],[106.3228,21.67574],[106.32314,21.67387],[106.32402,21.67328],[106.32213,21.67089],[106.32086,21.67079],[106.32067,21.67034],[106.31955,21.67078],[106.31822,21.67068],[106.31725,21.66963],[106.31591,21.66887],[106.31594,21.66841],[106.31729,21.66688],[106.31862,21.66603],[106.32318,21.66498],[106.32392,21.66419],[106.32565,21.66492],[106.32599,21.66352],[106.32725,21.66335],[106.32844,21.66395],[106.32915,21.66347],[106.33062,21.6636],[106.33174,21.66235],[106.33287,21.66248],[106.33594,21.66199],[106.33729,21.662],[106.33908,21.66316],[106.34104,21.66364],[106.34323,21.66509],[106.34399,21.66503],[106.34543,21.66383],[106.34638,21.66374],[106.3472,21.66522],[106.3495,21.66575],[106.34914,21.66285],[106.34798,21.6607],[106.34804,21.65823],[106.3477,21.65796],[106.34756,21.65596],[106.34436,21.65533],[106.34231,21.65653],[106.34056,21.65652],[106.33977,21.65393],[106.33855,21.65325],[106.33858,21.65202],[106.33935,21.65134],[106.34017,21.64976],[106.33924,21.64832],[106.33938,21.64686],[106.33832,21.64574],[106.33858,21.64363],[106.33786,21.64221],[106.33773,21.6411],[106.33689,21.64066],[106.33739,21.63825],[106.33641,21.63668],[106.33499,21.63694],[106.33426,21.63666],[106.33403,21.63523],[106.33345,21.63478],[106.33317,21.63378],[106.33349,21.63326],[106.33163,21.6313],[106.33277,21.63131],[106.33288,21.63015],[106.33158,21.6297],[106.33115,21.62892],[106.33063,21.62885],[106.33053,21.62797],[106.32965,21.62662],[106.32836,21.6268],[106.32785,21.62616],[106.32568,21.62476],[106.32382,21.6253],[106.32268,21.62252],[106.3219,21.6219],[106.32058,21.62208],[106.31943,21.62029],[106.31805,21.62038],[106.31847,21.61912],[106.31824,21.61821],[106.31628,21.61677],[106.31496,21.61695],[106.31463,21.6158],[106.31383,21.61532],[106.31306,21.61383],[106.31146,21.61322],[106.31049,21.61383],[106.31024,21.61449],[106.30958,21.61404],[106.30905,21.61419],[106.30881,21.61329],[106.30919,21.61212],[106.30893,21.61151],[106.30827,21.6114],[106.30843,21.61054],[106.30645,21.60879],[106.30668,21.60836],[106.30608,21.60673],[106.30544,21.60623],[106.30501,21.60514],[106.30366,21.60437],[106.30338,21.60377],[106.3013,21.60471],[106.30108,21.60447],[106.30145,21.60334],[106.30013,21.60226],[106.29852,21.60332],[106.29733,21.60335],[106.29662,21.60163],[106.29397,21.60169],[106.29302,21.60125],[106.29192,21.59913],[106.29214,21.59808],[106.29161,21.59632],[106.29094,21.5964],[106.29034,21.59565],[106.28909,21.59563],[106.28902,21.59507],[106.28858,21.59474],[106.28855,21.59336],[106.28808,21.59303],[106.28762,21.59163],[106.2875,21.58919],[106.28896,21.58886],[106.28737,21.58702],[106.28648,21.58729],[106.28552,21.58645],[106.28409,21.58709],[106.28073,21.58635],[106.28076,21.5848],[106.28008,21.58451],[106.28002,21.58325],[106.27957,21.58274],[106.28017,21.58226],[106.27892,21.58204],[106.27782,21.58137],[106.27677,21.58246],[106.27656,21.58411],[106.2738,21.58257],[106.27343,21.58296],[106.27385,21.5841],[106.27466,21.58471],[106.27444,21.58607],[106.27497,21.5868],[106.27415,21.58726],[106.27404,21.58774],[106.27308,21.58778],[106.27269,21.58838],[106.27331,21.58939],[106.27512,21.58916],[106.2756,21.58947],[106.27597,21.5914],[106.27443,21.59258],[106.27325,21.59406],[106.27317,21.59484],[106.27241,21.59545],[106.27161,21.59578],[106.27099,21.59551],[106.27049,21.59621],[106.2682,21.59667],[106.26812,21.59731],[106.26769,21.59757],[106.26547,21.59724],[106.26363,21.59791],[106.2627,21.59997],[106.26,21.5999],[106.25931,21.5987],[106.25809,21.59786],[106.25491,21.59866],[106.25404,21.59958],[106.25329,21.6012],[106.25125,21.60108],[106.24975,21.6002],[106.24922,21.59948],[106.24868,21.59971],[106.24747,21.60228],[106.24599,21.6021],[106.2436,21.60337],[106.24261,21.60353],[106.24169,21.60482],[106.24079,21.60395],[106.23964,21.60377],[106.23893,21.6041],[106.23922,21.60464],[106.23802,21.60535],[106.23593,21.60477],[106.23472,21.60349],[106.23378,21.60311],[106.23346,21.60362],[106.23356,21.60534],[106.23164,21.6052],[106.23109,21.60489],[106.23012,21.60522],[106.22812,21.60473],[106.22761,21.6055],[106.22671,21.60575],[106.22359,21.60462],[106.22053,21.60424],[106.21907,21.60348],[106.2177,21.60508],[106.21891,21.60649],[106.21898,21.60736],[106.2168,21.6092],[106.21689,21.60973],[106.21566,21.61006],[106.215,21.61007],[106.21463,21.60954],[106.21423,21.60953],[106.21314,21.61038],[106.21232,21.61039],[106.20982,21.60835],[106.20886,21.60687],[106.20762,21.60796],[106.20647,21.608],[106.20562,21.60765],[106.20015,21.60931],[106.1992,21.60808],[106.19838,21.60759],[106.1965,21.60897],[106.19502,21.60926],[106.19363,21.60898],[106.19184,21.60938],[106.1921,21.61075],[106.19105,21.61176],[106.19212,21.61274],[106.1924,21.61442],[106.19342,21.61501],[106.19517,21.61746],[106.19629,21.6176],[106.19739,21.61866],[106.19748,21.62023],[106.19793,21.62141],[106.19534,21.62426],[106.19458,21.62676],[106.19487,21.62854],[106.1957,21.62877],[106.19616,21.62932],[106.19806,21.63273],[106.19571,21.6337],[106.19298,21.63586],[106.19196,21.64145],[106.1913,21.64308],[106.19138,21.64379],[106.19291,21.64807],[106.19701,21.65082],[106.19874,21.65086],[106.19977,21.65144],[106.19971,21.65261],[106.20396,21.65388],[106.20433,21.65465],[106.20425,21.65536],[106.20486,21.6557],[106.20489,21.65704],[106.20619,21.65947],[106.20527,21.66207],[106.20537,21.66256],[106.207,21.66388],[106.20766,21.66393],[106.20996,21.66582],[106.21484,21.66731],[106.21602,21.66859],[106.21638,21.66991],[106.21712,21.67067],[106.21874,21.67164],[106.22099,21.67216],[106.22204,21.6732],[106.22775,21.67324],[106.2288,21.67368],[106.22888,21.67242],[106.22838,21.67163],[106.23044,21.67087],[106.23259,21.67054],[106.23233,21.66933],[106.23358,21.66943],[106.23385,21.66829],[106.23451,21.66801],[106.23556,21.66804],[106.23646,21.66858],[106.23783,21.66856],[106.23925,21.66779],[106.24157,21.66846],[106.24421,21.66778],[106.24514,21.66676],[106.24629,21.66691],[106.24709,21.66837],[106.24909,21.66901],[106.24941,21.67052],[106.25067,21.67133],[106.25188,21.67305],[106.25393,21.6743],[106.25441,21.67629],[106.25537,21.67666],[106.25604,21.67759],[106.25706,21.6778],[106.2568,21.67884],[106.25706,21.67963],[106.25809,21.67991],[106.25849,21.68052],[106.25932,21.68065],[106.26072,21.68151],[106.26233,21.68177],[106.2627,21.68208],[106.26266,21.68278],[106.26462,21.68207],[106.26636,21.6834],[106.26751,21.68381],[106.26834,21.68497],[106.26914,21.68542],[106.2698,21.68463],[106.27134,21.68405],[106.2721,21.68458],[106.27224,21.68544],[106.27327,21.68589],[106.27542,21.68401],[106.27613,21.68449],[106.27667,21.68606],[106.27765,21.68679],[106.28177,21.68619],[106.28357,21.68784],[106.28449,21.68795],[106.28356,21.68932],[106.28304,21.68961],[106.28267,21.69058],[106.28562,21.69246],[106.28692,21.69241],[106.28761,21.6915],[106.28845,21.69141],[106.28907,21.69086],[106.28993,21.6908],[106.29032,21.69046],[106.29074,21.69071],[106.29269,21.69004],[106.29507,21.69126],[106.29534,21.69264],[106.29758,21.69472],[106.29789,21.69453],[106.29897,21.69543],[106.30032,21.69553],[106.30153,21.69703],[106.3018,21.69806],[106.3035,21.69848],[106.30471,21.69744]]]]}},
{"type":"Feature","id":"06400","properties":{"Ward_Code":"06400","Ward_Code_Num":6400,"Ward":"Hữu Liên","Ward_Alt":"Hữu Liên","Ward_Upper":"HỮU LIÊN","Ward_Full":"Xã Hữu Liên","Ward_Full_Alt":"Xã Hữu Liên","Ward_Full_Upper_Alt":"XÃ HỮU LIÊN","Ward_Type":"Xã","Province_Code":"20","Province":"Lạng Sơn","Province_Upper_Alt":"LẠNG SƠN"},"geometry":{"type":"MultiPolygon","coordinates":[[[[106.38361,21.75497],[106.38486,21.75481],[106.3843,21.75403],[106.3844,21.75225],[106.3849,21.75104],[106.3861,21.75003],[106.38742,21.75072],[106.38882,21.75056],[106.39012,21.75092],[106.39274,21.75207],[106.39337,21.75066],[106.39307,21.74964],[106.39078,21.74786],[106.39279,21.74578],[106.39229,21.74426],[106.39264,21.74177],[106.39535,21.74025],[106.39301,21.73901],[106.39224,21.73922],[106.39068,21.73876],[106.39044,21.73623],[106.39135,21.73535],[106.39349,21.73584],[106.39438,21.73638],[106.39464,21.73406],[106.39726,21.73082],[106.39735,21.72955],[106.39845,21.7273],[106.398,21.72584],[106.39668,21.72469],[106.39587,21.72457],[106.39548,21.72482],[106.39434,21.72377],[106.39138,21.7234],[106.38926,21.72035],[106.38975,21.71926],[106.38907,21.71793],[106.39016,21.71815],[106.39291,21.7178],[106.39301,21.71665],[106.3937,21.71584],[106.3933,21.71362],[106.39178,21.71136],[106.39272,21.71053],[106.39455,21.7103],[106.39456,21.70844],[106.39508,21.70716],[106.39762,21.70797],[106.40052,21.70645],[106.40075,21.70528],[106.40143,21.70413],[106.39966,21.70202],[106.39951,21.70148],[106.40034,21.70025],[106.40147,21.70024],[106.40291,21.70096],[106.40632,21.70134],[106.40717,21.6997],[106.40733,21.69837],[106.40803,21.69825],[106.40911,21.69647],[106.41005,21.69598],[106.41108,21.69638],[106.41204,21.69577],[106.41303,21.69589],[106.41456,21.69694],[106.416,21.69713],[106.41738,21.69863],[106.41789,21.69824],[106.41848,21.69684],[106.42008,21.69512],[106.42112,21.69331],[106.42146,21.69177],[106.42248,21.69109],[106.4231,21.68987],[106.42386,21.68944],[106.4247,21.68694],[106.42412,21.68522],[106.42486,21.68318],[106.42407,21.68232],[106.42558,21.68093],[106.42627,21.67894],[106.42626,21.6777],[106.4271,21.67736],[106.42647,21.67386],[106.42487,21.67208],[106.42543,21.67145],[106.42585,21.66915],[106.42235,21.66727],[106.42051,21.66344],[106.42018,21.66142],[106.42121,21.6586],[106.42015,21.6561],[106.41915,21.65494],[106.41802,21.654419999999998],[106.41822,21.65296],[106.41883,21.65245],[106.41902,21.65155],[106.41746,21.6508],[106.41694,21.65178],[106.41457,21.6515],[106.41441,21.6528],[106.41345,21.65265],[106.41276,21.65324],[106.41193,21.65331],[106.40988,21.6549],[106.40858,21.65505],[106.40656,21.65639],[106.40374,21.65677],[106.40209,21.65596],[106.40193,21.6544],[106.40076,21.65295],[106.40111,21.6515],[106.39974,21.65121],[106.40016,21.64961],[106.40136,21.64913],[106.40194,21.6496],[106.40372,21.65006],[106.40539,21.64994],[106.40525,21.64889],[106.40556,21.64797],[106.4064,21.64633],[106.40791,21.64465],[106.40752,21.64444],[106.40733,21.64337],[106.40615,21.64254],[106.40614,21.63957],[106.40561,21.63872],[106.40551,21.6378],[106.40329,21.63728],[106.40275,21.636],[106.40245,21.6359],[106.39995,21.63598],[106.40028,21.63368],[106.39937,21.63269],[106.39948,21.6288],[106.39992,21.62728],[106.39958,21.62682],[106.39897,21.62697],[106.39888,21.62568],[106.39956,21.62555],[106.39975,21.62508],[106.39921,21.62419],[106.39992,21.62301],[106.3998,21.62211],[106.40006,21.62169],[106.39912,21.62122],[106.39871,21.61909],[106.40072,21.61648],[106.40031,21.61544],[106.39892,21.6144],[106.39858,21.61366],[106.39761,21.6128],[106.39534,21.61279],[106.39491,21.61214],[106.39503,21.61134],[106.39464,21.61047],[106.39102,21.61129],[106.39021,21.61337],[106.3888,21.61318],[106.38787,21.61259],[106.38542,21.61285],[106.38531,21.61114],[106.38583,21.61024],[106.38408,21.60972],[106.38352,21.60882],[106.38386,21.60734],[106.38478,21.60618],[106.38456,21.60547],[106.384,21.60504],[106.38378,21.60396],[106.38259,21.60319],[106.38274,21.6022],[106.38183,21.60136],[106.38217,21.6008],[106.38187,21.60005],[106.38203,21.59933],[106.38114,21.59956],[106.38069,21.59936],[106.38108,21.59824],[106.381,21.59726],[106.38028,21.59667],[106.37977,21.59729],[106.37855,21.59621],[106.37482,21.59676],[106.37344,21.59734],[106.37197,21.59684],[106.37049,21.59765],[106.36902,21.59784],[106.36652,21.59931],[106.36584,21.599],[106.36549,21.59966],[106.36496,21.59976],[106.36518,21.6004],[106.36437,21.6006],[106.36417,21.60126],[106.36372,21.60118],[106.36283,21.5992],[106.36236,21.59936],[106.3614,21.59985],[106.36062,21.60079],[106.36075,21.60136],[106.36006,21.60203],[106.36003,21.60291],[106.35894,21.60339],[106.3583,21.60138],[106.35878,21.60008],[106.35669,21.59951],[106.35595,21.59759],[106.35517,21.59678],[106.35632,21.59627],[106.35615,21.59556],[106.35692,21.59507],[106.35702,21.59467],[106.35603,21.59426],[106.35448,21.59458],[106.35255,21.59296],[106.35126,21.5935],[106.3507,21.59327],[106.34968,21.59347],[106.34933,21.59289],[106.34857,21.59285],[106.34823,21.59325],[106.34635,21.59364],[106.34556,21.59424],[106.34492,21.59394],[106.34375,21.59442],[106.34338,21.59361],[106.34269,21.59311],[106.34171,21.59376],[106.34082,21.59384],[106.3394,21.5928],[106.33587,21.59409],[106.3357,21.59439],[106.33594,21.59476],[106.33562,21.59503],[106.33381,21.59432],[106.3316,21.59514],[106.33141,21.59439],[106.32974,21.59399],[106.32879,21.59471],[106.32771,21.59476],[106.32773,21.59349],[106.32733,21.59304],[106.3259,21.59285],[106.32501,21.59025],[106.32291,21.59017],[106.32352,21.59178],[106.32306,21.59266],[106.32209,21.59336],[106.32185,21.5921],[106.32023,21.59205],[106.31795,21.59015],[106.31657,21.59151],[106.31561,21.59181],[106.31624,21.59257],[106.31605,21.59466],[106.31468,21.59382],[106.31354,21.59407],[106.31122,21.59282],[106.31079,21.59171],[106.30938,21.5903],[106.30713,21.58993],[106.30686,21.59166],[106.30458,21.5916],[106.3035,21.5925],[106.30192,21.59214],[106.30181,21.59121],[106.30122,21.59086],[106.3,21.59095],[106.29887,21.59182],[106.29858,21.58994],[106.29781,21.58896],[106.29541999999999,21.5897],[106.29435,21.58906],[106.29123,21.5887],[106.28992,21.58914],[106.28896,21.58886],[106.2875,21.58919],[106.28762,21.59163],[106.28808,21.59303],[106.28855,21.59336],[106.2886,21.59479],[106.28902,21.59507],[106.28909,21.59563],[106.29034,21.59565],[106.29094,21.5964],[106.29161,21.59632],[106.29214,21.59808],[106.29192,21.59913],[106.29302,21.60125],[106.29397,21.60169],[106.29662,21.60163],[106.29733,21.60335],[106.29852,21.60332],[106.30013,21.60226],[106.30145,21.60334],[106.30108,21.60447],[106.3013,21.60471],[106.30338,21.60377],[106.30366,21.60437],[106.30501,21.60514],[106.30544,21.60623],[106.30608,21.60673],[106.30668,21.60836],[106.30645,21.60879],[106.30843,21.61054],[106.30827,21.6114],[106.30893,21.61151],[106.30919,21.61212],[106.30881,21.61329],[106.30905,21.61419],[106.30958,21.61404],[106.31024,21.61449],[106.31049,21.61383],[106.31146,21.61322],[106.31306,21.61383],[106.31383,21.61532],[106.31463,21.6158],[106.31496,21.61695],[106.31628,21.61677],[106.31824,21.61821],[106.31847,21.61912],[106.31805,21.62038],[106.31943,21.62029],[106.32058,21.62208],[106.3219,21.6219],[106.32268,21.62252],[106.32382,21.6253],[106.32568,21.62476],[106.32785,21.62616],[106.32836,21.6268],[106.32965,21.62662],[106.33053,21.62797],[106.33063,21.62885],[106.33115,21.62892],[106.33158,21.6297],[106.33288,21.63015],[106.33277,21.63131],[106.33163,21.6313],[106.33349,21.63326],[106.33317,21.63378],[106.33345,21.63478],[106.33403,21.63523],[106.33426,21.63666],[106.33499,21.63694],[106.33641,21.63668],[106.33739,21.63825],[106.33689,21.64066],[106.33773,21.6411],[106.33786,21.64221],[106.33858,21.64363],[106.33832,21.64574],[106.33938,21.64686],[106.33924,21.64832],[106.34017,21.64976],[106.33935,21.65134],[106.33858,21.65202],[106.33855,21.65325],[106.33977,21.65393],[106.34056,21.65652],[106.34231,21.65653],[106.34436,21.65533],[106.34756,21.65596],[106.3477,21.65796],[106.34804,21.65823],[106.34797,21.66065],[106.34902,21.6624],[106.3495,21.66575],[106.3472,21.66522],[106.34638,21.66374],[106.34543,21.66383],[106.34399,21.66503],[106.34323,21.66509],[106.34104,21.66364],[106.33908,21.66316],[106.33729,21.662],[106.33452,21.66205],[106.33287,21.66248],[106.33164,21.66238],[106.33062,21.6636],[106.32915,21.66347],[106.32844,21.66395],[106.32725,21.66335],[106.32599,21.66352],[106.32565,21.66492],[106.32405,21.66416],[106.32345,21.66442],[106.32318,21.66498],[106.31862,21.66603],[106.31707,21.66708],[106.31583,21.66878],[106.31725,21.66963],[106.31822,21.67068],[106.31955,21.67078],[106.32067,21.67034],[106.32086,21.67079],[106.32213,21.67089],[106.32402,21.67328],[106.32314,21.67387],[106.3228,21.67574],[106.3234,21.67676],[106.32336,21.67741],[106.32392,21.67872],[106.32485,21.67989],[106.32397,21.68084],[106.32385,21.68138],[106.32453,21.6822],[106.32738,21.68413],[106.32801,21.68802],[106.32899,21.68938],[106.33066,21.69014],[106.33139,21.69008],[106.33238,21.6916],[106.33262,21.69303],[106.3319,21.69367],[106.33179,21.69527],[106.33123,21.6965],[106.33205,21.69722],[106.33239,21.69865],[106.33367,21.69987],[106.33591,21.70047],[106.3367,21.70038],[106.33722,21.70078],[106.33724,21.70217],[106.33778,21.70324],[106.33834,21.70348],[106.33872,21.7049],[106.34085,21.70589],[106.34119,21.70718],[106.34263,21.70886],[106.3423,21.70942],[106.34234,21.71118],[106.34319,21.71173],[106.34373,21.71268],[106.34362,21.714],[106.34468,21.71514],[106.34473,21.71657],[106.34589,21.71756],[106.34713,21.71742],[106.34795,21.71902],[106.34882,21.71978],[106.35087,21.71991],[106.35214,21.72205],[106.35249,21.72359],[106.35583,21.7257],[106.35735,21.72602],[106.35797,21.72877],[106.35941,21.72963],[106.36107,21.73194],[106.36236,21.73225],[106.36297,21.73318],[106.36396,21.73318],[106.36441,21.73231],[106.36525,21.73161],[106.36637,21.73159],[106.36806,21.73102],[106.36875,21.73036],[106.36964,21.73031],[106.37114,21.73084],[106.37171,21.73388],[106.3727,21.7347],[106.37251,21.73564],[106.37453,21.73754],[106.37488,21.73863],[106.37422,21.742],[106.37124,21.74278],[106.37078,21.74416],[106.37243,21.74688],[106.37424,21.74836],[106.37446,21.74927],[106.37636,21.75153],[106.37688,21.75277],[106.37858,21.75346],[106.37957,21.75492],[106.38187,21.75519],[106.38361,21.75497]]]]}},
{"type":"Feature","id":"06415","properties":{"Ward_Code":"06415","Ward_Code_Num":6415,"Ward":"Vân Nham","Ward_Alt":"Vân Nham","Ward_Upper":"VÂN NHAM","Ward_Full":"Xã Vân Nham","Ward_Full_Alt":"Xã Vân Nham","Ward_Full_Upper_Alt":"XÃ VÂN NHAM","Ward_Type":"Xã","Province_Code":"20","Province":"Lạng Sơn","Province_Upper_Alt":"LẠNG SƠN"},"geometry":{"type":"MultiPolygon","coordinates":[[[[106.27343,21.58296],[106.2738,21.58257],[106.27656,21.58411],[106.27677,21.58246],[106.27782,21.58137],[106.27892,21.58204],[106.28017,21.58226],[106.28083,21.58037],[106.28304,21.57817],[106.28498,21.57802],[106.28712,21.57709],[106.29042,21.57788],[106.29103,21.57749],[106.29165,21.57753],[106.29319,21.57888],[106.29489,21.57555],[106.29576,21.57465],[106.29723,21.57584],[106.29973,21.57649],[106.30048,21.57639],[106.30017,21.57462],[106.30186,21.57392],[106.30268,21.57448],[106.30432,21.57472],[106.30414,21.57354],[106.3051,21.57311],[106.30805,21.5734],[106.30866,21.57316],[106.30905,21.57376],[106.30988,21.57417],[106.31073,21.57366],[106.3116,21.57356],[106.31278,21.57395],[106.31337,21.57351],[106.31712,21.57401],[106.31851,21.57281],[106.31883,21.57128],[106.3208,21.57213],[106.32332,21.57058],[106.32414,21.56972],[106.32682,21.56901],[106.32552,21.56649],[106.32575,21.56529],[106.32651,21.5651],[106.32661,21.56447],[106.32709,21.56423],[106.32897,21.56426],[106.33029,21.5634],[106.33128,21.56332],[106.3316,21.56143],[106.33217,21.56047],[106.33308,21.56012],[106.33352,21.55926],[106.33428,21.55954],[106.33537,21.55905],[106.3362,21.55924],[106.33775,21.5582],[106.33818,21.55719],[106.33904,21.55653],[106.34083,21.55595],[106.34145,21.55609],[106.34081,21.5551],[106.3396,21.55457],[106.33955,21.55337],[106.33986,21.55257],[106.33906,21.55227],[106.33853,21.55266],[106.33831,21.55196],[106.33756,21.55143],[106.33693,21.55159],[106.33658,21.55082],[106.33689,21.55004],[106.33671,21.54893],[106.33787,21.54828],[106.33795,21.54755],[106.33887,21.54669],[106.33956,21.54527],[106.33988,21.54368],[106.33958,21.54268],[106.33824,21.54239],[106.33818,21.541],[106.33724,21.54116],[106.33688,21.5409],[106.33753,21.5404],[106.33776,21.53969],[106.33763,21.53931],[106.33651,21.53874],[106.3373,21.53683],[106.33581,21.5363],[106.3354,21.53556],[106.33566,21.53477],[106.33826,21.53153],[106.33812,21.53096],[106.33696,21.52987],[106.33627,21.5278],[106.33736,21.52589],[106.33957,21.52381],[106.34005,21.52273],[106.34008,21.52166],[106.33917,21.52044],[106.33684,21.52013],[106.33564,21.51935],[106.33525,21.51962],[106.33392,21.51828],[106.33273,21.51784],[106.33119,21.51626],[106.32921,21.51671],[106.32786,21.51763],[106.32633,21.51702],[106.32544,21.51835],[106.32561,21.51891],[106.32522,21.52154],[106.32436,21.52247],[106.32463,21.52449],[106.32412,21.52545],[106.31898,21.52452],[106.31725,21.52359],[106.31611,21.52371],[106.31401,21.5228],[106.3132,21.52329],[106.31125,21.52362],[106.31057,21.52426],[106.30915,21.52381],[106.30784,21.52541],[106.30658,21.52484],[106.30426,21.52515],[106.30116,21.52451],[106.3008,21.52411],[106.3004,21.52226],[106.29958,21.52188],[106.29898,21.52027],[106.29784,21.51918],[106.29692,21.51932],[106.29661,21.51889],[106.29658,21.51777],[106.29729,21.51728],[106.29657,21.51559],[106.29573,21.51462],[106.29545,21.51224],[106.29543,21.51167],[106.29708,21.50869],[106.29649,21.50842],[106.2964,21.50786],[106.29808,21.50374],[106.2982,21.5021],[106.29682,21.50133],[106.29658,21.50084],[106.29854,21.49999],[106.29856,21.49894],[106.29913,21.49882],[106.2996,21.49909],[106.29915,21.49829],[106.29965,21.49694],[106.29941,21.49638],[106.29899,21.49676],[106.29755,21.49656],[106.29434,21.49361],[106.29364,21.49222],[106.29279,21.49189],[106.29146,21.49225],[106.28921,21.49221],[106.28717,21.49056],[106.28527,21.49016],[106.28391,21.49006],[106.28281,21.49084],[106.28066,21.49018],[106.27839,21.49136],[106.27782,21.49206],[106.27682,21.49218],[106.27604,21.49319],[106.27314,21.49356],[106.27206,21.49277],[106.26936,21.48942],[106.26783,21.48912],[106.26778,21.49008],[106.26741,21.49053],[106.26481,21.4916],[106.26347,21.4912],[106.26299,21.49068],[106.26072,21.49028],[106.26028,21.48859],[106.25886,21.48751],[106.25743,21.48729],[106.25675,21.48673],[106.25618,21.4867],[106.25496,21.48732],[106.2539,21.48719],[106.25277,21.48652],[106.25125,21.4873],[106.2488,21.48751],[106.2479,21.48595],[106.24596,21.48493],[106.24621,21.48446],[106.24597,21.48388],[106.24524,21.48371],[106.24506,21.48338],[106.24443,21.48187],[106.24559,21.4811],[106.24575,21.48042],[106.24543,21.48037],[106.24517,21.48104],[106.24425,21.48174],[106.24409,21.48289],[106.24366,21.48343],[106.24384,21.48389],[106.24474,21.48374],[106.24558,21.48507],[106.24378,21.48514],[106.2433,21.48547],[106.2432,21.48619],[106.24152,21.48657],[106.23796,21.4945],[106.22654,21.49511],[106.22666,21.49545],[106.22597,21.49688],[106.22641,21.49806],[106.22605,21.49979],[106.22754,21.50066],[106.22736,21.50453],[106.22762,21.50521],[106.22865,21.50558],[106.22885,21.50606],[106.22666,21.50633],[106.22563,21.50861],[106.22451,21.50874],[106.22383,21.5084],[106.22298,21.50877],[106.22291,21.51004],[106.22331,21.51175],[106.22196,21.51225],[106.22218,21.51384],[106.22298,21.51444],[106.22462,21.5144],[106.22536,21.51486],[106.22546,21.5154],[106.22446,21.51742],[106.22487,21.51797],[106.22456,21.51788],[106.224,21.51847],[106.22482,21.51892],[106.22594,21.52021],[106.22603,21.52085],[106.22647,21.52104],[106.22658,21.52144],[106.22601,21.52247],[106.23268,21.52521],[106.23266,21.52898],[106.23357,21.52888],[106.23408,21.52947],[106.23534,21.5295],[106.23544,21.52975],[106.23634,21.52962],[106.23685,21.53121],[106.23559,21.53343],[106.23528,21.53469],[106.23791,21.53457],[106.23906,21.5351],[106.2398,21.53694],[106.24102,21.53709],[106.24105,21.53814],[106.24047,21.53959],[106.24053,21.54048],[106.24006,21.54204],[106.24067,21.54218],[106.2407,21.54145],[106.24201,21.54099],[106.24261,21.5418],[106.24264,21.54251],[106.24312,21.54294],[106.24362,21.54498],[106.24543,21.5446],[106.24747,21.54508],[106.24854,21.54499],[106.24968,21.54585],[106.2503,21.54707],[106.25222,21.54775],[106.25259,21.54909],[106.25445,21.55006],[106.25478,21.55119],[106.25689,21.55197],[106.25818,21.55358],[106.25695,21.55392],[106.25651,21.5549],[106.25541,21.55416],[106.25385,21.55435],[106.2527,21.5558],[106.25188,21.55626],[106.25134,21.55611],[106.25078,21.55638],[106.2503,21.55713],[106.25056,21.55764],[106.24978,21.55781],[106.2488,21.55891],[106.24864,21.55952],[106.24779,21.55961],[106.2459,21.55895],[106.24566,21.55944],[106.24492,21.55938],[106.24401,21.56069],[106.24509,21.56171],[106.24524,21.56267],[106.24499,21.56315],[106.24703,21.565],[106.2483,21.56567],[106.25064,21.56797],[106.25188,21.56861],[106.25268,21.56816],[106.25315,21.56664],[106.25438,21.56628],[106.2549,21.5657],[106.25679,21.56603],[106.25954,21.56589],[106.26042,21.56634],[106.26221,21.56638],[106.26217,21.56719],[106.26353,21.56987],[106.26313,21.57039],[106.26325,21.57132],[106.26247,21.57182],[106.262,21.57267],[106.26402,21.57383],[106.26453,21.57502],[106.26432,21.57542],[106.26334,21.57573],[106.26299,21.57651],[106.26128,21.57806],[106.26202,21.57802],[106.26375,21.57926],[106.26261,21.58128],[106.26376,21.58193],[106.26601,21.58227],[106.26695,21.58329],[106.26793,21.58287],[106.26889,21.58306],[106.26916,21.58247],[106.26944,21.58268],[106.26921,21.58312],[106.26971,21.58287],[106.26993,21.58322],[106.27037,21.5829],[106.27062,21.58432],[106.27158,21.58424],[106.27331,21.58337],[106.27343,21.58296]]]]}},
{"type":"Feature","id":"06427","properties":{"Ward_Code":"06427","Ward_Code_Num":6427,"Ward":"Cai Kinh","Ward_Alt":"Cai Kinh","Ward_Upper":"CAI KINH","Ward_Full":"Xã Cai Kinh","Ward_Full_Alt":"Xã Cai Kinh","Ward_Full_Upper_Alt":"XÃ CAI KINH","Ward_Type":"Xã","Province_Code":"20","Province":"Lạng Sơn","Province_Upper_Alt":"LẠNG SƠN"},"geometry":{"type":"MultiPolygon","coordinates":[[[[106.40858,21.65505],[106.40988,21.6549],[106.41179,21.65339],[106.41276,21.65324],[106.41345,21.65265],[106.41441,21.6528],[106.41433,21.6522],[106.41471,21.65146],[106.41694,21.65178],[106.41746,21.6508],[106.41925,21.65168],[106.42064,21.6518],[106.42059,21.65094],[106.42226,21.64879],[106.42439,21.64814],[106.42431,21.64693],[106.42288,21.64622],[106.42319,21.64367],[106.42484,21.64278],[106.4254,21.64197],[106.42494,21.63993],[106.42646,21.63982],[106.42844,21.63897],[106.42849,21.63716],[106.42779,21.63582],[106.42808,21.6336],[106.42914,21.6326],[106.43008,21.6296],[106.43203,21.62871],[106.43146,21.62771],[106.43259,21.62458],[106.43378,21.62316],[106.43564,21.62384],[106.43701,21.62202],[106.4387,21.62129],[106.43989,21.61945],[106.43844,21.61806],[106.43842,21.61703],[106.43736,21.61579],[106.43552,21.61491],[106.43727,21.6133],[106.43728,21.61205],[106.43763,21.61147],[106.4372,21.61113],[106.43782,21.61038],[106.44033,21.60901],[106.44006,21.60792],[106.44226,21.60659],[106.44302,21.60666],[106.44381,21.60533],[106.44574,21.60405],[106.44561,21.6032],[106.44637,21.60152],[106.44628,21.59963],[106.44789,21.5994],[106.44954,21.59786],[106.44999,21.59575],[106.44938,21.59433],[106.45069,21.59309],[106.45076,21.59255],[106.45018,21.59168],[106.45088,21.59022],[106.45068,21.58743],[106.44982,21.58672],[106.44901,21.58478],[106.44816,21.5839],[106.44774,21.58189],[106.44665,21.58012],[106.4466,21.57822],[106.44567,21.57675],[106.4464,21.57313],[106.44625,21.57176],[106.4471,21.56988],[106.44676,21.56864],[106.44692,21.5675],[106.44762,21.56685],[106.44798,21.56581],[106.44703,21.56538],[106.44574,21.56529],[106.44476,21.56634],[106.44218,21.56732],[106.44184,21.56674],[106.44117,21.5669],[106.43882,21.56577],[106.43749,21.5661],[106.4362,21.56572],[106.43572,21.56526],[106.4366,21.56389],[106.43561,21.56249],[106.43486,21.5622],[106.43473,21.5616],[106.43554,21.56031],[106.43567,21.55888],[106.43516,21.55812],[106.43526,21.55435],[106.43329,21.55436],[106.43242,21.55404],[106.43295,21.55297],[106.43379,21.55253],[106.43407,21.55192],[106.43511,21.55116],[106.43484,21.54908],[106.43608,21.54805],[106.43562,21.54736],[106.43515,21.54721],[106.43541,21.54609],[106.4344,21.54644],[106.43406,21.54608],[106.43345,21.54613],[106.43326,21.54562],[106.43692,21.54275],[106.43686,21.5415],[106.43792,21.54073],[106.4377,21.53898],[106.4371,21.53859],[106.43654,21.53762],[106.43732,21.536],[106.43725,21.53487],[106.43574,21.53386],[106.43481,21.53225],[106.4338,21.53194],[106.43341,21.53101],[106.4326,21.53036],[106.43202,21.52934],[106.42869,21.53263],[106.4272,21.53301],[106.42546,21.53197],[106.4231,21.53177],[106.42257,21.53297],[106.4199,21.53284],[106.41939,21.5323],[106.41873,21.53053],[106.41804,21.53025],[106.4168,21.52896],[106.41558,21.52837],[106.41614,21.5273],[106.41606,21.52529],[106.41557,21.52443],[106.41394,21.52275],[106.41273,21.52228],[106.41158,21.52137],[106.40883,21.52077],[106.40762,21.51927],[106.40679,21.51892],[106.40488,21.51599],[106.40354,21.5147],[106.40288,21.51468],[106.40172,21.51565],[106.39956,21.51513],[106.39863,21.51681],[106.39566,21.51592],[106.39523,21.5166],[106.39458,21.51665],[106.394,21.51712],[106.39329,21.51717],[106.39302,21.51655],[106.39206,21.51725],[106.39114,21.51665],[106.39004,21.51485],[106.38942,21.5148],[106.38992,21.51552],[106.3887,21.51703],[106.38869,21.51782],[106.38928,21.51875],[106.39085,21.51887],[106.39188,21.52046],[106.39194,21.52104],[106.3915,21.52273],[106.39162,21.52347],[106.39115,21.5243],[106.39125,21.52496],[106.38994,21.52477],[106.38954,21.52536],[106.38966,21.52617],[106.38895,21.52719],[106.38845,21.52744],[106.38743,21.52727],[106.38575,21.52902],[106.38567,21.53008],[106.38728,21.53103],[106.38711,21.53202],[106.38754,21.5349],[106.38709,21.53586],[106.3875,21.53668],[106.38713,21.53828],[106.38588,21.5384],[106.38603,21.54042],[106.38473,21.54186],[106.38367,21.54211],[106.38271,21.54126],[106.38218,21.54122],[106.38111,21.54227],[106.37814,21.5413],[106.37604,21.54461],[106.37593,21.54692],[106.37679,21.54815],[106.37706,21.54923],[106.37834,21.55081],[106.37987,21.5512],[106.38179,21.55266],[106.38383,21.55228],[106.38388,21.55377],[106.38274,21.55567],[106.383,21.55666],[106.38215,21.55797],[106.38228,21.5587],[106.3819,21.55911],[106.38148,21.55926],[106.38038,21.55892],[106.38006,21.55837],[106.37942,21.55842],[106.37882,21.55801],[106.37757,21.558229999999998],[106.37688,21.55764],[106.37623,21.55767],[106.37598,21.55631],[106.37372,21.55654],[106.37292,21.55775],[106.37084,21.55725],[106.36938,21.55626],[106.36739,21.55717],[106.36656,21.55689],[106.36518,21.55708],[106.36419,21.55632],[106.36226,21.55587],[106.36188,21.55604],[106.36174,21.55564],[106.36094,21.55531],[106.35991,21.55593],[106.35789,21.55543],[106.3572,21.55569],[106.35653,21.55483],[106.35572,21.55473],[106.35508,21.55398],[106.3545,21.55386],[106.35444,21.55482],[106.3535,21.55553],[106.35294,21.55546],[106.35281,21.55448],[106.35234,21.55417],[106.35179,21.55475],[106.35037,21.55507],[106.35018,21.5557],[106.34897,21.55669],[106.34738,21.55582],[106.34858,21.55453],[106.3482,21.5536],[106.34761,21.55318],[106.34599,21.55415],[106.34531,21.55411],[106.34496,21.55227],[106.34358,21.55192],[106.34225,21.5529],[106.34254,21.55402],[106.34172,21.55592],[106.33904,21.55653],[106.33818,21.55719],[106.33775,21.5582],[106.3362,21.55924],[106.33537,21.55905],[106.33428,21.55954],[106.33352,21.55926],[106.33308,21.56012],[106.33217,21.56047],[106.3316,21.56143],[106.33128,21.56332],[106.33029,21.5634],[106.32897,21.56426],[106.32709,21.56423],[106.32661,21.56447],[106.32651,21.5651],[106.32575,21.56529],[106.32552,21.56649],[106.32682,21.56901],[106.32414,21.56972],[106.32332,21.57058],[106.3208,21.57213],[106.31883,21.57128],[106.31851,21.57281],[106.31712,21.57401],[106.31337,21.57351],[106.31278,21.57395],[106.3116,21.57356],[106.31073,21.57366],[106.30988,21.57417],[106.30905,21.57376],[106.30866,21.57316],[106.30805,21.5734],[106.3051,21.57311],[106.30414,21.57354],[106.30432,21.57472],[106.30268,21.57448],[106.30186,21.57392],[106.30017,21.57462],[106.30048,21.57639],[106.29973,21.57649],[106.29723,21.57584],[106.29576,21.57465],[106.29489,21.57555],[106.29319,21.57888],[106.29165,21.57753],[106.29103,21.57749],[106.29042,21.57788],[106.28712,21.57709],[106.28498,21.57802],[106.28304,21.57817],[106.28036,21.58111],[106.28017,21.58226],[106.27957,21.58274],[106.28002,21.58325],[106.28008,21.58451],[106.28076,21.5848],[106.28057,21.58611],[106.28083,21.58639],[106.28409,21.58709],[106.28552,21.58645],[106.28648,21.58729],[106.28737,21.58702],[106.28863,21.58866],[106.28979,21.58914],[106.29123,21.5887],[106.29435,21.58906],[106.29541999999999,21.5897],[106.29781,21.58896],[106.29858,21.58994],[106.29887,21.59182],[106.3,21.59095],[106.30122,21.59086],[106.30181,21.59121],[106.30192,21.59214],[106.30338,21.59249],[106.30458,21.5916],[106.30686,21.59166],[106.30713,21.58993],[106.30947,21.59032],[106.31033,21.59153],[106.31079,21.59171],[106.31122,21.59282],[106.31354,21.59407],[106.31468,21.59382],[106.31605,21.59466],[106.31624,21.59257],[106.31561,21.59181],[106.31657,21.59151],[106.31795,21.59015],[106.32023,21.59205],[106.32185,21.5921],[106.32209,21.59336],[106.32306,21.59266],[106.32352,21.59178],[106.32291,21.59017],[106.32501,21.59025],[106.3259,21.59285],[106.32733,21.59304],[106.32773,21.59349],[106.32771,21.59476],[106.32879,21.59471],[106.32974,21.59399],[106.33141,21.59439],[106.3316,21.59514],[106.33381,21.59432],[106.33562,21.59503],[106.33594,21.59476],[106.3357,21.59439],[106.33587,21.59409],[106.3394,21.5928],[106.34082,21.59384],[106.34171,21.59376],[106.34269,21.59311],[106.34338,21.59361],[106.34375,21.59442],[106.34492,21.59394],[106.34556,21.59424],[106.34635,21.59364],[106.34823,21.59325],[106.34857,21.59285],[106.34933,21.59289],[106.34968,21.59347],[106.3507,21.59327],[106.35126,21.5935],[106.35207,21.59301],[106.35273,21.593],[106.35293,21.59351],[106.35448,21.59458],[106.35603,21.59426],[106.35702,21.59467],[106.35692,21.59507],[106.35615,21.59556],[106.35632,21.59627],[106.35517,21.59678],[106.35595,21.59759],[106.35669,21.59951],[106.35878,21.60008],[106.3583,21.60138],[106.35894,21.60339],[106.36003,21.60291],[106.36006,21.60203],[106.36073,21.60141],[106.36062,21.60079],[106.3614,21.59985],[106.36283,21.5992],[106.36372,21.60118],[106.36417,21.60126],[106.36437,21.6006],[106.36518,21.6004],[106.36496,21.59976],[106.36549,21.59966],[106.36584,21.599],[106.36652,21.59931],[106.36902,21.59784],[106.37049,21.59765],[106.37179,21.59688],[106.37259,21.59687],[106.37344,21.59734],[106.37482,21.59676],[106.37855,21.59621],[106.37992,21.5973],[106.38028,21.59667],[106.38107,21.59743],[106.38069,21.59936],[106.38114,21.59956],[106.38203,21.59933],[106.38187,21.60005],[106.38217,21.6008],[106.38183,21.60136],[106.38276,21.60224],[106.38259,21.60319],[106.38378,21.60396],[106.384,21.60504],[106.3846,21.60559],[106.38478,21.60618],[106.38386,21.60734],[106.38352,21.60882],[106.38408,21.60972],[106.38583,21.61024],[106.38531,21.61114],[106.38542,21.61285],[106.38787,21.61259],[106.3888,21.61318],[106.39021,21.61337],[106.39102,21.61129],[106.39464,21.61047],[106.39503,21.61134],[106.39491,21.61214],[106.39534,21.61279],[106.39761,21.6128],[106.39858,21.61366],[106.39892,21.6144],[106.40031,21.61544],[106.40072,21.61648],[106.39871,21.61909],[106.39912,21.62122],[106.40006,21.62169],[106.3998,21.62211],[106.39992,21.62301],[106.39921,21.62419],[106.39975,21.62508],[106.39956,21.62555],[106.39888,21.62568],[106.39897,21.62697],[106.39958,21.62682],[106.39992,21.62728],[106.39948,21.6288],[106.39937,21.63269],[106.40028,21.63368],[106.39995,21.63598],[106.40245,21.6359],[106.40275,21.636],[106.40329,21.63728],[106.40551,21.6378],[106.40561,21.63872],[106.40614,21.63957],[106.40615,21.64254],[106.40733,21.64337],[106.40752,21.64444],[106.40791,21.64465],[106.4064,21.64633],[106.40556,21.64797],[106.40525,21.64889],[106.40539,21.64994],[106.40372,21.65006],[106.40194,21.6496],[106.40136,21.64913],[106.40016,21.64961],[106.39974,21.65121],[106.40111,21.6515],[106.40085,21.653199999999998],[106.40193,21.6544],[106.40209,21.65596],[106.40327,21.65667],[106.4065,21.65641],[106.40858,21.65505]]]]}},
{"type":"Feature","id":"06436","properties":{"Ward_Code":"06436","Ward_Code_Num":6436,"Ward":"Thiện Tân","Ward_Alt":"Thiện Tân","Ward_Upper":"THIỆN TÂN","Ward_Full":"Xã Thiện Tân","Ward_Full_Alt":"Xã Thiện Tân","Ward_Full_Upper_Alt":"XÃ THIỆN TÂN","Ward_Type":"Xã","Province_Code":"20","Province":"Lạng Sơn","Province_Upper_Alt":"LẠNG SƠN"},"geometry":{"type":"MultiPolygon","coordinates":[[[[106.19184,21.60938],[106.19363,21.60898],[106.19502,21.60926],[106.1965,21.60897],[106.19838,21.60759],[106.1992,21.60808],[106.20015,21.60931],[106.20562,21.60765],[106.20647,21.608],[106.20762,21.60796],[106.20886,21.60687],[106.20982,21.60835],[106.21232,21.61039],[106.21314,21.61038],[106.21423,21.60953],[106.21463,21.60954],[106.215,21.61007],[106.21622,21.60996],[106.21689,21.60973],[106.2168,21.6092],[106.21898,21.60736],[106.21891,21.60649],[106.2177,21.60508],[106.21907,21.60348],[106.22053,21.60424],[106.22359,21.60462],[106.22671,21.60575],[106.22761,21.6055],[106.22812,21.60473],[106.23012,21.60522],[106.23109,21.60489],[106.23164,21.6052],[106.23356,21.60534],[106.23346,21.60362],[106.23378,21.60311],[106.23472,21.60349],[106.23593,21.60477],[106.23746,21.60537],[106.23821,21.6053],[106.23922,21.60464],[106.23893,21.6041],[106.23964,21.60377],[106.24079,21.60395],[106.24169,21.60482],[106.24261,21.60353],[106.2436,21.60337],[106.24599,21.6021],[106.24747,21.60228],[106.24868,21.59971],[106.24922,21.59948],[106.24975,21.6002],[106.25125,21.60108],[106.25329,21.6012],[106.25404,21.59958],[106.25491,21.59866],[106.25809,21.59786],[106.25931,21.5987],[106.26,21.5999],[106.2627,21.59997],[106.26363,21.59791],[106.26547,21.59724],[106.26769,21.59757],[106.26812,21.59731],[106.2682,21.59667],[106.27049,21.59621],[106.27099,21.59551],[106.27161,21.59578],[106.27241,21.59545],[106.27317,21.59484],[106.27325,21.59406],[106.27443,21.59258],[106.27602,21.59131],[106.2756,21.58947],[106.27512,21.58916],[106.27331,21.58939],[106.27269,21.58838],[106.27308,21.58778],[106.27404,21.58774],[106.27415,21.58726],[106.27497,21.5868],[106.27444,21.58607],[106.27466,21.58471],[106.27395,21.58423],[106.27351,21.58333],[106.27151,21.58427],[106.27062,21.58432],[106.27037,21.5829],[106.26993,21.58322],[106.26971,21.58287],[106.26921,21.58312],[106.26944,21.58268],[106.26916,21.58247],[106.26889,21.58306],[106.26793,21.58287],[106.26695,21.58329],[106.26601,21.58227],[106.26376,21.58193],[106.26261,21.58128],[106.26375,21.57926],[106.26202,21.57802],[106.26128,21.57806],[106.26299,21.57651],[106.26334,21.57573],[106.26432,21.57542],[106.26453,21.57502],[106.26402,21.57383],[106.262,21.57267],[106.26247,21.57182],[106.26325,21.57132],[106.26313,21.57039],[106.26353,21.56987],[106.26217,21.56719],[106.26221,21.56638],[106.26042,21.56634],[106.25954,21.56589],[106.25679,21.56603],[106.2549,21.5657],[106.25438,21.56628],[106.25315,21.56664],[106.25268,21.56816],[106.25188,21.56861],[106.25064,21.56797],[106.2483,21.56567],[106.24703,21.565],[106.24499,21.56315],[106.24524,21.56267],[106.24509,21.56171],[106.24401,21.56069],[106.24492,21.55938],[106.24566,21.55944],[106.2459,21.55895],[106.24779,21.55961],[106.24864,21.55952],[106.2488,21.55891],[106.24978,21.55781],[106.25056,21.55764],[106.2503,21.55713],[106.25078,21.55638],[106.25134,21.55611],[106.25188,21.55626],[106.2527,21.5558],[106.25385,21.55435],[106.25541,21.55416],[106.25651,21.5549],[106.25695,21.55392],[106.25818,21.55358],[106.25689,21.55197],[106.25478,21.55119],[106.25445,21.55006],[106.25259,21.54909],[106.25222,21.54775],[106.2503,21.54707],[106.24968,21.54585],[106.24854,21.54499],[106.24747,21.54508],[106.24543,21.5446],[106.24362,21.54498],[106.24312,21.54294],[106.24264,21.54251],[106.24261,21.5418],[106.24201,21.54099],[106.2407,21.54145],[106.24067,21.54218],[106.24006,21.54204],[106.24053,21.54048],[106.24047,21.53959],[106.24105,21.53814],[106.24102,21.53709],[106.2398,21.53694],[106.23906,21.5351],[106.23791,21.53457],[106.23528,21.53469],[106.23559,21.53343],[106.23685,21.53121],[106.23634,21.52962],[106.23544,21.52975],[106.23534,21.5295],[106.23408,21.52947],[106.23357,21.52888],[106.23266,21.52898],[106.23268,21.52521],[106.22601,21.52247],[106.22658,21.52144],[106.22647,21.52104],[106.22603,21.52085],[106.22594,21.52021],[106.22482,21.51892],[106.224,21.51847],[106.22456,21.51788],[106.22487,21.51797],[106.22446,21.51742],[106.22548,21.51514],[106.22462,21.5144],[106.22298,21.51444],[106.22232,21.51399],[106.22191,21.51246],[106.22218,21.51204],[106.22303,21.51203],[106.22331,21.51175],[106.22291,21.51004],[106.22298,21.50877],[106.22383,21.5084],[106.22451,21.50874],[106.22563,21.50861],[106.22666,21.50633],[106.22885,21.50606],[106.22865,21.50558],[106.22762,21.50521],[106.22736,21.50453],[106.22754,21.50066],[106.22605,21.49979],[106.22641,21.49806],[106.22597,21.49688],[106.22666,21.49545],[106.22617,21.49477],[106.22484,21.49418],[106.22319,21.49408],[106.2228,21.49522],[106.22191,21.49569],[106.22122,21.49673],[106.22015,21.49587],[106.2196,21.49613],[106.21772,21.49579],[106.21728,21.49636],[106.2152,21.49613],[106.21329,21.49636],[106.21073,21.49717],[106.20985,21.49693],[106.20908,21.49724],[106.20852,21.49808],[106.20608,21.49988],[106.2046,21.49987],[106.20306,21.5004],[106.20158,21.49995],[106.2001,21.50003],[106.19942,21.50063],[106.19854,21.50064],[106.19733,21.5012],[106.19669,21.50206],[106.19438,21.50282],[106.19248,21.50557],[106.18978,21.50566],[106.18667,21.50746],[106.18595,21.5082],[106.18362,21.50751],[106.18308,21.50883],[106.17896,21.50936],[106.17723,21.50888],[106.17671,21.50831],[106.17587,21.50804],[106.17489,21.50911],[106.17319,21.5095],[106.17244,21.51043],[106.16934,21.51168],[106.16753,21.51415],[106.16796,21.51473],[106.16782,21.51691],[106.1685,21.51785],[106.1685,21.51889],[106.16735,21.52074],[106.1677,21.52265],[106.16833,21.52355],[106.16793,21.52607],[106.16834,21.52776],[106.16819,21.5287],[106.17024,21.53211],[106.16993,21.53385],[106.17069,21.53459],[106.17041999999999,21.5357],[106.16829,21.53764],[106.16789,21.54032],[106.16738,21.54063],[106.16732,21.54365],[106.16976,21.54666],[106.1706,21.54824],[106.1708,21.5493],[106.16972,21.55187],[106.16914,21.55192],[106.16866,21.55247],[106.16843,21.55377],[106.16914,21.55643],[106.16852,21.55725],[106.16775,21.56072],[106.16827,21.56267],[106.16928,21.56336],[106.1691,21.56412],[106.16934,21.56542],[106.16978,21.56588],[106.16843,21.5676],[106.16938,21.56991],[106.16978,21.57209],[106.16934,21.57341],[106.16712,21.57569],[106.16692,21.57668],[106.16765,21.57936],[106.1685,21.57962],[106.16917,21.58064],[106.16872,21.58181],[106.16876,21.58273],[106.16922,21.58398],[106.16993,21.58452],[106.16986,21.5852],[106.1703,21.58635],[106.17067,21.58944],[106.17028,21.59067],[106.17061,21.59176],[106.16981,21.59337],[106.16943,21.59535],[106.17016,21.5962],[106.17172,21.59686],[106.17537,21.59753],[106.17568,21.59843],[106.17669,21.59938],[106.17694,21.60052],[106.17771,21.60119],[106.17932,21.60163],[106.182,21.60182],[106.18388,21.6034],[106.18529,21.604],[106.18793,21.61142],[106.19105,21.61176],[106.1921,21.61075],[106.19184,21.60938]]]]}},
{"type":"Feature","id":"06445","properties":{"Ward_Code":"06445","Ward_Code_Num":6445,"Ward":"Tân Thành","Ward_Alt":"Tân Thành","Ward_Upper":"TÂN THÀNH","Ward_Full":"Xã Tân Thành","Ward_Full_Alt":"Xã Tân Thành","Ward_Full_Upper_Alt":"XÃ TÂN THÀNH","Ward_Type":"Xã","Province_Code":"20","Province":"Lạng Sơn","Province_Upper_Alt":"LẠNG SƠN"},"geometry":{"type":"MultiPolygon","coordinates":[[[[106.45626,21.56798],[106.4592,21.56734],[106.46018,21.56802],[106.4611,21.56737],[106.46258,21.5675],[106.4639,21.56697],[106.46431,21.56618],[106.46617,21.56598],[106.46662,21.56538],[106.46764,21.5655],[106.46909,21.56509],[106.46841,21.56397],[106.46834,21.5627],[106.46884,21.56196],[106.46869,21.56091],[106.46956,21.56121],[106.4705,21.56087],[106.47097,21.56026],[106.47089,21.55973],[106.47171,21.55916],[106.47345,21.55641],[106.47493,21.55643],[106.47533,21.55558],[106.4764,21.5555],[106.47791,21.55592],[106.47819,21.5552],[106.4787,21.5548],[106.47933,21.5548],[106.48045,21.55375],[106.48103,21.55426],[106.4816,21.55406],[106.48233,21.55282],[106.49387,21.55808],[106.49508,21.55909],[106.49655,21.55791],[106.49751,21.55627],[106.49828,21.55586],[106.5007,21.55586],[106.50087,21.55664],[106.50127,21.55681],[106.50417,21.55626],[106.50551,21.55527],[106.50535,21.55395],[106.50573,21.55348],[106.50945,21.55154],[106.51096,21.55112],[106.51249,21.54849],[106.5129,21.54521],[106.51243,21.5435],[106.51692,21.54168],[106.52,21.53759],[106.52216,21.53556],[106.51809,21.53218],[106.5151,21.53177],[106.5128,21.52937],[106.51205,21.52805],[106.51123,21.52786],[106.51055,21.52686],[106.5087,21.52586],[106.50854,21.52442],[106.50762,21.52349],[106.5077,21.52265],[106.50688,21.52092],[106.50724,21.51991],[106.50814,21.51901],[106.51095,21.5175],[106.51142,21.51639],[106.51064,21.51545],[106.51058,21.51492],[106.51197,21.51452],[106.51413,21.51212],[106.51662,21.51025],[106.51726,21.50899],[106.51877,21.50248],[106.52164,21.49954],[106.52094,21.49901],[106.52006,21.49628],[106.51854,21.49582],[106.51809,21.4946],[106.51107,21.4877],[106.51082,21.48679],[106.51025,21.48632],[106.50954,21.48628],[106.50868,21.48447],[106.50706,21.48519],[106.50647,21.48467],[106.50564,21.48478],[106.50481,21.48432],[106.50312,21.48472],[106.49983,21.48346],[106.49874,21.48379],[106.4944,21.48283],[106.49416,21.48143],[106.49274,21.47847],[106.49298,21.47676],[106.49267999999999,21.47598],[106.4931,21.47474],[106.49261,21.47394],[106.4921,21.47383],[106.4887,21.47103],[106.48909,21.47056],[106.48924,21.4693],[106.48806,21.46713],[106.4873,21.46655],[106.48807,21.464479999999998],[106.48834,21.46257],[106.48764,21.46125],[106.48538,21.45941],[106.48447,21.45797],[106.48478,21.45669],[106.48348,21.45338],[106.48351,21.45136],[106.48302,21.45057],[106.48257,21.44858],[106.48152,21.44831],[106.48101,21.44765],[106.48042,21.44753],[106.47824,21.44748],[106.47716,21.44832],[106.47611,21.44862],[106.473,21.44786],[106.47251,21.44619],[106.47126,21.44471],[106.47119,21.44364],[106.47185,21.44292],[106.47168,21.4418],[106.47067,21.44126],[106.4698,21.43987],[106.46863,21.43882],[106.46762,21.43868],[106.46696,21.43823],[106.46619,21.43698],[106.46473,21.43677],[106.4626,21.43751],[106.46077,21.43716],[106.46038,21.43781],[106.45934,21.43841],[106.4575,21.43791],[106.45739,21.43838],[106.45624,21.43794],[106.45451,21.43838],[106.45402,21.43923],[106.45232,21.4401],[106.45078,21.43636],[106.44962,21.43607],[106.44717,21.4364],[106.44359,21.43618],[106.44223,21.43847],[106.44207,21.44],[106.44021,21.44107],[106.43942,21.44307],[106.43853,21.44383],[106.43786,21.44361],[106.43698,21.44243],[106.43472,21.44224],[106.434,21.43918],[106.43278,21.43794],[106.43039,21.43799],[106.4296,21.43959],[106.42758,21.44027],[106.42443,21.43949],[106.41989,21.43758],[106.41912,21.43774],[106.41759,21.4372],[106.41691,21.43864],[106.41578,21.43875],[106.41341,21.43726],[106.41168,21.4368],[106.41005,21.43697],[106.40773,21.4385],[106.40731,21.43994],[106.40778,21.44205],[106.40774,21.4435],[106.40854,21.44493],[106.40929,21.44554],[106.4094,21.44617],[106.4086,21.449],[106.40841,21.45109],[106.40869,21.45174],[106.40978,21.45248],[106.41121,21.45252],[106.41194,21.45288],[106.4123,21.45429],[106.41387,21.45618],[106.4138,21.45738],[106.41322,21.45826],[106.41344,21.45952],[106.41479,21.46033],[106.41682,21.46293],[106.4157,21.4636],[106.41476,21.46519],[106.41312,21.4663],[106.41236,21.46658],[106.41153,21.4664],[106.41144,21.46808],[106.4099,21.46851],[106.41026,21.46912],[106.41012,21.47009],[106.41044,21.47171],[106.40956,21.47315],[106.40978,21.47327],[106.40933,21.47469],[106.40811,21.47608],[106.40767,21.47908],[106.40812,21.48074],[106.40742,21.48169],[106.40597,21.48232],[106.40541,21.48313],[106.40528,21.4827],[106.40449,21.48221],[106.40239,21.48214],[106.40177,21.48184],[106.40144,21.48273],[106.39878,21.48542],[106.40064,21.48755],[106.40099,21.48853],[106.40175,21.48842],[106.40208,21.4891],[106.40298,21.48919],[106.40492,21.4916],[106.40511,21.49322],[106.40614,21.49455],[106.40578,21.4953],[106.40581,21.49693],[106.40525,21.49783],[106.40578,21.49929],[106.40585,21.50074],[106.40679,21.50144],[106.40707,21.50286],[106.40826,21.50367],[106.40882,21.50527],[106.41112,21.50694],[106.41214,21.50814],[106.41238,21.51044],[106.41292,21.51074],[106.4123,21.51144],[106.41271,21.51478],[106.4124,21.51618],[106.4125,21.51756],[106.41103,21.52087],[106.41273,21.52228],[106.41394,21.52275],[106.41584,21.52475],[106.41614,21.5273],[106.41558,21.52837],[106.4168,21.52896],[106.41804,21.53025],[106.41873,21.53053],[106.41939,21.5323],[106.4199,21.53284],[106.42257,21.53297],[106.4231,21.53177],[106.42546,21.53197],[106.4272,21.53301],[106.42869,21.53263],[106.43202,21.52934],[106.4326,21.53036],[106.43341,21.53101],[106.4338,21.53194],[106.43481,21.53225],[106.43574,21.53386],[106.4372,21.53478],[106.43732,21.536],[106.43654,21.53762],[106.4371,21.53859],[106.4377,21.53898],[106.43792,21.54073],[106.43686,21.5415],[106.43692,21.54275],[106.43326,21.54562],[106.43345,21.54613],[106.43406,21.54608],[106.4344,21.54644],[106.43541,21.54609],[106.43515,21.54721],[106.43562,21.54736],[106.43608,21.54805],[106.43484,21.54908],[106.43511,21.55116],[106.43407,21.55192],[106.43379,21.55253],[106.43295,21.55297],[106.43242,21.55404],[106.43329,21.55436],[106.43526,21.55435],[106.43516,21.55812],[106.43567,21.55888],[106.43554,21.56031],[106.43473,21.5616],[106.43486,21.5622],[106.43561,21.56249],[106.43662,21.56398],[106.43572,21.56526],[106.43639,21.56585],[106.43741,21.56609],[106.43882,21.56577],[106.44117,21.5669],[106.44184,21.56674],[106.44218,21.56732],[106.44476,21.56634],[106.44574,21.56529],[106.44703,21.56538],[106.44801,21.56588],[106.44762,21.56685],[106.44959,21.56791],[106.45073,21.56739],[106.45186,21.5675],[106.45213,21.56723],[106.45294,21.56755],[106.45336,21.56812],[106.45626,21.56798]]]]}},
{"type":"Feature","id":"06457","properties":{"Ward_Code":"06457","Ward_Code_Num":6457,"Ward":"Tuấn Sơn","Ward_Alt":"Tuấn Sơn","Ward_Upper":"TUẤN SƠN","Ward_Full":"Xã Tuấn Sơn","Ward_Full_Alt":"Xã Tuấn Sơn","Ward_Full_Upper_Alt":"XÃ TUẤN SƠN","Ward_Type":"Xã","Province_Code":"20","Province":"Lạng Sơn","Province_Upper_Alt":"LẠNG SƠN"},"geometry":{"type":"MultiPolygon","coordinates":[[[[106.32428,21.52509],[106.32463,21.52449],[106.32436,21.52247],[106.32522,21.52154],[106.32561,21.51891],[106.32544,21.51835],[106.32642,21.51698],[106.32779,21.51764],[106.32921,21.51671],[106.32977,21.51668],[106.32949,21.51591],[106.32977,21.51514],[106.32945,21.51401],[106.32953,21.51228],[106.33013,21.51122],[106.33186,21.50958],[106.33194,21.50839],[106.33133,21.5071],[106.33387,21.50412],[106.33337,21.50373],[106.33366,21.50321],[106.33308,21.50165],[106.33426,21.50217],[106.33484,21.50154],[106.33417,21.50102],[106.33427,21.50029],[106.33364,21.50014],[106.33382,21.49927],[106.33231,21.49806],[106.33261,21.49718],[106.33523,21.49481],[106.3349,21.49335],[106.33678,21.49232],[106.33631,21.4916],[106.33697,21.49052],[106.33677,21.48967],[106.33727,21.48967],[106.33783,21.49024],[106.33831,21.49011],[106.33836,21.4894],[106.33798,21.48924],[106.3379,21.48844],[106.33863,21.48734],[106.33913,21.48549],[106.34024,21.48523],[106.34125,21.48424],[106.34169,21.48428],[106.34229,21.48498],[106.34402,21.48486],[106.34523,21.48394],[106.34564,21.48252],[106.34636,21.48231],[106.34615,21.48197],[106.34518,21.48176],[106.34539,21.4811],[106.34614,21.48049],[106.34539,21.4797],[106.34507,21.47867],[106.34522,21.47665],[106.34554,21.47686],[106.34645,21.4766],[106.34728,21.47702],[106.34832,21.47661],[106.34931,21.47721],[106.35143,21.47741],[106.35277,21.47693],[106.35494,21.47906],[106.35604,21.47953],[106.35746,21.47954],[106.35802,21.48095],[106.36038,21.48281],[106.3626,21.4835],[106.36419,21.48327],[106.3645,21.48407],[106.3652,21.48453],[106.36635,21.4828],[106.36752,21.47986],[106.36881,21.47838],[106.36955,21.47528],[106.37028,21.47526],[106.37053,21.47467],[106.3717,21.47506],[106.37178,21.47423],[106.37225,21.47445],[106.37218,21.47511],[106.3724,21.47514],[106.37274,21.47415],[106.37331,21.47489],[106.37482,21.47524],[106.37506,21.47555],[106.3752,21.47487],[106.37688,21.47398],[106.37727,21.47334],[106.37817,21.47307],[106.3783,21.47334],[106.37917,21.47292],[106.37946,21.47345],[106.37918,21.4739],[106.37968,21.47381],[106.38036,21.47424],[106.38064,21.47368],[106.38202,21.47382],[106.38304,21.47508],[106.38387,21.47537],[106.38528,21.47526],[106.38533,21.47568],[106.38589,21.47598],[106.38638,21.47579],[106.38656,21.47488],[106.3871,21.47457],[106.38786,21.47537],[106.38894,21.47524],[106.38942,21.47556],[106.39035,21.47505],[106.39106,21.47569],[106.39112,21.47645],[106.39184,21.47646],[106.39162,21.47714],[106.39236,21.47738],[106.39283,21.47724],[106.39325,21.47636],[106.39296,21.47598],[106.39359,21.47557],[106.39416,21.47742],[106.3967,21.47905],[106.39698,21.48041],[106.39735,21.47978],[106.39856,21.48025],[106.39862,21.4812],[106.39898,21.48154],[106.40039,21.48133],[106.40058,21.48202],[106.40177,21.48184],[106.40239,21.48214],[106.4044,21.48218],[106.40528,21.4827],[106.40541,21.48313],[106.40597,21.48232],[106.40742,21.48169],[106.40812,21.48074],[106.40767,21.47908],[106.40811,21.47608],[106.40933,21.47469],[106.40978,21.47327],[106.40956,21.47315],[106.41044,21.47171],[106.41012,21.47009],[106.41026,21.46912],[106.4099,21.46851],[106.41144,21.46808],[106.41153,21.4664],[106.41236,21.46658],[106.41312,21.4663],[106.41476,21.46519],[106.4157,21.4636],[106.41682,21.46293],[106.41479,21.46033],[106.41344,21.45952],[106.41322,21.45826],[106.4138,21.45738],[106.41387,21.45618],[106.4123,21.45429],[106.41194,21.45288],[106.41121,21.45252],[106.40978,21.45248],[106.40852,21.45139],[106.4086,21.449],[106.4094,21.44617],[106.40929,21.44554],[106.40854,21.44493],[106.40774,21.4435],[106.40735,21.43969],[106.40773,21.4385],[106.41016,21.43694],[106.41168,21.4368],[106.41341,21.43726],[106.41578,21.43875],[106.41691,21.43864],[106.41759,21.4372],[106.41572,21.43491],[106.41418,21.43197],[106.41152,21.43178],[106.40989,21.43128],[106.40874,21.42998],[106.40542,21.42886],[106.40518,21.42716],[106.40534,21.42419],[106.40861,21.41907],[106.41012,21.41885],[106.4123,21.41771],[106.41461,21.41738],[106.41543,21.41625],[106.4158,21.41353],[106.41531,21.41222],[106.41594,21.41087],[106.41593,21.40918],[106.41622,21.40859],[106.41594,21.40783],[106.41185,21.40521],[106.41109,21.40563],[106.40907,21.40562],[106.40708,21.40438],[106.40629,21.40463],[106.40509,21.40371],[106.40119,21.40618],[106.40059,21.40503],[106.39519,21.4053],[106.39407,21.40374],[106.393,21.4036],[106.39198,21.40262],[106.39068,21.40047],[106.39079,21.39998],[106.38948,21.39956],[106.38726,21.39732],[106.38512,21.39654],[106.38171,21.39637],[106.38122,21.39558],[106.37806,21.3936],[106.37695,21.39356],[106.37658,21.3943],[106.37561,21.3946],[106.37308,21.3945],[106.37071,21.39529],[106.36959,21.39749],[106.3672,21.39945],[106.36554,21.39828],[106.36469,21.39827],[106.3632,21.39741],[106.36158,21.39584],[106.36001,21.39621],[106.35863,21.39566],[106.35756,21.3966],[106.35384,21.39731],[106.35154,21.39604],[106.34979,21.39704],[106.349,21.39896],[106.34745,21.40062],[106.34595,21.40108],[106.34535,21.40084],[106.34497,21.39984],[106.34372,21.3987],[106.34161,21.39972],[106.34049,21.39976],[106.34091,21.39685],[106.33904,21.39894],[106.33818,21.39817],[106.33701,21.40006],[106.33663,21.40274],[106.33574,21.40318],[106.33513,21.40395],[106.33262,21.40483],[106.3314,21.40469],[106.33066,21.40572],[106.33014,21.40755],[106.3293,21.40831],[106.32873,21.40862],[106.32779,21.40811],[106.32498,21.40904],[106.32425,21.40942],[106.32327,21.41063],[106.32408,21.41176],[106.32412,21.4144],[106.32493,21.41539],[106.32564,21.41746],[106.32704,21.42005],[106.32478,21.42446],[106.32595,21.4256],[106.32705,21.42511],[106.32781,21.4255],[106.32834,21.4264],[106.3281,21.42837],[106.32914,21.42984],[106.33042,21.43088],[106.33019,21.43154],[106.32967,21.43119],[106.32931,21.43137],[106.32994,21.43349],[106.33137,21.4337],[106.33154,21.434],[106.33123,21.43472],[106.33147,21.43496],[106.33284,21.43423],[106.3334,21.43558],[106.33322,21.43668],[106.33234,21.43722],[106.3333,21.43816],[106.33186,21.4386],[106.33156,21.43945],[106.33032,21.4397],[106.32888,21.44109],[106.32881,21.44357],[106.32942,21.44573],[106.32896,21.44656],[106.32714,21.44773],[106.32562,21.44806],[106.32205,21.44667],[106.31862,21.44662],[106.3179,21.44602],[106.31719,21.44441],[106.3161,21.44407],[106.31479,21.44518],[106.31417,21.44796],[106.31258,21.45072],[106.31166,21.45165],[106.31057,21.45194],[106.30408,21.4482],[106.30394,21.44597],[106.30576,21.44446],[106.30632,21.44355],[106.30631,21.44263],[106.30574,21.4421],[106.30516,21.442],[106.30084,21.44312],[106.29939,21.44616],[106.29874,21.4466],[106.29776,21.44618],[106.29611,21.44324],[106.29529,21.44296],[106.29379,21.44389],[106.2916,21.44592],[106.28815,21.44982],[106.28838,21.45069],[106.29004,21.45235],[106.29058,21.45335],[106.29064,21.45453],[106.29019,21.45567],[106.28962,21.456],[106.28908,21.45585],[106.28778,21.45505],[106.2852,21.45267],[106.28336,21.45227],[106.28415,21.45392],[106.28327,21.45634],[106.28295,21.45655],[106.28404,21.45728],[106.284,21.45827],[106.28506,21.45966],[106.28448,21.46207],[106.28507,21.46229],[106.28588,21.4638],[106.28607,21.46511],[106.28702,21.4661],[106.28683,21.46769],[106.28644,21.46835],[106.28672,21.46949],[106.28726,21.4699],[106.28666,21.47051],[106.28641,21.47136],[106.28471,21.47089],[106.28365,21.47097],[106.28275,21.47242],[106.28325,21.47478],[106.28387,21.47524],[106.28532,21.47878],[106.2843,21.48096],[106.28431,21.4816],[106.28498,21.48233],[106.28526,21.48372],[106.28599,21.48495],[106.28594,21.48584],[106.2852,21.48751],[106.28574,21.48811],[106.28611,21.48926],[106.28724,21.48989],[106.28731,21.49074],[106.28921,21.49221],[106.29146,21.49225],[106.29279,21.49189],[106.29364,21.49222],[106.29434,21.49361],[106.29755,21.49656],[106.29899,21.49676],[106.29941,21.49638],[106.29966,21.49684],[106.29915,21.49829],[106.2996,21.49909],[106.29913,21.49882],[106.29856,21.49894],[106.29854,21.49999],[106.29658,21.50084],[106.29682,21.50133],[106.29822,21.50224],[106.29808,21.50374],[106.2964,21.50786],[106.29649,21.50842],[106.29708,21.50869],[106.29543,21.51167],[106.29573,21.51462],[106.29657,21.51559],[106.29729,21.51728],[106.29658,21.51777],[106.29661,21.51889],[106.29692,21.51932],[106.29774,21.51914],[106.29845,21.51963],[106.29958,21.52188],[106.3004,21.52226],[106.30091,21.52434],[106.30203,21.52481],[106.30426,21.52515],[106.30658,21.52484],[106.30784,21.52541],[106.30915,21.52381],[106.31057,21.52426],[106.31125,21.52362],[106.3132,21.52329],[106.31401,21.5228],[106.31611,21.52371],[106.31725,21.52359],[106.31898,21.52452],[106.32099,21.52471],[106.32167,21.5252],[106.32294,21.52509],[106.32406,21.52546],[106.32428,21.52509]]]]}},
{"type":"Feature","id":"06463","properties":{"Ward_Code":"06463","Ward_Code_Num":6463,"Ward":"Chi Lăng","Ward_Alt":"Chi Lăng","Ward_Upper":"CHI LĂNG","Ward_Full":"Xã Chi Lăng","Ward_Full_Alt":"Xã Chi Lăng","Ward_Full_Upper_Alt":"XÃ CHI LĂNG","Ward_Type":"Xã","Province_Code":"20","Province":"Lạng Sơn","Province_Upper_Alt":"LẠNG SƠN"},"geometry":{"type":"MultiPolygon","coordinates":[[[[106.59123,21.67932],[106.59239,21.67743],[106.59686,21.67761],[106.59773,21.67671],[106.60131,21.67496],[106.60218,21.67414],[106.60268,21.67461],[106.60455,21.67438],[106.60424,21.67327],[106.60554,21.67274],[106.60552,21.67165],[106.60678,21.6714],[106.60788,21.67034],[106.60843,21.6682],[106.60965,21.66845],[106.61028,21.66754],[106.61074,21.66409],[106.61176,21.66358],[106.6142,21.66148],[106.61572,21.6612],[106.61616,21.66033],[106.61581,21.65939],[106.61754,21.65782],[106.61857,21.65544],[106.61664,21.65161],[106.61717,21.64758],[106.61619,21.64788],[106.61557,21.64724],[106.61449,21.6468],[106.61437,21.64644],[106.61384,21.64655],[106.61237,21.64577],[106.61141,21.6461],[106.61056,21.64563],[106.60989,21.64604],[106.60788,21.64494],[106.6058,21.64468],[106.60441,21.64349],[106.60378,21.64152],[106.60174,21.64091],[106.60016,21.64122],[106.59944,21.64051],[106.59891,21.63917],[106.59695,21.63773],[106.59802,21.63692],[106.59714,21.63523],[106.59726,21.63478],[106.5949,21.63358],[106.59292,21.63188],[106.59222,21.63171],[106.59171,21.63097],[106.59182,21.62963],[106.59245,21.62877],[106.5925,21.62711],[106.58957,21.62652],[106.58699,21.62658],[106.58544,21.62421],[106.58444,21.62174],[106.58478,21.62012],[106.58392,21.61995],[106.58244,21.61855],[106.58048,21.61812],[106.57727,21.61922],[106.57701,21.61968],[106.57666,21.61935],[106.57639,21.61787],[106.57683,21.61702],[106.57641,21.61657],[106.576,21.61434],[106.57474,21.61419],[106.57419,21.61372],[106.57381,21.61273],[106.5723,21.6111],[106.57063,21.61024],[106.57036,21.60956],[106.56802,21.60692],[106.5683,21.60562],[106.56969,21.60471],[106.57033,21.60285],[106.57088,21.60251],[106.57026,21.60146],[106.57012,21.59938],[106.5676,21.59869],[106.56702,21.59718],[106.56618,21.59612],[106.56533,21.59621],[106.56398,21.59563],[106.56154,21.594],[106.56035,21.59374],[106.55886,21.59406],[106.55728,21.59501],[106.55573,21.5927],[106.55581,21.59204],[106.55544,21.5915],[106.5559,21.58978],[106.55217,21.58882],[106.55285,21.58346],[106.55197,21.58233],[106.55127,21.58237],[106.54977,21.58138],[106.54888,21.57892],[106.54461,21.57748],[106.54383,21.57664],[106.54325,21.57568],[106.54311,21.57455],[106.54141,21.57265],[106.54166,21.57153],[106.54225,21.57087],[106.54063,21.56863],[106.54003,21.56721],[106.53806,21.56637],[106.53768,21.56514],[106.536,21.56404],[106.53551,21.56333],[106.53461,21.56323],[106.53286,21.56384],[106.53058,21.5629],[106.52958,21.56154],[106.52954,21.56036],[106.5275,21.55905],[106.52708,21.55719],[106.52721,21.55554],[106.52624,21.5541],[106.526,21.55312],[106.52766,21.55174],[106.52749,21.55127],[106.52774,21.55053],[106.52628,21.54952],[106.52584,21.54853],[106.52579,21.5475],[106.5264,21.54682],[106.52633,21.54486],[106.52546,21.54406],[106.52464,21.5426],[106.52468,21.54115],[106.52364,21.53946],[106.52216,21.53556],[106.52,21.53759],[106.51692,21.54168],[106.51243,21.5435],[106.5129,21.54521],[106.51249,21.54849],[106.51144,21.55051],[106.51077,21.55128],[106.50945,21.55154],[106.50573,21.55348],[106.50535,21.55395],[106.50551,21.55527],[106.50411,21.55629],[106.50127,21.55681],[106.50087,21.55664],[106.5007,21.55586],[106.49828,21.55586],[106.49751,21.55627],[106.49655,21.55791],[106.49507,21.55909],[106.49387,21.55808],[106.48233,21.55282],[106.4816,21.55406],[106.48103,21.55426],[106.48045,21.55375],[106.47933,21.5548],[106.4787,21.5548],[106.47819,21.5552],[106.47791,21.55592],[106.4764,21.5555],[106.47533,21.55558],[106.47493,21.55643],[106.47345,21.55641],[106.47171,21.55916],[106.47089,21.55973],[106.47097,21.56026],[106.4705,21.56087],[106.46956,21.56121],[106.46869,21.56091],[106.46884,21.56196],[106.46834,21.5627],[106.46841,21.56397],[106.46909,21.56509],[106.4707,21.56428],[106.4719,21.56411],[106.4728,21.56443],[106.47305,21.56483],[106.47296,21.56608],[106.47347,21.56568],[106.47429,21.56572],[106.47533,21.56636],[106.47567,21.56722],[106.47531,21.5682],[106.47565,21.56882],[106.47716,21.5697],[106.47769,21.56956],[106.47802,21.57036],[106.4785,21.57064],[106.47914,21.56972],[106.47982,21.56963],[106.48092,21.5705],[106.48251,21.5746],[106.48211,21.57665],[106.48219,21.57907],[106.48351,21.57979],[106.48408,21.58055],[106.48092,21.58226],[106.48154,21.58373],[106.48179,21.586],[106.4816,21.58727],[106.48217,21.58802],[106.48327,21.58795],[106.48408,21.58862],[106.48494,21.58875],[106.48655,21.59023],[106.48806,21.58882],[106.48883,21.58865],[106.48957,21.5875],[106.48981,21.58625],[106.49066,21.58536],[106.49177,21.58565],[106.49256,21.58541],[106.49476,21.58567],[106.49593,21.58513],[106.49656,21.58566],[106.49852,21.58548],[106.49902,21.58648],[106.49905,21.58807],[106.5,21.58782],[106.50052,21.58832],[106.50054,21.58949],[106.50086,21.58979],[106.50122,21.59186],[106.50177,21.59184],[106.50222,21.59243],[106.50262,21.59233],[106.50324,21.59276],[106.50458,21.5947],[106.506,21.59554],[106.5064,21.59784],[106.50495,21.60009],[106.50527,21.601],[106.50495,21.60209],[106.50321,21.6039],[106.50272,21.60565],[106.50162,21.60642],[106.50231,21.60992],[106.50292,21.61049],[106.50356,21.61054],[106.50428,21.6113],[106.50629,21.6113],[106.50769,21.61074],[106.50948,21.61093],[106.50965,21.6117],[106.51046,21.61144],[106.51177,21.61161],[106.51449,21.61303],[106.51619,21.61347],[106.518,21.61465],[106.51875,21.61626],[106.52159,21.61794],[106.52322,21.61785],[106.52518,21.61877],[106.52602,21.62047],[106.52792,21.62152],[106.52837,21.62213],[106.52975,21.62208],[106.53073,21.62335],[106.5317,21.6235],[106.53239,21.624389999999998],[106.53725,21.62457],[106.53768,21.6249],[106.53853,21.62427],[106.53974,21.6241],[106.54011,21.62456],[106.53967,21.62554],[106.53907,21.62563],[106.53839,21.62644],[106.53884,21.62679],[106.53918,21.62815],[106.53885,21.62964],[106.53816,21.63083],[106.53941,21.63208],[106.54115,21.63219],[106.5437,21.63475],[106.54355,21.6358],[106.54426,21.63787],[106.54776,21.63874],[106.5487,21.64051],[106.54962,21.64052],[106.55139,21.64171],[106.55255,21.64134],[106.5531,21.64185],[106.55387,21.64342],[106.5538,21.64436],[106.55541,21.64464],[106.55676,21.64636],[106.55779,21.64706],[106.55683,21.64911],[106.55753,21.64962],[106.55766,21.65078],[106.55851,21.65139],[106.56005,21.65088],[106.56113,21.65181],[106.56397,21.65256],[106.56391,21.65363],[106.56461,21.6562],[106.56353,21.65732],[106.56343,21.65824],[106.56411,21.65866],[106.5643,21.65934],[106.56581,21.65982],[106.56618,21.66067],[106.56554,21.66234],[106.56552,21.6633],[106.56431,21.66424],[106.56243,21.66476],[106.56357,21.66635],[106.56364,21.66828],[106.56588,21.66899],[106.56685,21.66991],[106.56741,21.67125],[106.56921,21.67035],[106.57117,21.67003],[106.5718,21.67072],[106.57237,21.67012],[106.57282,21.67025],[106.57411,21.66952],[106.57444,21.66967],[106.57472,21.67054],[106.57652,21.67025],[106.57765,21.66964],[106.57805,21.66985],[106.57823,21.67077],[106.57754,21.67196],[106.57725,21.67349],[106.57686,21.67382],[106.57976,21.67401],[106.58208,21.6756],[106.5825,21.67548],[106.58526,21.67662],[106.58593,21.6764],[106.58666,21.67729],[106.58616,21.67845],[106.58726,21.67832],[106.58774,21.68082],[106.58958,21.6796],[106.59123,21.67932]]]]}},
{"type":"Feature","id":"06475","properties":{"Ward_Code":"06475","Ward_Code_Num":6475,"Ward":"Bằng Mạc","Ward_Alt":"Bằng Mạc","Ward_Upper":"BẰNG MẠC","Ward_Full":"Xã Bằng Mạc","Ward_Full_Alt":"Xã Bằng Mạc","Ward_Full_Upper_Alt":"XÃ BẰNG MẠC","Ward_Type":"Xã","Province_Code":"20","Province":"Lạng Sơn","Province_Upper_Alt":"LẠNG SƠN"},"geometry":{"type":"MultiPolygon","coordinates":[[[[106.56477,21.76573],[106.5663,21.76574],[106.56695,21.76537],[106.56766,21.76427],[106.56994,21.7637],[106.57064,21.76302],[106.57176,21.7631],[106.57244,21.76158],[106.57362,21.7607],[106.57556,21.7584],[106.57765,21.75689],[106.58051,21.75686],[106.58174,21.75568],[106.58403,21.75643],[106.58473,21.75627],[106.5862,21.75431],[106.58719,21.75104],[106.58886,21.74977],[106.58993,21.74953],[106.59062,21.74976],[106.5926,21.74519],[106.59212,21.74358],[106.59081,21.74301],[106.59083,21.74251],[106.59132,21.74197],[106.59296,21.74171],[106.5936,21.74087],[106.59375,21.73992],[106.59353,21.73809],[106.59378,21.73658],[106.5934,21.73512],[106.59234,21.73406],[106.59422,21.73289],[106.59454,21.73157],[106.5941,21.73087],[106.59296,21.73039],[106.59415,21.72808],[106.59286,21.72716],[106.59264,21.72624],[106.5912,21.72566],[106.58942,21.7242],[106.58944,21.72282],[106.58886,21.72178],[106.59149,21.72004],[106.59034,21.71836],[106.59074,21.71745],[106.59311,21.71747],[106.59304,21.71656],[106.59397,21.71434],[106.59653,21.71355],[106.59712,21.71178],[106.599,21.71185],[106.59929,21.70999],[106.59854,21.70857],[106.59752,21.70794],[106.59881,21.70653],[106.59858,21.70541],[106.5976,21.70484],[106.59822,21.70307],[106.5975,21.70176],[106.59781,21.70121],[106.59653,21.69953],[106.59474,21.69864],[106.59456,21.69811],[106.59546,21.69637],[106.59468,21.6956],[106.59561,21.69504],[106.59592,21.69404],[106.59566,21.69282],[106.59443,21.69194],[106.59526,21.69044],[106.59527,21.68885],[106.598,21.68845],[106.59866,21.68806],[106.59948,21.68834],[106.60032,21.68936],[106.60161,21.6891],[106.60278,21.6893],[106.60373,21.68853],[106.60508,21.68907],[106.60577,21.68895],[106.60619,21.68693],[106.60609,21.68478],[106.60525,21.68313],[106.60326,21.68117],[106.60273,21.68114],[106.60055,21.6821],[106.59803,21.68157],[106.59613,21.68161],[106.59507,21.68311],[106.59435,21.68215],[106.59374,21.68189],[106.59306,21.68036],[106.59166,21.67943],[106.58968,21.67956],[106.58774,21.68082],[106.58726,21.67832],[106.58616,21.67845],[106.58666,21.67729],[106.58593,21.6764],[106.58526,21.67662],[106.5825,21.67548],[106.58208,21.6756],[106.57976,21.67401],[106.57686,21.67382],[106.57725,21.67349],[106.57754,21.67196],[106.5782,21.6709],[106.5779,21.66975],[106.57472,21.67054],[106.57444,21.66967],[106.57411,21.66952],[106.57282,21.67025],[106.57237,21.67012],[106.5718,21.67072],[106.57117,21.67003],[106.56921,21.67035],[106.56741,21.67125],[106.56685,21.66991],[106.56593,21.66903],[106.56388,21.66821],[106.5617,21.66996],[106.56172,21.67104],[106.56078,21.67284],[106.56076,21.67381],[106.56155,21.67431],[106.56261,21.67729],[106.5643,21.67786],[106.56434,21.67939],[106.56392,21.67966],[106.56422,21.68053],[106.56339,21.68213],[106.56241,21.68227],[106.56158,21.6838],[106.55946,21.68381],[106.5599,21.68504],[106.55945,21.68569],[106.55462,21.68676],[106.55247,21.68782],[106.55176,21.68732],[106.5504,21.68787],[106.54965,21.68772],[106.54977,21.68889],[106.54927,21.68982],[106.54952,21.69006],[106.54899,21.69037],[106.54945,21.69102],[106.54813,21.69162],[106.547,21.69184],[106.54619,21.69124],[106.54448,21.69165],[106.54206,21.69017],[106.53938,21.69109],[106.5386,21.69054],[106.53821,21.68909],[106.53692,21.68809],[106.53604,21.6867],[106.53471,21.68781],[106.53303,21.68844],[106.53285,21.6888],[106.53186,21.68832],[106.53082,21.68832],[106.5307,21.688],[106.53035,21.68828],[106.53019,21.68777],[106.5297,21.68769],[106.52958,21.6869],[106.52902,21.686889999999998],[106.52888,21.68737],[106.52857,21.6873],[106.52784,21.68586],[106.52606,21.68503],[106.52556,21.68428],[106.52479,21.68463],[106.52453,21.68397],[106.52361,21.68504],[106.5221,21.68423],[106.52164,21.68353],[106.52198,21.68208],[106.5224,21.68212],[106.52272,21.68141],[106.52275,21.67989],[106.52226,21.67919],[106.52257,21.67767],[106.52105,21.67619],[106.52075,21.67685],[106.51895,21.67665],[106.5185,21.67533],[106.51769,21.6747],[106.51604,21.67428],[106.51545,21.67251],[106.51171,21.67004],[106.511,21.66914],[106.51,21.66865],[106.50906,21.66878],[106.50856,21.668],[106.50627,21.66772],[106.50582,21.66716],[106.50511,21.66809],[106.50447,21.66803],[106.50341,21.6672],[106.50315,21.66835],[106.50264,21.66787],[106.50252,21.66872],[106.5021,21.66842],[106.501,21.6684],[106.49775,21.67018],[106.49724,21.67144],[106.49541,21.67149],[106.4936,21.67253],[106.49276,21.67359],[106.49018,21.675],[106.48797,21.6753],[106.48749,21.67564],[106.48816,21.67681],[106.48893,21.67659],[106.48899,21.67786],[106.48974,21.67808],[106.48981,21.67966],[106.49056,21.67982],[106.49211,21.67942],[106.49298,21.68021],[106.49174,21.6827],[106.4904,21.68331],[106.48979,21.68317],[106.48846,21.68436],[106.48758,21.68444],[106.48754,21.68549],[106.48537,21.68664],[106.48628,21.68828],[106.48546,21.69085],[106.48436,21.69155],[106.48379,21.69155],[106.48316,21.69054],[106.48176,21.68974],[106.47861,21.68885],[106.47913,21.68813],[106.47961,21.68589],[106.47756,21.68415],[106.47539,21.68428],[106.47382,21.68363],[106.47297,21.68282],[106.47153,21.68305],[106.46977,21.68248],[106.46776,21.68318],[106.46656,21.68324],[106.46594,21.68253],[106.46405,21.68263],[106.46252,21.68189],[106.46038,21.68192],[106.46036,21.68267],[106.46154,21.68366],[106.46168,21.68444],[106.46148,21.685],[106.4608,21.6852],[106.46034,21.68579],[106.46055,21.68807],[106.4602,21.68876],[106.46065,21.68927],[106.46043,21.69172],[106.45856,21.69227],[106.4558,21.69253],[106.45434,21.69232],[106.45523,21.69278],[106.45577,21.69416],[106.45832,21.69689],[106.45955,21.6972],[106.46046,21.69794],[106.4625,21.69822],[106.46346,21.69876],[106.4649,21.70016],[106.46549,21.70208],[106.46355,21.70432],[106.4624,21.70436],[106.45995,21.70608],[106.45863,21.70631],[106.45586,21.70585],[106.45383,21.70615],[106.45464,21.70645],[106.45564,21.70774],[106.45543,21.7095],[106.45398,21.70954],[106.45367,21.71091],[106.45274,21.71162],[106.45176,21.71575],[106.45252,21.71676],[106.45098,21.71926],[106.44874,21.72019],[106.44923,21.72205],[106.44797,21.72376],[106.44836,21.72489],[106.45065,21.72801],[106.44899,21.72927],[106.44874,21.73009],[106.44937,21.73257],[106.45016,21.73308],[106.45048,21.73373],[106.4504,21.73443],[106.4521,21.73665],[106.45097,21.73786],[106.45099,21.73886],[106.45067,21.73942],[106.45104,21.7412],[106.45258,21.74133],[106.45485,21.74345],[106.45601,21.74288],[106.45826,21.7438],[106.45798,21.74525],[106.45939,21.74533],[106.46133,21.74657],[106.4624,21.74645],[106.46339,21.74673],[106.46584,21.74546],[106.46638,21.74406],[106.46747,21.74487],[106.47106,21.74596],[106.47107,21.74711],[106.47164,21.74807],[106.47402,21.74833],[106.47676,21.74703],[106.47717,21.74887],[106.477,21.75189],[106.47849,21.75211],[106.47939,21.75428],[106.48269,21.7546],[106.4847,21.75684],[106.48652,21.75824],[106.48651,21.75886],[106.48716,21.75973],[106.48786,21.75992],[106.48904,21.75904],[106.48909,21.75778],[106.49012,21.7561],[106.4909,21.75355],[106.49343,21.75392],[106.49531,21.75345],[106.49658,21.75378],[106.4976,21.75365],[106.49855,21.75424],[106.49952,21.75392],[106.49979,21.7542],[106.50042,21.75307],[106.50039,21.75125],[106.50072,21.75044],[106.50268,21.74961],[106.50358,21.74784],[106.50502,21.7475],[106.50555,21.74675],[106.50695,21.74624],[106.50723,21.74552],[106.50926,21.74596],[106.51136,21.74516],[106.51391,21.74484],[106.51691,21.74564],[106.5182,21.74359],[106.51887,21.74319],[106.51969,21.74336],[106.52002,21.74602],[106.52279,21.74779],[106.52269,21.74841],[106.52331,21.75056],[106.52464,21.7521],[106.52489,21.75331],[106.52755,21.75346],[106.53082,21.75543],[106.53275,21.75414],[106.53423,21.75532],[106.53621,21.75425],[106.53753,21.75416],[106.53959,21.75258],[106.5427,21.7523],[106.54427,21.75064],[106.54588,21.75122],[106.54686,21.75302],[106.55032,21.75474],[106.55141,21.75578],[106.55289,21.75623],[106.554,21.75589],[106.55375,21.75789],[106.55453,21.75812],[106.55543,21.75925],[106.55505,21.7617],[106.55439,21.76337],[106.55481,21.76495],[106.55448,21.76551],[106.55828,21.76638],[106.55931,21.76608],[106.56014,21.76529],[106.56089,21.76522],[106.56311,21.76582],[106.56384,21.7667],[106.56477,21.76573]]]]}},
{"type":"Feature","id":"06481","properties":{"Ward_Code":"06481","Ward_Code_Num":6481,"Ward":"Chiến Thắng","Ward_Alt":"Chiến Thắng","Ward_Upper":"CHIẾN THẮNG","Ward_Full":"Xã Chiến Thắng","Ward_Full_Alt":"Xã Chiến Thắng","Ward_Full_Upper_Alt":"XÃ CHIẾN THẮNG","Ward_Type":"Xã","Province_Code":"20","Province":"Lạng Sơn","Province_Upper_Alt":"LẠNG SƠN"},"geometry":{"type":"MultiPolygon","coordinates":[[[[106.82617,21.78142],[106.8273,21.78142],[106.82874,21.77992],[106.82927,21.7804],[106.83037,21.78005],[106.83243,21.77784],[106.83137,21.77593],[106.83104,21.77456],[106.83124,21.77338],[106.82792,21.77063],[106.82632,21.76725],[106.82703,21.76722],[106.82785,21.76657],[106.82836,21.76655],[106.82659,21.76415],[106.82636,21.76338],[106.82666,21.76076],[106.82749,21.76029],[106.82789,21.75946],[106.82862,21.75913],[106.82825,21.75838],[106.82807,21.7564],[106.82845,21.75611],[106.82863,21.75318],[106.82835,21.75227],[106.82729,21.75141],[106.82692,21.75007],[106.82587,21.74869],[106.82391,21.74741],[106.82373,21.74642],[106.82237,21.74597],[106.82204,21.74484],[106.82115,21.74413],[106.82017,21.74261],[106.81621,21.74044],[106.81599,21.73917],[106.81644,21.73686],[106.81557,21.7352],[106.81661,21.73186],[106.81665,21.73024],[106.81418,21.73073],[106.81359,21.72862],[106.81232,21.72726],[106.81061,21.7263],[106.80774,21.72699],[106.80595,21.72543],[106.80584,21.72478],[106.8048,21.7241],[106.80498,21.72328],[106.80458,21.72154],[106.80492,21.72036],[106.80433,21.71901],[106.8033,21.71821],[106.80336,21.71705],[106.80284,21.7154],[106.80015,21.71877],[106.79986,21.71984],[106.79777,21.72089],[106.79575,21.72102],[106.79512,21.72017],[106.79471,21.71872],[106.79366,21.71831],[106.79279,21.71741],[106.79007,21.71746],[106.7894,21.7156],[106.78772,21.71523],[106.78771,21.71391],[106.78453,21.71184],[106.78529,21.7094],[106.78459,21.7087],[106.78463,21.70728],[106.78326,21.70654],[106.78081,21.70657],[106.78074,21.70531],[106.77897,21.70458],[106.77843,21.70376],[106.77702,21.70408],[106.7755,21.7035],[106.77354,21.70446],[106.77264,21.70426],[106.77228,21.70363],[106.77282,21.70111],[106.77233,21.6995],[106.77343,21.69635],[106.77289,21.69501],[106.77252,21.69471],[106.77126,21.6947],[106.77046,21.69363],[106.76866,21.69296],[106.76838,21.6909],[106.76764,21.68898],[106.76515,21.68711],[106.76473,21.6871],[106.76488,21.68596],[106.76422,21.68473],[106.76324,21.68455],[106.76176,21.6832],[106.7587,21.68473],[106.7574,21.68486],[106.75724,21.68316],[106.75603,21.68086],[106.75646,21.67975],[106.75608,21.67852],[106.75629,21.6771],[106.75714,21.67548],[106.76291,21.67221],[106.76457,21.66952],[106.76455,21.66803],[106.76493,21.66723],[106.76376,21.66562],[106.76403,21.66318],[106.76162,21.6612],[106.75953,21.66249],[106.75714,21.65986],[106.75612,21.65766],[106.75505,21.65766],[106.75429,21.65728],[106.75235,21.65752],[106.75191,21.65649],[106.75234,21.65452],[106.75192,21.65176],[106.75036,21.65202],[106.7479,21.65329],[106.74659,21.65358],[106.74495,21.65628],[106.74432,21.65664],[106.74285,21.65679],[106.74164,21.65818],[106.73829,21.66001],[106.73837,21.6621],[106.73756,21.66411],[106.73581,21.66468],[106.73497,21.66453],[106.73391,21.66711],[106.73205,21.6686],[106.72934,21.6694],[106.72632,21.66967],[106.72524,21.67291],[106.7242,21.67343],[106.72223,21.67523],[106.72197,21.6761],[106.72245,21.67692],[106.72221,21.67758],[106.72287,21.67868],[106.72314,21.68024],[106.72413,21.68042],[106.72521,21.68165],[106.72786,21.68133],[106.72921,21.68342],[106.72931,21.68492],[106.72833,21.68559],[106.72704,21.68814],[106.72569,21.6894],[106.72524,21.69048],[106.72373,21.69144],[106.72319,21.69239],[106.72175,21.69372],[106.72177,21.69465],[106.7184,21.69451],[106.71604,21.69735],[106.71475,21.69744],[106.71358,21.69853],[106.71284,21.70067],[106.71218,21.70164],[106.7113,21.70205],[106.71044,21.70361],[106.71144,21.70503],[106.71141,21.70634],[106.71368,21.70752],[106.71383,21.70849],[106.71255,21.70947],[106.71266,21.71009],[106.71134,21.7102],[106.71056,21.71192],[106.70786,21.71298],[106.70662,21.71399],[106.70384,21.715],[106.70202,21.71474],[106.70062,21.71534],[106.70025,21.716919999999998],[106.70046,21.71756],[106.69997,21.71712],[106.69834,21.7174],[106.69644,21.71614],[106.69364,21.71538],[106.69153,21.7166],[106.69082,21.7212],[106.68972,21.7225],[106.69145,21.72352],[106.69368,21.72761],[106.6936,21.72857],[106.69531,21.7293],[106.69743,21.73102],[106.69834,21.73376],[106.69832,21.73464],[106.69773,21.73581],[106.69884,21.7365],[106.69939,21.73744],[106.702,21.73904],[106.70339,21.74083],[106.70478,21.74179],[106.70661,21.74551],[106.70458,21.74643],[106.70487,21.74793],[106.70826,21.74905],[106.70913,21.75162],[106.71038,21.75242],[106.71077,21.75334],[106.71169,21.75424],[106.71164,21.75527],[106.71009,21.75582],[106.70941,21.75644],[106.70903,21.75752],[106.7094,21.75835],[106.70777,21.75924],[106.7069,21.76014],[106.70625,21.7614],[106.70595,21.76332],[106.70485,21.76439],[106.7041,21.76571],[106.70478,21.76814],[106.7047,21.76903],[106.70534,21.77016],[106.70566,21.77043],[106.70774,21.7702],[106.7098,21.77187],[106.71194,21.77267],[106.71239,21.77656],[106.71329,21.77814],[106.71408,21.77858],[106.71594,21.77891],[106.71665,21.77965],[106.7186,21.77988],[106.71949,21.78172],[106.72173,21.78186],[106.72279,21.78291],[106.72307,21.78456],[106.72262,21.78577],[106.72177,21.78627],[106.72166,21.78668],[106.72172,21.788],[106.72294,21.79079],[106.72663,21.78985],[106.72651,21.78839],[106.72693,21.78657],[106.72844,21.786],[106.72885,21.78434],[106.73088,21.78183],[106.73271,21.78137],[106.73456,21.77973],[106.73683,21.78034],[106.73971,21.7776],[106.74071,21.77734],[106.7411,21.7766],[106.74079,21.77547],[106.74171,21.77362],[106.74241,21.77293],[106.74347,21.77282],[106.74423,21.77328],[106.74551,21.77308],[106.74597,21.77391],[106.74742,21.77475],[106.74834,21.7742],[106.74914,21.77306],[106.75339,21.77032],[106.7547,21.76805],[106.75432,21.76668],[106.75224,21.76585],[106.75199,21.76504],[106.75138,21.76443],[106.74823,21.76444],[106.74688,21.76198],[106.74574,21.7611],[106.74587,21.76056],[106.74537,21.75969],[106.74526,21.75856],[106.74556,21.75738],[106.74654,21.75674],[106.7476,21.75686],[106.74812,21.75655],[106.74923,21.75682],[106.75091,21.75665],[106.75141,21.75797],[106.75439,21.75902],[106.75440999999999,21.75956],[106.75554,21.76086],[106.75786,21.76088],[106.75882,21.76194],[106.76071,21.76208],[106.76271,21.76311],[106.76371,21.76321],[106.76478,21.76398],[106.76645,21.76379],[106.76767,21.76488],[106.76868,21.76485],[106.7696,21.76584],[106.77094,21.76547],[106.77265,21.76553],[106.7733,21.76695],[106.7744,21.76738],[106.77474,21.76816],[106.77566,21.76829],[106.77649,21.76789],[106.77745,21.76791],[106.77835,21.77052],[106.77938,21.77063],[106.78028,21.77231],[106.78142,21.77342],[106.7851,21.77339],[106.7882,21.77577],[106.78928,21.77614],[106.79026,21.77475],[106.79207,21.7743],[106.79289,21.77654],[106.79263,21.7781],[106.79305,21.77875],[106.79449,21.7801],[106.79676,21.78107],[106.79796,21.78196],[106.7983,21.78281],[106.79976,21.78373],[106.79964,21.78457],[106.80026,21.78535],[106.80299,21.78541],[106.80365,21.78628],[106.8051,21.78669],[106.80539,21.7879],[106.80495,21.78889],[106.80504,21.79036],[106.80621,21.7911],[106.8083,21.79145],[106.80776,21.79419],[106.80804,21.7966],[106.80966,21.79747],[106.81243,21.79648],[106.81532,21.79604],[106.81652,21.79704],[106.8178,21.79754],[106.82045,21.79604],[106.82133,21.79435],[106.82208,21.79362],[106.82228,21.79281],[106.82249,21.78713],[106.82372,21.78579],[106.82339,21.78454],[106.82277,21.78414],[106.82313,21.78321],[106.82617,21.78142]]]]}},
{"type":"Feature","id":"06496","properties":{"Ward_Code":"06496","Ward_Code_Num":6496,"Ward":"Nhân Lý","Ward_Alt":"Nhân Lý","Ward_Upper":"NHÂN LÝ","Ward_Full":"Xã Nhân Lý","Ward_Full_Alt":"Xã Nhân Lý","Ward_Full_Upper_Alt":"XÃ NHÂN LÝ","Ward_Type":"Xã","Province_Code":"20","Province":"Lạng Sơn","Province_Upper_Alt":"LẠNG SƠN"},"geometry":{"type":"MultiPolygon","coordinates":[[[[106.72632,21.66967],[106.72425,21.66796],[106.72386,21.66724],[106.72254,21.66676],[106.72241,21.66522],[106.72087,21.6635],[106.72135,21.66219],[106.72267,21.66024],[106.72476,21.6596],[106.72554,21.65854],[106.72547,21.65765],[106.72332,21.65483],[106.72225,21.65472],[106.71753,21.65172],[106.71557,21.65106],[106.71429,21.65116],[106.71332,21.65188],[106.71034,21.65119],[106.70872,21.65162],[106.70714,21.65153],[106.70632,21.64956],[106.70485,21.64898],[106.70281,21.64703],[106.70165,21.64715],[106.70057,21.64665],[106.69919,21.64657],[106.6991,21.64439],[106.6997,21.64323],[106.69975,21.64206],[106.69943,21.64068],[106.69834,21.63986],[106.69934,21.63804],[106.69944,21.63689],[106.69899,21.63655],[106.69759,21.63751],[106.69735,21.63662],[106.69779,21.63604],[106.69726,21.63488],[106.69577,21.63517],[106.69465,21.63397],[106.69381,21.63237],[106.69117,21.63232],[106.69027,21.63132],[106.6894,21.63182],[106.68895,21.63106],[106.68783,21.63051],[106.68716,21.62948],[106.6858,21.63114],[106.68174,21.63243],[106.68137,21.63327],[106.68039,21.63232],[106.67842,21.6312],[106.67682,21.63107],[106.67553,21.63148],[106.67293,21.6326],[106.67077,21.63514],[106.6705,21.63646],[106.66794,21.63776],[106.66699,21.63672],[106.6652,21.63619],[106.66444,21.63638],[106.66361,21.63716],[106.66345,21.63836],[106.66185,21.64118],[106.66183,21.64295],[106.66108,21.64427],[106.6601,21.64481],[106.65692,21.64546],[106.65659,21.64622],[106.65568,21.64685],[106.65594,21.64709],[106.65562,21.64791],[106.65327,21.64686],[106.65192,21.6458],[106.64966,21.65072],[106.64847,21.65153],[106.64846,21.65252],[106.64788,21.65394],[106.64666,21.65452],[106.64577,21.65452],[106.64434,21.65358],[106.64146,21.65439],[106.64152,21.656],[106.64031,21.65744],[106.63924,21.65822],[106.63402,21.66052],[106.63364,21.66095],[106.63211,21.66131],[106.63129,21.66202],[106.63103,21.66287],[106.62852,21.66441],[106.62787,21.66439],[106.62658,21.66162],[106.62675,21.65933],[106.6251,21.6589],[106.62312,21.6593],[106.62122,21.65914],[106.61844,21.65615],[106.61754,21.65782],[106.61581,21.65939],[106.61616,21.66033],[106.61572,21.6612],[106.6142,21.66148],[106.61062,21.66424],[106.61066,21.66612],[106.61028,21.66754],[106.60965,21.66845],[106.60843,21.6682],[106.60788,21.67034],[106.60678,21.6714],[106.60552,21.67165],[106.60554,21.67274],[106.60424,21.67327],[106.60455,21.67438],[106.60268,21.67461],[106.60218,21.67414],[106.60131,21.67496],[106.59773,21.67671],[106.59686,21.67761],[106.59239,21.67743],[106.59123,21.67932],[106.59289,21.68018],[106.59374,21.68189],[106.59435,21.68215],[106.59507,21.68311],[106.59613,21.68161],[106.59803,21.68157],[106.60055,21.6821],[106.60322,21.68114],[106.60529,21.6832],[106.60612,21.68488],[106.60619,21.68693],[106.60577,21.68895],[106.60516,21.68908],[106.60373,21.68853],[106.60278,21.6893],[106.60161,21.6891],[106.60032,21.68936],[106.59948,21.68834],[106.59866,21.68806],[106.598,21.68845],[106.59516,21.68893],[106.59526,21.69044],[106.59444,21.69202],[106.59566,21.69282],[106.59592,21.69404],[106.59561,21.69504],[106.59468,21.6956],[106.59546,21.69637],[106.59456,21.69811],[106.59474,21.69864],[106.59653,21.69953],[106.59774,21.701],[106.5975,21.70176],[106.59822,21.70307],[106.5976,21.70484],[106.59858,21.70541],[106.59881,21.70653],[106.59752,21.70794],[106.59854,21.70857],[106.59931,21.71028],[106.599,21.71185],[106.59712,21.71178],[106.59653,21.71355],[106.59397,21.71434],[106.59304,21.71656],[106.59311,21.71747],[106.59074,21.71745],[106.59034,21.71836],[106.59149,21.72004],[106.58886,21.72178],[106.58944,21.72282],[106.58942,21.7242],[106.5912,21.72566],[106.59264,21.72624],[106.59286,21.72716],[106.59415,21.72808],[106.59296,21.73039],[106.59446,21.73128],[106.59672,21.73115],[106.59721,21.73065],[106.59785,21.7326],[106.59965,21.7332],[106.60121,21.73327],[106.6019,21.73384],[106.60273,21.73378],[106.6032,21.73449],[106.60318,21.73551],[106.60218,21.73684],[106.60291,21.73709],[106.60392,21.73808],[106.60451,21.73968],[106.60533,21.74039],[106.60561,21.74013],[106.60724,21.74018],[106.60765,21.73931],[106.60865,21.73957],[106.60938,21.73916],[106.61025,21.73802],[106.61166,21.73774],[106.61482,21.73935],[106.6145,21.73966],[106.61526,21.74026],[106.61527,21.74096],[106.6174,21.74088],[106.61774,21.74046],[106.61762,21.73967],[106.61833,21.7393],[106.61835,21.73844],[106.61963,21.73757],[106.62303,21.73858],[106.62399,21.73972],[106.62496,21.73999],[106.62527,21.74079],[106.62646,21.74067],[106.62907,21.74354],[106.62996,21.74509],[106.62988,21.74643],[106.6309,21.74754],[106.63106,21.74928],[106.63179,21.75043],[106.63166,21.75231],[106.63328,21.75352],[106.6331,21.75557],[106.63389,21.75646],[106.63387,21.75716],[106.63606,21.75769],[106.63657,21.75725],[106.63806,21.75712],[106.639,21.75625],[106.63812,21.75438],[106.63773,21.75248],[106.63935,21.7508],[106.63998,21.74921],[106.63889,21.74936],[106.63811,21.74901],[106.63678,21.74663],[106.63741,21.74495],[106.64032,21.74213],[106.64064,21.74029],[106.64101,21.74001],[106.6449,21.73921],[106.64726,21.74199],[106.6503,21.74185],[106.65108,21.74275],[106.65428,21.74344],[106.65475,21.74448],[106.65718,21.74487],[106.65823,21.74386],[106.65925,21.74219],[106.65891,21.74019],[106.65911,21.73904],[106.66111,21.73671],[106.66288,21.73674],[106.6643,21.73839],[106.66615,21.73843],[106.66857,21.74024],[106.67169,21.74117],[106.6724,21.74277],[106.67339,21.74346],[106.67526,21.74416],[106.67784,21.744],[106.67835,21.7448],[106.6783,21.74568],[106.68098,21.74738],[106.6808,21.74801],[106.68132,21.74921],[106.68264,21.74998],[106.68299,21.75125],[106.68523,21.75184],[106.68628,21.75132],[106.6893,21.75131],[106.68991,21.75222],[106.69309,21.75435],[106.69398,21.75666],[106.6973,21.75861],[106.69822,21.76128],[106.69924,21.76188],[106.70062,21.76218],[106.70069,21.76279],[106.70172,21.76415],[106.70264,21.7646],[106.7041,21.76469],[106.70428,21.76532],[106.70595,21.76332],[106.70625,21.7614],[106.7069,21.76014],[106.70777,21.75924],[106.7094,21.75835],[106.70903,21.75752],[106.70946,21.75637],[106.71171,21.7552],[106.71159,21.75391],[106.71084,21.75343],[106.71038,21.75242],[106.70913,21.75162],[106.70826,21.74905],[106.70487,21.74793],[106.70458,21.74643],[106.70661,21.74551],[106.70478,21.74179],[106.70339,21.74083],[106.702,21.73904],[106.69939,21.73744],[106.69884,21.7365],[106.69773,21.73581],[106.69832,21.73464],[106.69834,21.73376],[106.69743,21.73102],[106.69531,21.7293],[106.6936,21.72857],[106.69368,21.72761],[106.69145,21.72352],[106.68972,21.7225],[106.69082,21.7212],[106.69153,21.7166],[106.69236,21.71601],[106.69364,21.71538],[106.69644,21.71614],[106.69834,21.7174],[106.69997,21.71712],[106.70046,21.71756],[106.70025,21.716919999999998],[106.70062,21.71534],[106.70202,21.71474],[106.70384,21.715],[106.70662,21.71399],[106.70786,21.71298],[106.71056,21.71192],[106.71134,21.7102],[106.71256,21.71019],[106.71255,21.70947],[106.71383,21.70849],[106.7136,21.70744],[106.71141,21.70634],[106.71144,21.70503],[106.71044,21.70361],[106.7113,21.70205],[106.71218,21.70164],[106.71284,21.70067],[106.71358,21.69853],[106.71475,21.69744],[106.71604,21.69735],[106.7184,21.69451],[106.72177,21.69465],[106.72175,21.69372],[106.72319,21.69239],[106.72373,21.69144],[106.72524,21.69048],[106.72569,21.6894],[106.72704,21.68814],[106.72833,21.68559],[106.72931,21.68492],[106.72921,21.68342],[106.72797,21.68144],[106.72502,21.68154],[106.72413,21.68042],[106.72314,21.68024],[106.72287,21.67868],[106.72221,21.67758],[106.72245,21.67692],[106.72197,21.6761],[106.72223,21.67523],[106.7242,21.67343],[106.72524,21.67291],[106.72632,21.66967]]]]}},
{"type":"Feature","id":"06505","properties":{"Ward_Code":"06505","Ward_Code_Num":6505,"Ward":"Vạn Linh","Ward_Alt":"Vạn Linh","Ward_Upper":"VẠN LINH","Ward_Full":"Xã Vạn Linh","Ward_Full_Alt":"Xã Vạn Linh","Ward_Full_Upper_Alt":"XÃ VẠN LINH","Ward_Type":"Xã","Province_Code":"20","Province":"Lạng Sơn","Province_Upper_Alt":"LẠNG SƠN"},"geometry":{"type":"MultiPolygon","coordinates":[[[[106.42137,21.69556],[106.42262,21.69596],[106.424,21.69536],[106.42495,21.69543],[106.42746,21.69627],[106.42766,21.69583],[106.42896,21.69536],[106.43153,21.69534],[106.43099,21.69234],[106.43111,21.69151],[106.43274,21.69093],[106.43463,21.69102],[106.43565,21.69168],[106.43701,21.69198],[106.43766,21.69057],[106.43987,21.69003],[106.44018,21.68918],[106.44001,21.68744],[106.44254,21.68678],[106.4445,21.68536],[106.44509,21.68755],[106.44585,21.68886],[106.44616,21.6909],[106.44757,21.69078],[106.45027,21.68974],[106.45109,21.68995],[106.45341,21.68972],[106.45433,21.68913],[106.45468,21.69017],[106.45434,21.69232],[106.4558,21.69253],[106.45942,21.69215],[106.46043,21.69172],[106.46065,21.68927],[106.4602,21.68876],[106.46055,21.68807],[106.46034,21.68579],[106.4608,21.6852],[106.46148,21.685],[106.46168,21.68444],[106.46154,21.68366],[106.46036,21.68267],[106.46038,21.68192],[106.46252,21.68189],[106.46405,21.68263],[106.46594,21.68253],[106.46656,21.68324],[106.46776,21.68318],[106.46977,21.68248],[106.47153,21.68305],[106.47297,21.68282],[106.47382,21.68363],[106.47539,21.68428],[106.47756,21.68415],[106.47961,21.68589],[106.47913,21.68813],[106.47861,21.68885],[106.48176,21.68974],[106.48316,21.69054],[106.48379,21.69155],[106.48436,21.69155],[106.48546,21.69085],[106.48628,21.68828],[106.48537,21.68664],[106.48754,21.68549],[106.48758,21.68444],[106.48846,21.68436],[106.48979,21.68317],[106.4904,21.68331],[106.49174,21.6827],[106.49298,21.68021],[106.49211,21.67942],[106.49056,21.67982],[106.48981,21.67966],[106.48974,21.67808],[106.48899,21.67786],[106.48893,21.67659],[106.48816,21.67681],[106.48749,21.67564],[106.48797,21.6753],[106.49018,21.675],[106.49276,21.67359],[106.4936,21.67253],[106.49541,21.67149],[106.49724,21.67144],[106.49775,21.67018],[106.501,21.6684],[106.5021,21.66842],[106.50252,21.66872],[106.50264,21.66787],[106.50315,21.66835],[106.50341,21.6672],[106.50447,21.66803],[106.50511,21.66809],[106.50582,21.66716],[106.50627,21.66772],[106.50856,21.668],[106.50906,21.66878],[106.51036,21.66878],[106.51171,21.67004],[106.51501,21.67208],[106.51557,21.67267],[106.51604,21.67428],[106.51769,21.6747],[106.5185,21.67533],[106.51895,21.67665],[106.52075,21.67685],[106.52105,21.67619],[106.52257,21.67767],[106.52226,21.67919],[106.52275,21.67989],[106.52272,21.68141],[106.5224,21.68212],[106.52198,21.68208],[106.52164,21.68353],[106.5221,21.68423],[106.52361,21.68504],[106.52453,21.68397],[106.52479,21.68463],[106.52556,21.68428],[106.52606,21.68503],[106.52784,21.68586],[106.52857,21.6873],[106.52888,21.68737],[106.52902,21.686889999999998],[106.52958,21.6869],[106.5297,21.68769],[106.53019,21.68777],[106.53035,21.68828],[106.5307,21.688],[106.53082,21.68832],[106.53186,21.68832],[106.53285,21.6888],[106.53303,21.68844],[106.53471,21.68781],[106.53604,21.6867],[106.53692,21.68809],[106.53821,21.68909],[106.53848,21.69033],[106.53912,21.69104],[106.54206,21.69017],[106.54448,21.69165],[106.54619,21.69124],[106.54695,21.69182],[106.54753,21.69178],[106.54945,21.69102],[106.54899,21.69037],[106.54952,21.69006],[106.54927,21.68982],[106.54977,21.68889],[106.54965,21.68772],[106.5504,21.68787],[106.55176,21.68732],[106.55247,21.68782],[106.55462,21.68676],[106.55945,21.68569],[106.5599,21.68504],[106.55946,21.68381],[106.56158,21.6838],[106.56241,21.68227],[106.56362,21.68188],[106.56422,21.68053],[106.56392,21.67966],[106.56434,21.67939],[106.5643,21.67786],[106.56261,21.67729],[106.56155,21.67431],[106.56076,21.67381],[106.56078,21.67284],[106.56172,21.67104],[106.5617,21.66996],[106.56364,21.66828],[106.56357,21.66635],[106.56243,21.66476],[106.56431,21.66424],[106.56552,21.6633],[106.56613,21.66038],[106.56554,21.65959],[106.5643,21.65934],[106.56411,21.65866],[106.56343,21.65824],[106.56353,21.65732],[106.56461,21.6562],[106.56391,21.65363],[106.56393,21.6525],[106.56113,21.65181],[106.56005,21.65088],[106.55851,21.65139],[106.55766,21.65078],[106.55753,21.64962],[106.55683,21.64911],[106.55779,21.64706],[106.55676,21.64636],[106.55541,21.64464],[106.5538,21.64436],[106.55387,21.64342],[106.5531,21.64185],[106.55255,21.64134],[106.55139,21.64171],[106.54962,21.64052],[106.5487,21.64051],[106.54776,21.63874],[106.54426,21.63787],[106.54355,21.6358],[106.5437,21.63475],[106.54115,21.63219],[106.53941,21.63208],[106.53816,21.63083],[106.53885,21.62964],[106.53918,21.62815],[106.53884,21.62679],[106.53839,21.62644],[106.53907,21.62563],[106.53967,21.62554],[106.54011,21.62456],[106.53974,21.6241],[106.53853,21.62427],[106.53768,21.6249],[106.53725,21.62457],[106.53239,21.624389999999998],[106.5317,21.6235],[106.53073,21.62335],[106.52975,21.62208],[106.52837,21.62213],[106.52792,21.62152],[106.52602,21.62047],[106.52518,21.61877],[106.52322,21.61785],[106.52159,21.61794],[106.51875,21.61626],[106.518,21.61465],[106.51619,21.61347],[106.51449,21.61303],[106.51177,21.61161],[106.51046,21.61144],[106.50965,21.6117],[106.50948,21.61093],[106.50769,21.61074],[106.50629,21.6113],[106.50428,21.6113],[106.50356,21.61054],[106.50292,21.61049],[106.50231,21.60992],[106.50162,21.60642],[106.50272,21.60565],[106.50321,21.6039],[106.50495,21.60209],[106.50527,21.601],[106.50495,21.60009],[106.50639,21.5979],[106.50606,21.59563],[106.50458,21.5947],[106.50324,21.59276],[106.50262,21.59233],[106.50222,21.59243],[106.50177,21.59184],[106.50122,21.59186],[106.50086,21.58979],[106.50054,21.58949],[106.50052,21.58832],[106.5,21.58782],[106.49905,21.58807],[106.49902,21.58648],[106.49852,21.58548],[106.49656,21.58566],[106.49593,21.58513],[106.49476,21.58567],[106.49256,21.58541],[106.49177,21.58565],[106.49066,21.58536],[106.48981,21.58625],[106.48957,21.5875],[106.48883,21.58865],[106.48806,21.58882],[106.48655,21.59023],[106.48494,21.58875],[106.48408,21.58862],[106.48327,21.58795],[106.48217,21.58802],[106.4816,21.58727],[106.48179,21.586],[106.48154,21.58373],[106.48092,21.58226],[106.48408,21.58055],[106.48351,21.57979],[106.48219,21.57907],[106.48211,21.57665],[106.48251,21.5746],[106.48092,21.5705],[106.48005,21.56968],[106.47914,21.56972],[106.4785,21.57064],[106.47802,21.57036],[106.47769,21.56956],[106.47716,21.5697],[106.47565,21.56882],[106.47531,21.56816],[106.47567,21.56722],[106.47524,21.56623],[106.47366,21.56566],[106.47296,21.56608],[106.47297,21.56459],[106.4719,21.56411],[106.47006,21.56451],[106.46866,21.56528],[106.46662,21.56538],[106.46617,21.56598],[106.46431,21.56618],[106.4639,21.56697],[106.46258,21.5675],[106.4611,21.56737],[106.46018,21.56802],[106.4592,21.56734],[106.45502,21.56821],[106.45446,21.56795],[106.45336,21.56812],[106.45294,21.56755],[106.45213,21.56723],[106.45186,21.5675],[106.45073,21.56739],[106.44968,21.56792],[106.44762,21.56685],[106.44692,21.5675],[106.44676,21.56864],[106.4471,21.56988],[106.44625,21.57176],[106.4464,21.57313],[106.44567,21.57675],[106.4466,21.57822],[106.44665,21.58012],[106.44774,21.58189],[106.44816,21.5839],[106.44901,21.58478],[106.44982,21.58672],[106.45073,21.5876],[106.45087,21.5903],[106.45018,21.59168],[106.45077,21.5926],[106.45063,21.59332],[106.44938,21.59433],[106.44999,21.59575],[106.44954,21.59786],[106.44789,21.5994],[106.44628,21.59963],[106.44637,21.60152],[106.44561,21.6032],[106.44574,21.60405],[106.44381,21.60533],[106.44302,21.60666],[106.44226,21.60659],[106.44006,21.60792],[106.44033,21.60901],[106.43782,21.61038],[106.4372,21.61113],[106.43763,21.61147],[106.43728,21.61205],[106.43727,21.6133],[106.43552,21.61491],[106.43736,21.61579],[106.43842,21.61703],[106.43844,21.61806],[106.43989,21.61945],[106.4387,21.62129],[106.43701,21.62202],[106.43564,21.62384],[106.43378,21.62316],[106.43259,21.62458],[106.43146,21.62771],[106.43203,21.62871],[106.43008,21.6296],[106.42914,21.6326],[106.42808,21.6336],[106.42779,21.63582],[106.42849,21.63716],[106.42844,21.63897],[106.42646,21.63982],[106.42494,21.63993],[106.4254,21.64197],[106.42484,21.64278],[106.42319,21.64367],[106.42288,21.64622],[106.42431,21.64693],[106.42439,21.64814],[106.42237,21.64869],[106.42059,21.65094],[106.42064,21.6518],[106.41902,21.65155],[106.41883,21.65245],[106.4182,21.65303],[106.41807,21.65458],[106.41915,21.65494],[106.42015,21.6561],[106.42121,21.6586],[106.42014,21.66193],[106.42154,21.66599],[106.42263,21.66753],[106.42411,21.668],[106.42504,21.66887],[106.42585,21.66915],[106.42543,21.67145],[106.42487,21.67208],[106.42647,21.67386],[106.4271,21.67736],[106.42626,21.6777],[106.42627,21.67894],[106.42558,21.68093],[106.42407,21.68232],[106.42486,21.68318],[106.42412,21.68522],[106.4247,21.68694],[106.42386,21.68944],[106.4231,21.68987],[106.42248,21.69109],[106.42146,21.69177],[106.42131,21.69289],[106.42008,21.69512],[106.41848,21.69684],[106.42025,21.6964],[106.42137,21.69556]]]]}},
{"type":"Feature","id":"06517","properties":{"Ward_Code":"06517","Ward_Code_Num":6517,"Ward":"Quan Sơn","Ward_Alt":"Quan Sơn","Ward_Upper":"QUAN SƠN","Ward_Full":"Xã Quan Sơn","Ward_Full_Alt":"Xã Quan Sơn","Ward_Full_Upper_Alt":"XÃ QUAN SƠN","Ward_Type":"Xã","Province_Code":"20","Province":"Lạng Sơn","Province_Upper_Alt":"LẠNG SƠN"},"geometry":{"type":"MultiPolygon","coordinates":[[[[106.72934,21.6694],[106.73205,21.6686],[106.73391,21.66711],[106.73497,21.66453],[106.73581,21.66468],[106.73756,21.66411],[106.73837,21.6621],[106.73829,21.66001],[106.74164,21.65818],[106.74285,21.65679],[106.74432,21.65664],[106.74495,21.65628],[106.74659,21.65358],[106.7479,21.65329],[106.75036,21.65202],[106.75192,21.65176],[106.753,21.65087],[106.75453,21.65021],[106.75523,21.65026],[106.75775,21.64922],[106.75902,21.64916],[106.75967,21.64786],[106.76128,21.64607],[106.76158,21.6453],[106.76149,21.6438],[106.76228,21.64302],[106.76324,21.64329],[106.76374,21.64379],[106.76548,21.64372],[106.76667,21.64435],[106.76712,21.64428],[106.76829,21.6421],[106.77146,21.63888],[106.7723,21.63887],[106.77232,21.63766],[106.77353,21.63628],[106.77553,21.63548],[106.77636,21.63469],[106.77637,21.63388],[106.77718,21.63282],[106.77718,21.63236],[106.7764,21.63179],[106.77623,21.63117],[106.77726,21.62953],[106.77759,21.62804],[106.77569,21.62716],[106.77553,21.6253],[106.77483,21.62468],[106.77542,21.62351],[106.77471,21.62205],[106.77452,21.62087],[106.77589,21.61834],[106.776,21.61727],[106.77714,21.61591],[106.77733,21.61524],[106.77918,21.61429],[106.7797,21.61365],[106.78016,21.61152],[106.77948,21.61036],[106.77818,21.61018],[106.77705,21.60475],[106.77538,21.60297],[106.77332,21.60164],[106.77311,21.60006],[106.7714,21.59814],[106.77251,21.59687],[106.77112,21.59638],[106.77123,21.59578],[106.77028,21.59426],[106.7707,21.59223],[106.77036,21.59061],[106.77178,21.58946],[106.77281,21.5873],[106.77468,21.58523],[106.77483,21.58462],[106.77454,21.58382],[106.77502,21.5814],[106.77405,21.57919],[106.77404,21.5775],[106.77336,21.57508],[106.77252,21.57373],[106.7707,21.5726],[106.77097,21.57216],[106.76942,21.57263],[106.76666,21.57253],[106.76545,21.57326],[106.76315,21.57159],[106.75865,21.56956],[106.75632,21.56647],[106.75537,21.56259],[106.75585,21.56159],[106.75684,21.56243],[106.75731,21.5624],[106.75786,21.5598],[106.7589,21.5594],[106.75898,21.55901],[106.75787,21.55707],[106.75962,21.55653],[106.75923,21.5549],[106.76119,21.55468],[106.76173,21.55421],[106.75968,21.5528],[106.75934,21.55287],[106.75894,21.55385],[106.75821,21.55309],[106.75815,21.55237],[106.75935,21.55158],[106.7601,21.55048],[106.75815,21.5495],[106.75806,21.5492],[106.75961,21.54852],[106.75994,21.54738],[106.75941,21.54691],[106.75676,21.54728],[106.75799,21.54656],[106.75881,21.54458],[106.75649,21.54326],[106.75629,21.54194],[106.75548,21.54077],[106.75396,21.54087],[106.75264,21.54054],[106.75098,21.54159],[106.74857,21.54161],[106.74692,21.54202],[106.74527,21.54158],[106.74423,21.54183],[106.74318,21.54168],[106.73985,21.54298],[106.73794,21.54442],[106.73395,21.54484],[106.73325,21.54787],[106.73333,21.54928],[106.73239,21.54948],[106.73147,21.55059],[106.72969,21.55152],[106.72742,21.55358],[106.72688,21.55539],[106.72618,21.5558],[106.72492,21.5555],[106.72235,21.55569],[106.72117,21.55691],[106.71876,21.5572],[106.71799,21.55785],[106.71736,21.55906],[106.71601,21.55968],[106.71394,21.55935],[106.71264,21.55984],[106.71174,21.56061],[106.71038,21.56048],[106.70896,21.56093],[106.7088,21.56169],[106.7075,21.5631],[106.70536,21.56792],[106.70372,21.56856],[106.70232,21.56962],[106.70066,21.57003],[106.69958,21.57183],[106.69864,21.57257],[106.6991,21.57327],[106.69876,21.57355],[106.69942,21.57366],[106.69961,21.5742],[106.70001,21.57865],[106.70269,21.58224],[106.7014,21.58675],[106.70178,21.58775],[106.70155,21.59011],[106.70206,21.59072],[106.70268,21.59259],[106.70125,21.59377],[106.69962,21.59456],[106.6972,21.5948],[106.69607,21.59517],[106.69551,21.59576],[106.69501,21.5956],[106.69448,21.59641],[106.69363,21.59693],[106.69187,21.59739],[106.69037,21.59828],[106.68898,21.60016],[106.68732,21.60066],[106.68626,21.60062],[106.68266,21.6025],[106.67927,21.60256],[106.67786,21.60328],[106.67681,21.60338],[106.67465,21.6058],[106.67299,21.60635],[106.67202,21.60786],[106.67098,21.60833],[106.67043,21.60897],[106.66969,21.60868],[106.66894,21.60757],[106.66724,21.60616],[106.66339,21.60469],[106.66201,21.60508],[106.6616,21.60593],[106.66096,21.60636],[106.65992,21.60636],[106.65818,21.60491],[106.65759,21.60375],[106.65608,21.6032],[106.65363,21.60385],[106.6511,21.6038],[106.65024,21.60521],[106.64799,21.6064],[106.64488,21.60703],[106.64418,21.60476],[106.64317,21.60394],[106.64018,21.60317],[106.63839,21.60183],[106.6371,21.60128],[106.63487,21.60091],[106.63384,21.6015],[106.63279,21.60157],[106.63153,21.60237],[106.63006,21.60179],[106.62864,21.60228],[106.62729,21.60217],[106.62663,21.6026],[106.62484,21.60233],[106.62463,21.60437],[106.62351,21.60593],[106.62195,21.6062],[106.61965,21.60756],[106.61711,21.60745],[106.61499,21.60795],[106.6144,21.60689],[106.61261,21.60537],[106.61143,21.60553],[106.60972,21.60483],[106.60851,21.60362],[106.60716,21.60369],[106.60624,21.60327],[106.6054,21.60368],[106.60434,21.6034],[106.60354,21.60386],[106.60206,21.6025],[106.59952,21.6023],[106.59866,21.60143],[106.5982,21.59987],[106.59624,21.59938],[106.5956,21.59963],[106.59319,21.59869],[106.5928,21.59803],[106.59094,21.59866],[106.58896,21.59823],[106.58855,21.59856],[106.58795,21.59806],[106.58674,21.59796],[106.58632,21.59874],[106.58527,21.59957],[106.58322,21.59853],[106.58228,21.59923],[106.58158,21.59936],[106.58118,21.60003],[106.58017,21.59998],[106.57874,21.6005],[106.5728,21.60134],[106.57213,21.60217],[106.57052,21.6026],[106.56969,21.60471],[106.56821,21.6058],[106.56802,21.60692],[106.57036,21.60956],[106.57063,21.61024],[106.5723,21.6111],[106.57469,21.61416],[106.576,21.61434],[106.57641,21.61657],[106.57683,21.61702],[106.57639,21.61787],[106.57647,21.61898],[106.57701,21.61968],[106.57727,21.61922],[106.58048,21.61812],[106.58244,21.61855],[106.58392,21.61995],[106.58478,21.62012],[106.58444,21.62174],[106.58544,21.62421],[106.58699,21.62658],[106.58957,21.62652],[106.5925,21.62711],[106.59245,21.62877],[106.59182,21.62963],[106.59171,21.63097],[106.59222,21.63171],[106.59292,21.63188],[106.5949,21.63358],[106.59726,21.63478],[106.59714,21.63523],[106.59802,21.63692],[106.59695,21.63773],[106.59891,21.63917],[106.59944,21.64051],[106.60016,21.64122],[106.60174,21.64091],[106.60378,21.64152],[106.60441,21.64349],[106.6058,21.64468],[106.60788,21.64494],[106.60989,21.64604],[106.61056,21.64563],[106.61141,21.6461],[106.61237,21.64577],[106.61384,21.64655],[106.61437,21.64644],[106.61449,21.6468],[106.61557,21.64724],[106.61619,21.64788],[106.61713,21.64752],[106.6171,21.64956],[106.61664,21.65161],[106.61856,21.65532],[106.61844,21.65615],[106.62122,21.65914],[106.62312,21.6593],[106.6251,21.6589],[106.62675,21.65933],[106.62658,21.66162],[106.62787,21.66439],[106.62852,21.66441],[106.63002,21.66362],[106.63103,21.66287],[106.63129,21.66202],[106.63211,21.66131],[106.63364,21.66095],[106.63402,21.66052],[106.63972,21.65789],[106.64152,21.656],[106.64146,21.65439],[106.64434,21.65358],[106.64577,21.65452],[106.64666,21.65452],[106.64788,21.65394],[106.64846,21.65252],[106.64847,21.65153],[106.64966,21.65072],[106.65192,21.6458],[106.65327,21.64686],[106.65562,21.64791],[106.65594,21.64709],[106.65568,21.64685],[106.65659,21.64622],[106.65725,21.64524],[106.6601,21.64481],[106.66102,21.64434],[106.66183,21.64295],[106.66185,21.64118],[106.66345,21.63836],[106.66361,21.63716],[106.66444,21.63638],[106.6652,21.63619],[106.66699,21.63672],[106.66794,21.63776],[106.6705,21.63646],[106.67077,21.63514],[106.67317,21.63247],[106.67682,21.63107],[106.67758,21.63108],[106.67869,21.63133],[106.68137,21.63327],[106.68174,21.63243],[106.6858,21.63114],[106.68716,21.62948],[106.68783,21.63051],[106.68895,21.63106],[106.6894,21.63182],[106.69027,21.63132],[106.69117,21.63232],[106.69381,21.63237],[106.69465,21.63397],[106.69577,21.63517],[106.69726,21.63488],[106.69779,21.63604],[106.69734,21.6367],[106.69764,21.63755],[106.69889,21.63659],[106.69936,21.63658],[106.69934,21.63804],[106.69834,21.63986],[106.69943,21.64068],[106.69975,21.64206],[106.6997,21.64323],[106.6991,21.64439],[106.69919,21.64657],[106.70057,21.64665],[106.70165,21.64715],[106.70281,21.64703],[106.70485,21.64898],[106.70632,21.64956],[106.70714,21.65153],[106.70872,21.65162],[106.71034,21.65119],[106.71332,21.65188],[106.71429,21.65116],[106.71557,21.65106],[106.71753,21.65172],[106.72225,21.65472],[106.72332,21.65483],[106.72547,21.65765],[106.72554,21.65854],[106.72476,21.6596],[106.72267,21.66024],[106.72135,21.66219],[106.72087,21.6635],[106.72241,21.66522],[106.72254,21.66676],[106.72386,21.66724],[106.72425,21.66796],[106.72476,21.66814],[106.72591,21.66942],[106.72632,21.66967],[106.72934,21.6694]]]]}},
{"type":"Feature","id":"06526","properties":{"Ward_Code":"06526","Ward_Code_Num":6526,"Ward":"Na Dương","Ward_Alt":"Na Dương","Ward_Upper":"NA DƯƠNG","Ward_Full":"Xã Na Dương","Ward_Full_Alt":"Xã Na Dương","Ward_Full_Upper_Alt":"XÃ NA DƯƠNG","Ward_Type":"Xã","Province_Code":"20","Province":"Lạng Sơn","Province_Upper_Alt":"LẠNG SƠN"},"geometry":{"type":"MultiPolygon","coordinates":[[[[106.97715,21.77829],[106.97736,21.77791],[106.97945,21.77963],[106.9802,21.77859],[106.982,21.77787],[106.9824,21.77784],[106.98317,21.77862],[106.98349,21.77829],[106.9841,21.7785],[106.98471,21.7779],[106.98492,21.77682],[106.98584,21.77651],[106.98602,21.77503],[106.98668,21.77483],[106.9876,21.77484],[106.98987,21.77641],[106.99107,21.77679],[106.9913,21.77563],[106.99034,21.77421],[106.99064,21.77326],[106.9914,21.77253],[106.99098,21.77153],[106.99156,21.77052],[106.99156,21.76976],[106.9929,21.76882],[106.99327,21.76934],[106.9946,21.76932],[106.99436,21.76761],[106.99553,21.76618],[106.99493,21.76565],[106.99494,21.76505],[106.99413,21.76465],[106.99431,21.76411],[106.99378,21.76365],[106.99383,21.76278],[106.99637,21.76255],[106.9966,21.76104],[106.9983,21.75927],[106.99868,21.75844],[106.99851,21.75784],[106.99703,21.75712],[106.99643,21.75648],[106.9962,21.75585],[106.99639,21.75482],[106.9927,21.75592],[106.98931,21.75159],[106.98905,21.74992],[106.98799,21.74966],[106.98788,21.74918],[106.98744,21.74922],[106.98743,21.74823],[106.98642,21.74842],[106.98574,21.74609],[106.98389,21.74369],[106.98397,21.74227],[106.98493,21.73991],[106.98434,21.73934],[106.98476,21.73839],[106.98564,21.73824],[106.98602,21.7378],[106.98588,21.73719],[106.98718,21.73616],[106.98822,21.73465],[106.99251,21.73795],[106.99372,21.73819],[106.99641,21.73729],[106.99707,21.73742],[106.99805,21.73686],[106.99815,21.73531],[106.99989,21.73417],[107.00165,21.73428],[107.00194,21.73494],[107.01196,21.73325],[107.01242,21.73354],[107.012,21.7344],[107.01259,21.73471],[107.01374,21.73322],[107.01486,21.73272],[107.01457,21.73148],[107.01332,21.72998],[107.0137,21.72829],[107.01473,21.72792],[107.01588,21.72895],[107.01676,21.72901],[107.01932,21.72634],[107.01874,21.72598],[107.01811,21.72489],[107.017,21.72491],[107.01608,21.72435],[107.01559,21.72363],[107.01569,21.72251],[107.01539,21.7217],[107.01639,21.71894],[107.01476,21.71832],[107.01114,21.71932],[107.01097,21.7201],[107.00776,21.7223],[107.00779,21.72112],[107.00712,21.72042],[107.00516,21.72166],[107.00395,21.72197],[107.00187,21.72133],[107.00112,21.7207],[106.99963,21.72046],[106.99915,21.72096],[106.99898,21.72218],[106.99819,21.72269],[106.9975,21.72265],[106.99728,21.72291],[106.99751,21.72362],[106.99656,21.7247],[106.99595,21.72485],[106.9952,21.72416],[106.99454,21.72456],[106.99465,21.72599],[106.99366,21.72625],[106.99237,21.72596],[106.99212,21.72645],[106.99099,21.72638],[106.98883,21.72761],[106.9882,21.72774],[106.98775,21.72693],[106.9864,21.72736],[106.98577,21.72709],[106.9837,21.72697],[106.98305,21.7272],[106.98195,21.7269],[106.98124,21.72748],[106.97969,21.72724],[106.9794,21.72768],[106.9785,21.72801],[106.97614,21.72782],[106.9737,21.72832],[106.97086,21.72631],[106.97009,21.7262],[106.9694,21.72484],[106.96885,21.72459],[106.96922,21.72431],[106.96906,21.7237],[106.97005,21.72301],[106.97167,21.72338],[106.96378,21.71628],[106.9629,21.71429],[106.96582,21.70576],[106.96659,21.70575],[106.96831,21.70397],[106.96944,21.70354],[106.97,21.70226],[106.9714,21.70212],[106.9725,21.70238],[106.97317,21.70172],[106.97445,21.70226],[106.97998,21.69839],[106.98083,21.69696],[106.98263,21.69744],[106.9841,21.69625],[106.98593,21.69598],[106.98644,21.69545],[106.98617,21.69373],[106.98673,21.69244],[106.98765,21.69223],[106.9885,21.69106],[106.98996,21.69041],[106.99101,21.69042],[106.99155,21.68915],[106.9911,21.68724],[106.99319,21.68574],[106.99194,21.6848],[106.99263,21.68339],[106.99149,21.68203],[106.99222,21.68142],[106.9924,21.68038],[106.99142,21.67857],[106.99238,21.6773],[106.99254,21.67658],[106.99092,21.67209],[106.98673,21.67445],[106.98648,21.67642],[106.98763,21.67749],[106.98726,21.67876],[106.98676,21.67903],[106.98544,21.67906],[106.98439,21.67869],[106.9832,21.67892],[106.98313,21.67847],[106.98223,21.67847],[106.98141,21.67795],[106.98015,21.67655],[106.97865,21.6765],[106.97808,21.67729],[106.97753,21.67733],[106.97582,21.67667],[106.97313,21.677],[106.96314,21.67564],[106.96142999999999,21.67703],[106.95825,21.67713],[106.95831,21.6769],[106.95678,21.67662],[106.95565,21.67826],[106.95474,21.67859],[106.95406,21.67982],[106.95452,21.68165],[106.95371,21.68247],[106.9533,21.68434],[106.95042,21.68647],[106.94998,21.68644],[106.94929,21.68522],[106.94806,21.68416],[106.94729,21.68405],[106.9459,21.68129],[106.94538,21.68141],[106.94496,21.68049],[106.94355,21.67978],[106.94317,21.67896],[106.94241,21.67885],[106.94202,21.67789],[106.94219,21.6765],[106.93963,21.67443],[106.94044,21.67175],[106.94011,21.67152],[106.94063,21.6713],[106.94097,21.67051],[106.94248,21.66916],[106.94209,21.66814],[106.94137,21.66758],[106.9421,21.66697],[106.94248,21.66577],[106.94042,21.66446],[106.93902,21.66236],[106.93966,21.65985],[106.93947,21.65905],[106.94057,21.65805],[106.94246,21.65393],[106.94298,21.65186],[106.9429,21.65117],[106.94144,21.65044],[106.94128,21.64892],[106.94196,21.64886],[106.94318,21.64782],[106.94432,21.64545],[106.9453,21.64464],[106.94463,21.64403],[106.94379,21.64224],[106.94323,21.64205],[106.94344,21.64012],[106.94388,21.64015],[106.94543,21.63894],[106.948,21.63855],[106.94871,21.63778],[106.95068,21.63705],[106.95195,21.63527],[106.95292,21.63534],[106.95393,21.6349],[106.95841,21.63595],[106.96076,21.63523],[106.96121,21.63426],[106.96281,21.63363],[106.96356,21.63274],[106.96363,21.63174],[106.96509,21.62883],[106.96827,21.62749],[106.96868,21.6262],[106.96778,21.62528],[106.96779,21.6244],[106.96557,21.6232],[106.96457,21.6223],[106.96501,21.62059],[106.96709,21.6182],[106.96722,21.61734],[106.96579,21.61416],[106.96478,21.61289],[106.96426,21.61256],[106.96284,21.61313],[106.96047,21.61568],[106.95787,21.61594],[106.95812,21.61436],[106.95776,21.61417],[106.95483,21.61384],[106.95136,21.61409],[106.95037,21.61358],[106.94971,21.61212],[106.95081,21.60792],[106.95238,21.60569],[106.95071,21.60384],[106.95205,21.60247],[106.95332,21.60214],[106.95457,21.60102],[106.95594,21.60043],[106.95658,21.5993],[106.95708,21.599],[106.95719,21.59822],[106.95898,21.59608],[106.95932,21.59485],[106.95976,21.59448],[106.95967,21.59382],[106.96104,21.58963],[106.961,21.58873],[106.96014,21.587],[106.95841,21.58618],[106.95621,21.58593],[106.95509,21.58545],[106.95358,21.58582],[106.95214,21.58557],[106.95133,21.58773],[106.94817,21.5902],[106.94754,21.59126],[106.94668,21.59177],[106.94586,21.59354],[106.94395,21.59538],[106.94294,21.59592],[106.94056,21.59523],[106.93884,21.59356],[106.93755,21.59391],[106.93721,21.59434],[106.93686,21.59582],[106.93805,21.59824],[106.93805,21.60123],[106.94021,21.60344],[106.94065,21.60515],[106.94048,21.60633],[106.94199,21.60831],[106.94239,21.60988],[106.94135,21.61097],[106.94132,21.61181],[106.94044,21.61344],[106.93739,21.61477],[106.93562,21.61786],[106.9314,21.61979],[106.92938,21.62004],[106.92556,21.61883],[106.92582,21.62118],[106.9255,21.62314],[106.92569,21.62419],[106.9267,21.62573],[106.92656,21.62666],[106.92595,21.6274],[106.92604,21.62954],[106.92508,21.63087],[106.92516,21.63147],[106.92574,21.63186],[106.92586,21.63295],[106.92444,21.6342],[106.92315,21.63486],[106.92316,21.63668],[106.92231,21.63726],[106.92182,21.63724],[106.92179,21.63792],[106.92052,21.63906],[106.92055,21.63984],[106.92005,21.64091],[106.91952,21.64104],[106.91962,21.64166],[106.91902,21.64191],[106.91991,21.64549],[106.91979,21.64713],[106.92131,21.64738],[106.92235,21.64878],[106.92466,21.64925],[106.92647,21.65047],[106.92615,21.65112],[106.92473,21.651979999999998],[106.92303,21.65474],[106.92367,21.65755],[106.92335,21.65756],[106.92325,21.65812],[106.92118,21.65883],[106.92176,21.65982],[106.92179,21.66054],[106.92086,21.66102],[106.9207,21.66154],[106.92111,21.66366],[106.9194,21.66707],[106.91747,21.66668],[106.917,21.66737],[106.9163,21.66742],[106.91305,21.66942],[106.9122,21.67081],[106.91113,21.67155],[106.90945,21.67008],[106.90812,21.66963],[106.90698,21.67026],[106.90642,21.67002],[106.90384,21.67149],[106.90142,21.67156],[106.90088,21.67208],[106.89736,21.67314],[106.89654,21.6737],[106.89552,21.67522],[106.89571,21.67739],[106.8953,21.6791],[106.89424,21.68025],[106.89337,21.68207],[106.89235,21.68289],[106.88858,21.68284],[106.88644,21.68424],[106.88154,21.68352],[106.87926,21.68507],[106.87832,21.68493],[106.87889,21.68669],[106.87823,21.68718],[106.87791,21.68815],[106.87782,21.69089],[106.87646,21.69156],[106.8749,21.69358],[106.87308,21.69464],[106.8731,21.69549],[106.87223,21.69793],[106.87312,21.70024],[106.87553,21.70121],[106.87679,21.70255],[106.87725,21.7036],[106.87963,21.70331],[106.88116,21.70399],[106.8819,21.70533],[106.88179,21.7058],[106.88239,21.70635],[106.88241,21.70858],[106.88049,21.70829],[106.87783,21.70887],[106.87629,21.70967],[106.8758,21.71029],[106.87654,21.7116],[106.87673,21.7128],[106.87776,21.7139],[106.87558,21.71537],[106.87653,21.7169],[106.87616,21.71978],[106.87648,21.72037],[106.87849,21.72045],[106.87951,21.72133],[106.88012,21.72125],[106.8807,21.72188],[106.88117,21.72194],[106.8809,21.7227],[106.88139,21.72357],[106.88296,21.72417],[106.88545,21.72337],[106.88636,21.72253],[106.89026,21.72197],[106.89103,21.72279],[106.89325,21.72325],[106.89427,21.72469],[106.89609,21.72544],[106.89767,21.72752],[106.89776,21.72868],[106.89829,21.72884],[106.89814,21.72925],[106.89879,21.72966],[106.9011,21.72944],[106.9024,21.72866],[106.90293,21.72795],[106.90484,21.72762],[106.9058,21.72759],[106.90644,21.728],[106.90904,21.7285],[106.91029,21.7293],[106.91267,21.7316],[106.91264,21.73317],[106.91352,21.73468],[106.91478,21.73542],[106.91487,21.73798],[106.91623,21.73858],[106.91638,21.73956],[106.91828,21.73931],[106.91971,21.7396],[106.92229,21.73819],[106.92318,21.73882],[106.92374,21.73987],[106.92434,21.73988],[106.92465,21.73897],[106.92541,21.73842],[106.92747,21.73894],[106.92781,21.73955],[106.92736,21.74101],[106.93312,21.7423],[106.9338,21.74593],[106.93509,21.74699],[106.93879,21.7467],[106.94046,21.74465],[106.94181,21.74427],[106.94343,21.7453],[106.94355,21.74619],[106.94461,21.74658],[106.94756,21.74624],[106.94783,21.7444],[106.95073,21.7447],[106.95126,21.7469],[106.95422,21.75098],[106.95628,21.75279],[106.95784,21.75345],[106.95857,21.75412],[106.95934,21.75559],[106.95926,21.75757],[106.95976,21.75916],[106.96063,21.76047],[106.96159,21.7611],[106.9615,21.76158],[106.96221,21.76257],[106.96301,21.76278],[106.96269,21.76416],[106.964,21.76422],[106.96437,21.76482],[106.96406,21.76521],[106.96432,21.76589],[106.96633,21.76689],[106.96606,21.76835],[106.96708,21.77001],[106.96715,21.77122],[106.96774,21.77154],[106.96753,21.77252],[106.96795,21.77332],[106.96956,21.77392],[106.97021,21.77969],[106.97175,21.78006],[106.97186,21.78182],[106.97227,21.78218],[106.97483,21.78012],[106.97496,21.77921],[106.97715,21.77829]]]]}},
{"type":"Feature","id":"06529","properties":{"Ward_Code":"06529","Ward_Code_Num":6529,"Ward":"Lộc Bình","Ward_Alt":"Lộc Bình","Ward_Upper":"LỘC BÌNH","Ward_Full":"Xã Lộc Bình","Ward_Full_Alt":"Xã Lộc Bình","Ward_Full_Upper_Alt":"XÃ LỘC BÌNH","Ward_Type":"Xã","Province_Code":"20","Province":"Lạng Sơn","Province_Upper_Alt":"LẠNG SƠN"},"geometry":{"type":"MultiPolygon","coordinates":[[[[106.90804,21.82653],[106.90906,21.82618],[106.91051,21.82461],[106.9122,21.82338],[106.91355,21.82159],[106.91514,21.82088],[106.91479,21.81776],[106.91426,21.81684],[106.91457,21.81502],[106.91417,21.81363],[106.91205,21.81098],[106.91151,21.80923],[106.91053,21.80956],[106.91016,21.80889],[106.9102,21.80798],[106.91131,21.80675],[106.91107,21.80583],[106.91031,21.8054],[106.90993,21.80476],[106.91051,21.80262],[106.90994,21.80069],[106.90912,21.79998],[106.9093,21.79956],[106.90804,21.79872],[106.90714,21.79868],[106.90529,21.7976],[106.90358,21.79749],[106.90268,21.79816],[106.90312,21.79861],[106.90284,21.79863],[106.90158,21.79788],[106.90049,21.79673],[106.9032,21.79574],[106.90796,21.79685],[106.90858,21.79642],[106.91122,21.79879],[106.91323,21.80007],[106.92079,21.80107],[106.92221,21.80029],[106.92308,21.80021],[106.92446,21.79958],[106.92555,21.79858],[106.92641,21.797],[106.92624,21.79641],[106.92406,21.79446],[106.92434,21.7909],[106.92367,21.79002],[106.92397,21.78888],[106.92856,21.79101],[106.92888,21.79085],[106.93349,21.78783],[106.93372,21.78752],[106.93338,21.78699],[106.93357,21.78665],[106.93418,21.78629],[106.93504,21.7863],[106.93518,21.78481],[106.9349,21.78395],[106.93515,21.78318],[106.93674,21.7823],[106.9372,21.78171],[106.93909,21.78254],[106.93915,21.78303],[106.93945,21.78314],[106.93983,21.78284],[106.93984,21.78209],[106.9411,21.78206],[106.94121,21.78246],[106.9411,21.78308],[106.94057,21.78346],[106.94069,21.78433],[106.93981,21.78472],[106.93985,21.78566],[106.93871,21.78652],[106.93942,21.78814],[106.94041,21.78903],[106.94059,21.79053],[106.93975,21.79092],[106.9395,21.79149],[106.93976,21.79238],[106.93907,21.79323],[106.94046,21.79458],[106.94038,21.79512],[106.94119,21.79635],[106.94089,21.79689],[106.94105,21.79714],[106.94198,21.79719],[106.9425,21.79616],[106.94475,21.79554],[106.94656,21.7946],[106.94825,21.79545],[106.94873,21.79664],[106.95024,21.79787],[106.9505,21.7987],[106.95463,21.79941],[106.95513,21.79878],[106.95782,21.79718],[106.95858,21.79604],[106.96082,21.79525],[106.96173,21.7944],[106.96272,21.79402],[106.97272,21.79338],[106.97145,21.79119],[106.97283,21.79006],[106.9722,21.78954],[106.97274,21.78778],[106.97181,21.78707],[106.9715,21.78556],[106.97283,21.7841],[106.97181,21.78167],[106.97175,21.78006],[106.97021,21.77969],[106.96956,21.77392],[106.96795,21.77332],[106.96753,21.77252],[106.96774,21.77154],[106.96715,21.77122],[106.96708,21.77001],[106.96606,21.76835],[106.96633,21.76689],[106.96432,21.76589],[106.96406,21.76521],[106.96437,21.76482],[106.964,21.76422],[106.96269,21.76416],[106.96301,21.76278],[106.96221,21.76257],[106.9615,21.76158],[106.96159,21.7611],[106.96063,21.76047],[106.95976,21.75916],[106.95926,21.75757],[106.95934,21.75559],[106.95857,21.75412],[106.95784,21.75345],[106.95628,21.75279],[106.95422,21.75098],[106.95126,21.7469],[106.95073,21.7447],[106.94783,21.7444],[106.94756,21.74624],[106.94461,21.74658],[106.94355,21.74619],[106.94343,21.7453],[106.94181,21.74427],[106.94046,21.74465],[106.93879,21.7467],[106.93509,21.74699],[106.9338,21.74593],[106.93312,21.7423],[106.92736,21.74101],[106.92781,21.73955],[106.92747,21.73894],[106.92541,21.73842],[106.92465,21.73897],[106.92434,21.73988],[106.92374,21.73987],[106.92318,21.73882],[106.92229,21.73819],[106.91971,21.7396],[106.91828,21.73931],[106.91638,21.73956],[106.91623,21.73858],[106.91487,21.73798],[106.9147,21.73528],[106.91352,21.73468],[106.91264,21.73317],[106.91127,21.73377],[106.90939,21.73713],[106.90679,21.73689],[106.90515,21.73574],[106.90493,21.73699],[106.9037,21.73677],[106.90239,21.73758],[106.90041,21.73808],[106.90053,21.73878],[106.89977,21.73908],[106.89869,21.74048],[106.89748,21.74141],[106.89604,21.74073],[106.89542,21.73941],[106.89257,21.73978],[106.88894,21.73895],[106.88762,21.73969],[106.88548,21.73817],[106.88264,21.73928],[106.8822,21.74103],[106.88167,21.74969],[106.88266,21.75263],[106.88021,21.75304],[106.87911,21.75458],[106.87914,21.75499],[106.87993,21.75602],[106.87995,21.75693],[106.88122,21.75939],[106.88244,21.76101],[106.8827,21.76341],[106.88442,21.76437],[106.88466,21.76547],[106.8858,21.76544],[106.88728,21.76667],[106.88871,21.76893],[106.88951,21.76938],[106.88829,21.77279],[106.88731,21.77404],[106.88593,21.77498],[106.88179,21.7759],[106.87864,21.77438],[106.878,21.77438],[106.87646,21.77478],[106.87424,21.77613],[106.87402,21.77878],[106.87475,21.780639999999998],[106.87688,21.78213],[106.87924,21.78203],[106.88022,21.78241],[106.88065,21.78348],[106.88011,21.78506],[106.87889,21.78577],[106.87754,21.78568],[106.87056,21.78374],[106.86865,21.78387],[106.86666,21.78509],[106.86671,21.78755],[106.8672,21.78876],[106.86662,21.79008],[106.86518,21.79079],[106.86224,21.79145],[106.85883,21.7889],[106.85718,21.78908],[106.85633,21.7897],[106.85546,21.79106],[106.85591,21.79408],[106.85551,21.79498],[106.85423,21.79514],[106.85278,21.79426],[106.84674,21.79395],[106.84257,21.79839],[106.84219,21.79931],[106.84244,21.79988],[106.84586,21.80225],[106.84692,21.804],[106.84714,21.8082],[106.8459,21.81086],[106.84463,21.81147],[106.84514,21.8118],[106.84606,21.81369],[106.84707,21.81362],[106.84745,21.81422],[106.84849,21.81486],[106.85041,21.81975],[106.85147,21.82037],[106.85289,21.81994],[106.85511,21.8211],[106.85483,21.82305],[106.85625,21.82415],[106.8559,21.82512],[106.85665,21.82649],[106.85668,21.82854],[106.85752,21.82872],[106.85737,21.8301],[106.85939,21.83005],[106.86032,21.83048],[106.86227,21.83292],[106.86412,21.83324],[106.86605,21.83184],[106.86777,21.83151],[106.86869,21.83168],[106.86924,21.83137],[106.87374,21.82637],[106.87402,21.82503],[106.87495,21.82441],[106.87573,21.82096],[106.87881,21.82278],[106.88128,21.8226],[106.88366,21.82506],[106.88447,21.8264],[106.88522,21.8267],[106.88603,21.82776],[106.88797,21.82917],[106.88897,21.83104],[106.88945,21.83125],[106.88931,21.83308],[106.88859,21.8353],[106.89012,21.83672],[106.89263,21.8376],[106.89342,21.83691],[106.89473,21.83442],[106.89821,21.83181],[106.90071,21.83024],[106.90638,21.82775],[106.90804,21.82653]]]]}},
{"type":"Feature","id":"06541","properties":{"Ward_Code":"06541","Ward_Code_Num":6541,"Ward":"Mẫu Sơn","Ward_Alt":"Mẫu Sơn","Ward_Upper":"MẪU SƠN","Ward_Full":"Xã Mẫu Sơn","Ward_Full_Alt":"Xã Mẫu Sơn","Ward_Full_Upper_Alt":"XÃ MẪU SƠN","Ward_Type":"Xã","Province_Code":"20","Province":"Lạng Sơn","Province_Upper_Alt":"LẠNG SƠN"},"geometry":{"type":"MultiPolygon","coordinates":[[[[107.12512,21.75886],[107.12433,21.75802],[107.1245,21.7573],[107.12541,21.75742],[107.12529,21.75705],[107.12577,21.75631],[107.12544,21.75583],[107.12475,21.75593],[107.12443,21.75535],[107.12518,21.75418],[107.12522,21.75091],[107.12497,21.74995],[107.12444,21.74941],[107.1237,21.74512],[107.1233,21.7441],[107.12278,21.74383],[107.12287,21.74276],[107.12175,21.7419],[107.11854,21.74281],[107.11827,21.74254],[107.11756,21.74265],[107.11605,21.74352],[107.11565,21.74427],[107.11454,21.74396],[107.11395,21.74429],[107.11268,21.74655],[107.11277,21.74908],[107.11243,21.74953],[107.1118,21.74976],[107.11028,21.74915],[107.1088,21.74956],[107.10835,21.7487],[107.10743,21.74871],[107.1059,21.74926],[107.10549,21.74993],[107.10526,21.75155],[107.10342,21.75125],[107.10202,21.75238],[107.10139,21.75248],[107.10006,21.75162],[107.09819,21.75396],[107.09683,21.75422],[107.09602,21.75552],[107.09451,21.75614],[107.09321,21.75767],[107.09091,21.75899],[107.08978,21.75814],[107.08891,21.75799],[107.08751,21.75886],[107.08639,21.75861],[107.08562,21.75913],[107.08444,21.75901],[107.08347,21.75842],[107.08109,21.75792],[107.08031,21.75726],[107.07889,21.75732],[107.07836,21.75782],[107.07784,21.75776],[107.07594,21.75858],[107.07512,21.75856],[107.07279,21.75765],[107.07185,21.75825],[107.07049,21.75834],[107.06941,21.75794],[107.0684,21.75813],[107.06638,21.75697],[107.06477,21.7567],[107.0627,21.75583],[107.05741,21.7573],[107.0562,21.75698],[107.05536,21.75731],[107.05432,21.75697],[107.05142,21.7573],[107.04864,21.75626],[107.047,21.75519],[107.04575,21.75429],[107.04529,21.753],[107.04388,21.75233],[107.04179,21.75246],[107.03932,21.75195],[107.03803,21.7525],[107.03667,21.75239],[107.03565,21.75317],[107.03362,21.75332],[107.03183,21.75442],[107.03031,21.75687],[107.02934,21.75737],[107.02817,21.75906],[107.02608,21.75914],[107.02537,21.75874],[107.0241,21.75888],[107.0229,21.7582],[107.02185,21.75833],[107.01766,21.76011],[107.01752,21.76121],[107.01609,21.76108],[107.01401,21.7617],[107.01411,21.76367],[107.01464,21.76426],[107.01458,21.76533],[107.01249,21.77081],[107.01202,21.77348],[107.01231,21.77394],[107.01345,21.77439],[107.01226,21.77613],[107.01118,21.77632],[107.0112,21.77794],[107.01049,21.77868],[107.00958,21.77898],[107.00838,21.7781],[107.007,21.77819],[107.0052,21.77561],[107.00413,21.77476],[107.00114,21.77724],[107.00103,21.778],[107.00041,21.77828],[106.99982,21.77945],[106.99734,21.78066],[106.99659,21.78004],[106.9943,21.7794],[106.99223,21.77958],[106.99207,21.77869],[106.99123,21.7781],[106.99106,21.77678],[106.98987,21.77641],[106.98863,21.77535],[106.98745,21.77481],[106.98602,21.77503],[106.98584,21.77651],[106.98492,21.77682],[106.98471,21.7779],[106.9841,21.7785],[106.98349,21.77829],[106.98317,21.77862],[106.9824,21.77784],[106.982,21.77787],[106.9802,21.77859],[106.97945,21.77963],[106.97736,21.77791],[106.97694,21.77846],[106.97496,21.77921],[106.97483,21.78012],[106.97224,21.78219],[106.97283,21.7841],[106.9715,21.78556],[106.97181,21.78707],[106.97274,21.78778],[106.9722,21.78954],[106.97283,21.79006],[106.97145,21.79119],[106.97272,21.79338],[106.96272,21.79402],[106.96173,21.7944],[106.96082,21.79525],[106.95858,21.79604],[106.95782,21.79718],[106.95513,21.79878],[106.95463,21.79941],[106.9505,21.7987],[106.95024,21.79787],[106.94873,21.79664],[106.94825,21.79545],[106.94656,21.7946],[106.94475,21.79554],[106.9425,21.79616],[106.94198,21.79719],[106.94092,21.79702],[106.94119,21.79635],[106.94038,21.79512],[106.94046,21.79458],[106.93907,21.79323],[106.93976,21.79238],[106.9395,21.79149],[106.93975,21.79092],[106.94059,21.79053],[106.94041,21.78903],[106.93942,21.78814],[106.93871,21.78652],[106.93985,21.78566],[106.93981,21.78472],[106.94069,21.78433],[106.94057,21.78346],[106.9411,21.78308],[106.94121,21.78246],[106.9411,21.78206],[106.93984,21.78209],[106.93983,21.78284],[106.93945,21.78314],[106.93915,21.78303],[106.93909,21.78254],[106.9372,21.78171],[106.93674,21.7823],[106.93515,21.78318],[106.9349,21.78395],[106.93518,21.78481],[106.93504,21.7863],[106.93418,21.78629],[106.93357,21.78665],[106.93338,21.78699],[106.93372,21.78752],[106.93349,21.78783],[106.92888,21.79085],[106.92856,21.79101],[106.92397,21.78888],[106.92367,21.79002],[106.92434,21.7909],[106.92406,21.79446],[106.92624,21.79641],[106.92641,21.797],[106.92555,21.79858],[106.92446,21.79958],[106.92308,21.80021],[106.92221,21.80029],[106.92079,21.80107],[106.91323,21.80007],[106.91122,21.79879],[106.90858,21.79642],[106.90796,21.79685],[106.9032,21.79574],[106.90042,21.79677],[106.90284,21.79863],[106.90312,21.79861],[106.90268,21.79816],[106.90358,21.79749],[106.90529,21.7976],[106.90714,21.79868],[106.90804,21.79872],[106.9093,21.79956],[106.90912,21.79998],[106.90994,21.80069],[106.91051,21.80262],[106.90993,21.80476],[106.91031,21.8054],[106.91107,21.80583],[106.9113,21.80665],[106.9102,21.80798],[106.9103,21.8093],[106.9106,21.80956],[106.91151,21.80923],[106.91205,21.81098],[106.91421,21.8137],[106.91459,21.8151],[106.91426,21.81684],[106.91479,21.81776],[106.91514,21.82088],[106.91355,21.82159],[106.9122,21.82338],[106.91051,21.82461],[106.90906,21.82618],[106.90756,21.82671],[106.90638,21.82775],[106.90071,21.83024],[106.89821,21.83181],[106.89473,21.83442],[106.89342,21.83691],[106.89263,21.8376],[106.89012,21.83672],[106.88859,21.8353],[106.88931,21.83308],[106.88945,21.83125],[106.88897,21.83104],[106.88797,21.82917],[106.88603,21.82776],[106.88522,21.8267],[106.88447,21.8264],[106.88366,21.82506],[106.88128,21.8226],[106.87881,21.82278],[106.87573,21.82096],[106.87495,21.82441],[106.87402,21.82503],[106.87374,21.82637],[106.86924,21.83137],[106.86869,21.83168],[106.86777,21.83151],[106.86605,21.83184],[106.86412,21.83324],[106.86405,21.83434],[106.86469,21.83578],[106.86427,21.83682],[106.86548,21.8375],[106.86737,21.84202],[106.87159,21.84491],[106.87339,21.84709],[106.87497,21.84782],[106.87531,21.8476],[106.87573,21.84802],[106.87845,21.84722],[106.88326,21.84802],[106.88547,21.84668],[106.88597,21.84675],[106.88816,21.84594],[106.88889,21.8461],[106.89252,21.84499],[106.89872,21.84514],[106.89914,21.84573],[106.89986,21.846],[106.90169,21.84607],[106.90246,21.84733],[106.9032,21.84728],[106.9047,21.84827],[106.90499,21.84928],[106.90741,21.84987],[106.90823,21.84904],[106.91152,21.84982],[106.91215,21.85072],[106.91336,21.85084],[106.9144,21.85177],[106.91545,21.85127],[106.91635,21.85022],[106.91766,21.85031],[106.91933,21.84904],[106.92039,21.8487],[106.92291,21.84899],[106.92562,21.84776],[106.9273,21.84755],[106.92863,21.84691],[106.93101,21.84731],[106.93649,21.84642],[106.9384,21.84663],[106.93882,21.84649],[106.93916,21.84568],[106.93974,21.84549],[106.94272,21.84538],[106.94446,21.84485],[106.94649,21.84376],[106.94806,21.84345],[106.94915,21.84233],[106.95013,21.84274],[106.95119,21.84094],[106.95302,21.83897],[106.95451,21.8394],[106.95702,21.83873],[106.95766,21.83846],[106.95779,21.83782],[106.96081,21.83632],[106.96131,21.83556],[106.96458,21.83674],[106.9665,21.83669],[106.96856,21.83837],[106.96954,21.83865],[106.97013,21.83849],[106.97121,21.83892],[106.97454,21.84231],[106.97688,21.84235],[106.97947,21.84407],[106.97993,21.84291],[106.9809,21.84277],[106.98277,21.84458],[106.98456,21.84193],[106.98915,21.84384],[106.99083,21.84378],[106.9912,21.84457],[106.99291,21.8447],[106.99344,21.84446],[106.99438,21.84291],[106.99527,21.84273],[106.99663,21.84369],[106.99764,21.84358],[106.99804,21.8442],[106.99862,21.84426],[106.99895,21.8452],[106.99987,21.84438],[107.00109,21.8441],[107.00261,21.84447],[107.00329,21.84497],[107.00419,21.84641],[107.00536,21.84432],[107.0049,21.84262],[107.00524,21.84013],[107.00473,21.83928],[107.00496,21.83737],[107.00429,21.83528],[107.00421,21.83315],[107.00479,21.8322],[107.00549,21.83139],[107.00663,21.83092],[107.00677,21.83025],[107.00772,21.82927],[107.00838,21.8279],[107.01052,21.82667],[107.01252,21.82632],[107.01818,21.82722],[107.01913,21.82649],[107.01899,21.82567],[107.01932,21.82472],[107.02153,21.82399],[107.02375,21.8223],[107.0238,21.82127],[107.02462,21.82083],[107.02554,21.81918],[107.02753,21.81951],[107.02982,21.81725],[107.03132,21.81719],[107.03213,21.81646],[107.03661,21.8164],[107.03739,21.81595],[107.03841,21.81585],[107.03952,21.81514],[107.04063,21.81343],[107.04329,21.81229],[107.04356,21.8127],[107.04568,21.81314],[107.04606,21.8137],[107.04761,21.81289],[107.04877,21.81333],[107.05033,21.81316],[107.05096,21.81146],[107.05179,21.8118],[107.05583,21.8115],[107.05704,21.81089],[107.05854,21.8108],[107.06115,21.80937],[107.0637,21.81049],[107.06485,21.80909],[107.07071,21.80902],[107.07526,21.8082],[107.07665,21.80958],[107.07784,21.81023],[107.07952,21.81026],[107.08121,21.80925],[107.08291,21.80925],[107.0857,21.80777],[107.08589,21.80478],[107.08705,21.8042],[107.08938,21.80187],[107.09008,21.80013],[107.09119,21.7997],[107.09252,21.80008],[107.09534,21.79864],[107.09678,21.79876],[107.09862,21.79614],[107.0995,21.7957],[107.10075,21.79413],[107.1024,21.79401],[107.10394,21.79501],[107.10472,21.7951],[107.10679,21.79373],[107.1116,21.79389],[107.11358,21.79272],[107.11343,21.7903],[107.11383,21.78941],[107.11193,21.78897],[107.11087,21.78797],[107.10955,21.78574],[107.10833,21.78476],[107.10771,21.78361],[107.10416,21.78101],[107.10368,21.77962],[107.10756,21.77528],[107.10775,21.7738],[107.11025,21.77167],[107.11168,21.77157],[107.11276,21.77072],[107.11606,21.76999],[107.11677,21.77041],[107.1179,21.77051],[107.1188,21.77205],[107.11942,21.77207],[107.12021,21.77134],[107.1217,21.77108],[107.12263,21.77038],[107.12326,21.77087],[107.1242,21.77061],[107.12476,21.76968],[107.12724,21.76997],[107.12964,21.76957],[107.13016,21.76879],[107.1322,21.76783],[107.13267,21.76705],[107.13229,21.76633],[107.12898,21.76526],[107.12849,21.76348],[107.12907,21.76236],[107.12817,21.76169],[107.128,21.76048],[107.12594,21.75967],[107.12512,21.75886]]]]}},
{"type":"Feature","id":"06565","properties":{"Ward_Code":"06565","Ward_Code_Num":6565,"Ward":"Khuất Xá","Ward_Alt":"Khuất Xá","Ward_Upper":"KHUẤT XÁ","Ward_Full":"Xã Khuất Xá","Ward_Full_Alt":"Xã Khuất Xá","Ward_Full_Upper_Alt":"XÃ KHUẤT XÁ","Ward_Type":"Xã","Province_Code":"20","Province":"Lạng Sơn","Province_Upper_Alt":"LẠNG SƠN"},"geometry":{"type":"MultiPolygon","coordinates":[[[[107.12555,21.75935],[107.128,21.76048],[107.12817,21.76169],[107.12907,21.76236],[107.12849,21.76348],[107.12898,21.76526],[107.13229,21.76633],[107.13267,21.76705],[107.1322,21.76783],[107.13016,21.76879],[107.12964,21.76957],[107.12724,21.76997],[107.12476,21.76968],[107.1242,21.77061],[107.12326,21.77087],[107.12263,21.77038],[107.1217,21.77108],[107.12021,21.77134],[107.11942,21.77207],[107.1188,21.77205],[107.1179,21.77051],[107.11677,21.77041],[107.11606,21.76999],[107.11276,21.77072],[107.11168,21.77157],[107.11025,21.77167],[107.10775,21.7738],[107.10756,21.77528],[107.10368,21.77962],[107.10416,21.78101],[107.10771,21.78361],[107.10833,21.78476],[107.10955,21.78574],[107.11067,21.78776],[107.11216,21.78908],[107.11383,21.78941],[107.11681,21.78756],[107.12103,21.78061],[107.12582,21.77668],[107.12614,21.77591],[107.12748,21.77547],[107.12869,21.77584],[107.13193,21.77557],[107.13391,21.7759],[107.13462,21.77335],[107.13558,21.77243],[107.13608,21.77132],[107.13613,21.77038],[107.13479,21.76935],[107.13502,21.76818],[107.13626,21.76769],[107.13769,21.76779],[107.1389,21.76596],[107.1388,21.76395],[107.13979,21.76343],[107.14038,21.7625],[107.14298,21.76245],[107.14433,21.76333],[107.14576,21.76313],[107.14578,21.76269],[107.14662,21.76173],[107.14913,21.7602],[107.15025,21.76054],[107.15161,21.76026],[107.1543,21.75922],[107.15523,21.75818],[107.15694,21.75827],[107.15868,21.75757],[107.16044,21.75752],[107.16126,21.75556],[107.16226,21.75476],[107.1618,21.75241],[107.16304,21.75186],[107.16433,21.75051],[107.16701,21.75017],[107.16934,21.75265],[107.17094,21.7521],[107.17264,21.75247],[107.17355,21.75052],[107.17494,21.74892],[107.17707,21.74849],[107.17938,21.74892],[107.18112,21.74774],[107.18242,21.74783],[107.18504,21.74729],[107.1862,21.74618],[107.18724,21.74378],[107.19017,21.74237],[107.19075,21.74135],[107.19059,21.74029],[107.19216,21.73707],[107.19203,21.73626],[107.18767,21.73361],[107.18508,21.73436],[107.181,21.7321],[107.17798,21.73091],[107.17778,21.73007],[107.17817,21.72918],[107.17786,21.72798],[107.17834,21.72684],[107.17843,21.72532],[107.17784,21.72446],[107.17778,21.7237],[107.17529,21.72412],[107.17381,21.72346],[107.1725,21.72363],[107.17052,21.72308],[107.16904,21.72015],[107.16837,21.71981],[107.16791,21.71888],[107.1671,21.71819],[107.15978,21.71505],[107.16044,21.71431],[107.16128,21.71194],[107.16172,21.7092],[107.16054,21.70675],[107.1616,21.70405],[107.16102,21.70357],[107.16002,21.70024],[107.15911,21.69961],[107.1574,21.6992],[107.15377,21.70153],[107.15242,21.70073],[107.14953,21.70062],[107.14862,21.70094],[107.14815,21.70046],[107.14748,21.70033],[107.14666,21.70095],[107.14639,21.70181],[107.14322,21.70248],[107.14126,21.70364],[107.13976,21.70285],[107.13937,21.70196],[107.13954,21.70025],[107.1383,21.69955],[107.13805,21.699],[107.13691,21.69966],[107.1346,21.69975],[107.13213,21.6981],[107.13136,21.69663],[107.13031,21.69708],[107.12865,21.69716],[107.12756,21.69769],[107.12639,21.69705],[107.12493,21.6971],[107.12425,21.69638],[107.12238,21.69747],[107.12107,21.69685],[107.11971,21.69744],[107.11792,21.69533],[107.11811,21.69426],[107.11765,21.69327],[107.11653,21.69207],[107.11296,21.69236],[107.1115,21.69188],[107.11066,21.69087],[107.10809,21.69008],[107.10739,21.68801],[107.10584,21.68846],[107.10396,21.68983],[107.10347,21.68952],[107.10198,21.68695],[107.10344,21.68274],[107.10278,21.68178],[107.10069,21.68076],[107.1003,21.67997],[107.10046,21.67614],[107.10082,21.6746],[107.10147,21.67391],[107.09747,21.67083],[107.09591,21.66726],[107.09176,21.66344],[107.08883,21.66617],[107.08632,21.66605],[107.08574,21.66674],[107.08136,21.66793],[107.08046,21.66854],[107.07954,21.66994],[107.07739,21.66991],[107.0768,21.67155],[107.0756,21.67285],[107.07459,21.67488],[107.07438,21.67697],[107.07306,21.67874],[107.07291,21.68184],[107.07219,21.68328],[107.07216,21.68468],[107.07164,21.68603],[107.07139,21.6851],[107.06908,21.68436],[107.06872,21.68335],[107.06668,21.68289],[107.06603,21.6801],[107.06443,21.67876],[107.06209,21.6781],[107.06114,21.67868],[107.05973,21.68062],[107.05825,21.68154],[107.05803,21.68562],[107.05745,21.68765],[107.05604,21.68859],[107.05485,21.69066],[107.05248,21.6925],[107.05364,21.69437],[107.05447,21.69788],[107.05338,21.70017],[107.05341,21.70167],[107.05162,21.70304],[107.05192,21.70402],[107.0518,21.7056],[107.05496,21.70526],[107.05828,21.70581],[107.05879,21.70595],[107.0591,21.70662],[107.06011,21.70729],[107.06052,21.71112],[107.05992,21.71231],[107.05855,21.71272],[107.05836,21.71351],[107.0558,21.71445],[107.05064,21.71514],[107.05023,21.71621],[107.04921,21.71716],[107.04856,21.71865],[107.04758,21.71905],[107.04585,21.71919],[107.04379,21.71779],[107.0388,21.71614],[107.03608,21.71664],[107.03376,21.71649],[107.03277,21.71596],[107.03011,21.71678],[107.02827,21.7161],[107.02727,21.71525],[107.02682,21.71529],[107.02625,21.71584],[107.02539,21.71801],[107.02405,21.71667],[107.02339,21.71653],[107.02082,21.71791],[107.02034,21.72159],[107.02116,21.72288],[107.02327,21.72327],[107.02359,21.72445],[107.0228,21.72533],[107.01961,21.72607],[107.01676,21.72901],[107.01588,21.72895],[107.01473,21.72792],[107.01398,21.72799],[107.01358,21.72848],[107.01332,21.72998],[107.01457,21.73148],[107.01486,21.73272],[107.01374,21.73322],[107.01259,21.73471],[107.012,21.7344],[107.01242,21.73354],[107.01196,21.73325],[107.00194,21.73494],[107.00165,21.73428],[106.99989,21.73417],[106.99815,21.73531],[106.99805,21.73686],[106.99707,21.73742],[106.99641,21.73729],[106.99372,21.73819],[106.99251,21.73795],[106.98822,21.73465],[106.98718,21.73616],[106.98588,21.73719],[106.98602,21.7378],[106.98541,21.7384],[106.98476,21.73839],[106.98434,21.73934],[106.98493,21.73991],[106.98397,21.74227],[106.98389,21.74369],[106.98574,21.74609],[106.98642,21.74842],[106.98743,21.74823],[106.98744,21.74922],[106.98788,21.74918],[106.98799,21.74966],[106.98905,21.74992],[106.98931,21.75159],[106.9927,21.75592],[106.99639,21.75482],[106.9962,21.75585],[106.99668,21.75686],[106.9986,21.75796],[106.9983,21.75927],[106.9966,21.76104],[106.99637,21.76255],[106.99383,21.76278],[106.99378,21.76365],[106.99431,21.76411],[106.99412,21.76463],[106.99494,21.76505],[106.99493,21.76565],[106.99553,21.76618],[106.99436,21.76761],[106.99467,21.76919],[106.99327,21.76934],[106.9929,21.76882],[106.99156,21.76976],[106.99156,21.77052],[106.99098,21.77153],[106.9914,21.77253],[106.99064,21.77326],[106.99033,21.77437],[106.9913,21.77563],[106.99104,21.77659],[106.99123,21.7781],[106.99207,21.77869],[106.99216,21.77953],[106.9943,21.7794],[106.99659,21.78004],[106.99734,21.78066],[106.99982,21.77945],[107.00041,21.77828],[107.00103,21.778],[107.00114,21.77724],[107.00413,21.77476],[107.0052,21.77561],[107.007,21.77819],[107.00838,21.7781],[107.00958,21.77898],[107.01049,21.77868],[107.0112,21.77794],[107.01118,21.77632],[107.01226,21.77613],[107.01345,21.77439],[107.01231,21.77394],[107.01202,21.77348],[107.01249,21.77081],[107.01458,21.76533],[107.01464,21.76426],[107.01411,21.76367],[107.01401,21.7617],[107.01609,21.76108],[107.01752,21.76121],[107.01766,21.76011],[107.02185,21.75833],[107.0229,21.7582],[107.0241,21.75888],[107.02537,21.75874],[107.02608,21.75914],[107.02817,21.75906],[107.02934,21.75737],[107.03031,21.75687],[107.03183,21.75442],[107.03362,21.75332],[107.03565,21.75317],[107.03667,21.75239],[107.03803,21.7525],[107.03932,21.75195],[107.04179,21.75246],[107.04388,21.75233],[107.04529,21.753],[107.04575,21.75429],[107.047,21.75519],[107.04864,21.75626],[107.05142,21.7573],[107.05432,21.75697],[107.05536,21.75731],[107.0562,21.75698],[107.05741,21.7573],[107.0627,21.75583],[107.06477,21.7567],[107.06638,21.75697],[107.0684,21.75813],[107.06941,21.75794],[107.07049,21.75834],[107.07185,21.75825],[107.07279,21.75765],[107.07512,21.75856],[107.07594,21.75858],[107.07784,21.75776],[107.07836,21.75782],[107.07889,21.75732],[107.08031,21.75726],[107.08109,21.75792],[107.08347,21.75842],[107.08444,21.75901],[107.08562,21.75913],[107.08639,21.75861],[107.08751,21.75886],[107.08891,21.75799],[107.08978,21.75814],[107.09091,21.75899],[107.09321,21.75767],[107.09451,21.75614],[107.09602,21.75552],[107.09683,21.75422],[107.09819,21.75396],[107.10006,21.75162],[107.10139,21.75248],[107.10202,21.75238],[107.10342,21.75125],[107.10526,21.75155],[107.10549,21.74993],[107.1059,21.74926],[107.10743,21.74871],[107.10835,21.7487],[107.1088,21.74956],[107.11028,21.74915],[107.1118,21.74976],[107.11243,21.74953],[107.11277,21.74908],[107.11268,21.74655],[107.11395,21.74429],[107.11454,21.74396],[107.11565,21.74427],[107.11605,21.74352],[107.11756,21.74265],[107.11827,21.74254],[107.11854,21.74281],[107.12175,21.7419],[107.12287,21.74276],[107.12278,21.74383],[107.1233,21.7441],[107.1237,21.74512],[107.12444,21.74941],[107.12497,21.74995],[107.12522,21.75091],[107.12518,21.75418],[107.12443,21.75535],[107.12475,21.75593],[107.12544,21.75583],[107.12577,21.75631],[107.12529,21.75705],[107.12541,21.75742],[107.1245,21.7573],[107.12433,21.75802],[107.12555,21.75935]]]]}},
{"type":"Feature","id":"06577","properties":{"Ward_Code":"06577","Ward_Code_Num":6577,"Ward":"Thống Nhất","Ward_Alt":"Thống Nhất","Ward_Upper":"THỐNG NHẤT","Ward_Full":"Xã Thống Nhất","Ward_Full_Alt":"Xã Thống Nhất","Ward_Full_Upper_Alt":"XÃ THỐNG NHẤT","Ward_Type":"Xã","Province_Code":"20","Province":"Lạng Sơn","Province_Upper_Alt":"LẠNG SƠN"},"geometry":{"type":"MultiPolygon","coordinates":[[[[106.87854,21.68491],[106.87886,21.68473],[106.87955,21.68289],[106.87951,21.68193],[106.87899,21.68086],[106.87849,21.68019],[106.87708,21.67961],[106.87205,21.67272],[106.87092,21.67211],[106.86748,21.6689],[106.86624,21.66844],[106.86573,21.66765],[106.86181,21.66654],[106.86119,21.66718],[106.86088,21.6685],[106.85952,21.66789],[106.85981,21.6674],[106.85956,21.66662],[106.86,21.66594],[106.86025,21.66442],[106.8593,21.66204],[106.85813,21.66084],[106.8594,21.6598],[106.85886,21.65866],[106.8594,21.65725],[106.85912,21.65682],[106.85642,21.65689],[106.85279,21.65371],[106.84964,21.6492],[106.84617,21.64685],[106.84498,21.64707],[106.84464,21.64597],[106.84541,21.64515],[106.84588,21.64368],[106.84475,21.6425],[106.8447,21.642],[106.84519,21.64156],[106.84495,21.64054],[106.84653,21.63774],[106.84641,21.63678],[106.84691,21.63529],[106.84635,21.63379],[106.84422,21.63434],[106.8412,21.63363],[106.83973,21.63213],[106.83722,21.63053],[106.83598,21.62925],[106.83329,21.62943],[106.8319,21.62843],[106.83003,21.62777],[106.82838,21.62597],[106.82636,21.62541],[106.82389,21.6217],[106.82439,21.61919],[106.82411,21.61748],[106.82338,21.61583],[106.82197,21.61452],[106.82121,21.613],[106.81752,21.60785],[106.81653,21.60725],[106.81515,21.60532],[106.815,21.60397],[106.81416,21.60333],[106.81886,21.6016],[106.82122,21.60132],[106.82346,21.60044],[106.82456,21.59963],[106.82584,21.59949],[106.82616,21.59903],[106.8257,21.59864],[106.82642,21.59637],[106.82846,21.59458],[106.82881,21.59089],[106.83125,21.58931],[106.83249,21.58762],[106.83321,21.58504],[106.83419,21.58386],[106.83457,21.58218],[106.83414,21.5811],[106.83445,21.57753],[106.83279,21.5713],[106.83239,21.56697],[106.83148,21.56499],[106.83085,21.56192],[106.82868,21.56122],[106.8297,21.56009],[106.82808,21.55989],[106.82447,21.56233],[106.82163,21.56285],[106.81628,21.56197],[106.81222,21.56018],[106.80916,21.55976],[106.80734,21.559],[106.80318,21.5611],[106.80195,21.56101],[106.80023,21.56202],[106.79934,21.5616],[106.79747,21.56305],[106.79606,21.5633],[106.79526,21.56482],[106.79403,21.56541],[106.79305,21.56537],[106.79268,21.56621],[106.79287,21.56691],[106.79253,21.56841],[106.78791,21.57108],[106.78751,21.57505],[106.78675,21.57587],[106.78706,21.57744],[106.78663,21.57786],[106.77097,21.57216],[106.77074,21.57235],[106.77088,21.57275],[106.77252,21.57373],[106.77336,21.57508],[106.77404,21.5775],[106.77405,21.57919],[106.77503,21.58149],[106.77454,21.58382],[106.77483,21.58462],[106.77468,21.58523],[106.77281,21.5873],[106.77178,21.58946],[106.77036,21.59061],[106.7707,21.59223],[106.77031,21.59446],[106.77123,21.59578],[106.77112,21.59638],[106.77251,21.59687],[106.7714,21.59814],[106.77311,21.60006],[106.77332,21.60164],[106.77538,21.60297],[106.77705,21.60475],[106.77818,21.61018],[106.77948,21.61036],[106.78016,21.61156],[106.7797,21.61365],[106.77918,21.61429],[106.77733,21.61524],[106.77714,21.61591],[106.776,21.61727],[106.77545,21.6194],[106.77453,21.6208],[106.77466,21.6219],[106.77542,21.62351],[106.77483,21.62468],[106.77553,21.6253],[106.77569,21.62716],[106.77759,21.62804],[106.77726,21.62953],[106.77623,21.63117],[106.7764,21.63179],[106.77694,21.63201],[106.7772,21.63256],[106.77637,21.63388],[106.77642,21.63461],[106.77553,21.63548],[106.77353,21.63628],[106.77232,21.63766],[106.7723,21.63887],[106.77146,21.63888],[106.76829,21.6421],[106.76712,21.64428],[106.76667,21.64435],[106.76548,21.64372],[106.76374,21.64379],[106.76324,21.64329],[106.76228,21.64302],[106.76149,21.6438],[106.76158,21.6453],[106.76128,21.64607],[106.75967,21.64786],[106.75902,21.64916],[106.75775,21.64922],[106.75523,21.65026],[106.75453,21.65021],[106.753,21.65087],[106.75192,21.65176],[106.75227,21.65277],[106.75234,21.65452],[106.75191,21.65649],[106.75218,21.65733],[106.75429,21.65728],[106.75505,21.65766],[106.75612,21.65766],[106.75714,21.65986],[106.75955,21.6625],[106.76162,21.6612],[106.7636,21.66267],[106.76403,21.66318],[106.7638,21.66579],[106.76492,21.66714],[106.76455,21.66803],[106.76457,21.66952],[106.76291,21.67221],[106.75753,21.67516],[106.75652,21.67638],[106.75608,21.67845],[106.75646,21.67965],[106.75612,21.68118],[106.75724,21.68316],[106.7574,21.68486],[106.7587,21.68473],[106.76176,21.6832],[106.76324,21.68455],[106.76422,21.68473],[106.76488,21.68596],[106.76473,21.6871],[106.76515,21.68711],[106.76764,21.68898],[106.76838,21.6909],[106.76866,21.69296],[106.77046,21.69363],[106.77126,21.6947],[106.77252,21.69471],[106.77289,21.69501],[106.77343,21.69635],[106.77233,21.6995],[106.77282,21.70111],[106.77228,21.70363],[106.77264,21.70426],[106.77354,21.70446],[106.7755,21.7035],[106.77702,21.70408],[106.77843,21.70376],[106.77897,21.70458],[106.78074,21.70531],[106.78081,21.70657],[106.78326,21.70654],[106.78463,21.70728],[106.78459,21.7087],[106.78529,21.7094],[106.78453,21.71184],[106.78771,21.71391],[106.78772,21.71523],[106.7894,21.7156],[106.79007,21.71746],[106.79279,21.71741],[106.79366,21.71831],[106.79471,21.71872],[106.79512,21.72017],[106.79575,21.72102],[106.79777,21.72089],[106.79986,21.71984],[106.80015,21.71877],[106.80284,21.7154],[106.80336,21.71705],[106.8033,21.71821],[106.80433,21.71901],[106.80492,21.72036],[106.80458,21.72154],[106.80498,21.72328],[106.8048,21.7241],[106.80584,21.72478],[106.80595,21.72543],[106.80774,21.72699],[106.81061,21.7263],[106.81232,21.72726],[106.81359,21.72862],[106.81418,21.73073],[106.81665,21.73024],[106.81661,21.73186],[106.81557,21.7352],[106.81644,21.73686],[106.81599,21.73917],[106.81621,21.74044],[106.82017,21.74261],[106.82115,21.74413],[106.82204,21.74484],[106.82237,21.74597],[106.82373,21.74642],[106.82391,21.74741],[106.82587,21.74869],[106.82692,21.75007],[106.82729,21.75141],[106.82835,21.75227],[106.82863,21.75318],[106.82845,21.75611],[106.82807,21.7564],[106.82825,21.75838],[106.82862,21.75913],[106.82789,21.75946],[106.82749,21.76029],[106.82666,21.76076],[106.82636,21.76338],[106.82659,21.76415],[106.82836,21.76655],[106.82785,21.76657],[106.82703,21.76722],[106.82632,21.76725],[106.82792,21.77063],[106.83124,21.77338],[106.83104,21.77456],[106.83137,21.77593],[106.83243,21.77784],[106.83037,21.78005],[106.82927,21.7804],[106.82874,21.77992],[106.8273,21.78142],[106.82617,21.78142],[106.82594,21.78227],[106.82679,21.7834],[106.82849,21.78436],[106.82967,21.78425],[106.83045,21.78469],[106.83029,21.78578],[106.8309,21.78639],[106.83114,21.78734],[106.83201,21.78882],[106.83301,21.78917],[106.83291,21.79057],[106.83363,21.79102],[106.83454,21.79089],[106.8349,21.79166],[106.83465,21.79177],[106.83522,21.7926],[106.83528,21.79384],[106.83712,21.79448],[106.83848,21.79414],[106.83896,21.79634],[106.8395,21.79614],[106.83975,21.79635],[106.83968,21.79727],[106.84193,21.79736],[106.84227,21.79763],[106.84233,21.79884],[106.84674,21.79395],[106.85278,21.79426],[106.85423,21.79514],[106.85551,21.79498],[106.85591,21.79408],[106.85546,21.79106],[106.85633,21.7897],[106.85718,21.78908],[106.85883,21.7889],[106.86224,21.79145],[106.86615,21.79035],[106.86682,21.78988],[106.86719,21.78892],[106.86671,21.78755],[106.86666,21.78509],[106.86865,21.78387],[106.87056,21.78374],[106.87754,21.78568],[106.87889,21.78577],[106.88011,21.78506],[106.88065,21.78348],[106.88022,21.78241],[106.87924,21.78203],[106.87688,21.78213],[106.87475,21.780639999999998],[106.87402,21.77878],[106.87424,21.77613],[106.87646,21.77478],[106.878,21.77438],[106.87864,21.77438],[106.88179,21.7759],[106.88593,21.77498],[106.88731,21.77404],[106.88829,21.77279],[106.88951,21.76938],[106.88871,21.76893],[106.88728,21.76667],[106.8858,21.76544],[106.88466,21.76547],[106.88442,21.76437],[106.8827,21.76341],[106.88244,21.76101],[106.88122,21.75939],[106.87995,21.75693],[106.87993,21.75602],[106.87914,21.75499],[106.87911,21.75458],[106.88021,21.75304],[106.88266,21.75263],[106.88167,21.74969],[106.8822,21.74103],[106.88264,21.73928],[106.88548,21.73817],[106.88762,21.73969],[106.88894,21.73895],[106.89257,21.73978],[106.89542,21.73941],[106.89604,21.74073],[106.89748,21.74141],[106.89869,21.74048],[106.89977,21.73908],[106.90053,21.73878],[106.90041,21.73808],[106.90239,21.73758],[106.9037,21.73677],[106.90493,21.73699],[106.90515,21.73574],[106.90679,21.73689],[106.90939,21.73713],[106.91127,21.73377],[106.91264,21.73317],[106.91267,21.7316],[106.91029,21.7293],[106.90904,21.7285],[106.90644,21.728],[106.9058,21.72759],[106.90484,21.72762],[106.90293,21.72795],[106.9024,21.72866],[106.9011,21.72944],[106.89879,21.72966],[106.89814,21.72925],[106.89829,21.72884],[106.89776,21.72868],[106.89767,21.72752],[106.89609,21.72544],[106.89427,21.72469],[106.89325,21.72325],[106.89103,21.72279],[106.89026,21.72197],[106.88636,21.72253],[106.88545,21.72337],[106.88296,21.72417],[106.88139,21.72357],[106.8809,21.7227],[106.88117,21.72194],[106.8807,21.72188],[106.88012,21.72125],[106.87951,21.72133],[106.87849,21.72045],[106.87704,21.72056],[106.87639,21.72025],[106.87616,21.71978],[106.87653,21.7169],[106.87559,21.71532],[106.87776,21.7139],[106.87673,21.7128],[106.87654,21.7116],[106.8758,21.71029],[106.87629,21.70967],[106.87783,21.70887],[106.88049,21.70829],[106.88241,21.70858],[106.88239,21.70635],[106.88179,21.7058],[106.8819,21.70533],[106.88116,21.70399],[106.87963,21.70331],[106.87725,21.7036],[106.87679,21.70255],[106.87553,21.70121],[106.87312,21.70024],[106.87223,21.69793],[106.8731,21.69549],[106.87308,21.69464],[106.8749,21.69358],[106.87646,21.69156],[106.87782,21.69089],[106.87791,21.68815],[106.87823,21.68718],[106.87889,21.68669],[106.87832,21.68493],[106.87854,21.68491]]]]}},
{"type":"Feature","id":"06601","properties":{"Ward_Code":"06601","Ward_Code_Num":6601,"Ward":"Lợi Bác","Ward_Alt":"Lợi Bác","Ward_Upper":"LỢI BÁC","Ward_Full":"Xã Lợi Bác","Ward_Full_Alt":"Xã Lợi Bác","Ward_Full_Upper_Alt":"XÃ LỢI BÁC","Ward_Type":"Xã","Province_Code":"20","Province":"Lạng Sơn","Province_Upper_Alt":"LẠNG SƠN"},"geometry":{"type":"MultiPolygon","coordinates":[[[[106.97553,21.72791],[106.9785,21.72801],[106.9794,21.72768],[106.97969,21.72724],[106.98124,21.72748],[106.98195,21.7269],[106.98305,21.7272],[106.9837,21.72697],[106.98577,21.72709],[106.9864,21.72736],[106.98775,21.72693],[106.9882,21.72774],[106.98883,21.72761],[106.99099,21.72638],[106.99212,21.72645],[106.99237,21.72596],[106.99366,21.72625],[106.99465,21.72599],[106.99454,21.72456],[106.9952,21.72416],[106.99595,21.72485],[106.99656,21.7247],[106.99751,21.72362],[106.99728,21.72291],[106.9975,21.72265],[106.99819,21.72269],[106.99898,21.72218],[106.99915,21.72096],[106.99963,21.72046],[107.00112,21.7207],[107.00187,21.72133],[107.00395,21.72197],[107.00516,21.72166],[107.00712,21.72042],[107.00779,21.72112],[107.00776,21.7223],[107.01097,21.7201],[107.01114,21.71932],[107.01476,21.71832],[107.01639,21.71894],[107.01539,21.7217],[107.01569,21.72251],[107.01559,21.72363],[107.01608,21.72435],[107.017,21.72491],[107.01811,21.72489],[107.01874,21.72598],[107.01932,21.72634],[107.02019,21.72583],[107.0228,21.72533],[107.02359,21.72445],[107.02327,21.72327],[107.02116,21.72288],[107.02034,21.72159],[107.02082,21.71791],[107.02339,21.71653],[107.02405,21.71667],[107.02539,21.71801],[107.02625,21.71584],[107.02682,21.71529],[107.02727,21.71525],[107.02827,21.7161],[107.03011,21.71678],[107.03277,21.71596],[107.03376,21.71649],[107.03608,21.71664],[107.0388,21.71614],[107.04379,21.71779],[107.04585,21.71919],[107.04758,21.71905],[107.04856,21.71865],[107.04921,21.71716],[107.05023,21.71621],[107.05064,21.71514],[107.0558,21.71445],[107.05682,21.71387],[107.05825,21.71358],[107.05855,21.71272],[107.05972,21.71244],[107.06023,21.71195],[107.06054,21.71096],[107.06055,21.70772],[107.0591,21.70662],[107.0587,21.7059],[107.05496,21.70526],[107.0518,21.7056],[107.05192,21.70402],[107.05162,21.70304],[107.05341,21.70167],[107.05338,21.70017],[107.05447,21.69788],[107.05364,21.69437],[107.05248,21.6925],[107.05485,21.69066],[107.05604,21.68859],[107.05745,21.68765],[107.05803,21.68562],[107.05814,21.68174],[107.05888,21.68095],[107.05973,21.68062],[107.06114,21.67868],[107.06209,21.6781],[107.06199,21.677],[107.06305,21.67443],[107.06242,21.67333],[107.06141,21.67277],[107.06118,21.6698],[107.06005999999999,21.66902],[107.05732,21.66798],[107.0569,21.66616],[107.05615,21.66481],[107.05905,21.66227],[107.06066,21.66023],[107.05484,21.65778],[107.05432,21.65684],[107.05286,21.65608],[107.05176,21.65345],[107.05247,21.6515],[107.05245,21.65039],[107.05513,21.64821],[107.05247,21.64607],[107.05159,21.6443],[107.05039,21.64325],[107.05082,21.64293],[107.0515,21.64106],[107.05261,21.63954],[107.05236,21.63883],[107.05302,21.6368],[107.05238,21.63624],[107.05203,21.63516],[107.05213,21.6337],[107.05015,21.63104],[107.04881,21.6312],[107.04816,21.63084],[107.0455,21.63204],[107.04436,21.63046],[107.04295,21.62979],[107.04205,21.62976],[107.04096,21.6303],[107.04004,21.62772],[107.03816,21.62729],[107.03513,21.62759],[107.0341,21.62897],[107.0328,21.62936],[107.03184,21.62924],[107.03047,21.62994],[107.02977,21.63211],[107.02986,21.63335],[107.02955,21.6345],[107.02982,21.63629],[107.02896,21.6376],[107.0284,21.63949],[107.02651,21.63981],[107.02409,21.63893],[107.0226,21.63901],[107.02192,21.6387],[107.02079,21.63736],[107.01922,21.63643],[107.01688,21.6365],[107.01526,21.63733],[107.01465,21.63902],[107.01569,21.64124],[107.01346,21.64281],[107.01265,21.64401],[107.01254,21.64503],[107.01178,21.64566],[107.0117,21.64673],[107.01264,21.6478],[107.01183,21.64863],[107.01086,21.64901],[107.00985,21.65109],[107.0072,21.65144],[107.00659,21.64821],[107.0048,21.64792],[107.00335,21.64646],[107.00287,21.64655],[107.00478,21.64425],[107.0065,21.6408],[107.00617,21.63929],[107.00641,21.63831],[107.00595,21.63693],[107.00453,21.63592],[107.00478,21.63437],[107.0061,21.6341],[107.00681,21.6335],[107.006,21.63296],[107.0054,21.63176],[107.00634,21.63055],[107.00776,21.62974],[107.00745,21.62841],[107.00764,21.62717],[107.0088,21.62643],[107.00941,21.62533],[107.00946,21.62447],[107.01063,21.624],[107.01174,21.62205],[107.01286,21.62237],[107.01356,21.62201],[107.01411,21.621],[107.01475,21.62059],[107.01549,21.61879],[107.0153,21.61789],[107.01391,21.61698],[107.01366,21.616],[107.01493,21.61294],[107.01439,21.61171],[107.01304,21.61118],[107.0121,21.6093],[107.01185,21.60787],[107.01004,21.60779],[107.00985,21.6069],[107.01013,21.60534],[107.01175,21.60468],[107.01271,21.60354],[107.01395,21.6035],[107.01513,21.60242],[107.01586,21.60029],[107.01669,21.5995],[107.01746,21.59758],[107.01838,21.59644],[107.01868,21.59478],[107.01997,21.59397],[107.02021,21.5925],[107.01803,21.59027],[107.01902,21.58804],[107.01844,21.58603],[107.01579,21.58448],[107.0148,21.58476],[107.01367,21.58413],[107.01106,21.58393],[107.01166,21.57949],[107.01114,21.57874],[107.01115,21.57764],[107.00843,21.5754],[107.00883,21.57481],[107.00821,21.57397],[107.00776,21.57165],[107.00704,21.57121],[107.00588,21.56884],[107.00551,21.56868],[107.00398,21.56932],[107.00364,21.5692],[107.00188,21.56714],[107.0006,21.56636],[106.99967,21.56493],[107.00044,21.56316],[106.99971,21.56213],[106.99874,21.56163],[106.99819,21.56003],[106.9973,21.55882],[106.99593,21.55785],[106.99678,21.55728],[106.99629,21.55573],[106.997,21.55315],[106.99596,21.55236],[106.99602,21.55054],[106.99644,21.54986],[106.99397,21.54866],[106.99261,21.5489],[106.98886,21.54831],[106.98832,21.5469],[106.98692,21.54678],[106.9856,21.54727],[106.98437,21.54724],[106.98381,21.54784],[106.98111,21.5479],[106.98017,21.54897],[106.97692,21.5497],[106.97295,21.54792],[106.97232,21.549],[106.97101,21.54954],[106.96805,21.55244],[106.96703,21.55574],[106.96372,21.55651],[106.95858,21.55575],[106.9567,21.55642],[106.95386,21.55831],[106.95128,21.55795],[106.94984,21.55829],[106.94946,21.55854],[106.94914,21.56037],[106.94814,21.56167],[106.94805,21.56475],[106.94921,21.56497],[106.95138,21.56721],[106.95434,21.56731],[106.95447,21.56844],[106.9569,21.56938],[106.95717,21.56999],[106.9594,21.57205],[106.96206,21.57579],[106.96329,21.5766],[106.96355,21.5813],[106.96551,21.58219],[106.966,21.58374],[106.96597,21.58477],[106.96806,21.58611],[106.96826,21.58872],[106.96883,21.59018],[106.96971,21.59091],[106.9692,21.59272],[106.96961,21.59384],[106.9688,21.59453],[106.96822,21.59766],[106.9695,21.5993],[106.97092,21.6026],[106.96902,21.60312],[106.96873,21.60393],[106.96868,21.60689],[106.96714,21.60713],[106.96587,21.60825],[106.96418,21.6103],[106.96389,21.61205],[106.96556,21.61378],[106.96722,21.61734],[106.96709,21.6182],[106.96501,21.62059],[106.96457,21.6223],[106.96557,21.6232],[106.96779,21.6244],[106.96778,21.62528],[106.96868,21.6262],[106.96827,21.62749],[106.96509,21.62883],[106.96363,21.63174],[106.96356,21.63274],[106.96281,21.63363],[106.96121,21.63426],[106.96076,21.63523],[106.95841,21.63595],[106.95393,21.6349],[106.95292,21.63534],[106.95195,21.63527],[106.95068,21.63705],[106.94871,21.63778],[106.948,21.63855],[106.94543,21.63894],[106.94388,21.64015],[106.94344,21.64012],[106.94323,21.64205],[106.94379,21.64224],[106.94463,21.64403],[106.9453,21.64464],[106.94432,21.64545],[106.94318,21.64782],[106.94196,21.64886],[106.94128,21.64892],[106.94144,21.65044],[106.9429,21.65117],[106.94298,21.65186],[106.94246,21.65393],[106.94057,21.65805],[106.93947,21.65905],[106.93966,21.65985],[106.93902,21.66217],[106.93919,21.6629],[106.94042,21.66446],[106.94248,21.66577],[106.9421,21.66697],[106.94137,21.66758],[106.94209,21.66814],[106.94248,21.66916],[106.94097,21.67051],[106.94063,21.6713],[106.94011,21.67152],[106.94044,21.67175],[106.93963,21.67443],[106.94219,21.6765],[106.94202,21.67789],[106.94241,21.67885],[106.94317,21.67896],[106.94355,21.67978],[106.94496,21.68049],[106.94538,21.68141],[106.9459,21.68129],[106.94729,21.68405],[106.94806,21.68416],[106.94929,21.68522],[106.94998,21.68644],[106.9507,21.68639],[106.95298,21.68482],[106.95371,21.68247],[106.95452,21.68165],[106.95406,21.67982],[106.95474,21.67859],[106.95565,21.67826],[106.95678,21.67662],[106.95831,21.6769],[106.95825,21.67713],[106.96142999999999,21.67703],[106.96314,21.67564],[106.97313,21.677],[106.97582,21.67667],[106.97753,21.67733],[106.97808,21.67729],[106.97865,21.6765],[106.98015,21.67655],[106.98141,21.67795],[106.98223,21.67847],[106.98313,21.67847],[106.9832,21.67892],[106.98439,21.67869],[106.98544,21.67906],[106.98676,21.67903],[106.98726,21.67876],[106.98763,21.67749],[106.98648,21.67642],[106.98651,21.67503],[106.98687,21.67425],[106.99033,21.67229],[106.99092,21.67209],[106.99132,21.67269],[106.99163,21.67445],[106.99255,21.6768],[106.99142,21.67857],[106.99241,21.68061],[106.99222,21.68142],[106.99149,21.68203],[106.99263,21.68339],[106.99194,21.6848],[106.99319,21.68574],[106.9911,21.68724],[106.99155,21.68915],[106.99101,21.69042],[106.98996,21.69041],[106.9885,21.69106],[106.98765,21.69223],[106.98673,21.69244],[106.98617,21.69373],[106.98644,21.69545],[106.98593,21.69598],[106.9841,21.69625],[106.98263,21.69744],[106.98083,21.69696],[106.97998,21.69839],[106.97445,21.70226],[106.97317,21.70172],[106.9725,21.70238],[106.9714,21.70212],[106.97,21.70226],[106.96944,21.70354],[106.96831,21.70397],[106.96659,21.70575],[106.96582,21.70576],[106.9629,21.71429],[106.96404,21.7166],[106.97167,21.72338],[106.97005,21.72301],[106.96906,21.7237],[106.96922,21.72431],[106.96885,21.72459],[106.9694,21.72484],[106.96983,21.72592],[106.97271,21.72745],[106.97271,21.72777],[106.973,21.72766],[106.9737,21.72832],[106.97553,21.72791]]]]}},
{"type":"Feature","id":"06607","properties":{"Ward_Code":"06607","Ward_Code_Num":6607,"Ward":"Xuân Dương","Ward_Alt":"Xuân Dương","Ward_Upper":"XUÂN DƯƠNG","Ward_Full":"Xã Xuân Dương","Ward_Full_Alt":"Xã Xuân Dương","Ward_Full_Upper_Alt":"XÃ XUÂN DƯƠNG","Ward_Type":"Xã","Province_Code":"20","Province":"Lạng Sơn","Province_Upper_Alt":"LẠNG SƠN"},"geometry":{"type":"MultiPolygon","coordinates":[[[[106.88182,21.6835],[106.88644,21.68424],[106.88858,21.68284],[106.89235,21.68289],[106.89337,21.68207],[106.89424,21.68025],[106.8953,21.6791],[106.89571,21.67739],[106.89552,21.67522],[106.89654,21.6737],[106.89736,21.67314],[106.90088,21.67208],[106.90142,21.67156],[106.90384,21.67149],[106.90642,21.67002],[106.90698,21.67026],[106.90812,21.66963],[106.90945,21.67008],[106.91113,21.67155],[106.9122,21.67081],[106.91305,21.66942],[106.9163,21.66742],[106.917,21.66737],[106.91747,21.66668],[106.9194,21.66707],[106.92111,21.66366],[106.9207,21.66154],[106.92086,21.66102],[106.92179,21.66054],[106.92176,21.65982],[106.92118,21.65883],[106.92325,21.65812],[106.92335,21.65756],[106.92367,21.65755],[106.92303,21.65474],[106.92473,21.651979999999998],[106.92615,21.65112],[106.92647,21.65047],[106.92466,21.64925],[106.92235,21.64878],[106.92131,21.64738],[106.91979,21.64713],[106.91991,21.64549],[106.91902,21.64191],[106.91962,21.64166],[106.91952,21.64104],[106.92005,21.64091],[106.92055,21.63984],[106.92052,21.63906],[106.92179,21.63792],[106.92182,21.63724],[106.92231,21.63726],[106.92316,21.63668],[106.92315,21.63486],[106.92444,21.6342],[106.92586,21.63295],[106.92574,21.63186],[106.92516,21.63147],[106.92508,21.63087],[106.92604,21.62954],[106.92595,21.6274],[106.92656,21.62666],[106.9267,21.62573],[106.92569,21.62419],[106.9255,21.62314],[106.92582,21.62118],[106.92556,21.61883],[106.92938,21.62004],[106.9314,21.61979],[106.93562,21.61786],[106.93739,21.61477],[106.94044,21.61344],[106.94132,21.61181],[106.94135,21.61097],[106.94239,21.60988],[106.94199,21.60831],[106.94048,21.60633],[106.94065,21.60515],[106.94021,21.60344],[106.93805,21.60123],[106.93805,21.59824],[106.93686,21.59582],[106.9374,21.59403],[106.93884,21.59356],[106.94056,21.59523],[106.94294,21.59592],[106.94475,21.59478],[106.94652,21.59259],[106.94668,21.59177],[106.94754,21.59126],[106.94817,21.5902],[106.95102,21.58808],[106.95184,21.58682],[106.95214,21.58557],[106.95358,21.58582],[106.95509,21.58545],[106.95621,21.58593],[106.95841,21.58618],[106.96014,21.587],[106.96103,21.58887],[106.96104,21.58963],[106.95967,21.59382],[106.95976,21.59448],[106.95932,21.59485],[106.95898,21.59608],[106.95719,21.59822],[106.95712,21.59893],[106.95594,21.60043],[106.95457,21.60102],[106.95332,21.60214],[106.95205,21.60247],[106.95071,21.60384],[106.95238,21.60569],[106.95081,21.60792],[106.94976,21.61136],[106.94971,21.61212],[106.95037,21.61358],[106.95216,21.61418],[106.95483,21.61384],[106.95776,21.61417],[106.95812,21.61436],[106.95787,21.61594],[106.96047,21.61568],[106.96284,21.61313],[106.96426,21.61256],[106.96389,21.61205],[106.96418,21.6103],[106.96587,21.60825],[106.96714,21.60713],[106.96868,21.60689],[106.96898,21.60318],[106.97092,21.6026],[106.9695,21.5993],[106.96822,21.59766],[106.9688,21.59453],[106.96961,21.59384],[106.9692,21.59272],[106.96971,21.59091],[106.96883,21.59018],[106.96826,21.58872],[106.96806,21.58611],[106.96597,21.58477],[106.966,21.58374],[106.96551,21.58219],[106.96355,21.5813],[106.96329,21.5766],[106.96206,21.57579],[106.9594,21.57205],[106.95717,21.56999],[106.9569,21.56938],[106.95447,21.56844],[106.95434,21.56731],[106.95138,21.56721],[106.94921,21.56497],[106.94805,21.56475],[106.94825,21.56413],[106.94804,21.56198],[106.94914,21.56037],[106.94946,21.55854],[106.9512,21.55795],[106.95386,21.55831],[106.9567,21.55642],[106.95858,21.55575],[106.96372,21.55651],[106.96703,21.55574],[106.96805,21.55244],[106.97101,21.54954],[106.97232,21.549],[106.97295,21.54792],[106.97692,21.5497],[106.98017,21.54897],[106.98111,21.5479],[106.98381,21.54784],[106.98437,21.54724],[106.9856,21.54727],[106.98682,21.54678],[106.98832,21.5469],[106.98854,21.54608],[106.98684,21.5449],[106.98522,21.54218],[106.98524,21.54009],[106.9846,21.53969],[106.98376,21.53831],[106.98347,21.53705],[106.9825,21.53518],[106.97646,21.53524],[106.97408,21.53586],[106.97255,21.53554],[106.9718,21.53437],[106.97204,21.5338],[106.97185,21.53202],[106.9734,21.52983],[106.97542,21.52908],[106.97564,21.52812],[106.97524,21.52595],[106.97546,21.52335],[106.97452,21.52225],[106.97307,21.52127],[106.97184,21.52102],[106.97137,21.52062],[106.97098,21.52081],[106.96872,21.51967],[106.96717,21.51962],[106.96645,21.519],[106.9649,21.51947],[106.96365,21.51922],[106.96158,21.51834],[106.9596,21.51806],[106.95643,21.51691],[106.95577,21.51628],[106.9549,21.51604],[106.95438,21.51689],[106.95105,21.51876],[106.95033,21.51942],[106.94956,21.52091],[106.94886,21.52115],[106.94781,21.5222],[106.94604,21.52249],[106.94454,21.52187],[106.94429,21.52206],[106.94279,21.52497],[106.94261,21.52628],[106.94154,21.52649],[106.93948,21.52618],[106.93795,21.52675],[106.93686,21.52664],[106.93535,21.5249],[106.93189,21.52289],[106.93117,21.52174],[106.92878,21.51959],[106.9275,21.5194],[106.9262,21.51871],[106.9235,21.52],[106.92168,21.51906],[106.92022,21.51762],[106.91951,21.51752],[106.91894,21.51765],[106.91864,21.51872],[106.917,21.52009],[106.91532,21.51964],[106.91479,21.52],[106.9144,21.52085],[106.91384,21.52097],[106.91418,21.52066],[106.91414,21.52008],[106.91321,21.51939],[106.91351,21.51699],[106.91209,21.51676],[106.90966,21.51383],[106.90741,21.51276],[106.90614,21.51279],[106.90464,21.51157],[106.90316,21.51194],[106.90126,21.51169],[106.90198,21.50986],[106.90233,21.50725],[106.90285,21.50583],[106.90278,21.50297],[106.90369,21.50066],[106.90425,21.50001],[106.90442,21.49865],[106.90273,21.49851],[106.90258,21.4971],[106.9011,21.49671],[106.89888,21.49502],[106.89686,21.49278],[106.89454,21.49182],[106.89393,21.49104],[106.89242,21.49126],[106.89059,21.4895],[106.88987,21.4899],[106.88922,21.49098],[106.88788,21.49072],[106.88566,21.49206],[106.88238,21.49317],[106.87837,21.4957],[106.87508,21.49634],[106.8739,21.49691],[106.87011,21.49683],[106.86778,21.49755],[106.8649,21.4962],[106.86353,21.49632],[106.86216,21.49583],[106.86124,21.49585],[106.86,21.49659],[106.8524,21.49638],[106.85205,21.49845],[106.85254,21.49981],[106.85159,21.49944],[106.85053,21.49825],[106.84914,21.49768],[106.84757,21.49645],[106.84545,21.49367],[106.84492,21.49339],[106.84403,21.49349],[106.84293,21.49429],[106.84331,21.49792],[106.84399,21.49975],[106.84374,21.50095],[106.84232,21.50273],[106.84161,21.50491],[106.84077,21.50514],[106.83867,21.507],[106.83897,21.50924],[106.83876,21.5103],[106.83971,21.51134],[106.83969,21.51241],[106.84089,21.5134],[106.84378,21.51366],[106.84562,21.51334],[106.84613,21.51397],[106.84748,21.51433],[106.84773,21.51539],[106.84829,21.51608],[106.84975,21.51643],[106.85066,21.51719],[106.85082,21.51859],[106.85047,21.51959],[106.8506,21.52133],[106.85034,21.52256],[106.85103,21.52357],[106.85106,21.52454],[106.85185,21.52534],[106.85393,21.52596],[106.85487,21.525],[106.85632,21.5244],[106.85655,21.52393],[106.85844,21.5235],[106.85996,21.52367],[106.86224,21.52461],[106.86233,21.52518],[106.86336,21.52647],[106.86451,21.52728],[106.86521,21.52822],[106.86497,21.52918],[106.86536,21.53033],[106.865,21.53249],[106.86527,21.53366],[106.86469,21.53468],[106.86276,21.5362],[106.85972,21.53719],[106.8584,21.53891],[106.85836,21.53989],[106.8574,21.53969],[106.85702,21.53911],[106.85649,21.53902],[106.85636,21.5394],[106.85506,21.54016],[106.85447,21.53978],[106.85303,21.54037],[106.85247,21.53985],[106.85028,21.54116],[106.85035,21.54299],[106.8498,21.54378],[106.84974,21.5453],[106.84914,21.54648],[106.85007,21.54693],[106.85022,21.5476],[106.84912,21.54843],[106.84755,21.55105],[106.84807,21.55327],[106.84484,21.55722],[106.84408,21.55864],[106.84287,21.5596],[106.84318,21.56049],[106.84075,21.56014],[106.83826,21.56024],[106.83712,21.56046],[106.83597,21.56114],[106.83323,21.56124],[106.83085,21.56192],[106.83148,21.56499],[106.83239,21.56697],[106.83279,21.5713],[106.83445,21.57753],[106.83414,21.5811],[106.83457,21.58218],[106.83419,21.58386],[106.83321,21.58504],[106.83249,21.58762],[106.83125,21.58931],[106.82881,21.59089],[106.82846,21.59458],[106.82642,21.59637],[106.8257,21.59864],[106.82616,21.59903],[106.82584,21.59949],[106.82456,21.59963],[106.82346,21.60044],[106.82122,21.60132],[106.81886,21.6016],[106.81416,21.60333],[106.815,21.60397],[106.81515,21.60532],[106.81653,21.60725],[106.81752,21.60785],[106.82121,21.613],[106.82197,21.61452],[106.82338,21.61583],[106.82411,21.61748],[106.82439,21.61919],[106.82389,21.6217],[106.82636,21.62541],[106.82838,21.62597],[106.83003,21.62777],[106.8319,21.62843],[106.83329,21.62943],[106.83598,21.62925],[106.83722,21.63053],[106.83973,21.63213],[106.8412,21.63363],[106.84422,21.63434],[106.84635,21.63379],[106.84691,21.63529],[106.84641,21.63678],[106.84653,21.63774],[106.84495,21.64054],[106.84519,21.64156],[106.84469,21.64211],[106.84588,21.64368],[106.84541,21.64515],[106.84458,21.64637],[106.84508,21.64718],[106.84617,21.64685],[106.84964,21.6492],[106.85279,21.65371],[106.85642,21.65689],[106.85897,21.65668],[106.85934,21.65707],[106.85886,21.65866],[106.8594,21.6598],[106.85813,21.66084],[106.8593,21.66204],[106.86025,21.66442],[106.86,21.66594],[106.85956,21.66662],[106.85981,21.6674],[106.85952,21.66789],[106.86088,21.6685],[106.86119,21.66718],[106.86181,21.66654],[106.86573,21.66765],[106.86624,21.66844],[106.86748,21.6689],[106.87092,21.67211],[106.87239,21.67305],[106.87708,21.67961],[106.87849,21.68019],[106.87886,21.68064],[106.87951,21.68193],[106.87955,21.68289],[106.87886,21.68473],[106.87832,21.68493],[106.87926,21.68507],[106.88182,21.6835]]]]}},
{"type":"Feature","id":"06613","properties":{"Ward_Code":"06613","Ward_Code_Num":6613,"Ward":"Đình Lập","Ward_Alt":"Đình Lập","Ward_Upper":"ĐÌNH LẬP","Ward_Full":"Xã Đình Lập","Ward_Full_Alt":"Xã Đình Lập","Ward_Full_Upper_Alt":"XÃ ĐÌNH LẬP","Ward_Type":"Xã","Province_Code":"20","Province":"Lạng Sơn","Province_Upper_Alt":"LẠNG SƠN"},"geometry":{"type":"MultiPolygon","coordinates":[[[[107.09572,21.66561],[107.09848,21.66005],[107.09766,21.658],[107.0957,21.65737],[107.09432,21.65736],[107.09436,21.65602],[107.09521,21.65468],[107.09462,21.6538],[107.09383,21.65354],[107.09113,21.64991],[107.09074,21.64751],[107.08957,21.64589],[107.08878,21.64412],[107.08951,21.64242],[107.08954,21.64151],[107.08917,21.6412],[107.09244,21.64096],[107.0946,21.63975],[107.09626,21.63922],[107.09882,21.64065],[107.10126,21.64021],[107.10435,21.63801],[107.10472,21.63546],[107.10669,21.63274],[107.10884,21.63153],[107.11022,21.63022],[107.11074,21.62659],[107.10892,21.62266],[107.10719,21.62096],[107.10667,21.61904],[107.10307,21.61582],[107.1046,21.61517],[107.105,21.61436],[107.1047,21.61418],[107.10901,21.61378],[107.11126,21.61184],[107.11334,21.6084],[107.12058,21.60486],[107.12696,21.60455],[107.138,21.60482],[107.14226,21.60276],[107.14853,21.59762],[107.15131,21.5976],[107.15693,21.59978],[107.15797,21.59806],[107.16225,21.5986],[107.16523,21.59156],[107.16365,21.58877],[107.16119,21.58662],[107.16057,21.58543],[107.16191,21.58152],[107.16028,21.5791],[107.16303,21.57093],[107.1628,21.56423],[107.15279,21.56224],[107.14844,21.55948],[107.14595,21.56028],[107.14323,21.55994],[107.14126,21.5571],[107.14113,21.55499],[107.13925,21.55379],[107.13876,21.55282],[107.13744,21.55184],[107.13655,21.54997],[107.13662,21.54934],[107.13814,21.54669],[107.13765,21.54442],[107.13784,21.54378],[107.13684,21.54188],[107.13738,21.54109],[107.13772,21.53961],[107.1369,21.53713],[107.13411,21.53511],[107.1331,21.5349],[107.13108,21.53324],[107.12966,21.53278],[107.12852,21.53162],[107.12853,21.52814],[107.12746,21.52668],[107.12282,21.52502],[107.12269,21.52544],[107.12195,21.52553],[107.12037,21.52442],[107.11713,21.52317],[107.11627,21.52212],[107.11477,21.52189],[107.11212,21.52008],[107.10952,21.52087],[107.10711,21.52082],[107.1056,21.52226],[107.1046,21.52267],[107.10105,21.52286],[107.09953,21.52241],[107.09708,21.52443],[107.09571,21.5249],[107.08874,21.52198],[107.08621,21.52215],[107.08341,21.52078],[107.08079,21.51857],[107.08007,21.51698],[107.07872,21.51688],[107.07673,21.51518],[107.07631,21.51309],[107.0753,21.51128],[107.07436,21.51053],[107.07415,21.50948],[107.0733,21.50885],[107.07281,21.50725],[107.07299,21.50627],[107.06791,21.50685],[107.06749,21.50643],[107.06627,21.50668],[107.06445,21.50645],[107.06372,21.50493],[107.06268,21.50424],[107.06266,21.50198],[107.06157,21.50127],[107.0591,21.5009],[107.05818,21.50206],[107.05861,21.50259],[107.05831,21.50271],[107.05781,21.5041],[107.05658,21.50543],[107.05586,21.50698],[107.05491,21.50768],[107.05522,21.51115],[107.0547,21.51253],[107.05364,21.51328],[107.05307,21.51425],[107.05326,21.51606],[107.05507,21.51812],[107.05362,21.52121],[107.05333,21.52609],[107.05268,21.52687],[107.05238,21.52826],[107.05152,21.52989],[107.05168,21.53126],[107.05,21.53231],[107.04734,21.53467],[107.04763,21.53594],[107.04725,21.53737],[107.04801,21.54001],[107.04617,21.54227],[107.04498,21.54261],[107.04291,21.54423],[107.04304,21.54701],[107.03982,21.55108],[107.03954,21.55316],[107.03784,21.55364],[107.0366,21.55326],[107.03585,21.55349],[107.03533,21.55631],[107.03549,21.55686],[107.03478,21.55778],[107.03502,21.56065],[107.0336,21.56195],[107.03309,21.56336],[107.03141,21.5633],[107.03049,21.56402],[107.02785,21.56348],[107.02714,21.56598],[107.02346,21.56828],[107.02268,21.57015],[107.02194,21.57044],[107.02083,21.57193],[107.01887,21.57251],[107.01735,21.57415],[107.01341,21.57472],[107.01232,21.57547],[107.00877,21.57474],[107.00843,21.5754],[107.01115,21.57764],[107.01114,21.57874],[107.01166,21.57949],[107.01106,21.58393],[107.01367,21.58413],[107.0148,21.58476],[107.01579,21.58448],[107.01844,21.58603],[107.01902,21.58804],[107.01803,21.59027],[107.02021,21.5925],[107.01997,21.59397],[107.01868,21.59478],[107.01838,21.59644],[107.01746,21.59758],[107.01669,21.5995],[107.01586,21.60029],[107.01513,21.60242],[107.01395,21.6035],[107.01271,21.60354],[107.01175,21.60468],[107.01013,21.60534],[107.00985,21.6069],[107.01004,21.60779],[107.01185,21.60787],[107.0121,21.6093],[107.01304,21.61118],[107.01439,21.61171],[107.01493,21.61294],[107.01366,21.616],[107.01385,21.6169],[107.0153,21.61789],[107.01549,21.61879],[107.01475,21.62059],[107.01411,21.621],[107.01356,21.62201],[107.01286,21.62237],[107.01174,21.62205],[107.01063,21.624],[107.00946,21.62447],[107.00941,21.62533],[107.0088,21.62643],[107.00764,21.62717],[107.00745,21.62841],[107.00776,21.62974],[107.00634,21.63055],[107.0054,21.63176],[107.006,21.63296],[107.00681,21.6335],[107.0061,21.6341],[107.00478,21.63437],[107.00453,21.63592],[107.00595,21.63693],[107.00641,21.63831],[107.00617,21.63929],[107.0065,21.6408],[107.00478,21.64425],[107.00287,21.64655],[107.00335,21.64646],[107.0048,21.64792],[107.00659,21.64821],[107.0072,21.65144],[107.00985,21.65109],[107.01086,21.64901],[107.01183,21.64863],[107.01264,21.6478],[107.0117,21.64673],[107.01178,21.64566],[107.01254,21.64503],[107.01265,21.64401],[107.01346,21.64281],[107.01569,21.64124],[107.01465,21.63902],[107.01526,21.63733],[107.01688,21.6365],[107.01922,21.63643],[107.02079,21.63736],[107.02192,21.6387],[107.0226,21.63901],[107.02409,21.63893],[107.02651,21.63981],[107.0284,21.63949],[107.02896,21.6376],[107.02982,21.63629],[107.02955,21.6345],[107.02986,21.63335],[107.02977,21.63211],[107.03047,21.62994],[107.03184,21.62924],[107.0328,21.62936],[107.0341,21.62897],[107.03513,21.62759],[107.03826,21.6273],[107.04004,21.62772],[107.04096,21.6303],[107.04205,21.62976],[107.04295,21.62979],[107.04436,21.63046],[107.0455,21.63204],[107.04816,21.63084],[107.04881,21.6312],[107.05015,21.63104],[107.05213,21.6337],[107.05203,21.63516],[107.05238,21.63624],[107.05302,21.6368],[107.05236,21.63883],[107.05261,21.63954],[107.0515,21.64106],[107.05082,21.64293],[107.05039,21.64325],[107.05159,21.6443],[107.05247,21.64607],[107.05513,21.64821],[107.05245,21.65039],[107.05247,21.6515],[107.05176,21.65345],[107.05286,21.65608],[107.05432,21.65684],[107.05484,21.65778],[107.06066,21.66023],[107.05905,21.66227],[107.05615,21.66481],[107.0569,21.66616],[107.05732,21.66798],[107.06005999999999,21.66902],[107.06118,21.6698],[107.06141,21.67277],[107.06242,21.67333],[107.06305,21.67443],[107.06199,21.677],[107.06209,21.6781],[107.06459,21.67883],[107.06593,21.67995],[107.06649,21.68239],[107.06699,21.6831],[107.06872,21.68335],[107.06908,21.68436],[107.07139,21.6851],[107.07164,21.68603],[107.07216,21.68468],[107.07219,21.68328],[107.07291,21.68184],[107.07306,21.67874],[107.07438,21.67697],[107.07472,21.67458],[107.0756,21.67285],[107.0768,21.67155],[107.0775,21.66982],[107.07954,21.66994],[107.08046,21.66854],[107.08136,21.66793],[107.08574,21.66674],[107.08632,21.66605],[107.08883,21.66617],[107.09176,21.66344],[107.09522,21.66671],[107.09572,21.66561]]]]}},
{"type":"Feature","id":"06616","properties":{"Ward_Code":"06616","Ward_Code_Num":6616,"Ward":"Thái Bình","Ward_Alt":"Thái Bình","Ward_Upper":"THÁI BÌNH","Ward_Full":"Xã Thái Bình","Ward_Full_Alt":"Xã Thái Bình","Ward_Full_Upper_Alt":"XÃ THÁI BÌNH","Ward_Type":"Xã","Province_Code":"20","Province":"Lạng Sơn","Province_Upper_Alt":"LẠNG SƠN"},"geometry":{"type":"MultiPolygon","coordinates":[[[[107.01277,21.57527],[107.01341,21.57472],[107.01735,21.57415],[107.01887,21.57251],[107.02068,21.57207],[107.02194,21.57044],[107.02268,21.57015],[107.02346,21.56828],[107.02714,21.56598],[107.0279,21.56345],[107.03049,21.56402],[107.03141,21.5633],[107.03312,21.56333],[107.0336,21.56195],[107.03502,21.56065],[107.03478,21.55778],[107.03549,21.55686],[107.03533,21.55631],[107.03585,21.55349],[107.0366,21.55326],[107.03784,21.55364],[107.03946,21.55325],[107.03982,21.55108],[107.04304,21.54701],[107.04291,21.54423],[107.04498,21.54261],[107.04617,21.54227],[107.04794,21.54016],[107.04787,21.53899],[107.04725,21.53737],[107.04763,21.53594],[107.04734,21.53467],[107.05,21.53231],[107.05168,21.53126],[107.05152,21.52989],[107.05238,21.52826],[107.05268,21.52687],[107.05333,21.52609],[107.0536,21.52129],[107.05507,21.51806],[107.05326,21.51606],[107.05307,21.51425],[107.05364,21.51328],[107.0547,21.51253],[107.05522,21.51115],[107.05492,21.50766],[107.05586,21.50698],[107.05658,21.50543],[107.05781,21.5041],[107.05831,21.50271],[107.05861,21.50259],[107.05818,21.50206],[107.0586,21.5013],[107.05899,21.50093],[107.05982,21.50092],[107.05945,21.49978],[107.0584,21.49901],[107.05787,21.498],[107.05693,21.49862],[107.05456,21.49885],[107.05143,21.4955],[107.05064,21.49337],[107.04984,21.49301],[107.0487,21.4932],[107.04784,21.49152],[107.04652,21.48996],[107.04535,21.48996],[107.04734,21.48832],[107.04778,21.48736],[107.04744,21.4853],[107.04754,21.48374],[107.04432,21.48033],[107.04411,21.47757],[107.04331,21.47624],[107.04355,21.47525],[107.04456,21.47389],[107.04456,21.47305],[107.0421,21.47075],[107.04093,21.46898],[107.04005,21.46847],[107.03767,21.46804],[107.03905,21.4669],[107.03958,21.46392],[107.04135,21.4622],[107.0419,21.46055],[107.04521,21.45621],[107.04457,21.45464],[107.0455,21.45333],[107.04659,21.45215],[107.04897,21.45188],[107.04966,21.45092],[107.05178,21.45109],[107.05336,21.45046],[107.05384,21.44992],[107.05681,21.44984],[107.0572,21.45099],[107.05792,21.45124],[107.06642,21.45148],[107.06936,21.45407],[107.07074,21.45384],[107.07359,21.45267],[107.0748,21.45258],[107.07566,21.45194],[107.07685,21.45164],[107.07837,21.45177],[107.08184,21.45058],[107.08348,21.45202],[107.086,21.45239],[107.08783,21.45374],[107.08916,21.45386],[107.09222,21.45319],[107.09466,21.4534],[107.0959,21.45252],[107.10162,21.45554],[107.10345,21.45552],[107.10444,21.45439],[107.10455,21.45292],[107.10513,21.45155],[107.10431,21.45121],[107.1044,21.45076],[107.10485,21.44896],[107.10578,21.44777],[107.1054,21.4471],[107.10357,21.44592],[107.10396,21.44432],[107.10293,21.4428],[107.10311,21.4415],[107.10278,21.4406],[107.10328,21.43864],[107.10424,21.43772],[107.1035,21.43635],[107.10284,21.43403],[107.10353,21.43172],[107.10318,21.43049],[107.09994,21.4272],[107.10092,21.42571],[107.10102,21.42294],[107.10155,21.42072],[107.10106,21.42006],[107.09946,21.41909],[107.09928,21.41846],[107.09963,21.41694],[107.0984,21.41315],[107.09978,21.41208],[107.10062,21.40997],[107.10101,21.40708],[107.10046,21.4055],[107.10061,21.40482],[107.10181,21.40333],[107.10378,21.40241],[107.10442,21.40095],[107.10325,21.39945],[107.10201,21.39707],[107.10113,21.39664],[107.09914,21.39476],[107.09834,21.39288],[107.09885,21.39195],[107.09952,21.39167],[107.0991,21.38863],[107.09856,21.38784],[107.09861,21.38702],[107.0995,21.38561],[107.09936,21.38489],[107.09994,21.38368],[107.10133,21.38254],[107.10087,21.37876],[107.10117,21.37787],[107.10234,21.37696],[107.1003,21.37608],[107.09938,21.37482],[107.09714,21.374],[107.09662,21.37168],[107.09668,21.37032],[107.09592,21.36949],[107.09474,21.36205],[107.09548,21.35996],[107.09455,21.35849],[107.09209,21.35637],[107.08974,21.35617],[107.08803,21.35504],[107.08543,21.35514],[107.08407,21.35421],[107.08278,21.353],[107.08336,21.35198],[107.08363,21.35058],[107.08325,21.3502],[107.08165,21.3501],[107.07911,21.34688],[107.07738,21.34585],[107.0765,21.34597],[107.07598,21.34669],[107.07473,21.34697],[107.0737,21.34765],[107.06906,21.34649],[107.06486,21.34783],[107.0627,21.34764],[107.06163,21.34709],[107.06119,21.34625],[107.05885,21.34487],[107.05816,21.34278],[107.05757,21.34226],[107.05738,21.33992],[107.05666,21.3397],[107.0553,21.33751],[107.0534,21.33603],[107.05245,21.33464],[107.05195,21.33318],[107.0514,21.3329],[107.05216,21.33018],[107.04925,21.32948],[107.0479,21.32948],[107.0471,21.329],[107.04642,21.32908],[107.04581,21.32837],[107.04378,21.32765],[107.04238,21.32806],[107.04011,21.32794],[107.0394,21.32753],[107.03932,21.32642],[107.03716,21.3264],[107.03607,21.32571],[107.03467,21.32572],[107.03363,21.32526],[107.03134,21.32547],[107.02804,21.32708],[107.02614,21.32843],[107.0247,21.32873],[107.02463,21.32974],[107.02414,21.33058],[107.02181,21.33152],[107.02178,21.3323],[107.02282,21.33358],[107.02277,21.33527],[107.02187,21.33659],[107.01785,21.33974],[107.01779,21.34157],[107.01829,21.34267],[107.01803,21.34422],[107.01577,21.3439],[107.0094,21.3473],[107.00776,21.34897],[107.00617,21.34948],[107.00454,21.34938],[107.0031,21.35006],[107.00221,21.34992],[107.00029,21.35217],[106.99989,21.35353],[106.99762,21.35563],[106.99672,21.35578],[106.99448,21.35693],[106.99155,21.35743],[106.98832,21.35843],[106.98736,21.36018],[106.98762,21.36259],[106.98849,21.36362],[106.99003,21.36464],[106.9912,21.36685],[106.99158,21.36995],[106.9909,21.37355],[106.99132,21.37454],[106.99214,21.37476],[106.99336,21.37605],[106.99259,21.37867],[106.99303,21.37951],[106.99273,21.3802],[106.99305,21.38129],[106.99085,21.38559],[106.99003,21.38615],[106.98912,21.38754],[106.98753,21.3887],[106.98758,21.38914],[106.98841,21.38999],[106.98857,21.39081],[106.98688,21.39568],[106.98644,21.39607],[106.98633,21.39775],[106.98576,21.39818],[106.98587,21.40104],[106.98541,21.40208],[106.98714,21.40357],[106.98865,21.40428],[106.98907,21.40508],[106.98887,21.40576],[106.99016,21.40632],[106.99114,21.40721],[106.99222,21.40896],[106.99227,21.4093],[106.99141,21.41006],[106.99169,21.4113],[106.99157,21.41478],[106.99181,21.41526],[106.99474,21.41777],[106.99982,21.41841],[107.00082,21.41913],[107.00262,21.41934],[107.0034,21.42025],[107.0038,21.42136],[107.00319,21.4227],[107.00072,21.42514],[106.99952,21.42614],[106.99797,21.4266],[106.99452,21.43032],[106.99202,21.43012],[106.99108,21.43172],[106.99095,21.43606],[106.99066,21.43654],[106.98788,21.43813],[106.98688,21.43972],[106.98357,21.43884],[106.98246,21.43914],[106.98099,21.43897],[106.98063,21.43945],[106.97853,21.43857],[106.97706,21.43686],[106.9759,21.43695],[106.97475,21.43752],[106.97348,21.43719],[106.97236,21.43578],[106.97122,21.43619],[106.97046,21.43591],[106.969,21.43601],[106.96712,21.43455],[106.96692,21.43352],[106.96601,21.43182],[106.96189,21.42761],[106.96163,21.42665],[106.9611,21.42651],[106.95922,21.42474],[106.957,21.4244],[106.95514,21.42336],[106.95337,21.42325],[106.95145,21.4236],[106.95,21.42513],[106.94824,21.4302],[106.94661,21.43129],[106.94594,21.43127],[106.94702,21.43297],[106.94652,21.43391],[106.94556,21.43463],[106.94445,21.43483],[106.94198,21.43432],[106.94062,21.43535],[106.93918,21.43318],[106.93718,21.43238],[106.93638,21.43128],[106.9349,21.43165],[106.93321,21.42839],[106.93161,21.427],[106.93,21.42644],[106.92847,21.42544],[106.92872,21.429],[106.92956,21.43044],[106.9304,21.43308],[106.93029,21.4337],[106.92979,21.43419],[106.92927,21.4364],[106.92983,21.43706],[106.929,21.43959],[106.92652,21.44099],[106.92344,21.43747],[106.92071,21.43599],[106.9204,21.43383],[106.91991,21.43294],[106.91723,21.43085],[106.91458,21.42953],[106.91287,21.43046],[106.91167,21.4303],[106.90896,21.4324],[106.90756,21.43524],[106.90593,21.43545],[106.90506,21.43799],[106.90257,21.43963],[106.90223,21.44018],[106.90227,21.44098],[106.90027,21.44198],[106.89859,21.44226],[106.89754,21.44345],[106.89625,21.44421],[106.89485,21.4459],[106.89457,21.44845],[106.89399,21.44944],[106.89381,21.45124],[106.8936,21.45151],[106.89171,21.45126],[106.89114,21.45187],[106.89091,21.4537],[106.89093,21.45476],[106.89212,21.45726],[106.89194,21.45957],[106.89218,21.46015],[106.89345,21.46074],[106.89354,21.46138],[106.89605,21.46391],[106.89791,21.46471],[106.89981,21.46655],[106.90232,21.47002],[106.90276,21.47119],[106.90217,21.47236],[106.90137,21.47306],[106.89983,21.47324],[106.89633,21.47577],[106.89375,21.47595],[106.89223,21.47725],[106.89205,21.47806],[106.89125,21.47882],[106.89091,21.47982],[106.89194,21.48118],[106.88916999999999,21.48261],[106.88909,21.48423],[106.88862,21.48494],[106.88915,21.48658],[106.89038,21.48821],[106.89051,21.4895],[106.89188,21.49087],[106.89257,21.49128],[106.89393,21.49104],[106.89454,21.49182],[106.89669,21.49267],[106.89888,21.49502],[106.9011,21.49671],[106.90258,21.4971],[106.90273,21.49851],[106.90442,21.49865],[106.90425,21.50001],[106.90369,21.50066],[106.90278,21.50297],[106.90285,21.50583],[106.90233,21.50725],[106.90198,21.50986],[106.90126,21.51169],[106.90316,21.51194],[106.90464,21.51157],[106.90614,21.51279],[106.90741,21.51276],[106.90966,21.51383],[106.91209,21.51676],[106.91351,21.51699],[106.91321,21.51939],[106.91414,21.52008],[106.91418,21.52066],[106.91384,21.52097],[106.9144,21.52085],[106.91479,21.52],[106.91532,21.51964],[106.917,21.52009],[106.91864,21.51872],[106.91894,21.51765],[106.91951,21.51752],[106.92022,21.51762],[106.92168,21.51906],[106.9235,21.52],[106.9262,21.51871],[106.9275,21.5194],[106.92878,21.51959],[106.93117,21.52174],[106.93179,21.52281],[106.93502,21.52466],[106.93641,21.52584],[106.93686,21.52664],[106.93739,21.52672],[106.93948,21.52618],[106.94154,21.52649],[106.94261,21.52628],[106.94279,21.52497],[106.94429,21.52206],[106.94454,21.52187],[106.94604,21.52249],[106.94781,21.5222],[106.94886,21.52115],[106.94956,21.52091],[106.95033,21.51942],[106.95105,21.51876],[106.95438,21.51689],[106.9549,21.51604],[106.9596,21.51806],[106.96158,21.51834],[106.96482,21.51947],[106.96657,21.51902],[106.96717,21.51962],[106.96872,21.51967],[106.97098,21.52081],[106.97137,21.52062],[106.97184,21.52102],[106.97307,21.52127],[106.97452,21.52225],[106.97546,21.52335],[106.97524,21.52595],[106.97564,21.52812],[106.97542,21.52908],[106.9734,21.52983],[106.97185,21.53202],[106.97204,21.5338],[106.9718,21.53437],[106.97255,21.53554],[106.97408,21.53586],[106.97646,21.53524],[106.98254,21.53521],[106.98376,21.53831],[106.9846,21.53969],[106.98524,21.54009],[106.98522,21.54218],[106.98684,21.5449],[106.98854,21.54608],[106.98842,21.54771],[106.98886,21.54831],[106.99261,21.5489],[106.99397,21.54866],[106.99644,21.54986],[106.99602,21.55054],[106.99596,21.55236],[106.997,21.55315],[106.99629,21.55573],[106.99678,21.55728],[106.99593,21.55785],[106.9973,21.55882],[106.99819,21.56003],[106.99874,21.56163],[106.99971,21.56213],[107.00044,21.56316],[106.99964,21.56483],[107.0006,21.56636],[107.00188,21.56714],[107.00382,21.5693],[107.00533,21.56871],[107.00588,21.56884],[107.00704,21.57121],[107.00776,21.57165],[107.00821,21.57397],[107.00877,21.57474],[107.01232,21.57547],[107.01277,21.57527]]]]}},
{"type":"Feature","id":"06625","properties":{"Ward_Code":"06625","Ward_Code_Num":6625,"Ward":"Kiên Mộc","Ward_Alt":"Kiên Mộc","Ward_Upper":"KIÊN MỘC","Ward_Full":"Xã Kiên Mộc","Ward_Full_Alt":"Xã Kiên Mộc","Ward_Full_Upper_Alt":"XÃ KIÊN MỘC","Ward_Type":"Xã","Province_Code":"20","Province":"Lạng Sơn","Province_Upper_Alt":"LẠNG SƠN"},"geometry":{"type":"MultiPolygon","coordinates":[[[[107.08917,21.6412],[107.08954,21.64151],[107.08951,21.64242],[107.08878,21.64412],[107.08957,21.64589],[107.09074,21.64751],[107.09113,21.64991],[107.09383,21.65354],[107.09462,21.6538],[107.09521,21.65468],[107.09436,21.65602],[107.09432,21.65736],[107.0957,21.65737],[107.09766,21.658],[107.09848,21.66005],[107.09522,21.66671],[107.09591,21.66726],[107.09747,21.67083],[107.10147,21.67391],[107.10082,21.6746],[107.10046,21.67614],[107.1003,21.67997],[107.10069,21.68076],[107.10278,21.68178],[107.10344,21.68274],[107.10198,21.68695],[107.1033,21.68937],[107.10396,21.68983],[107.10584,21.68846],[107.10739,21.68801],[107.10809,21.69008],[107.11066,21.69087],[107.1115,21.69188],[107.11296,21.69236],[107.11653,21.69207],[107.11765,21.69327],[107.11811,21.69426],[107.11792,21.69533],[107.11971,21.69744],[107.12107,21.69685],[107.12238,21.69747],[107.12425,21.69638],[107.12493,21.6971],[107.12639,21.69705],[107.12756,21.69769],[107.12865,21.69716],[107.13031,21.69708],[107.13136,21.69663],[107.13213,21.6981],[107.1346,21.69975],[107.13691,21.69966],[107.13805,21.699],[107.1383,21.69955],[107.13954,21.70025],[107.13937,21.70196],[107.13976,21.70285],[107.14126,21.70364],[107.14322,21.70248],[107.14639,21.70181],[107.14666,21.70095],[107.14748,21.70033],[107.14815,21.70046],[107.14862,21.70094],[107.14953,21.70062],[107.15242,21.70073],[107.15377,21.70153],[107.1574,21.6992],[107.15911,21.69961],[107.16002,21.70024],[107.16102,21.70357],[107.1616,21.70405],[107.16054,21.70675],[107.16172,21.7092],[107.16128,21.71194],[107.16044,21.71431],[107.15978,21.71505],[107.1671,21.71819],[107.16791,21.71888],[107.16837,21.71981],[107.16904,21.72015],[107.17052,21.72308],[107.1725,21.72363],[107.17381,21.72346],[107.17529,21.72412],[107.17778,21.7237],[107.17784,21.72446],[107.17843,21.72532],[107.17834,21.72684],[107.17786,21.72798],[107.17817,21.72918],[107.17778,21.73007],[107.17798,21.73091],[107.181,21.7321],[107.18498,21.73432],[107.18767,21.73361],[107.19203,21.73626],[107.19306,21.73575],[107.19302,21.73494],[107.19579,21.73392],[107.19692,21.73381],[107.19801,21.73245],[107.19809,21.73081],[107.1974,21.72991],[107.19883,21.72856],[107.19921,21.72657],[107.19884,21.7251],[107.1983,21.72448],[107.19862,21.72388],[107.1964,21.72268],[107.1964,21.7216],[107.19727,21.72103],[107.19791,21.7212],[107.19938,21.72086],[107.20004,21.71992],[107.20235,21.71924],[107.20276,21.71836],[107.20361,21.71816],[107.2058,21.71594],[107.20683,21.71532],[107.2108,21.71402],[107.21272,21.71417],[107.21467,21.71316],[107.21693,21.71037],[107.21857,21.70971],[107.2211,21.7081],[107.2219,21.70798],[107.2236,21.70839],[107.22478,21.70788],[107.22617,21.70777],[107.22741,21.7071],[107.22997,21.70816],[107.23331,21.70657],[107.23416,21.70712],[107.23748,21.70745],[107.23908,21.7056],[107.24032,21.70495],[107.24092,21.70483],[107.24232,21.70534],[107.24523,21.70576],[107.24714,21.70456],[107.24783,21.70532],[107.24897,21.7057],[107.2483,21.70704],[107.24879,21.70859],[107.24858,21.70924],[107.24967,21.71044],[107.24952,21.71165],[107.25014,21.71278],[107.24971,21.71451],[107.24985,21.71684],[107.25215,21.71852],[107.25379,21.71773],[107.25453,21.71866],[107.25418,21.7201],[107.25444,21.72142],[107.25692,21.72326],[107.25764,21.72468],[107.25913,21.72562],[107.26133,21.72466],[107.26278,21.72546],[107.26358,21.72698],[107.26352,21.72883],[107.26401,21.72971],[107.26575,21.7295],[107.27053,21.73156],[107.27232,21.73173],[107.27297,21.73122],[107.27424,21.73128],[107.27561,21.73321],[107.27721,21.73295],[107.27952,21.73443],[107.28051,21.73446],[107.2816,21.7331],[107.28265,21.7325],[107.28434,21.73272],[107.28752,21.73228],[107.28841,21.73367],[107.28843,21.73449],[107.28803,21.73542],[107.2873,21.73612],[107.28747,21.73674],[107.29044,21.73826],[107.29229,21.73881],[107.29321,21.73992],[107.29488,21.74062],[107.29612,21.7425],[107.30068,21.74254],[107.30135,21.74241],[107.30143,21.74186],[107.30186,21.74157],[107.30316,21.7415],[107.30329,21.74056],[107.30386,21.74012],[107.30562,21.7373],[107.30613,21.73299],[107.3065,21.73228],[107.30791,21.73154],[107.30808,21.73065],[107.31343,21.73026],[107.3135,21.72828],[107.31394,21.72721],[107.31386,21.7259],[107.31605,21.72553],[107.31841,21.72605],[107.32246,21.72545],[107.32186,21.7228],[107.32108,21.72169],[107.32075,21.71881],[107.31973,21.71764],[107.32002,21.71558],[107.31961,21.71506],[107.3198,21.71446],[107.32102,21.71338],[107.32137,21.7121],[107.32418,21.71024],[107.32368,21.70774],[107.32391,21.70663],[107.3253,21.70526],[107.32644,21.70539],[107.32707,21.7051],[107.32751,21.70414],[107.32927,21.70264],[107.33147,21.70146],[107.33258,21.70022],[107.33508,21.69904],[107.33479,21.69719],[107.33524,21.69334],[107.33616,21.69148],[107.33737,21.69035],[107.33739,21.68909],[107.33811,21.68833],[107.33927,21.68778],[107.34174,21.6886],[107.34346,21.68864],[107.34457,21.68832],[107.34497,21.68661],[107.34454,21.68604],[107.34762,21.68421],[107.34895,21.68172],[107.34872,21.68032],[107.34836,21.67987],[107.34653,21.67936],[107.3445,21.67805],[107.3453,21.67638],[107.34697,21.67476],[107.34813,21.6749],[107.35014,21.67383],[107.35215,21.6733],[107.35341,21.67108],[107.35694,21.6706],[107.35738,21.66848],[107.35629,21.66663],[107.35851,21.66594],[107.36076,21.66297],[107.36055,21.66219],[107.35912,21.66166],[107.35879,21.66122],[107.35887,21.65993],[107.35959,21.65916],[107.35964,21.65835],[107.35872,21.6541],[107.36105,21.65158],[107.36051,21.65061],[107.36108,21.64986],[107.36107,21.64895],[107.36008,21.64781],[107.36104,21.64584],[107.3614,21.64379],[107.36324,21.64153],[107.36394,21.64001],[107.36302,21.6388],[107.3631,21.63837],[107.36194,21.63533],[107.36108,21.63426],[107.35965,21.63455],[107.35735,21.63254],[107.35432,21.63095],[107.35493,21.62916],[107.35461,21.62618],[107.35526,21.62366],[107.35928,21.62124],[107.36014,21.61624],[107.35933,21.61559],[107.35884,21.61438],[107.35992,21.61367],[107.361,21.61221],[107.36041,21.61018],[107.35931,21.60905],[107.35913,21.60818],[107.35857,21.60752],[107.3571,21.60671],[107.35798,21.6049],[107.35916,21.60409],[107.36053,21.6025],[107.36216,21.60192],[107.36216,21.60163],[107.36141,21.59971],[107.36167,21.59854],[107.36142,21.59789],[107.35927,21.59594],[107.35937,21.59542],[107.35909,21.59521],[107.35846,21.59496],[107.35729,21.59525],[107.35415,21.59525],[107.35258,21.59477],[107.35123,21.59497],[107.34956,21.59575],[107.34878,21.59555],[107.34779,21.59598],[107.34503,21.5931],[107.34397,21.59246],[107.34324,21.5912],[107.34037,21.59023],[107.3409,21.58843],[107.33988,21.58887],[107.33661,21.58837],[107.33508,21.58879],[107.33061,21.58802],[107.32897,21.58847],[107.32876,21.5889],[107.32915,21.58996],[107.32791,21.5926],[107.32522,21.59252],[107.32223,21.5943],[107.31994,21.59437],[107.31734,21.59349],[107.31657,21.5922],[107.31517,21.59162],[107.31345,21.59034],[107.31265,21.59133],[107.31174,21.59146],[107.31092,21.59202],[107.31098,21.59332],[107.30959,21.59591],[107.30917,21.59609],[107.30623,21.5956],[107.30332,21.59458],[107.29909,21.59369],[107.29577,21.5935],[107.29434,21.5922],[107.29321,21.59181],[107.29324,21.5905],[107.29267,21.58998],[107.29166,21.58728],[107.2903,21.58536],[107.29048,21.58258],[107.29025,21.58166],[107.28981,21.58129],[107.2894,21.58176],[107.28909,21.58169],[107.28701,21.58049],[107.2841,21.57726],[107.28395,21.57573],[107.28426,21.57423],[107.28371,21.57205],[107.28382,21.57132],[107.28473,21.57037],[107.28435,21.56932],[107.28283,21.56796],[107.28247,21.56692],[107.28048,21.56546],[107.28019,21.56459],[107.27883,21.56429],[107.27812,21.56319],[107.27526,21.56321],[107.27297,21.56224],[107.26972,21.56443],[107.2684,21.56436],[107.26657,21.56554],[107.26555,21.56391],[107.26258,21.5636],[107.26162,21.56388],[107.26094,21.56452],[107.26018,21.56445],[107.2592,21.56311],[107.2564,21.56206],[107.25333,21.56013],[107.25229,21.55836],[107.25054,21.55804],[107.24949,21.55833],[107.24856,21.55784],[107.2477,21.55639],[107.24687,21.5532],[107.24735,21.55028],[107.2466,21.54856],[107.24577,21.54854],[107.24509,21.54936],[107.24014,21.55095],[107.23954,21.55169],[107.23751,21.55232],[107.23577,21.55222],[107.23387,21.55409],[107.23285,21.55456],[107.23071,21.55367],[107.2299,21.55266],[107.22761,21.55158],[107.22538,21.55124],[107.22351,21.55236],[107.22278,21.55327],[107.22123,21.55353],[107.21865,21.55256],[107.21739,21.55246],[107.2166,21.55198],[107.21554,21.55027],[107.21486,21.54986],[107.21481,21.54876],[107.2132,21.54625],[107.21173,21.54649],[107.21091,21.5463],[107.21041,21.54553],[107.20912,21.54465],[107.20759,21.54513],[107.20573,21.54261],[107.20456,21.54214],[107.20461,21.54176],[107.20145,21.54573],[107.19696,21.5411],[107.19108,21.54074],[107.1839,21.54392],[107.16858,21.54867],[107.16677,21.55584],[107.16438,21.55592],[107.16207,21.55822],[107.16467,21.56225],[107.1628,21.56423],[107.16303,21.57093],[107.16028,21.5791],[107.16191,21.58152],[107.16057,21.58543],[107.16119,21.58662],[107.16365,21.58877],[107.16523,21.59156],[107.16225,21.5986],[107.15797,21.59806],[107.15693,21.59978],[107.15131,21.5976],[107.14853,21.59762],[107.14226,21.60276],[107.138,21.60482],[107.12696,21.60455],[107.12058,21.60486],[107.11334,21.6084],[107.11126,21.61184],[107.10901,21.61378],[107.1047,21.61418],[107.105,21.61436],[107.1046,21.61517],[107.10307,21.61582],[107.10667,21.61904],[107.10719,21.62096],[107.10892,21.62266],[107.11074,21.62659],[107.11022,21.63022],[107.10884,21.63153],[107.10669,21.63274],[107.10472,21.63546],[107.10435,21.63801],[107.10126,21.64021],[107.09882,21.64065],[107.09626,21.63922],[107.0946,21.63975],[107.09244,21.64096],[107.08917,21.6412]]]]}},
{"type":"Feature","id":"06637","properties":{"Ward_Code":"06637","Ward_Code_Num":6637,"Ward":"Châu Sơn","Ward_Alt":"Châu Sơn","Ward_Upper":"CHÂU SƠN","Ward_Full":"Xã Châu Sơn","Ward_Full_Alt":"Xã Châu Sơn","Ward_Full_Upper_Alt":"XÃ CHÂU SƠN","Ward_Type":"Xã","Province_Code":"20","Province":"Lạng Sơn","Province_Upper_Alt":"LẠNG SƠN"},"geometry":{"type":"MultiPolygon","coordinates":[[[[107.13261,21.53446],[107.13665,21.53683],[107.13744,21.53829],[107.13767,21.53996],[107.13684,21.54188],[107.13784,21.54378],[107.13765,21.54442],[107.13814,21.54669],[107.13662,21.54934],[107.13655,21.54997],[107.13744,21.55184],[107.13876,21.55282],[107.13925,21.55379],[107.14113,21.55499],[107.14126,21.5571],[107.14323,21.55994],[107.14595,21.56028],[107.14844,21.55948],[107.15279,21.56224],[107.1628,21.56423],[107.16467,21.56225],[107.16207,21.55822],[107.16438,21.55592],[107.16677,21.55584],[107.16858,21.54867],[107.1839,21.54392],[107.19108,21.54074],[107.19696,21.5411],[107.20145,21.54573],[107.20461,21.54176],[107.20481,21.54039],[107.20582,21.53955],[107.20748,21.53695],[107.20872,21.5362],[107.2096,21.53336],[107.21043,21.53285],[107.21115,21.53094],[107.21219,21.5306],[107.21343,21.53169],[107.21488,21.53128],[107.21654,21.53161],[107.21804,21.52902],[107.21942,21.52848],[107.22002,21.52756],[107.22168,21.52626],[107.22199,21.52567],[107.22216,21.52348],[107.22266,21.5228],[107.22239,21.52133],[107.22286,21.51937],[107.22558,21.51911],[107.227,21.51936],[107.22804,21.52004],[107.22999,21.52061],[107.23111,21.52148],[107.23224,21.51977],[107.23422,21.51862],[107.23411,21.51774],[107.23342,21.51652],[107.23367,21.51405],[107.23534,21.5129],[107.23657,21.51075],[107.23684,21.50867],[107.23824,21.50714],[107.23874,21.50579],[107.23589,21.50258],[107.23719,21.49916],[107.23698,21.49641],[107.2391,21.49188],[107.24227,21.4893],[107.24321,21.48717],[107.24511,21.48466],[107.24611,21.48396],[107.2463,21.48257],[107.24504,21.47822],[107.24371,21.47622],[107.24178,21.47561],[107.24071,21.47393],[107.2399,21.47341],[107.24129,21.47186],[107.24227,21.46937],[107.24248,21.46604],[107.24058,21.46532],[107.24017,21.46323],[107.23889,21.4618],[107.23856,21.46014],[107.23855,21.45914],[107.24073,21.45715],[107.24107,21.45571],[107.24045,21.45303],[107.24178,21.45103],[107.24068,21.44756],[107.2413,21.44665],[107.24468,21.44514],[107.24557,21.44388],[107.24569,21.44202],[107.24527,21.44128],[107.24529,21.43965],[107.24283,21.43707],[107.24166,21.43455],[107.24482,21.43286],[107.2461,21.43],[107.24781,21.43009],[107.24798,21.42772],[107.24752,21.42606],[107.24832,21.4248],[107.24853,21.42378],[107.25341,21.42317],[107.25431,21.42217],[107.25506,21.42056],[107.25602,21.41978],[107.25752,21.41709],[107.256,21.41442],[107.25657,21.41155],[107.2565,21.41016],[107.25698,21.40878],[107.25879,21.40771],[107.25867,21.40696],[107.25792,21.406],[107.25773,21.40427],[107.25898,21.40318],[107.26066,21.40285],[107.26226,21.40102],[107.26341,21.40121],[107.26498,21.40032],[107.26462,21.39995],[107.26449,21.39829],[107.26265,21.39624],[107.26086,21.39201],[107.26156,21.38775],[107.26039,21.38661],[107.2599,21.3853],[107.25696,21.38348],[107.25876,21.38205],[107.25976,21.38036],[107.25968,21.37919],[107.25863,21.3774],[107.25874,21.37675],[107.25807,21.37643],[107.25766,21.37573],[107.25765,21.37469],[107.25623,21.37392],[107.25635,21.3732],[107.2559,21.37157],[107.25433,21.36833],[107.25354,21.36788],[107.25239,21.3664],[107.25141,21.36719],[107.24874,21.3674],[107.24788,21.36668],[107.24588,21.36664],[107.24385,21.36574],[107.24302,21.36567],[107.24044,21.36399],[107.23945,21.36569],[107.23888,21.36788],[107.238,21.36926],[107.237,21.37003],[107.2359,21.36994],[107.23547,21.37035],[107.23554,21.37349],[107.23436,21.37373],[107.23299,21.37476],[107.2314,21.37529],[107.22786,21.37742],[107.22762,21.37794],[107.22823,21.37977],[107.22789,21.38061],[107.22585,21.38141],[107.2245,21.38317],[107.22383,21.38346],[107.2227,21.38529],[107.22034,21.38581],[107.21893,21.38655],[107.21658,21.38902],[107.21414,21.38768],[107.21171,21.38773],[107.211,21.38725],[107.20943,21.38694],[107.20932,21.38608],[107.20727,21.38382],[107.20681,21.38248],[107.20421,21.37963],[107.20384,21.37871],[107.2018,21.37898],[107.2012,21.37821],[107.19942,21.37763],[107.19782,21.37821],[107.19698,21.37817],[107.19482,21.37924],[107.19333,21.3791],[107.19321,21.37742],[107.19231,21.3764],[107.19204,21.3756],[107.19084,21.37611],[107.18545,21.37538],[107.18208,21.37136],[107.178,21.36972],[107.17721,21.3691],[107.17616,21.36892],[107.17526,21.36769],[107.17531,21.3666],[107.17302,21.36479],[107.17071,21.36353],[107.16798,21.36316],[107.16495,21.36526],[107.15982,21.36681],[107.15825,21.36847],[107.1557,21.3683],[107.15437,21.36786],[107.15072,21.36596],[107.1482,21.36524],[107.14687,21.36431],[107.14453,21.36483],[107.14184,21.36652],[107.14288,21.36814],[107.14334,21.3695],[107.14155,21.36954],[107.13965,21.37032],[107.13448,21.37129],[107.13305,21.37008],[107.129,21.36992],[107.12688,21.36912],[107.12512,21.36982],[107.12421,21.37055],[107.12297,21.37052],[107.12169,21.37144],[107.11793,21.37315],[107.11723,21.37406],[107.11552,21.37405],[107.11363,21.37451],[107.11262,21.37501],[107.1114,21.37617],[107.10551,21.37528],[107.10234,21.37696],[107.1011,21.378],[107.10087,21.37947],[107.10133,21.38254],[107.09994,21.38368],[107.09936,21.38489],[107.0995,21.38561],[107.09861,21.38702],[107.09856,21.38784],[107.0991,21.38863],[107.09952,21.39167],[107.09885,21.39195],[107.09834,21.39276],[107.09914,21.39476],[107.10113,21.39664],[107.10201,21.39707],[107.10325,21.39945],[107.10442,21.40095],[107.10378,21.40241],[107.10181,21.40333],[107.10061,21.40482],[107.10046,21.4055],[107.10101,21.40708],[107.10062,21.40997],[107.09978,21.41208],[107.0984,21.41315],[107.09963,21.41694],[107.09928,21.41846],[107.09946,21.41909],[107.10106,21.42006],[107.10155,21.42072],[107.10102,21.42294],[107.10092,21.42571],[107.09994,21.4272],[107.10318,21.43049],[107.10353,21.43172],[107.10284,21.43403],[107.1035,21.43635],[107.10424,21.43772],[107.10328,21.43864],[107.10278,21.4406],[107.10311,21.4415],[107.10293,21.4428],[107.10396,21.44432],[107.10357,21.44592],[107.1054,21.4471],[107.10578,21.44772],[107.10474,21.44922],[107.10431,21.45121],[107.10513,21.45155],[107.10455,21.45292],[107.10444,21.45439],[107.10381,21.45539],[107.10162,21.45554],[107.0959,21.45252],[107.09466,21.4534],[107.09222,21.45319],[107.08916,21.45386],[107.08783,21.45374],[107.086,21.45239],[107.08348,21.45202],[107.08184,21.45058],[107.07837,21.45177],[107.07685,21.45164],[107.07566,21.45194],[107.0748,21.45258],[107.07359,21.45267],[107.07074,21.45384],[107.06936,21.45407],[107.06642,21.45148],[107.05773,21.45121],[107.0572,21.45099],[107.05681,21.44984],[107.05384,21.44992],[107.05336,21.45046],[107.05168,21.45112],[107.04958,21.45095],[107.04897,21.45188],[107.04659,21.45215],[107.0446,21.45457],[107.04521,21.45621],[107.0419,21.46055],[107.04135,21.4622],[107.03958,21.46392],[107.03905,21.4669],[107.03767,21.46804],[107.04005,21.46847],[107.04093,21.46898],[107.0421,21.47075],[107.04456,21.47305],[107.04456,21.47389],[107.04355,21.47525],[107.04331,21.47624],[107.04411,21.47757],[107.04432,21.48033],[107.04754,21.48374],[107.04744,21.4853],[107.04778,21.48736],[107.04734,21.48832],[107.04535,21.48996],[107.04652,21.48996],[107.04784,21.49152],[107.0487,21.4932],[107.04984,21.49301],[107.05064,21.49337],[107.05143,21.4955],[107.05446,21.49877],[107.05538,21.49892],[107.05693,21.49862],[107.05789,21.49801],[107.0584,21.49901],[107.05945,21.49978],[107.05982,21.50092],[107.06157,21.50127],[107.06266,21.50198],[107.06268,21.50424],[107.06372,21.50493],[107.06445,21.50645],[107.06627,21.50668],[107.06749,21.50643],[107.06791,21.50685],[107.07299,21.50627],[107.07281,21.50725],[107.0733,21.50885],[107.07415,21.50948],[107.07436,21.51053],[107.0753,21.51128],[107.07631,21.51309],[107.07673,21.51518],[107.07872,21.51688],[107.08007,21.51698],[107.08079,21.51857],[107.08341,21.52078],[107.08621,21.52215],[107.08874,21.52198],[107.09571,21.5249],[107.09708,21.52443],[107.09953,21.52241],[107.10105,21.52286],[107.1046,21.52267],[107.1056,21.52226],[107.10711,21.52082],[107.10952,21.52087],[107.11212,21.52008],[107.11477,21.52189],[107.11627,21.52212],[107.11713,21.52317],[107.12037,21.52442],[107.12195,21.52553],[107.12269,21.52544],[107.12282,21.52502],[107.12763,21.52679],[107.12853,21.52814],[107.12852,21.53162],[107.12966,21.53278],[107.13108,21.53324],[107.13261,21.53446]]]]}}]}