{"type":"FeatureCollection","name":"VN_Wards_31","crs":{"type":"name","properties":{"name":"urn:ogc:def:crs:OGC:1.3:CRS84"}},"features":[{"type":"Feature","id":"10507","properties":{"Ward_Code":"10507","Ward_Code_Num":10507,"Ward":"Thành Đông","Ward_Alt":"Thành Đông","Ward_Upper":"THÀNH ĐÔNG","Ward_Full":"Phường Thành Đông","Ward_Full_Alt":"Phường Thành Đông","Ward_Full_Upper_Alt":"PHƯỜNG THÀNH ĐÔNG","Ward_Type":"Phường","Province_Code":"31","Province":"Hải Phòng","Province_Upper_Alt":"HẢI PHÒNG"},"geometry":{"type":"MultiPolygon","coordinates":[[[[106.32742,20.98261],[106.32925,20.98282],[106.33043,20.9822],[106.33251,20.98187],[106.33282,20.98323],[106.3361,20.98191],[106.33878,20.98158],[106.33911,20.98015],[106.33823,20.97773],[106.33998,20.97558],[106.3396,20.97493],[106.33746,20.97469],[106.3371,20.97438],[106.33765,20.97279],[106.33791,20.97024],[106.33988,20.96964],[106.34148,20.97062],[106.34196,20.9706],[106.34203,20.96827],[106.34283,20.96643],[106.34258,20.96411],[106.34397,20.9636],[106.34488,20.96369],[106.34607,20.9643],[106.34717,20.96394],[106.34674,20.96214],[106.34419,20.96228],[106.34449,20.96032],[106.34433,20.95921],[106.33844,20.95922],[106.33852,20.95751],[106.33477,20.95612],[106.33492,20.95498],[106.33569,20.9536],[106.33575,20.95238],[106.33981,20.94737],[106.3399,20.9463],[106.33586,20.947],[106.33232,20.95072],[106.33221,20.95032],[106.33515,20.94684],[106.33477,20.94512],[106.33312,20.94526],[106.3324,20.94498],[106.33139,20.94595],[106.33171,20.9473],[106.32964,20.94763],[106.33082,20.93989],[106.32719,20.93705],[106.32632,20.93789],[106.3249,20.93806],[106.32509,20.93972],[106.32346,20.94049],[106.32358,20.94102],[106.32092,20.94134],[106.32079,20.93871],[106.31626,20.9378],[106.31608,20.93927],[106.31504,20.93923],[106.31447,20.94086],[106.31203,20.94055],[106.31097,20.94305],[106.30815,20.94187],[106.30818,20.94349],[106.31054,20.94435],[106.30783,20.94859],[106.30881,20.94909],[106.30871,20.95327],[106.30821,20.95346],[106.30821,20.95412],[106.30912,20.95427],[106.30936,20.9578],[106.30882,20.95778],[106.30838,20.96025],[106.30802,20.96032],[106.30857,20.96391],[106.30993,20.96886],[106.30975,20.97001],[106.31196,20.97021],[106.31208,20.97088],[106.315,20.97011],[106.31518,20.9715],[106.31562,20.97178],[106.31812,20.97147],[106.31812,20.97176],[106.31939,20.97163],[106.31984,20.97251],[106.32101,20.97123],[106.32301,20.97048],[106.32404,20.9707],[106.32609,20.97461],[106.32567,20.97647],[106.32509,20.97658],[106.3226,20.97592],[106.32182,20.97609],[106.32163,20.97649],[106.32361,20.97681],[106.32413,20.97717],[106.32412,20.97768],[106.32314,20.97892],[106.32308,20.97993],[106.32359,20.98043],[106.32488,20.98056],[106.3255,20.98113],[106.32582,20.98361],[106.32639,20.9835],[106.32676,20.98288],[106.32742,20.98261]]]]}},
{"type":"Feature","id":"10525","properties":{"Ward_Code":"10525","Ward_Code_Num":10525,"Ward":"Hải Dương","Ward_Alt":"Hải Dương","Ward_Upper":"HẢI DƯƠNG","Ward_Full":"Phường Hải Dương","Ward_Full_Alt":"Phường Hải Dương","Ward_Full_Upper_Alt":"PHƯỜNG HẢI DƯƠNG","Ward_Type":"Phường","Province_Code":"31","Province":"Hải Phòng","Province_Upper_Alt":"HẢI PHÒNG"},"geometry":{"type":"MultiPolygon","coordinates":[[[[106.34764,20.92333],[106.34657,20.92576],[106.34238,20.92668],[106.34232,20.93271],[106.34098,20.93558],[106.34021,20.93622],[106.33874,20.93658],[106.33312,20.93669],[106.33298,20.93713],[106.33037,20.93954],[106.33087,20.94003],[106.32964,20.94763],[106.33171,20.9473],[106.33139,20.94595],[106.3324,20.94498],[106.33312,20.94526],[106.33477,20.94512],[106.33515,20.94684],[106.33221,20.95032],[106.33232,20.95072],[106.33586,20.947],[106.3399,20.9463],[106.33981,20.94737],[106.33575,20.95238],[106.33569,20.9536],[106.33472,20.95562],[106.33477,20.95612],[106.33852,20.95751],[106.33844,20.95922],[106.34811,20.95918],[106.35103,20.95885],[106.35417,20.95824],[106.35572,20.95624],[106.35481,20.94635],[106.35294,20.9358],[106.35033,20.92898],[106.34764,20.92333]]]]}},
{"type":"Feature","id":"10532","properties":{"Ward_Code":"10532","Ward_Code_Num":10532,"Ward":"Lê Thanh Nghị","Ward_Alt":"Lê Thanh Nghị","Ward_Upper":"LÊ THANH NGHỊ","Ward_Full":"Phường Lê Thanh Nghị","Ward_Full_Alt":"Phường Lê Thanh Nghị","Ward_Full_Upper_Alt":"PHƯỜNG LÊ THANH NGHỊ","Ward_Type":"Phường","Province_Code":"31","Province":"Hải Phòng","Province_Upper_Alt":"HẢI PHÒNG"},"geometry":{"type":"MultiPolygon","coordinates":[[[[106.31097,20.94305],[106.31203,20.94055],[106.31447,20.94086],[106.31504,20.93923],[106.31608,20.93927],[106.31626,20.9378],[106.32079,20.93871],[106.32092,20.94134],[106.32358,20.94102],[106.32346,20.94049],[106.32509,20.93972],[106.3249,20.93806],[106.32632,20.93789],[106.32719,20.93705],[106.33037,20.93954],[106.33298,20.93713],[106.33312,20.93669],[106.33717,20.93654],[106.33741,20.93537],[106.33532,20.92986],[106.33501,20.92724],[106.33153,20.92465],[106.32998,20.92253],[106.32946,20.92316],[106.32873,20.92287],[106.32817,20.92345],[106.32497,20.92364],[106.32388,20.92432],[106.32256,20.9258],[106.32125,20.92586],[106.32054,20.92516],[106.31984,20.92078],[106.31906,20.91948],[106.31758,20.91838],[106.31011,20.91699],[106.30833,20.91709],[106.30726,20.91761],[106.30288,20.92248],[106.30176,20.92298],[106.30074,20.92289],[106.30012,20.92634],[106.29859,20.92622],[106.29779,20.92981],[106.2925,20.92905],[106.29181,20.93208],[106.29322,20.93224],[106.29259,20.93611],[106.29763,20.9366],[106.29786,20.93744],[106.29964,20.9375],[106.29968,20.93793],[106.30182,20.9381],[106.30175,20.94003],[106.30297,20.9396],[106.30343,20.9399],[106.30687,20.94004],[106.30702,20.94064],[106.30745,20.94043],[106.3076,20.94152],[106.30809,20.94146],[106.30815,20.94187],[106.31097,20.94305]]]]}},
{"type":"Feature","id":"10537","properties":{"Ward_Code":"10537","Ward_Code_Num":10537,"Ward":"Tân Hưng","Ward_Alt":"Tân Hưng","Ward_Upper":"TÂN HƯNG","Ward_Full":"Phường Tân Hưng","Ward_Full_Alt":"Phường Tân Hưng","Ward_Full_Upper_Alt":"PHƯỜNG TÂN HƯNG","Ward_Type":"Phường","Province_Code":"31","Province":"Hải Phòng","Province_Upper_Alt":"HẢI PHÒNG"},"geometry":{"type":"MultiPolygon","coordinates":[[[[106.34764,20.92333],[106.34651,20.92096],[106.34494,20.91596],[106.34478,20.91229],[106.34569,20.90934],[106.35308,20.8986],[106.35485,20.89659],[106.3566,20.89542],[106.36147,20.89356],[106.3609,20.89107],[106.3598,20.8906],[106.35539,20.88674],[106.35508,20.88698],[106.35356,20.88558],[106.34784,20.88311],[106.34707,20.88332],[106.34567,20.88282],[106.34473,20.88387],[106.34325,20.88326],[106.34211,20.88518],[106.33659,20.88399],[106.32851,20.88716],[106.32914,20.8882],[106.33077,20.88956],[106.33295,20.89318],[106.33043,20.89428],[106.32886,20.89562],[106.32649,20.89558],[106.32581,20.8953],[106.3202,20.89658],[106.31977,20.89562],[106.31771,20.8969],[106.31706,20.89591],[106.31218,20.90069],[106.31924,20.90756],[106.32158,20.91071],[106.3224,20.91386],[106.3204,20.91441],[106.32176,20.919],[106.31953,20.92018],[106.3202,20.92197],[106.3207,20.92545],[106.32152,20.92595],[106.32223,20.92591],[106.32497,20.92364],[106.32817,20.92345],[106.32873,20.92287],[106.32946,20.92316],[106.32998,20.92253],[106.33153,20.92465],[106.33501,20.92724],[106.33532,20.92986],[106.33741,20.93537],[106.33717,20.93654],[106.3393,20.93649],[106.34098,20.93558],[106.34232,20.93271],[106.34238,20.92668],[106.34657,20.92576],[106.34764,20.92333]]]]}},
{"type":"Feature","id":"10543","properties":{"Ward_Code":"10543","Ward_Code_Num":10543,"Ward":"Việt Hoà","Ward_Alt":"Việt Hòa","Ward_Upper":"VIỆT HOÀ","Ward_Full":"Phường Việt Hoà","Ward_Full_Alt":"Phường Việt Hòa","Ward_Full_Upper_Alt":"PHƯỜNG VIỆT HÒA","Ward_Type":"Phường","Province_Code":"31","Province":"Hải Phòng","Province_Upper_Alt":"HẢI PHÒNG"},"geometry":{"type":"MultiPolygon","coordinates":[[[[106.25097,20.96236],[106.25409,20.96193],[106.25488,20.9593],[106.25894,20.95907],[106.25919,20.95836],[106.2614,20.95902],[106.2623,20.95806],[106.26265,20.95809],[106.26526,20.95446],[106.26672,20.95304],[106.26805,20.95421],[106.27032,20.95287],[106.27169,20.95357],[106.27234,20.9528],[106.27264,20.95287],[106.27334,20.95228],[106.27383,20.95273],[106.27558,20.95098],[106.27604,20.95187],[106.27663,20.95156],[106.27753,20.9523],[106.27982,20.95159],[106.27977,20.95242],[106.28126,20.95293],[106.28205,20.95431],[106.28282,20.95398],[106.28319,20.95528],[106.28292,20.95582],[106.28168,20.95677],[106.27915,20.95756],[106.27933,20.95786],[106.28105,20.95804],[106.28162,20.95864],[106.28171,20.95923],[106.28553,20.96092],[106.2864,20.95975],[106.28806,20.95847],[106.29303,20.95653],[106.29776,20.95642],[106.3022,20.95722],[106.30936,20.9578],[106.30912,20.95427],[106.30821,20.95412],[106.30821,20.95346],[106.30871,20.95327],[106.30881,20.94909],[106.30783,20.94859],[106.31054,20.94435],[106.30818,20.94349],[106.30809,20.94146],[106.3076,20.94152],[106.30745,20.94043],[106.30702,20.94064],[106.30687,20.94004],[106.30343,20.9399],[106.30297,20.9396],[106.30175,20.94003],[106.30182,20.9381],[106.29968,20.93793],[106.29964,20.9375],[106.29786,20.93744],[106.29763,20.9366],[106.29014,20.93584],[106.28975,20.9366],[106.28282,20.9351],[106.26476,20.9332],[106.23539,20.93551],[106.23544,20.93649],[106.23623,20.93645],[106.23626,20.93774],[106.23739,20.9388],[106.23702,20.93909],[106.23789,20.94003],[106.23725,20.9407],[106.23806,20.94139],[106.23789,20.94209],[106.2372,20.94204],[106.23724,20.94738],[106.23937,20.94787],[106.23947,20.95104],[106.24052,20.951],[106.23986,20.9529],[106.24035,20.95287],[106.24273,20.95426],[106.24194,20.95471],[106.24301,20.95718],[106.24619,20.95943],[106.24522,20.96106],[106.24564,20.96113],[106.24554,20.96165],[106.24747,20.96085],[106.24908,20.96242],[106.25097,20.96236]]]]}},
{"type":"Feature","id":"10546","properties":{"Ward_Code":"10546","Ward_Code_Num":10546,"Ward":"Chí Linh","Ward_Alt":"Chí Linh","Ward_Upper":"CHÍ LINH","Ward_Full":"Phường Chí Linh","Ward_Full_Alt":"Phường Chí Linh","Ward_Full_Upper_Alt":"PHƯỜNG CHÍ LINH","Ward_Type":"Phường","Province_Code":"31","Province":"Hải Phòng","Province_Upper_Alt":"HẢI PHÒNG"},"geometry":{"type":"MultiPolygon","coordinates":[[[[106.35093,21.13229],[106.3505,21.13103],[106.35051,21.12916],[106.35086,21.12836],[106.35062,21.12666],[106.34927,21.12564],[106.35017,21.12426],[106.35124,21.12354],[106.35129,21.12205],[106.35083,21.12064],[106.35132,21.11816],[106.35053,21.11815],[106.35028,21.1187],[106.34958,21.11822],[106.3488,21.1182],[106.34877,21.11771],[106.34931,21.11694],[106.34792,21.11665],[106.34551,21.11664],[106.34419,21.11704],[106.34287,21.1142],[106.34209,21.11435],[106.34145,21.11393],[106.34152,21.11338],[106.34063,21.1125],[106.33958,21.10985],[106.33883,21.11135],[106.33678,21.11176],[106.33257,21.09328],[106.33192,21.08841],[106.33235,21.08628],[106.32575,21.08498],[106.3246,21.08452],[106.3237,21.08362],[106.32324,21.08134],[106.32448,21.07634],[106.32415,21.07369],[106.32306,21.07119],[106.31857,21.06422],[106.31775,21.061889999999998],[106.31707,21.05801],[106.31613,21.05756],[106.31474,21.05758],[106.30969,21.05914],[106.30555,21.06643],[106.30282,21.07317],[106.30243,21.07641],[106.30249,21.08319],[106.30218,21.08731],[106.29576,21.10534],[106.29536,21.1075],[106.29568,21.11228],[106.29643,21.11538],[106.2976,21.1186],[106.29939,21.12218],[106.30548,21.12688],[106.31204,21.12989],[106.31555,21.13323],[106.31749,21.13594],[106.31951,21.13445],[106.32088,21.13539],[106.3238,21.13446],[106.3246,21.1332],[106.32524,21.13274],[106.32561,21.13284],[106.32572,21.13199],[106.3241,21.13243],[106.32352,21.13191],[106.32395,21.13138],[106.32114,21.12965],[106.32085,21.12936],[106.32112,21.12868],[106.32268,21.129],[106.32795,21.12877],[106.33004,21.12934],[106.33067,21.13],[106.33164,21.1303],[106.33428,21.13057],[106.33458,21.13126],[106.33511,21.13145],[106.33882,21.13119],[106.3417,21.12978],[106.34566,21.13195],[106.34774,21.13242],[106.35093,21.13229]]]]}},
{"type":"Feature","id":"10549","properties":{"Ward_Code":"10549","Ward_Code_Num":10549,"Ward":"Chu Văn An","Ward_Alt":"Chu Văn An","Ward_Upper":"CHU VĂN AN","Ward_Full":"Phường Chu Văn An","Ward_Full_Alt":"Phường Chu Văn An","Ward_Full_Upper_Alt":"PHƯỜNG CHU VĂN AN","Ward_Type":"Phường","Province_Code":"31","Province":"Hải Phòng","Province_Upper_Alt":"HẢI PHÒNG"},"geometry":{"type":"MultiPolygon","coordinates":[[[[106.40681,21.11144],[106.4067,21.1087],[106.40644,21.10827],[106.40496,21.10796],[106.40557,21.10332],[106.40996,21.10481],[106.41491,21.10028],[106.41539,21.09683],[106.41546,21.09336],[106.41286,21.09006],[106.41039,21.09017],[106.41326,21.08862],[106.41578,21.08561],[106.40967,21.0787],[106.40035,21.07359],[106.39965,21.0725],[106.3979,21.0679],[106.3977,21.06798],[106.39661,21.06576],[106.39646,21.06425],[106.39486,21.06377],[106.39416,21.06461],[106.3922,21.06457],[106.39123,21.06666],[106.39025,21.06778],[106.38946,21.06779],[106.38887,21.06641],[106.38659,21.06748],[106.38299,21.06634],[106.37869,21.0683],[106.37824,21.06806],[106.37879,21.06653],[106.37862,21.06599],[106.37732,21.06685],[106.37522,21.06708],[106.37404,21.06804],[106.37376,21.0673],[106.37296,21.06756],[106.37286,21.06666],[106.37035,21.06634],[106.36924,21.06243],[106.3681,21.06301],[106.36542,21.06258],[106.36289,21.06616],[106.35879,21.07053],[106.35667,21.07437],[106.35451,21.0762],[106.34848,21.08002],[106.34252,21.08447],[106.34028,21.08564],[106.33756,21.08632],[106.33235,21.08628],[106.33192,21.08841],[106.33257,21.09328],[106.33678,21.11176],[106.33883,21.11135],[106.33958,21.10985],[106.34063,21.1125],[106.34152,21.11338],[106.34145,21.11393],[106.34209,21.11435],[106.34287,21.1142],[106.34419,21.11704],[106.34551,21.11664],[106.34792,21.11665],[106.34931,21.11694],[106.34877,21.11771],[106.3488,21.1182],[106.34958,21.11822],[106.35028,21.1187],[106.35053,21.11815],[106.35132,21.11816],[106.35083,21.12064],[106.35129,21.12205],[106.35124,21.12354],[106.35017,21.12426],[106.34927,21.12565],[106.35062,21.12666],[106.35086,21.12836],[106.35051,21.12916],[106.3505,21.13103],[106.35093,21.13229],[106.35325,21.13377],[106.3581,21.1342],[106.36103,21.1294],[106.3602,21.12793],[106.35984,21.12528],[106.35861,21.12339],[106.35898,21.12133],[106.35966,21.12087],[106.35971,21.12034],[106.35876,21.11984],[106.35831,21.11919],[106.35904,21.11797],[106.35991,21.11746],[106.36157,21.11716],[106.3673,21.11728],[106.36907,21.11794],[106.36952,21.11762],[106.37227,21.11714],[106.3733,21.11928],[106.37606,21.11902],[106.37653,21.11973],[106.37783,21.11885],[106.38104,21.11914],[106.38212,21.11968],[106.38371,21.11923],[106.38518,21.12055],[106.38652,21.11934],[106.38661,21.11852],[106.3877,21.11778],[106.38781,21.11662],[106.39121,21.11538],[106.39178,21.11447],[106.3952,21.11602],[106.40044,21.11933],[106.40203,21.11413],[106.40138,21.11145],[106.4031,21.11139],[106.40456,21.11174],[106.40681,21.11144]]]]}},
{"type":"Feature","id":"10552","properties":{"Ward_Code":"10552","Ward_Code_Num":10552,"Ward":"Nguyễn Trãi","Ward_Alt":"Nguyễn Trãi","Ward_Upper":"NGUYỄN TRÃI","Ward_Full":"Phường Nguyễn Trãi","Ward_Full_Alt":"Phường Nguyễn Trãi","Ward_Full_Upper_Alt":"PHƯỜNG NGUYỄN TRÃI","Ward_Type":"Phường","Province_Code":"31","Province":"Hải Phòng","Province_Upper_Alt":"HẢI PHÒNG"},"geometry":{"type":"MultiPolygon","coordinates":[[[[106.49158,21.22909],[106.49238,21.2281],[106.49592,21.22834],[106.49799,21.22731],[106.499,21.2272],[106.50011,21.22497],[106.50188,21.22405],[106.502,21.22373],[106.50204,21.22269],[106.50038,21.22052],[106.5002,21.21879],[106.49956,21.21705],[106.50018,21.21568],[106.49981,21.21469],[106.50066,21.21355],[106.49899,21.21246],[106.49802,21.2112],[106.49924,21.20922],[106.50033,21.20379],[106.50145,21.20235],[106.49901,21.20125],[106.49819,21.2005],[106.49591,21.20012],[106.4941,21.19883],[106.4945,21.19573],[106.49573,21.19391],[106.49564,21.18981],[106.49659,21.1848],[106.49301,21.18363],[106.49195,21.18195],[106.49032,21.18149],[106.48951,21.18036],[106.48713,21.1804],[106.4863,21.17964],[106.48427,21.17914],[106.48294,21.17908],[106.48088,21.17958],[106.47865,21.17911],[106.4774,21.17789],[106.4754,21.1776],[106.4736,21.17596],[106.47242,21.17542],[106.47108,21.17349],[106.47125,21.17129],[106.47063,21.17087],[106.47065,21.16965],[106.47024,21.16868],[106.47258,21.16585],[106.4732,21.16548],[106.47375,21.16288],[106.47442,21.16262],[106.47472,21.161],[106.47544,21.15977],[106.47673,21.15863],[106.47715,21.15755],[106.47818,21.15665],[106.47782,21.15505],[106.4746,21.14788],[106.47183,21.14373],[106.46653,21.14524],[106.46627,21.14808],[106.4655,21.14904],[106.46404,21.1484],[106.46213,21.14812],[106.4601,21.1484],[106.45752,21.14808],[106.45568,21.14896],[106.45575,21.14758],[106.45498,21.14747],[106.45439,21.14681],[106.45391,21.14679],[106.45345,21.14721],[106.45229,21.14721],[106.4504,21.14658],[106.45047,21.14727],[106.44663,21.14733],[106.4457,21.14791],[106.44077,21.14897],[106.4385,21.15062],[106.43684,21.15028],[106.43698,21.15134],[106.43782,21.15218],[106.43752,21.1526],[106.43636,21.15182],[106.43626,21.15364],[106.43691,21.15377],[106.43706,21.15416],[106.43676,21.15505],[106.43697,21.15575],[106.43597,21.15619],[106.43616,21.15669],[106.43478,21.15627],[106.43424,21.15521],[106.43278,21.15588],[106.43193,21.15488],[106.43092,21.15251],[106.43021,21.1529],[106.43021,21.15391],[106.42776,21.153],[106.42639,21.15304],[106.4252,21.15338],[106.42343,21.15477],[106.42044,21.15587],[106.41613,21.15566],[106.41752,21.1569],[106.41482,21.15763],[106.41449,21.15613],[106.41492,21.15586],[106.415,21.15475],[106.41458,21.15343],[106.41119,21.15474],[106.41042,21.15591],[106.40917,21.15683],[106.40633,21.158],[106.40651,21.16258],[106.40713,21.16351],[106.40678,21.16564],[106.40586,21.16564],[106.40676,21.16653],[106.40678,21.16806],[106.40584,21.16918],[106.40315,21.17006],[106.4026,21.16978],[106.40176,21.17003],[106.40196,21.17178],[106.40141,21.17224],[106.40149,21.17288],[106.40011,21.17377],[106.4,21.17426],[106.40033,21.17618],[106.40159,21.17782],[106.40173,21.17874],[106.4044,21.18028],[106.40415,21.18182],[106.40356,21.18229],[106.40211,21.18231],[106.40084,21.18481],[106.39892999999999,21.18595],[106.39842,21.18678],[106.397,21.18546],[106.395,21.18577],[106.39427,21.18638],[106.39363,21.18645],[106.39214,21.18501],[106.3914,21.1851],[106.39074,21.18617],[106.3901,21.18611],[106.38909,21.18807],[106.38889,21.19008],[106.38805,21.192],[106.38996,21.19368],[106.38688,21.19463],[106.38595,21.19685],[106.38686,21.19749],[106.38932,21.19779],[106.38966,21.19873],[106.39388,21.2029],[106.39971,21.20213],[106.40005,21.20334],[106.40119,21.20474],[106.40279,21.2049],[106.40493,21.20597],[106.4085,21.2063],[106.41064,21.20812],[106.41209,21.20742],[106.41274,21.20748],[106.41339,21.20896],[106.41318,21.20952],[106.41381,21.21115],[106.4136,21.21199],[106.41504,21.2131],[106.41543,21.2139],[106.41509,21.2147],[106.41562,21.2161],[106.41526,21.21742],[106.41677,21.22003],[106.41621,21.2219],[106.4171,21.22214],[106.41824,21.22318],[106.42248,21.22366],[106.42289,21.22428],[106.42334,21.22671],[106.42311,21.2276],[106.42408,21.22962],[106.42349,21.23073],[106.42471,21.23137],[106.42648,21.23173],[106.42802,21.23095],[106.42962,21.23068],[106.43008,21.23128],[106.43095,21.23154],[106.43294,21.2303],[106.4335,21.22932],[106.43456,21.2285],[106.43701,21.22824],[106.43832,21.2287],[106.43982,21.2285],[106.4406,21.22892],[106.44324,21.22868],[106.44635,21.23144],[106.44766,21.23153],[106.4488,21.23089],[106.45232,21.23054],[106.45543,21.23283],[106.45796,21.22946],[106.45992,21.22918],[106.46174,21.22769],[106.46402,21.22734],[106.4655,21.22631],[106.46628,21.22617],[106.46815,21.2266],[106.4695,21.2279],[106.47106,21.22788],[106.47232,21.22835],[106.4736,21.22925],[106.47432,21.23018],[106.47528,21.22964],[106.47886,21.22893],[106.48082,21.22811],[106.48199,21.22873],[106.48335,21.22842],[106.48651,21.22858],[106.48699,21.22885],[106.48716,21.23108],[106.488,21.23403],[106.48836,21.23676],[106.48893,21.23738],[106.48975,21.23402],[106.48941,21.23176],[106.49054,21.22976],[106.49158,21.22909]]]]}},
{"type":"Feature","id":"10570","properties":{"Ward_Code":"10570","Ward_Code_Num":10570,"Ward":"Trần Hưng Đạo","Ward_Alt":"Trần Hưng Đạo","Ward_Upper":"TRẦN HƯNG ĐẠO","Ward_Full":"Phường Trần Hưng Đạo","Ward_Full_Alt":"Phường Trần Hưng Đạo","Ward_Full_Upper_Alt":"PHƯỜNG TRẦN HƯNG ĐẠO","Ward_Type":"Phường","Province_Code":"31","Province":"Hải Phòng","Province_Upper_Alt":"HẢI PHÒNG"},"geometry":{"type":"MultiPolygon","coordinates":[[[[106.38614,21.19588],[106.38688,21.19463],[106.38996,21.19368],[106.38805,21.192],[106.38889,21.19008],[106.38909,21.18807],[106.3901,21.18611],[106.39074,21.18617],[106.3914,21.1851],[106.39214,21.18501],[106.39363,21.18645],[106.39427,21.18638],[106.395,21.18577],[106.397,21.18546],[106.39842,21.18678],[106.39892999999999,21.18595],[106.40084,21.18481],[106.40211,21.18231],[106.40356,21.18229],[106.40426,21.18161],[106.4044,21.18028],[106.40173,21.17874],[106.40159,21.17782],[106.40033,21.17618],[106.4,21.17426],[106.40011,21.17377],[106.40149,21.17288],[106.40141,21.17224],[106.40196,21.17178],[106.40176,21.17003],[106.4026,21.16978],[106.40315,21.17006],[106.40584,21.16918],[106.40678,21.16806],[106.40676,21.16653],[106.40586,21.16564],[106.40678,21.16564],[106.40713,21.16351],[106.40651,21.16258],[106.40633,21.158],[106.40917,21.15683],[106.41042,21.15591],[106.41134,21.15466],[106.41458,21.15343],[106.41511,21.15351],[106.41504,21.15324],[106.41544,21.15297],[106.41516,21.15276],[106.41533,21.15213],[106.41475,21.15111],[106.41544,21.15064],[106.41529,21.14903],[106.4172,21.14596],[106.41698,21.14471],[106.41828,21.1421],[106.41949,21.142],[106.4268,21.13653],[106.42545,21.13462],[106.42427,21.13385],[106.42425,21.13346],[106.42184,21.13252],[106.42246,21.13196],[106.42494,21.13106],[106.426,21.12886],[106.42588,21.12685],[106.42489,21.12594],[106.42502,21.12538],[106.42618,21.12477],[106.42519,21.12227],[106.42648,21.1224],[106.42696,21.12228],[106.42695,21.1219],[106.42685,21.12139],[106.42579,21.1213],[106.42612,21.12042],[106.4249,21.11992],[106.42464,21.11946],[106.42471,21.11847],[106.42508,21.1182],[106.42547,21.11872],[106.42615,21.11859],[106.42639,21.1173],[106.42578,21.11725],[106.42503,21.11778],[106.42467,21.11699],[106.42353,21.11711],[106.42332,21.11634],[106.42192,21.11581],[106.41544,21.11522],[106.4148,21.11399],[106.41325,21.11433],[106.41272,21.1133],[106.41158,21.11351],[106.41118,21.11212],[106.40859,21.11113],[106.40456,21.11174],[106.4031,21.11139],[106.40138,21.11145],[106.40203,21.11413],[106.40044,21.11933],[106.3952,21.11602],[106.39178,21.11447],[106.39121,21.11538],[106.38781,21.11662],[106.3877,21.11778],[106.38661,21.11852],[106.38652,21.11934],[106.38518,21.12055],[106.38371,21.11923],[106.38212,21.11968],[106.38104,21.11914],[106.37783,21.11885],[106.37653,21.11973],[106.37606,21.11902],[106.3733,21.11928],[106.37227,21.11714],[106.36952,21.11762],[106.36907,21.11794],[106.36748,21.11729],[106.36041,21.11728],[106.35904,21.11797],[106.35831,21.11919],[106.35876,21.11984],[106.35971,21.12034],[106.35966,21.12087],[106.35898,21.12133],[106.35861,21.12339],[106.35984,21.12528],[106.3602,21.12793],[106.36103,21.1294],[106.3581,21.1342],[106.35325,21.13377],[106.35093,21.13229],[106.34774,21.13242],[106.34566,21.13195],[106.3417,21.12978],[106.33882,21.13119],[106.33511,21.13145],[106.33458,21.13126],[106.33428,21.13057],[106.33164,21.1303],[106.33067,21.13],[106.33004,21.12934],[106.32795,21.12877],[106.32268,21.129],[106.32112,21.12868],[106.32085,21.12936],[106.32385,21.13126],[106.32397,21.1315],[106.32349,21.13184],[106.32405,21.1324],[106.32577,21.13211],[106.32561,21.13284],[106.32524,21.13274],[106.3246,21.1332],[106.3238,21.13446],[106.32088,21.13539],[106.31951,21.13445],[106.31749,21.13594],[106.32255,21.14841],[106.32296,21.15267],[106.32094,21.15868],[106.31829,21.16388],[106.31713,21.16558],[106.31437,21.16798],[106.31374,21.16891],[106.30954,21.18049],[106.30907,21.1849],[106.30934,21.18671],[106.31047,21.19002],[106.3119,21.19218],[106.31329,21.19344],[106.31473,21.19366],[106.32022,21.19228],[106.324,21.19222],[106.32454,21.19054],[106.3227,21.18409],[106.32534,21.1835],[106.32777,21.18339],[106.32778,21.18215],[106.32828,21.18214],[106.32836,21.18097],[106.3308,21.18133],[106.33205,21.17484],[106.33461,21.17436],[106.33477,21.17262],[106.336,21.17275],[106.33622,21.17203],[106.33652,21.17224],[106.33746,21.1717],[106.33842,21.17174],[106.33872,21.17198],[106.33852,21.17239],[106.33922,21.17266],[106.34051,21.17282],[106.34463,21.16736],[106.34389,21.1661],[106.34398,21.16569],[106.34499,21.16494],[106.34568,21.16538],[106.34636,21.16739],[106.34738,21.16758],[106.34535,21.17174],[106.34718,21.17348],[106.3477,21.17351],[106.35125,21.17141],[106.35287,21.17106],[106.35567,21.17249],[106.35736,21.17259],[106.36097,21.17141],[106.36173,21.17228],[106.36257,21.17247],[106.3641,21.17346],[106.36556,21.17356],[106.36546,21.17441],[106.36448,21.17459],[106.36452,21.17488],[106.36555,21.17505],[106.36578,21.17599],[106.36531,21.17605],[106.36454,21.17704],[106.36448,21.17841],[106.36514,21.17864],[106.36524,21.17907],[106.36617,21.17951],[106.36823,21.18152],[106.37032,21.18133],[106.3706,21.1822],[106.36997,21.18299],[106.3698,21.18403],[106.37008,21.18429],[106.37105,21.18395],[106.37107,21.18488],[106.37275,21.1863],[106.3737,21.18616],[106.37405,21.18667],[106.37335,21.18745],[106.37355,21.18862],[106.37282,21.18984],[106.37416,21.19263],[106.37402,21.19435],[106.3742,21.19544],[106.37459,21.19579],[106.37631,21.19636],[106.3822,21.19577],[106.38595,21.19685],[106.38614,21.19588]]]]}},
{"type":"Feature","id":"10573","properties":{"Ward_Code":"10573","Ward_Code_Num":10573,"Ward":"Trần Nhân Tông","Ward_Alt":"Trần Nhân Tông","Ward_Upper":"TRẦN NHÂN TÔNG","Ward_Full":"Phường Trần Nhân Tông","Ward_Full_Alt":"Phường Trần Nhân Tông","Ward_Full_Upper_Alt":"PHƯỜNG TRẦN NHÂN TÔNG","Ward_Type":"Phường","Province_Code":"31","Province":"Hải Phòng","Province_Upper_Alt":"HẢI PHÒNG"},"geometry":{"type":"MultiPolygon","coordinates":[[[[106.48914,21.18041],[106.48951,21.18036],[106.49021,21.17939],[106.49022,21.17834],[106.48968,21.1779],[106.48909,21.17647],[106.48716,21.17483],[106.48702,21.17365],[106.48641,21.17294],[106.48697,21.17216],[106.48794,21.17155],[106.48873,21.16981],[106.48887,21.16706],[106.48852,21.16583],[106.48574,21.16212],[106.483,21.16037],[106.4834,21.15871],[106.48257,21.15796],[106.48269,21.15675],[106.48204,21.15554],[106.48193,21.15422],[106.4808,21.15058],[106.47996,21.15016],[106.47935,21.15023],[106.47909,21.14952],[106.47861,21.14512],[106.47965,21.145],[106.48193,21.1457],[106.48285,21.14513],[106.48374,21.14524],[106.4843,21.14055],[106.48387,21.1405],[106.4837,21.13982],[106.48462,21.13809],[106.48453,21.13753],[106.48207,21.13464],[106.48191,21.13383],[106.48438,21.1308],[106.48345,21.12947],[106.48158,21.12878],[106.48139,21.12794],[106.48176,21.12699],[106.47973,21.12689],[106.47891,21.12558],[106.47767,21.12511],[106.47708,21.12362],[106.47577,21.12411],[106.47526,21.12364],[106.47505,21.12256],[106.47419,21.1228],[106.47337,21.12249],[106.4733,21.12217],[106.47401,21.12158],[106.47326,21.12084],[106.47283,21.11914],[106.4722,21.11863],[106.47048,21.11874],[106.46911,21.11796],[106.46709,21.11773],[106.46566,21.11669],[106.46369,21.11676],[106.46248,21.11594],[106.45928,21.11595],[106.45899,21.11626],[106.45921,21.11746],[106.45823,21.11827],[106.45823,21.11968],[106.45788,21.11983],[106.45721,21.11934],[106.45676,21.11808],[106.45587,21.11744],[106.45514,21.11764],[106.4541,21.11853],[106.45314,21.1184],[106.45195,21.11888],[106.45151,21.11846],[106.45225,21.11742],[106.45211,21.11717],[106.45022,21.11831],[106.44754,21.11753],[106.44584,21.1185],[106.44532,21.11802],[106.44585,21.11631],[106.44536,21.11641],[106.44404,21.11791],[106.44314,21.11682],[106.44135,21.11758],[106.44057,21.11604],[106.44063,21.11467],[106.4422,21.1122],[106.44233,21.11102],[106.44168,21.11002],[106.43925,21.10832],[106.43887,21.10771],[106.43892,21.10695],[106.44365,21.10054],[106.44546,21.09915],[106.44961,21.09681],[106.45043,21.0959],[106.4507,21.09483],[106.45009,21.09318],[106.44715,21.09129],[106.44562,21.08986],[106.44505,21.08857],[106.44442,21.08496],[106.44383,21.0833],[106.44309,21.08219],[106.44071,21.08008],[106.44059,21.07901],[106.44172,21.0773],[106.44555,21.07588],[106.44634,21.07516],[106.4468,21.07408],[106.44686,21.0712],[106.44741,21.06994],[106.4489,21.06947],[106.45369,21.06996],[106.45478,21.06963],[106.45528,21.06778],[106.4549,21.06556],[106.45102,21.06631],[106.44588,21.06666],[106.44038,21.06642],[106.43474,21.0642],[106.43559,21.06478],[106.43388,21.0685],[106.4325,21.06917],[106.43077,21.0715],[106.43094,21.07249],[106.43218,21.07442],[106.43182,21.07501],[106.43199,21.07603],[106.43001,21.07872],[106.42984,21.08012],[106.42814,21.08222],[106.42754,21.08253],[106.42787,21.08386],[106.42694,21.08463],[106.42978,21.08623],[106.42904,21.08682],[106.42866,21.08793],[106.42753,21.08773],[106.42463,21.08844],[106.41844,21.08737],[106.41763,21.08438],[106.41578,21.08562],[106.41326,21.08862],[106.41039,21.09017],[106.41286,21.09006],[106.41546,21.09336],[106.41539,21.09683],[106.41491,21.10028],[106.40996,21.10481],[106.40557,21.10332],[106.40496,21.10796],[106.40644,21.10827],[106.4067,21.1087],[106.40681,21.11144],[106.40859,21.11113],[106.41118,21.11212],[106.41164,21.11356],[106.41272,21.1133],[106.41334,21.11435],[106.41468,21.11392],[106.41544,21.11522],[106.42192,21.11581],[106.42332,21.11634],[106.42353,21.11711],[106.42467,21.11699],[106.42497,21.11776],[106.42597,21.1172],[106.42642,21.11738],[106.42604,21.11872],[106.42547,21.11872],[106.42508,21.1182],[106.42471,21.11847],[106.42464,21.11946],[106.4249,21.11992],[106.42612,21.12042],[106.42579,21.1213],[106.42685,21.12139],[106.42695,21.1219],[106.42696,21.12228],[106.42648,21.1224],[106.42519,21.12227],[106.42618,21.12477],[106.42502,21.12538],[106.42489,21.12594],[106.42588,21.12685],[106.42594,21.12906],[106.42494,21.13106],[106.42246,21.13196],[106.42184,21.13252],[106.42425,21.13346],[106.42427,21.13385],[106.42545,21.13462],[106.4268,21.13653],[106.41949,21.142],[106.41826,21.14213],[106.41698,21.14471],[106.4172,21.14596],[106.41531,21.14896],[106.41544,21.15064],[106.41475,21.15111],[106.41528,21.15188],[106.41516,21.15276],[106.41544,21.15297],[106.41504,21.15324],[106.41511,21.15351],[106.41458,21.15343],[106.415,21.15475],[106.41492,21.15586],[106.41449,21.15613],[106.41471,21.15746],[106.41752,21.1569],[106.41613,21.15566],[106.42044,21.15587],[106.42343,21.15477],[106.4252,21.15338],[106.42639,21.15304],[106.42776,21.153],[106.43021,21.15391],[106.43021,21.1529],[106.43092,21.15251],[106.43193,21.15488],[106.43278,21.15588],[106.43424,21.15521],[106.43478,21.15627],[106.43616,21.15669],[106.43597,21.15619],[106.43697,21.15575],[106.43676,21.15505],[106.43706,21.15416],[106.43691,21.15377],[106.43626,21.15364],[106.43636,21.15182],[106.43752,21.1526],[106.43782,21.15218],[106.43698,21.15134],[106.43684,21.15028],[106.4385,21.15062],[106.44077,21.14897],[106.4457,21.14791],[106.44663,21.14733],[106.45047,21.14727],[106.4504,21.14658],[106.45229,21.14721],[106.45345,21.14721],[106.45391,21.14679],[106.45439,21.14681],[106.45498,21.14747],[106.45575,21.14758],[106.45568,21.14896],[106.45752,21.14808],[106.4601,21.1484],[106.46213,21.14812],[106.46404,21.1484],[106.4655,21.14904],[106.46627,21.14808],[106.46653,21.14524],[106.47174,21.1437],[106.4746,21.14788],[106.47782,21.15505],[106.47818,21.15665],[106.47715,21.15755],[106.47673,21.15863],[106.47544,21.15977],[106.47472,21.161],[106.47442,21.16262],[106.47375,21.16288],[106.4732,21.16548],[106.47258,21.16585],[106.47024,21.16868],[106.47065,21.16965],[106.47063,21.17087],[106.47125,21.17129],[106.47108,21.17349],[106.47242,21.17542],[106.4736,21.17596],[106.4754,21.1776],[106.4774,21.17789],[106.47865,21.17911],[106.48088,21.17958],[106.48294,21.17908],[106.48427,21.17914],[106.4863,21.17964],[106.48713,21.1804],[106.48914,21.18041]]]]}},
{"type":"Feature","id":"10603","properties":{"Ward_Code":"10603","Ward_Code_Num":10603,"Ward":"Lê Đại Hành","Ward_Alt":"Lê Đại Hành","Ward_Upper":"LÊ ĐẠI HÀNH","Ward_Full":"Phường Lê Đại Hành","Ward_Full_Alt":"Phường Lê Đại Hành","Ward_Full_Upper_Alt":"PHƯỜNG LÊ ĐẠI HÀNH","Ward_Type":"Phường","Province_Code":"31","Province":"Hải Phòng","Province_Upper_Alt":"HẢI PHÒNG"},"geometry":{"type":"MultiPolygon","coordinates":[[[[106.42772,21.08772],[106.42866,21.08793],[106.42904,21.08682],[106.42978,21.08623],[106.42699,21.0848],[106.42787,21.08386],[106.42754,21.08253],[106.42814,21.08222],[106.42984,21.08012],[106.43001,21.07872],[106.43199,21.07603],[106.43182,21.07501],[106.43218,21.07442],[106.43094,21.07249],[106.4308,21.0714],[106.4325,21.06917],[106.43388,21.0685],[106.43559,21.06478],[106.43294,21.06291],[106.4282,21.061],[106.42637,21.05903],[106.42507,21.05541],[106.42642,21.05164],[106.42632,21.05011],[106.42491,21.04788],[106.42311,21.04699],[106.42097,21.04689],[106.4129,21.04845],[106.41184,21.04842],[106.41054,21.04784],[106.4102,21.04733],[106.40917,21.04136],[106.40631,21.03528],[106.40662,21.03068],[106.40727,21.02816],[106.40967,21.02209],[106.40018,21.0238],[106.39724,21.02388],[106.39156,21.02252],[106.38726,21.02061],[106.38299,21.01958],[106.3802,21.01988],[106.37461,21.02192],[106.3717,21.02352],[106.36933,21.02594],[106.36589,21.03063],[106.36453,21.03296],[106.36357,21.03632],[106.36349,21.03784],[106.36488,21.04943],[106.36613,21.05629],[106.3661,21.05964],[106.36542,21.06258],[106.3681,21.06301],[106.36924,21.06243],[106.37035,21.06634],[106.37286,21.06666],[106.37296,21.06756],[106.37376,21.0673],[106.37404,21.06804],[106.37522,21.06708],[106.37732,21.06685],[106.37862,21.06599],[106.37879,21.06653],[106.37824,21.06806],[106.37869,21.0683],[106.38299,21.06634],[106.38659,21.06748],[106.38887,21.06641],[106.38946,21.06779],[106.39025,21.06778],[106.39123,21.06666],[106.3922,21.06457],[106.39416,21.06461],[106.39486,21.06377],[106.39646,21.06425],[106.39661,21.06576],[106.3977,21.06798],[106.3979,21.0679],[106.39965,21.0725],[106.40035,21.07359],[106.40967,21.0787],[106.41467,21.08406],[106.41578,21.08562],[106.41763,21.08438],[106.41844,21.08737],[106.42463,21.08844],[106.42772,21.08772]]]]}},
{"type":"Feature","id":"10606","properties":{"Ward_Code":"10606","Ward_Code_Num":10606,"Ward":"Nam Sách","Ward_Alt":"Nam Sách","Ward_Upper":"NAM SÁCH","Ward_Full":"Xã Nam Sách","Ward_Full_Alt":"Xã Nam Sách","Ward_Full_Upper_Alt":"XÃ NAM SÁCH","Ward_Type":"Xã","Province_Code":"31","Province":"Hải Phòng","Province_Upper_Alt":"HẢI PHÒNG"},"geometry":{"type":"MultiPolygon","coordinates":[[[[106.33522,21.00654],[106.33599,21.00648],[106.33601,21.00724],[106.33685,21.00671],[106.33684,21.00635],[106.33825,21.00609],[106.33692,21.00292],[106.33809,21.00339],[106.33813,21.00299],[106.33852,21.0031],[106.33856,21.00258],[106.33946,21.00265],[106.33934,21.00099],[106.3399,21.001],[106.33976,20.99979],[106.34047,20.99976],[106.34089,21.0002],[106.34123,21.00015],[106.34109,20.99972],[106.34152,20.99986],[106.34130999999999,20.999389999999998],[106.34155,20.99916],[106.34247,20.99963],[106.34282,20.99946],[106.34244,20.99815],[106.34277,20.9978],[106.3423,20.99676],[106.34205,20.99478],[106.34505,20.99331],[106.34649,20.99207],[106.35545,20.99259],[106.35625,20.99216],[106.35647,20.99142],[106.35729,20.99124],[106.35758,20.99075],[106.35978,20.99062],[106.3601,20.99163],[106.3612,20.99092],[106.36044,20.9899],[106.36035,20.98919],[106.36234,20.98803],[106.36343,20.98583],[106.36406,20.98577],[106.36569,20.98659],[106.36697,20.98582],[106.36826,20.98563],[106.36952,20.98607],[106.3703,20.98692],[106.37065,20.98674],[106.37051,20.98538],[106.36902,20.98473],[106.36878,20.98398],[106.36928,20.98335],[106.37113,20.98322],[106.37159,20.98285],[106.37147,20.98091],[106.37221,20.98017],[106.37193,20.97913],[106.37239,20.97579],[106.37192,20.97464],[106.37013,20.97239],[106.37003,20.97009],[106.36687,20.96469],[106.36602,20.96456],[106.36482,20.96601],[106.36139,20.9642],[106.3602,20.96521],[106.35821,20.9649],[106.36019,20.97052],[106.35754,20.97172],[106.35477,20.96955],[106.35416,20.96837],[106.35338,20.96883],[106.35304,20.96858],[106.35264,20.96905],[106.3516,20.96848],[106.35177,20.96731],[106.35127,20.96724],[106.35159,20.96649],[106.3499,20.96709],[106.34844,20.9663],[106.34845,20.96562],[106.34901,20.96515],[106.34912,20.96396],[106.34753,20.96385],[106.34607,20.9643],[106.34458,20.96361],[106.34277,20.96391],[106.34247,20.96476],[106.34283,20.96643],[106.34203,20.96827],[106.34205,20.97051],[106.34148,20.97062],[106.33967,20.96964],[106.3383,20.97001],[106.33775,20.97073],[106.33765,20.97279],[106.3371,20.97438],[106.33746,20.97469],[106.3396,20.97493],[106.33998,20.97558],[106.33823,20.97773],[106.33911,20.98015],[106.33885,20.98146],[106.33784,20.98188],[106.3361,20.98191],[106.33282,20.98323],[106.33251,20.98187],[106.33043,20.9822],[106.32925,20.98282],[106.32742,20.98261],[106.32676,20.98288],[106.32639,20.9835],[106.32582,20.98361],[106.32564,20.98148],[106.32532,20.98089],[106.32315,20.98011],[106.32308,20.97908],[106.32419,20.97732],[106.32361,20.97681],[106.32182,20.97664],[106.32172,20.97619],[106.32302,20.97596],[106.32554,20.97657],[106.32609,20.97477],[106.32462,20.97138],[106.32404,20.9707],[106.32301,20.97048],[106.32101,20.97123],[106.31984,20.97251],[106.31939,20.97163],[106.31812,20.97176],[106.31812,20.97147],[106.31562,20.97178],[106.31518,20.9715],[106.315,20.97011],[106.31262,20.97074],[106.31258,20.97174],[106.31197,20.97189],[106.31301,20.97759],[106.3122,20.97765],[106.31221,20.97822],[106.31136,20.97877],[106.31074,20.97843],[106.30982,20.97873],[106.31046,20.97946],[106.31017,20.97972],[106.30977,20.97958],[106.30858,20.98025],[106.30718,20.98005],[106.3071,20.98046],[106.30578,20.98138],[106.30527,20.98252],[106.30476,20.98252],[106.30522,20.98508],[106.30479,20.98514],[106.30459,20.98725],[106.30241,20.98695],[106.30232,20.98745],[106.30109,20.98741],[106.3011,20.98811],[106.30032,20.98934],[106.29946,20.98966],[106.29961,20.99078],[106.30021,20.99066],[106.30083,20.99237],[106.30007,20.99272],[106.30043,20.99394],[106.29908,20.99466],[106.29902,20.99526],[106.29798,20.99617],[106.29808,20.99672],[106.2999,20.99684],[106.3002,20.99766],[106.30087,20.99754],[106.30348,21.00125],[106.30482,21.00125],[106.30507,21.00178],[106.30616,21.00178],[106.30635,21.00217],[106.31088,21.00061],[106.31154,21.00109],[106.31174,21.00075],[106.31445,21.00177],[106.31997,21.00147],[106.31965,21.0028],[106.32047,21.00258],[106.32047,21.00301],[106.32092,21.00306],[106.32138,21.00276],[106.3211,21.0034],[106.32306,21.00354],[106.32315,21.00406],[106.32382,21.00438],[106.32411,21.00528],[106.32581,21.00465],[106.32775,21.0045],[106.32798,21.00403],[106.32779,21.00298],[106.32833,21.00296],[106.32838,21.0025],[106.32903,21.00265],[106.3292,21.00212],[106.32956,21.00213],[106.32941,21.00389],[106.3291,21.00391],[106.3292,21.00504],[106.33047,21.00527],[106.33361,21.00758],[106.33384,21.00664],[106.33522,21.00654]]]]}},
{"type":"Feature","id":"10615","properties":{"Ward_Code":"10615","Ward_Code_Num":10615,"Ward":"Hợp Tiến","Ward_Alt":"Hợp Tiến","Ward_Upper":"HỢP TIẾN","Ward_Full":"Xã Hợp Tiến","Ward_Full_Alt":"Xã Hợp Tiến","Ward_Full_Upper_Alt":"XÃ HỢP TIẾN","Ward_Type":"Xã","Province_Code":"31","Province":"Hải Phòng","Province_Upper_Alt":"HẢI PHÒNG"},"geometry":{"type":"MultiPolygon","coordinates":[[[[106.36542,21.06258],[106.3661,21.05964],[106.36616,21.05784],[106.3655,21.05306],[106.3639,21.05344],[106.36451,21.0561],[106.35887,21.05539],[106.3587,21.05592],[106.35599,21.05582],[106.35587,21.0567],[106.35432,21.05637],[106.3539,21.05596],[106.35446,21.05509],[106.3535,21.05443],[106.35202,21.05518],[106.35179,21.05504],[106.35196,21.05436],[106.35065,21.05394],[106.35052,21.05344],[106.349,21.05371],[106.34858,21.05307],[106.34777,21.05264],[106.34951,21.05064],[106.3486,21.05033],[106.34838,21.04989],[106.34817,21.04671],[106.34534,21.04571],[106.34515,21.04449],[106.34272,21.04474],[106.34202,21.04228],[106.33756,21.04232],[106.33568,21.04158],[106.3357,21.04114],[106.33419,21.04042],[106.33528,21.03847],[106.33214,21.0378],[106.33229,21.03727],[106.33109,21.03652],[106.33103,21.0373],[106.3307,21.03721],[106.33062,21.0375],[106.33098,21.0376],[106.33087,21.03791],[106.33005,21.03749],[106.32938,21.0383],[106.32935,21.03889],[106.32787,21.03894],[106.32814,21.03931],[106.32736,21.03956],[106.32746,21.03994],[106.32606,21.04017],[106.32596,21.0406],[106.32518,21.04038],[106.32339,21.04081],[106.32204,21.04074],[106.32148,21.04182],[106.32172,21.04212],[106.32122,21.04211],[106.32036,21.04435],[106.31977,21.04412],[106.31881,21.04644],[106.3184,21.04635],[106.31838,21.04669],[106.31805,21.04668],[106.31792,21.04702],[106.31833,21.04711],[106.31796,21.04757],[106.3185,21.04764],[106.31793,21.04977],[106.31733,21.04974],[106.31717,21.04938],[106.31632,21.04904],[106.31628,21.04991],[106.31442,21.05013],[106.31408,21.05109],[106.31496,21.05088],[106.31807,21.0543],[106.31787,21.05459],[106.31887,21.05477],[106.31841,21.05523],[106.3183,21.05584],[106.31858,21.05604],[106.31832,21.05668],[106.3171,21.05809],[106.31775,21.061889999999998],[106.31857,21.06422],[106.32306,21.07119],[106.32415,21.07369],[106.32448,21.07634],[106.32335,21.08052],[106.32323,21.08222],[106.3235,21.08324],[106.3246,21.08452],[106.32864,21.08569],[106.33318,21.08638],[106.33756,21.08632],[106.3397,21.0859],[106.34252,21.08447],[106.35648,21.07456],[106.35771,21.07287],[106.35879,21.07053],[106.36289,21.06616],[106.36542,21.06258]]]]}},
{"type":"Feature","id":"10633","properties":{"Ward_Code":"10633","Ward_Code_Num":10633,"Ward":"Trần Phú","Ward_Alt":"Trần Phú","Ward_Upper":"TRẦN PHÚ","Ward_Full":"Xã Trần Phú","Ward_Full_Alt":"Xã Trần Phú","Ward_Full_Upper_Alt":"XÃ TRẦN PHÚ","Ward_Type":"Xã","Province_Code":"31","Province":"Hải Phòng","Province_Upper_Alt":"HẢI PHÒNG"},"geometry":{"type":"MultiPolygon","coordinates":[[[[106.31474,21.05758],[106.31613,21.05756],[106.3171,21.05809],[106.31832,21.05668],[106.31858,21.05604],[106.3183,21.05584],[106.31841,21.05523],[106.31887,21.05477],[106.31787,21.05459],[106.31807,21.0543],[106.31496,21.05088],[106.31408,21.05109],[106.31442,21.05013],[106.31628,21.04991],[106.31632,21.04904],[106.31717,21.04938],[106.31733,21.04974],[106.31793,21.04977],[106.3185,21.04764],[106.31796,21.04757],[106.31833,21.04711],[106.31792,21.04702],[106.31805,21.04668],[106.31838,21.04669],[106.3184,21.04635],[106.31881,21.04644],[106.31977,21.04412],[106.32036,21.04435],[106.32122,21.04211],[106.32172,21.04212],[106.32148,21.04182],[106.32204,21.04074],[106.32339,21.04081],[106.32518,21.04038],[106.32596,21.0406],[106.32606,21.04017],[106.32746,21.03994],[106.32736,21.03956],[106.32814,21.03931],[106.32787,21.03894],[106.32935,21.03889],[106.32938,21.0383],[106.33005,21.03749],[106.33087,21.03791],[106.33098,21.0376],[106.33062,21.0375],[106.3307,21.03721],[106.33103,21.0373],[106.33109,21.03652],[106.33229,21.03727],[106.33214,21.0378],[106.33528,21.03847],[106.33419,21.04042],[106.3357,21.04114],[106.33568,21.04158],[106.33756,21.04232],[106.34202,21.04228],[106.34272,21.04474],[106.34515,21.04449],[106.34534,21.04571],[106.34817,21.04671],[106.34838,21.04989],[106.3486,21.05033],[106.34951,21.05064],[106.34777,21.05264],[106.34858,21.05307],[106.349,21.05371],[106.35052,21.05344],[106.35065,21.05394],[106.35196,21.05436],[106.35179,21.05504],[106.35202,21.05518],[106.3535,21.05443],[106.35446,21.05509],[106.3539,21.05596],[106.35432,21.05637],[106.35587,21.0567],[106.35599,21.05582],[106.3587,21.05592],[106.35887,21.05539],[106.36451,21.0561],[106.3639,21.05344],[106.3655,21.05306],[106.36377,21.04062],[106.36357,21.03632],[106.35939,21.03485],[106.35945,21.03464],[106.35416,21.033],[106.35243,21.02258],[106.35142,21.02234],[106.34927,21.02109],[106.347,21.01391],[106.34177,21.01471],[106.33894,21.00857],[106.33809,21.00892],[106.33672,21.00682],[106.33601,21.00724],[106.33599,21.00648],[106.33384,21.00664],[106.33361,21.00758],[106.33047,21.00527],[106.3292,21.00504],[106.3291,21.00391],[106.32941,21.00389],[106.32956,21.00213],[106.3292,21.00212],[106.32903,21.00265],[106.32838,21.0025],[106.32833,21.00296],[106.32779,21.00298],[106.32798,21.00403],[106.32775,21.0045],[106.32564,21.00469],[106.32208,21.00592],[106.3215,21.00727],[106.32064,21.00794],[106.32105,21.00918],[106.3195,21.01089],[106.32033,21.01183],[106.32017,21.0126],[106.31975,21.01269],[106.31754,21.01126],[106.31734,21.01271],[106.31684,21.01283],[106.31663,21.01197],[106.31572,21.01164],[106.31599,21.01262],[106.31574,21.0132],[106.31476,21.01316],[106.31401,21.01156],[106.31371,21.01174],[106.31378,21.01318],[106.31337,21.01311],[106.31301,21.0121],[106.31227,21.01215],[106.3121,21.01272],[106.31135,21.01311],[106.31154,21.01347],[106.31235,21.01339],[106.31257,21.01394],[106.3116,21.01408],[106.31062,21.01639],[106.31005,21.01592],[106.30841,21.01661],[106.30816,21.01634],[106.30857,21.0158],[106.30821,21.01546],[106.30749,21.01585],[106.30721,21.01697],[106.30667,21.01669],[106.30664,21.01614],[106.30616,21.01645],[106.30483,21.01632],[106.30416,21.01567],[106.30302,21.01636],[106.30176,21.0164],[106.30175,21.01733],[106.30248,21.01759],[106.30166,21.01805],[106.30073,21.01812],[106.30075,21.01891],[106.30134,21.01899],[106.30194,21.02004],[106.30161,21.02025],[106.30258,21.02196],[106.30272,21.02281],[106.30381,21.02284],[106.30427,21.0256],[106.30536,21.02581],[106.30537,21.02671],[106.29895,21.02752],[106.29479,21.02705],[106.29312,21.03275],[106.2929,21.03638],[106.29367,21.0389],[106.29523,21.04181],[106.30545,21.05239],[106.30832,21.05497],[106.30918,21.05602],[106.30984,21.05754],[106.30969,21.05914],[106.31474,21.05758]]]]}},
{"type":"Feature","id":"10642","properties":{"Ward_Code":"10642","Ward_Code_Num":10642,"Ward":"Thái Tân","Ward_Alt":"Thái Tân","Ward_Upper":"THÁI TÂN","Ward_Full":"Xã Thái Tân","Ward_Full_Alt":"Xã Thái Tân","Ward_Full_Upper_Alt":"XÃ THÁI TÂN","Ward_Type":"Xã","Province_Code":"31","Province":"Hải Phòng","Province_Upper_Alt":"HẢI PHÒNG"},"geometry":{"type":"MultiPolygon","coordinates":[[[[106.30177,21.02709],[106.30537,21.02671],[106.30536,21.02581],[106.30427,21.0256],[106.30381,21.02284],[106.30272,21.02281],[106.30258,21.02196],[106.30161,21.02025],[106.30194,21.02004],[106.30134,21.01899],[106.30075,21.01891],[106.30073,21.01812],[106.30166,21.01805],[106.30248,21.01759],[106.30175,21.01733],[106.30176,21.0164],[106.30302,21.01636],[106.30416,21.01567],[106.30483,21.01632],[106.30616,21.01645],[106.30664,21.01614],[106.30667,21.01669],[106.30721,21.01697],[106.30749,21.01585],[106.30821,21.01546],[106.30857,21.0158],[106.30816,21.01634],[106.30841,21.01661],[106.31005,21.01592],[106.31062,21.01639],[106.3116,21.01408],[106.31257,21.01394],[106.31235,21.01339],[106.31154,21.01347],[106.31135,21.01311],[106.3121,21.01272],[106.31227,21.01215],[106.31301,21.0121],[106.31337,21.01311],[106.31378,21.01318],[106.31371,21.01174],[106.31401,21.01156],[106.31476,21.01316],[106.31574,21.0132],[106.31599,21.01262],[106.31572,21.01164],[106.31663,21.01197],[106.31684,21.01283],[106.31734,21.01271],[106.31754,21.01126],[106.31999,21.01269],[106.32037,21.01194],[106.3195,21.01089],[106.32105,21.00918],[106.32068,21.00784],[106.3215,21.00727],[106.32216,21.00584],[106.32411,21.00528],[106.32382,21.00438],[106.32315,21.00406],[106.32306,21.00354],[106.3211,21.0034],[106.32138,21.00276],[106.32092,21.00306],[106.32047,21.00301],[106.32047,21.00258],[106.31965,21.0028],[106.31997,21.00147],[106.31445,21.00177],[106.31174,21.00075],[106.31154,21.00109],[106.31088,21.00061],[106.30635,21.00217],[106.30616,21.00178],[106.30513,21.0018],[106.30482,21.00125],[106.30348,21.00125],[106.30087,20.99754],[106.3002,20.99766],[106.2999,20.99684],[106.29808,20.99672],[106.29798,20.99617],[106.29902,20.99526],[106.29908,20.99466],[106.30043,20.99394],[106.30007,20.99272],[106.30083,20.99237],[106.30021,20.99066],[106.29961,20.99078],[106.29946,20.98966],[106.30032,20.98934],[106.3011,20.98811],[106.30109,20.98741],[106.30232,20.98745],[106.30241,20.98695],[106.30459,20.98725],[106.30479,20.98514],[106.30522,20.98508],[106.30476,20.98252],[106.30527,20.98252],[106.30578,20.98138],[106.3071,20.98046],[106.30718,20.98005],[106.30858,20.98025],[106.30977,20.97958],[106.31017,20.97972],[106.31046,20.97946],[106.30982,20.97873],[106.31074,20.97843],[106.31136,20.97877],[106.31221,20.97822],[106.3122,20.97765],[106.31301,20.97759],[106.31197,20.97189],[106.31258,20.97174],[106.31262,20.97074],[106.31208,20.97088],[106.31196,20.97021],[106.30975,20.97001],[106.30993,20.96886],[106.30857,20.96391],[106.30802,20.96032],[106.30838,20.96025],[106.30882,20.95778],[106.3022,20.95722],[106.29776,20.95642],[106.29303,20.95653],[106.2896,20.95766],[106.2864,20.95975],[106.28416,20.96335],[106.28382,20.96488],[106.28402,20.96567],[106.28491,20.96665],[106.29215,20.97249],[106.29251,20.97468],[106.29225,20.97565],[106.29157,20.97651],[106.28998,20.97756],[106.2797,20.9813],[106.27799,20.98257],[106.27647,20.98422],[106.27497,20.98666],[106.27321,20.99103],[106.27276,20.9959],[106.27292,20.99901],[106.27513,21.00459],[106.27704,21.007],[106.2824,21.01177],[106.2923,21.01807],[106.29418,21.01983],[106.29507,21.02157],[106.29529,21.02319],[106.29477,21.02714],[106.29855,21.02753],[106.30177,21.02709]]]]}},
{"type":"Feature","id":"10645","properties":{"Ward_Code":"10645","Ward_Code_Num":10645,"Ward":"An Phú","Ward_Alt":"An Phú","Ward_Upper":"AN PHÚ","Ward_Full":"Xã An Phú","Ward_Full_Alt":"Xã An Phú","Ward_Full_Upper_Alt":"XÃ AN PHÚ","Ward_Type":"Xã","Province_Code":"31","Province":"Hải Phòng","Province_Upper_Alt":"HẢI PHÒNG"},"geometry":{"type":"MultiPolygon","coordinates":[[[[106.38146,21.01969],[106.38474,21.0198],[106.39156,21.02252],[106.39833,21.02398],[106.40967,21.02209],[106.41159,21.01863],[106.41188,21.01692],[106.40984,21.01219],[106.40542,21.00517],[106.40479,21.00324],[106.40524,21.00223],[106.41078,20.99712],[106.4103,20.99653],[106.41052,20.99494],[106.41024,20.99442],[106.40902,20.99368],[106.40477,20.99278],[106.39153,20.99158],[106.38926,20.99018],[106.38786,20.98617],[106.38527,20.9847],[106.38446,20.98473],[106.38156,20.98583],[106.3779,20.98375],[106.37579,20.98632],[106.37553,20.98715],[106.37476,20.98728],[106.37465,20.98643],[106.37381,20.98588],[106.37328,20.98504],[106.37346,20.9844],[106.37463,20.98315],[106.37476,20.98246],[106.37221,20.98017],[106.37147,20.98091],[106.3717,20.98212],[106.37151,20.98298],[106.36941,20.9833],[106.3688,20.98386],[106.36902,20.98473],[106.37051,20.98538],[106.37056,20.98685],[106.37015,20.98684],[106.36927,20.98592],[106.36826,20.98563],[106.36697,20.98582],[106.36569,20.98659],[106.36356,20.98578],[106.36298,20.98631],[106.36234,20.98803],[106.36035,20.98919],[106.36044,20.9899],[106.3612,20.99092],[106.3601,20.99163],[106.35978,20.99062],[106.35758,20.99075],[106.35729,20.99124],[106.35647,20.99142],[106.35625,20.99216],[106.35545,20.99259],[106.34649,20.99207],[106.34505,20.99331],[106.34205,20.99478],[106.3423,20.99676],[106.34277,20.9978],[106.34244,20.99815],[106.34282,20.99946],[106.34247,20.99963],[106.34155,20.99916],[106.34130999999999,20.999389999999998],[106.34152,20.99986],[106.34109,20.99972],[106.34123,21.00015],[106.34089,21.0002],[106.34047,20.99976],[106.33976,20.99979],[106.3399,21.001],[106.33934,21.00099],[106.33946,21.00265],[106.33856,21.00258],[106.33852,21.0031],[106.33813,21.00299],[106.33809,21.00339],[106.33692,21.00292],[106.33825,21.00609],[106.33684,21.00635],[106.33672,21.00682],[106.33809,21.00892],[106.33894,21.00857],[106.34177,21.01471],[106.347,21.01391],[106.34927,21.02109],[106.35142,21.02234],[106.35243,21.02258],[106.35416,21.033],[106.35945,21.03464],[106.35939,21.03485],[106.36357,21.03632],[106.36453,21.03296],[106.36589,21.03063],[106.36933,21.02594],[106.3717,21.02352],[106.37461,21.02192],[106.3802,21.01988],[106.38146,21.01969]]]]}},
{"type":"Feature","id":"10660","properties":{"Ward_Code":"10660","Ward_Code_Num":10660,"Ward":"Ái Quốc","Ward_Alt":"Ái Quốc","Ward_Upper":"ÁI QUỐC","Ward_Full":"Phường Ái Quốc","Ward_Full_Alt":"Phường Ái Quốc","Ward_Full_Upper_Alt":"PHƯỜNG ÁI QUỐC","Ward_Type":"Phường","Province_Code":"31","Province":"Hải Phòng","Province_Upper_Alt":"HẢI PHÒNG"},"geometry":{"type":"MultiPolygon","coordinates":[[[[106.38786,20.98617],[106.38877,20.98125],[106.38761,20.9743],[106.3855,20.9736],[106.38247,20.97102],[106.38429,20.96941],[106.38758,20.96774],[106.39352,20.96671],[106.39434,20.96533],[106.39537,20.95976],[106.39497,20.95797],[106.39168,20.9539],[106.38995,20.95259],[106.38669,20.95093],[106.38552,20.94931],[106.38534,20.94766],[106.38639,20.94579],[106.38832,20.94022],[106.38899,20.93614],[106.3894,20.93538],[106.39067,20.93457],[106.39274,20.93468],[106.39567,20.93655],[106.39933,20.94085],[106.4016,20.94209],[106.40334,20.94176],[106.40439,20.93996],[106.40413,20.93836],[106.40352,20.93735],[106.3991,20.93327],[106.39744,20.93129],[106.39596,20.92445],[106.39634,20.91959],[106.3974,20.91791],[106.39616,20.91734],[106.39384,20.91446],[106.39303,20.91496],[106.39249,20.91458],[106.39209,20.91566],[106.38882,20.91362],[106.38844,20.91412],[106.38744,20.91346],[106.38696,20.91272],[106.38807,20.91153],[106.38646,20.91014],[106.38569,20.91044],[106.38555,20.91096],[106.38567,20.91382],[106.38684,20.91586],[106.38646,20.91762],[106.38558,20.91773],[106.38485,20.91717],[106.38489,20.91523],[106.38448,20.91468],[106.38271,20.91554],[106.38202,20.91551],[106.38181,20.9151],[106.38237,20.91316],[106.38212,20.912],[106.38103,20.91102],[106.37915,20.91102],[106.37852,20.91157],[106.37853,20.91224],[106.38067,20.91305],[106.38107,20.91418],[106.37886,20.91323],[106.37687,20.91365],[106.37628,20.91428],[106.37894,20.9158],[106.3791,20.91682],[106.37874,20.91777],[106.37816,20.91778],[106.37756,20.9165],[106.37667,20.91553],[106.37572,20.91509],[106.37492,20.9152],[106.37474,20.91678],[106.37202,20.92048],[106.36566,20.92745],[106.3715,20.92752],[106.37258,20.92774],[106.37324,20.92833],[106.37281,20.92972],[106.37085,20.93068],[106.37026,20.93161],[106.37104,20.93387],[106.37121,20.93784],[106.37164,20.93866],[106.37295,20.93985],[106.37268,20.94118],[106.37305,20.94292],[106.37148,20.94366],[106.37322,20.94531],[106.3725,20.94668],[106.36998,20.94969],[106.36874,20.9496],[106.36767,20.95132],[106.36626,20.95222],[106.36383,20.95535],[106.36333,20.95491],[106.36238,20.95563],[106.36526,20.95879],[106.36841,20.9608],[106.36786,20.96172],[106.37049,20.96484],[106.36897,20.9662],[106.36886,20.96669],[106.36933,20.96773],[106.36885,20.96802],[106.37003,20.97009],[106.37013,20.97239],[106.37231,20.97542],[106.37205,20.97987],[106.37271,20.98082],[106.37476,20.98246],[106.37463,20.98315],[106.37346,20.9844],[106.37328,20.98504],[106.37381,20.98588],[106.37465,20.98643],[106.37471,20.98724],[106.37553,20.98715],[106.37579,20.98632],[106.37796,20.98374],[106.38156,20.98583],[106.38503,20.98467],[106.38786,20.98617]]]]}},
{"type":"Feature","id":"10675","properties":{"Ward_Code":"10675","Ward_Code_Num":10675,"Ward":"Kinh Môn","Ward_Alt":"Kinh Môn","Ward_Upper":"KINH MÔN","Ward_Full":"Phường Kinh Môn","Ward_Full_Alt":"Phường Kinh Môn","Ward_Full_Upper_Alt":"PHƯỜNG KINH MÔN","Ward_Type":"Phường","Province_Code":"31","Province":"Hải Phòng","Province_Upper_Alt":"HẢI PHÒNG"},"geometry":{"type":"MultiPolygon","coordinates":[[[[106.55315,21.00715],[106.55612,21.0028],[106.55527,21.0015],[106.55457,20.99842],[106.55481,20.99535],[106.55561,20.99307],[106.55746,20.99023],[106.56163,20.98758],[106.5629,20.98642],[106.56356,20.98459],[106.56171,20.98446],[106.56174,20.984],[106.56052,20.98435],[106.56061,20.98128],[106.55965,20.98052],[106.56058,20.97928],[106.55519,20.97346],[106.55401,20.97189],[106.55268,20.96906],[106.55197,20.96942],[106.5513,20.96915],[106.54966,20.96722],[106.54896,20.96771],[106.54824,20.9659],[106.54762,20.96564],[106.54572,20.96618],[106.54526,20.96488],[106.54402,20.9653],[106.5437,20.9647],[106.54077,20.96382],[106.5418,20.95934],[106.54227,20.95874],[106.53995,20.95445],[106.53841,20.95355],[106.53748,20.95375],[106.53673,20.95439],[106.5364,20.95639],[106.53681,20.96228],[106.53613,20.9647],[106.53573,20.96535],[106.53464,20.96603],[106.53307,20.96601],[106.52913,20.96331],[106.52706,20.96304],[106.52624,20.96357],[106.52561,20.96588],[106.52426,20.96857],[106.52247,20.96998],[106.5209,20.9701],[106.5171,20.96852],[106.51544,20.968139999999998],[106.51364,20.96826],[106.5126,20.96869],[106.51208,20.97041],[106.51247,20.9712],[106.51361,20.97195],[106.51634,20.97329],[106.51765,20.97273],[106.51943,20.9729],[106.52207,20.97262],[106.52656,20.97499],[106.52927,20.9773],[106.5332,20.97864],[106.5354,20.98014],[106.53383,20.9812],[106.53481,20.9838],[106.53429,20.98407],[106.53493,20.98604],[106.53452,20.98619],[106.53517,20.98807],[106.53303,20.98876],[106.53326,20.98909],[106.53272,20.98945],[106.53302,20.99084],[106.53537,20.99041],[106.53591,20.99072],[106.53755,20.99024],[106.53751,20.99053],[106.5378,20.99052],[106.53906,20.98996],[106.54026,20.99048],[106.54104,20.99193],[106.54063,20.99545],[106.54098,20.99626],[106.54143,20.99638],[106.54306,20.99582],[106.54416,20.9946],[106.54454,20.99456],[106.54545,20.99536],[106.54325,20.99726],[106.54211,20.99678],[106.54154,20.99686],[106.54051,20.9987],[106.54043,20.99905],[106.54158,21.00014],[106.54193,20.99985],[106.54212,21.00145],[106.54306,21.00331],[106.54492,21.00524],[106.5461,21.00414],[106.54734,21.006],[106.54992,21.00645],[106.5523,21.0079],[106.55315,21.00715]]]]}},
{"type":"Feature","id":"10678","properties":{"Ward_Code":"10678","Ward_Code_Num":10678,"Ward":"Bắc An Phụ","Ward_Alt":"Bắc An Phụ","Ward_Upper":"BẮC AN PHỤ","Ward_Full":"Phường Bắc An Phụ","Ward_Full_Alt":"Phường Bắc An Phụ","Ward_Full_Upper_Alt":"PHƯỜNG BẮC AN PHỤ","Ward_Type":"Phường","Province_Code":"31","Province":"Hải Phòng","Province_Upper_Alt":"HẢI PHÒNG"},"geometry":{"type":"MultiPolygon","coordinates":[[[[106.49225,21.06502],[106.4975,21.06041],[106.49965,21.05734],[106.49917,21.05632],[106.4991,21.05518],[106.49945,21.04478],[106.49729,21.04453],[106.4962,21.04473],[106.49556,21.04535],[106.49482,21.04551],[106.49178,21.04385],[106.49028,21.04499],[106.48961,21.04504],[106.48935,21.04454],[106.48995,21.04261],[106.4898,21.04201],[106.48764,21.04158],[106.48674,21.04269],[106.48612,21.04274],[106.48578,21.04243],[106.4859,21.04186],[106.48753,21.04069],[106.487,21.03959],[106.4864,21.03964],[106.48561,21.04075],[106.48432,21.0417],[106.48308,21.04168],[106.48242,21.04129],[106.48251,21.04019],[106.4833,21.03985],[106.48382,21.03865],[106.48346,21.03622],[106.48186,21.03524],[106.48134,21.03573],[106.48,21.03558],[106.47894,21.03604],[106.47811,21.03484],[106.4801,21.03337],[106.47662,21.02527],[106.46873,21.0303],[106.46567,21.03081],[106.46473,21.0313],[106.46332,21.03124],[106.45962,21.03243],[106.45531,21.03438],[106.45405,21.03456],[106.45279,21.03534],[106.45174,21.03522],[106.45119,21.03619],[106.44981,21.03741],[106.44755,21.03628],[106.44461,21.03628],[106.43984,21.03805],[106.43994,21.03984],[106.43912,21.04061],[106.43145,21.04289],[106.43033,21.0369],[106.43002,21.0369],[106.42724,21.03767],[106.4209,21.03863],[106.41991,21.03994],[106.41958,21.04218],[106.41872,21.04203],[106.41856,21.04281],[106.41744,21.04274],[106.41697,21.04239],[106.41693,21.04278],[106.41467,21.04247],[106.41464,21.04349],[106.41403,21.0434],[106.41365,21.0426],[106.41272,21.0435],[106.41251,21.04286],[106.40955,21.04362],[106.4102,21.04733],[106.41054,21.04784],[106.41184,21.04842],[106.4129,21.04845],[106.42097,21.04689],[106.42311,21.04699],[106.42491,21.04788],[106.426,21.04928],[106.42642,21.05096],[106.42642,21.05164],[106.42513,21.05471],[106.42518,21.05619],[106.427,21.06],[106.4282,21.061],[106.43294,21.06291],[106.43474,21.0642],[106.44038,21.06642],[106.44588,21.06666],[106.45102,21.06631],[106.45683,21.06505],[106.45922,21.0651],[106.46885,21.06712],[106.47463,21.0695],[106.47619,21.06965],[106.48583,21.06832],[106.48907,21.06702],[106.49225,21.06502]]]]}},
{"type":"Feature","id":"10705","properties":{"Ward_Code":"10705","Ward_Code_Num":10705,"Ward":"Nam An Phụ","Ward_Alt":"Nam An Phụ","Ward_Upper":"NAM AN PHỤ","Ward_Full":"Xã Nam An Phụ","Ward_Full_Alt":"Xã Nam An Phụ","Ward_Full_Upper_Alt":"XÃ NAM AN PHỤ","Ward_Type":"Xã","Province_Code":"31","Province":"Hải Phòng","Province_Upper_Alt":"HẢI PHÒNG"},"geometry":{"type":"MultiPolygon","coordinates":[[[[106.41243,21.04288],[106.41272,21.0435],[106.41365,21.0426],[106.41403,21.0434],[106.4144,21.0435],[106.41464,21.04349],[106.41467,21.04247],[106.41693,21.04278],[106.41697,21.04239],[106.41744,21.04274],[106.41856,21.04281],[106.41872,21.04203],[106.41958,21.04218],[106.41991,21.03994],[106.4209,21.03863],[106.42724,21.03767],[106.43002,21.0369],[106.43033,21.0369],[106.43145,21.04289],[106.43912,21.04061],[106.43994,21.03984],[106.43984,21.03805],[106.44461,21.03628],[106.44755,21.03628],[106.44981,21.03741],[106.45119,21.03619],[106.45109,21.03591],[106.44717,21.02645],[106.44668,21.02656],[106.44686,21.0273],[106.44653,21.02739],[106.44546,21.02601],[106.44675,21.02466],[106.45049,21.02371],[106.45263,21.02234],[106.45338,21.02064],[106.45311,21.0196],[106.45236,21.01882],[106.45135,21.01874],[106.45221,21.01737],[106.45716,21.02001],[106.45789,21.02012],[106.45874,21.01976],[106.45886,21.01634],[106.45929,21.01486],[106.46313,21.00906],[106.46483,21.00869],[106.46601,21.00916],[106.46651,21.01003],[106.46669,21.01145],[106.46629,21.0146],[106.46659,21.01491],[106.46715,21.01485],[106.46818,21.01426],[106.46872,21.0126],[106.46746,21.00842],[106.46728,21.0067],[106.46799,21.00499],[106.46853,21.00516],[106.4697,21.00424],[106.47138,21.00358],[106.47174,21.00311],[106.47182,21.00252],[106.47049,21.00147],[106.47111,21.00025],[106.47231,20.99547],[106.47245,20.99259],[106.47007,20.99253],[106.46453,20.99129],[106.46343,20.99135],[106.46126,20.99223],[106.45794,20.99549],[106.45627,20.9961],[106.45474,20.99592],[106.45318,20.99456],[106.45266,20.99286],[106.45255,20.99018],[106.4521,20.98812],[106.45108,20.98597],[106.45034,20.98564],[106.44931,20.98641],[106.44882,20.99132],[106.44793,20.99398],[106.4414,20.99413],[106.43351,20.99571],[106.43215,20.99657],[106.43073,20.99834],[106.42892,20.99886],[106.4228,20.99781],[106.42204,20.99818],[106.42014,21.00035],[106.41867,21.00115],[106.41674,21.00052],[106.41312,20.9979],[106.41078,20.99712],[106.40524,21.00223],[106.40479,21.00324],[106.40542,21.00517],[106.40984,21.01219],[106.41189,21.01713],[106.41159,21.01863],[106.40921,21.023],[106.40727,21.02816],[106.40662,21.03068],[106.40631,21.03528],[106.40917,21.04136],[106.40955,21.04362],[106.41243,21.04288]]]]}},
{"type":"Feature","id":"10714","properties":{"Ward_Code":"10714","Ward_Code_Num":10714,"Ward":"Nhị Chiểu","Ward_Alt":"Nhị Chiểu","Ward_Upper":"NHỊ CHIỂU","Ward_Full":"Phường Nhị Chiểu","Ward_Full_Alt":"Phường Nhị Chiểu","Ward_Full_Upper_Alt":"PHƯỜNG NHỊ CHIỂU","Ward_Type":"Phường","Province_Code":"31","Province":"Hải Phòng","Province_Upper_Alt":"HẢI PHÒNG"},"geometry":{"type":"MultiPolygon","coordinates":[[[[106.51758,21.05808],[106.51673,21.05622],[106.51671,21.05509],[106.51721,21.05458],[106.51946,21.05393],[106.51977,21.05355],[106.51717,21.05166],[106.51519,21.0478],[106.51501,21.04678],[106.51583,21.04622],[106.51703,21.0462],[106.51883,21.04792],[106.52016,21.0481],[106.5215,21.04759],[106.5233,21.04571],[106.52401,21.0462],[106.52412,21.04959],[106.52508,21.0504],[106.52624,21.05009],[106.52788,21.04823],[106.53249,21.04754],[106.53453,21.04832],[106.53667,21.04964],[106.53713,21.0502],[106.53759,21.05219],[106.54388,21.05437],[106.54703,21.0545],[106.55292,21.05278],[106.55437,21.05272],[106.55613,21.05322],[106.55972,21.05597],[106.56088,21.05621],[106.56257,21.05592],[106.56437,21.05504],[106.56629,21.05354],[106.5684,21.05306],[106.5701,21.05392],[106.57287,21.05664],[106.57394,21.05718],[106.57544,21.05731],[106.5792,21.0549],[106.58164,21.05274],[106.58673,21.04919],[106.59336,21.04311],[106.59546,21.04042],[106.60215,21.0382],[106.60458,21.03623],[106.60694,21.03351],[106.60864,21.03094],[106.60918,21.02928],[106.60917,21.024],[106.61047,21.02214],[106.61077,21.02096],[106.61139,21.02054],[106.60268,21.01659],[106.60049,21.01659],[106.59603,21.01788],[106.59451,21.0178],[106.59276,21.01693],[106.59151,21.01548],[106.59012,21.01473],[106.5883,21.01484],[106.58194,21.01647],[106.57921,21.01654],[106.57778,21.01551],[106.57537,21.01155],[106.57335,21.01074],[106.57161,21.011],[106.56967,21.01228],[106.56861,21.0139],[106.56774,21.01727],[106.5672,21.01827],[106.56633,21.01918],[106.56539,21.01931],[106.56469,21.01884],[106.56428,21.01783],[106.56345,21.01144],[106.56164,21.00955],[106.558,21.0074],[106.55672,21.00373],[106.55612,21.0028],[106.55315,21.00715],[106.55122,21.00892],[106.54674,21.01162],[106.54157,21.01627],[106.53079,21.02318],[106.52621,21.02751],[106.52429,21.0289],[106.5182,21.03229],[106.50649,21.03421],[106.50445,21.03555],[106.50277,21.03758],[106.49945,21.04478],[106.4991,21.05518],[106.49917,21.05632],[106.49965,21.05734],[106.50374,21.05652],[106.50608,21.05794],[106.50936,21.05877],[106.5105,21.05877],[106.5126,21.05811],[106.51668,21.06017],[106.51729,21.06008],[106.51768,21.05964],[106.51758,21.05808]]]]}},
{"type":"Feature","id":"10726","properties":{"Ward_Code":"10726","Ward_Code_Num":10726,"Ward":"Phạm Sư Mạnh","Ward_Alt":"Phạm Sư Mạnh","Ward_Upper":"PHẠM SƯ MẠNH","Ward_Full":"Phường Phạm Sư Mạnh","Ward_Full_Alt":"Phường Phạm Sư Mạnh","Ward_Full_Upper_Alt":"PHƯỜNG PHẠM SƯ MẠNH","Ward_Type":"Phường","Province_Code":"31","Province":"Hải Phòng","Province_Upper_Alt":"HẢI PHÒNG"},"geometry":{"type":"MultiPolygon","coordinates":[[[[106.49762,21.0445],[106.49945,21.04478],[106.50206,21.03865],[106.50441,21.03559],[106.50594,21.03446],[106.50742,21.03386],[106.51091,21.03364],[106.51694,21.03264],[106.52009,21.03146],[106.52547,21.02809],[106.53079,21.02318],[106.54157,21.01627],[106.54674,21.01162],[106.55057,21.00942],[106.5523,21.0079],[106.54992,21.00645],[106.54734,21.006],[106.5461,21.00414],[106.54492,21.00524],[106.5428,21.00296],[106.54205,21.00121],[106.54193,20.99985],[106.54158,21.00014],[106.54043,20.99905],[106.54066,20.99822],[106.54154,20.99686],[106.54211,20.99678],[106.54325,20.99726],[106.54545,20.99536],[106.54454,20.99456],[106.54416,20.9946],[106.54306,20.99582],[106.54143,20.99638],[106.54098,20.99626],[106.54063,20.99545],[106.54104,20.99193],[106.54066,20.99092],[106.53992,20.99021],[106.5386,20.99004],[106.53751,20.99053],[106.53735,20.99109],[106.53554,20.99166],[106.5339,20.99287],[106.5311,20.99382],[106.52932,20.99403],[106.52578,20.9954],[106.52419,20.99718],[106.52228,20.99815],[106.51932,20.99902],[106.517,21.00023],[106.50848,21.00302],[106.5069,21.00385],[106.50026,21.00589],[106.49617,21.00771],[106.49552,21.0083],[106.4946,21.00844],[106.49479,21.00909],[106.49282,21.01379],[106.49088,21.01412],[106.48688,21.01568],[106.4863,21.01631],[106.4861,21.01754],[106.48425,21.01918],[106.48238,21.0218],[106.48051,21.02284],[106.47923,21.02264],[106.4787,21.02426],[106.47662,21.02527],[106.4801,21.03337],[106.47811,21.03484],[106.47894,21.03604],[106.48,21.03558],[106.48134,21.03573],[106.48186,21.03524],[106.48346,21.03622],[106.48382,21.03865],[106.4833,21.03985],[106.48251,21.04019],[106.48242,21.04129],[106.48308,21.04168],[106.48432,21.0417],[106.48561,21.04075],[106.4864,21.03964],[106.487,21.03959],[106.48753,21.04069],[106.4859,21.04186],[106.48578,21.04243],[106.48612,21.04274],[106.48674,21.04269],[106.48764,21.04158],[106.4898,21.04201],[106.48995,21.04261],[106.48935,21.04454],[106.48961,21.04504],[106.49028,21.04499],[106.49163,21.04386],[106.49482,21.04551],[106.49556,21.04535],[106.4962,21.04473],[106.49762,21.0445]]]]}},
{"type":"Feature","id":"10729","properties":{"Ward_Code":"10729","Ward_Code_Num":10729,"Ward":"Trần Liễu","Ward_Alt":"Trần Liễu","Ward_Upper":"TRẦN LIỄU","Ward_Full":"Phường Trần Liễu","Ward_Full_Alt":"Phường Trần Liễu","Ward_Full_Upper_Alt":"PHƯỜNG TRẦN LIỄU","Ward_Type":"Phường","Province_Code":"31","Province":"Hải Phòng","Province_Upper_Alt":"HẢI PHÒNG"},"geometry":{"type":"MultiPolygon","coordinates":[[[[106.45174,21.03522],[106.45279,21.03534],[106.45405,21.03456],[106.45531,21.03438],[106.45962,21.03243],[106.46332,21.03124],[106.46473,21.0313],[106.46567,21.03081],[106.46873,21.0303],[106.47351,21.02744],[106.47498,21.0262],[106.4786,21.02436],[106.47923,21.02264],[106.48051,21.02284],[106.48238,21.0218],[106.48425,21.01918],[106.4861,21.01754],[106.4863,21.01631],[106.48688,21.01568],[106.49088,21.01412],[106.49282,21.01379],[106.49479,21.00909],[106.4946,21.00844],[106.49552,21.0083],[106.49617,21.00771],[106.50026,21.00589],[106.5069,21.00385],[106.50848,21.00302],[106.517,21.00023],[106.51932,20.99902],[106.52228,20.99815],[106.52419,20.99718],[106.52578,20.9954],[106.52932,20.99403],[106.5311,20.99382],[106.53363,20.99298],[106.53554,20.99166],[106.53735,20.99109],[106.53755,20.99024],[106.53591,20.99072],[106.53537,20.99041],[106.53302,20.99084],[106.53272,20.98945],[106.53326,20.98909],[106.53303,20.98876],[106.53517,20.98807],[106.53452,20.98619],[106.53493,20.98604],[106.53429,20.98407],[106.53481,20.9838],[106.53383,20.9812],[106.5354,20.98014],[106.5332,20.97864],[106.52927,20.9773],[106.52606,20.97467],[106.5218,20.97258],[106.51943,20.9729],[106.51765,20.97273],[106.51634,20.97329],[106.51734,20.97443],[106.51754,20.97534],[106.51649,20.97772],[106.51087,20.98271],[106.50762,20.98408],[106.50627,20.98407],[106.50496,20.9836],[106.50033,20.97987],[106.49715,20.97819],[106.49346,20.97724],[106.491,20.97774],[106.49036,20.9783],[106.48982,20.9795],[106.48963,20.98374],[106.48874,20.98494],[106.47949,20.98911],[106.47754,20.99066],[106.47251,20.99242],[106.47231,20.99547],[106.47111,21.00025],[106.47049,21.00147],[106.47182,21.00252],[106.47174,21.00311],[106.47138,21.00358],[106.4697,21.00424],[106.46853,21.00516],[106.46799,21.00499],[106.46728,21.0067],[106.46746,21.00842],[106.46872,21.0126],[106.46818,21.01426],[106.46715,21.01485],[106.46659,21.01491],[106.46629,21.0146],[106.46669,21.01145],[106.46651,21.01003],[106.46601,21.00916],[106.46483,21.00869],[106.46313,21.00906],[106.45929,21.01486],[106.45886,21.01634],[106.45874,21.01976],[106.45789,21.02012],[106.45716,21.02001],[106.45221,21.01737],[106.45135,21.01874],[106.45236,21.01882],[106.45311,21.0196],[106.45338,21.02064],[106.45263,21.02234],[106.45049,21.02371],[106.44675,21.02466],[106.44596,21.02522],[106.44545,21.02603],[106.44653,21.02739],[106.44686,21.0273],[106.44668,21.02656],[106.44717,21.02645],[106.45119,21.03619],[106.45174,21.03522]]]]}},
{"type":"Feature","id":"10744","properties":{"Ward_Code":"10744","Ward_Code_Num":10744,"Ward":"Nguyễn Đại Năng","Ward_Alt":"Nguyễn Đại Năng","Ward_Upper":"NGUYỄN ĐẠI NĂNG","Ward_Full":"Phường Nguyễn Đại Năng","Ward_Full_Alt":"Phường Nguyễn Đại Năng","Ward_Full_Upper_Alt":"PHƯỜNG NGUYỄN ĐẠI NĂNG","Ward_Type":"Phường","Province_Code":"31","Province":"Hải Phòng","Province_Upper_Alt":"HẢI PHÒNG"},"geometry":{"type":"MultiPolygon","coordinates":[[[[106.56364,20.98421],[106.56437,20.98205],[106.56574,20.98035],[106.56779,20.97894],[106.576,20.97623],[106.58285,20.97494],[106.58471,20.97398],[106.58556,20.97256],[106.58468,20.96441],[106.58553,20.96041],[106.5868,20.95887],[106.591,20.95529],[106.59251,20.95316],[106.59275,20.95188],[106.59128,20.94659],[106.58892,20.94468],[106.58764,20.9432],[106.58493,20.93867],[106.58409,20.9365],[106.58182,20.93319],[106.58032,20.9317],[106.57806,20.93064],[106.57599,20.9304],[106.57369,20.93099],[106.57118,20.93288],[106.5703,20.93463],[106.57032,20.93553],[106.57105,20.93719],[106.57553,20.93995],[106.57762,20.94173],[106.57851,20.94328],[106.57877,20.94506],[106.57858,20.94588],[106.57757,20.94775],[106.57574,20.94945],[106.57327,20.95104],[106.57146,20.95174],[106.5693,20.95176],[106.56799,20.95093],[106.56754,20.94952],[106.56844,20.94502],[106.5687,20.94181],[106.56833,20.93932],[106.56697,20.9365],[106.56515,20.93468],[106.56112,20.93236],[106.55917,20.93179],[106.55718,20.9318],[106.55632,20.93232],[106.55553,20.93382],[106.55623,20.94084],[106.55542,20.94764],[106.55499,20.9482],[106.55323,20.94851],[106.54921,20.94673],[106.54772,20.94676],[106.5469,20.94712],[106.5461,20.94834],[106.54645,20.9499],[106.54794,20.95304],[106.54798,20.95487],[106.54751,20.95686],[106.5469,20.95817],[106.54539,20.95937],[106.54373,20.95966],[106.54227,20.95874],[106.5418,20.95934],[106.54077,20.96382],[106.5437,20.9647],[106.54402,20.9653],[106.54526,20.96488],[106.54572,20.96618],[106.54762,20.96564],[106.54824,20.9659],[106.54896,20.96771],[106.54966,20.96722],[106.5513,20.96915],[106.55197,20.96942],[106.55268,20.96906],[106.55401,20.97189],[106.55519,20.97346],[106.56058,20.97928],[106.55965,20.98052],[106.56061,20.98128],[106.56052,20.98435],[106.56174,20.984],[106.56171,20.98446],[106.56356,20.98459],[106.56364,20.98421]]]]}},
{"type":"Feature","id":"10750","properties":{"Ward_Code":"10750","Ward_Code_Num":10750,"Ward":"Phú Thái","Ward_Alt":"Phú Thái","Ward_Upper":"PHÚ THÁI","Ward_Full":"Xã Phú Thái","Ward_Full_Alt":"Xã Phú Thái","Ward_Full_Upper_Alt":"XÃ PHÚ THÁI","Ward_Type":"Xã","Province_Code":"31","Province":"Hải Phòng","Province_Upper_Alt":"HẢI PHÒNG"},"geometry":{"type":"MultiPolygon","coordinates":[[[[106.49219,20.9773],[106.49346,20.97724],[106.49742,20.9783],[106.50033,20.97987],[106.50496,20.9836],[106.5067,20.98413],[106.50821,20.98394],[106.51087,20.98271],[106.51266,20.98138],[106.5158,20.97852],[106.51744,20.97584],[106.51751,20.97489],[106.51669,20.97358],[106.51247,20.9712],[106.51206,20.9698],[106.5126,20.96869],[106.51364,20.96826],[106.51544,20.968139999999998],[106.5171,20.96852],[106.5209,20.9701],[106.52247,20.96998],[106.52426,20.96857],[106.52561,20.96588],[106.52624,20.96357],[106.52706,20.96304],[106.52913,20.96331],[106.53307,20.96601],[106.53408,20.96612],[106.53538,20.96564],[106.53626,20.96441],[106.53681,20.96228],[106.5364,20.95546],[106.53673,20.95439],[106.53748,20.95375],[106.53883,20.95362],[106.53995,20.95445],[106.54227,20.95874],[106.54324,20.95953],[106.54424,20.95968],[106.54539,20.95937],[106.5469,20.95817],[106.54773,20.95622],[106.54794,20.95304],[106.54645,20.9499],[106.5461,20.94834],[106.54442,20.94595],[106.54464,20.94562],[106.5433,20.94434],[106.54392,20.94366],[106.54296,20.93735],[106.54124,20.94002],[106.53973,20.94023],[106.53576,20.9394],[106.53261,20.93781],[106.53172,20.93685],[106.5317,20.93565],[106.53298,20.93415],[106.53384,20.93384],[106.53636,20.93392],[106.53753,20.93279],[106.53757,20.93058],[106.536,20.92766],[106.53442,20.927],[106.53007,20.92669],[106.52709,20.92682],[106.52512,20.92749],[106.52442,20.92792],[106.52377,20.92901],[106.52416,20.92994],[106.52579,20.93182],[106.52519,20.93244],[106.52399,20.93214],[106.52194,20.93013],[106.52082,20.92956],[106.51879,20.92915],[106.51631,20.92978],[106.51541,20.9311],[106.51561,20.9322],[106.51624,20.93295],[106.51935,20.93432],[106.51963,20.9354],[106.51945,20.93682],[106.51868,20.93847],[106.51659,20.94101],[106.51441,20.9431],[106.51301,20.94386],[106.50922,20.9437],[106.508,20.94295],[106.50721,20.94137],[106.50738,20.93814],[106.50468,20.93885],[106.50369,20.93967],[106.50187,20.94017],[106.50131,20.94149],[106.49896,20.94351],[106.50092,20.94574],[106.50069,20.94602],[106.50118,20.94644],[106.50041,20.94723],[106.50012,20.94688],[106.49958,20.94737],[106.50002,20.94807],[106.49599,20.95315],[106.49724,20.95363],[106.49779,20.95446],[106.49705,20.9584],[106.49544,20.95915],[106.49362,20.96109],[106.49237,20.96096],[106.49175,20.95977],[106.49195,20.95866],[106.49297,20.95694],[106.4928,20.95589],[106.48935,20.95423],[106.48786,20.95144],[106.48738,20.95108],[106.48675,20.95142],[106.48584,20.95552],[106.48434,20.95809],[106.48452,20.95845],[106.48499,20.9585],[106.48815,20.95722],[106.48956,20.95764],[106.49021,20.95839],[106.49112,20.96054],[106.49027,20.96221],[106.48936,20.96315],[106.48851,20.96353],[106.48719,20.96319],[106.48547,20.96172],[106.485,20.96171],[106.48412,20.96267],[106.48333,20.96201],[106.48243,20.96179],[106.48098,20.96222],[106.47966,20.96312],[106.47929,20.96554],[106.47886,20.96633],[106.47756,20.96658],[106.47636,20.965699999999998],[106.47599,20.96291],[106.4765,20.96014],[106.47637,20.95889],[106.47424,20.95527],[106.47373,20.95384],[106.47447,20.95029],[106.46438,20.95166],[106.45798,20.95203],[106.45845,20.95253],[106.45891,20.95404],[106.46112,20.96291],[106.46055,20.96291],[106.46074,20.96491],[106.46041,20.96497],[106.46101,20.96636],[106.46074,20.96649],[106.46088,20.96718],[106.46035,20.96734],[106.46051,20.96918],[106.46238,20.96965],[106.46248,20.97026],[106.46349,20.97131],[106.46059,20.97367],[106.46037,20.97463],[106.46138,20.97618],[106.46178,20.976],[106.46219,20.97496],[106.46293,20.97491],[106.46308,20.97542],[106.46215,20.97626],[106.46212,20.97668],[106.46264,20.97689],[106.46375,20.97657],[106.46416,20.9768],[106.46425,20.97821],[106.46476,20.97878],[106.46391,20.97959],[106.46399,20.98072],[106.46644,20.98078],[106.46666,20.98017],[106.46765,20.97986],[106.46784,20.97828],[106.46842,20.97847],[106.46864,20.97808],[106.46949,20.97842],[106.47254,20.97807],[106.47226,20.97703],[106.47238,20.97552],[106.47259,20.97506],[106.47312,20.97525],[106.47281,20.97624],[106.47342,20.97774],[106.47465,20.97945],[106.47608,20.98072],[106.47792,20.98517],[106.47954,20.98742],[106.4797,20.98901],[106.48874,20.98494],[106.48947,20.98427],[106.48982,20.9795],[106.49036,20.9783],[106.49219,20.9773]]]]}},
{"type":"Feature","id":"10756","properties":{"Ward_Code":"10756","Ward_Code_Num":10756,"Ward":"Lai Khê","Ward_Alt":"Lai Khê","Ward_Upper":"LAI KHÊ","Ward_Full":"Xã Lai Khê","Ward_Full_Alt":"Xã Lai Khê","Ward_Full_Upper_Alt":"XÃ LAI KHÊ","Ward_Type":"Xã","Province_Code":"31","Province":"Hải Phòng","Province_Upper_Alt":"HẢI PHÒNG"},"geometry":{"type":"MultiPolygon","coordinates":[[[[106.4224,20.99791],[106.42332,20.99781],[106.42703,20.99872],[106.42892,20.99886],[106.43073,20.99834],[106.43215,20.99657],[106.43351,20.99571],[106.4414,20.99413],[106.44793,20.99398],[106.44882,20.99132],[106.44931,20.98641],[106.45034,20.98564],[106.45108,20.98597],[106.4521,20.98812],[106.45255,20.99018],[106.45266,20.99286],[106.45318,20.99456],[106.45399,20.99553],[106.45556,20.99607],[106.45708,20.99594],[106.45794,20.99549],[106.46126,20.99223],[106.46343,20.99135],[106.46453,20.99129],[106.47007,20.99253],[106.47245,20.99259],[106.47754,20.99066],[106.4797,20.98901],[106.47959,20.98759],[106.47792,20.98517],[106.47608,20.98072],[106.4736,20.9781],[106.47281,20.97624],[106.47312,20.97525],[106.47259,20.97506],[106.47238,20.97552],[106.47226,20.97703],[106.47254,20.97807],[106.46949,20.97842],[106.46864,20.97808],[106.46842,20.97847],[106.46784,20.97828],[106.46765,20.97986],[106.46666,20.98017],[106.46644,20.98078],[106.46399,20.98072],[106.46391,20.97959],[106.46476,20.97878],[106.46425,20.97821],[106.46416,20.9768],[106.46354,20.97656],[106.46247,20.9769],[106.46208,20.97653],[106.46304,20.9755],[106.46293,20.97491],[106.46219,20.97496],[106.46168,20.9761],[106.46096,20.97588],[106.46037,20.97463],[106.46051,20.97378],[106.46349,20.97131],[106.46248,20.97026],[106.46238,20.96965],[106.46051,20.96918],[106.46035,20.96734],[106.46088,20.96718],[106.46074,20.96649],[106.46101,20.96636],[106.46041,20.96497],[106.46074,20.96491],[106.46055,20.96291],[106.46112,20.96291],[106.45891,20.95404],[106.45845,20.95253],[106.45798,20.95203],[106.44241,20.95387],[106.43342,20.95543],[106.42274,20.95623],[106.42159,20.95666],[106.41999,20.95772],[106.41759,20.96189],[106.41676,20.96557],[106.41636,20.96969],[106.41546,20.97142],[106.41378,20.97327],[106.41269,20.97398],[106.40932,20.97527],[106.40455,20.97497],[106.39791,20.9723],[106.39005,20.96994],[106.38897,20.96996],[106.38842,20.97035],[106.38754,20.97286],[106.38877,20.98125],[106.38786,20.98628],[106.38891,20.98954],[106.38966,20.99059],[106.39219,20.99176],[106.40477,20.99278],[106.40902,20.99368],[106.4105,20.99478],[106.4103,20.99653],[106.41078,20.99712],[106.41312,20.9979],[106.41637,21.00029],[106.41809,21.00109],[106.41894,21.00107],[106.42014,21.00035],[106.4224,20.99791]]]]}},
{"type":"Feature","id":"10792","properties":{"Ward_Code":"10792","Ward_Code_Num":10792,"Ward":"An Thành","Ward_Alt":"An Thành","Ward_Upper":"AN THÀNH","Ward_Full":"Xã An Thành","Ward_Full_Alt":"Xã An Thành","Ward_Full_Upper_Alt":"XÃ AN THÀNH","Ward_Type":"Xã","Province_Code":"31","Province":"Hải Phòng","Province_Upper_Alt":"HẢI PHÒNG"},"geometry":{"type":"MultiPolygon","coordinates":[[[[106.48187,20.9619],[106.48307,20.96189],[106.48412,20.96267],[106.485,20.96171],[106.48547,20.96172],[106.48719,20.96319],[106.48819,20.96355],[106.48936,20.96315],[106.49057,20.96176],[106.49101,20.96021],[106.49021,20.95839],[106.48904,20.95735],[106.48771,20.95727],[106.48543,20.95837],[106.48439,20.95832],[106.48443,20.95775],[106.48584,20.95552],[106.48659,20.9516],[106.48738,20.95108],[106.48847,20.95222],[106.48935,20.95423],[106.4928,20.95589],[106.49297,20.95694],[106.49177,20.9593],[106.49182,20.96015],[106.49237,20.96096],[106.49362,20.96109],[106.49544,20.95915],[106.49705,20.9584],[106.49779,20.95446],[106.49724,20.95363],[106.49599,20.95315],[106.50002,20.94807],[106.49958,20.94737],[106.50012,20.94688],[106.50041,20.94723],[106.50118,20.94644],[106.50069,20.94602],[106.50092,20.94574],[106.49896,20.94351],[106.50131,20.94149],[106.5016,20.94046],[106.5022,20.93991],[106.5033,20.93982],[106.50468,20.93885],[106.50738,20.93814],[106.50721,20.94137],[106.50756,20.94237],[106.50839,20.9433],[106.50922,20.9437],[106.51229,20.94398],[106.51348,20.94367],[106.51472,20.94285],[106.51798,20.93945],[106.51901,20.9379],[106.51953,20.93643],[106.51935,20.93432],[106.51624,20.93295],[106.51561,20.9322],[106.51552,20.93072],[106.51667,20.92955],[106.51879,20.92915],[106.52082,20.92956],[106.52194,20.93013],[106.52399,20.93214],[106.52519,20.93244],[106.52579,20.93182],[106.52416,20.92994],[106.52377,20.92901],[106.52442,20.92792],[106.52512,20.92749],[106.52709,20.92682],[106.53007,20.92669],[106.53536,20.92725],[106.53646,20.92818],[106.53724,20.92971],[106.53768,20.93103],[106.53762,20.93257],[106.53718,20.93336],[106.53636,20.93392],[106.53384,20.93384],[106.53298,20.93415],[106.5317,20.93565],[106.53172,20.93685],[106.53261,20.93781],[106.53576,20.9394],[106.53973,20.94023],[106.54124,20.94002],[106.54296,20.93735],[106.54348,20.93536],[106.54206,20.93232],[106.54194,20.93011],[106.54259,20.92888],[106.54432,20.92731],[106.54249,20.92469],[106.54238,20.92348],[106.54292,20.92279],[106.54376,20.92252],[106.54628,20.92303],[106.54784,20.92246],[106.54859,20.92127],[106.54829,20.91964],[106.54764,20.91913],[106.54681,20.91911],[106.54612,20.91953],[106.54495,20.92142],[106.54439,20.92182],[106.54293,20.922],[106.54186,20.92169],[106.54074,20.92064],[106.54094,20.91894],[106.54069,20.91851],[106.53904,20.91772],[106.53634,20.91769],[106.53541,20.91715],[106.53452,20.9154],[106.53403,20.91253],[106.53303,20.9118],[106.53207,20.912],[106.53112,20.91268],[106.53026,20.91488],[106.52962,20.91558],[106.52782,20.9155],[106.52475,20.9167],[106.52018,20.91788],[106.51958,20.91645],[106.51966,20.9158],[106.52094,20.9153],[106.52161,20.91458],[106.52165,20.91406],[106.52085,20.91342],[106.51984,20.91393],[106.51855,20.91391],[106.51706,20.913],[106.51571,20.91361],[106.51561,20.91492],[106.51369,20.91621],[106.51111,20.91543],[106.51122,20.91511],[106.51018,20.91447],[106.50974,20.91509],[106.51019,20.91534],[106.50943,20.91603],[106.50946,20.9165],[106.50788,20.91648],[106.50733,20.91597],[106.50597,20.91728],[106.50433,20.91664],[106.50407,20.91586],[106.50324,20.91643],[106.50302,20.91611],[106.50261,20.91619],[106.5022,20.9151],[106.5017,20.91526],[106.50138,20.91498],[106.50119,20.9129],[106.49935,20.91207],[106.49945,20.91125],[106.49817,20.90946],[106.49847,20.90865],[106.5,20.90772],[106.49983,20.90706],[106.49924,20.90697],[106.49696,20.90806],[106.496,20.90783],[106.49564,20.90732],[106.49568,20.90673],[106.49728,20.90575],[106.49731,20.90508],[106.49631,20.9045],[106.49564,20.90458],[106.49492,20.90661],[106.49436,20.90676],[106.49402,20.90619],[106.49445,20.90371],[106.49301,20.90125],[106.49215,20.9006],[106.49087,20.90022],[106.48993,20.90054],[106.4886,20.90156],[106.48669,20.90154],[106.48628,20.90126],[106.48632,20.90057],[106.48796,20.89949],[106.48812,20.89891],[106.48712,20.89824],[106.4857,20.89828],[106.48461,20.89899],[106.48291999999999,20.90296],[106.48246,20.90318],[106.48048,20.90254],[106.47679,20.9103],[106.47561,20.91354],[106.47484,20.91935],[106.47535,20.92298],[106.47621,20.92518],[106.47861,20.92816],[106.48437,20.93324],[106.48578,20.93517],[106.48661,20.93791],[106.4866,20.94074],[106.4859,20.94246],[106.48437,20.9446],[106.48206,20.94688],[106.48044,20.94798],[106.47627,20.94984],[106.47447,20.95029],[106.47394,20.95232],[106.47382,20.95427],[106.47637,20.95889],[106.4765,20.96014],[106.47599,20.96291],[106.47636,20.965699999999998],[106.47756,20.96658],[106.47886,20.96633],[106.47929,20.96554],[106.47966,20.96312],[106.48187,20.9619]]]]}},
{"type":"Feature","id":"10804","properties":{"Ward_Code":"10804","Ward_Code_Num":10804,"Ward":"Kim Thành","Ward_Alt":"Kim Thành","Ward_Upper":"KIM THÀNH","Ward_Full":"Xã Kim Thành","Ward_Full_Alt":"Xã Kim Thành","Ward_Full_Upper_Alt":"XÃ KIM THÀNH","Ward_Type":"Xã","Province_Code":"31","Province":"Hải Phòng","Province_Upper_Alt":"HẢI PHÒNG"},"geometry":{"type":"MultiPolygon","coordinates":[[[[106.52782,20.9155],[106.52735,20.91487],[106.52809,20.91262],[106.52805,20.91072],[106.52838,20.90928],[106.52716,20.90832],[106.52723,20.90749],[106.52897,20.90683],[106.53138,20.90666],[106.53152,20.90613],[106.53081,20.9049],[106.53102,20.90457],[106.53172,20.90465],[106.53303,20.90554],[106.5336,20.90546],[106.53408,20.90476],[106.53362,20.90358],[106.5337,20.9027],[106.53616,20.90106],[106.53834,20.90097],[106.54016,20.90032],[106.5401,20.89974],[106.53815,20.89893],[106.5381,20.89808],[106.53866,20.8977],[106.54126,20.89772],[106.54134,20.89676],[106.54022,20.89514],[106.54013,20.89432],[106.54083,20.89375],[106.54311,20.89372],[106.54378,20.8932],[106.54381,20.89237],[106.54298,20.89137],[106.54052,20.89082],[106.54064,20.88908],[106.53948,20.88821],[106.53931,20.88762],[106.53958,20.88701],[106.54171,20.88482],[106.54368,20.88573],[106.54528,20.88578],[106.54716,20.88541],[106.54829,20.88426],[106.54808,20.88348],[106.54706,20.88265],[106.54728,20.88138],[106.54586,20.88113],[106.54442,20.8797],[106.54418,20.8789],[106.54501,20.87836],[106.54785,20.87895],[106.54886,20.87883],[106.5511,20.87741],[106.55307,20.8767],[106.55272,20.87373],[106.55045,20.87297],[106.55009,20.87114],[106.54962,20.87032],[106.54872,20.87008],[106.54799,20.8692],[106.54676,20.86863],[106.54416,20.86908],[106.54211,20.8689],[106.53741,20.86765],[106.53588,20.86682],[106.53498,20.86576],[106.53456,20.86465],[106.53438,20.86002],[106.53316,20.8564],[106.53131,20.85374],[106.52758,20.85137],[106.52565,20.85134],[106.52477,20.85164],[106.52329,20.85313],[106.52322,20.85437],[106.52514,20.86165],[106.52424,20.86279],[106.52309,20.86324],[106.52149,20.86308],[106.51922,20.86216],[106.51696,20.86199],[106.51489,20.86232],[106.51062,20.86387],[106.50698,20.86367],[106.50522,20.86244],[106.50424,20.86133],[106.50368,20.85975],[106.50316,20.85613],[106.50245,20.85422],[106.50067,20.85286],[106.49928,20.85298],[106.49865,20.85389],[106.4988,20.85641],[106.49849,20.85927],[106.49444,20.86672],[106.49342,20.86742],[106.49104,20.86745],[106.48574,20.86542],[106.48384,20.86832],[106.4836,20.8694],[106.48305,20.86931],[106.48157,20.86806],[106.48111,20.86816],[106.48082,20.86877],[106.48029,20.86882],[106.47694,20.87582],[106.47681,20.87624],[106.48078,20.8816],[106.4847,20.88974],[106.48516,20.89162],[106.48512,20.89347],[106.48443,20.89536],[106.48048,20.90254],[106.48272,20.90312],[106.48461,20.89899],[106.48607,20.89814],[106.48712,20.89824],[106.48816,20.89908],[106.48632,20.90057],[106.48628,20.90126],[106.48669,20.90154],[106.4886,20.90156],[106.49059,20.90025],[106.49215,20.9006],[106.49331,20.90158],[106.49445,20.90371],[106.49403,20.90592],[106.49418,20.90662],[106.49486,20.90669],[106.49546,20.90477],[106.49631,20.9045],[106.49746,20.90539],[106.49568,20.90673],[106.49564,20.90732],[106.496,20.90783],[106.49696,20.90806],[106.49924,20.90697],[106.49983,20.90706],[106.4999,20.90785],[106.49871,20.90843],[106.49814,20.90924],[106.49945,20.91125],[106.49935,20.91207],[106.50119,20.9129],[106.50138,20.91498],[106.5017,20.91526],[106.5022,20.9151],[106.50261,20.91619],[106.50302,20.91611],[106.50324,20.91643],[106.50407,20.91586],[106.50433,20.91664],[106.50587,20.91727],[106.5063,20.91717],[106.50733,20.91597],[106.50788,20.91648],[106.50946,20.9165],[106.50943,20.91603],[106.51019,20.91534],[106.50974,20.91509],[106.51018,20.91447],[106.51122,20.91511],[106.51111,20.91543],[106.51369,20.91621],[106.51561,20.91492],[106.51561,20.91374],[106.51694,20.91299],[106.51855,20.91391],[106.51984,20.91393],[106.52085,20.91342],[106.52165,20.91406],[106.52161,20.91458],[106.52094,20.9153],[106.51966,20.9158],[106.51999,20.91788],[106.52475,20.9167],[106.52782,20.9155]]]]}},
{"type":"Feature","id":"10813","properties":{"Ward_Code":"10813","Ward_Code_Num":10813,"Ward":"Thanh Hà","Ward_Alt":"Thanh Hà","Ward_Upper":"THANH HÀ","Ward_Full":"Xã Thanh Hà","Ward_Full_Alt":"Xã Thanh Hà","Ward_Full_Upper_Alt":"XÃ THANH HÀ","Ward_Type":"Xã","Province_Code":"31","Province":"Hải Phòng","Province_Upper_Alt":"HẢI PHÒNG"},"geometry":{"type":"MultiPolygon","coordinates":[[[[106.44181,20.90736],[106.4457,20.90884],[106.45014,20.91146],[106.45234,20.91225],[106.45664,20.91231],[106.45924,20.91148],[106.46186,20.90986],[106.46258,20.90862],[106.46278,20.90486],[106.46232,20.90298],[106.46001,20.89878],[106.45916,20.8964],[106.45896,20.89399],[106.45923,20.8903],[106.4601,20.88817],[106.46462,20.88024],[106.46374,20.87996],[106.46274,20.87899],[106.46208,20.87762],[106.46121,20.87402],[106.45761,20.87029],[106.45747,20.86951],[106.45662,20.86923],[106.45557,20.868],[106.45404,20.86545],[106.45313,20.86268],[106.45288,20.86086],[106.4513,20.85986],[106.44679,20.86026],[106.44464,20.85992],[106.44313,20.859],[106.44209,20.85758],[106.44186,20.85406],[106.4407,20.85008],[106.43771,20.84604],[106.43505999999999,20.84501],[106.43368,20.84727],[106.43256,20.84663],[106.43248,20.84686],[106.43113,20.84643],[106.43004,20.8514],[106.42819,20.85101],[106.42806,20.85152],[106.42738,20.85129],[106.42752,20.85084],[106.42626,20.85051],[106.4267,20.85271],[106.42679,20.85543],[106.42761,20.85756],[106.42906,20.85993],[106.42879,20.86104],[106.42749,20.86159],[106.42309,20.86132],[106.42224,20.86165],[106.42184,20.86221],[106.42192,20.86306],[106.42283,20.86391],[106.42547,20.86435],[106.42534,20.86945],[106.42495,20.87045],[106.42595,20.87387],[106.42561,20.87478],[106.42442,20.87597],[106.42342,20.87629],[106.42063,20.87575],[106.41847,20.8759],[106.41658,20.87713],[106.41591,20.87816],[106.4159,20.87952],[106.41642,20.88017],[106.41707,20.88036],[106.42036,20.87913],[106.42252,20.87914],[106.42329,20.87991],[106.42402,20.88288],[106.42374,20.88393],[106.4231,20.88445],[106.41899,20.88634],[106.41748,20.88652],[106.41804,20.88806],[106.4175,20.88937],[106.4169,20.88994],[106.41636,20.89159],[106.41492,20.89105],[106.41331,20.89326],[106.41353,20.89425],[106.41431,20.89493],[106.41689,20.89546],[106.4168,20.89746],[106.41463,20.89693],[106.41464,20.89732],[106.41294,20.89837],[106.41417,20.89968],[106.41472,20.89887],[106.41553,20.90004],[106.41691,20.89749],[106.41784,20.8976],[106.4191,20.89885],[106.41887,20.89949],[106.41533,20.90273],[106.41532,20.90443],[106.4168,20.90528],[106.41917,20.90511],[106.41964,20.90617],[106.4191,20.90677],[106.4178,20.90723],[106.41694,20.90732],[106.41561,20.90691],[106.4146,20.90712],[106.41433,20.90818],[106.41588,20.90998],[106.41537,20.91139],[106.41491,20.91175],[106.41305,20.91176],[106.40959,20.91401],[106.41093,20.91426],[106.41319,20.91312],[106.41601,20.91309],[106.41666,20.91454],[106.41662,20.91562],[106.41461,20.91829],[106.41949,20.92066],[106.42138,20.92095],[106.4229,20.92074],[106.42438,20.92011],[106.42527,20.919],[106.42583,20.9173],[106.4255,20.9137],[106.42565,20.91193],[106.42592,20.91123],[106.42793,20.90929],[106.43026,20.90792],[106.43398,20.90691],[106.43784,20.9067],[106.44181,20.90736]]]]}},
{"type":"Feature","id":"10816","properties":{"Ward_Code":"10816","Ward_Code_Num":10816,"Ward":"Hà Bắc","Ward_Alt":"Hà Bắc","Ward_Upper":"HÀ BẮC","Ward_Full":"Xã Hà Bắc","Ward_Full_Alt":"Xã Hà Bắc","Ward_Full_Upper_Alt":"XÃ HÀ BẮC","Ward_Type":"Xã","Province_Code":"31","Province":"Hải Phòng","Province_Upper_Alt":"HẢI PHÒNG"},"geometry":{"type":"MultiPolygon","coordinates":[[[[106.41636,20.96969],[106.41732,20.96257],[106.41894,20.95924],[106.41999,20.95772],[106.42098,20.95699],[106.42274,20.95623],[106.43342,20.95543],[106.44241,20.95387],[106.44179,20.95312],[106.44226,20.95102],[106.44172,20.94904],[106.43922,20.94905],[106.4386,20.94878],[106.43917,20.94678],[106.43824,20.94653],[106.43864,20.94555],[106.4379,20.94442],[106.43798,20.94403],[106.43686,20.94363],[106.43621,20.94281],[106.43618,20.94245],[106.4367,20.94225],[106.43773,20.9425],[106.43807,20.94208],[106.43755,20.94],[106.43962,20.93921],[106.44015,20.93753],[106.43981,20.9372],[106.44018,20.9367],[106.43888,20.93554],[106.43832,20.9338],[106.43844,20.93249],[106.43793,20.93152],[106.43899,20.93044],[106.43893,20.92989],[106.43793,20.92953],[106.43723,20.9279],[106.43622,20.92825],[106.43633,20.92546],[106.4382,20.92592],[106.43861,20.92477],[106.43856,20.9233],[106.43769,20.92273],[106.43571,20.92245],[106.43551,20.9198],[106.4369,20.91997],[106.43714,20.91931],[106.43634,20.91852],[106.43446,20.91824],[106.43405,20.91788],[106.43548,20.91606],[106.43423,20.91416],[106.43441,20.91325],[106.43496,20.91299],[106.43649,20.91408],[106.43747,20.91425],[106.44044,20.9126],[106.44148,20.91092],[106.44181,20.90736],[106.43784,20.9067],[106.43398,20.90691],[106.43026,20.90792],[106.42793,20.90929],[106.42592,20.91123],[106.42565,20.91193],[106.4255,20.9137],[106.42583,20.9173],[106.42527,20.919],[106.42438,20.92011],[106.42326,20.92066],[106.42138,20.92095],[106.41949,20.92066],[106.41701,20.91967],[106.4136,20.91775],[106.41131,20.91734],[106.40531,20.91724],[106.39883,20.91757],[106.3974,20.91791],[106.39634,20.91959],[106.39596,20.9233],[106.39601,20.92554],[106.39702,20.92995],[106.39805,20.9322],[106.40352,20.93735],[106.4043,20.9389],[106.4043,20.94031],[106.40334,20.94176],[106.4016,20.94209],[106.39933,20.94085],[106.39567,20.93655],[106.39274,20.93468],[106.39067,20.93457],[106.3894,20.93538],[106.38899,20.93614],[106.38832,20.94022],[106.38525,20.9483],[106.38562,20.94961],[106.38639,20.9507],[106.39121,20.95344],[106.39497,20.95797],[106.39537,20.95976],[106.39434,20.96533],[106.39352,20.96671],[106.38758,20.96774],[106.38429,20.96941],[106.38247,20.97102],[106.3855,20.9736],[106.38761,20.9743],[106.38754,20.97286],[106.38801,20.971],[106.38842,20.97035],[106.38951,20.96989],[106.39791,20.9723],[106.40455,20.97497],[106.40805,20.97538],[106.41101,20.97481],[106.41378,20.97327],[106.41546,20.97142],[106.41636,20.96969]]]]}},
{"type":"Feature","id":"10837","properties":{"Ward_Code":"10837","Ward_Code_Num":10837,"Ward":"Nam Đồng","Ward_Alt":"Nam Đồng","Ward_Upper":"NAM ĐỒNG","Ward_Full":"Phường Nam Đồng","Ward_Full_Alt":"Phường Nam Đồng","Ward_Full_Upper_Alt":"PHƯỜNG NAM ĐỒNG","Ward_Type":"Phường","Province_Code":"31","Province":"Hải Phòng","Province_Upper_Alt":"HẢI PHÒNG"},"geometry":{"type":"MultiPolygon","coordinates":[[[[106.36885,20.96802],[106.36933,20.96773],[106.36886,20.96669],[106.36897,20.9662],[106.37049,20.96484],[106.36786,20.96172],[106.36841,20.9608],[106.36526,20.95879],[106.36238,20.95563],[106.36333,20.95491],[106.36383,20.95535],[106.36626,20.95222],[106.36767,20.95132],[106.36874,20.9496],[106.36998,20.94969],[106.3725,20.94668],[106.37322,20.94531],[106.37148,20.94366],[106.37305,20.94292],[106.37268,20.94118],[106.37295,20.93985],[106.37164,20.93866],[106.37121,20.93784],[106.37104,20.93387],[106.37026,20.93161],[106.37085,20.93068],[106.37281,20.92972],[106.37328,20.92863],[106.37293,20.92795],[106.3715,20.92752],[106.36566,20.92745],[106.37202,20.92048],[106.37474,20.91678],[106.37492,20.9152],[106.37572,20.91509],[106.37667,20.91553],[106.37756,20.9165],[106.37816,20.91778],[106.37874,20.91777],[106.3791,20.91682],[106.37894,20.9158],[106.37628,20.91428],[106.37687,20.91365],[106.37886,20.91323],[106.38107,20.91418],[106.38067,20.91305],[106.37853,20.91224],[106.37852,20.91157],[106.37915,20.91102],[106.38103,20.91102],[106.38212,20.912],[106.38237,20.91316],[106.38181,20.9151],[106.38202,20.91551],[106.38271,20.91554],[106.38448,20.91468],[106.38489,20.91523],[106.38472,20.9167],[106.38513,20.91748],[106.38616,20.91776],[106.38676,20.91707],[106.38682,20.91575],[106.38567,20.91382],[106.38555,20.91096],[106.38569,20.91044],[106.38646,20.91014],[106.38586,20.90926],[106.38689,20.90831],[106.38557,20.90695],[106.38598,20.9059],[106.38384,20.90497],[106.38487,20.90446],[106.38294,20.90103],[106.38114,20.89951],[106.38129,20.89918],[106.38074,20.89871],[106.38139,20.89767],[106.37968,20.89709],[106.37798,20.8982],[106.3765,20.89649],[106.37332,20.89689],[106.37318,20.89527],[106.37649,20.89464],[106.37631,20.89252],[106.37407,20.89328],[106.37114,20.89367],[106.36256,20.89335],[106.35909,20.89432],[106.35579,20.89586],[106.35308,20.8986],[106.346,20.90868],[106.34478,20.91229],[106.34494,20.91596],[106.3456,20.91834],[106.34651,20.92096],[106.35033,20.92898],[106.35294,20.9358],[106.35481,20.94635],[106.35515,20.95143],[106.35579,20.95554],[106.35536,20.95688],[106.35396,20.95831],[106.34944,20.95908],[106.34433,20.95921],[106.34449,20.96032],[106.34419,20.96228],[106.34674,20.96214],[106.34717,20.96394],[106.34912,20.96396],[106.34901,20.96515],[106.34845,20.96562],[106.34844,20.9663],[106.3499,20.96709],[106.35159,20.96649],[106.35127,20.96724],[106.35177,20.96731],[106.3516,20.96848],[106.35264,20.96905],[106.35304,20.96858],[106.35338,20.96883],[106.35416,20.96837],[106.35477,20.96955],[106.35745,20.9717],[106.36019,20.97052],[106.35825,20.96537],[106.35842,20.96478],[106.36009,20.96523],[106.36099,20.9643],[106.36156,20.96423],[106.36482,20.96601],[106.36587,20.96469],[106.36643,20.96445],[106.36717,20.96507],[106.36885,20.96802]]]]}},
{"type":"Feature","id":"10843","properties":{"Ward_Code":"10843","Ward_Code_Num":10843,"Ward":"Hà Nam","Ward_Alt":"Hà Nam","Ward_Upper":"HÀ NAM","Ward_Full":"Xã Hà Nam","Ward_Full_Alt":"Xã Hà Nam","Ward_Full_Upper_Alt":"XÃ HÀ NAM","Ward_Type":"Xã","Province_Code":"31","Province":"Hải Phòng","Province_Upper_Alt":"HẢI PHÒNG"},"geometry":{"type":"MultiPolygon","coordinates":[[[[106.45694,20.95207],[106.46438,20.95166],[106.4729,20.95058],[106.47627,20.94984],[106.48044,20.94798],[106.48308,20.94599],[106.48526,20.94352],[106.4866,20.94074],[106.48661,20.93791],[106.48578,20.93517],[106.48437,20.93324],[106.47861,20.92816],[106.47693,20.9263],[106.47535,20.92298],[106.47487,20.92091],[106.47522,20.91522],[106.47561,20.91354],[106.47817,20.90723],[106.48443,20.89536],[106.48512,20.89347],[106.48516,20.89162],[106.4847,20.88974],[106.48078,20.8816],[106.47948,20.87953],[106.47509,20.87401],[106.47347,20.87139],[106.47164,20.87516],[106.46971,20.87771],[106.46661,20.87996],[106.46579,20.88029],[106.46462,20.88024],[106.4601,20.88817],[106.45923,20.8903],[106.45896,20.89399],[106.45916,20.8964],[106.46001,20.89878],[106.46232,20.90298],[106.46278,20.90486],[106.46258,20.90862],[106.46186,20.90986],[106.45924,20.91148],[106.45664,20.91231],[106.45234,20.91225],[106.45014,20.91146],[106.4457,20.90884],[106.44181,20.90736],[106.44148,20.91092],[106.44044,20.9126],[106.43747,20.91425],[106.43649,20.91408],[106.43496,20.91299],[106.43441,20.91325],[106.43421,20.91396],[106.43549,20.91587],[106.43532,20.91655],[106.43419,20.9175],[106.43409,20.91801],[106.43634,20.91852],[106.43719,20.91957],[106.43679,20.92],[106.43551,20.9198],[106.43565,20.92235],[106.43787,20.92279],[106.43862,20.92358],[106.43851,20.92547],[106.4382,20.92592],[106.43633,20.92546],[106.43622,20.92825],[106.43723,20.9279],[106.43793,20.92953],[106.43893,20.92989],[106.43899,20.93044],[106.43793,20.93152],[106.43844,20.93249],[106.43832,20.9338],[106.43888,20.93554],[106.44018,20.9367],[106.43981,20.9372],[106.44015,20.93753],[106.43962,20.93921],[106.43755,20.94],[106.43807,20.94208],[106.43773,20.9425],[106.4367,20.94225],[106.43618,20.94245],[106.43686,20.94363],[106.43798,20.94403],[106.4379,20.94442],[106.43864,20.94555],[106.43824,20.94653],[106.43917,20.94678],[106.4386,20.94878],[106.43922,20.94905],[106.44172,20.94904],[106.44226,20.95102],[106.44178,20.95305],[106.44241,20.95387],[106.45694,20.95207]]]]}},
{"type":"Feature","id":"10846","properties":{"Ward_Code":"10846","Ward_Code_Num":10846,"Ward":"Hà Tây","Ward_Alt":"Hà Tây","Ward_Upper":"HÀ TÂY","Ward_Full":"Xã Hà Tây","Ward_Full_Alt":"Xã Hà Tây","Ward_Full_Upper_Alt":"XÃ HÀ TÂY","Ward_Type":"Xã","Province_Code":"31","Province":"Hải Phòng","Province_Upper_Alt":"HẢI PHÒNG"},"geometry":{"type":"MultiPolygon","coordinates":[[[[106.41554,20.91719],[106.41667,20.91536],[106.41666,20.91454],[106.41601,20.91309],[106.41319,20.91312],[106.41093,20.91426],[106.40958,20.91396],[106.41305,20.91176],[106.41491,20.91175],[106.41537,20.91139],[106.41588,20.90998],[106.41433,20.90818],[106.4146,20.90712],[106.41561,20.90691],[106.41694,20.90732],[106.4178,20.90723],[106.4191,20.90677],[106.41964,20.90617],[106.41917,20.90511],[106.4168,20.90528],[106.41532,20.90443],[106.41533,20.90273],[106.41887,20.89949],[106.4191,20.89885],[106.41784,20.8976],[106.41691,20.89749],[106.41553,20.90004],[106.41472,20.89887],[106.41417,20.89968],[106.41294,20.89837],[106.41464,20.89732],[106.41463,20.89693],[106.4168,20.89746],[106.41689,20.89546],[106.41431,20.89493],[106.41353,20.89425],[106.41331,20.89326],[106.41492,20.89105],[106.41636,20.89159],[106.4169,20.88994],[106.4175,20.88937],[106.41804,20.88806],[106.41748,20.88652],[106.41899,20.88634],[106.4231,20.88445],[106.42374,20.88393],[106.42403,20.88314],[106.42329,20.87991],[106.42252,20.87914],[106.42036,20.87913],[106.41707,20.88036],[106.41642,20.88017],[106.4159,20.87952],[106.41591,20.87816],[106.41658,20.87713],[106.41847,20.8759],[106.42063,20.87575],[106.42342,20.87629],[106.42442,20.87597],[106.42584,20.87431],[106.4259,20.87365],[106.42495,20.87045],[106.42534,20.86945],[106.42547,20.86435],[106.42283,20.86391],[106.42192,20.86306],[106.42182,20.86228],[106.42224,20.86165],[106.42309,20.86132],[106.42749,20.86159],[106.42836,20.86137],[106.42896,20.86081],[106.42903,20.85985],[106.42781,20.85795],[106.42684,20.85563],[106.42626,20.85051],[106.42752,20.85084],[106.42738,20.85129],[106.42806,20.85152],[106.42819,20.85101],[106.43004,20.8514],[106.43113,20.84643],[106.43248,20.84686],[106.43256,20.84663],[106.43368,20.84727],[106.43505999999999,20.84501],[106.43191,20.84415],[106.4275,20.84389],[106.42324,20.84451],[106.41409,20.84803],[106.40767,20.84989],[106.39756,20.85211],[106.39465,20.85419],[106.39328,20.85628],[106.39327,20.85917],[106.39393,20.86149],[106.39643,20.8674],[106.39706,20.86972],[106.39756,20.87424],[106.39699,20.87833],[106.39572,20.88178],[106.39058,20.88699],[106.38763,20.88916],[106.38242,20.89118],[106.37687,20.89219],[106.37631,20.89252],[106.37664,20.89413],[106.37626,20.89488],[106.37318,20.89527],[106.37332,20.89689],[106.3765,20.89649],[106.37798,20.8982],[106.37968,20.89709],[106.38139,20.89767],[106.38074,20.89871],[106.38129,20.89918],[106.38114,20.89951],[106.38294,20.90103],[106.38487,20.90446],[106.38384,20.90497],[106.38598,20.9059],[106.38557,20.90695],[106.38689,20.90831],[106.38586,20.90926],[106.38807,20.91153],[106.38696,20.91272],[106.38744,20.91346],[106.38844,20.91412],[106.38882,20.91362],[106.39209,20.91566],[106.39249,20.91458],[106.39303,20.91496],[106.39384,20.91446],[106.39616,20.91734],[106.3974,20.91791],[106.39883,20.91757],[106.40886,20.91722],[106.41299,20.9176],[106.41461,20.91829],[106.41554,20.91719]]]]}},
{"type":"Feature","id":"10882","properties":{"Ward_Code":"10882","Ward_Code_Num":10882,"Ward":"Hà Đông","Ward_Alt":"Hà Đông","Ward_Upper":"HÀ ĐÔNG","Ward_Full":"Xã Hà Đông","Ward_Full_Alt":"Xã Hà Đông","Ward_Full_Upper_Alt":"XÃ HÀ ĐÔNG","Ward_Type":"Xã","Province_Code":"31","Province":"Hải Phòng","Province_Upper_Alt":"HẢI PHÒNG"},"geometry":{"type":"MultiPolygon","coordinates":[[[[106.47681,20.87623],[106.48029,20.86882],[106.48082,20.86877],[106.48111,20.86816],[106.48157,20.86806],[106.48135,20.86774],[106.48342,20.8645],[106.48213,20.86343],[106.48178,20.86223],[106.47705,20.85864],[106.48582,20.8484],[106.49441,20.84375],[106.4957,20.8427],[106.49696,20.84],[106.49702,20.8379],[106.49542,20.83265],[106.49327,20.82962],[106.48866,20.82422],[106.48833,20.82329],[106.48851,20.82225],[106.49105,20.82026],[106.49336,20.81976],[106.51013,20.82225],[106.5119,20.82226],[106.51371,20.82164],[106.51538,20.81993],[106.51596,20.81662],[106.51534,20.81264],[106.51297,20.80779],[106.5084,20.80051],[106.5069,20.80214],[106.50428,20.80413],[106.5033,20.80764],[106.50211,20.80828],[106.49994,20.80842],[106.49591,20.80778],[106.49354,20.80681],[106.49031,20.80453],[106.48619,20.80002],[106.48448,20.7997],[106.48261,20.80174],[106.47681,20.81133],[106.47182,20.81842],[106.46878,20.82156],[106.46656,20.8227],[106.46496,20.82281],[106.46335,20.8224],[106.45509,20.81639],[106.45185,20.81476],[106.44809,20.81344],[106.44375,20.81302],[106.44259,20.81324],[106.44128,20.81443],[106.4404,20.81633],[106.43915,20.82117],[106.43948,20.82498],[106.44295,20.83386],[106.44572,20.83996],[106.44967,20.84658],[106.44954,20.84765],[106.45009,20.84941],[106.44961,20.85217],[106.44806,20.85666],[106.44788,20.85776],[106.44829,20.86018],[106.4513,20.85986],[106.45288,20.86086],[106.45313,20.86268],[106.45404,20.86545],[106.45557,20.868],[106.45662,20.86923],[106.45747,20.86951],[106.45761,20.87029],[106.46121,20.87402],[106.46208,20.87762],[106.46274,20.87899],[106.46374,20.87996],[106.46579,20.88029],[106.46804,20.87905],[106.46971,20.87771],[106.47164,20.87516],[106.47347,20.87139],[106.47681,20.87623]]]]}},
{"type":"Feature","id":"10888","properties":{"Ward_Code":"10888","Ward_Code_Num":10888,"Ward":"Cẩm Giang","Ward_Alt":"Cẩm Giang","Ward_Upper":"CẨM GIANG","Ward_Full":"Xã Cẩm Giang","Ward_Full_Alt":"Xã Cẩm Giang","Ward_Full_Upper_Alt":"XÃ CẨM GIANG","Ward_Type":"Xã","Province_Code":"31","Province":"Hải Phòng","Province_Upper_Alt":"HẢI PHÒNG"},"geometry":{"type":"MultiPolygon","coordinates":[[[[106.22745,20.994],[106.22934,20.99457],[106.22971,20.99297],[106.23036,20.99259],[106.23167,20.99333],[106.2325,20.9954],[106.23352,20.99546],[106.23458,20.99478],[106.23638,20.99434],[106.23654,20.99346],[106.23712,20.99302],[106.23822,20.99379],[106.23854,20.99372],[106.24056,20.99141],[106.24118,20.99138],[106.24213,20.99239],[106.24271,20.99249],[106.2449,20.99137],[106.24436,20.98853],[106.24377,20.98755],[106.24162,20.98832],[106.23963,20.98717],[106.2395,20.98652],[106.23997,20.98639],[106.23946,20.98524],[106.23935,20.98402],[106.23763,20.98071],[106.23367,20.97958],[106.23654,20.97487],[106.23657,20.97325],[106.23517,20.97286],[106.23545,20.9718],[106.23415,20.9714],[106.23456,20.97057],[106.2371,20.96958],[106.23598,20.96745],[106.23775,20.96672],[106.23804,20.968],[106.23925,20.96777],[106.2394,20.9682],[106.24277,20.96696],[106.24253,20.96569],[106.24317,20.96542],[106.24217,20.96335],[106.2424,20.96301],[106.24304,20.96375],[106.24372,20.96352],[106.24346,20.96283],[106.24289,20.96276],[106.24273,20.96312],[106.24244,20.9629],[106.24327,20.9622],[106.24449,20.96189],[106.24349,20.96108],[106.24346,20.96058],[106.24301,20.96047],[106.24398,20.95947],[106.24194,20.95471],[106.24273,20.95426],[106.24035,20.95287],[106.23986,20.9529],[106.24052,20.951],[106.23947,20.95104],[106.23937,20.94787],[106.23724,20.94738],[106.23716,20.94678],[106.2366,20.94677],[106.23654,20.94617],[106.23592,20.94612],[106.23582,20.94402],[106.23236,20.94414],[106.23253,20.94555],[106.22576,20.94547],[106.22578,20.94836],[106.22284,20.95228],[106.22032,20.95289],[106.22091,20.95389],[106.21999,20.95427],[106.22008,20.9546],[106.20814,20.95691],[106.20506,20.95749],[106.204,20.9554],[106.20345,20.9518],[106.20268,20.94999],[106.20049,20.94945],[106.19999,20.94903],[106.19718,20.95112],[106.19416,20.95143],[106.19088,20.95352],[106.18611,20.95333],[106.17987,20.95218],[106.17773,20.95217],[106.17581,20.95351],[106.171,20.95578],[106.17038,20.95654],[106.16977,20.95817],[106.16984,20.95969],[106.16926,20.96043],[106.16888,20.9648],[106.16791,20.96649],[106.16751,20.96935],[106.16882,20.97],[106.17116,20.97262],[106.17362,20.97362],[106.17492,20.97536],[106.17625,20.97588],[106.17676,20.97504],[106.17744,20.97502],[106.17797,20.97673],[106.17883,20.97665],[106.17927,20.97748],[106.18145,20.97766],[106.18203,20.97886],[106.1849,20.97906],[106.18593,20.97873],[106.18671,20.97952],[106.1875,20.97974],[106.18727,20.98086],[106.18752,20.98109],[106.19022,20.97945],[106.19164,20.97912],[106.19324,20.97939],[106.20182,20.98222],[106.20291,20.98323],[106.20544,20.98331],[106.20979,20.98464],[106.21127,20.98612],[106.21371,20.98701],[106.21508,20.98878],[106.21652,20.98867],[106.2182,20.98952],[106.22097,20.98984],[106.22106,20.99032],[106.2203,20.99142],[106.22065,20.99286],[106.22015,20.99528],[106.22046,20.99577],[106.22404,20.99513],[106.22545,20.99419],[106.22745,20.994]]]]}},
{"type":"Feature","id":"10891","properties":{"Ward_Code":"10891","Ward_Code_Num":10891,"Ward":"Tứ Minh","Ward_Alt":"Tứ Minh","Ward_Upper":"TỨ MINH","Ward_Full":"Phường Tứ Minh","Ward_Full_Alt":"Phường Tứ Minh","Ward_Full_Upper_Alt":"PHƯỜNG TỨ MINH","Ward_Type":"Phường","Province_Code":"31","Province":"Hải Phòng","Province_Upper_Alt":"HẢI PHÒNG"},"geometry":{"type":"MultiPolygon","coordinates":[[[[106.28975,20.9366],[106.29014,20.93584],[106.29259,20.93611],[106.29322,20.93224],[106.29181,20.93208],[106.2925,20.92905],[106.29779,20.92981],[106.29859,20.92622],[106.30012,20.92634],[106.30074,20.92289],[106.29927,20.92232],[106.29808,20.92119],[106.29678,20.91737],[106.29582,20.91624],[106.29408,20.91571],[106.29201,20.916],[106.2902,20.91707],[106.28859,20.91875],[106.28723,20.91901],[106.28642,20.91886],[106.28464,20.9178],[106.28354,20.91611],[106.28281,20.91575],[106.27808,20.91537],[106.27407,20.91669],[106.2709,20.91875],[106.26918,20.91893],[106.26745,20.91711],[106.26638,20.91651],[106.26589,20.91442],[106.26407,20.9129],[106.26392,20.9114],[106.26278,20.90983],[106.25861,20.90717],[106.25416,20.90574],[106.25187,20.90666],[106.24838,20.90611],[106.24658,20.9051],[106.24324,20.90245],[106.2428,20.90296],[106.24158,20.90319],[106.24196,20.9042],[106.24044,20.90463],[106.24059,20.90526],[106.24131,20.9055],[106.24214,20.9067],[106.24122,20.90726],[106.24059,20.90636],[106.23953,20.90685],[106.24,20.9075],[106.24014,20.90874],[106.23946,20.90881],[106.23983,20.91109],[106.23873,20.91124],[106.23904,20.91218],[106.24004,20.91226],[106.23995,20.91276],[106.23936,20.91278],[106.23937,20.91311],[106.24091,20.91313],[106.241,20.91482],[106.24409,20.91471],[106.24463,20.91993],[106.24592,20.92353],[106.24404,20.92545],[106.24429,20.92586],[106.24298,20.92606],[106.2428,20.92649],[106.24175,20.92697],[106.24187,20.92784],[106.24052,20.92914],[106.23794,20.92867],[106.23429,20.9294],[106.23342,20.93568],[106.26476,20.9332],[106.28282,20.9351],[106.28975,20.9366]]]]}},
{"type":"Feature","id":"10903","properties":{"Ward_Code":"10903","Ward_Code_Num":10903,"Ward":"Cẩm Giàng","Ward_Alt":"Cẩm Giàng","Ward_Upper":"CẨM GIÀNG","Ward_Full":"Xã Cẩm Giàng","Ward_Full_Alt":"Xã Cẩm Giàng","Ward_Full_Upper_Alt":"XÃ CẨM GIÀNG","Ward_Type":"Xã","Province_Code":"31","Province":"Hải Phòng","Province_Upper_Alt":"HẢI PHÒNG"},"geometry":{"type":"MultiPolygon","coordinates":[[[[106.12717,20.9835],[106.12717,20.98348],[106.12717,20.98346],[106.12715,20.98346],[106.12716,20.98348],[106.12717,20.9835]]],[[[106.12717,20.9835],[106.12718,20.98352],[106.12738,20.98348],[106.12742,20.98347],[106.1272,20.9835],[106.12717,20.9835]]],[[[106.14344,20.99452],[106.14454,20.99396],[106.14475,20.9951],[106.14953,20.99134],[106.1499,20.98996],[106.15019,20.99012],[106.15096,20.98846],[106.15363,20.98882],[106.1572,20.98832],[106.15789,20.9889],[106.15838,20.98992],[106.16003,20.9903],[106.16481,20.98743],[106.16609,20.98869],[106.16842,20.9875],[106.16823,20.9871],[106.16896,20.98637],[106.16957,20.98479],[106.1649,20.97758],[106.16309,20.97561],[106.16539,20.97267],[106.16639,20.97228],[106.16726,20.97142],[106.16681,20.9704],[106.16751,20.96935],[106.16807,20.966],[106.16888,20.9648],[106.16926,20.96043],[106.16987,20.95949],[106.16977,20.95817],[106.17024,20.9568],[106.171,20.95578],[106.17814,20.95208],[106.18728,20.95341],[106.19088,20.95352],[106.19208,20.95291],[106.19116,20.95075],[106.19125,20.95038],[106.19181,20.9502],[106.19156,20.95007],[106.19184,20.9497],[106.19094,20.94864],[106.18977,20.94809],[106.18967,20.94656],[106.189,20.94679],[106.18903,20.94512],[106.18737,20.94579],[106.18576,20.94509],[106.18422,20.94386],[106.18324,20.94227],[106.18547,20.94097],[106.18437,20.93894],[106.18355,20.93923],[106.18166,20.93825],[106.18131,20.93858],[106.17842,20.93887],[106.17891,20.93775],[106.1781,20.93751],[106.17729,20.93866],[106.17361,20.93758],[106.17474,20.93418],[106.17141,20.9333],[106.17097,20.93465],[106.168,20.93392],[106.16903,20.93108],[106.16628,20.93078],[106.16392,20.92932],[106.16415,20.92771],[106.16273,20.92728],[106.15974,20.9265],[106.15837,20.93178],[106.15768,20.93148],[106.15782,20.93187],[106.15406,20.93143],[106.15276,20.93394],[106.15204,20.93381],[106.1519,20.93534],[106.15155,20.9356],[106.15253,20.94195],[106.15045,20.94206],[106.15059,20.94473],[106.15217,20.94447],[106.15202,20.94566],[106.15486,20.94609],[106.15466,20.94726],[106.15661,20.94767],[106.15674,20.94822],[106.15743,20.94786],[106.15794,20.94916],[106.15752,20.94946],[106.15896,20.95137],[106.15783,20.95186],[106.15426,20.95483],[106.15334,20.9568],[106.15087,20.95628],[106.15021,20.96048],[106.14941,20.9605],[106.14974,20.95838],[106.14546,20.95824],[106.14544,20.95883],[106.1422,20.95997],[106.14239,20.96009],[106.14206,20.96037],[106.13909,20.96061],[106.13756,20.95988],[106.13759,20.96028],[106.13614,20.9601],[106.13598,20.96051],[106.13509,20.96031],[106.13302,20.96565],[106.13389,20.96579],[106.13407,20.96898],[106.13362,20.96952],[106.13744,20.9734],[106.13815,20.97506],[106.13337,20.97936],[106.13224,20.97871],[106.13202,20.97914],[106.13174,20.97898],[106.13171,20.9796],[106.132,20.9797],[106.13168,20.98034],[106.13106,20.98],[106.13029,20.98165],[106.12823,20.98096],[106.12815,20.98236],[106.12789,20.98235],[106.12803,20.98342],[106.12742,20.98347],[106.12754,20.98448],[106.12795,20.98491],[106.1283,20.98483],[106.12945,20.98789],[106.12914,20.98841],[106.12851,20.98861],[106.12937,20.99242],[106.12888,20.99271],[106.13132,20.99379],[106.13052,20.99474],[106.1314,20.99558],[106.13231,20.9979],[106.1319,20.99925],[106.13807,21.00127],[106.13894,20.9997],[106.14271,20.99779],[106.1425,20.99747],[106.14384,20.99685],[106.14344,20.99452]]]]}},
{"type":"Feature","id":"10909","properties":{"Ward_Code":"10909","Ward_Code_Num":10909,"Ward":"Tuệ Tĩnh","Ward_Alt":"Tuệ Tĩnh","Ward_Upper":"TUỆ TĨNH","Ward_Full":"Xã Tuệ Tĩnh","Ward_Full_Alt":"Xã Tuệ Tĩnh","Ward_Full_Upper_Alt":"XÃ TUỆ TĨNH","Ward_Type":"Xã","Province_Code":"31","Province":"Hải Phòng","Province_Upper_Alt":"HẢI PHÒNG"},"geometry":{"type":"MultiPolygon","coordinates":[[[[106.2494,20.9961],[106.25034,20.99609],[106.25206,20.99667],[106.25284,20.99656],[106.25368,20.99539],[106.25697,20.99303],[106.25794,20.99286],[106.25864,20.99077],[106.2592,20.99018],[106.25976,20.99],[106.26186,20.99028],[106.26305,20.98869],[106.26371,20.98829],[106.26679,20.98788],[106.27128,20.9916],[106.27179,20.99176],[106.27313,20.99143],[106.27576,20.98527],[106.2786,20.98202],[106.28093,20.98071],[106.28998,20.97756],[106.29157,20.97651],[106.29225,20.97565],[106.29251,20.97468],[106.29215,20.97249],[106.28402,20.96567],[106.28382,20.96488],[106.28416,20.96335],[106.28553,20.96092],[106.28171,20.95923],[106.28162,20.95864],[106.28105,20.95804],[106.27933,20.95786],[106.27915,20.95756],[106.28168,20.95677],[106.28318,20.95554],[106.28282,20.95398],[106.28205,20.95431],[106.28126,20.95293],[106.27977,20.95242],[106.27982,20.95159],[106.27753,20.9523],[106.27663,20.95156],[106.27604,20.95187],[106.27558,20.95098],[106.27383,20.95273],[106.27334,20.95228],[106.27264,20.95287],[106.27234,20.9528],[106.27169,20.95357],[106.27032,20.95287],[106.26805,20.95421],[106.26672,20.95304],[106.26526,20.95446],[106.26265,20.95809],[106.2623,20.95806],[106.2614,20.95902],[106.25919,20.95836],[106.25894,20.95907],[106.25488,20.9593],[106.25409,20.96193],[106.24929,20.96248],[106.24747,20.96085],[106.24554,20.96165],[106.24564,20.96113],[106.24522,20.96106],[106.24619,20.95943],[106.24311,20.95714],[106.24398,20.95947],[106.24301,20.96047],[106.24346,20.96058],[106.24349,20.96108],[106.24449,20.96189],[106.24327,20.9622],[106.24244,20.9629],[106.24273,20.96312],[106.24289,20.96276],[106.24346,20.96283],[106.24372,20.96352],[106.24304,20.96375],[106.2424,20.96301],[106.24217,20.96335],[106.24317,20.96542],[106.24253,20.96569],[106.24278,20.96695],[106.2394,20.9682],[106.23925,20.96777],[106.23804,20.968],[106.23775,20.96672],[106.23598,20.96745],[106.2371,20.96958],[106.23456,20.97057],[106.23415,20.9714],[106.23545,20.9718],[106.23517,20.97286],[106.23657,20.97325],[106.23654,20.97487],[106.23367,20.97958],[106.23763,20.98071],[106.23935,20.98402],[106.23946,20.98524],[106.23997,20.98639],[106.2395,20.98652],[106.23963,20.98717],[106.24162,20.98832],[106.24377,20.98755],[106.2442,20.9881],[106.24628,20.99768],[106.2476,20.99735],[106.2494,20.9961]]]]}},
{"type":"Feature","id":"10930","properties":{"Ward_Code":"10930","Ward_Code_Num":10930,"Ward":"Mao Điền","Ward_Alt":"Mao Điền","Ward_Upper":"MAO ĐIỀN","Ward_Full":"Xã Mao Điền","Ward_Full_Alt":"Xã Mao Điền","Ward_Full_Upper_Alt":"XÃ MAO ĐIỀN","Ward_Type":"Xã","Province_Code":"31","Province":"Hải Phòng","Province_Upper_Alt":"HẢI PHÒNG"},"geometry":{"type":"MultiPolygon","coordinates":[[[[106.22342,20.95146],[106.22579,20.94834],[106.22576,20.94547],[106.23253,20.94555],[106.23236,20.94414],[106.23582,20.94402],[106.23592,20.94612],[106.23654,20.94617],[106.2366,20.94677],[106.23716,20.94678],[106.2372,20.94204],[106.23789,20.94209],[106.23806,20.94139],[106.23725,20.9407],[106.23789,20.94003],[106.23702,20.93909],[106.23739,20.9388],[106.23626,20.93774],[106.23623,20.93645],[106.23544,20.93649],[106.23539,20.93551],[106.23342,20.93568],[106.23429,20.9294],[106.23794,20.92867],[106.24052,20.92914],[106.24187,20.92784],[106.24175,20.92697],[106.2428,20.92649],[106.24298,20.92606],[106.24429,20.92586],[106.24404,20.92545],[106.24592,20.92353],[106.24463,20.91993],[106.24409,20.91471],[106.241,20.91482],[106.24091,20.91313],[106.23937,20.91311],[106.23936,20.91278],[106.23995,20.91276],[106.24004,20.91226],[106.23904,20.91218],[106.23873,20.91124],[106.23983,20.91109],[106.23946,20.90881],[106.24014,20.90874],[106.24,20.9075],[106.23953,20.90685],[106.24059,20.90636],[106.24122,20.90726],[106.24214,20.9067],[106.24131,20.9055],[106.24059,20.90526],[106.24044,20.90463],[106.24196,20.9042],[106.24158,20.90319],[106.2428,20.90296],[106.24324,20.90245],[106.24109,20.9011],[106.24079,20.90049],[106.23793,20.90294],[106.23643,20.9037],[106.23059,20.90509],[106.22807,20.90532],[106.22569,20.90499],[106.22337,20.90578],[106.21969,20.908],[106.21735,20.91384],[106.21635,20.91488],[106.20917,20.91852],[106.20706,20.92085],[106.20557,20.92173],[106.19987,20.92344],[106.19712,20.92309],[106.19588,20.92349],[106.19287,20.92678],[106.19171,20.92666],[106.1886,20.9252],[106.1845,20.92469],[106.1814,20.92375],[106.17974,20.92262],[106.17837,20.92102],[106.1771,20.92069],[106.17501,20.92121],[106.17209,20.9228],[106.17101,20.92294],[106.16948,20.92253],[106.16737,20.92706],[106.16661,20.92686],[106.16631,20.9277],[106.16432,20.92725],[106.16392,20.92932],[106.16628,20.93078],[106.16903,20.93108],[106.168,20.93392],[106.17097,20.93465],[106.17141,20.9333],[106.17474,20.93418],[106.17361,20.93758],[106.17729,20.93866],[106.1781,20.93751],[106.17891,20.93775],[106.17842,20.93887],[106.18131,20.93858],[106.18166,20.93825],[106.18355,20.93923],[106.18437,20.93894],[106.18547,20.94097],[106.18324,20.94227],[106.18422,20.94386],[106.18576,20.94509],[106.18737,20.94579],[106.18903,20.94512],[106.189,20.94679],[106.18967,20.94656],[106.18977,20.94809],[106.19094,20.94864],[106.19184,20.9497],[106.19156,20.95007],[106.19181,20.9502],[106.19125,20.95038],[106.19116,20.95075],[106.19208,20.95291],[106.19416,20.95143],[106.19718,20.95112],[106.19999,20.94903],[106.20049,20.94945],[106.20241,20.94986],[106.20336,20.95147],[106.204,20.9554],[106.20506,20.95749],[106.22008,20.9546],[106.21999,20.95427],[106.22091,20.95389],[106.22032,20.95289],[106.22279,20.95232],[106.22342,20.95146]]]]}},
{"type":"Feature","id":"10945","properties":{"Ward_Code":"10945","Ward_Code_Num":10945,"Ward":"Kẻ Sặt","Ward_Alt":"Kẻ Sặt","Ward_Upper":"KẺ SẶT","Ward_Full":"Xã Kẻ Sặt","Ward_Full_Alt":"Xã Kẻ Sặt","Ward_Full_Upper_Alt":"XÃ KẺ SẶT","Ward_Type":"Xã","Province_Code":"31","Province":"Hải Phòng","Province_Upper_Alt":"HẢI PHÒNG"},"geometry":{"type":"MultiPolygon","coordinates":[[[[106.16407,20.92768],[106.16432,20.92725],[106.16631,20.9277],[106.16661,20.92686],[106.16737,20.92706],[106.16948,20.92253],[106.17101,20.92294],[106.17209,20.9228],[106.17501,20.92121],[106.1771,20.92069],[106.17837,20.92102],[106.17974,20.92262],[106.1814,20.92375],[106.1845,20.92469],[106.1886,20.9252],[106.19171,20.92666],[106.19287,20.92678],[106.19588,20.92349],[106.19712,20.92309],[106.19987,20.92344],[106.20557,20.92173],[106.20706,20.92085],[106.20917,20.91852],[106.21635,20.91488],[106.21735,20.91384],[106.21969,20.908],[106.22337,20.90578],[106.22542,20.90506],[106.22463,20.90385],[106.22323,20.90449],[106.2222,20.90264],[106.2215,20.90242],[106.22129,20.90192],[106.22,20.90201],[106.21902,20.89996],[106.21918,20.8996],[106.21759,20.89935],[106.21697,20.89814],[106.21612,20.89814],[106.21638,20.89731],[106.21264,20.89759],[106.21239,20.8985],[106.20913,20.89797],[106.20761,20.90109],[106.20221,20.90036],[106.20208,20.90109],[106.20087,20.90091],[106.20128,20.90025],[106.19873,20.89955],[106.19885,20.89854],[106.19773,20.89857],[106.19761,20.89646],[106.19396,20.89594],[106.19601,20.88938],[106.1895,20.88873],[106.18318,20.88859],[106.18298,20.88808],[106.18261,20.88842],[106.18272,20.88875],[106.18157,20.88908],[106.18121,20.88887],[106.17882,20.89029],[106.17896,20.88992],[106.17843,20.8898],[106.17831,20.89034],[106.17653,20.89033],[106.17571,20.89094],[106.17515,20.89071],[106.17145,20.89381],[106.17177,20.89415],[106.17121,20.89494],[106.17047,20.89452],[106.16541,20.89771],[106.16361,20.89565],[106.16268,20.89536],[106.16143,20.89621],[106.15806,20.89391],[106.15693,20.89547],[106.15358,20.89419],[106.1534,20.8946],[106.15248,20.89423],[106.152,20.89549],[106.15,20.89483],[106.1491,20.8961],[106.15137,20.89684],[106.15112,20.89745],[106.14952,20.89735],[106.14977,20.89963],[106.14452,20.89681],[106.14406,20.8975],[106.14254,20.89845],[106.1435,20.899],[106.14327,20.89954],[106.14349,20.90016],[106.14214,20.90049],[106.14098,20.89994],[106.14076,20.9006],[106.14015,20.90069],[106.14016,20.9012],[106.13996,20.90144],[106.13979,20.90117],[106.1397,20.90173],[106.13927,20.90181],[106.13819,20.9019],[106.13783,20.90121],[106.13697,20.90111],[106.1363,20.90301],[106.13657,20.90427],[106.13822,20.9053],[106.14051,20.90578],[106.14226,20.90706],[106.14426,20.91027],[106.14367,20.91176],[106.14328,20.912],[106.14485,20.91352],[106.14578,20.91402],[106.14596,20.91375],[106.14554,20.91351],[106.14574,20.91319],[106.14618,20.91351],[106.14664,20.91298],[106.15132,20.91591],[106.15347,20.91691],[106.15527,20.91725],[106.15471,20.91825],[106.15413,20.92053],[106.1547,20.9207],[106.15443,20.92166],[106.15519,20.92181],[106.15452,20.92316],[106.1548,20.92378],[106.15322,20.92363],[106.15328,20.92337],[106.15199,20.92304],[106.1518,20.92428],[106.1499,20.92452],[106.14823,20.92908],[106.14972,20.93114],[106.14991,20.93311],[106.15026,20.9332],[106.15025,20.93289],[106.15276,20.93394],[106.15406,20.93143],[106.15782,20.93187],[106.15768,20.93148],[106.15837,20.93178],[106.15974,20.9265],[106.16407,20.92768]]]]}},
{"type":"Feature","id":"10966","properties":{"Ward_Code":"10966","Ward_Code_Num":10966,"Ward":"Bình Giang","Ward_Alt":"Bình Giang","Ward_Upper":"BÌNH GIANG","Ward_Full":"Xã Bình Giang","Ward_Full_Alt":"Xã Bình Giang","Ward_Full_Upper_Alt":"XÃ BÌNH GIANG","Ward_Type":"Xã","Province_Code":"31","Province":"Hải Phòng","Province_Upper_Alt":"HẢI PHÒNG"},"geometry":{"type":"MultiPolygon","coordinates":[[[[106.23059,20.90509],[106.23734,20.90333],[106.24079,20.90049],[106.24087,20.89978],[106.24341,20.89854],[106.24374,20.89795],[106.24356,20.89495],[106.24065,20.89411],[106.23934,20.89321],[106.23846,20.89131],[106.2386,20.88934],[106.23953,20.88821],[106.24323,20.88814],[106.24637,20.88734],[106.24766,20.88526],[106.24817,20.88273],[106.2477,20.88142],[106.24708,20.8807],[106.24332,20.87827],[106.24264,20.87694],[106.24276,20.87593],[106.24343,20.87523],[106.24597,20.87472],[106.24712,20.87401],[106.2485,20.86994],[106.24848,20.86841],[106.24744,20.86543],[106.2479,20.86472],[106.24886,20.86446],[106.24836,20.86358],[106.25042,20.8606],[106.25187,20.86075],[106.25221,20.85886],[106.25286,20.85809],[106.2543,20.85775],[106.25755,20.85836],[106.25863,20.85627],[106.26034,20.85582],[106.25889,20.85438],[106.25843,20.85204],[106.25933,20.84426],[106.25838,20.84452],[106.25798,20.84431],[106.25831,20.84391],[106.25787,20.84368],[106.25746,20.84392],[106.25628,20.84376],[106.25623,20.84333],[106.25137,20.84097],[106.2494,20.84076],[106.24818,20.84418],[106.24869,20.84472],[106.24636,20.84438],[106.24709,20.84311],[106.24527,20.84167],[106.24227,20.84536],[106.24212,20.84611],[106.23948,20.84568],[106.23658,20.84265],[106.23342,20.8459],[106.2323,20.84717],[106.23306,20.84818],[106.2315,20.8491],[106.23231,20.84968],[106.23166,20.85055],[106.23212,20.85087],[106.23065,20.85287],[106.23012,20.85452],[106.22991,20.85723],[106.23074,20.8589],[106.23236,20.85943],[106.23159,20.8613],[106.23191,20.86216],[106.23015,20.86159],[106.22774,20.86141],[106.22697,20.86293],[106.22637,20.8625],[106.2261,20.8628],[106.22532,20.86238],[106.2248,20.86303],[106.22386,20.86243],[106.22202,20.86573],[106.22053,20.86478],[106.2197,20.86582],[106.21812,20.8647],[106.21869,20.86676],[106.21864,20.86724],[106.21818,20.86757],[106.214,20.86675],[106.21272,20.87189],[106.20021,20.87353],[106.19959,20.8746],[106.19928,20.874389999999998],[106.19876,20.87571],[106.19845,20.87563],[106.19889,20.8785],[106.19722,20.87861],[106.1973,20.87923],[106.19359,20.87882],[106.19355,20.88001],[106.19058,20.87978],[106.19038,20.88046],[106.18896,20.88],[106.18847,20.88063],[106.18772,20.88063],[106.1845,20.88352],[106.18508,20.88415],[106.18332,20.88589],[106.18426,20.88694],[106.18297,20.88806],[106.18318,20.88859],[106.1895,20.88873],[106.19601,20.88938],[106.19396,20.89594],[106.19761,20.89646],[106.19773,20.89857],[106.19885,20.89854],[106.19873,20.89955],[106.20128,20.90025],[106.20087,20.90091],[106.20208,20.90109],[106.20221,20.90036],[106.20761,20.90109],[106.20913,20.89797],[106.21239,20.8985],[106.21264,20.89759],[106.21638,20.89731],[106.21612,20.89814],[106.21697,20.89814],[106.21759,20.89935],[106.21918,20.8996],[106.21902,20.89996],[106.22,20.90201],[106.22129,20.90192],[106.2215,20.90242],[106.22204,20.90249],[106.22323,20.90449],[106.22463,20.90385],[106.22542,20.90506],[106.22807,20.90532],[106.23059,20.90509]]]]}},
{"type":"Feature","id":"10972","properties":{"Ward_Code":"10972","Ward_Code_Num":10972,"Ward":"Đường An","Ward_Alt":"Đường An","Ward_Upper":"ĐƯỜNG AN","Ward_Full":"Xã Đường An","Ward_Full_Alt":"Xã Đường An","Ward_Full_Upper_Alt":"XÃ ĐƯỜNG AN","Ward_Type":"Xã","Province_Code":"31","Province":"Hải Phòng","Province_Upper_Alt":"HẢI PHÒNG"},"geometry":{"type":"MultiPolygon","coordinates":[[[[106.16168,20.89603],[106.16268,20.89536],[106.16361,20.89565],[106.16541,20.89771],[106.17047,20.89452],[106.17121,20.89494],[106.17177,20.89415],[106.17145,20.89381],[106.17515,20.89071],[106.17571,20.89094],[106.17653,20.89033],[106.17831,20.89034],[106.17843,20.8898],[106.17896,20.88992],[106.17882,20.89029],[106.18121,20.88887],[106.18157,20.88908],[106.18272,20.88875],[106.18261,20.88842],[106.18426,20.88694],[106.18332,20.88589],[106.18508,20.88415],[106.1845,20.88352],[106.18772,20.88063],[106.18847,20.88063],[106.18896,20.88],[106.1905,20.88046],[106.19058,20.87978],[106.19355,20.88001],[106.19359,20.87882],[106.1973,20.87923],[106.19722,20.87861],[106.19889,20.8785],[106.19845,20.87563],[106.19876,20.87571],[106.19928,20.874389999999998],[106.19959,20.8746],[106.20021,20.87353],[106.21272,20.87189],[106.214,20.86675],[106.21818,20.86757],[106.21864,20.86724],[106.21801,20.864],[106.20943,20.86076],[106.20679,20.86378],[106.20667,20.86271],[106.20641,20.86274],[106.20621,20.86193],[106.20679,20.86136],[106.20668,20.86082],[106.20605,20.8607],[106.20611,20.86033],[106.20554,20.85987],[106.20558,20.85836],[106.20508,20.85769],[106.20399,20.85747],[106.2042,20.85671],[106.20371,20.8566],[106.20324,20.85565],[106.19738,20.85505],[106.18508,20.85479],[106.16121,20.85533],[106.13748,20.85199],[106.14194,20.85837],[106.14224,20.8694],[106.14365,20.87114],[106.1432,20.87279],[106.14392,20.87437],[106.14366,20.8775],[106.14385,20.87816],[106.14684,20.88107],[106.14736,20.883],[106.14735,20.88814],[106.14702,20.88936],[106.14439,20.89194],[106.1396,20.89298],[106.13874,20.8939],[106.13823,20.89868],[106.13697,20.90111],[106.13783,20.90121],[106.13819,20.9019],[106.13927,20.90181],[106.1397,20.90173],[106.13979,20.90117],[106.13996,20.90144],[106.14016,20.9012],[106.14015,20.90069],[106.14076,20.9006],[106.14098,20.89994],[106.14214,20.90049],[106.14349,20.90016],[106.14327,20.89954],[106.1435,20.899],[106.14254,20.89845],[106.14406,20.8975],[106.14452,20.89681],[106.14977,20.89963],[106.14952,20.89735],[106.15112,20.89745],[106.15137,20.89684],[106.1491,20.8961],[106.15,20.89483],[106.152,20.89549],[106.15248,20.89423],[106.1534,20.8946],[106.15358,20.89419],[106.15693,20.89547],[106.15806,20.89391],[106.16143,20.89621],[106.16168,20.89603]]]]}},
{"type":"Feature","id":"10993","properties":{"Ward_Code":"10993","Ward_Code_Num":10993,"Ward":"Thượng Hồng","Ward_Alt":"Thượng Hồng","Ward_Upper":"THƯỢNG HỒNG","Ward_Full":"Xã Thượng Hồng","Ward_Full_Alt":"Xã Thượng Hồng","Ward_Full_Upper_Alt":"XÃ THƯỢNG HỒNG","Ward_Type":"Xã","Province_Code":"31","Province":"Hải Phòng","Province_Upper_Alt":"HẢI PHÒNG"},"geometry":{"type":"MultiPolygon","coordinates":[[[[106.19948,20.82182],[106.19814,20.82056],[106.19783,20.81983],[106.19734,20.8202],[106.18688,20.81839],[106.17953,20.82079],[106.18221,20.82249],[106.17961,20.82323],[106.18117,20.82522],[106.17817,20.82748],[106.17603,20.82972],[106.17763,20.83093],[106.17674,20.83176],[106.17668,20.83226],[106.17672,20.84138],[106.17426,20.84131],[106.17352,20.84007],[106.16276,20.84118],[106.16332,20.83516],[106.16202,20.83484],[106.1624,20.83241],[106.16197,20.83215],[106.1623,20.83173],[106.16191,20.83137],[106.16295,20.83018],[106.16051,20.82758],[106.16031,20.82741],[106.15485,20.82857],[106.15338,20.82957],[106.1516,20.82861],[106.15063,20.82923],[106.14996,20.82864],[106.15069,20.82801],[106.14103,20.82186],[106.14194,20.81935],[106.1403,20.81856],[106.13954,20.82068],[106.13828,20.82247],[106.1342,20.82486],[106.1316,20.8283],[106.13056,20.82914],[106.12858,20.82972],[106.12687,20.82966],[106.12536,20.82883],[106.12472,20.83025],[106.12478,20.83201],[106.12428,20.8329],[106.12464,20.83338],[106.12519,20.83297],[106.12544,20.83322],[106.1289,20.83684],[106.12877,20.83745],[106.12905,20.83747],[106.12908,20.8382],[106.12937,20.83821],[106.12926,20.84212],[106.12949,20.84235],[106.12916,20.84544],[106.12609,20.84783],[106.12758,20.84839],[106.12871,20.84935],[106.13283,20.85053],[106.13684,20.85026],[106.13748,20.85199],[106.15849,20.8551],[106.16519,20.8554],[106.18508,20.85479],[106.19738,20.85505],[106.20324,20.85565],[106.20181,20.85324],[106.20322,20.852],[106.20169,20.85038],[106.20271,20.84935],[106.19996,20.84811],[106.20053,20.84681],[106.20131,20.84719],[106.20163,20.84645],[106.20217,20.84664],[106.20246,20.84618],[106.20319,20.84637],[106.20395,20.84544],[106.20511,20.84493],[106.2056,20.84407],[106.20599,20.8446],[106.20646,20.84458],[106.20684,20.84405],[106.20658,20.84347],[106.20727,20.84308],[106.20961,20.83988],[106.20799,20.83872],[106.20582,20.83617],[106.2051,20.83339],[106.20325,20.82951],[106.19928,20.8268],[106.20066,20.82475],[106.19979,20.82416],[106.19983,20.8221],[106.19948,20.82182]]]]}},
{"type":"Feature","id":"10999","properties":{"Ward_Code":"10999","Ward_Code_Num":10999,"Ward":"Gia Lộc","Ward_Alt":"Gia Lộc","Ward_Upper":"GIA LỘC","Ward_Full":"Xã Gia Lộc","Ward_Full_Alt":"Xã Gia Lộc","Ward_Full_Upper_Alt":"XÃ GIA LỘC","Ward_Type":"Xã","Province_Code":"31","Province":"Hải Phòng","Province_Upper_Alt":"HẢI PHÒNG"},"geometry":{"type":"MultiPolygon","coordinates":[[[[106.32851,20.88716],[106.33659,20.88399],[106.34211,20.88518],[106.34325,20.88326],[106.34473,20.88387],[106.34567,20.88282],[106.34733,20.88333],[106.34835,20.8824],[106.34746,20.88164],[106.34951,20.87939],[106.34776,20.87795],[106.34888,20.87664],[106.34789,20.87592],[106.34823,20.87544],[106.34486,20.87222],[106.34823,20.87021],[106.3484,20.86861],[106.35098,20.86771],[106.35137,20.8671],[106.35145,20.86611],[106.35087,20.86388],[106.34951,20.86235],[106.34884,20.86086],[106.34738,20.85937],[106.34594,20.859],[106.34453,20.86],[106.34386,20.86007],[106.34119,20.85831],[106.3386,20.86028],[106.33805,20.85988],[106.33675,20.86073],[106.33619,20.86],[106.33368,20.86173],[106.33353,20.86149],[106.33235,20.86209],[106.33188,20.86137],[106.3305,20.86161],[106.3295,20.85919],[106.32807,20.85711],[106.32671,20.85798],[106.32644,20.85742],[106.32542,20.85674],[106.31646,20.85621],[106.30712,20.85712],[106.27795,20.86305],[106.26318,20.86334],[106.26365,20.8643],[106.26414,20.86784],[106.27116,20.8677],[106.2735,20.87158],[106.2755,20.88279],[106.283,20.88088],[106.28456,20.88568],[106.28551,20.8853],[106.2867,20.88318],[106.29123,20.88176],[106.29191,20.88377],[106.29353,20.8844],[106.29647,20.88325],[106.29708,20.88559],[106.29815,20.88485],[106.29886,20.88573],[106.304,20.88826],[106.30803,20.88666],[106.30826,20.88697],[106.3098,20.88655],[106.31029,20.8861],[106.31091,20.88462],[106.31175,20.88466],[106.31167,20.88395],[106.31356,20.88334],[106.31347,20.88283],[106.3169,20.882],[106.31745,20.88066],[106.31896,20.88093],[106.32129,20.88202],[106.32204,20.88133],[106.32203,20.8809],[106.32273,20.88069],[106.32313,20.881],[106.32304,20.88172],[106.32366,20.88233],[106.32442,20.88249],[106.32483,20.88213],[106.32463,20.88063],[106.32594,20.87996],[106.32654,20.88021],[106.32699,20.88099],[106.32814,20.88429],[106.32851,20.88716]]]]}},
{"type":"Feature","id":"11002","properties":{"Ward_Code":"11002","Ward_Code_Num":11002,"Ward":"Thạch Khôi","Ward_Alt":"Thạch Khôi","Ward_Upper":"THẠCH KHÔI","Ward_Full":"Phường Thạch Khôi","Ward_Full_Alt":"Phường Thạch Khôi","Ward_Full_Upper_Alt":"PHƯỜNG THẠCH KHÔI","Ward_Type":"Phường","Province_Code":"31","Province":"Hải Phòng","Province_Upper_Alt":"HẢI PHÒNG"},"geometry":{"type":"MultiPolygon","coordinates":[[[[106.30886,20.91699],[106.31758,20.91838],[106.31953,20.92018],[106.32176,20.919],[106.3204,20.91441],[106.3224,20.91386],[106.32158,20.91071],[106.31924,20.90756],[106.31218,20.90069],[106.31706,20.89591],[106.31771,20.8969],[106.31977,20.89562],[106.3202,20.89658],[106.32581,20.8953],[106.32649,20.89558],[106.32886,20.89562],[106.33043,20.89428],[106.33295,20.89318],[106.33077,20.88956],[106.3287,20.88766],[106.32814,20.88429],[106.32654,20.88021],[106.32565,20.87997],[106.32463,20.88063],[106.32483,20.88213],[106.32442,20.88249],[106.32366,20.88233],[106.32304,20.88172],[106.32313,20.881],[106.32273,20.88069],[106.32203,20.8809],[106.32204,20.88133],[106.32129,20.88202],[106.31896,20.88093],[106.31745,20.88066],[106.3169,20.882],[106.31347,20.88283],[106.31356,20.88334],[106.31167,20.88395],[106.31175,20.88466],[106.31091,20.88462],[106.31029,20.8861],[106.3098,20.88655],[106.30826,20.88697],[106.30803,20.88666],[106.304,20.88826],[106.29886,20.88573],[106.29815,20.88485],[106.29708,20.88559],[106.29647,20.88325],[106.29353,20.8844],[106.29191,20.88377],[106.29123,20.88176],[106.2867,20.88318],[106.28551,20.8853],[106.28456,20.88568],[106.283,20.88088],[106.2755,20.88279],[106.27665,20.88878],[106.2801,20.89774],[106.26613,20.90301],[106.2662,20.90714],[106.26591,20.90953],[106.26541,20.91024],[106.26746,20.91107],[106.26789,20.91149],[106.26797,20.91212],[106.26781,20.91253],[106.26716,20.91281],[106.26581,20.91233],[106.26407,20.9129],[106.26567,20.91407],[106.26638,20.91651],[106.26773,20.91736],[106.26878,20.91873],[106.26993,20.919],[106.27127,20.91856],[106.27407,20.91669],[106.27576,20.91633],[106.27755,20.9155],[106.28281,20.91575],[106.28354,20.91611],[106.28464,20.9178],[106.28642,20.91886],[106.28723,20.91901],[106.28859,20.91875],[106.28958,20.91761],[106.29144,20.91624],[106.29453,20.91578],[106.29582,20.91624],[106.29652,20.91694],[106.29757,20.92023],[106.2986,20.9218],[106.30004,20.92271],[106.30176,20.92298],[106.30288,20.92248],[106.3041,20.9214],[106.30659,20.91816],[106.30779,20.91729],[106.30886,20.91699]]]]}},
{"type":"Feature","id":"11020","properties":{"Ward_Code":"11020","Ward_Code_Num":11020,"Ward":"Yết Kiêu","Ward_Alt":"Yết Kiêu","Ward_Upper":"YẾT KIÊU","Ward_Full":"Xã Yết Kiêu","Ward_Full_Alt":"Xã Yết Kiêu","Ward_Full_Upper_Alt":"XÃ YẾT KIÊU","Ward_Type":"Xã","Province_Code":"31","Province":"Hải Phòng","Province_Upper_Alt":"HẢI PHÒNG"},"geometry":{"type":"MultiPolygon","coordinates":[[[[106.26407,20.9129],[106.26581,20.91233],[106.26716,20.91281],[106.26781,20.91253],[106.26797,20.91212],[106.26789,20.91149],[106.26746,20.91107],[106.26541,20.91024],[106.26591,20.90953],[106.2662,20.90714],[106.26613,20.90301],[106.2801,20.89774],[106.27657,20.88848],[106.2735,20.87158],[106.27116,20.8677],[106.26414,20.86784],[106.26365,20.8643],[106.26318,20.86334],[106.27795,20.86305],[106.279,20.86105],[106.27651,20.85996],[106.27687,20.85873],[106.27665,20.85816],[106.27732,20.85774],[106.27646,20.857],[106.27611,20.85605],[106.27771,20.85584],[106.27913,20.85428],[106.27848,20.85046],[106.27687,20.85064],[106.27655,20.84951],[106.27604,20.84952],[106.27493,20.84749],[106.27396,20.8465],[106.27404,20.84623],[106.27437,20.84601],[106.27441,20.84662],[106.2748,20.84698],[106.27743,20.84749],[106.27914,20.8475],[106.27911,20.84689],[106.28124,20.84664],[106.28333,20.84758],[106.28344,20.84596],[106.28476,20.84632],[106.28514,20.84446],[106.28356,20.84439],[106.28362,20.84342],[106.28005,20.84126],[106.27938,20.84207],[106.2777,20.84093],[106.27572,20.84046],[106.27683,20.83678],[106.27576,20.83511],[106.27471,20.8342],[106.27397,20.8341],[106.27284,20.83459],[106.27246,20.83438],[106.27199,20.8328],[106.27366,20.83125],[106.27138,20.82903],[106.26995,20.83038],[106.26585,20.83227],[106.26477,20.83318],[106.25966,20.84285],[106.25843,20.85204],[106.25889,20.85438],[106.26034,20.85582],[106.25863,20.85627],[106.25755,20.85836],[106.2543,20.85775],[106.25286,20.85809],[106.25221,20.85886],[106.25187,20.86075],[106.25042,20.8606],[106.24836,20.86358],[106.24886,20.86446],[106.2479,20.86472],[106.24744,20.86543],[106.24848,20.86841],[106.2485,20.86994],[106.24712,20.87401],[106.24597,20.87472],[106.24343,20.87523],[106.24276,20.87593],[106.24264,20.87694],[106.24332,20.87827],[106.24641,20.88011],[106.24805,20.88213],[106.24798,20.88432],[106.24714,20.88642],[106.24588,20.88764],[106.24323,20.88814],[106.23953,20.88821],[106.2388,20.88885],[106.23843,20.88994],[106.23862,20.89193],[106.23934,20.89321],[106.24065,20.89411],[106.24356,20.89495],[106.24374,20.89795],[106.24313,20.89874],[106.24087,20.89978],[106.2407,20.90026],[106.24109,20.9011],[106.24838,20.90611],[106.25187,20.90666],[106.25416,20.90574],[106.25861,20.90717],[106.26278,20.90983],[106.26392,20.9114],[106.26407,20.9129]]]]}},
{"type":"Feature","id":"11050","properties":{"Ward_Code":"11050","Ward_Code_Num":11050,"Ward":"Gia Phúc","Ward_Alt":"Gia Phúc","Ward_Upper":"GIA PHÚC","Ward_Full":"Xã Gia Phúc","Ward_Full_Alt":"Xã Gia Phúc","Ward_Full_Upper_Alt":"XÃ GIA PHÚC","Ward_Type":"Xã","Province_Code":"31","Province":"Hải Phòng","Province_Upper_Alt":"HẢI PHÒNG"},"geometry":{"type":"MultiPolygon","coordinates":[[[[106.34119,20.85831],[106.33981,20.85754],[106.3402,20.85571],[106.34118,20.85462],[106.34428,20.85245],[106.34536,20.85035],[106.34529,20.84857],[106.34343,20.84677],[106.34248,20.84415],[106.34496,20.84232],[106.34776,20.84348],[106.35035,20.84302],[106.35064,20.84242],[106.35017,20.83971],[106.34858,20.83847],[106.34565,20.83851],[106.34362,20.8365],[106.34228,20.83628],[106.34208,20.83676],[106.34328,20.83793],[106.33835,20.84158],[106.33798,20.84117],[106.33726,20.8417],[106.33607,20.84195],[106.33566,20.84125],[106.33418,20.8417],[106.33391,20.84077],[106.33271,20.84128],[106.33237,20.84043],[106.33297,20.84021],[106.3315,20.83501],[106.3318,20.83496],[106.33168,20.83405],[106.33001,20.83464],[106.32788,20.83474],[106.32201,20.83875],[106.32122,20.83804],[106.32001,20.83869],[106.31779,20.83787],[106.31686,20.83862],[106.31752,20.84134],[106.31691,20.84164],[106.31678,20.84217],[106.31629,20.84129],[106.31535,20.84182],[106.31484,20.8406],[106.31381,20.83939],[106.31522,20.83694],[106.31332,20.83633],[106.31357,20.83501],[106.31263,20.83466],[106.31417,20.83039],[106.31352,20.83023],[106.31384,20.82894],[106.31325,20.82816],[106.31369,20.82768],[106.31303,20.82713],[106.31189,20.82827],[106.31152,20.8283],[106.31116,20.82788],[106.31114,20.82663],[106.3105,20.82619],[106.30976,20.82647],[106.30926,20.82593],[106.30862,20.82588],[106.30798,20.82692],[106.30778,20.82677],[106.30756,20.82493],[106.30705,20.82453],[106.31082,20.82059],[106.30992,20.81916],[106.31703,20.813],[106.31924,20.81449],[106.31974,20.81393],[106.32009,20.81325],[106.31916,20.81263],[106.31946,20.81227],[106.3188,20.81182],[106.31882,20.81107],[106.31833,20.81072],[106.31904,20.80988],[106.31864,20.80913],[106.3193,20.80871],[106.31909,20.80843],[106.3207,20.80711],[106.32044,20.80388],[106.32151,20.80187],[106.31488,20.79911],[106.31658,20.79718],[106.31546,20.79671],[106.31536,20.79602],[106.31239,20.79382],[106.30583,20.79922],[106.30485,20.7993],[106.30376,20.79689],[106.30259,20.79592],[106.30064,20.79526],[106.29941,20.79552],[106.29878,20.79604],[106.29757,20.79835],[106.29695,20.80131],[106.29716,20.80472],[106.29907,20.8082],[106.30008,20.81238],[106.2999,20.81318],[106.29878,20.81416],[106.29807,20.81424],[106.29502,20.81266],[106.29317,20.81108],[106.29036,20.80773],[106.28927,20.80439],[106.28725,20.80221],[106.28532,20.80145],[106.28386,20.80168],[106.28279,20.80226],[106.28085,20.80502],[106.28031,20.80644],[106.28043,20.80771],[106.28188,20.81054],[106.2818,20.81255],[106.28102,20.81392],[106.27997,20.81474],[106.27588,20.8166],[106.27468,20.81779],[106.27316,20.82097],[106.27309,20.82646],[106.27138,20.82903],[106.27366,20.83125],[106.27199,20.8328],[106.27246,20.83438],[106.27284,20.83459],[106.27397,20.8341],[106.27471,20.8342],[106.27576,20.83511],[106.27683,20.83678],[106.27572,20.84046],[106.2777,20.84093],[106.27938,20.84207],[106.28005,20.84126],[106.28362,20.84342],[106.28356,20.84439],[106.28514,20.84446],[106.28476,20.84632],[106.28344,20.84596],[106.28333,20.84758],[106.28124,20.84664],[106.27911,20.84689],[106.27914,20.8475],[106.27743,20.84749],[106.2748,20.84698],[106.27441,20.84662],[106.27437,20.84601],[106.27404,20.84623],[106.27396,20.8465],[106.27493,20.84749],[106.27604,20.84952],[106.27655,20.84951],[106.27687,20.85064],[106.27848,20.85046],[106.27913,20.85428],[106.27771,20.85584],[106.27611,20.85605],[106.27646,20.857],[106.27732,20.85774],[106.27665,20.85816],[106.27687,20.85873],[106.27651,20.85996],[106.279,20.86105],[106.27795,20.86305],[106.30712,20.85712],[106.31646,20.85621],[106.32542,20.85674],[106.32644,20.85742],[106.32671,20.85798],[106.32807,20.85711],[106.3295,20.85919],[106.3305,20.86161],[106.33188,20.86137],[106.33235,20.86209],[106.33353,20.86149],[106.33368,20.86173],[106.33619,20.86],[106.33675,20.86073],[106.33805,20.85988],[106.3386,20.86028],[106.34119,20.85831]]]]}},
{"type":"Feature","id":"11065","properties":{"Ward_Code":"11065","Ward_Code_Num":11065,"Ward":"Trường Tân","Ward_Alt":"Trường Tân","Ward_Upper":"TRƯỜNG TÂN","Ward_Full":"Xã Trường Tân","Ward_Full_Alt":"Xã Trường Tân","Ward_Full_Upper_Alt":"XÃ TRƯỜNG TÂN","Ward_Type":"Xã","Province_Code":"31","Province":"Hải Phòng","Province_Upper_Alt":"HẢI PHÒNG"},"geometry":{"type":"MultiPolygon","coordinates":[[[[106.25933,20.84426],[106.25989,20.84231],[106.26477,20.83318],[106.26585,20.83227],[106.26995,20.83038],[106.27251,20.82766],[106.27328,20.82554],[106.27323,20.82065],[106.27487,20.81751],[106.27588,20.8166],[106.27997,20.81474],[106.28141,20.81332],[106.28188,20.81234],[106.28199,20.81109],[106.28171,20.80996],[106.28043,20.80771],[106.28031,20.80644],[106.28199,20.80314],[106.28301,20.80208],[106.28532,20.80145],[106.28664,20.8018],[106.28757,20.80247],[106.28927,20.80439],[106.29036,20.80773],[106.29317,20.81108],[106.29502,20.81266],[106.29807,20.81424],[106.29878,20.81416],[106.2999,20.81318],[106.30008,20.81238],[106.29907,20.8082],[106.29716,20.80472],[106.29692,20.80304],[106.297,20.80085],[106.29757,20.79835],[106.29894,20.79583],[106.29857,20.79472],[106.298,20.79409],[106.29886,20.79427],[106.29937,20.79403],[106.30035,20.79277],[106.30056,20.7915],[106.30028,20.79009],[106.29721,20.78905],[106.29698,20.78782],[106.29742,20.78739],[106.29877,20.78723],[106.29971,20.78808],[106.30173,20.78516],[106.3009,20.78427],[106.29904,20.78442],[106.29829,20.78396],[106.29841,20.78228],[106.29788,20.7798],[106.29804,20.77938],[106.29992,20.77873],[106.29989,20.7778],[106.29911,20.7772],[106.29521,20.77626],[106.29445,20.77567],[106.29359,20.77584],[106.29406,20.77718],[106.29289,20.77866],[106.29147,20.77863],[106.29087,20.77936],[106.28932,20.78001],[106.28718,20.78027],[106.2876,20.78076],[106.28761,20.78138],[106.2875,20.78185],[106.28722,20.7818],[106.28673,20.78247],[106.28717,20.78292],[106.2865,20.78335],[106.2869,20.78361],[106.28593,20.78376],[106.28606,20.78405],[106.2854,20.78421],[106.28496,20.78501],[106.28301,20.78554],[106.28401,20.78593],[106.28319,20.78632],[106.28295,20.78609],[106.28163,20.7863],[106.27831,20.7812],[106.27382,20.78338],[106.27347,20.78388],[106.27373,20.78498],[106.27335,20.78576],[106.27278,20.78575],[106.27269,20.78623],[106.27342,20.7879],[106.27244,20.7884],[106.27188,20.7879],[106.27157,20.78804],[106.26966,20.78467],[106.27024,20.78318],[106.27089,20.78248],[106.27053,20.78106],[106.26043,20.78004],[106.26027,20.78264],[106.25821,20.7829],[106.25876,20.78506],[106.25608,20.78785],[106.25403,20.79137],[106.25531,20.79327],[106.2539,20.79393],[106.25347,20.79351],[106.25248,20.79414],[106.25187,20.79294],[106.25054,20.79412],[106.25014,20.79487],[106.2491,20.79558],[106.24807,20.79536],[106.2443,20.79308],[106.24242,20.79525],[106.24073,20.79426],[106.23972,20.79632],[106.23932,20.79651],[106.23993,20.79954],[106.24038,20.79962],[106.24047,20.80064],[106.24115,20.80173],[106.24252,20.80271],[106.24198,20.80307],[106.2455,20.80608],[106.24255,20.81204],[106.24163,20.81283],[106.24104,20.81254],[106.24012,20.81391],[106.24074,20.81435],[106.2415,20.8135],[106.24322,20.8139],[106.24368,20.81368],[106.2437,20.81403],[106.24438,20.81422],[106.24476,20.81471],[106.24549,20.81462],[106.24586,20.81497],[106.24509,20.81689],[106.24597,20.81689],[106.24684,20.81582],[106.24785,20.81551],[106.24843,20.81724],[106.24778,20.81762],[106.24809,20.81846],[106.24861,20.81854],[106.24833,20.81996],[106.24729,20.81999],[106.24447,20.81891],[106.24402,20.81957],[106.24351,20.81899],[106.24298,20.81889],[106.24208,20.81981],[106.24298,20.82068],[106.2429,20.82171],[106.25557,20.83303],[106.25396,20.83493],[106.25235,20.83424],[106.24808,20.84076],[106.25137,20.84097],[106.25623,20.84333],[106.25628,20.84376],[106.25746,20.84392],[106.25787,20.84368],[106.25831,20.84391],[106.25798,20.84431],[106.25838,20.84452],[106.25933,20.84426]]]]}},
{"type":"Feature","id":"11074","properties":{"Ward_Code":"11074","Ward_Code_Num":11074,"Ward":"Tứ Kỳ","Ward_Alt":"Tứ Kỳ","Ward_Upper":"TỨ KỲ","Ward_Full":"Xã Tứ Kỳ","Ward_Full_Alt":"Xã Tứ Kỳ","Ward_Full_Upper_Alt":"XÃ TỨ KỲ","Ward_Type":"Xã","Province_Code":"31","Province":"Hải Phòng","Province_Upper_Alt":"HẢI PHÒNG"},"geometry":{"type":"MultiPolygon","coordinates":[[[[106.39508,20.83428],[106.39313,20.83275],[106.39743,20.83113],[106.40347,20.82747],[106.41125,20.82378],[106.41347,20.82456],[106.41461,20.82428],[106.4146,20.8227],[106.4155,20.82235],[106.41642,20.82272],[106.41699,20.82229],[106.41518,20.82151],[106.41453,20.82063],[106.42026,20.81429],[106.41231,20.80792],[106.41463,20.80601],[106.41544,20.80397],[106.41498,20.79872],[106.41449,20.79743],[106.41257,20.79461],[106.41242,20.7929],[106.41325,20.79111],[106.41602,20.78753],[106.41654,20.7852],[106.41623,20.78374],[106.41558,20.78266],[106.41273,20.7806],[106.41227,20.77993],[106.41225,20.77871],[106.41306,20.77579],[106.41266,20.77417],[106.41171,20.77371],[106.40922,20.77392],[106.40757,20.7737],[106.40636,20.77285],[106.40556,20.77158],[106.4055,20.77051],[106.40602,20.7696],[106.40801,20.76824],[106.41115,20.76732],[106.4103,20.76678],[106.40807,20.76651],[106.40396,20.76672],[106.40276,20.769],[106.40186,20.76987],[106.40217,20.7705],[106.40095,20.77117],[106.39866,20.77337],[106.39532,20.77513],[106.39123,20.77607],[106.39069,20.77743],[106.39076,20.77943],[106.3915,20.78154],[106.3936,20.78517],[106.39356,20.78588],[106.39311,20.7864],[106.39045,20.78639],[106.38588,20.78553],[106.38408,20.78588],[106.38298,20.78674],[106.38198,20.7881],[106.38077,20.79216],[106.37967,20.79267],[106.37777,20.79251],[106.37149,20.78971],[106.37038,20.78977],[106.36918,20.79134],[106.36914,20.79311],[106.36984,20.79503],[106.37365,20.80033],[106.3733,20.8015],[106.37101,20.80285],[106.36684,20.80378],[106.36076,20.80391],[106.36014,20.80433],[106.35907,20.8059],[106.35884,20.80938],[106.35926,20.81234],[106.3601,20.81519],[106.35966,20.81622],[106.36182,20.81816],[106.36424,20.81918],[106.3681,20.82011],[106.36896,20.8208],[106.36927,20.82209],[106.36744,20.82342],[106.36679,20.82623],[106.36667,20.82916],[106.36602,20.83065],[106.37108,20.83921],[106.37124,20.84],[106.37535,20.83888],[106.37605,20.84126],[106.37852,20.84084],[106.37817,20.84484],[106.38031,20.8443],[106.38105,20.84667],[106.38179,20.84684],[106.38218,20.84624],[106.39008,20.84437],[106.39094,20.84524],[106.39233,20.84361],[106.39254,20.8431],[106.39229,20.84285],[106.39318,20.84209],[106.39293,20.84135],[106.39341,20.84122],[106.39329,20.84069],[106.39456,20.83916],[106.39349,20.83792],[106.39615,20.83592],[106.39488,20.83448],[106.39508,20.83428]]]]}},
{"type":"Feature","id":"11086","properties":{"Ward_Code":"11086","Ward_Code_Num":11086,"Ward":"Đại Sơn","Ward_Alt":"Đại Sơn","Ward_Upper":"ĐẠI SƠN","Ward_Full":"Xã Đại Sơn","Ward_Full_Alt":"Xã Đại Sơn","Ward_Full_Upper_Alt":"XÃ ĐẠI SƠN","Ward_Type":"Xã","Province_Code":"31","Province":"Hải Phòng","Province_Upper_Alt":"HẢI PHÒNG"},"geometry":{"type":"MultiPolygon","coordinates":[[[[106.37631,20.89252],[106.37687,20.89219],[106.38242,20.89118],[106.38763,20.88916],[106.39058,20.88699],[106.39572,20.88178],[106.39699,20.87833],[106.39756,20.87424],[106.39706,20.86972],[106.39643,20.8674],[106.39393,20.86149],[106.39327,20.85917],[106.39315,20.85696],[106.39391,20.85504],[106.39756,20.85211],[106.40767,20.84989],[106.41205,20.84862],[106.41119,20.84718],[106.41032,20.84668],[106.41051,20.84503],[106.40993,20.84361],[106.40996,20.84239],[106.40904,20.84193],[106.40909,20.84116],[106.40596,20.83963],[106.40571,20.84005],[106.40464,20.8396],[106.40438,20.83998],[106.40254,20.83996],[106.39508,20.83428],[106.39488,20.83448],[106.39615,20.83592],[106.39349,20.83792],[106.39456,20.83916],[106.39329,20.84069],[106.39341,20.84122],[106.39293,20.84135],[106.39318,20.84209],[106.39229,20.84285],[106.39254,20.8431],[106.3916,20.84419],[106.39177,20.84446],[106.39094,20.84524],[106.39008,20.84437],[106.38218,20.84624],[106.37965,20.84925],[106.37966,20.8504],[106.38034,20.85171],[106.37895,20.85218],[106.37737,20.85329],[106.37648,20.8531],[106.37562,20.85527],[106.3727,20.85162],[106.3711,20.85275],[106.37047,20.85198],[106.36849,20.85349],[106.36237,20.84839],[106.36112,20.84994],[106.3602,20.84938],[106.35404,20.85336],[106.35544,20.85515],[106.35243,20.85742],[106.35323,20.85819],[106.34919,20.86153],[106.34975,20.8627],[106.35108,20.86427],[106.35142,20.86554],[106.35129,20.86733],[106.35032,20.86807],[106.3484,20.86861],[106.34823,20.87021],[106.34486,20.87222],[106.34823,20.87544],[106.34789,20.87592],[106.34888,20.87664],[106.34776,20.87795],[106.34951,20.87939],[106.34746,20.88164],[106.34835,20.8824],[106.34782,20.88311],[106.35356,20.88558],[106.35508,20.88698],[106.35539,20.88674],[106.3598,20.8906],[106.3609,20.89107],[106.36147,20.89356],[106.36406,20.89332],[106.37114,20.89367],[106.37407,20.89328],[106.37631,20.89252]]]]}},
{"type":"Feature","id":"11113","properties":{"Ward_Code":"11113","Ward_Code_Num":11113,"Ward":"Tân Kỳ","Ward_Alt":"Tân Kỳ","Ward_Upper":"TÂN KỲ","Ward_Full":"Xã Tân Kỳ","Ward_Full_Alt":"Xã Tân Kỳ","Ward_Full_Upper_Alt":"XÃ TÂN KỲ","Ward_Type":"Xã","Province_Code":"31","Province":"Hải Phòng","Province_Upper_Alt":"HẢI PHÒNG"},"geometry":{"type":"MultiPolygon","coordinates":[[[[106.3554,20.8552],[106.35404,20.85336],[106.3602,20.84938],[106.36112,20.84994],[106.36237,20.84839],[106.36849,20.85349],[106.37047,20.85198],[106.3711,20.85275],[106.3727,20.85162],[106.37562,20.85527],[106.37648,20.8531],[106.37737,20.85329],[106.37895,20.85218],[106.38034,20.85171],[106.37966,20.8504],[106.37965,20.84925],[106.38179,20.84684],[106.38105,20.84667],[106.38031,20.8443],[106.37817,20.84484],[106.37852,20.84084],[106.37605,20.84126],[106.37535,20.83888],[106.37124,20.84],[106.37108,20.83921],[106.36602,20.83065],[106.36667,20.82916],[106.36679,20.82623],[106.36744,20.82342],[106.36927,20.82209],[106.36868,20.82039],[106.36274,20.8186],[106.36131,20.81782],[106.35966,20.81622],[106.35755,20.81541],[106.35626,20.81369],[106.35529,20.8102],[106.35422,20.80911],[106.35312,20.80906],[106.35217,20.80942],[106.34839,20.81175],[106.34732,20.81179],[106.34644,20.81138],[106.34471,20.80974],[106.34192,20.80513],[106.33923,20.8033],[106.33784,20.80171],[106.33771,20.80068],[106.33856,20.79884],[106.33876,20.79751],[106.3379,20.79554],[106.33609,20.79432],[106.33427,20.79388],[106.33203,20.79389],[106.32857,20.79498],[106.32753,20.79476],[106.32694,20.794],[106.32724,20.79112],[106.32628,20.78939],[106.32468,20.78828],[106.323,20.78764],[106.32137,20.78775],[106.32049,20.78881],[106.31667,20.79706],[106.31488,20.79911],[106.32151,20.80187],[106.32044,20.80388],[106.3207,20.80711],[106.31909,20.80843],[106.3193,20.80871],[106.31864,20.80913],[106.31904,20.80988],[106.31833,20.81072],[106.31882,20.81107],[106.3188,20.81182],[106.31946,20.81227],[106.31916,20.81263],[106.32009,20.81325],[106.31924,20.81449],[106.31703,20.813],[106.30992,20.81916],[106.31082,20.82059],[106.30705,20.82453],[106.30756,20.82493],[106.30741,20.82519],[106.30798,20.82692],[106.30862,20.82588],[106.30926,20.82593],[106.30976,20.82647],[106.3105,20.82619],[106.31114,20.82663],[106.31116,20.82788],[106.31152,20.8283],[106.31189,20.82827],[106.31303,20.82713],[106.31369,20.82768],[106.31325,20.82816],[106.31384,20.82894],[106.31352,20.83023],[106.31417,20.83039],[106.31263,20.83466],[106.31357,20.83501],[106.31332,20.83633],[106.31522,20.83694],[106.31381,20.83939],[106.31484,20.8406],[106.31535,20.84182],[106.31629,20.84129],[106.31678,20.84217],[106.31691,20.84164],[106.31752,20.84134],[106.31686,20.83862],[106.31779,20.83787],[106.32001,20.83869],[106.32122,20.83804],[106.32201,20.83875],[106.32788,20.83474],[106.33001,20.83464],[106.33168,20.83405],[106.3318,20.83496],[106.3315,20.83501],[106.33297,20.84021],[106.33237,20.84043],[106.33271,20.84128],[106.33391,20.84077],[106.33418,20.8417],[106.33566,20.84125],[106.33607,20.84195],[106.33726,20.8417],[106.33798,20.84117],[106.33835,20.84158],[106.34204,20.83908],[106.34328,20.83793],[106.34208,20.83676],[106.34228,20.83628],[106.34362,20.8365],[106.34565,20.83851],[106.34858,20.83847],[106.35017,20.83971],[106.35063,20.84265],[106.35006,20.84316],[106.34802,20.8435],[106.34695,20.84331],[106.34496,20.84232],[106.34258,20.844],[106.34246,20.84447],[106.34343,20.84677],[106.34529,20.84857],[106.3453,20.85079],[106.34428,20.85245],[106.34338,20.85329],[106.34061,20.85509],[106.3402,20.85571],[106.33991,20.85772],[106.34386,20.86007],[106.34453,20.86],[106.34594,20.859],[106.34684,20.85909],[106.34844,20.86038],[106.34919,20.86153],[106.35323,20.85819],[106.35243,20.85742],[106.3554,20.8552]]]]}},
{"type":"Feature","id":"11131","properties":{"Ward_Code":"11131","Ward_Code_Num":11131,"Ward":"Chí Minh","Ward_Alt":"Chí Minh","Ward_Upper":"CHÍ MINH","Ward_Full":"Xã Chí Minh","Ward_Full_Alt":"Xã Chí Minh","Ward_Full_Upper_Alt":"XÃ CHÍ MINH","Ward_Type":"Xã","Province_Code":"31","Province":"Hải Phòng","Province_Upper_Alt":"HẢI PHÒNG"},"geometry":{"type":"MultiPolygon","coordinates":[[[[106.44829,20.86018],[106.44788,20.85776],[106.44806,20.85666],[106.44961,20.85217],[106.45009,20.84941],[106.44954,20.84765],[106.44967,20.84658],[106.44547,20.83943],[106.44042,20.82771],[106.43924,20.82401],[106.43906,20.82229],[106.4395,20.81905],[106.44128,20.81443],[106.44232,20.81337],[106.44342,20.81305],[106.44862,20.81359],[106.45211,20.81487],[106.45509,20.81639],[106.46335,20.8224],[106.46539,20.82283],[106.4671,20.82254],[106.4691,20.82129],[106.47182,20.81842],[106.47681,20.81133],[106.48261,20.80174],[106.48448,20.7997],[106.47088,20.79289],[106.46997,20.79437],[106.46797,20.79446],[106.46683,20.79536],[106.46427,20.79563],[106.46341,20.79527],[106.4623,20.79422],[106.46008,20.79421],[106.45731,20.79253],[106.45589,20.79221],[106.4534,20.79229],[106.44986,20.79346],[106.44565,20.78974],[106.44537,20.78999],[106.44479,20.78948],[106.44527,20.7887],[106.445,20.78686],[106.44405,20.78468],[106.44311,20.78371],[106.44091,20.7829],[106.43962,20.78281],[106.43714,20.7839],[106.43675,20.78466],[106.43665,20.78606],[106.43516,20.78491],[106.43478,20.77844],[106.4338,20.77849],[106.43372,20.77688],[106.4335,20.77688],[106.43212,20.77724],[106.43207,20.77832],[106.43079,20.77822],[106.4295,20.78112],[106.43012,20.78169],[106.42976,20.78272],[106.42937,20.78279],[106.42929,20.7825],[106.42874,20.7827],[106.42898,20.7837],[106.42785,20.78356],[106.42722,20.78438],[106.42638,20.78392],[106.42528,20.78396],[106.42478,20.78446],[106.42465,20.78484],[106.42594,20.78531],[106.42681,20.78668],[106.42652,20.78699],[106.42671,20.78803],[106.4271,20.78805],[106.42739,20.78743],[106.42786,20.78818],[106.42762,20.78911],[106.42555,20.78869],[106.42547,20.78907],[106.42423,20.78775],[106.42363,20.79241],[106.42214,20.79281],[106.42024,20.79276],[106.42011,20.79424],[106.41862,20.79351],[106.41721,20.79097],[106.41409,20.79],[106.41254,20.79248],[106.41248,20.79438],[106.41449,20.79743],[106.41498,20.79872],[106.41544,20.80397],[106.41463,20.80601],[106.41231,20.80792],[106.42026,20.81429],[106.41453,20.82063],[106.41518,20.82151],[106.41699,20.82229],[106.41642,20.82272],[106.4155,20.82235],[106.4146,20.8227],[106.41461,20.82428],[106.41397,20.82459],[106.41125,20.82378],[106.40347,20.82747],[106.39743,20.83113],[106.39313,20.83275],[106.40254,20.83996],[106.40438,20.83998],[106.40464,20.8396],[106.40571,20.84005],[106.40596,20.83963],[106.40909,20.84116],[106.40904,20.84193],[106.40996,20.84239],[106.40993,20.84361],[106.41051,20.84503],[106.41032,20.84668],[106.41119,20.84718],[106.41205,20.84862],[106.42495,20.84412],[106.42878,20.84387],[106.43154,20.84409],[106.43713,20.84566],[106.43952,20.8482],[106.44106,20.85077],[106.44192,20.8544],[106.44207,20.85749],[106.44249,20.85828],[106.44464,20.85992],[106.44829,20.86018]]]]}},
{"type":"Feature","id":"11140","properties":{"Ward_Code":"11140","Ward_Code_Num":11140,"Ward":"Lạc Phượng","Ward_Alt":"Lạc Phượng","Ward_Upper":"LẠC PHƯỢNG","Ward_Full":"Xã Lạc Phượng","Ward_Full_Alt":"Xã Lạc Phượng","Ward_Full_Upper_Alt":"XÃ LẠC PHƯỢNG","Ward_Type":"Xã","Province_Code":"31","Province":"Hải Phòng","Province_Upper_Alt":"HẢI PHÒNG"},"geometry":{"type":"MultiPolygon","coordinates":[[[[106.49294,20.7706],[106.49052,20.77155],[106.49079,20.77204],[106.48996,20.7727],[106.48987,20.77219],[106.48437,20.77188],[106.48439,20.77234],[106.48391,20.77245],[106.48389,20.77281],[106.48252,20.7728],[106.48242,20.77319],[106.48205,20.77324],[106.48172,20.77174],[106.47596,20.77142],[106.47577,20.76977],[106.47302,20.77138],[106.47275,20.77108],[106.46408,20.77066],[106.46398,20.76815],[106.46494,20.76702],[106.46668,20.76594],[106.46768,20.76406],[106.46795,20.76214],[106.46737,20.76041],[106.46638,20.75922],[106.46504,20.75829],[106.46365,20.75782],[106.46233,20.75778],[106.46114,20.75828],[106.45996,20.7611],[106.4588,20.76214],[106.4559,20.76255],[106.45358,20.76145],[106.45248,20.75993],[106.45206,20.75746],[106.4522,20.75592],[106.45293,20.7541],[106.45567,20.75226],[106.45622,20.75143],[106.45577,20.7509],[106.45413,20.75039],[106.45264,20.75088],[106.45038,20.75296],[106.44896,20.75336],[106.44664,20.75301],[106.44508,20.75186],[106.44268,20.75106],[106.44186,20.75142],[106.44151,20.75289],[106.44057,20.75378],[106.43566,20.75506],[106.43469,20.75631],[106.43484,20.75915],[106.43455,20.76007],[106.43367,20.76061],[106.43098,20.76073],[106.42961,20.76138],[106.4291,20.76249],[106.429,20.76574],[106.42825,20.76661],[106.42691,20.76733],[106.42475,20.76779],[106.41115,20.76732],[106.40716,20.76867],[106.40583,20.76981],[106.40545,20.77098],[106.40596,20.77234],[106.40718,20.77354],[106.40878,20.77391],[106.4118,20.77372],[106.41282,20.77439],[106.41306,20.77579],[106.41225,20.77871],[106.41227,20.77993],[106.41273,20.7806],[106.41558,20.78266],[106.41651,20.78479],[106.41611,20.78735],[106.41409,20.79],[106.41721,20.79097],[106.41832,20.79315],[106.4193,20.79401],[106.42012,20.79424],[106.42024,20.79276],[106.42214,20.79281],[106.42363,20.79241],[106.42423,20.78775],[106.42534,20.78903],[106.42555,20.78869],[106.42762,20.78911],[106.42786,20.78818],[106.42764,20.78765],[106.42729,20.78744],[106.4271,20.78805],[106.42671,20.78803],[106.42652,20.78699],[106.42681,20.78668],[106.42594,20.78531],[106.42465,20.78484],[106.42478,20.78446],[106.42528,20.78396],[106.42638,20.78392],[106.42722,20.78438],[106.42785,20.78356],[106.42898,20.7837],[106.42874,20.7827],[106.42929,20.7825],[106.42937,20.78279],[106.42976,20.78272],[106.43012,20.78169],[106.4295,20.78112],[106.43079,20.77822],[106.43207,20.77832],[106.43212,20.77724],[106.43372,20.77688],[106.43377,20.77845],[106.43478,20.77844],[106.43516,20.78491],[106.43665,20.78606],[106.43675,20.78466],[106.43714,20.7839],[106.43962,20.78281],[106.44091,20.7829],[106.44311,20.78371],[106.44405,20.78468],[106.445,20.78686],[106.44527,20.7887],[106.44479,20.78948],[106.44537,20.78999],[106.44565,20.78974],[106.44986,20.79346],[106.4534,20.79229],[106.45589,20.79221],[106.45731,20.79253],[106.46008,20.79421],[106.4623,20.79422],[106.46341,20.79527],[106.46427,20.79563],[106.46683,20.79536],[106.46797,20.79446],[106.46997,20.79437],[106.47088,20.79289],[106.48116,20.79801],[106.48216,20.79657],[106.48651,20.79197],[106.4871,20.79054],[106.48991,20.78758],[106.49164,20.78387],[106.49236,20.78386],[106.49318,20.78129],[106.49247,20.78109],[106.49367,20.7791],[106.49479,20.77583],[106.49435,20.77251],[106.49294,20.7706]]]]}},
{"type":"Feature","id":"11146","properties":{"Ward_Code":"11146","Ward_Code_Num":11146,"Ward":"Nguyên Giáp","Ward_Alt":"Nguyên Giáp","Ward_Upper":"NGUYÊN GIÁP","Ward_Full":"Xã Nguyên Giáp","Ward_Full_Alt":"Xã Nguyên Giáp","Ward_Full_Upper_Alt":"XÃ NGUYÊN GIÁP","Ward_Type":"Xã","Province_Code":"31","Province":"Hải Phòng","Province_Upper_Alt":"HẢI PHÒNG"},"geometry":{"type":"MultiPolygon","coordinates":[[[[106.48242,20.77319],[106.48252,20.7728],[106.48389,20.77281],[106.48391,20.77245],[106.48439,20.77234],[106.48437,20.77188],[106.48987,20.77219],[106.48996,20.7727],[106.49079,20.77204],[106.49052,20.77155],[106.49598,20.76946],[106.49364,20.76631],[106.493,20.76449],[106.49305,20.76269],[106.49415,20.76081],[106.49645,20.76106],[106.49745,20.76062],[106.49809,20.75984],[106.49152,20.75289],[106.48865,20.751],[106.48633,20.75032],[106.48221,20.75015],[106.47894,20.75132],[106.47506,20.75369],[106.47353,20.75386],[106.47218,20.75301],[106.46878,20.7464],[106.46741,20.74429],[106.46619,20.74319],[106.4639,20.74233],[106.46221,20.74246],[106.45738,20.74447],[106.45489,20.744],[106.4528,20.74295],[106.45222,20.7415],[106.4524,20.7406],[106.45314,20.73962],[106.45877,20.73703],[106.46091,20.73569],[106.46296,20.73388],[106.4649,20.7309],[106.46547,20.7281],[106.46454,20.72564],[106.46371,20.72461],[106.46118,20.72279],[106.45904,20.722],[106.45454,20.72137],[106.45218,20.72182],[106.45116,20.72262],[106.451,20.72411],[106.45283,20.7273],[106.45289,20.73058],[106.4508,20.73522],[106.4495,20.73593],[106.44767,20.73626],[106.44679,20.7359],[106.44622,20.73507],[106.44642,20.73124],[106.44621,20.72965],[106.44392,20.72574],[106.43937,20.7209],[106.4378,20.72029],[106.43651,20.72042],[106.43538,20.7216],[106.43399,20.72582],[106.43261,20.72792],[106.43049,20.73008],[106.4264,20.73263],[106.42466,20.73342],[106.4154,20.73531],[106.41376,20.73522],[106.41164,20.73389],[106.40944,20.73542],[106.40881,20.73647],[106.409,20.73742],[106.41313,20.74396],[106.41308,20.7453],[106.41232,20.74696],[106.41124,20.74839],[106.40846,20.75014],[106.40522,20.75126],[106.39933,20.75223],[106.39865,20.7531],[106.39874,20.75437],[106.39919,20.75528],[106.40299,20.75772],[106.404,20.75921],[106.40474,20.76314],[106.40396,20.76672],[106.40837,20.76652],[106.4103,20.76678],[106.41115,20.76732],[106.42514,20.76778],[106.42756,20.76703],[106.42885,20.766],[106.4292,20.76481],[106.4291,20.76249],[106.42972,20.76128],[106.43098,20.76073],[106.43367,20.76061],[106.43447,20.76017],[106.43484,20.75915],[106.43469,20.75631],[106.43566,20.75506],[106.44057,20.75378],[106.44151,20.75289],[106.44186,20.75142],[106.44268,20.75106],[106.44508,20.75186],[106.44664,20.75301],[106.44896,20.75336],[106.45054,20.75286],[106.45278,20.75079],[106.45434,20.75042],[106.45583,20.75093],[106.45622,20.75143],[106.45567,20.75226],[106.45293,20.7541],[106.4522,20.75592],[106.45206,20.75746],[106.45248,20.75993],[106.45358,20.76145],[106.4559,20.76255],[106.4588,20.76214],[106.45996,20.7611],[106.46114,20.75828],[106.46233,20.75778],[106.46365,20.75782],[106.46504,20.75829],[106.46638,20.75922],[106.46737,20.76041],[106.46795,20.76214],[106.46768,20.76406],[106.46668,20.76594],[106.46494,20.76702],[106.46398,20.76815],[106.46408,20.77066],[106.47275,20.77108],[106.47302,20.77138],[106.47577,20.76977],[106.47596,20.77142],[106.48172,20.77174],[106.48205,20.77324],[106.48242,20.77319]]]]}},
{"type":"Feature","id":"11164","properties":{"Ward_Code":"11164","Ward_Code_Num":11164,"Ward":"Vĩnh Lại","Ward_Alt":"Vĩnh Lại","Ward_Upper":"VĨNH LẠI","Ward_Full":"Xã Vĩnh Lại","Ward_Full_Alt":"Xã Vĩnh Lại","Ward_Full_Upper_Alt":"XÃ VĨNH LẠI","Ward_Type":"Xã","Province_Code":"31","Province":"Hải Phòng","Province_Upper_Alt":"HẢI PHÒNG"},"geometry":{"type":"MultiPolygon","coordinates":[[[[106.35884,20.80938],[106.35907,20.8059],[106.36033,20.80411],[106.36684,20.80378],[106.37007,20.80312],[106.37188,20.8025],[106.37353,20.80117],[106.37348,20.80001],[106.37013,20.79548],[106.36927,20.79363],[106.36918,20.79134],[106.37038,20.78977],[106.37149,20.78971],[106.37777,20.79251],[106.37991,20.79263],[106.38087,20.79198],[106.38207,20.78794],[106.38393,20.78595],[106.38588,20.78553],[106.39243,20.78652],[106.39321,20.78634],[106.39364,20.78559],[106.3915,20.78154],[106.39076,20.77943],[106.39069,20.77743],[106.39125,20.77604],[106.39096,20.77449],[106.3914,20.77401],[106.39022,20.77302],[106.38991,20.77352],[106.38906,20.77295],[106.38851,20.77374],[106.38782,20.77218],[106.38697,20.77162],[106.38658,20.77094],[106.3846,20.76975],[106.38456,20.76834],[106.38425,20.76801],[106.38345,20.76788],[106.38303,20.76835],[106.38131,20.76788],[106.38114,20.76751],[106.38254,20.76627],[106.38214,20.76492],[106.38186,20.76478],[106.38117,20.76527],[106.3792,20.7652],[106.37899,20.76434],[106.37816,20.76428],[106.37907,20.76184],[106.37598,20.76076],[106.3758,20.755],[106.37529,20.7549],[106.37633,20.75304],[106.37412,20.7525],[106.37442,20.75129],[106.37264,20.75093],[106.37359,20.749389999999998],[106.37481,20.74964],[106.37517,20.74746],[106.37433,20.74733],[106.37269,20.74787],[106.37082,20.74526],[106.36966,20.74453],[106.36396,20.74618],[106.36399,20.74668],[106.36241,20.74639],[106.3622,20.74588],[106.36077,20.74588],[106.36144,20.74901],[106.36323,20.75394],[106.3634,20.75594],[106.36315,20.75718],[106.35903,20.76146],[106.35396,20.76757],[106.35156,20.77007],[106.34936,20.77178],[106.34922,20.77309],[106.34743,20.77269],[106.34592,20.77194],[106.34513,20.7732],[106.34399,20.77268],[106.34317,20.77478],[106.3414,20.77594],[106.33904,20.77433],[106.33846,20.77339],[106.338,20.77068],[106.33757,20.76997],[106.3371,20.7713],[106.33524,20.77069],[106.33431,20.77206],[106.33262,20.77116],[106.32946,20.77586],[106.33016,20.77616],[106.32848,20.77908],[106.32721,20.77952],[106.32494,20.7795],[106.32321,20.78083],[106.3218,20.77996],[106.32108,20.78247],[106.32054,20.78779],[106.32084,20.78816],[106.32184,20.7876],[106.323,20.78764],[106.32468,20.78828],[106.32628,20.78939],[106.32724,20.79112],[106.32694,20.794],[106.32729,20.79458],[106.32857,20.79498],[106.33203,20.79389],[106.33483,20.79393],[106.33609,20.79432],[106.3379,20.79554],[106.33876,20.79751],[106.33856,20.79884],[106.33771,20.80068],[106.33784,20.80171],[106.33923,20.8033],[106.34192,20.80513],[106.34471,20.80974],[106.34644,20.81138],[106.34732,20.81179],[106.34839,20.81175],[106.35217,20.80942],[106.35312,20.80906],[106.35422,20.80911],[106.35529,20.8102],[106.35599,20.81303],[106.35688,20.81476],[106.35774,20.81553],[106.35966,20.81622],[106.36006,20.8155],[106.36005,20.8147],[106.35944,20.81315],[106.35884,20.80938]]]]}},
{"type":"Feature","id":"11167","properties":{"Ward_Code":"11167","Ward_Code_Num":11167,"Ward":"Tân An","Ward_Alt":"Tân An","Ward_Upper":"TÂN AN","Ward_Full":"Xã Tân An","Ward_Full_Alt":"Xã Tân An","Ward_Full_Upper_Alt":"XÃ TÂN AN","Ward_Type":"Xã","Province_Code":"31","Province":"Hải Phòng","Province_Upper_Alt":"HẢI PHÒNG"},"geometry":{"type":"MultiPolygon","coordinates":[[[[106.3102,20.7956],[106.31239,20.79382],[106.31536,20.79602],[106.31546,20.79671],[106.31658,20.79718],[106.32084,20.78816],[106.3205,20.7874],[106.32108,20.78247],[106.32172,20.78005],[106.32202,20.77994],[106.32321,20.78083],[106.32494,20.7795],[106.32721,20.77952],[106.32848,20.77908],[106.33016,20.77616],[106.32946,20.77586],[106.33262,20.77116],[106.33431,20.77206],[106.33524,20.77069],[106.3371,20.7713],[106.33757,20.76997],[106.338,20.77068],[106.33846,20.77339],[106.33904,20.77433],[106.3414,20.77594],[106.34317,20.77478],[106.34399,20.77268],[106.34513,20.7732],[106.34592,20.77194],[106.34525,20.77146],[106.3457,20.76819],[106.34515,20.76506],[106.34386,20.76231],[106.34252,20.76096],[106.34127,20.76096],[106.34004,20.76223],[106.33968,20.76336],[106.33997,20.76587],[106.33905,20.76673],[106.32986,20.76744],[106.32811,20.76716],[106.32707,20.76625],[106.32721,20.76507],[106.329,20.76328],[106.32941,20.76217],[106.32937,20.75969],[106.32904,20.75908],[106.32743,20.75792],[106.32401,20.75681],[106.32743,20.75033],[106.32562,20.74962],[106.32617,20.74956],[106.32776,20.74769],[106.32668,20.74682],[106.3252,20.74621],[106.32028,20.73592],[106.32304,20.73551],[106.322,20.73128],[106.32438,20.73057],[106.32389,20.72706],[106.32401,20.72344],[106.32363,20.72281],[106.32365,20.72171],[106.32173,20.72038],[106.32006,20.71868],[106.31892,20.71892],[106.31876,20.71996],[106.31735,20.72056],[106.31667,20.72043],[106.31453,20.72238],[106.31035,20.72351],[106.31034,20.72496],[106.30835,20.72491],[106.30571,20.72378],[106.30592,20.72747],[106.30487,20.72813],[106.30206,20.7319],[106.30102,20.73146],[106.29694,20.73506],[106.2969,20.73534],[106.29822,20.73568],[106.29876,20.73631],[106.29973,20.73809],[106.30056,20.74064],[106.30051,20.74217],[106.30016,20.74296],[106.29922,20.74365],[106.29792,20.74398],[106.29824,20.74441],[106.29965,20.7462],[106.30135,20.74547],[106.30204,20.74418],[106.30359,20.74346],[106.30506,20.7456],[106.30456,20.74752],[106.30182,20.74887],[106.30371,20.75122],[106.30387,20.7529],[106.30209,20.75259],[106.30091,20.75311],[106.30044,20.75401],[106.30044,20.75642],[106.29959,20.75717],[106.2981,20.75747],[106.29403,20.75735],[106.29201,20.75815],[106.28874,20.76013],[106.28842,20.7607],[106.28862,20.76141],[106.29003,20.76287],[106.29103,20.76488],[106.29065,20.76768],[106.28982,20.76886],[106.28854,20.76931],[106.28747,20.76876],[106.28713,20.76796],[106.2872,20.76558],[106.28632,20.76411],[106.28389,20.76676],[106.28436,20.76781],[106.28447,20.76909],[106.28532,20.76868],[106.28629,20.77008],[106.28513,20.77108],[106.28486,20.77061],[106.28426,20.77046],[106.28341,20.77377],[106.28462,20.77478],[106.28314,20.77623],[106.28538,20.78012],[106.28664,20.78044],[106.28802,20.78002],[106.28916,20.78006],[106.29087,20.77936],[106.29147,20.77863],[106.29284,20.77869],[106.29406,20.77718],[106.29358,20.77587],[106.29414,20.77563],[106.29521,20.77626],[106.29878,20.77706],[106.29989,20.7778],[106.29984,20.77889],[106.29804,20.77938],[106.29788,20.7798],[106.29841,20.78228],[106.29829,20.78396],[106.29904,20.78442],[106.3009,20.78427],[106.30173,20.78516],[106.29971,20.78808],[106.29877,20.78723],[106.29742,20.78739],[106.29696,20.78799],[106.29721,20.78905],[106.29902,20.78983],[106.29961,20.7897],[106.30045,20.79042],[106.30056,20.7915],[106.30007,20.79327],[106.29915,20.79421],[106.298,20.79409],[106.29857,20.79472],[106.29894,20.79583],[106.30064,20.79526],[106.30259,20.79592],[106.30376,20.79689],[106.30485,20.7993],[106.30586,20.7992],[106.3102,20.7956]]]]}},
{"type":"Feature","id":"11203","properties":{"Ward_Code":"11203","Ward_Code_Num":11203,"Ward":"Ninh Giang","Ward_Alt":"Ninh Giang","Ward_Upper":"NINH GIANG","Ward_Full":"Xã Ninh Giang","Ward_Full_Alt":"Xã Ninh Giang","Ward_Full_Upper_Alt":"XÃ NINH GIANG","Ward_Type":"Xã","Province_Code":"31","Province":"Hải Phòng","Province_Upper_Alt":"HẢI PHÒNG"},"geometry":{"type":"MultiPolygon","coordinates":[[[[106.39883,20.77324],[106.40095,20.77117],[106.40217,20.7705],[106.40186,20.76987],[106.40292,20.76875],[106.40435,20.76557],[106.40474,20.76252],[106.4037,20.75856],[106.40272,20.75751],[106.39919,20.75528],[106.39865,20.754],[106.3988,20.75266],[106.39948,20.75219],[106.40571,20.75114],[106.40912,20.74982],[106.41186,20.74769],[106.41308,20.7453],[106.413,20.74359],[106.40966,20.73873],[106.40886,20.73706],[106.409,20.73588],[106.41164,20.73389],[106.40985,20.73191],[106.40823,20.72893],[106.40718,20.72828],[106.40272,20.72903],[106.40176,20.72883],[106.40072,20.72775],[106.39961,20.72476],[106.39774,20.7251],[106.39642,20.72368],[106.39584,20.7235],[106.39544,20.72388],[106.39467,20.72287],[106.39358,20.72215],[106.39386,20.72181],[106.3892,20.7173],[106.38729,20.71594],[106.38746,20.715699999999998],[106.38355,20.71355],[106.38368,20.71319],[106.38286,20.71319],[106.38244,20.71286],[106.38275,20.7117],[106.37558,20.71101],[106.37255,20.71011],[106.37016,20.70884],[106.36896,20.71046],[106.3699,20.71101],[106.3688,20.71268],[106.36694,20.71437],[106.36493,20.71551],[106.3624,20.71621],[106.36017,20.71629],[106.35525,20.7155],[106.35356,20.716],[106.35102,20.71759],[106.34833,20.72087],[106.34352,20.73012],[106.34366,20.73148],[106.34515,20.73371],[106.34649,20.73502],[106.34754,20.73556],[106.35015,20.73556],[106.35357,20.73463],[106.35507,20.73487],[106.35653,20.73566],[106.35794,20.73706],[106.35954,20.73981],[106.36006,20.74114],[106.36077,20.74588],[106.3622,20.74588],[106.36241,20.74639],[106.36399,20.74668],[106.36396,20.74618],[106.36966,20.74453],[106.37082,20.74526],[106.37269,20.74787],[106.37433,20.74733],[106.37513,20.74741],[106.37481,20.74964],[106.37366,20.74935],[106.37263,20.75086],[106.37292,20.75117],[106.37442,20.75129],[106.37412,20.7525],[106.37633,20.75304],[106.37529,20.7549],[106.3758,20.755],[106.37598,20.76076],[106.37907,20.76184],[106.37816,20.76428],[106.37899,20.76434],[106.3792,20.7652],[106.38117,20.76527],[106.38186,20.76478],[106.38214,20.76492],[106.38254,20.76627],[106.38114,20.76751],[106.38131,20.76788],[106.38303,20.76835],[106.38345,20.76788],[106.38425,20.76801],[106.38456,20.76834],[106.3846,20.76975],[106.38658,20.77094],[106.38697,20.77162],[106.38782,20.77218],[106.38851,20.77374],[106.38906,20.77295],[106.38991,20.77352],[106.39022,20.77302],[106.3914,20.77401],[106.39096,20.77449],[106.39123,20.77607],[106.39532,20.77513],[106.39883,20.77324]]]]}},
{"type":"Feature","id":"11218","properties":{"Ward_Code":"11218","Ward_Code_Num":11218,"Ward":"Hồng Châu","Ward_Alt":"Hồng Châu","Ward_Upper":"HỒNG CHÂU","Ward_Full":"Xã Hồng Châu","Ward_Full_Alt":"Xã Hồng Châu","Ward_Full_Upper_Alt":"XÃ HỒNG CHÂU","Ward_Type":"Xã","Province_Code":"31","Province":"Hải Phòng","Province_Upper_Alt":"HẢI PHÒNG"},"geometry":{"type":"MultiPolygon","coordinates":[[[[106.28412,20.77093],[106.28426,20.77046],[106.28486,20.77061],[106.28513,20.77108],[106.28629,20.77008],[106.28532,20.76868],[106.28447,20.76909],[106.28436,20.76781],[106.28389,20.76676],[106.28632,20.76411],[106.2872,20.76558],[106.28713,20.76796],[106.2876,20.7689],[106.28823,20.76928],[106.28913,20.76919],[106.29004,20.7687],[106.29058,20.7679],[106.29103,20.76488],[106.29003,20.76287],[106.28852,20.76119],[106.28842,20.7607],[106.28898,20.75987],[106.29403,20.75735],[106.2981,20.75747],[106.29959,20.75717],[106.30044,20.75642],[106.30044,20.75401],[106.30091,20.75311],[106.30209,20.75259],[106.30387,20.7529],[106.30371,20.75122],[106.30182,20.74887],[106.30456,20.74752],[106.30506,20.7456],[106.30359,20.74346],[106.30204,20.74418],[106.30135,20.74547],[106.29965,20.7462],[106.29848,20.74472],[106.29792,20.74398],[106.29922,20.74365],[106.30016,20.74296],[106.30051,20.74217],[106.30056,20.74064],[106.29973,20.73809],[106.29874,20.73628],[106.29822,20.73568],[106.29686,20.7352],[106.30102,20.73146],[106.30206,20.7319],[106.30487,20.72813],[106.30592,20.72747],[106.30554,20.72248],[106.3024,20.7201],[106.30314,20.71792],[106.30257,20.71316],[106.30582,20.70368],[106.3074,20.70393],[106.30761,20.70209],[106.30878,20.70126],[106.30874,20.70076],[106.30773,20.70039],[106.3077,20.69992],[106.30814,20.69963],[106.30948,20.70001],[106.30978,20.69982],[106.30905,20.69839],[106.30992,20.69717],[106.30886,20.69669],[106.30999,20.69448],[106.30712,20.69297],[106.30268,20.68998],[106.3014,20.68991],[106.29994,20.69053],[106.29396,20.69657],[106.29332,20.69664],[106.29311,20.69839],[106.29334,20.69921],[106.29363,20.69918],[106.29456,20.70291],[106.29461,20.70481],[106.29406,20.70685],[106.28638,20.71124],[106.28485,20.71128],[106.28373,20.71055],[106.2833,20.70979],[106.28306,20.70899],[106.28312,20.70397],[106.28367,20.70273],[106.28674,20.70086],[106.28791,20.69946],[106.28841,20.6974],[106.28856,20.69472],[106.28402,20.69305],[106.27612,20.69276],[106.27371,20.69391],[106.27113,20.69655],[106.26749,20.70289],[106.26515,20.70434],[106.26448,20.7074],[106.26376,20.70741],[106.26349,20.7083],[106.26499,20.70942],[106.26585,20.70721],[106.26704,20.70762],[106.26672,20.70835],[106.26815,20.7091],[106.26654,20.71028],[106.26491,20.71419],[106.26448,20.71408],[106.26366,20.71625],[106.26259,20.71767],[106.26175,20.72056],[106.26264,20.72066],[106.2623,20.72852],[106.26429,20.73795],[106.26632,20.73736],[106.26918,20.74603],[106.26871,20.74616],[106.26973,20.74803],[106.26471,20.75248],[106.26575,20.75553],[106.26685,20.75678],[106.26536,20.75712],[106.26784,20.7688],[106.26802,20.76923],[106.27019,20.7688],[106.28115,20.76809],[106.2817,20.76875],[106.28273,20.77465],[106.28315,20.77463],[106.28412,20.77093]]]]}},
{"type":"Feature","id":"11224","properties":{"Ward_Code":"11224","Ward_Code_Num":11224,"Ward":"Khúc Thừa Dụ","Ward_Alt":"Khúc Thừa Dụ","Ward_Upper":"KHÚC THỪA DỤ","Ward_Full":"Xã Khúc Thừa Dụ","Ward_Full_Alt":"Xã Khúc Thừa Dụ","Ward_Full_Upper_Alt":"XÃ KHÚC THỪA DỤ","Ward_Type":"Xã","Province_Code":"31","Province":"Hải Phòng","Province_Upper_Alt":"HẢI PHÒNG"},"geometry":{"type":"MultiPolygon","coordinates":[[[[106.35903,20.76146],[106.36289,20.75757],[106.3634,20.75594],[106.36304,20.75318],[106.36089,20.74679],[106.36019,20.74179],[106.35954,20.73981],[106.35765,20.7367],[106.35653,20.73566],[106.35507,20.73487],[106.35348,20.73464],[106.3488,20.73568],[106.34754,20.73556],[106.34649,20.73502],[106.34398,20.73211],[106.34353,20.73111],[106.34352,20.73012],[106.34833,20.72087],[106.35102,20.71759],[106.35356,20.716],[106.35525,20.7155],[106.36017,20.71629],[106.3624,20.71621],[106.36493,20.71551],[106.36694,20.71437],[106.3688,20.71268],[106.3699,20.71101],[106.36896,20.71046],[106.37016,20.70884],[106.3648,20.70514],[106.36104,20.70207],[106.35942,20.70135],[106.35627,20.70068],[106.35182,20.70052],[106.34978,20.7009],[106.34706,20.70195],[106.34607,20.70265],[106.34405,20.70487],[106.3421,20.70915],[106.34072,20.71065],[106.33872,20.71137],[106.33678,20.71141],[106.33483,20.711],[106.33242,20.71023],[106.33061,20.70909],[106.32544,20.70334],[106.32289,20.70114],[106.31907,20.69863],[106.30999,20.69448],[106.30886,20.69669],[106.30992,20.69717],[106.30905,20.69839],[106.30978,20.69982],[106.30948,20.70001],[106.30814,20.69963],[106.3077,20.69992],[106.30773,20.70039],[106.30874,20.70076],[106.30878,20.70126],[106.30761,20.70209],[106.3074,20.70393],[106.30582,20.70368],[106.30257,20.71316],[106.30314,20.71792],[106.3024,20.7201],[106.30554,20.72248],[106.30571,20.72378],[106.30778,20.72475],[106.30931,20.72507],[106.31034,20.72496],[106.31035,20.72351],[106.31453,20.72238],[106.31667,20.72043],[106.31735,20.72056],[106.31876,20.71996],[106.31892,20.71892],[106.32006,20.71868],[106.32173,20.72038],[106.32363,20.72167],[106.32363,20.72281],[106.32401,20.72344],[106.32389,20.72706],[106.32438,20.73061],[106.322,20.73128],[106.32304,20.73551],[106.32028,20.73592],[106.3252,20.74621],[106.32668,20.74682],[106.32776,20.74769],[106.32617,20.74956],[106.32562,20.74962],[106.32743,20.75033],[106.32401,20.75681],[106.32743,20.75792],[106.32904,20.75908],[106.32937,20.75969],[106.32956,20.76113],[106.329,20.76328],[106.32704,20.76542],[106.32741,20.76674],[106.32811,20.76716],[106.32986,20.76744],[106.33905,20.76673],[106.33997,20.76587],[106.33968,20.76336],[106.34004,20.76223],[106.34127,20.76096],[106.34252,20.76096],[106.34386,20.76231],[106.34515,20.76506],[106.3457,20.76819],[106.34527,20.7715],[106.34743,20.77269],[106.34922,20.77309],[106.34936,20.77178],[106.35156,20.77007],[106.35396,20.76757],[106.35903,20.76146]]]]}},
{"type":"Feature","id":"11239","properties":{"Ward_Code":"11239","Ward_Code_Num":11239,"Ward":"Thanh Miện","Ward_Alt":"Thanh Miện","Ward_Upper":"THANH MIỆN","Ward_Full":"Xã Thanh Miện","Ward_Full_Alt":"Xã Thanh Miện","Ward_Full_Upper_Alt":"XÃ THANH MIỆN","Ward_Type":"Xã","Province_Code":"31","Province":"Hải Phòng","Province_Upper_Alt":"HẢI PHÒNG"},"geometry":{"type":"MultiPolygon","coordinates":[[[[106.24067,20.79435],[106.24242,20.79525],[106.2443,20.79308],[106.24807,20.79536],[106.2491,20.79558],[106.25014,20.79487],[106.25054,20.79412],[106.25187,20.79294],[106.25248,20.79414],[106.25347,20.79351],[106.2539,20.79393],[106.25531,20.79327],[106.25403,20.79137],[106.25608,20.78785],[106.25876,20.78506],[106.25821,20.7829],[106.26027,20.78264],[106.26043,20.78004],[106.27053,20.78106],[106.27089,20.78248],[106.27024,20.78318],[106.26966,20.78467],[106.27157,20.78804],[106.27188,20.7879],[106.27244,20.7884],[106.27342,20.7879],[106.27269,20.78623],[106.27278,20.78575],[106.27335,20.78576],[106.27373,20.78498],[106.27347,20.78388],[106.27382,20.78338],[106.27831,20.7812],[106.28181,20.78644],[106.28231,20.7861],[106.28319,20.78632],[106.28388,20.78604],[106.2839,20.78573],[106.28347,20.7859],[106.28301,20.78554],[106.28496,20.78501],[106.2854,20.78421],[106.28606,20.78405],[106.28593,20.78376],[106.2869,20.78361],[106.2865,20.78335],[106.28717,20.78292],[106.28673,20.78247],[106.28722,20.7818],[106.2875,20.78185],[106.2876,20.78076],[106.28718,20.78027],[106.28657,20.78044],[106.28538,20.78012],[106.28318,20.77631],[106.28326,20.77588],[106.28462,20.77478],[106.28341,20.77377],[106.28315,20.77463],[106.28273,20.77465],[106.2817,20.76875],[106.28115,20.76809],[106.27019,20.7688],[106.26802,20.76923],[106.26536,20.75712],[106.26685,20.75678],[106.26575,20.75553],[106.26471,20.75248],[106.26973,20.74803],[106.26871,20.74616],[106.26918,20.74603],[106.26632,20.73736],[106.26025,20.73909],[106.25983,20.73745],[106.25487,20.73772],[106.24971,20.73723],[106.24956,20.73839],[106.24656,20.73644],[106.24539,20.73691],[106.24759,20.73848],[106.24681,20.73968],[106.24893,20.74071],[106.24876,20.74134],[106.24844,20.7412],[106.24817,20.74174],[106.24753,20.74144],[106.24738,20.74215],[106.2444,20.74556],[106.24528,20.74656],[106.24428,20.74744],[106.24513,20.74816],[106.24208,20.75047],[106.24397,20.75199],[106.24304,20.75315],[106.24349,20.75354],[106.24273,20.75439],[106.23608,20.7505],[106.23583,20.75147],[106.23322,20.75071],[106.23273,20.75115],[106.23242,20.751],[106.23226,20.75183],[106.22635,20.74997],[106.22548,20.75207],[106.22395,20.75103],[106.22332,20.75249],[106.22457,20.75284],[106.22408,20.75448],[106.22444,20.75484],[106.22395,20.75561],[106.22183,20.75415],[106.22154,20.75484],[106.21636,20.75246],[106.21722,20.75039],[106.21588,20.74938],[106.21527,20.75034],[106.21465,20.7507],[106.20861,20.75176],[106.20352,20.75202],[106.20188,20.75343],[106.19922,20.75503],[106.19691,20.75811],[106.19559,20.76179],[106.1936,20.7635],[106.19346,20.76511],[106.19264,20.76582],[106.19526,20.76566],[106.1989,20.76913],[106.20183,20.77092],[106.20714,20.77297],[106.21164,20.77371],[106.22244,20.77665],[106.21688,20.78761],[106.2205,20.78873],[106.22083,20.78916],[106.22448,20.79098],[106.22351,20.79296],[106.23518,20.79696],[106.23503,20.79738],[106.23579,20.79761],[106.23964,20.79644],[106.24067,20.79435]]]]}},
{"type":"Feature","id":"11242","properties":{"Ward_Code":"11242","Ward_Code_Num":11242,"Ward":"Nguyễn Lương Bằng","Ward_Alt":"Nguyễn Lương Bằng","Ward_Upper":"NGUYỄN LƯƠNG BẰNG","Ward_Full":"Xã Nguyễn Lương Bằng","Ward_Full_Alt":"Xã Nguyễn Lương Bằng","Ward_Full_Upper_Alt":"XÃ NGUYỄN LƯƠNG BẰNG","Ward_Type":"Xã","Province_Code":"31","Province":"Hải Phòng","Province_Upper_Alt":"HẢI PHÒNG"},"geometry":{"type":"MultiPolygon","coordinates":[[[[106.2494,20.84076],[106.24808,20.84076],[106.25235,20.83424],[106.25396,20.83493],[106.25557,20.83303],[106.2429,20.82171],[106.24298,20.82068],[106.24208,20.81981],[106.24298,20.81889],[106.24351,20.81899],[106.24402,20.81957],[106.24447,20.81891],[106.24729,20.81999],[106.24833,20.81996],[106.24861,20.81854],[106.24809,20.81846],[106.24778,20.81771],[106.24843,20.81738],[106.24793,20.81553],[106.24684,20.81582],[106.24597,20.81689],[106.24509,20.81689],[106.24586,20.81497],[106.24549,20.81462],[106.24476,20.81471],[106.24438,20.81422],[106.2437,20.81403],[106.24368,20.81368],[106.24322,20.8139],[106.2415,20.8135],[106.24074,20.81435],[106.24034,20.81406],[106.23958,20.81444],[106.23908,20.81434],[106.23746,20.81284],[106.2368,20.813],[106.23602,20.81091],[106.23508,20.81163],[106.23457,20.81158],[106.23453,20.81126],[106.23384,20.8115],[106.23364,20.81119],[106.2307,20.81178],[106.22977,20.81124],[106.22952,20.81267],[106.22923,20.81282],[106.22469,20.81235],[106.21506,20.81068],[106.21439,20.81214],[106.21385,20.81223],[106.21439,20.81292],[106.21301,20.81608],[106.20991,20.81499],[106.20898,20.8172],[106.20654999999999,20.81701],[106.2062,20.81798],[106.202,20.81722],[106.20112,20.81777],[106.19991,20.81648],[106.19853,20.81978],[106.19783,20.81983],[106.19917,20.82173],[106.19983,20.8221],[106.19979,20.82416],[106.20066,20.82475],[106.19928,20.8268],[106.20325,20.82951],[106.2051,20.83339],[106.20582,20.83617],[106.20799,20.83872],[106.20961,20.83988],[106.20727,20.84308],[106.20658,20.84347],[106.20684,20.84405],[106.20646,20.84458],[106.20599,20.8446],[106.2056,20.84407],[106.20511,20.84493],[106.20395,20.84544],[106.20319,20.84637],[106.20246,20.84618],[106.20217,20.84664],[106.20163,20.84645],[106.20131,20.84719],[106.20053,20.84681],[106.19996,20.84811],[106.20271,20.84935],[106.20169,20.85038],[106.20322,20.852],[106.20181,20.85324],[106.20371,20.8566],[106.2042,20.85671],[106.20399,20.85747],[106.20508,20.85769],[106.20558,20.85836],[106.20554,20.85987],[106.20611,20.86033],[106.20605,20.8607],[106.20668,20.86082],[106.20679,20.86136],[106.20621,20.86193],[106.20641,20.86274],[106.20667,20.86271],[106.20679,20.86378],[106.20943,20.86076],[106.21801,20.864],[106.21812,20.8647],[106.2197,20.86582],[106.22053,20.86478],[106.22202,20.86573],[106.22386,20.86243],[106.2248,20.86303],[106.22532,20.86238],[106.2261,20.8628],[106.22637,20.8625],[106.22697,20.86293],[106.22774,20.86141],[106.23015,20.86159],[106.23191,20.86216],[106.23159,20.8613],[106.23236,20.85943],[106.23074,20.8589],[106.22991,20.85723],[106.23034,20.85346],[106.23212,20.85087],[106.23166,20.85055],[106.23231,20.84968],[106.2315,20.8491],[106.23306,20.84818],[106.2323,20.84717],[106.23658,20.84265],[106.23948,20.84568],[106.24212,20.84611],[106.24227,20.84536],[106.24527,20.84167],[106.24709,20.84311],[106.24636,20.84438],[106.24869,20.84472],[106.24818,20.84418],[106.2494,20.84076]]]]}},
{"type":"Feature","id":"11254","properties":{"Ward_Code":"11254","Ward_Code_Num":11254,"Ward":"Bắc Thanh Miện","Ward_Alt":"Bắc Thanh Miện","Ward_Upper":"BẮC THANH MIỆN","Ward_Full":"Xã Bắc Thanh Miện","Ward_Full_Alt":"Xã Bắc Thanh Miện","Ward_Full_Upper_Alt":"XÃ BẮC THANH MIỆN","Ward_Type":"Xã","Province_Code":"31","Province":"Hải Phòng","Province_Upper_Alt":"HẢI PHÒNG"},"geometry":{"type":"MultiPolygon","coordinates":[[[[106.17953,20.82079],[106.18688,20.81839],[106.19734,20.8202],[106.19853,20.81978],[106.19991,20.81648],[106.20112,20.81777],[106.202,20.81722],[106.2062,20.81798],[106.20654999999999,20.81701],[106.20898,20.8172],[106.20991,20.81499],[106.21301,20.81608],[106.21439,20.81292],[106.21385,20.81223],[106.21439,20.81214],[106.21506,20.81068],[106.22469,20.81235],[106.22923,20.81282],[106.22952,20.81267],[106.22977,20.81124],[106.2307,20.81178],[106.23364,20.81119],[106.23384,20.8115],[106.23453,20.81126],[106.23457,20.81158],[106.23508,20.81163],[106.23602,20.81091],[106.2368,20.813],[106.23746,20.81284],[106.23774,20.81333],[106.23868,20.8137],[106.23897,20.81429],[106.23967,20.81442],[106.2402,20.81408],[106.24011,20.81375],[106.24104,20.81254],[106.24163,20.81283],[106.24255,20.81204],[106.2455,20.80608],[106.24198,20.80307],[106.24252,20.80271],[106.24115,20.80173],[106.24047,20.80064],[106.24038,20.79962],[106.23993,20.79954],[106.23932,20.79651],[106.23554,20.79757],[106.23503,20.79738],[106.23518,20.79696],[106.22351,20.79296],[106.22448,20.79098],[106.22083,20.78916],[106.2205,20.78873],[106.21688,20.78761],[106.22244,20.77665],[106.20477,20.77217],[106.20033,20.77011],[106.19782,20.76822],[106.19526,20.76566],[106.19059,20.7658],[106.18899,20.76676],[106.18732,20.7665],[106.18733,20.76724],[106.18876,20.76876],[106.18685,20.76968],[106.18624,20.77053],[106.1876,20.77244],[106.18714,20.77279],[106.18824,20.77446],[106.18778,20.77533],[106.18813,20.77599],[106.18512,20.77745],[106.18606,20.77806],[106.18475,20.78084],[106.18656,20.78275],[106.18788,20.78333],[106.18743,20.78419],[106.18843,20.78463],[106.18813,20.78573],[106.18849,20.78591],[106.18806,20.78685],[106.18691,20.78642],[106.18557,20.7897],[106.18469,20.7893],[106.18329,20.79147],[106.18484,20.79246],[106.18386,20.79383],[106.18772,20.79564],[106.18452,20.79935],[106.18255,20.79793],[106.17957,20.8007],[106.17918,20.80031],[106.17488,20.8035],[106.17447,20.8034],[106.17256,20.80842],[106.17255,20.80881],[106.17298,20.80885],[106.17278,20.81092],[106.17192,20.81122],[106.17208,20.81203],[106.17112,20.81222],[106.17104,20.81186],[106.16871,20.81265],[106.16904,20.81369],[106.17131,20.81304],[106.17189,20.81559],[106.17278,20.81532],[106.17321,20.81653],[106.17428,20.81624],[106.17412,20.81568],[106.17443,20.81565],[106.17458,20.81612],[106.17547,20.81588],[106.17753,20.82066],[106.1778,20.82052],[106.17807,20.82082],[106.17873,20.8205],[106.17897,20.82099],[106.17953,20.82079]]]]}},
{"type":"Feature","id":"11257","properties":{"Ward_Code":"11257","Ward_Code_Num":11257,"Ward":"Hải Hưng","Ward_Alt":"Hải Hưng","Ward_Upper":"HẢI HƯNG","Ward_Full":"Xã Hải Hưng","Ward_Full_Alt":"Xã Hải Hưng","Ward_Full_Upper_Alt":"XÃ HẢI HƯNG","Ward_Type":"Xã","Province_Code":"31","Province":"Hải Phòng","Province_Upper_Alt":"HẢI PHÒNG"},"geometry":{"type":"MultiPolygon","coordinates":[[[[106.17665,20.84047],[106.17672,20.83185],[106.17763,20.83093],[106.17603,20.82972],[106.17817,20.82748],[106.18117,20.82522],[106.17961,20.82323],[106.18221,20.82249],[106.17953,20.82079],[106.17897,20.82099],[106.17873,20.8205],[106.17807,20.82082],[106.1778,20.82052],[106.17753,20.82066],[106.17547,20.81588],[106.17458,20.81612],[106.17443,20.81565],[106.17412,20.81568],[106.17428,20.81624],[106.17321,20.81653],[106.17278,20.81532],[106.17189,20.81559],[106.17131,20.81304],[106.16904,20.81369],[106.16871,20.81265],[106.17104,20.81186],[106.17112,20.81222],[106.17208,20.81203],[106.17192,20.81122],[106.17278,20.81092],[106.17298,20.80885],[106.17255,20.80881],[106.17256,20.80842],[106.17447,20.8034],[106.17488,20.8035],[106.17918,20.80031],[106.17957,20.8007],[106.18255,20.79793],[106.18452,20.79935],[106.18772,20.79564],[106.18386,20.79383],[106.18484,20.79246],[106.18329,20.79147],[106.18469,20.7893],[106.18557,20.7897],[106.18691,20.78642],[106.18806,20.78685],[106.18849,20.78591],[106.18813,20.78573],[106.18843,20.78463],[106.18743,20.78419],[106.18788,20.78333],[106.18656,20.78275],[106.18475,20.78084],[106.18606,20.77806],[106.18512,20.77745],[106.18813,20.77599],[106.18778,20.77533],[106.18824,20.77446],[106.18714,20.77279],[106.1876,20.77244],[106.18624,20.77053],[106.18665,20.77022],[106.18644,20.76999],[106.18876,20.76862],[106.18733,20.76724],[106.18732,20.7665],[106.18644,20.76588],[106.18478,20.76319],[106.18408,20.76277],[106.18148,20.7631],[106.1797,20.76462],[106.17884,20.76562],[106.17795,20.76797],[106.17461,20.77183],[106.17432,20.77261],[106.17454,20.77346],[106.17635,20.77528],[106.17557,20.77712],[106.17456,20.77776],[106.17389,20.77778],[106.17203,20.77682],[106.17089,20.77936],[106.16757,20.78324],[106.16589,20.78474],[106.1642,20.78484],[106.1617,20.78402],[106.16098,20.78328],[106.15974,20.78046],[106.15786,20.77976],[106.15594,20.77997],[106.15398,20.78073],[106.15016,20.78357],[106.14781,20.78569],[106.14582,20.78948],[106.14385,20.79223],[106.14259,20.79295],[106.14208,20.79431],[106.14204,20.79788],[106.14089,20.79732],[106.13827,20.80114],[106.13703,20.80177],[106.13539,20.80357],[106.13151,20.80632],[106.13118,20.80687],[106.13216,20.80827],[106.13365,20.80917],[106.13661,20.8092],[106.13808,20.80976],[106.1392,20.81255],[106.14062,20.8143],[106.14069,20.81708],[106.1403,20.81856],[106.14194,20.81935],[106.14103,20.82186],[106.15069,20.82801],[106.14996,20.82864],[106.15063,20.82923],[106.1516,20.82861],[106.15338,20.82957],[106.15485,20.82857],[106.16031,20.82741],[106.16295,20.83018],[106.16191,20.83137],[106.1623,20.83173],[106.16197,20.83215],[106.1624,20.83241],[106.16202,20.83484],[106.16332,20.83516],[106.16276,20.84118],[106.17352,20.84007],[106.17426,20.84131],[106.17672,20.84138],[106.17665,20.84047]]]]}},
{"type":"Feature","id":"11284","properties":{"Ward_Code":"11284","Ward_Code_Num":11284,"Ward":"Nam Thanh Miện","Ward_Alt":"Nam Thanh Miện","Ward_Upper":"NAM THANH MIỆN","Ward_Full":"Xã Nam Thanh Miện","Ward_Full_Alt":"Xã Nam Thanh Miện","Ward_Full_Upper_Alt":"XÃ NAM THANH MIỆN","Ward_Type":"Xã","Province_Code":"31","Province":"Hải Phòng","Province_Upper_Alt":"HẢI PHÒNG"},"geometry":{"type":"MultiPolygon","coordinates":[[[[106.22415,20.75423],[106.22457,20.75284],[106.22332,20.75249],[106.22395,20.75103],[106.22548,20.75207],[106.22635,20.74997],[106.23226,20.75183],[106.23242,20.751],[106.23273,20.75115],[106.23322,20.75071],[106.23583,20.75147],[106.23608,20.7505],[106.24273,20.75439],[106.24349,20.75354],[106.24304,20.75315],[106.24397,20.75199],[106.24208,20.75047],[106.24513,20.74816],[106.24428,20.74744],[106.24528,20.74656],[106.2444,20.74556],[106.24738,20.74215],[106.24753,20.74144],[106.24817,20.74174],[106.24844,20.7412],[106.24876,20.74134],[106.24893,20.74071],[106.24681,20.73968],[106.24759,20.73848],[106.24539,20.73691],[106.24628,20.73637],[106.24956,20.73839],[106.24971,20.73723],[106.25487,20.73772],[106.25983,20.73745],[106.26025,20.73909],[106.26429,20.73795],[106.2623,20.72852],[106.26264,20.72066],[106.26175,20.72056],[106.26259,20.71767],[106.26366,20.71625],[106.26448,20.71408],[106.26491,20.71419],[106.26654,20.71028],[106.26815,20.7091],[106.26672,20.70835],[106.26704,20.70762],[106.26585,20.70721],[106.26499,20.70942],[106.26349,20.70853],[106.26376,20.70741],[106.26448,20.7074],[106.26515,20.70434],[106.26313,20.70432],[106.26074,20.70358],[106.25166,20.69903],[106.24972,20.69723],[106.24919,20.69566],[106.24967,20.69422],[106.25082,20.6926],[106.25284,20.69061],[106.25504,20.68958],[106.26032,20.68845],[106.26597,20.6882],[106.26783,20.68767],[106.2688,20.6868],[106.26919,20.68418],[106.26733,20.68422],[106.26668,20.68462],[106.26459,20.68434],[106.26207,20.68497],[106.26064,20.6856],[106.25788,20.68783],[106.257,20.68666],[106.25442,20.68791],[106.25341,20.68661],[106.25311,20.68701],[106.25148,20.68625],[106.24964,20.68688],[106.24889,20.68629],[106.24797,20.68814],[106.24826,20.68894],[106.24641,20.69001],[106.24662,20.69279],[106.24571,20.69295],[106.24558,20.69356],[106.24505,20.69348],[106.24472,20.69487],[106.24396,20.69575],[106.23381,20.70291],[106.2305,20.70421],[106.22838,20.70463],[106.22761,20.70529],[106.22493,20.71132],[106.22416,20.71738],[106.22045,20.72179],[106.21933,20.72442],[106.21666,20.72645],[106.21341,20.72797],[106.21231,20.7293],[106.21136,20.73127],[106.2117,20.73182],[106.21372,20.73271],[106.21794,20.73219],[106.21855,20.73227],[106.21869,20.73276],[106.21903,20.73775],[106.21868,20.74017],[106.21701,20.74526],[106.21694,20.74731],[106.21588,20.74938],[106.21722,20.75039],[106.21636,20.75246],[106.22154,20.75484],[106.22183,20.75415],[106.22395,20.75561],[106.22444,20.75484],[106.22415,20.75423]]]]}},
{"type":"Feature","id":"11311","properties":{"Ward_Code":"11311","Ward_Code_Num":11311,"Ward":"Hồng Bàng","Ward_Alt":"Hồng Bàng","Ward_Upper":"HỒNG BÀNG","Ward_Full":"Phường Hồng Bàng","Ward_Full_Alt":"Phường Hồng Bàng","Ward_Full_Upper_Alt":"PHƯỜNG HỒNG BÀNG","Ward_Type":"Phường","Province_Code":"31","Province":"Hải Phòng","Province_Upper_Alt":"HẢI PHÒNG"},"geometry":{"type":"MultiPolygon","coordinates":[[[[106.62883,20.88085],[106.63765,20.88058],[106.65145,20.88094],[106.6541,20.88079],[106.65892,20.87966],[106.66498,20.87684],[106.66761,20.87524],[106.67059,20.87312],[106.67402,20.86961],[106.67685,20.86806],[106.6796,20.86738],[106.68281,20.8676],[106.6855,20.8682],[106.6856,20.86496],[106.68898,20.86558],[106.68889,20.86152],[106.68793,20.85978],[106.68594,20.85796],[106.68243,20.85614],[106.67834,20.85534],[106.67824,20.85572],[106.67203,20.85455],[106.67038,20.85452],[106.66903,20.85523],[106.66652,20.85354],[106.66375,20.85298],[106.66255,20.8533],[106.66105,20.85411],[106.65986,20.85554],[106.65972,20.85655],[106.66051,20.8579],[106.661,20.85987],[106.66024,20.86126],[106.65911,20.86196],[106.65574,20.86199],[106.6526,20.86059],[106.64894,20.85974],[106.64844,20.85997],[106.64652,20.86242],[106.64459,20.86394],[106.64341,20.86446],[106.64052,20.86481],[106.63729,20.8638],[106.63495,20.86358],[106.63249,20.86444],[106.63143,20.86537],[106.62985,20.86863],[106.62848,20.87022],[106.62695,20.87121],[106.62333,20.87229],[106.62338,20.87295],[106.62263,20.87302],[106.62274,20.87424],[106.6232,20.87408],[106.62251,20.88066],[106.62329,20.88175],[106.62687,20.88092],[106.62883,20.88085]]]]}},
{"type":"Feature","id":"11329","properties":{"Ward_Code":"11329","Ward_Code_Num":11329,"Ward":"Ngô Quyền","Ward_Alt":"Ngô Quyền","Ward_Upper":"NGÔ QUYỀN","Ward_Full":"Phường Ngô Quyền","Ward_Full_Alt":"Phường Ngô Quyền","Ward_Full_Upper_Alt":"PHƯỜNG NGÔ QUYỀN","Ward_Type":"Phường","Province_Code":"31","Province":"Hải Phòng","Province_Upper_Alt":"HẢI PHÒNG"},"geometry":{"type":"MultiPolygon","coordinates":[[[[106.72226,20.86721],[106.71996,20.86448],[106.72046,20.86404],[106.71964,20.86308],[106.71707,20.8644],[106.71444,20.86478],[106.71349,20.8648],[106.71348,20.86365],[106.71245,20.86362],[106.71251,20.8632],[106.7135,20.86317],[106.71349,20.86261],[106.71296,20.8626],[106.71435,20.86079],[106.71464,20.86079],[106.71397,20.86014],[106.71586,20.85788],[106.7162,20.85684],[106.71592,20.8566],[106.71465,20.8563],[106.71464,20.85581],[106.71314,20.85576],[106.71278,20.85652],[106.71166,20.85608],[106.71172,20.85561],[106.71052,20.85521],[106.71039,20.8558],[106.7068,20.8559],[106.70347,20.85162],[106.6957,20.86145],[106.68889,20.86152],[106.68898,20.86558],[106.6856,20.86496],[106.6855,20.8682],[106.69035,20.8701],[106.6958,20.87323],[106.70378,20.87718],[106.70701,20.8774],[106.71266,20.87554],[106.71854,20.87077],[106.72226,20.86721]]]]}},
{"type":"Feature","id":"11359","properties":{"Ward_Code":"11359","Ward_Code_Num":11359,"Ward":"Gia Viên","Ward_Alt":"Gia Viên","Ward_Upper":"GIA VIÊN","Ward_Full":"Phường Gia Viên","Ward_Full_Alt":"Phường Gia Viên","Ward_Full_Upper_Alt":"PHƯỜNG GIA VIÊN","Ward_Type":"Phường","Province_Code":"31","Province":"Hải Phòng","Province_Upper_Alt":"HẢI PHÒNG"},"geometry":{"type":"MultiPolygon","coordinates":[[[[106.70494,20.85351],[106.7068,20.8559],[106.71039,20.8558],[106.71052,20.85521],[106.7088,20.8545],[106.70895,20.85141],[106.70825,20.85142],[106.70798,20.85098],[106.70834,20.8502],[106.70986,20.84924],[106.71031,20.84812],[106.71099,20.84798],[106.7112,20.84743],[106.70936,20.84683],[106.70805,20.84587],[106.70938,20.84415],[106.70613,20.84308],[106.70574,20.842],[106.70619,20.84154],[106.70609,20.8408],[106.70563,20.84067],[106.70515,20.83952],[106.70424,20.83899],[106.70328,20.83746],[106.70339,20.83683],[106.70161,20.83625],[106.70226,20.83536],[106.70193,20.83456],[106.70208,20.83401],[106.70183,20.83394],[106.7021,20.83316],[106.70076,20.83249],[106.70015,20.83153],[106.69885,20.83058],[106.69985,20.82931],[106.69953,20.82797],[106.6976,20.82822],[106.6963,20.82742],[106.69472,20.82909],[106.69489,20.83012],[106.69422,20.83112],[106.69507,20.83193],[106.6965,20.83529],[106.69039,20.84831],[106.68162,20.85601],[106.68391,20.85672],[106.68594,20.85796],[106.68793,20.85978],[106.68889,20.86152],[106.6957,20.86145],[106.70347,20.85162],[106.70494,20.85351]]]]}},
{"type":"Feature","id":"11383","properties":{"Ward_Code":"11383","Ward_Code_Num":11383,"Ward":"Lê Chân","Ward_Alt":"Lê Chân","Ward_Upper":"LÊ CHÂN","Ward_Full":"Phường Lê Chân","Ward_Full_Alt":"Phường Lê Chân","Ward_Full_Upper_Alt":"PHƯỜNG LÊ CHÂN","Ward_Type":"Phường","Province_Code":"31","Province":"Hải Phòng","Province_Upper_Alt":"HẢI PHÒNG"},"geometry":{"type":"MultiPolygon","coordinates":[[[[106.6963,20.82742],[106.69571,20.82622],[106.69462,20.81968],[106.69221,20.82228],[106.68515,20.82858],[106.68391,20.8309],[106.68319,20.83463],[106.67707,20.83422],[106.67572,20.83747],[106.67603,20.83772],[106.67548,20.83776],[106.67452,20.83919],[106.67532,20.83932],[106.67574,20.84254],[106.67412,20.84404],[106.67083,20.84514],[106.67197,20.84651],[106.67029,20.85457],[106.67244,20.8546],[106.67824,20.85572],[106.67834,20.85534],[106.68162,20.85601],[106.69017,20.84873],[106.6965,20.83529],[106.69507,20.83193],[106.69422,20.83112],[106.69489,20.83012],[106.69472,20.82909],[106.6963,20.82742]]]]}},
{"type":"Feature","id":"11407","properties":{"Ward_Code":"11407","Ward_Code_Num":11407,"Ward":"An Biên","Ward_Alt":"An Biên","Ward_Upper":"AN BIÊN","Ward_Full":"Phường An Biên","Ward_Full_Alt":"Phường An Biên","Ward_Full_Upper_Alt":"PHƯỜNG AN BIÊN","Ward_Type":"Phường","Province_Code":"31","Province":"Hải Phòng","Province_Upper_Alt":"HẢI PHÒNG"},"geometry":{"type":"MultiPolygon","coordinates":[[[[106.67029,20.85457],[106.67197,20.84651],[106.67083,20.84514],[106.67412,20.84404],[106.67574,20.84254],[106.67532,20.83932],[106.67452,20.83919],[106.67548,20.83776],[106.67603,20.83772],[106.67572,20.83747],[106.67707,20.83422],[106.68319,20.83463],[106.68391,20.8309],[106.68515,20.82858],[106.69221,20.82228],[106.69462,20.81968],[106.69348,20.81725],[106.69177,20.81581],[106.68934,20.81513],[106.68612,20.8151],[106.68084,20.81585],[106.67273,20.81797],[106.67097,20.81905],[106.66982,20.82026],[106.66949,20.82158],[106.67012,20.82773],[106.66988,20.82917],[106.66851,20.83272],[106.66607,20.83618],[106.66194,20.84034],[106.65985,20.84221],[106.65766,20.8434],[106.66119,20.8493],[106.66392,20.85301],[106.66652,20.85354],[106.66903,20.85523],[106.67029,20.85457]]]]}},
{"type":"Feature","id":"11411","properties":{"Ward_Code":"11411","Ward_Code_Num":11411,"Ward":"Đông Hải","Ward_Alt":"Đông Hải","Ward_Upper":"ĐÔNG HẢI","Ward_Full":"Phường Đông Hải","Ward_Full_Alt":"Phường Đông Hải","Ward_Full_Upper_Alt":"PHƯỜNG ĐÔNG HẢI","Ward_Type":"Phường","Province_Code":"31","Province":"Hải Phòng","Province_Upper_Alt":"HẢI PHÒNG"},"geometry":{"type":"MultiPolygon","coordinates":[[[[106.72558,20.86443],[106.7315,20.85999],[106.73498,20.85816],[106.75189,20.85113],[106.75926,20.84863],[106.76603,20.84859],[106.77522,20.84175],[106.78475,20.83554],[106.78999,20.8331],[106.79391,20.83181],[106.79882,20.8315],[106.8114,20.83261],[106.81847,20.83183],[106.82464,20.82992],[106.83781,20.81182],[106.83776,20.8095],[106.82896,20.80825],[106.82859,20.8081],[106.82855,20.80649],[106.81991,20.80627],[106.81861,20.80562],[106.81744,20.80621],[106.81513,20.80614],[106.8153,20.79896],[106.81601,20.79899],[106.81621,20.79138],[106.81556,20.79125],[106.81566,20.78659],[106.81531,20.78577],[106.8132,20.78478],[106.81076,20.7851],[106.80908,20.78497],[106.80658,20.786],[106.80621,20.78665],[106.80537,20.78705],[106.80209,20.78687],[106.80188,20.79453],[106.77785,20.79381],[106.77673,20.79324],[106.77089,20.80139],[106.76832,20.80434],[106.77146,20.80432],[106.77907,20.80514],[106.76039,20.82059],[106.75904,20.82204],[106.75766,20.82505],[106.7542,20.82444],[106.75187,20.82288],[106.75004,20.82282],[106.74776,20.82153],[106.73712,20.82362],[106.73709,20.82415],[106.73552,20.82561],[106.73496,20.82741],[106.7338,20.83659],[106.73465,20.83932],[106.73388,20.84091],[106.73185,20.84286],[106.72248,20.84572],[106.72088,20.84816],[106.70938,20.84415],[106.70805,20.84587],[106.70936,20.84683],[106.7112,20.84743],[106.71099,20.84798],[106.71031,20.84812],[106.70986,20.84924],[106.70859,20.84995],[106.70807,20.85066],[106.70816,20.85136],[106.70895,20.85141],[106.7088,20.8545],[106.71172,20.85561],[106.71166,20.85608],[106.71278,20.85652],[106.71314,20.85576],[106.71464,20.85581],[106.71465,20.8563],[106.71547,20.85632],[106.7162,20.85684],[106.7156,20.85832],[106.71397,20.86014],[106.71464,20.86079],[106.71435,20.86079],[106.71296,20.8626],[106.71349,20.86261],[106.7135,20.86317],[106.71251,20.8632],[106.71245,20.86362],[106.71348,20.86365],[106.71349,20.8648],[106.71688,20.86446],[106.71964,20.86308],[106.72046,20.86404],[106.71996,20.86448],[106.72226,20.86721],[106.72558,20.86443]]]]}},
{"type":"Feature","id":"11413","properties":{"Ward_Code":"11413","Ward_Code_Num":11413,"Ward":"Hải An","Ward_Alt":"Hải An","Ward_Upper":"HẢI AN","Ward_Full":"Phường Hải An","Ward_Full_Alt":"Phường Hải An","Ward_Full_Upper_Alt":"PHƯỜNG HẢI AN","Ward_Type":"Phường","Province_Code":"31","Province":"Hải Phòng","Province_Upper_Alt":"HẢI PHÒNG"},"geometry":{"type":"MultiPolygon","coordinates":[[[[106.77673,20.79324],[106.77639,20.79307],[106.77765,20.79004],[106.7777,20.78735],[106.77715,20.78705],[106.77538,20.78781],[106.77476,20.78413],[106.77367,20.78391],[106.77116,20.78495],[106.7704,20.78481],[106.7683,20.78273],[106.76697,20.78212],[106.7657,20.78101],[106.76517,20.7802],[106.76415,20.77989],[106.76315,20.77885],[106.76307,20.77836],[106.75896,20.77729],[106.75824,20.77742],[106.75828,20.77582],[106.75187,20.77469],[106.74482,20.77415],[106.74115,20.77471],[106.73848,20.77587],[106.73595,20.77769],[106.73473,20.77907],[106.73411,20.7803],[106.73348,20.78286],[106.73377,20.78846],[106.73361,20.79143],[106.73291,20.79375],[106.73149,20.79602],[106.73009,20.7972],[106.72764,20.79839],[106.72573,20.79882],[106.72044,20.79916],[106.717,20.80027],[106.71468,20.80179],[106.71003,20.80581],[106.70519,20.80866],[106.70357,20.81031],[106.70305,20.81166],[106.70271,20.81484],[106.70391,20.82054],[106.70374,20.82333],[106.70289,20.82524],[106.7016,20.82696],[106.69953,20.82797],[106.69985,20.82931],[106.69885,20.83058],[106.70015,20.83153],[106.70076,20.83249],[106.7021,20.83316],[106.70183,20.83394],[106.70208,20.83401],[106.70193,20.83456],[106.70226,20.83536],[106.70161,20.83625],[106.70339,20.83683],[106.70328,20.83746],[106.70424,20.83899],[106.70515,20.83952],[106.70563,20.84067],[106.70609,20.8408],[106.70619,20.84154],[106.70574,20.842],[106.70613,20.84308],[106.72088,20.84816],[106.72248,20.84572],[106.73147,20.84312],[106.73388,20.84091],[106.73465,20.83932],[106.7338,20.83659],[106.73496,20.82741],[106.73552,20.82561],[106.73709,20.82415],[106.73712,20.82362],[106.74776,20.82153],[106.75004,20.82282],[106.75187,20.82288],[106.7542,20.82444],[106.75766,20.82505],[106.75904,20.82204],[106.76039,20.82059],[106.77907,20.80514],[106.77146,20.80432],[106.76832,20.80434],[106.77089,20.80139],[106.77673,20.79324]]]]}},
{"type":"Feature","id":"11443","properties":{"Ward_Code":"11443","Ward_Code_Num":11443,"Ward":"Kiến An","Ward_Alt":"Kiến An","Ward_Upper":"KIẾN AN","Ward_Full":"Phường Kiến An","Ward_Full_Alt":"Phường Kiến An","Ward_Full_Upper_Alt":"PHƯỜNG KIẾN AN","Ward_Type":"Phường","Province_Code":"31","Province":"Hải Phòng","Province_Upper_Alt":"HẢI PHÒNG"},"geometry":{"type":"MultiPolygon","coordinates":[[[[106.67012,20.82649],[106.66953,20.82249],[106.66982,20.82026],[106.67097,20.81905],[106.67273,20.81797],[106.67694,20.81671],[106.67659,20.81544],[106.67741,20.81378],[106.67264,20.81309],[106.66548,20.81547],[106.6617,20.81212],[106.659,20.81376],[106.6525,20.81382],[106.65139,20.81727],[106.6503,20.81734],[106.64756,20.81625],[106.64655,20.81645],[106.64559,20.81421],[106.6394,20.8077],[106.6388,20.80537],[106.63551,20.80347],[106.63189,20.80341],[106.62867,20.80293],[106.62528,20.80327],[106.62404,20.80401],[106.62363,20.81706],[106.62741,20.81917],[106.6321,20.82434],[106.63995,20.82876],[106.64384,20.82967],[106.64635,20.82927],[106.65043,20.82665],[106.65207,20.82594],[106.65291,20.82582],[106.65432,20.82628],[106.6557,20.82774],[106.65615,20.8297],[106.65563,20.83193],[106.65129,20.83549],[106.64976,20.83764],[106.64966,20.83887],[106.65008,20.84043],[106.65123,20.84223],[106.65254,20.8434],[106.65477,20.844],[106.65695,20.84364],[106.65985,20.84221],[106.66194,20.84034],[106.66607,20.83618],[106.66851,20.83272],[106.66988,20.82917],[106.67012,20.82649]]]]}},
{"type":"Feature","id":"11446","properties":{"Ward_Code":"11446","Ward_Code_Num":11446,"Ward":"Phù Liễn","Ward_Alt":"Phù Liễn","Ward_Upper":"PHÙ LIỄN","Ward_Full":"Phường Phù Liễn","Ward_Full_Alt":"Phường Phù Liễn","Ward_Full_Upper_Alt":"PHƯỜNG PHÙ LIỄN","Ward_Type":"Phường","Province_Code":"31","Province":"Hải Phòng","Province_Upper_Alt":"HẢI PHÒNG"},"geometry":{"type":"MultiPolygon","coordinates":[[[[106.65139,20.81727],[106.6525,20.81382],[106.65882,20.81376],[106.65805,20.81062],[106.65998,20.81059],[106.6577,20.80857],[106.65805,20.80835],[106.65785,20.80295],[106.65058,20.80385],[106.64809,20.79718],[106.64808,20.79649],[106.64835,20.79576],[106.65496,20.79124],[106.65844,20.78715],[106.65485,20.78355],[106.65797,20.78105],[106.65709,20.7804],[106.65681,20.77919],[106.6603,20.77405],[106.66052,20.77305],[106.66012,20.77258],[106.65919,20.77264],[106.65572,20.77462],[106.65438,20.77495],[106.65311,20.77434],[106.65094,20.77067],[106.64951,20.76928],[106.64682,20.76862],[106.64458,20.76922],[106.64331,20.77011],[106.6425,20.77151],[106.64244,20.77313],[106.6431,20.77552],[106.643,20.77622],[106.64192,20.77653],[106.63943,20.77643],[106.63755,20.77733],[106.6369,20.77826],[106.63597,20.78251],[106.63502,20.78342],[106.63418,20.78366],[106.63284,20.78339],[106.63174,20.78217],[106.63092,20.77935],[106.63091,20.77632],[106.63002,20.77518],[106.62932,20.77523],[106.62903,20.77577],[106.62953,20.77918],[106.62908,20.7813],[106.62731,20.78274],[106.62508,20.78315],[106.6235,20.7825],[106.62317,20.78158],[106.62331,20.77987],[106.62429,20.77721],[106.62336,20.77541],[106.62141,20.77429],[106.61835,20.77327],[106.61543,20.77352],[106.61441,20.77441],[106.61397,20.77525],[106.61407,20.77661],[106.61512,20.77914],[106.61504,20.78002],[106.61452,20.78053],[106.61718,20.78579],[106.61476,20.78595],[106.61251,20.78649],[106.61256,20.78694],[106.61227,20.78697],[106.61237,20.7884],[106.61165,20.78938],[106.61033,20.79007],[106.60874,20.79022],[106.60888,20.79057],[106.60794,20.79124],[106.60816,20.79155],[106.60781,20.79225],[106.60825,20.79232],[106.6097,20.7938],[106.6086,20.79526],[106.60827,20.79668],[106.6051,20.7981],[106.60439,20.79814],[106.60287,20.79943],[106.60012,20.79708],[106.59921,20.79782],[106.59563,20.7948],[106.59474,20.79569],[106.61547,20.81412],[106.61755,20.81703],[106.62013,20.81627],[106.62202,20.81644],[106.62363,20.81706],[106.62404,20.80401],[106.62528,20.80327],[106.62867,20.80293],[106.63189,20.80341],[106.63551,20.80347],[106.6388,20.80537],[106.6394,20.8077],[106.64559,20.81421],[106.64655,20.81645],[106.64756,20.81625],[106.6503,20.81734],[106.65139,20.81727]]]]}},
{"type":"Feature","id":"11455","properties":{"Ward_Code":"11455","Ward_Code_Num":11455,"Ward":"Đồ Sơn","Ward_Alt":"Đồ Sơn","Ward_Upper":"ĐỒ SƠN","Ward_Full":"Phường Đồ Sơn","Ward_Full_Alt":"Phường Đồ Sơn","Ward_Full_Upper_Alt":"PHƯỜNG ĐỒ SƠN","Ward_Type":"Phường","Province_Code":"31","Province":"Hải Phòng","Province_Upper_Alt":"HẢI PHÒNG"},"geometry":{"type":"MultiPolygon","coordinates":[[[[106.81539,20.66803],[106.8171,20.66813],[106.81789,20.66764],[106.8172,20.66581],[106.81635,20.6656],[106.81369,20.66694],[106.81358,20.66751],[106.81422,20.6681],[106.81478,20.66832],[106.81539,20.66803]]],[[[106.78322,20.74296],[106.78522,20.73952],[106.78624,20.73947],[106.78642,20.73861],[106.78538,20.73824],[106.78513,20.73758],[106.78587,20.73656],[106.78723,20.7362],[106.78759,20.73514],[106.78602,20.73509],[106.78583,20.73466],[106.788,20.7308],[106.79293,20.72612],[106.7957,20.72465],[106.79851,20.72437],[106.79538,20.72148],[106.79612,20.72086],[106.80099,20.72321],[106.80132,20.72284],[106.80106,20.72164],[106.80169,20.72048],[106.80163,20.71999],[106.8006,20.7195],[106.79926,20.71784],[106.79861,20.71632],[106.79841,20.71388],[106.79252,20.70555],[106.79256,20.70494],[106.7919,20.70433],[106.79201,20.70368],[106.79107,20.70124],[106.79312,20.7],[106.79287,20.69865],[106.79356,20.69684],[106.79433,20.69656],[106.79628,20.69677],[106.79754,20.69608],[106.79814,20.69526],[106.79833,20.69323],[106.79691,20.69208],[106.79569,20.69013],[106.79546,20.68687],[106.79648,20.68419],[106.79915,20.6833],[106.8011,20.68372],[106.80273,20.68458],[106.80373,20.68442],[106.80493,20.68228],[106.80534,20.68073],[106.80623,20.68048],[106.80624,20.68095],[106.80646,20.68092],[106.80806,20.67794],[106.81005999999999,20.67626],[106.8102,20.67489],[106.80934,20.6736],[106.80987,20.67312],[106.81033,20.67328],[106.80975,20.67232],[106.80939,20.67249],[106.80824,20.6716],[106.80805,20.6718],[106.80933,20.67264],[106.80881,20.6732],[106.80564,20.67147],[106.80318,20.67167],[106.8019,20.6722],[106.80001,20.67393],[106.79919,20.67606],[106.7997,20.67679],[106.8006,20.67729],[106.8018,20.67644],[106.80241,20.677],[106.80356,20.67723],[106.80411,20.67842],[106.80349,20.67936],[106.80233,20.68029],[106.8009,20.68082],[106.79926,20.67822],[106.79781,20.67775],[106.79693,20.67798],[106.79604,20.67874],[106.79578,20.67955],[106.79648,20.68162],[106.79538,20.68242],[106.79507,20.68235],[106.79394,20.68349],[106.79419,20.68385],[106.79387,20.68384],[106.7935,20.6847],[106.79318,20.68465],[106.79228,20.68644],[106.79264,20.6867],[106.7919,20.6878],[106.79048,20.68752],[106.78946,20.68792],[106.78945,20.68887],[106.79002,20.68988],[106.78916,20.6899],[106.78924,20.68833],[106.78861,20.68781],[106.788,20.68782],[106.78691,20.68858],[106.78658,20.68945],[106.78676,20.69033],[106.78832,20.69031],[106.78866,20.69066],[106.78829,20.69111],[106.78756,20.69055],[106.78662,20.69056],[106.78619,20.69153],[106.7866,20.69288],[106.78786,20.6935],[106.78856,20.69275],[106.78871,20.69201],[106.78914,20.69197],[106.78924,20.69234],[106.7881,20.69356],[106.78857,20.69421],[106.78958,20.69443],[106.7911,20.6936],[106.79088,20.69299],[106.78998,20.6923],[106.79035,20.69201],[106.79177,20.69421],[106.79059,20.69462],[106.78777,20.69488],[106.78504,20.6962],[106.78458,20.69747],[106.78506,20.6983],[106.78458,20.69995],[106.78311,20.69953],[106.78172,20.6981],[106.78128,20.69634],[106.78211,20.69228],[106.78358,20.68855],[106.78422,20.68785],[106.78228,20.68747],[106.77901,20.68426],[106.77438,20.68195],[106.77095,20.68094],[106.76862,20.68062],[106.76687,20.68079],[106.7651,20.68139],[106.76399,20.68218],[106.76121,20.68516],[106.75906,20.68594],[106.75768,20.68695],[106.75617,20.68962],[106.75589,20.69298],[106.75674,20.69612],[106.7576,20.69778],[106.75982,20.69742],[106.7605,20.69824],[106.7613,20.69824],[106.76548,20.69696],[106.76598,20.69904],[106.76593,20.70046],[106.76536,20.70052],[106.76546,20.70123],[106.76605,20.70118],[106.76672,20.70235],[106.76558,20.70274],[106.76588,20.7036],[106.76729,20.70321],[106.76719,20.70278],[106.76772,20.70209],[106.76711,20.70046],[106.76741,20.69913],[106.76804,20.69856],[106.76972,20.69794],[106.77084,20.70006],[106.7716,20.70426],[106.77269,20.70515],[106.77358,20.70523],[106.77372,20.70454],[106.7748,20.70343],[106.77547,20.70403],[106.7753,20.70438],[106.77587,20.70515],[106.7756,20.70622],[106.77578,20.7072],[106.77537,20.7082],[106.77063,20.71004],[106.76996,20.71136],[106.76969,20.71341],[106.76839,20.71535],[106.76593,20.7167],[106.76486,20.71782],[106.76272,20.72026],[106.7598,20.72515],[106.7574,20.72666],[106.75638,20.72818],[106.76065,20.73118],[106.75962,20.73286],[106.75839,20.73631],[106.75789,20.74115],[106.75729,20.74306],[106.76172,20.7455],[106.76288,20.74434],[106.76368,20.74491],[106.76576,20.74311],[106.7713,20.74506],[106.77736,20.74632],[106.78125,20.746],[106.78322,20.74296]],[[106.79281,20.69217],[106.79298,20.69104],[106.79255,20.69035],[106.79188,20.69025],[106.79113,20.69083],[106.79072,20.69044],[106.79214,20.68986],[106.79218,20.68811],[106.79293,20.6892],[106.79372,20.69133],[106.79306,20.69251],[106.7928,20.69385],[106.79222,20.6941],[106.79156,20.69326],[106.79281,20.69217]]]]}},
{"type":"Feature","id":"11473","properties":{"Ward_Code":"11473","Ward_Code_Num":11473,"Ward":"Bạch Đằng","Ward_Alt":"Bạch Đằng","Ward_Upper":"BẠCH ĐẰNG","Ward_Full":"Phường Bạch Đằng","Ward_Full_Alt":"Phường Bạch Đằng","Ward_Full_Upper_Alt":"PHƯỜNG BẠCH ĐẰNG","Ward_Type":"Phường","Province_Code":"31","Province":"Hải Phòng","Province_Upper_Alt":"HẢI PHÒNG"},"geometry":{"type":"MultiPolygon","coordinates":[[[[106.72466,20.99678],[106.72558,20.99679],[106.72822,20.99795],[106.73152,20.99827],[106.7404,20.99799],[106.74402,20.99722],[106.7477,20.9958],[106.75481,20.99177],[106.75886,20.98912],[106.7619,20.98601],[106.7637,20.98374],[106.76624,20.97962],[106.76748,20.97692],[106.76854,20.97116],[106.76989,20.9596],[106.77034,20.95304],[106.77053,20.94203],[106.7551,20.94696],[106.74915,20.94846],[106.74416,20.94847],[106.74368,20.9409],[106.74097,20.94099],[106.74048,20.93895],[106.73707,20.9365],[106.73604,20.93517],[106.73484,20.93562],[106.7344,20.93333],[106.7326,20.93408],[106.7325,20.93313],[106.7318,20.93197],[106.72861,20.93289],[106.72832,20.93219],[106.72833,20.9304],[106.72697,20.93016],[106.72652,20.92958],[106.72449,20.92397],[106.72207,20.92304],[106.71882,20.92758],[106.71792,20.92762],[106.71749,20.92877],[106.71812,20.9291],[106.71656,20.93308],[106.71623,20.9331],[106.71507,20.93653],[106.7153,20.93666],[106.71434,20.94114],[106.71265,20.94117],[106.71236,20.94454],[106.70861,20.94537],[106.70928,20.94786],[106.70915,20.95081],[106.7034,20.95087],[106.69639,20.95177],[106.69241,20.95284],[106.68866,20.95504],[106.6884,20.96105],[106.68412,20.96474],[106.68269,20.96786],[106.68054,20.97041],[106.68013,20.97185],[106.68059,20.97581],[106.67991,20.97698],[106.67861,20.97818],[106.68413,20.98927],[106.68174,20.99187],[106.6796,20.99254],[106.67569,20.99255],[106.68426,21.00135],[106.68608,21.00541],[106.69341,21.00364],[106.70669,20.99966],[106.72466,20.99678]]]]}},
{"type":"Feature","id":"11488","properties":{"Ward_Code":"11488","Ward_Code_Num":11488,"Ward":"Lưu Kiếm","Ward_Alt":"Lưu Kiếm","Ward_Upper":"LƯU KIẾM","Ward_Full":"Phường Lưu Kiếm","Ward_Full_Alt":"Phường Lưu Kiếm","Ward_Full_Upper_Alt":"PHƯỜNG LƯU KIẾM","Ward_Type":"Phường","Province_Code":"31","Province":"Hải Phòng","Province_Upper_Alt":"HẢI PHÒNG"},"geometry":{"type":"MultiPolygon","coordinates":[[[[106.67438,21.01094],[106.68608,21.00541],[106.68426,21.00135],[106.67569,20.99255],[106.6796,20.99254],[106.68174,20.99187],[106.68413,20.98927],[106.67861,20.97818],[106.67991,20.97698],[106.68059,20.97581],[106.68013,20.97185],[106.68054,20.97041],[106.68269,20.96786],[106.68412,20.96474],[106.6884,20.96105],[106.68866,20.95504],[106.68517,20.95667],[106.68058,20.95775],[106.67691,20.95806],[106.67241,20.95758],[106.67023,20.95773],[106.67052,20.95511],[106.67109,20.95446],[106.67164,20.95274],[106.67243,20.9527],[106.67251,20.95119],[106.67538,20.94956],[106.67521,20.94875],[106.67385,20.94756],[106.67376,20.94489],[106.67271,20.9437],[106.67385,20.94232],[106.67323,20.94073],[106.671,20.93819],[106.66733,20.93744],[106.66667,20.93687],[106.6646,20.9361],[106.66463,20.93389],[106.66524,20.93177],[106.66353,20.93129],[106.66134,20.93011],[106.66116,20.92932],[106.65991,20.92808],[106.65761,20.92772],[106.65549,20.92877],[106.65521,20.92971],[106.65193,20.93233],[106.65069,20.93495],[106.64918,20.93943],[106.64804,20.93988],[106.64186,20.94062],[106.64013,20.94162],[106.63975,20.9422],[106.63917,20.94753],[106.64092,20.95008],[106.64114,20.95189],[106.64075,20.95248],[106.63413,20.95762],[106.63512,20.95958],[106.63574,20.9593],[106.6365,20.95942],[106.63639,20.95987],[106.63863,20.96335],[106.63851,20.96378],[106.63514,20.96497],[106.63405,20.96598],[106.63377,20.97054],[106.63454,20.97172],[106.63608,20.97281],[106.6365,20.97257],[106.63465,20.97408],[106.63405,20.97523],[106.63295,20.97583],[106.63217,20.97772],[106.63111,20.98194],[106.62835,20.98805],[106.62625,20.99403],[106.62227,20.99973],[106.62203,21.00048],[106.6224,21.00632],[106.62183,21.00649],[106.62177,21.0071],[106.62204,21.00789],[106.62269,21.0084],[106.62355,21.01238],[106.62497,21.01186],[106.62876,21.01138],[106.63378,21.01149],[106.63785,21.01217],[106.64128,21.01404],[106.6449,21.01832],[106.64614,21.01893],[106.64867,21.01944],[106.6509,21.01953],[106.65295,21.01922],[106.67438,21.01094]]]]}},
{"type":"Feature","id":"11503","properties":{"Ward_Code":"11503","Ward_Code_Num":11503,"Ward":"Việt Khê","Ward_Alt":"Việt Khê","Ward_Upper":"VIỆT KHÊ","Ward_Full":"Xã Việt Khê","Ward_Full_Alt":"Xã Việt Khê","Ward_Full_Upper_Alt":"XÃ VIỆT KHÊ","Ward_Type":"Xã","Province_Code":"31","Province":"Hải Phòng","Province_Upper_Alt":"HẢI PHÒNG"},"geometry":{"type":"MultiPolygon","coordinates":[[[[106.61899,21.0165],[106.62355,21.01238],[106.62269,21.0084],[106.62204,21.00789],[106.62173,21.00682],[106.62183,21.00649],[106.6224,21.00632],[106.62209,21.00018],[106.62625,20.99403],[106.62934,20.98579],[106.62739,20.98515],[106.625,20.98203],[106.62064,20.98134],[106.62123,20.97911],[106.6194,20.97642],[106.61875,20.97672],[106.61846,20.97769],[106.61785,20.97776],[106.61707,20.97726],[106.61482,20.97798],[106.61466,20.97849],[106.61543,20.97977],[106.61516,20.98016],[106.61246,20.97959],[106.61231,20.97995],[106.60989,20.9803],[106.60943,20.97996],[106.60915,20.97892],[106.60196,20.97745],[106.6004,20.97752],[106.60071,20.97611],[106.59915,20.97045],[106.59553,20.96727],[106.59475,20.965699999999998],[106.5938,20.96574],[106.59384,20.96519],[106.59272,20.96557],[106.59198,20.96411],[106.59085,20.96439],[106.58962,20.96537],[106.58833,20.96242],[106.59043,20.96046],[106.58978,20.95964],[106.58766,20.95817],[106.58553,20.96041],[106.58479,20.96316],[106.58468,20.96441],[106.58556,20.97256],[106.58532,20.97331],[106.58471,20.97398],[106.58285,20.97494],[106.576,20.97623],[106.57,20.978],[106.56665,20.97969],[106.56437,20.98205],[106.5629,20.98642],[106.55704,20.99064],[106.55508,20.99446],[106.55457,20.99842],[106.55527,21.0015],[106.55667,21.00362],[106.558,21.0074],[106.56164,21.00955],[106.56345,21.01144],[106.56428,21.01783],[106.56469,21.01884],[106.56539,21.01931],[106.56633,21.01918],[106.5672,21.01827],[106.56774,21.01727],[106.56861,21.0139],[106.56967,21.01228],[106.57161,21.011],[106.57335,21.01074],[106.57537,21.01155],[106.57778,21.01551],[106.57881,21.01638],[106.57977,21.01663],[106.58302,21.01628],[106.5883,21.01484],[106.59012,21.01473],[106.59151,21.01548],[106.59276,21.01693],[106.59451,21.0178],[106.59603,21.01788],[106.60049,21.01659],[106.60268,21.01659],[106.61139,21.02054],[106.61547,21.01909],[106.61899,21.0165]]]]}},
{"type":"Feature","id":"11506","properties":{"Ward_Code":"11506","Ward_Code_Num":11506,"Ward":"Lê Ích Mộc","Ward_Alt":"Lê Ích Mộc","Ward_Upper":"LÊ ÍCH MỘC","Ward_Full":"Phường Lê Ích Mộc","Ward_Full_Alt":"Phường Lê Ích Mộc","Ward_Full_Upper_Alt":"PHƯỜNG LÊ ÍCH MỘC","Ward_Type":"Phường","Province_Code":"31","Province":"Hải Phòng","Province_Upper_Alt":"HẢI PHÒNG"},"geometry":{"type":"MultiPolygon","coordinates":[[[[106.64186,20.94062],[106.64203,20.93977],[106.64048,20.93678],[106.6409,20.93555],[106.64038,20.934],[106.64155,20.93295],[106.63978,20.93133],[106.63561,20.9351],[106.63151,20.92858],[106.62755,20.92628],[106.62508,20.92354],[106.62358,20.92455],[106.61993,20.9194],[106.61704,20.92107],[106.61482,20.92172],[106.60295,20.92325],[106.60192,20.92432],[106.60157,20.92566],[106.6024,20.93242],[106.60242,20.9345],[106.60177,20.93773],[106.59965,20.94135],[106.59842,20.94257],[106.59352,20.94574],[106.59128,20.94659],[106.59275,20.95188],[106.59251,20.95316],[106.58967,20.95667],[106.58766,20.95817],[106.58978,20.95964],[106.59043,20.96046],[106.58833,20.96242],[106.58962,20.96537],[106.59085,20.96439],[106.59198,20.96411],[106.59272,20.96557],[106.59384,20.96519],[106.5938,20.96574],[106.59475,20.965699999999998],[106.59553,20.96727],[106.59887,20.97008],[106.59963,20.97161],[106.60028,20.97517],[106.60069,20.97601],[106.6004,20.97752],[106.60196,20.97745],[106.60915,20.97892],[106.60943,20.97996],[106.60989,20.9803],[106.61231,20.97995],[106.61246,20.97959],[106.61516,20.98016],[106.61543,20.97977],[106.61466,20.97849],[106.61482,20.97798],[106.61707,20.97726],[106.61785,20.97776],[106.61846,20.97769],[106.61875,20.97672],[106.6194,20.97642],[106.62123,20.97911],[106.62064,20.98134],[106.625,20.98203],[106.62739,20.98515],[106.62934,20.98579],[106.63111,20.98194],[106.63217,20.97772],[106.63295,20.97583],[106.63405,20.97523],[106.63465,20.97408],[106.6365,20.97257],[106.63608,20.97281],[106.63454,20.97172],[106.63377,20.97054],[106.63405,20.96598],[106.63514,20.96497],[106.63851,20.96378],[106.63863,20.96335],[106.63639,20.95987],[106.6365,20.95942],[106.63574,20.9593],[106.63512,20.95958],[106.63413,20.95762],[106.64106,20.9521],[106.64106,20.95042],[106.64025,20.94877],[106.63921,20.94775],[106.63916,20.94659],[106.63975,20.9422],[106.64013,20.94162],[106.64186,20.94062]]]]}},
{"type":"Feature","id":"11533","properties":{"Ward_Code":"11533","Ward_Code_Num":11533,"Ward":"Hoà Bình","Ward_Alt":"Hòa Bình","Ward_Upper":"HOÀ BÌNH","Ward_Full":"Phường Hoà Bình","Ward_Full_Alt":"Phường Hòa Bình","Ward_Full_Upper_Alt":"PHƯỜNG HÒA BÌNH","Ward_Type":"Phường","Province_Code":"31","Province":"Hải Phòng","Province_Upper_Alt":"HẢI PHÒNG"},"geometry":{"type":"MultiPolygon","coordinates":[[[[106.68866,20.95504],[106.69241,20.95284],[106.69639,20.95177],[106.7034,20.95087],[106.70915,20.95081],[106.70928,20.94786],[106.70861,20.94537],[106.71236,20.94454],[106.71265,20.94117],[106.71434,20.94114],[106.7153,20.93666],[106.71507,20.93653],[106.71623,20.9331],[106.71656,20.93308],[106.71812,20.9291],[106.71749,20.92877],[106.71792,20.92762],[106.71882,20.92758],[106.72355,20.9212],[106.72284,20.92083],[106.7231,20.91975],[106.72167,20.91937],[106.72213,20.91823],[106.72167,20.91801],[106.72375,20.9129],[106.72292,20.91275],[106.72293,20.91187],[106.72007,20.91047],[106.72141,20.90471],[106.72013,20.90425],[106.69557,20.90439],[106.69462,20.90884],[106.69533,20.90998],[106.69492,20.91219],[106.69625,20.91457],[106.69626,20.91615],[106.69505,20.92041],[106.69481,20.92355],[106.69277,20.92516],[106.69325,20.9292],[106.68845,20.92762],[106.68796,20.92829],[106.68835,20.92919],[106.68792,20.92964],[106.68489,20.92874],[106.68509,20.92767],[106.68428,20.92724],[106.68298,20.92807],[106.68218,20.9277],[106.68127,20.92921],[106.68098,20.92913],[106.68028,20.93066],[106.68141,20.93092],[106.68055,20.93329],[106.67955,20.93222],[106.6784,20.93183],[106.67766,20.93203],[106.67738,20.93274],[106.67684,20.93276],[106.67668,20.93332],[106.675,20.9332],[106.67387,20.93353],[106.67308,20.93324],[106.67345,20.93275],[106.67219,20.9313],[106.66524,20.93177],[106.66463,20.93389],[106.6646,20.9361],[106.66667,20.93687],[106.66733,20.93744],[106.671,20.93819],[106.67311,20.9405],[106.67385,20.94232],[106.67271,20.9437],[106.67376,20.94489],[106.67385,20.94756],[106.6753,20.94896],[106.67534,20.94961],[106.67251,20.95119],[106.67243,20.9527],[106.67164,20.95274],[106.67109,20.95446],[106.67052,20.95511],[106.67023,20.95773],[106.67241,20.95758],[106.67691,20.95806],[106.68058,20.95775],[106.68517,20.95667],[106.68866,20.95504]]]]}},
{"type":"Feature","id":"11542","properties":{"Ward_Code":"11542","Ward_Code_Num":11542,"Ward":"Nam Triệu","Ward_Alt":"Nam Triệu","Ward_Upper":"NAM TRIỆU","Ward_Full":"Phường Nam Triệu","Ward_Full_Alt":"Phường Nam Triệu","Ward_Full_Upper_Alt":"PHƯỜNG NAM TRIỆU","Ward_Type":"Phường","Province_Code":"31","Province":"Hải Phòng","Province_Upper_Alt":"HẢI PHÒNG"},"geometry":{"type":"MultiPolygon","coordinates":[[[[106.77053,20.94148],[106.77096,20.9336],[106.77091,20.91668],[106.76937,20.90917],[106.7687,20.90742],[106.76381,20.89991],[106.75751,20.89232],[106.75432,20.88762],[106.75364,20.88629],[106.75296,20.88311],[106.75307,20.87835],[106.75083,20.87896],[106.74795,20.87896],[106.74608,20.87822],[106.74239,20.87542],[106.74096,20.87475],[106.73896,20.87461],[106.73778,20.87504],[106.73693,20.87574],[106.73626,20.87724],[106.73606,20.8822],[106.73504,20.88452],[106.73266,20.88598],[106.73117,20.88614],[106.72964,20.88573],[106.72786,20.88443],[106.727,20.88624],[106.72662,20.88646],[106.72696,20.88716],[106.72612,20.88742],[106.7277,20.88957],[106.72814,20.88953],[106.72821,20.89039],[106.72707,20.89001],[106.72616,20.89166],[106.724,20.89278],[106.72474,20.89425],[106.72119,20.896],[106.72085,20.89719],[106.72285,20.899],[106.72386,20.90102],[106.72013,20.90425],[106.72141,20.90471],[106.72007,20.91047],[106.72293,20.91187],[106.72292,20.91275],[106.72375,20.9129],[106.72167,20.91801],[106.72213,20.91822],[106.72167,20.91937],[106.7231,20.91975],[106.72284,20.92083],[106.72355,20.9212],[106.72207,20.92304],[106.72449,20.92397],[106.72652,20.92958],[106.72697,20.93016],[106.72833,20.9304],[106.72832,20.93219],[106.72861,20.93289],[106.7318,20.93197],[106.7325,20.93313],[106.7326,20.93408],[106.7344,20.93333],[106.73484,20.93562],[106.73604,20.93517],[106.73707,20.9365],[106.74048,20.93895],[106.74097,20.94099],[106.74368,20.9409],[106.74416,20.94847],[106.74837,20.94859],[106.7551,20.94696],[106.76602,20.94366],[106.77053,20.94203],[106.77053,20.94148]]]]}},
{"type":"Feature","id":"11557","properties":{"Ward_Code":"11557","Ward_Code_Num":11557,"Ward":"Thiên Hương","Ward_Alt":"Thiên Hương","Ward_Upper":"THIÊN HƯƠNG","Ward_Full":"Phường Thiên Hương","Ward_Full_Alt":"Phường Thiên Hương","Ward_Full_Upper_Alt":"PHƯỜNG THIÊN HƯƠNG","Ward_Type":"Phường","Province_Code":"31","Province":"Hải Phòng","Province_Upper_Alt":"HẢI PHÒNG"},"geometry":{"type":"MultiPolygon","coordinates":[[[[106.65548,20.92902],[106.65516,20.92808],[106.65396,20.92792],[106.65226,20.92582],[106.64975,20.92457],[106.65075,20.92192],[106.65323,20.92213],[106.65523,20.92277],[106.65624,20.92271],[106.65844,20.92051],[106.66185,20.91876],[106.66266,20.9179],[106.66276,20.91692],[106.66244,20.91625],[106.66034,20.91504],[106.66031,20.91418],[106.66188,20.91282],[106.66831,20.90929],[106.67048,20.90744],[106.67134,20.9055],[106.65683,20.90499],[106.65596,20.89414],[106.65691,20.89355],[106.65658,20.89132],[106.6555,20.8915],[106.65474,20.88826],[106.65171,20.88834],[106.6513,20.88437],[106.65006,20.88091],[106.63765,20.88058],[106.62687,20.88092],[106.62341,20.8817],[106.62232,20.8823],[106.62053,20.88458],[106.61995,20.88768],[106.6205,20.89167],[106.62282,20.9017],[106.62361,20.91191],[106.62327,20.91419],[106.62227,20.9167],[106.62142,20.91816],[106.61993,20.9194],[106.62358,20.92455],[106.62508,20.92354],[106.62755,20.92628],[106.63134,20.92841],[106.63561,20.9351],[106.63978,20.93133],[106.64155,20.93295],[106.64038,20.934],[106.6409,20.93555],[106.64048,20.93678],[106.64203,20.93977],[106.64186,20.94062],[106.64804,20.93988],[106.64918,20.93943],[106.65069,20.93495],[106.65193,20.93233],[106.65521,20.92971],[106.65548,20.92902]]]]}},
{"type":"Feature","id":"11560","properties":{"Ward_Code":"11560","Ward_Code_Num":11560,"Ward":"Thuỷ Nguyên","Ward_Alt":"Thủy Nguyên","Ward_Upper":"THUỶ NGUYÊN","Ward_Full":"Phường Thuỷ Nguyên","Ward_Full_Alt":"Phường Thủy Nguyên","Ward_Full_Upper_Alt":"PHƯỜNG THỦY NGUYÊN","Ward_Type":"Phường","Province_Code":"31","Province":"Hải Phòng","Province_Upper_Alt":"HẢI PHÒNG"},"geometry":{"type":"MultiPolygon","coordinates":[[[[106.67482,20.93322],[106.67668,20.93332],[106.67684,20.93276],[106.67738,20.93274],[106.67766,20.93203],[106.6784,20.93183],[106.67955,20.93222],[106.68055,20.93329],[106.68141,20.93092],[106.68028,20.93066],[106.68098,20.92913],[106.68127,20.92921],[106.68218,20.9277],[106.68298,20.92807],[106.68428,20.92724],[106.68509,20.92767],[106.68489,20.92874],[106.68792,20.92964],[106.68835,20.92919],[106.68796,20.92829],[106.68845,20.92762],[106.69325,20.9292],[106.69277,20.92516],[106.69481,20.92355],[106.69505,20.92041],[106.69626,20.91615],[106.69625,20.91457],[106.69492,20.91219],[106.69533,20.90998],[106.69462,20.90884],[106.69557,20.90439],[106.72013,20.90425],[106.72386,20.90102],[106.72285,20.899],[106.72085,20.89719],[106.72119,20.896],[106.72474,20.89425],[106.724,20.89278],[106.72616,20.89166],[106.72707,20.89001],[106.72821,20.89039],[106.72814,20.88953],[106.7277,20.88957],[106.72612,20.88742],[106.72696,20.88716],[106.72668,20.88633],[106.727,20.88624],[106.72786,20.88443],[106.72964,20.88573],[106.73117,20.88614],[106.73266,20.88598],[106.73504,20.88452],[106.73606,20.8822],[106.73626,20.87724],[106.73731,20.87537],[106.73896,20.87461],[106.74096,20.87475],[106.74239,20.87542],[106.74608,20.87822],[106.74826,20.87902],[106.75083,20.87896],[106.75307,20.87835],[106.75664,20.86553],[106.75836,20.86149],[106.76108,20.85559],[106.76358,20.85166],[106.76603,20.84859],[106.75926,20.84863],[106.75189,20.85113],[106.73498,20.85816],[106.7315,20.85999],[106.72507,20.86481],[106.71854,20.87077],[106.71266,20.87554],[106.70888,20.87698],[106.70701,20.8774],[106.70378,20.87718],[106.68811,20.86917],[106.68426,20.86784],[106.6796,20.86738],[106.67685,20.86806],[106.67402,20.86961],[106.67059,20.87312],[106.66761,20.87524],[106.66498,20.87684],[106.65892,20.87966],[106.6541,20.88079],[106.65006,20.88091],[106.6513,20.88437],[106.65171,20.88834],[106.65474,20.88826],[106.6555,20.8915],[106.65658,20.89132],[106.65691,20.89355],[106.65596,20.89414],[106.65683,20.90499],[106.67134,20.9055],[106.67048,20.90744],[106.66831,20.90929],[106.66188,20.91282],[106.66031,20.91418],[106.66034,20.91504],[106.66263,20.91658],[106.66281,20.91723],[106.66238,20.91831],[106.65844,20.92051],[106.65624,20.92271],[106.65523,20.92277],[106.65323,20.92213],[106.65075,20.92192],[106.64975,20.92457],[106.65226,20.92582],[106.65378,20.92777],[106.65516,20.92808],[106.65549,20.92877],[106.65761,20.92772],[106.65991,20.92808],[106.66116,20.92932],[106.66148,20.93035],[106.66372,20.93136],[106.66524,20.93177],[106.67219,20.9313],[106.67345,20.93275],[106.67308,20.93324],[106.67399,20.93353],[106.67482,20.93322]]]]}},
{"type":"Feature","id":"11581","properties":{"Ward_Code":"11581","Ward_Code_Num":11581,"Ward":"An Dương","Ward_Alt":"An Dương","Ward_Upper":"AN DƯƠNG","Ward_Full":"Phường An Dương","Ward_Full_Alt":"Phường An Dương","Ward_Full_Upper_Alt":"PHƯỜNG AN DƯƠNG","Ward_Type":"Phường","Province_Code":"31","Province":"Hải Phòng","Province_Upper_Alt":"HẢI PHÒNG"},"geometry":{"type":"MultiPolygon","coordinates":[[[[106.57808,20.90126],[106.58061,20.89908],[106.58516,20.89659],[106.58559,20.89854],[106.59163,20.89642],[106.59182,20.89972],[106.59696,20.89993],[106.59758,20.89636],[106.59761,20.89404],[106.59703,20.89396],[106.59708,20.89307],[106.59556,20.89341],[106.59518,20.8924],[106.59956,20.89081],[106.5994,20.88996],[106.60059,20.88981],[106.60196,20.88865],[106.60358,20.88859],[106.6041,20.88779],[106.60384,20.887],[106.60426,20.88637],[106.605,20.88647],[106.60648,20.88758],[106.60748,20.88751],[106.60776,20.88709],[106.60746,20.88483],[106.60777,20.88437],[106.60874,20.88402],[106.60874,20.88375],[106.61348,20.88316],[106.6225,20.88],[106.6232,20.87408],[106.62274,20.87424],[106.62263,20.87302],[106.62338,20.87295],[106.62333,20.87229],[106.62175,20.87202],[106.62192,20.87131],[106.62122,20.86888],[106.6219,20.8672],[106.61932,20.86718],[106.61967,20.86298],[106.6203,20.86309],[106.62027,20.85975],[106.61534,20.85959],[106.6167,20.85563],[106.6159,20.85554],[106.61598,20.85528],[106.6173,20.85136],[106.62058,20.84376],[106.61634,20.84048],[106.61613,20.83933],[106.61527,20.83894],[106.61497,20.83846],[106.61377,20.83804],[106.6138,20.83779],[106.61437,20.83789],[106.6144,20.83739],[106.61376,20.83682],[106.61409,20.83635],[106.61216,20.83353],[106.61331,20.83286],[106.61122,20.83009],[106.61098,20.8296],[106.61133,20.82909],[106.61116,20.82873],[106.61052,20.82911],[106.6102,20.82864],[106.61045,20.82845],[106.60974,20.82736],[106.61032,20.82679],[106.60917,20.82498],[106.6095,20.82487],[106.6094,20.82464],[106.60896,20.82479],[106.60855,20.82408],[106.60917,20.82374],[106.60901,20.82342],[106.60855,20.82363],[106.60808,20.82281],[106.60852,20.82261],[106.60837,20.82226],[106.60796,20.82241],[106.607,20.82061],[106.59272,20.82296],[106.59022,20.82368],[106.58756,20.82537],[106.5856,20.82823],[106.58487,20.83023],[106.58478,20.83758],[106.58207,20.84504],[106.58203,20.84625],[106.58269,20.84894],[106.58247,20.84983],[106.582,20.85024],[106.58058,20.85081],[106.57797,20.85074],[106.56565,20.84778],[106.56433,20.84799],[106.5666,20.85145],[106.57548,20.86099],[106.57678,20.86498],[106.57986,20.86837],[106.57927,20.8692],[106.57953,20.87205],[106.5801,20.87282],[106.5815,20.87358],[106.58206,20.87468],[106.58108,20.87593],[106.57896,20.87733],[106.57832,20.87811],[106.57696,20.88107],[106.5754,20.88758],[106.573,20.89037],[106.5715,20.89408],[106.57125,20.89659],[106.57029,20.89771],[106.56993,20.899],[106.56862,20.89924],[106.5674,20.90175],[106.56728,20.90328],[106.56779,20.90299],[106.56908,20.90302],[106.56955,20.90384],[106.57118,20.90359],[106.57119,20.90611],[106.57164,20.90695],[106.575,20.90156],[106.57748,20.90205],[106.57808,20.90126]]]]}},
{"type":"Feature","id":"11593","properties":{"Ward_Code":"11593","Ward_Code_Num":11593,"Ward":"An Phong","Ward_Alt":"An Phong","Ward_Upper":"AN PHONG","Ward_Full":"Phường An Phong","Ward_Full_Alt":"Phường An Phong","Ward_Full_Upper_Alt":"PHƯỜNG AN PHONG","Ward_Type":"Phường","Province_Code":"31","Province":"Hải Phòng","Province_Upper_Alt":"HẢI PHÒNG"},"geometry":{"type":"MultiPolygon","coordinates":[[[[106.55718,20.9318],[106.55755,20.93171],[106.55545,20.92905],[106.5632,20.91677],[106.56772,20.91299],[106.57467,20.91156],[106.57219,20.90898],[106.5732,20.90792],[106.57122,20.9076],[106.57166,20.90696],[106.57119,20.90611],[106.57118,20.90359],[106.56955,20.90384],[106.56908,20.90302],[106.56779,20.90299],[106.56728,20.90328],[106.56726,20.90221],[106.56867,20.89916],[106.56999,20.89891],[106.57029,20.89771],[106.57125,20.89659],[106.5715,20.89408],[106.573,20.89037],[106.5754,20.88758],[106.57696,20.88107],[106.57832,20.87811],[106.57896,20.87733],[106.58108,20.87593],[106.58206,20.87468],[106.5815,20.87358],[106.5801,20.87282],[106.57953,20.87205],[106.57927,20.8692],[106.57986,20.86837],[106.57678,20.86498],[106.57548,20.86099],[106.5666,20.85145],[106.56433,20.84799],[106.56351,20.84853],[106.56294,20.84968],[106.56241,20.85376],[106.56104,20.85555],[106.55913,20.85687],[106.55664,20.85736],[106.54958,20.85336],[106.5483,20.85337],[106.54734,20.85419],[106.54706,20.8556],[106.54874,20.86088],[106.54906,20.86282],[106.54847,20.8667],[106.54792,20.86767],[106.54676,20.86863],[106.54799,20.8692],[106.54872,20.87008],[106.54962,20.87032],[106.55009,20.87114],[106.55045,20.87297],[106.55272,20.87373],[106.55307,20.8767],[106.5511,20.87741],[106.54886,20.87883],[106.54785,20.87895],[106.54501,20.87836],[106.54418,20.8789],[106.54442,20.8797],[106.54586,20.88113],[106.54728,20.88138],[106.54706,20.88265],[106.54808,20.88348],[106.54829,20.88426],[106.54716,20.88541],[106.54528,20.88578],[106.54368,20.88573],[106.54171,20.88482],[106.53937,20.88736],[106.53948,20.88821],[106.54064,20.88908],[106.54052,20.89082],[106.54298,20.89137],[106.54388,20.89261],[106.54341,20.89362],[106.54083,20.89375],[106.54013,20.89432],[106.54022,20.89514],[106.54134,20.89676],[106.54126,20.89772],[106.53866,20.8977],[106.5381,20.89808],[106.53815,20.89893],[106.5401,20.89974],[106.54027,20.90014],[106.53904,20.90082],[106.53592,20.90118],[106.53358,20.90288],[106.53408,20.90463],[106.53374,20.90538],[106.53303,20.90554],[106.53172,20.90465],[106.53102,20.90457],[106.53081,20.9049],[106.53152,20.90613],[106.53138,20.90666],[106.52843,20.90696],[106.52747,20.90731],[106.52705,20.90797],[106.52838,20.90928],[106.52805,20.91072],[106.52809,20.91262],[106.52735,20.91487],[106.5278,20.9155],[106.52894,20.91572],[106.52988,20.91541],[106.53112,20.91268],[106.53207,20.912],[106.53319,20.91182],[106.53419,20.91289],[106.53452,20.9154],[106.53541,20.91715],[106.53634,20.91769],[106.53904,20.91772],[106.54069,20.91851],[106.54094,20.91894],[106.54074,20.92064],[106.54186,20.92169],[106.54293,20.922],[106.54439,20.92182],[106.54495,20.92142],[106.54612,20.91953],[106.54681,20.91911],[106.54777,20.91919],[106.54853,20.92007],[106.54855,20.92152],[106.54784,20.92246],[106.54628,20.92303],[106.54345,20.92258],[106.54272,20.92295],[106.5423,20.92388],[106.54274,20.92513],[106.54432,20.92731],[106.54231,20.92922],[106.54181,20.93092],[106.54206,20.93232],[106.54346,20.93516],[106.54296,20.93735],[106.54392,20.94366],[106.5433,20.94434],[106.54464,20.94562],[106.54442,20.94595],[106.5461,20.94834],[106.5469,20.94712],[106.54855,20.94664],[106.54989,20.94696],[106.55323,20.94851],[106.55499,20.9482],[106.55542,20.94764],[106.55623,20.94084],[106.55553,20.93382],[106.55632,20.93232],[106.55718,20.9318]]]]}},
{"type":"Feature","id":"11602","properties":{"Ward_Code":"11602","Ward_Code_Num":11602,"Ward":"Hồng An","Ward_Alt":"Hồng An","Ward_Upper":"HỒNG AN","Ward_Full":"Phường Hồng An","Ward_Full_Alt":"Phường Hồng An","Ward_Full_Upper_Alt":"PHƯỜNG HỒNG AN","Ward_Type":"Phường","Province_Code":"31","Province":"Hải Phòng","Province_Upper_Alt":"HẢI PHÒNG"},"geometry":{"type":"MultiPolygon","coordinates":[[[[106.59128,20.94659],[106.59352,20.94574],[106.59842,20.94257],[106.59965,20.94135],[106.60177,20.93773],[106.60242,20.9345],[106.6024,20.93242],[106.60157,20.92566],[106.6023,20.9238],[106.60378,20.92303],[106.61345,20.92195],[106.61704,20.92107],[106.61996,20.91938],[106.62142,20.91816],[106.62227,20.9167],[106.62352,20.91313],[106.62326,20.90549],[106.62282,20.9017],[106.6205,20.89167],[106.61995,20.88732],[106.62081,20.88401],[106.62178,20.88275],[106.62329,20.88175],[106.62251,20.88066],[106.6225,20.88],[106.61348,20.88316],[106.60874,20.88375],[106.60874,20.88402],[106.60777,20.88437],[106.60746,20.88483],[106.60776,20.88709],[106.60748,20.88751],[106.60648,20.88758],[106.605,20.88647],[106.60426,20.88637],[106.60384,20.887],[106.6041,20.88779],[106.60358,20.88859],[106.60196,20.88865],[106.60059,20.88981],[106.5994,20.88996],[106.59956,20.89081],[106.59518,20.8924],[106.59556,20.89341],[106.59708,20.89307],[106.59703,20.89396],[106.59761,20.89404],[106.59758,20.89636],[106.59696,20.89993],[106.59182,20.89972],[106.59163,20.89642],[106.58559,20.89854],[106.58516,20.89659],[106.57952,20.89982],[106.57748,20.90205],[106.575,20.90156],[106.57122,20.9076],[106.5732,20.90792],[106.57219,20.90898],[106.57467,20.91156],[106.56772,20.91299],[106.5632,20.91677],[106.55545,20.92905],[106.55755,20.93171],[106.55917,20.93179],[106.56112,20.93236],[106.56515,20.93468],[106.56697,20.9365],[106.56833,20.93932],[106.5687,20.94181],[106.56844,20.94502],[106.56754,20.94952],[106.56799,20.95093],[106.5693,20.95176],[106.57146,20.95174],[106.57448,20.95029],[106.57686,20.94852],[106.57858,20.94588],[106.57877,20.94506],[106.57851,20.94328],[106.57762,20.94173],[106.57553,20.93995],[106.57146,20.93755],[106.57029,20.93542],[106.57066,20.93365],[106.57177,20.93229],[106.57369,20.93099],[106.57542,20.93048],[106.57806,20.93064],[106.5809,20.93218],[106.58409,20.9365],[106.58493,20.93867],[106.58764,20.9432],[106.58892,20.94468],[106.59128,20.94659]]]]}},
{"type":"Feature","id":"11617","properties":{"Ward_Code":"11617","Ward_Code_Num":11617,"Ward":"An Hải","Ward_Alt":"An Hải","Ward_Upper":"AN HẢI","Ward_Full":"Phường An Hải","Ward_Full_Alt":"Phường An Hải","Ward_Full_Upper_Alt":"PHƯỜNG AN HẢI","Ward_Type":"Phường","Province_Code":"31","Province":"Hải Phòng","Province_Upper_Alt":"HẢI PHÒNG"},"geometry":{"type":"MultiPolygon","coordinates":[[[[106.62333,20.87229],[106.62558,20.87173],[106.62785,20.87074],[106.62976,20.86877],[106.63143,20.86537],[106.63323,20.86399],[106.6342,20.86369],[106.63729,20.8638],[106.64052,20.86481],[106.64288,20.86461],[106.64507,20.86362],[106.64894,20.85974],[106.6526,20.86059],[106.6562,20.86208],[106.65845,20.86204],[106.65976,20.86168],[106.6606,20.86084],[106.661,20.85987],[106.66051,20.8579],[106.65972,20.85655],[106.65986,20.85554],[106.66149,20.85382],[106.66392,20.85301],[106.66119,20.8493],[106.65766,20.8434],[106.65477,20.844],[106.65254,20.8434],[106.6507,20.84157],[106.64978,20.83962],[106.64976,20.83764],[106.65042,20.8364],[106.65525,20.83233],[106.65594,20.83132],[106.65615,20.8297],[106.65593,20.82831],[106.65468,20.82655],[106.65291,20.82582],[106.65124,20.8262],[106.64751,20.82868],[106.64539,20.82957],[106.64384,20.82967],[106.64095,20.82914],[106.6321,20.82434],[106.63004,20.82234],[106.6284,20.82007],[106.62687,20.81877],[106.62202,20.81644],[106.62013,20.81627],[106.6186,20.81659],[106.61124,20.81953],[106.607,20.82061],[106.60796,20.82241],[106.60837,20.82226],[106.60852,20.82261],[106.60808,20.82281],[106.60855,20.82363],[106.60901,20.82342],[106.60917,20.82374],[106.60855,20.82408],[106.60896,20.82479],[106.6094,20.82464],[106.6095,20.82487],[106.60917,20.82498],[106.61032,20.82679],[106.60974,20.82736],[106.61045,20.82845],[106.6102,20.82864],[106.61052,20.82911],[106.61116,20.82873],[106.61133,20.82909],[106.61098,20.8296],[106.61122,20.83009],[106.61331,20.83286],[106.61216,20.83353],[106.61409,20.83635],[106.61376,20.83682],[106.6144,20.83739],[106.61437,20.83789],[106.6138,20.83779],[106.61377,20.83804],[106.61497,20.83846],[106.61527,20.83894],[106.61613,20.83933],[106.61634,20.84048],[106.62058,20.84376],[106.6173,20.85136],[106.61598,20.85528],[106.6159,20.85554],[106.6167,20.85563],[106.61534,20.85959],[106.62027,20.85975],[106.6203,20.86309],[106.61967,20.86298],[106.61932,20.86718],[106.6219,20.8672],[106.62122,20.86888],[106.62192,20.87131],[106.62175,20.87202],[106.62333,20.87229]]]]}},
{"type":"Feature","id":"11629","properties":{"Ward_Code":"11629","Ward_Code_Num":11629,"Ward":"An Lão","Ward_Alt":"An Lão","Ward_Upper":"AN LÃO","Ward_Full":"Xã An Lão","Ward_Full_Alt":"Xã An Lão","Ward_Full_Upper_Alt":"XÃ AN LÃO","Ward_Type":"Xã","Province_Code":"31","Province":"Hải Phòng","Province_Upper_Alt":"HẢI PHÒNG"},"geometry":{"type":"MultiPolygon","coordinates":[[[[106.607,20.82061],[106.61124,20.81953],[106.61755,20.81703],[106.61547,20.81412],[106.59153,20.79313],[106.58767,20.79717],[106.58671,20.79562],[106.58663,20.79456],[106.58608,20.79442],[106.58574,20.79359],[106.58672,20.79244],[106.58628,20.79132],[106.58517,20.79088],[106.58377,20.78928],[106.57896,20.7889],[106.57705,20.78787],[106.57634,20.78688],[106.57615,20.78475],[106.57701,20.78281],[106.57505,20.78222],[106.57277,20.78093],[106.57186,20.78088],[106.57002,20.78192],[106.56944,20.78312],[106.56864,20.78586],[106.56776,20.79355],[106.56509,20.80038],[106.56348,20.80163],[106.56212,20.80192],[106.56043,20.80205],[106.55723,20.8012],[106.55577,20.80118],[106.55422,20.80192],[106.55315,20.80324],[106.55214,20.80568],[106.55209,20.80739],[106.5544,20.813],[106.55504,20.81716],[106.55308,20.81727],[106.55305,20.81617],[106.55159,20.81617],[106.55136,20.81539],[106.5504,20.81551],[106.54972,20.81486],[106.54918,20.81614],[106.54858,20.81637],[106.54934,20.81666],[106.5482,20.81735],[106.54792,20.81722],[106.54297,20.82713],[106.54761,20.82941],[106.54745,20.83095],[106.54602,20.8322],[106.54381,20.83331],[106.54344,20.83434],[106.5439,20.83474],[106.54541999999999,20.83499],[106.54658,20.83687],[106.54826,20.83781],[106.54881,20.83773],[106.54962,20.83814],[106.54963,20.83764],[106.5507,20.83766],[106.55074,20.83797],[106.55109,20.83795],[106.55213,20.83675],[106.55251,20.83712],[106.55286,20.83693],[106.55332,20.83717],[106.55363,20.83805],[106.55447,20.83804],[106.55447,20.83861],[106.55523,20.83861],[106.55565,20.83901],[106.55761,20.83894],[106.55957,20.83833],[106.56005999999999,20.83828],[106.56014,20.83868],[106.56266,20.8382],[106.56338,20.83879],[106.56276,20.83974],[106.56415,20.84059],[106.56451,20.84007],[106.56525,20.84063],[106.56556,20.84005],[106.56781,20.84032],[106.57018,20.83924],[106.57474,20.83895],[106.57615,20.83845],[106.57804,20.83868],[106.57857,20.83921],[106.57668,20.84041],[106.57804,20.8412],[106.57662,20.84215],[106.58068,20.84525],[106.57868,20.84595],[106.5808,20.84918],[106.58189,20.8503],[106.58247,20.84983],[106.58269,20.84894],[106.58203,20.84625],[106.58207,20.84504],[106.58478,20.83758],[106.58487,20.83023],[106.5856,20.82823],[106.58756,20.82537],[106.59022,20.82368],[106.59272,20.82296],[106.607,20.82061]]]]}},
{"type":"Feature","id":"11635","properties":{"Ward_Code":"11635","Ward_Code_Num":11635,"Ward":"An Trường","Ward_Alt":"An Trường","Ward_Upper":"AN TRƯỜNG","Ward_Full":"Xã An Trường","Ward_Full_Alt":"Xã An Trường","Ward_Full_Upper_Alt":"XÃ AN TRƯỜNG","Ward_Type":"Xã","Province_Code":"31","Province":"Hải Phòng","Province_Upper_Alt":"HẢI PHÒNG"},"geometry":{"type":"MultiPolygon","coordinates":[[[[106.54676,20.86863],[106.54823,20.86721],[106.54901,20.8639],[106.54874,20.86088],[106.54702,20.85523],[106.54734,20.85419],[106.54799,20.85349],[106.54919,20.8533],[106.55033,20.85365],[106.55474,20.85648],[106.55714,20.85744],[106.55973,20.85656],[106.56162,20.8549],[106.56263,20.85318],[106.56294,20.84968],[106.56351,20.84853],[106.56472,20.84784],[106.56676,20.84802],[106.57797,20.85074],[106.58058,20.85081],[106.58189,20.8503],[106.5808,20.84918],[106.57868,20.84595],[106.58068,20.84525],[106.57662,20.84215],[106.57804,20.8412],[106.57668,20.84041],[106.57857,20.83921],[106.57748,20.83845],[106.57615,20.83845],[106.57474,20.83895],[106.57018,20.83924],[106.56781,20.84032],[106.56556,20.84005],[106.56525,20.84063],[106.56451,20.84007],[106.56415,20.84059],[106.56276,20.83974],[106.56338,20.83879],[106.56266,20.8382],[106.56014,20.83868],[106.56005999999999,20.83828],[106.55957,20.83833],[106.55761,20.83894],[106.55565,20.83901],[106.55523,20.83861],[106.55447,20.83861],[106.55447,20.83804],[106.55363,20.83805],[106.55332,20.83717],[106.55286,20.83693],[106.55251,20.83712],[106.55213,20.83675],[106.55109,20.83795],[106.55074,20.83797],[106.5507,20.83766],[106.54963,20.83764],[106.54962,20.83814],[106.54881,20.83773],[106.54826,20.83781],[106.54658,20.83687],[106.54541999999999,20.83499],[106.54374,20.83467],[106.54337,20.83401],[106.544,20.83317],[106.54729,20.83124],[106.54761,20.82941],[106.54499,20.82792],[106.54166,20.82682],[106.53842,20.82645],[106.53416,20.82654],[106.53149,20.82716],[106.52897,20.82879],[106.52522,20.83193],[106.52286,20.8329],[106.52016,20.83355],[106.51492,20.83286],[106.51226,20.83338],[106.50719,20.83503],[106.50579,20.83581],[106.50415,20.83751],[106.5023,20.84022],[106.50101,20.84039],[106.50108,20.84063],[106.50042,20.84101],[106.49899,20.84149],[106.49911,20.84061],[106.49687,20.84028],[106.4957,20.8427],[106.49441,20.84375],[106.48582,20.8484],[106.47705,20.85864],[106.48178,20.86223],[106.48213,20.86343],[106.48342,20.8645],[106.48135,20.86774],[106.48344,20.86949],[106.48384,20.86832],[106.48574,20.86542],[106.49104,20.86745],[106.49342,20.86742],[106.49444,20.86672],[106.49825,20.85993],[106.49875,20.85782],[106.49865,20.85389],[106.49928,20.85298],[106.49997,20.85277],[106.50114,20.85307],[106.50245,20.85422],[106.50316,20.85613],[106.50368,20.85975],[106.50424,20.86133],[106.50522,20.86244],[106.50698,20.86367],[106.51062,20.86387],[106.51489,20.86232],[106.51696,20.86199],[106.51922,20.86216],[106.52149,20.86308],[106.52366,20.86314],[106.52488,20.86222],[106.52514,20.86162],[106.52322,20.85437],[106.52329,20.85313],[106.52477,20.85164],[106.52565,20.85134],[106.52758,20.85137],[106.53131,20.85374],[106.53316,20.8564],[106.53438,20.86002],[106.53456,20.86465],[106.53498,20.86576],[106.53588,20.86682],[106.53741,20.86765],[106.54211,20.8689],[106.54416,20.86908],[106.54676,20.86863]]]]}},
{"type":"Feature","id":"11647","properties":{"Ward_Code":"11647","Ward_Code_Num":11647,"Ward":"An Quang","Ward_Alt":"An Quang","Ward_Upper":"AN QUANG","Ward_Full":"Xã An Quang","Ward_Full_Alt":"Xã An Quang","Ward_Full_Upper_Alt":"XÃ AN QUANG","Ward_Type":"Xã","Province_Code":"31","Province":"Hải Phòng","Province_Upper_Alt":"HẢI PHÒNG"},"geometry":{"type":"MultiPolygon","coordinates":[[[[106.5138,20.83296],[106.5157,20.83288],[106.5197,20.83354],[106.5217,20.83331],[106.52522,20.83193],[106.52897,20.82879],[106.53149,20.82716],[106.53416,20.82654],[106.53842,20.82645],[106.54297,20.82713],[106.54792,20.81722],[106.5482,20.81735],[106.54934,20.81666],[106.54858,20.81637],[106.54918,20.81614],[106.54972,20.81486],[106.5504,20.81551],[106.55136,20.81539],[106.55159,20.81617],[106.55305,20.81617],[106.55308,20.81727],[106.55504,20.81716],[106.5544,20.813],[106.55209,20.80739],[106.55214,20.80568],[106.55354,20.80262],[106.55491,20.80149],[106.55685,20.80114],[106.55936,20.80191],[106.55287,20.79421],[106.55434,20.7929],[106.55268,20.79132],[106.5532,20.7908],[106.55248,20.7897],[106.55167,20.79018],[106.55135,20.78974],[106.55065,20.79005],[106.54494,20.78105],[106.54326,20.77905],[106.54245,20.77983],[106.54095,20.78237],[106.53967,20.78632],[106.53865,20.79098],[106.53737,20.79441],[106.5355,20.79702],[106.53346,20.79834],[106.53086,20.79847],[106.52834,20.79694],[106.52316,20.78986],[106.52007,20.78778],[106.51708,20.78762],[106.51455,20.7887],[106.51178,20.7913],[106.50866,20.79692],[106.5084,20.80051],[106.51297,20.80779],[106.51534,20.81264],[106.51596,20.81662],[106.5157,20.819],[106.51482,20.82076],[106.51374,20.82162],[106.5119,20.82226],[106.51013,20.82225],[106.49336,20.81976],[106.49086,20.82036],[106.48845,20.82237],[106.48834,20.82342],[106.48866,20.82422],[106.49327,20.82962],[106.49542,20.83265],[106.49708,20.8382],[106.49687,20.84028],[106.49911,20.84061],[106.49899,20.84149],[106.50042,20.84101],[106.50108,20.84063],[106.50101,20.84039],[106.5023,20.84022],[106.50415,20.83751],[106.50634,20.83544],[106.5138,20.83296]]]]}},
{"type":"Feature","id":"11668","properties":{"Ward_Code":"11668","Ward_Code_Num":11668,"Ward":"An Khánh","Ward_Alt":"An Khánh","Ward_Upper":"AN KHÁNH","Ward_Full":"Xã An Khánh","Ward_Full_Alt":"Xã An Khánh","Ward_Full_Upper_Alt":"XÃ AN KHÁNH","Ward_Type":"Xã","Province_Code":"31","Province":"Hải Phòng","Province_Upper_Alt":"HẢI PHÒNG"},"geometry":{"type":"MultiPolygon","coordinates":[[[[106.58756,20.79687],[106.58767,20.79717],[106.59153,20.79313],[106.59476,20.79574],[106.59563,20.7948],[106.59921,20.79782],[106.60012,20.79708],[106.60287,20.79943],[106.60439,20.79814],[106.6051,20.7981],[106.60834,20.7966],[106.6086,20.79526],[106.6097,20.7938],[106.60825,20.79232],[106.60781,20.79225],[106.60816,20.79155],[106.60794,20.79124],[106.60888,20.79057],[106.60874,20.79022],[106.61033,20.79007],[106.61165,20.78938],[106.61237,20.7884],[106.61227,20.78697],[106.61256,20.78694],[106.61251,20.78649],[106.61476,20.78595],[106.61718,20.78579],[106.61452,20.78053],[106.61504,20.78002],[106.61512,20.77914],[106.61407,20.77661],[106.61397,20.77525],[106.61527,20.77359],[106.6143,20.771],[106.61275,20.77101],[106.61389,20.76879],[106.61214,20.76811],[106.61231,20.76775],[106.61134,20.7673],[106.61194,20.76624],[106.61034,20.76534],[106.60896,20.76525],[106.60895,20.76375],[106.6086,20.76364],[106.60909,20.7624],[106.6073,20.76162],[106.60753,20.75992],[106.60817,20.75929],[106.60629,20.75643],[106.60567,20.75654],[106.59951,20.7542],[106.59949,20.75319],[106.59886,20.75315],[106.5987,20.75389],[106.59738,20.75341],[106.59702,20.75416],[106.59612,20.75369],[106.59544,20.75465],[106.59548,20.75621],[106.59526,20.75622],[106.59525,20.75556],[106.59479,20.75555],[106.59456,20.75613],[106.59366,20.75593],[106.59371,20.75548],[106.59342,20.75539],[106.59366,20.75447],[106.59332,20.7543],[106.59126,20.75705],[106.591,20.75636],[106.58949,20.75717],[106.58903,20.75683],[106.5884,20.7574],[106.58861,20.75775],[106.58704,20.75851],[106.58662,20.75909],[106.58761,20.75881],[106.58773,20.7591],[106.58542,20.76016],[106.58349,20.76049],[106.58282,20.76167],[106.58332,20.76227],[106.58075,20.76344],[106.58053,20.76221],[106.58076,20.76171],[106.58011,20.76134],[106.58,20.76046],[106.58029,20.7604],[106.58026,20.76005],[106.57946,20.7598],[106.57945,20.75929],[106.57841,20.75959],[106.57823,20.76047],[106.57759,20.76048],[106.57745,20.76083],[106.57788,20.76104],[106.57698,20.76301],[106.57002,20.76752],[106.56892,20.76391],[106.56794,20.762],[106.5665,20.7609],[106.56392,20.76083],[106.56022,20.76356],[106.55873,20.76558],[106.55646,20.76759],[106.5561,20.76827],[106.55523,20.7674],[106.55381,20.76844],[106.55138,20.7694],[106.55185,20.7712],[106.55139,20.77224],[106.54462,20.77755],[106.54326,20.77905],[106.54494,20.78105],[106.55065,20.79005],[106.55135,20.78974],[106.55167,20.79018],[106.55248,20.7897],[106.5532,20.7908],[106.55268,20.79132],[106.55434,20.7929],[106.55287,20.79421],[106.55936,20.80191],[106.56043,20.80205],[106.56348,20.80163],[106.56509,20.80038],[106.56776,20.79355],[106.56864,20.78586],[106.56944,20.78312],[106.57002,20.78192],[106.57186,20.78088],[106.57277,20.78093],[106.57505,20.78222],[106.57701,20.78281],[106.57615,20.78475],[106.57634,20.78688],[106.57705,20.78787],[106.57896,20.7889],[106.58377,20.78928],[106.58517,20.79088],[106.58628,20.79132],[106.58672,20.79244],[106.58574,20.79359],[106.58608,20.79442],[106.58663,20.79456],[106.58671,20.79562],[106.58756,20.79687]]]]}},
{"type":"Feature","id":"11674","properties":{"Ward_Code":"11674","Ward_Code_Num":11674,"Ward":"An Hưng","Ward_Alt":"An Hưng","Ward_Upper":"AN HƯNG","Ward_Full":"Xã An Hưng","Ward_Full_Alt":"Xã An Hưng","Ward_Full_Upper_Alt":"XÃ AN HƯNG","Ward_Type":"Xã","Province_Code":"31","Province":"Hải Phòng","Province_Upper_Alt":"HẢI PHÒNG"},"geometry":{"type":"MultiPolygon","coordinates":[[[[106.62101,20.7733],[106.62042,20.77023],[106.62333,20.76914],[106.62491,20.76501],[106.63387,20.76246],[106.6332,20.7616],[106.63448,20.76161],[106.63464,20.75783],[106.63346,20.75789],[106.63346,20.75754],[106.63287,20.75755],[106.63202,20.75628],[106.63416,20.75407],[106.63674,20.75403],[106.63678,20.75282],[106.63775,20.75284],[106.6378,20.7515],[106.63626,20.75141],[106.63637,20.74989],[106.63507,20.74916],[106.63408,20.75042],[106.63125,20.75008],[106.62667,20.74936],[106.62711,20.74857],[106.62102,20.74736],[106.62011,20.74966],[106.61722,20.74861],[106.61785,20.74706],[106.6169,20.74673],[106.61782,20.74455],[106.61631,20.7437],[106.61644,20.74291],[106.61691,20.74329],[106.61823,20.74215],[106.61804,20.74175],[106.61741,20.7421],[106.61713,20.74176],[106.6153,20.74194],[106.61545,20.74122],[106.61489,20.7409],[106.61523,20.74013],[106.61363,20.73881],[106.61436,20.73806],[106.61462,20.73712],[106.60873,20.73359],[106.60749,20.73222],[106.60644,20.73351],[106.60579,20.73309],[106.60546,20.73351],[106.60291,20.73188],[106.60512,20.72972],[106.60142,20.72547],[106.59573,20.72977],[106.56476,20.74999],[106.55253,20.75542],[106.55036,20.75654],[106.5475,20.75873],[106.54736,20.76185],[106.5477,20.76305],[106.55138,20.7694],[106.55381,20.76844],[106.55523,20.7674],[106.5561,20.76827],[106.55646,20.76759],[106.55873,20.76558],[106.56022,20.76356],[106.56242,20.76178],[106.56392,20.76083],[106.56469,20.76069],[106.5665,20.7609],[106.56794,20.762],[106.56892,20.76391],[106.57002,20.76752],[106.57698,20.76301],[106.57788,20.76104],[106.57745,20.76083],[106.57759,20.76048],[106.57823,20.76047],[106.57841,20.75959],[106.57945,20.75929],[106.57946,20.7598],[106.58026,20.76005],[106.58029,20.7604],[106.58,20.76046],[106.58011,20.76134],[106.58076,20.76171],[106.58053,20.76221],[106.58075,20.76344],[106.58332,20.76227],[106.58282,20.76167],[106.58349,20.76049],[106.58542,20.76016],[106.58773,20.7591],[106.58761,20.75881],[106.58662,20.75909],[106.58704,20.75851],[106.58861,20.75775],[106.5884,20.7574],[106.58903,20.75683],[106.58949,20.75717],[106.591,20.75636],[106.59126,20.75705],[106.59332,20.7543],[106.59366,20.75447],[106.59342,20.75539],[106.59371,20.75548],[106.59366,20.75593],[106.59456,20.75613],[106.59479,20.75555],[106.59525,20.75556],[106.59526,20.75622],[106.59548,20.75621],[106.59544,20.75465],[106.59612,20.75369],[106.59702,20.75416],[106.59738,20.75341],[106.5987,20.75389],[106.59886,20.75315],[106.59949,20.75319],[106.59951,20.7542],[106.60567,20.75654],[106.60629,20.75643],[106.60817,20.75929],[106.60753,20.75992],[106.6073,20.76162],[106.60909,20.7624],[106.6086,20.76364],[106.60895,20.76375],[106.60896,20.76525],[106.61034,20.76534],[106.61194,20.76624],[106.61134,20.7673],[106.61231,20.76775],[106.61214,20.76811],[106.61389,20.76879],[106.61275,20.77101],[106.6143,20.771],[106.61527,20.77359],[106.61835,20.77327],[106.6207,20.77405],[106.62101,20.7733]]]]}},
{"type":"Feature","id":"11680","properties":{"Ward_Code":"11680","Ward_Code_Num":11680,"Ward":"Kiến Thuỵ","Ward_Alt":"Kiến Thụy","Ward_Upper":"KIẾN THUỴ","Ward_Full":"Xã Kiến Thuỵ","Ward_Full_Alt":"Xã Kiến Thụy","Ward_Full_Upper_Alt":"XÃ KIẾN THỤY","Ward_Type":"Xã","Province_Code":"31","Province":"Hải Phòng","Province_Upper_Alt":"HẢI PHÒNG"},"geometry":{"type":"MultiPolygon","coordinates":[[[[106.63964,20.7764],[106.64192,20.77653],[106.643,20.77622],[106.6431,20.77552],[106.6424,20.77252],[106.64282,20.77079],[106.64458,20.76922],[106.64614,20.76871],[106.64778,20.76869],[106.64951,20.76928],[106.65032,20.76989],[106.65311,20.77434],[106.65388,20.77483],[106.6551,20.77485],[106.65919,20.77264],[106.66028,20.77267],[106.66054,20.77324],[106.6603,20.77405],[106.65699,20.77874],[106.65678,20.77985],[106.65709,20.7804],[106.65883,20.7817],[106.66213,20.78291],[106.66466,20.78305],[106.6666,20.78229],[106.66814,20.78024],[106.66926,20.77284],[106.6701,20.7714],[106.67534,20.76697],[106.67589,20.76542],[106.67559,20.76355],[106.67698,20.76293],[106.67622,20.76034],[106.67575,20.76026],[106.676,20.75974],[106.67455,20.75816],[106.67361,20.75535],[106.67464,20.75262],[106.67624,20.75298],[106.67638,20.75266],[106.67477,20.75228],[106.67658,20.74873],[106.67864,20.74851],[106.68175,20.74892],[106.68347,20.74872],[106.68626,20.74565],[106.68583,20.74556],[106.68604,20.74444],[106.68477,20.74431],[106.68478,20.74243],[106.68556,20.74093],[106.68192,20.73861],[106.67777,20.73841],[106.67584,20.73753],[106.67305,20.7375],[106.67044,20.7393],[106.66862,20.73901],[106.66838,20.7382],[106.66719,20.73711],[106.66644,20.73587],[106.667,20.73519],[106.66692,20.73469],[106.66524,20.73419],[106.66479,20.73441],[106.6652,20.73486],[106.66492,20.73553],[106.66521,20.73621],[106.66363,20.73678],[106.6644,20.73791],[106.66318,20.73835],[106.66265,20.73774],[106.66302,20.73695],[106.65763,20.73464],[106.65653,20.73402],[106.65591,20.73316],[106.65321,20.7348],[106.65236,20.73449],[106.64696,20.7383],[106.64727,20.73883],[106.64614,20.73932],[106.64596,20.74057],[106.64717,20.74089],[106.64779,20.74123],[106.64763,20.74162],[106.64849,20.74185],[106.64769,20.74572],[106.64681,20.74591],[106.6467,20.74544],[106.6445,20.74635],[106.64482,20.74705],[106.64525,20.74692],[106.64546,20.74742],[106.64448,20.7478],[106.64712,20.75256],[106.6456,20.75281],[106.64556,20.75321],[106.63973,20.75165],[106.6378,20.7515],[106.63775,20.75284],[106.63678,20.75282],[106.63674,20.75403],[106.63416,20.75407],[106.63202,20.75628],[106.63287,20.75755],[106.63346,20.75754],[106.63346,20.75789],[106.63464,20.75783],[106.63448,20.76161],[106.6332,20.7616],[106.63387,20.76246],[106.62491,20.76501],[106.62333,20.76914],[106.62042,20.77023],[106.62101,20.7733],[106.6207,20.77405],[106.62324,20.77531],[106.6242,20.77678],[106.62426,20.77758],[106.62315,20.78081],[106.6233,20.7821],[106.62422,20.78298],[106.62508,20.78315],[106.62731,20.78274],[106.62908,20.7813],[106.62951,20.77986],[106.62901,20.7764],[106.62932,20.77523],[106.6298,20.7751],[106.63044,20.77545],[106.63091,20.77632],[106.63092,20.77935],[106.63174,20.78217],[106.6325,20.78318],[106.6336,20.78364],[106.63472,20.78356],[106.63568,20.78292],[106.63617,20.78202],[106.63713,20.77778],[106.63818,20.77687],[106.63964,20.7764]]]]}},
{"type":"Feature","id":"11689","properties":{"Ward_Code":"11689","Ward_Code_Num":11689,"Ward":"Hưng Đạo","Ward_Alt":"Hưng Đạo","Ward_Upper":"HƯNG ĐẠO","Ward_Full":"Phường Hưng Đạo","Ward_Full_Alt":"Phường Hưng Đạo","Ward_Full_Upper_Alt":"PHƯỜNG HƯNG ĐẠO","Ward_Type":"Phường","Province_Code":"31","Province":"Hải Phòng","Province_Upper_Alt":"HẢI PHÒNG"},"geometry":{"type":"MultiPolygon","coordinates":[[[[106.70276,20.81521],[106.70322,20.81102],[106.70455,20.80921],[106.7068,20.80755],[106.71003,20.80581],[106.71621,20.80069],[106.72044,20.79916],[106.72034,20.79788],[106.71944,20.79588],[106.71432,20.79256],[106.70014,20.79006],[106.68964,20.78862],[106.68711,20.78979],[106.68005,20.78966],[106.67796,20.7893],[106.67318,20.78634],[106.67299,20.78772],[106.67211,20.78758],[106.67202,20.78835],[106.67156,20.78827],[106.67057,20.78656],[106.67029,20.78657],[106.6711,20.78503],[106.6666,20.78229],[106.66466,20.78305],[106.66213,20.78291],[106.66038,20.78247],[106.65797,20.78105],[106.65485,20.78355],[106.65844,20.78715],[106.65496,20.79124],[106.64817,20.7961],[106.64809,20.79718],[106.65058,20.80385],[106.65785,20.80295],[106.65805,20.80835],[106.6577,20.80857],[106.65998,20.81059],[106.65805,20.81062],[106.65882,20.81376],[106.6617,20.81212],[106.66548,20.81547],[106.6725,20.81312],[106.67457,20.81318],[106.67741,20.81378],[106.67659,20.81544],[106.67694,20.81671],[106.68612,20.8151],[106.68934,20.81513],[106.6914,20.81565],[106.69322,20.81693],[106.6942,20.81849],[106.69499,20.82098],[106.69571,20.82622],[106.6963,20.82742],[106.6976,20.82822],[106.69893,20.8282],[106.7016,20.82696],[106.70289,20.82524],[106.70374,20.82333],[106.70391,20.82054],[106.70276,20.81521]]]]}},
{"type":"Feature","id":"11692","properties":{"Ward_Code":"11692","Ward_Code_Num":11692,"Ward":"Dương Kinh","Ward_Alt":"Dương Kinh","Ward_Upper":"DƯƠNG KINH","Ward_Full":"Phường Dương Kinh","Ward_Full_Alt":"Phường Dương Kinh","Ward_Full_Upper_Alt":"PHƯỜNG DƯƠNG KINH","Ward_Type":"Phường","Province_Code":"31","Province":"Hải Phòng","Province_Upper_Alt":"HẢI PHÒNG"},"geometry":{"type":"MultiPolygon","coordinates":[[[[106.75828,20.77582],[106.75831,20.77462],[106.76049,20.77524],[106.76236,20.77536],[106.76511,20.77476],[106.76827,20.77308],[106.76942,20.77189],[106.76967,20.7711],[106.77449,20.76653],[106.77454,20.76619],[106.77349,20.76515],[106.77395,20.7649],[106.77489,20.76518],[106.77693,20.76267],[106.77813,20.75924],[106.77933,20.75388],[106.77972,20.75131],[106.77957,20.74901],[106.78125,20.746],[106.77736,20.74632],[106.77486,20.74593],[106.7713,20.74506],[106.76576,20.74311],[106.76368,20.74491],[106.76288,20.74434],[106.76172,20.7455],[106.75739,20.74292],[106.75395,20.74761],[106.74535,20.75763],[106.72526,20.75209],[106.71266,20.7519],[106.70672,20.75026],[106.70714,20.7515],[106.70451,20.75252],[106.70418,20.75292],[106.70512,20.75413],[106.70491,20.75569],[106.70112,20.75738],[106.6995,20.75845],[106.69886,20.76011],[106.69851,20.76018],[106.69828,20.76075],[106.6985,20.76325],[106.69832,20.76447],[106.69797,20.76453],[106.69778,20.76535],[106.69901,20.76568],[106.70135,20.76526],[106.7045,20.7725],[106.70419,20.77259],[106.70677,20.7814],[106.70768,20.78608],[106.70792,20.78584],[106.70828,20.78612],[106.70761,20.78682],[106.70865,20.7876],[106.70782,20.78853],[106.70798,20.78877],[106.70588,20.79013],[106.70394,20.79026],[106.70381,20.7907],[106.7148,20.79276],[106.71948,20.79592],[106.72034,20.79788],[106.72044,20.79916],[106.72573,20.79882],[106.72764,20.79839],[106.73009,20.7972],[106.73203,20.79536],[106.73291,20.79375],[106.73361,20.79143],[106.73377,20.78846],[106.73345,20.78356],[106.73393,20.78089],[106.73518,20.7785],[106.73747,20.77648],[106.74115,20.77471],[106.74482,20.77415],[106.75187,20.77469],[106.75828,20.77582]]]]}},
{"type":"Feature","id":"11713","properties":{"Ward_Code":"11713","Ward_Code_Num":11713,"Ward":"Nghi Dương","Ward_Alt":"Nghi Dương","Ward_Upper":"NGHI DƯƠNG","Ward_Full":"Xã Nghi Dương","Ward_Full_Alt":"Xã Nghi Dương","Ward_Full_Upper_Alt":"XÃ NGHI DƯƠNG","Ward_Type":"Xã","Province_Code":"31","Province":"Hải Phòng","Province_Upper_Alt":"HẢI PHÒNG"},"geometry":{"type":"MultiPolygon","coordinates":[[[[106.64551,20.74983],[106.64448,20.7478],[106.64546,20.74742],[106.64525,20.74692],[106.64482,20.74705],[106.6445,20.74635],[106.6467,20.74544],[106.64681,20.74591],[106.64769,20.74572],[106.64849,20.74187],[106.64763,20.74162],[106.64779,20.74123],[106.64717,20.74089],[106.64596,20.74057],[106.64614,20.73932],[106.64727,20.73883],[106.64696,20.7383],[106.65236,20.73449],[106.65321,20.7348],[106.65591,20.73316],[106.6555,20.73255],[106.65646,20.72921],[106.657,20.72931],[106.65712,20.72834],[106.65405,20.72336],[106.65571,20.72251],[106.6515,20.71853],[106.64676,20.7187],[106.64395,20.7158],[106.64133,20.71234],[106.63973,20.70854],[106.63635,20.70727],[106.62925,20.70215],[106.62516,20.70014],[106.62347,20.69967],[106.6215,20.69962],[106.61895,20.70046],[106.61665,20.70243],[106.61551,20.70406],[106.61089,20.71387],[106.60747,20.71939],[106.60498,20.72222],[106.60142,20.72547],[106.60512,20.72972],[106.60291,20.73188],[106.60546,20.73351],[106.60579,20.73309],[106.60644,20.73351],[106.60749,20.73222],[106.60873,20.73359],[106.61462,20.73712],[106.61436,20.73806],[106.61363,20.73881],[106.61523,20.74013],[106.61489,20.7409],[106.61545,20.74122],[106.6153,20.74194],[106.61713,20.74176],[106.61741,20.7421],[106.61804,20.74175],[106.61823,20.74215],[106.61691,20.74329],[106.61641,20.74306],[106.61631,20.7437],[106.61782,20.74455],[106.6169,20.74673],[106.61785,20.74706],[106.61722,20.74861],[106.62011,20.74966],[106.62102,20.74736],[106.62711,20.74857],[106.62667,20.74936],[106.63125,20.75008],[106.63408,20.75042],[106.63507,20.74916],[106.63637,20.74989],[106.63626,20.75141],[106.63973,20.75165],[106.64556,20.75321],[106.6456,20.75281],[106.64712,20.75256],[106.64551,20.74983]]]]}},
{"type":"Feature","id":"11725","properties":{"Ward_Code":"11725","Ward_Code_Num":11725,"Ward":"Kiến Minh","Ward_Alt":"Kiến Minh","Ward_Upper":"KIẾN MINH","Ward_Full":"Xã Kiến Minh","Ward_Full_Alt":"Xã Kiến Minh","Ward_Full_Upper_Alt":"XÃ KIẾN MINH","Ward_Type":"Xã","Province_Code":"31","Province":"Hải Phòng","Province_Upper_Alt":"HẢI PHÒNG"},"geometry":{"type":"MultiPolygon","coordinates":[[[[106.70404,20.79025],[106.70572,20.79021],[106.70798,20.78877],[106.70782,20.78853],[106.70865,20.7876],[106.70761,20.78682],[106.70828,20.78612],[106.70792,20.78584],[106.70768,20.78608],[106.70677,20.7814],[106.70419,20.77259],[106.7045,20.7725],[106.70135,20.76526],[106.69901,20.76568],[106.69778,20.76535],[106.69797,20.76453],[106.69832,20.76447],[106.6985,20.76325],[106.69828,20.76075],[106.69851,20.76018],[106.69886,20.76011],[106.6993,20.75868],[106.70112,20.75738],[106.70491,20.75569],[106.70514,20.75496],[106.70512,20.75413],[106.70418,20.75292],[106.70427,20.7523],[106.70224,20.74994],[106.70236,20.74885],[106.70289,20.74823],[106.70208,20.74722],[106.70245,20.74479],[106.70304,20.74471],[106.70236,20.74338],[106.70289,20.74277],[106.70248,20.74112],[106.7011,20.74172],[106.7006,20.74082],[106.69976,20.74117],[106.69873,20.73925],[106.69738,20.73967],[106.69581,20.74146],[106.69378,20.74208],[106.69139,20.74184],[106.68864,20.74082],[106.68621,20.74066],[106.6851,20.74156],[106.68472,20.74337],[106.68477,20.74431],[106.68604,20.74444],[106.68583,20.74556],[106.68626,20.74565],[106.68347,20.74872],[106.68175,20.74892],[106.67864,20.74851],[106.67658,20.74873],[106.67477,20.75228],[106.67638,20.75266],[106.67624,20.75298],[106.67464,20.75262],[106.67361,20.75535],[106.67455,20.75816],[106.676,20.75974],[106.67575,20.76026],[106.67622,20.76034],[106.67698,20.76293],[106.67559,20.76355],[106.67589,20.76542],[106.67534,20.76697],[106.6701,20.7714],[106.66926,20.77284],[106.66814,20.78024],[106.6666,20.78229],[106.6711,20.78503],[106.67029,20.78657],[106.67057,20.78656],[106.67156,20.78827],[106.67202,20.78835],[106.67211,20.78758],[106.67299,20.78772],[106.67318,20.78634],[106.67796,20.7893],[106.68005,20.78966],[106.68711,20.78979],[106.68964,20.78862],[106.70381,20.7907],[106.70404,20.79025]]]]}},
{"type":"Feature","id":"11728","properties":{"Ward_Code":"11728","Ward_Code_Num":11728,"Ward":"Kiến Hưng","Ward_Alt":"Kiến Hưng","Ward_Upper":"KIẾN HƯNG","Ward_Full":"Xã Kiến Hưng","Ward_Full_Alt":"Xã Kiến Hưng","Ward_Full_Upper_Alt":"XÃ KIẾN HƯNG","Ward_Type":"Xã","Province_Code":"31","Province":"Hải Phòng","Province_Upper_Alt":"HẢI PHÒNG"},"geometry":{"type":"MultiPolygon","coordinates":[[[[106.69738,20.73967],[106.69924,20.73225],[106.69896,20.72563],[106.69848,20.7232],[106.69768,20.7215],[106.69629,20.72019],[106.68896,20.71868],[106.68698,20.71759],[106.68501,20.71532],[106.6835,20.71169],[106.68507,20.70866],[106.68568,20.70657],[106.68552,20.70548],[106.68238,20.6987],[106.68243,20.69754],[106.67952,20.69737],[106.66304,20.68986],[106.65619,20.6884],[106.65468,20.68866],[106.65269,20.68978],[106.65186,20.6908],[106.65089,20.69333],[106.65051,20.70057],[106.64977,20.70342],[106.64883,20.70518],[106.64654,20.70719],[106.64406,20.7084],[106.64207,20.70873],[106.63973,20.70854],[106.64133,20.71234],[106.64395,20.7158],[106.64676,20.7187],[106.6515,20.71853],[106.65571,20.72251],[106.65405,20.72336],[106.65712,20.72834],[106.657,20.72931],[106.65646,20.72921],[106.6555,20.73255],[106.65653,20.73402],[106.66302,20.73695],[106.66265,20.73774],[106.66318,20.73835],[106.6644,20.73791],[106.66363,20.73678],[106.66521,20.73621],[106.66492,20.73553],[106.6652,20.73486],[106.66479,20.73441],[106.66524,20.73419],[106.66692,20.73469],[106.667,20.73519],[106.66641,20.73568],[106.66656,20.73615],[106.66838,20.7382],[106.66862,20.73901],[106.66954,20.7392],[106.67055,20.73925],[106.67305,20.7375],[106.67584,20.73753],[106.67777,20.73841],[106.68192,20.73861],[106.68556,20.74093],[106.68766,20.74067],[106.69309,20.74208],[106.69581,20.74146],[106.69738,20.73967]]]]}},
{"type":"Feature","id":"11737","properties":{"Ward_Code":"11737","Ward_Code_Num":11737,"Ward":"Nam Đồ Sơn","Ward_Alt":"Nam Đồ Sơn","Ward_Upper":"NAM ĐỒ SƠN","Ward_Full":"Phường Nam Đồ Sơn","Ward_Full_Alt":"Phường Nam Đồ Sơn","Ward_Full_Upper_Alt":"PHƯỜNG NAM ĐỒ SƠN","Ward_Type":"Phường","Province_Code":"31","Province":"Hải Phòng","Province_Upper_Alt":"HẢI PHÒNG"},"geometry":{"type":"MultiPolygon","coordinates":[[[[106.75729,20.74306],[106.75789,20.74115],[106.75839,20.73631],[106.75962,20.73286],[106.76065,20.73118],[106.75638,20.72818],[106.7574,20.72666],[106.7598,20.72515],[106.76272,20.72026],[106.76486,20.71782],[106.76593,20.7167],[106.76839,20.71535],[106.76969,20.71341],[106.76996,20.71136],[106.77063,20.71004],[106.77537,20.7082],[106.77578,20.7072],[106.7756,20.70622],[106.77587,20.70515],[106.7753,20.70438],[106.77547,20.70403],[106.7748,20.70343],[106.77372,20.70454],[106.77358,20.70523],[106.77233,20.70493],[106.77141,20.70393],[106.77105,20.70078],[106.76972,20.69794],[106.76766,20.69882],[106.7671,20.69997],[106.76772,20.70209],[106.76719,20.70278],[106.76804,20.7039],[106.76728,20.70457],[106.76848,20.70546],[106.77004,20.7051],[106.77074,20.70525],[106.77208,20.70618],[106.77262,20.70701],[106.77161,20.70884],[106.77032,20.7091],[106.76934,20.70987],[106.76836,20.71245],[106.76758,20.71365],[106.76738,20.71517],[106.76714,20.71349],[106.76825,20.71022],[106.76737,20.70998],[106.76726,20.70964],[106.76789,20.70909],[106.76842,20.70788],[106.76813,20.70774],[106.76652,20.70852],[106.76586,20.70917],[106.7652,20.70893],[106.765,20.70835],[106.76531,20.70756],[106.76462,20.70672],[106.76441,20.70503],[106.76377,20.70422],[106.76374,20.70158],[106.76315,20.70081],[106.76131,20.69967],[106.76029,20.69955],[106.7599,20.69985],[106.75568,20.69898],[106.75291,20.70335],[106.75225,20.70356],[106.75191,20.70441],[106.75058,20.70563],[106.74964,20.70723],[106.7501,20.70568],[106.75081,20.70516],[106.75164,20.70385],[106.75141,20.70359],[106.75166,20.70276],[106.75342,20.70073],[106.75305,20.69821],[106.74576,20.69388],[106.74357,20.692],[106.74154,20.68935],[106.74089,20.6897],[106.73685,20.69493],[106.73463,20.69799],[106.73439,20.69881],[106.733,20.69791],[106.733,20.69919],[106.72859,20.70021],[106.72796,20.7005],[106.72753,20.70115],[106.72951,20.70367],[106.72956,20.70777],[106.73145,20.70852],[106.733,20.70981],[106.73565,20.71098],[106.73578,20.71209],[106.73434,20.7144],[106.73638,20.71563],[106.73733,20.71661],[106.73895,20.71914],[106.73861,20.72012],[106.74014,20.72089],[106.73898,20.72237],[106.73773,20.72287],[106.73311,20.73094],[106.73362,20.73151],[106.7341,20.73323],[106.73392,20.73506],[106.7302,20.7374],[106.72978,20.73821],[106.72996,20.74103],[106.72896,20.74212],[106.72918,20.74279],[106.72796,20.7434],[106.72438,20.74152],[106.72269,20.74103],[106.72176,20.73976],[106.72088,20.74013],[106.71755,20.73772],[106.71646,20.73824],[106.71711,20.74003],[106.71706,20.74151],[106.71805,20.7444],[106.71682,20.7459],[106.71627,20.74581],[106.71576,20.74641],[106.71356,20.74627],[106.71296,20.74703],[106.7133,20.74746],[106.70777,20.74993],[106.70768,20.7505],[106.71266,20.7519],[106.72526,20.75209],[106.74535,20.75763],[106.75395,20.74761],[106.75729,20.74306]]]]}},
{"type":"Feature","id":"11749","properties":{"Ward_Code":"11749","Ward_Code_Num":11749,"Ward":"Kiến Hải","Ward_Alt":"Kiến Hải","Ward_Upper":"KIẾN HẢI","Ward_Full":"Xã Kiến Hải","Ward_Full_Alt":"Xã Kiến Hải","Ward_Full_Upper_Alt":"XÃ KIẾN HẢI","Ward_Type":"Xã","Province_Code":"31","Province":"Hải Phòng","Province_Upper_Alt":"HẢI PHÒNG"},"geometry":{"type":"MultiPolygon","coordinates":[[[[106.70768,20.7505],[106.70777,20.74993],[106.7133,20.74746],[106.71296,20.74703],[106.71356,20.74627],[106.71576,20.74641],[106.71627,20.74581],[106.71682,20.7459],[106.71802,20.74444],[106.71706,20.74151],[106.71711,20.74003],[106.71646,20.73824],[106.71755,20.73772],[106.72088,20.74013],[106.72176,20.73976],[106.72269,20.74103],[106.72438,20.74152],[106.72796,20.7434],[106.72918,20.74279],[106.72896,20.74212],[106.73002,20.74085],[106.72978,20.73821],[106.73006,20.73762],[106.73077,20.73689],[106.73338,20.73558],[106.73407,20.73472],[106.73402,20.73286],[106.73352,20.73128],[106.73311,20.73094],[106.73773,20.72287],[106.73898,20.72237],[106.74014,20.72089],[106.73861,20.72012],[106.73895,20.71914],[106.73733,20.71661],[106.73638,20.71563],[106.73434,20.7144],[106.73578,20.71209],[106.73565,20.71098],[106.733,20.70981],[106.73145,20.70852],[106.72956,20.70777],[106.72951,20.70367],[106.72753,20.70115],[106.72796,20.7005],[106.72859,20.70021],[106.733,20.69919],[106.733,20.69791],[106.73439,20.69881],[106.73463,20.69799],[106.73685,20.69493],[106.74089,20.6897],[106.74154,20.68935],[106.74074,20.6878],[106.73907,20.68584],[106.73802,20.68368],[106.73604,20.6817],[106.73527,20.68004],[106.73198,20.67875],[106.72789,20.67785],[106.72754,20.67696],[106.72692,20.6765],[106.72291,20.67658],[106.7169,20.67756],[106.7145,20.67844],[106.71249,20.67871],[106.71076,20.68034],[106.70722,20.68169],[106.70679,20.68254],[106.70356,20.6842],[106.70099,20.68665],[106.69909,20.68554],[106.69344,20.69221],[106.68986,20.69519],[106.68579,20.6972],[106.68243,20.69754],[106.68238,20.6987],[106.68552,20.70548],[106.68568,20.70657],[106.68507,20.70866],[106.6835,20.71169],[106.6844,20.71414],[106.68591,20.71662],[106.68805,20.71827],[106.69001,20.71896],[106.6958,20.71994],[106.69768,20.7215],[106.69878,20.72435],[106.69928,20.73123],[106.69898,20.73394],[106.69738,20.73967],[106.69873,20.73925],[106.69976,20.74117],[106.7006,20.74082],[106.7011,20.74172],[106.70248,20.74112],[106.70289,20.74277],[106.70236,20.74338],[106.70304,20.74471],[106.70245,20.74479],[106.70208,20.74722],[106.70289,20.74823],[106.70236,20.74885],[106.70224,20.74994],[106.70427,20.7523],[106.70418,20.75292],[106.70451,20.75252],[106.70714,20.7515],[106.70672,20.75026],[106.70768,20.7505]]]]}},
{"type":"Feature","id":"11755","properties":{"Ward_Code":"11755","Ward_Code_Num":11755,"Ward":"Tiên Lãng","Ward_Alt":"Tiên Lãng","Ward_Upper":"TIÊN LÃNG","Ward_Full":"Xã Tiên Lãng","Ward_Full_Alt":"Xã Tiên Lãng","Ward_Full_Upper_Alt":"XÃ TIÊN LÃNG","Ward_Type":"Xã","Province_Code":"31","Province":"Hải Phòng","Province_Upper_Alt":"HẢI PHÒNG"},"geometry":{"type":"MultiPolygon","coordinates":[[[[106.53778,20.7622],[106.54143,20.76126],[106.5475,20.75873],[106.55036,20.75654],[106.55253,20.75542],[106.56476,20.74999],[106.58121,20.73931],[106.57682,20.73538],[106.57755,20.73502],[106.56873,20.72507],[106.56911,20.72461],[106.56695,20.72175],[106.5679,20.72004],[106.56748,20.71862],[106.56793,20.71796],[106.56769,20.71748],[106.56324,20.71634],[106.56309,20.71694],[106.56371,20.71707],[106.56376,20.71676],[106.56423,20.71702],[106.56406,20.71745],[106.56007,20.71684],[106.56007,20.7166],[106.55938,20.71657],[106.55912,20.71719],[106.55507,20.71568],[106.55503,20.71594],[106.552,20.7137],[106.55246,20.71317],[106.54926,20.71267],[106.54812,20.713],[106.54718,20.71712],[106.54421,20.71686],[106.54383,20.71795],[106.54358,20.71791],[106.54334,20.71752],[106.54221,20.71754],[106.5422,20.716919999999998],[106.5407,20.71668],[106.5406,20.71568],[106.53992,20.71549],[106.53978,20.71487],[106.53668,20.71482],[106.5366,20.71328],[106.53438,20.71341],[106.53199,20.71129],[106.53037,20.70909],[106.52971,20.70753],[106.52961,20.70602],[106.52912,20.70562],[106.52448,20.70522],[106.52202,20.70589],[106.51916,20.70603],[106.51856,20.70938],[106.51479,20.70862],[106.51338,20.71246],[106.513,20.71463],[106.51346,20.71691],[106.51709,20.72654],[106.51921,20.73329],[106.52047,20.73894],[106.52122,20.74419],[106.52155,20.74901],[106.52118,20.75259],[106.5198,20.75703],[106.51847,20.75911],[106.51849,20.75987],[106.51937,20.76084],[106.51965,20.76203],[106.52649,20.7621],[106.53313,20.76257],[106.53778,20.7622]]]]}},
{"type":"Feature","id":"11761","properties":{"Ward_Code":"11761","Ward_Code_Num":11761,"Ward":"Quyết Thắng","Ward_Alt":"Quyết Thắng","Ward_Upper":"QUYẾT THẮNG","Ward_Full":"Xã Quyết Thắng","Ward_Full_Alt":"Xã Quyết Thắng","Ward_Full_Upper_Alt":"XÃ QUYẾT THẮNG","Ward_Type":"Xã","Province_Code":"31","Province":"Hải Phòng","Province_Upper_Alt":"HẢI PHÒNG"},"geometry":{"type":"MultiPolygon","coordinates":[[[[106.5084,20.80051],[106.50866,20.79692],[106.51178,20.7913],[106.51455,20.7887],[106.51774,20.78747],[106.51914,20.78753],[106.52085,20.78812],[106.52316,20.78986],[106.52728,20.7958],[106.53014,20.79824],[106.53182,20.7986],[106.53346,20.79834],[106.53488,20.79754],[106.5362,20.79628],[106.53806,20.7929],[106.53967,20.78632],[106.54162,20.78112],[106.5441,20.77799],[106.55069,20.77293],[106.55185,20.7712],[106.55171,20.77005],[106.55037,20.76732],[106.5477,20.76305],[106.54736,20.76185],[106.5475,20.75873],[106.54143,20.76126],[106.53778,20.7622],[106.53313,20.76257],[106.52649,20.7621],[106.51965,20.76203],[106.50925,20.76468],[106.50664,20.76456],[106.50417,20.76388],[106.50187,20.76266],[106.49809,20.75984],[106.49745,20.76062],[106.49657,20.76103],[106.4946,20.76075],[106.49386,20.76102],[106.49305,20.76269],[106.49306,20.76474],[106.49424,20.76739],[106.49598,20.76946],[106.49294,20.7706],[106.49435,20.77251],[106.49479,20.77583],[106.49367,20.7791],[106.49247,20.78109],[106.49318,20.78129],[106.49236,20.78386],[106.49164,20.78387],[106.48991,20.78758],[106.4871,20.79054],[106.48651,20.79197],[106.48216,20.79657],[106.48116,20.79801],[106.48448,20.7997],[106.48619,20.80002],[106.49031,20.80453],[106.49354,20.80681],[106.49591,20.80778],[106.49941,20.80838],[106.50211,20.80828],[106.5033,20.80764],[106.50428,20.80413],[106.5069,20.80214],[106.5084,20.80051]]]]}},
{"type":"Feature","id":"11779","properties":{"Ward_Code":"11779","Ward_Code_Num":11779,"Ward":"Tân Minh","Ward_Alt":"Tân Minh","Ward_Upper":"TÂN MINH","Ward_Full":"Xã Tân Minh","Ward_Full_Alt":"Xã Tân Minh","Ward_Full_Upper_Alt":"XÃ TÂN MINH","Ward_Type":"Xã","Province_Code":"31","Province":"Hải Phòng","Province_Upper_Alt":"HẢI PHÒNG"},"geometry":{"type":"MultiPolygon","coordinates":[[[[106.57556,20.70608],[106.57744,20.70251],[106.58062,20.70389],[106.58537,20.6959],[106.58767,20.69304],[106.58539,20.69219],[106.59245,20.679],[106.59236,20.67871],[106.5836,20.6772],[106.58365,20.67627],[106.58244,20.67293],[106.58177,20.67128],[106.58118,20.67062],[106.57653,20.67486],[106.57168,20.67761],[106.56201,20.68104],[106.55769,20.68157],[106.55525,20.68135],[106.55361,20.68031],[106.54703,20.67313],[106.54185,20.66914],[106.537,20.66655],[106.53101,20.66468],[106.52608,20.66415],[106.52269,20.66501],[106.51783,20.66763],[106.51404,20.67101],[106.51289,20.6736],[106.51252,20.67615],[106.51293,20.68894],[106.51535,20.7049],[106.51533,20.7065],[106.51479,20.70862],[106.51856,20.70938],[106.51916,20.70603],[106.52202,20.70589],[106.52448,20.70522],[106.52892,20.70557],[106.52955,20.7059],[106.53018,20.70873],[106.53199,20.71129],[106.5345,20.71348],[106.5366,20.71328],[106.53668,20.71482],[106.53978,20.71487],[106.53992,20.71549],[106.5406,20.71568],[106.5407,20.71668],[106.5422,20.716919999999998],[106.54221,20.71754],[106.54334,20.71752],[106.54383,20.71795],[106.54421,20.71686],[106.54718,20.71712],[106.54812,20.713],[106.54926,20.71267],[106.55025,20.71295],[106.5503,20.71268],[106.55246,20.71317],[106.552,20.7137],[106.55503,20.71594],[106.55507,20.71568],[106.55912,20.71719],[106.55938,20.71657],[106.56007,20.7166],[106.56007,20.71684],[106.56406,20.71745],[106.56423,20.71702],[106.56376,20.71676],[106.56371,20.71707],[106.56309,20.71694],[106.56324,20.71634],[106.56769,20.71748],[106.56793,20.71796],[106.56748,20.71862],[106.5679,20.72004],[106.57556,20.70608]]]]}},
{"type":"Feature","id":"11791","properties":{"Ward_Code":"11791","Ward_Code_Num":11791,"Ward":"Tiên Minh","Ward_Alt":"Tiên Minh","Ward_Upper":"TIÊN MINH","Ward_Full":"Xã Tiên Minh","Ward_Full_Alt":"Xã Tiên Minh","Ward_Full_Upper_Alt":"XÃ TIÊN MINH","Ward_Type":"Xã","Province_Code":"31","Province":"Hải Phòng","Province_Upper_Alt":"HẢI PHÒNG"},"geometry":{"type":"MultiPolygon","coordinates":[[[[106.60142,20.72547],[106.60498,20.72222],[106.60747,20.71939],[106.61089,20.71387],[106.61551,20.70406],[106.61665,20.70243],[106.61895,20.70046],[106.62034,20.69988],[106.62246,20.69955],[106.62516,20.70014],[106.62925,20.70215],[106.63492,20.70639],[106.63756,20.70786],[106.64107,20.70872],[106.6439,20.70845],[106.64758,20.70644],[106.64938,20.70433],[106.65051,20.70057],[106.65075,20.69411],[106.64704,20.69179],[106.64525,20.69013],[106.6454,20.68972],[106.64055,20.68764],[106.6406,20.68708],[106.63983,20.6869],[106.64044,20.68418],[106.63383,20.68278],[106.63148,20.6835],[106.63134,20.68292],[106.63071,20.6832],[106.63038,20.68256],[106.6272,20.68414],[106.62649,20.68179],[106.62196,20.6829],[106.621,20.68143],[106.62058,20.68171],[106.61978,20.68125],[106.6202,20.68061],[106.62063,20.67701],[106.62061,20.67462],[106.6197,20.67128],[106.61952,20.6711],[106.61662,20.67173],[106.6161,20.67011],[106.61697,20.66873],[106.61521,20.66791],[106.61511,20.6675],[106.61293,20.66806],[106.61185,20.66289],[106.61092,20.66093],[106.61021,20.65614],[106.60547,20.65616],[106.60528,20.65512],[106.60554,20.65498],[106.60991,20.65402],[106.6099,20.65264],[106.60904,20.6508],[106.60799,20.64964],[106.60557,20.64864],[106.6035,20.64571],[106.60314,20.6455],[106.60282,20.64618],[106.60078,20.64533],[106.60027,20.64842],[106.5987,20.65164],[106.59437,20.65671],[106.58669,20.66447],[106.58118,20.67062],[106.58177,20.67128],[106.58244,20.67293],[106.58365,20.67627],[106.5836,20.6772],[106.59236,20.67871],[106.59245,20.679],[106.58539,20.69219],[106.58767,20.69304],[106.58537,20.6959],[106.58062,20.70389],[106.57744,20.70251],[106.56695,20.72175],[106.56911,20.72461],[106.56879,20.72515],[106.57755,20.73502],[106.57682,20.73538],[106.58121,20.73931],[106.59573,20.72977],[106.60142,20.72547]]]]}},
{"type":"Feature","id":"11806","properties":{"Ward_Code":"11806","Ward_Code_Num":11806,"Ward":"Chấn Hưng","Ward_Alt":"Chấn Hưng","Ward_Upper":"CHẤN HƯNG","Ward_Full":"Xã Chấn Hưng","Ward_Full_Alt":"Xã Chấn Hưng","Ward_Full_Upper_Alt":"XÃ CHẤN HƯNG","Ward_Type":"Xã","Province_Code":"31","Province":"Hải Phòng","Province_Upper_Alt":"HẢI PHÒNG"},"geometry":{"type":"MultiPolygon","coordinates":[[[[106.63383,20.68278],[106.63202,20.68049],[106.63918,20.67859],[106.6384,20.67626],[106.64138,20.67513],[106.64217,20.67278],[106.64323,20.67322],[106.64355,20.67271],[106.64471,20.67363],[106.6482,20.66992],[106.64709,20.66872],[106.64758,20.66814],[106.64522,20.66653],[106.64531,20.6656],[106.64582,20.66534],[106.6453,20.66378],[106.64673,20.65984],[106.64721,20.65911],[106.65001,20.66102],[106.65187,20.66176],[106.65488,20.6544],[106.66536,20.63136],[106.67209,20.62033],[106.67346,20.6192],[106.67281,20.61779],[106.67201,20.61367],[106.67112,20.6135],[106.6682,20.61399],[106.6679,20.61374],[106.66777,20.61265],[106.66652,20.61222],[106.66265,20.61342],[106.66156,20.61415],[106.66029,20.6141],[106.65961,20.6145],[106.65963,20.61496],[106.65857,20.61485],[106.65014,20.62028],[106.64942,20.61948],[106.63894,20.62611],[106.63431,20.62786],[106.63062,20.62784],[106.62886,20.62751],[106.62353,20.62545],[106.62106,20.62494],[106.6177,20.62519],[106.61247,20.6266],[106.60949,20.62833],[106.60672,20.63126],[106.60323,20.63722],[106.60138,20.63964],[106.60092,20.6412],[106.60078,20.64533],[106.60282,20.64618],[106.60314,20.6455],[106.6035,20.64571],[106.60557,20.64864],[106.60799,20.64964],[106.6087,20.65025],[106.6099,20.65264],[106.60991,20.65402],[106.60554,20.65498],[106.60528,20.65512],[106.60547,20.65616],[106.61021,20.65614],[106.61092,20.66093],[106.61185,20.66289],[106.61293,20.66806],[106.61511,20.6675],[106.61521,20.66791],[106.61697,20.66873],[106.6161,20.67011],[106.61662,20.67173],[106.61952,20.6711],[106.61975,20.67138],[106.62061,20.67462],[106.62063,20.67701],[106.6202,20.68061],[106.61978,20.68125],[106.62058,20.68171],[106.621,20.68143],[106.62196,20.6829],[106.62649,20.68179],[106.6272,20.68414],[106.63038,20.68256],[106.63071,20.6832],[106.63134,20.68292],[106.63148,20.6835],[106.63383,20.68278]]]]}},
{"type":"Feature","id":"11809","properties":{"Ward_Code":"11809","Ward_Code_Num":11809,"Ward":"Hùng Thắng","Ward_Alt":"Hùng Thắng","Ward_Upper":"HÙNG THẮNG","Ward_Full":"Xã Hùng Thắng","Ward_Full_Alt":"Xã Hùng Thắng","Ward_Full_Upper_Alt":"XÃ HÙNG THẮNG","Ward_Type":"Xã","Province_Code":"31","Province":"Hải Phòng","Province_Upper_Alt":"HẢI PHÒNG"},"geometry":{"type":"MultiPolygon","coordinates":[[[[106.69909,20.68554],[106.69681,20.6842],[106.69785,20.68216],[106.69639,20.68239],[106.69446,20.68065],[106.69468,20.68046],[106.69657,20.68231],[106.69836,20.68181],[106.70125,20.6775],[106.69942,20.67565],[106.69967,20.67557],[106.70072,20.67691],[106.70152,20.67713],[106.70594,20.67134],[106.70695,20.66955],[106.70744,20.66774],[106.7084,20.66638],[106.70877,20.66486],[106.70855,20.66396],[106.70737,20.66361],[106.70887,20.6635],[106.71034,20.66168],[106.71026,20.66085],[106.70898,20.66023],[106.70872,20.65972],[106.70991,20.65922],[106.71005,20.65792],[106.70795,20.65823],[106.70992,20.65705],[106.71007,20.65498],[106.70942,20.6534],[106.70737,20.65056],[106.70611,20.65021],[106.70544,20.65046],[106.70593,20.65139],[106.70559,20.65204],[106.70387,20.65211],[106.70137,20.65295],[106.69952,20.65393],[106.69937,20.65441],[106.69548,20.6565],[106.70172,20.65225],[106.70309,20.65097],[106.70442,20.64944],[106.70445,20.64821],[106.7049,20.6477],[106.70556,20.64754],[106.70476,20.6471],[106.7059,20.64741],[106.70594,20.64578],[106.70532,20.6454],[106.70524,20.6448],[106.70454,20.6449],[106.7045,20.64405],[106.70366,20.64321],[106.70237,20.64289],[106.70233,20.64144],[106.70206,20.6411],[106.69888,20.64379],[106.6975,20.64579],[106.69491,20.64849],[106.69452,20.64788],[106.69525,20.6479],[106.69922,20.64306],[106.70119,20.64147],[106.70142,20.64112],[106.70122,20.64067],[106.7021,20.64024],[106.70163,20.63981],[106.70127,20.64002],[106.70138,20.63943],[106.70023,20.63985],[106.70117,20.63918],[106.70053,20.63871],[106.69988,20.63932],[106.70019,20.63946],[106.6998,20.64017],[106.70008,20.6406],[106.69985,20.64071],[106.69886,20.63995],[106.69926,20.63856],[106.69972,20.63812],[106.69976,20.63755],[106.69947,20.63736],[106.69971,20.63708],[106.69933,20.63701],[106.69847,20.63542],[106.69662,20.63472],[106.69513,20.63488],[106.69464,20.63523],[106.69343,20.63692],[106.69233,20.64042],[106.68948,20.64409],[106.68929,20.64398],[106.69219,20.64031],[106.69327,20.63674],[106.69467,20.63489],[106.69474,20.63296],[106.69431,20.63254],[106.68643,20.64016],[106.68556,20.64149],[106.68409,20.64073],[106.68423,20.64056],[106.68544,20.64126],[106.69133,20.63516],[106.69349,20.63275],[106.69358,20.63086],[106.69238,20.63096],[106.69318,20.62996],[106.69308,20.62971],[106.68365,20.62526],[106.6826,20.62598],[106.68234,20.62677],[106.68173,20.62578],[106.68091,20.62689],[106.68112,20.62767],[106.68088,20.62831],[106.6805,20.62799],[106.6806,20.6271],[106.6816,20.62497],[106.6816,20.62435],[106.68099,20.624],[106.68347,20.62124],[106.68345,20.62016],[106.68227,20.61797],[106.68076,20.61662],[106.67864,20.61645],[106.67867,20.61557],[106.67735,20.61478],[106.67643,20.6143],[106.67545,20.61452],[106.67424,20.61402],[106.67282,20.61771],[106.67346,20.6192],[106.67209,20.62033],[106.66536,20.63136],[106.65488,20.6544],[106.65187,20.66176],[106.65001,20.66102],[106.64721,20.65911],[106.64673,20.65984],[106.6453,20.66378],[106.64582,20.66534],[106.64531,20.6656],[106.64522,20.66653],[106.64758,20.66814],[106.64709,20.66872],[106.6482,20.66992],[106.64471,20.67363],[106.64355,20.67271],[106.64323,20.67322],[106.64217,20.67278],[106.64138,20.67513],[106.6384,20.67626],[106.63918,20.67859],[106.63202,20.68049],[106.63391,20.68289],[106.64044,20.68418],[106.63983,20.6869],[106.6406,20.68708],[106.64055,20.68764],[106.6454,20.68972],[106.64525,20.69013],[106.64704,20.69179],[106.65075,20.69411],[106.65186,20.6908],[106.65269,20.68978],[106.65468,20.68866],[106.65619,20.6884],[106.66379,20.6901],[106.68003,20.69754],[106.68579,20.6972],[106.68986,20.69519],[106.69344,20.69221],[106.69909,20.68554]]]]}},
{"type":"Feature","id":"11824","properties":{"Ward_Code":"11824","Ward_Code_Num":11824,"Ward":"Vĩnh Bảo","Ward_Alt":"Vĩnh Bảo","Ward_Upper":"VĨNH BẢO","Ward_Full":"Xã Vĩnh Bảo","Ward_Full_Alt":"Xã Vĩnh Bảo","Ward_Full_Upper_Alt":"XÃ VĨNH BẢO","Ward_Type":"Xã","Province_Code":"31","Province":"Hải Phòng","Province_Upper_Alt":"HẢI PHÒNG"},"geometry":{"type":"MultiPolygon","coordinates":[[[[106.51535,20.70492],[106.51293,20.68894],[106.51252,20.67615],[106.51277,20.67417],[106.51188,20.67382],[106.51096,20.67652],[106.50968,20.67663],[106.50929,20.67528],[106.50977,20.67247],[106.50992,20.66743],[106.51125,20.65809],[106.51275,20.65541],[106.51327,20.65304],[106.51298,20.65015],[106.50952,20.64429],[106.50121,20.65144],[106.4984,20.65337],[106.49668,20.65009],[106.4909,20.65253],[106.49047,20.65523],[106.48822,20.65516],[106.48794,20.6577],[106.484,20.65879],[106.48324,20.65856],[106.48144,20.65722],[106.47073,20.6602],[106.46797,20.66175],[106.46986,20.66515],[106.46876,20.66569],[106.46689,20.66736],[106.46605,20.66862],[106.4653,20.6685],[106.4651,20.66959],[106.46571,20.66982],[106.46544,20.67053],[106.4586,20.66849],[106.4559,20.66833],[106.45295,20.66944],[106.4504,20.67099],[106.44918,20.67204],[106.44817,20.67366],[106.44678,20.6776],[106.44542,20.6837],[106.44547,20.68483],[106.44632,20.68612],[106.44794,20.68747],[106.45046,20.68812],[106.45226,20.68751],[106.45663,20.68517],[106.45782,20.68502],[106.45886,20.68539],[106.46068,20.68697],[106.46165,20.68836],[106.46299,20.69316],[106.46502,20.69719],[106.46713,20.69888],[106.46942,20.69958],[106.47232,20.70154],[106.47401,20.70395],[106.47471,20.70572],[106.4793,20.70384],[106.47952,20.70416],[106.48452,20.70299],[106.48434,20.70155],[106.48789,20.70113],[106.4875,20.70039],[106.48782,20.70031],[106.49373,20.70194],[106.49275,20.70503],[106.49295,20.70537],[106.49579,20.70605],[106.4954,20.70793],[106.4959,20.70799],[106.4957,20.70833],[106.50258,20.70904],[106.50315,20.70687],[106.50546,20.70779],[106.50584,20.70714],[106.50678,20.70752],[106.50775,20.70605],[106.50858,20.70637],[106.50863,20.70591],[106.51037,20.70616],[106.51077,20.70567],[106.51284,20.70571],[106.51278,20.70525],[106.51535,20.70492]]]]}},
{"type":"Feature","id":"11836","properties":{"Ward_Code":"11836","Ward_Code_Num":11836,"Ward":"Vĩnh Thịnh","Ward_Alt":"Vĩnh Thịnh","Ward_Upper":"VĨNH THỊNH","Ward_Full":"Xã Vĩnh Thịnh","Ward_Full_Alt":"Xã Vĩnh Thịnh","Ward_Full_Upper_Alt":"XÃ VĨNH THỊNH","Ward_Type":"Xã","Province_Code":"31","Province":"Hải Phòng","Province_Upper_Alt":"HẢI PHÒNG"},"geometry":{"type":"MultiPolygon","coordinates":[[[[106.45336,20.72151],[106.45555,20.72138],[106.46005,20.7223],[106.46288,20.72393],[106.46496,20.72631],[106.47079,20.72777],[106.4709,20.72723],[106.47199,20.72755],[106.47228,20.72732],[106.4772,20.72866],[106.47835,20.7284],[106.4786,20.72932],[106.48093,20.73016],[106.48054,20.73093],[106.4819,20.73224],[106.48331,20.73152],[106.48405,20.73253],[106.48486,20.73222],[106.48824,20.7323],[106.4953,20.73316],[106.49547,20.73183],[106.49816,20.7322],[106.49753,20.72492],[106.49504,20.72466],[106.49508,20.72416],[106.4941,20.724],[106.49434,20.71995],[106.48915,20.71922],[106.48876,20.71888],[106.48848,20.71813],[106.49029,20.714479999999998],[106.48826,20.71249],[106.48732,20.71112],[106.48829,20.70927],[106.49062,20.70953],[106.49069,20.70867],[106.49133,20.70868],[106.49133,20.70796],[106.49384,20.70689],[106.49446,20.70793],[106.49536,20.70808],[106.49579,20.70605],[106.49295,20.70537],[106.49275,20.70503],[106.49373,20.70194],[106.48782,20.70031],[106.4875,20.70039],[106.48789,20.70113],[106.48434,20.70155],[106.48452,20.70299],[106.47952,20.70416],[106.4793,20.70384],[106.47471,20.70572],[106.47401,20.70395],[106.47232,20.70154],[106.46942,20.69958],[106.46713,20.69888],[106.46523,20.69738],[106.46342,20.69408],[106.45928,20.69644],[106.45255,20.70162],[106.45533,20.70565],[106.43654,20.70944],[106.43522,20.71005],[106.43498,20.70951],[106.42663,20.71039],[106.42631,20.7144],[106.42654,20.7148],[106.4193,20.71949],[106.41704,20.71769],[106.41596,20.7189],[106.41528,20.71818],[106.40917,20.72203],[106.40864,20.723],[106.40793,20.7272],[106.40744,20.72831],[106.40823,20.72893],[106.41061,20.73285],[106.41237,20.73449],[106.41376,20.73522],[106.41666,20.73514],[106.42466,20.73342],[106.42896,20.73117],[106.43147,20.72921],[106.43399,20.72582],[106.43565,20.72115],[106.43651,20.72042],[106.4378,20.72029],[106.43974,20.72122],[106.4423,20.72373],[106.44467,20.72686],[106.44621,20.72965],[106.44642,20.73124],[106.44622,20.73507],[106.44679,20.7359],[106.44803,20.73626],[106.4495,20.73593],[106.4508,20.73522],[106.45249,20.73176],[106.45299,20.73007],[106.45295,20.72789],[106.4526,20.7267],[106.451,20.72411],[106.45094,20.72343],[106.45116,20.72262],[106.45173,20.72207],[106.45336,20.72151]]]]}},
{"type":"Feature","id":"11842","properties":{"Ward_Code":"11842","Ward_Code_Num":11842,"Ward":"Vĩnh Thuận","Ward_Alt":"Vĩnh Thuận","Ward_Upper":"VĨNH THUẬN","Ward_Full":"Xã Vĩnh Thuận","Ward_Full_Alt":"Xã Vĩnh Thuận","Ward_Full_Upper_Alt":"XÃ VĨNH THUẬN","Ward_Type":"Xã","Province_Code":"31","Province":"Hải Phòng","Province_Upper_Alt":"HẢI PHÒNG"},"geometry":{"type":"MultiPolygon","coordinates":[[[[106.51965,20.76203],[106.51937,20.76084],[106.51849,20.75987],[106.51847,20.75911],[106.51961,20.75742],[106.52034,20.75564],[106.52127,20.75189],[106.52146,20.7467],[106.52079,20.74097],[106.51969,20.73519],[106.51814,20.72959],[106.51346,20.71691],[106.513,20.71463],[106.51338,20.71246],[106.51517,20.70733],[106.51535,20.70492],[106.51278,20.70525],[106.51284,20.70571],[106.51077,20.70567],[106.51037,20.70616],[106.50863,20.70591],[106.50858,20.70637],[106.50775,20.70605],[106.50678,20.70752],[106.50584,20.70714],[106.50546,20.70779],[106.50315,20.70687],[106.50258,20.70904],[106.4957,20.70833],[106.4959,20.70799],[106.49446,20.70793],[106.49384,20.70689],[106.49133,20.70796],[106.49133,20.70868],[106.49069,20.70867],[106.49062,20.70953],[106.48829,20.70927],[106.48738,20.71131],[106.49029,20.714479999999998],[106.48848,20.71813],[106.4887,20.71879],[106.48915,20.71922],[106.49434,20.71995],[106.4941,20.724],[106.49508,20.72416],[106.49504,20.72466],[106.49753,20.72492],[106.49816,20.7322],[106.49547,20.73183],[106.4953,20.73316],[106.48824,20.7323],[106.48486,20.73222],[106.48405,20.73253],[106.48331,20.73152],[106.4819,20.73224],[106.48054,20.73093],[106.48093,20.73016],[106.4786,20.72932],[106.47835,20.7284],[106.4772,20.72866],[106.47228,20.72732],[106.47199,20.72755],[106.4709,20.72723],[106.47079,20.72777],[106.46496,20.72631],[106.46547,20.7281],[106.4649,20.7309],[106.46296,20.73388],[106.4597,20.73651],[106.45438,20.73884],[106.45314,20.73962],[106.4524,20.7406],[106.45222,20.7415],[106.4528,20.74295],[106.45377,20.74359],[106.45646,20.74444],[106.45801,20.74434],[106.46221,20.74246],[106.4639,20.74233],[106.46619,20.74319],[106.46741,20.74429],[106.46878,20.7464],[106.47218,20.75301],[106.47353,20.75386],[106.47506,20.75369],[106.47894,20.75132],[106.48221,20.75015],[106.48633,20.75032],[106.48898,20.75114],[106.49152,20.75289],[106.49951,20.76105],[106.50417,20.76388],[106.50664,20.76456],[106.50925,20.76468],[106.51965,20.76203]]]]}},
{"type":"Feature","id":"11848","properties":{"Ward_Code":"11848","Ward_Code_Num":11848,"Ward":"Vĩnh Hoà","Ward_Alt":"Vĩnh Hòa","Ward_Upper":"VĨNH HOÀ","Ward_Full":"Xã Vĩnh Hoà","Ward_Full_Alt":"Xã Vĩnh Hòa","Ward_Full_Upper_Alt":"XÃ VĨNH HÒA","Ward_Type":"Xã","Province_Code":"31","Province":"Hải Phòng","Province_Upper_Alt":"HẢI PHÒNG"},"geometry":{"type":"MultiPolygon","coordinates":[[[[106.46342,20.69408],[106.46165,20.68836],[106.46068,20.68697],[106.45886,20.68539],[106.45782,20.68502],[106.45663,20.68517],[106.45226,20.68751],[106.45025,20.68813],[106.44794,20.68747],[106.44665,20.6865],[106.44567,20.68525],[106.44542,20.6837],[106.44597,20.68091],[106.44718,20.67633],[106.4486,20.67285],[106.44952,20.67167],[106.45115,20.6705],[106.4539,20.669],[106.4559,20.66833],[106.44337,20.66385],[106.44379,20.66281],[106.44193,20.6621],[106.43801,20.65913],[106.42936,20.6648],[106.42682,20.66763],[106.42308,20.67357],[106.41968,20.67705],[106.40682,20.68672],[106.4036,20.68785],[106.40116,20.6878],[106.40052,20.68874],[106.40127,20.69152],[106.40259,20.69381],[106.40657,20.69832],[106.41107,20.70443],[106.41469,20.70692],[106.41781,20.70789],[106.42028,20.70782],[106.42104,20.7087],[106.42137,20.71043],[106.42118,20.71156],[106.42009,20.71418],[106.41766,20.71649],[106.41528,20.71818],[106.41596,20.7189],[106.41704,20.71769],[106.4193,20.71949],[106.42654,20.7148],[106.42631,20.7144],[106.42663,20.71039],[106.43498,20.70951],[106.43522,20.71005],[106.43654,20.70944],[106.45533,20.70565],[106.45255,20.70162],[106.45928,20.69644],[106.46342,20.69408]]]]}},
{"type":"Feature","id":"11875","properties":{"Ward_Code":"11875","Ward_Code_Num":11875,"Ward":"Vĩnh Hải","Ward_Alt":"Vĩnh Hải","Ward_Upper":"VĨNH HẢI","Ward_Full":"Xã Vĩnh Hải","Ward_Full_Alt":"Xã Vĩnh Hải","Ward_Full_Upper_Alt":"XÃ VĨNH HẢI","Ward_Type":"Xã","Province_Code":"31","Province":"Hải Phòng","Province_Upper_Alt":"HẢI PHÒNG"},"geometry":{"type":"MultiPolygon","coordinates":[[[[106.44365,20.66315],[106.44337,20.66385],[106.4559,20.66833],[106.4586,20.66849],[106.46544,20.67053],[106.46571,20.66982],[106.4651,20.66959],[106.4653,20.6685],[106.46605,20.66862],[106.46689,20.66736],[106.46876,20.66569],[106.46986,20.66515],[106.46797,20.66175],[106.4705,20.66028],[106.48144,20.65722],[106.48324,20.65856],[106.484,20.65879],[106.48794,20.6577],[106.48822,20.65516],[106.49047,20.65523],[106.4909,20.65253],[106.49668,20.65009],[106.4984,20.65337],[106.50121,20.65144],[106.50952,20.64429],[106.50228,20.63198],[106.50328,20.63125],[106.50737,20.62967],[106.50718,20.62804],[106.50659,20.62815],[106.50604,20.62689],[106.50436,20.62264],[106.50486,20.62245],[106.50266,20.61729],[106.50131,20.61773],[106.50081,20.61551],[106.49593,20.61609],[106.49357,20.61668],[106.49275,20.61633],[106.49168,20.61485],[106.48974,20.60956],[106.4887,20.60778],[106.48591,20.60384],[106.4819,20.59921],[106.47951,20.5984],[106.47401,20.59793],[106.47237,20.59797],[106.4712,20.59847],[106.47021,20.60023],[106.46953,20.60722],[106.46785,20.61122],[106.46592,20.61384],[106.46417,20.6153],[106.46105,20.61707],[106.45862,20.6179],[106.45132,20.61935],[106.45021,20.62046],[106.45016,20.62185],[106.45092,20.62402],[106.45379,20.6291],[106.4548,20.63172],[106.45532,20.6381],[106.45502,20.63923],[106.45376,20.64098],[106.44927,20.64543],[106.44504,20.65053],[106.44062,20.65653],[106.43801,20.65913],[106.44193,20.6621],[106.44379,20.66281],[106.44365,20.66315]]]]}},
{"type":"Feature","id":"11887","properties":{"Ward_Code":"11887","Ward_Code_Num":11887,"Ward":"Vĩnh Am","Ward_Alt":"Vĩnh Am","Ward_Upper":"VĨNH AM","Ward_Full":"Xã Vĩnh Am","Ward_Full_Alt":"Xã Vĩnh Am","Ward_Full_Upper_Alt":"XÃ VĨNH AM","Ward_Type":"Xã","Province_Code":"31","Province":"Hải Phòng","Province_Upper_Alt":"HẢI PHÒNG"},"geometry":{"type":"MultiPolygon","coordinates":[[[[106.51174,20.67409],[106.51188,20.67382],[106.51277,20.67417],[106.51404,20.67101],[106.51698,20.66822],[106.52138,20.66561],[106.52438,20.66446],[106.52456,20.65403],[106.52604,20.65388],[106.52603,20.65346],[106.52705,20.65341],[106.52707,20.65286],[106.5281,20.65282],[106.52789,20.64679],[106.52723,20.64679],[106.52717,20.6447],[106.53032,20.64444],[106.52938,20.6411],[106.5316,20.64064],[106.53108,20.6385],[106.53144,20.6385],[106.53156,20.63931],[106.53244,20.63921],[106.53278,20.6414],[106.53375,20.64113],[106.53392,20.64234],[106.53445,20.64228],[106.53514,20.64165],[106.53506,20.64076],[106.5364,20.64069],[106.53646,20.64158],[106.5379,20.64148],[106.53831,20.64314],[106.53892,20.64308],[106.53897,20.64368],[106.5385,20.64369],[106.53857,20.64432],[106.53941,20.64472],[106.53947,20.64504],[106.53851,20.64616],[106.53809,20.64634],[106.53801,20.64597],[106.53751,20.6461],[106.5388,20.65582],[106.54654,20.65402],[106.54519,20.64699],[106.54677,20.6472],[106.54801,20.64675],[106.5546,20.64637],[106.55485,20.64893],[106.55648,20.64871],[106.55643,20.6468],[106.55833,20.64714],[106.55875,20.64815],[106.55952,20.64827],[106.56073,20.648],[106.56071,20.64761],[106.56188,20.64745],[106.56431,20.63884],[106.56516,20.64091],[106.56826,20.63328],[106.57421,20.62236],[106.5696,20.6199],[106.56739,20.61957],[106.5654,20.62044],[106.56143,20.62527],[106.55972,20.62624],[106.55138,20.62759],[106.54735,20.62718],[106.5458,20.62637],[106.54398,20.62401],[106.54222,20.62315],[106.54136,20.62187],[106.54182,20.61448],[106.54077,20.60996],[106.53985,20.60819],[106.53656,20.60596],[106.5313,20.60342],[106.52752,20.60242],[106.51938,20.60245],[106.51825,20.6079],[106.5174,20.60953],[106.51508,20.61175],[106.51167,20.61342],[106.50844,20.61456],[106.50081,20.61551],[106.50131,20.61773],[106.50266,20.61729],[106.50486,20.62245],[106.50436,20.62264],[106.50604,20.62689],[106.50659,20.62815],[106.50718,20.62804],[106.50732,20.62906],[106.50737,20.62967],[106.50328,20.63125],[106.50228,20.63198],[106.51203,20.6484],[106.51313,20.65074],[106.51327,20.65304],[106.51292,20.65497],[106.51125,20.65809],[106.5106,20.66204],[106.50988,20.66785],[106.50977,20.67247],[106.5093,20.67485],[106.50968,20.67663],[106.51107,20.67644],[106.51174,20.67409]]],[[[106.55128,20.67556],[106.55148,20.67485],[106.55203,20.67489],[106.55184,20.66774],[106.55021,20.66048],[106.54803,20.66123],[106.54893,20.66164],[106.54979,20.66691],[106.54971,20.67084],[106.54703,20.67313],[106.55039,20.67659],[106.55128,20.67556]]]]}},
{"type":"Feature","id":"11911","properties":{"Ward_Code":"11911","Ward_Code_Num":11911,"Ward":"Nguyễn Bỉnh Khiêm","Ward_Alt":"Nguyễn Bỉnh Khiêm","Ward_Upper":"NGUYỄN BỈNH KHIÊM","Ward_Full":"Xã Nguyễn Bỉnh Khiêm","Ward_Full_Alt":"Xã Nguyễn Bỉnh Khiêm","Ward_Full_Upper_Alt":"XÃ NGUYỄN BỈNH KHIÊM","Ward_Type":"Xã","Province_Code":"31","Province":"Hải Phòng","Province_Upper_Alt":"HẢI PHÒNG"},"geometry":{"type":"MultiPolygon","coordinates":[[[[106.58118,20.67062],[106.58669,20.66447],[106.59437,20.65671],[106.5987,20.65164],[106.60027,20.64842],[106.60077,20.64569],[106.60092,20.6412],[106.60159,20.6394],[106.5995,20.63917],[106.59301,20.63641],[106.59001,20.63325],[106.58695,20.62858],[106.58416,20.62663],[106.57892,20.62466],[106.57421,20.62236],[106.56826,20.63328],[106.56516,20.64091],[106.56431,20.63884],[106.56188,20.64745],[106.56071,20.64761],[106.56073,20.648],[106.55952,20.64827],[106.55875,20.64815],[106.55833,20.64714],[106.55643,20.6468],[106.55648,20.64871],[106.55485,20.64893],[106.5546,20.64637],[106.54801,20.64675],[106.54677,20.6472],[106.54519,20.64699],[106.54654,20.65402],[106.5388,20.65582],[106.53751,20.6461],[106.53801,20.64597],[106.53809,20.64634],[106.53851,20.64616],[106.53947,20.64504],[106.53941,20.64472],[106.53857,20.64432],[106.5385,20.64369],[106.53897,20.64368],[106.53892,20.64308],[106.53831,20.64314],[106.5379,20.64148],[106.53646,20.64158],[106.5364,20.64069],[106.53506,20.64076],[106.53514,20.64165],[106.53445,20.64228],[106.53392,20.64234],[106.53375,20.64113],[106.53278,20.6414],[106.53244,20.63921],[106.53156,20.63931],[106.53144,20.6385],[106.53108,20.6385],[106.5316,20.64064],[106.52938,20.6411],[106.53032,20.64444],[106.52717,20.6447],[106.52723,20.64679],[106.52789,20.64679],[106.5281,20.65282],[106.52707,20.65286],[106.52705,20.65341],[106.52603,20.65346],[106.52604,20.65388],[106.52456,20.65403],[106.52438,20.66446],[106.52699,20.66414],[106.53015,20.6645],[106.537,20.66655],[106.54315,20.66999],[106.54703,20.67313],[106.54971,20.67084],[106.54979,20.66691],[106.54893,20.66164],[106.54803,20.66123],[106.55021,20.66048],[106.55184,20.66774],[106.55203,20.67489],[106.55148,20.67485],[106.55128,20.67556],[106.55039,20.67659],[106.55275,20.67943],[106.55464,20.6811],[106.55642,20.68154],[106.56031,20.68137],[106.56365,20.68054],[106.56938,20.67854],[106.57337,20.67682],[106.57653,20.67486],[106.58118,20.67062]]]]}},
{"type":"Feature","id":"11914","properties":{"Ward_Code":"11914","Ward_Code_Num":11914,"Ward":"Cát Hải","Ward_Alt":"Cát Hải","Ward_Upper":"CÁT HẢI","Ward_Full":"Đặc khu Cát Hải","Ward_Full_Alt":"Đặc khu Cát Hải","Ward_Full_Upper_Alt":"ĐẶC KHU CÁT HẢI","Ward_Type":"Đặc khu","Province_Code":"31","Province":"Hải Phòng","Province_Upper_Alt":"HẢI PHÒNG"},"geometry":{"type":"MultiPolygon","coordinates":[[[[107.16283,20.61078],[107.1622,20.61102],[107.16148,20.61226],[107.16106,20.61371],[107.16154,20.6143],[107.16271,20.61399],[107.16353,20.6119],[107.16352,20.61117],[107.16283,20.61078]]],[[[107.15087,20.61274],[107.14817,20.61282],[107.1469,20.61325],[107.1464,20.61402],[107.14736,20.6156],[107.14898,20.61661],[107.15056,20.61514],[107.15136,20.61316],[107.15087,20.61274]]],[[[107.21336,20.61514],[107.21213,20.6154],[107.212,20.61579],[107.21253,20.61645],[107.21363,20.61626],[107.21382,20.61557],[107.21336,20.61514]]],[[[107.21073,20.61486],[107.20982,20.615],[107.2096,20.61534],[107.20974,20.61618],[107.21049,20.61666],[107.21142,20.61559],[107.21127,20.61507],[107.21073,20.61486]]],[[[107.13093,20.61519],[107.13032,20.61499],[107.12961,20.61553],[107.13052,20.61626],[107.13038,20.61777],[107.13131,20.61769],[107.13163,20.61713],[107.1313,20.61551],[107.13093,20.61519]]],[[[107.13756,20.61605],[107.13699,20.61658],[107.13757,20.61762],[107.13827,20.6178],[107.13867,20.61737],[107.13863,20.61678],[107.13836,20.61632],[107.13756,20.61605]]],[[[107.17104,20.61536],[107.17037,20.6148],[107.16861,20.61528],[107.16874,20.61329],[107.16866,20.61302],[107.16811,20.61299],[107.1674,20.61497],[107.1676,20.61749],[107.16819,20.61775],[107.1688,20.61757],[107.16912,20.61722],[107.16928,20.6159],[107.17104,20.61536]]],[[[107.20464,20.61706],[107.20571,20.61717],[107.20571,20.61547],[107.20721,20.61457],[107.20843,20.61465],[107.209,20.6141],[107.20894,20.61366],[107.20755,20.61334],[107.20559,20.61404],[107.20454,20.61386],[107.20428,20.61415],[107.20443,20.61515],[107.20393,20.61575],[107.20224,20.61521],[107.20144,20.6154],[107.20176,20.61649],[107.20283,20.61684],[107.20372,20.61806],[107.20421,20.61796],[107.20464,20.61706]]],[[[107.20672,20.61736],[107.20606,20.61744],[107.20577,20.61802],[107.20588,20.61844],[107.20652,20.61881],[107.20716,20.61864],[107.20737,20.61818],[107.2072,20.6176],[107.20672,20.61736]]],[[[107.20955,20.6175],[107.20879,20.61762],[107.20876,20.61844],[107.20981,20.61888],[107.21077,20.61869],[107.21074,20.61802],[107.20955,20.6175]]],[[[107.14238,20.61936],[107.14249,20.61767],[107.14173,20.61674],[107.14169,20.61591],[107.14123,20.61576],[107.14028,20.61674],[107.13948,20.61921],[107.13878,20.61919],[107.1378,20.6183],[107.13703,20.61833],[107.13574,20.62006],[107.1363,20.62057],[107.13884,20.62086],[107.13997,20.6206],[107.14092,20.6198],[107.14238,20.61936]]],[[[107.13318,20.62098],[107.13226,20.62142],[107.13219,20.62215],[107.1326,20.62254],[107.13336,20.62241],[107.1337,20.62192],[107.13356,20.62125],[107.13318,20.62098]]],[[[107.1379,20.62145],[107.13769,20.62123],[107.13552,20.62128],[107.13514,20.62166],[107.13593,20.62263],[107.1366,20.62267],[107.13766,20.62239],[107.1379,20.62145]]],[[[107.13645,20.62403],[107.13644,20.6232],[107.13509,20.62367],[107.13452,20.62255],[107.13397,20.62272],[107.13387,20.6246],[107.13416,20.62512],[107.13525,20.62515],[107.13602,20.62473],[107.13645,20.62403]]],[[[107.2029,20.62302],[107.20225,20.623],[107.20192,20.62338],[107.20206,20.6243],[107.20254,20.62472],[107.20335,20.62443],[107.20329,20.62348],[107.2029,20.62302]]],[[[107.13388,20.62548],[107.13343,20.62599],[107.1333,20.62682],[107.13418,20.62769],[107.13461,20.62696],[107.13388,20.62548]]],[[[107.16108,20.62654],[107.16044,20.62674],[107.16017,20.62725],[107.16078,20.62807],[107.16177,20.62751],[107.16154,20.62672],[107.16108,20.62654]]],[[[107.15581,20.62424],[107.15659,20.62406],[107.15781,20.62586],[107.15835,20.62616],[107.15936,20.62584],[107.16122,20.62608],[107.16149,20.62565],[107.16126,20.62532],[107.16024,20.62506],[107.15941,20.62419],[107.15948,20.62378],[107.15996,20.62364],[107.16203,20.62362],[107.16204,20.62301],[107.16147,20.62257],[107.16138,20.62111],[107.15999,20.61996],[107.15925,20.62001],[107.15802,20.62082],[107.15667,20.6223],[107.15508,20.62272],[107.15355,20.62589],[107.15419,20.62643],[107.15544,20.62854],[107.15651,20.62891],[107.15722,20.62725],[107.15709,20.62659],[107.15575,20.62541],[107.15581,20.62424]]],[[[107.13192,20.64977],[107.13111,20.64983],[107.13058,20.65049],[107.13091,20.65095],[107.13239,20.65165],[107.13292,20.65157],[107.13324,20.65045],[107.13192,20.64977]]],[[[107.13164,20.65195],[107.13101,20.65196],[107.13061,20.65239],[107.13057,20.65301],[107.13105,20.65348],[107.13178,20.65354],[107.13223,20.65311],[107.1321,20.65235],[107.13164,20.65195]]],[[[107.1365,20.65356],[107.13579,20.65373],[107.13552,20.65426],[107.13568,20.65485],[107.13618,20.65513],[107.13714,20.65459],[107.13712,20.65404],[107.1365,20.65356]]],[[[107.04633,20.69008],[107.04565,20.6904],[107.04553,20.69078],[107.04615,20.69143],[107.04709,20.69158],[107.04749,20.69071],[107.04704,20.6902],[107.04633,20.69008]]],[[[107.045,20.69504],[107.04658,20.69479],[107.04706,20.69424],[107.04707,20.69374],[107.04605,20.6932],[107.04321,20.69384],[107.04338,20.69485],[107.045,20.69504]]],[[[107.06982,20.69493],[107.06872,20.69533],[107.06856,20.69647],[107.06921,20.69654],[107.06966,20.69609],[107.07002,20.69537],[107.06982,20.69493]]],[[[107.0671,20.69538],[107.06648,20.69554],[107.06625,20.69624],[107.06696,20.69709],[107.06731,20.6983],[107.06797,20.69853],[107.06841,20.69803],[107.06844,20.69739],[107.0671,20.69538]]],[[[107.04661,20.69902],[107.0459,20.69894],[107.04501,20.69991],[107.04538,20.70117],[107.04598,20.70123],[107.04658,20.70068],[107.04661,20.69902]]],[[[107.07365,20.69989],[107.07313,20.70003],[107.07307,20.70073],[107.07458,20.70156],[107.07491,20.70076],[107.07436,20.70008],[107.07365,20.69989]]],[[[107.07243,20.70088],[107.07168,20.70119],[107.07161,20.70208],[107.0723,20.70206],[107.07268,20.70165],[107.07243,20.70088]]],[[[107.04582,20.7029],[107.04395,20.70341],[107.04366,20.7038],[107.04376,20.70438],[107.04444,20.70465],[107.04492,20.70449],[107.04582,20.70357],[107.04582,20.7029]]],[[[107.07662,20.70398],[107.07632,20.70258],[107.07458,20.70251],[107.07387,20.70196],[107.0733,20.70197],[107.07402,20.7043],[107.07534,20.70388],[107.07624,20.70438],[107.07662,20.70398]]],[[[107.02755,20.70443],[107.02686,20.705],[107.02706,20.70565],[107.02751,20.7059],[107.02823,20.70533],[107.02813,20.70472],[107.02755,20.70443]]],[[[107.07308,20.70382],[107.07217,20.70411],[107.07181,20.70467],[107.072,20.7053],[107.0726,20.70538],[107.07343,20.70485],[107.07361,20.70443],[107.07308,20.70382]]],[[[107.04734,20.7057],[107.04569,20.7057],[107.04479,20.70629],[107.04474,20.70689],[107.04603,20.70731],[107.04727,20.70701],[107.0475,20.70667],[107.04734,20.7057]]],[[[107.02794,20.70638],[107.02686,20.70688],[107.02689,20.70788],[107.0276,20.70785],[107.02828,20.70731],[107.02838,20.70681],[107.02794,20.70638]]],[[[107.02277,20.70629],[107.02236,20.70588],[107.02175,20.70623],[107.02104,20.70612],[107.02074,20.70668],[107.02122,20.7073],[107.02274,20.70812],[107.02312,20.70769],[107.02277,20.70629]]],[[[107.04235,20.7067],[107.04186,20.70648],[107.0408,20.70674],[107.04066,20.70766],[107.04132,20.70808],[107.04212,20.70796],[107.04255,20.70736],[107.04235,20.7067]]],[[[107.06317,20.7069],[107.0626,20.707],[107.06257,20.70774],[107.06365,20.70825],[107.0642,20.70813],[107.06423,20.70763],[107.06317,20.7069]]],[[[107.06806,20.70746],[107.06729,20.70788],[107.0672,20.70869],[107.06749,20.70914],[107.06795,20.70916],[107.0686,20.70853],[107.06806,20.70746]]],[[[107.01227,20.70892],[107.0117,20.70889],[107.0112,20.7094],[107.0112,20.70979],[107.01176,20.71026],[107.01245,20.71026],[107.01292,20.70979],[107.01287,20.70926],[107.01227,20.70892]]],[[[107.0374,20.70829],[107.03775,20.70825],[107.03827,20.70895],[107.03879,20.70891],[107.04191,20.70421],[107.04286,20.70342],[107.04285,20.70278],[107.04217,20.70274],[107.04069,20.70335],[107.0387,20.70618],[107.03694,20.70664],[107.03635,20.7071],[107.03581,20.71013],[107.03675,20.7098],[107.0374,20.70829]]],[[[107.01723,20.70949],[107.01592,20.70929],[107.01551,20.70972],[107.016,20.71026],[107.01715,20.71058],[107.01773,20.71007],[107.01723,20.70949]]],[[[107.02795,20.70857],[107.02592,20.71009],[107.02582,20.71089],[107.02636,20.71095],[107.02834,20.70986],[107.02857,20.70912],[107.02795,20.70857]]],[[[107.04678,20.70896],[107.046,20.7093],[107.0454,20.7105],[107.0456,20.71113],[107.04614,20.71149],[107.04663,20.71151],[107.04702,20.71102],[107.04725,20.70932],[107.04678,20.70896]]],[[[107.05339,20.70979],[107.05218,20.71005],[107.05096,20.71132],[107.05078,20.71202],[107.05116,20.71338],[107.05178,20.71344],[107.05287,20.7116],[107.05396,20.7107],[107.05408,20.71014],[107.05339,20.70979]]],[[[107.01996,20.71544],[107.02096,20.71566],[107.02158,20.71544],[107.02191,20.7139],[107.02286,20.71199],[107.02379,20.71106],[107.02502,20.71054],[107.02455,20.70938],[107.0226,20.70871],[107.02161,20.71056],[107.02109,20.71079],[107.0206,20.71057],[107.01994,20.70946],[107.01887,20.70945],[107.01819,20.71067],[107.0179,20.71317],[107.01691,20.71446],[107.01815,20.71513],[107.01885,20.7159],[107.01996,20.71544]]],[[[107.06516,20.7128],[107.06712,20.7131],[107.06747,20.71271],[107.06733,20.71196],[107.0677,20.71109],[107.06715,20.7109],[107.06555,20.71175],[107.06411,20.71174],[107.06371,20.71208],[107.06359,20.71368],[107.06522,20.71589],[107.06605,20.71563],[107.0664,20.71515],[107.06573,20.71405],[107.06493,20.71372],[107.06483,20.71319],[107.06516,20.7128]]],[[[107.01824,20.71625],[107.0178,20.71602],[107.0158,20.71627],[107.01533,20.71658],[107.01537,20.71688],[107.01718,20.71833],[107.01834,20.71681],[107.01824,20.71625]]],[[[107.03149,20.71882],[107.03111,20.71826],[107.02951,20.71802],[107.02908,20.71864],[107.02766,20.71899],[107.02704,20.71958],[107.02947,20.7209],[107.03149,20.71882]]],[[[107.07194,20.71838],[107.07092,20.71891],[107.07094,20.71951],[107.07183,20.72025],[107.07308,20.72041],[107.07322,20.71974],[107.07264,20.71882],[107.07194,20.71838]]],[[[107.01495,20.71825],[107.01211,20.71866],[107.01122,20.71921],[107.01057,20.72104],[107.01074,20.72236],[107.01156,20.72254],[107.01373,20.72119],[107.01532,20.71888],[107.01529,20.71841],[107.01495,20.71825]]],[[[107.02762,20.72188],[107.02694,20.72205],[107.02677,20.72313],[107.02705,20.72347],[107.02857,20.7237],[107.02864,20.72308],[107.02762,20.72188]]],[[[107.06656,20.72077],[107.06552,20.71882],[107.06454,20.71815],[107.06347,20.71803],[107.06338,20.7185],[107.06514,20.7198],[107.0653,20.72023],[107.06522,20.72058],[107.06467,20.72072],[107.06413,20.72048],[107.06359,20.71963],[107.06295,20.71996],[107.06248,20.72154],[107.06319,20.72366],[107.06397,20.72338],[107.06445,20.72191],[107.06615,20.72153],[107.06656,20.72077]]],[[[107.01057,20.72438],[107.01085,20.72361],[107.01048,20.72313],[107.00951,20.72387],[107.00733,20.72441],[107.0069,20.72477],[107.00694,20.72523],[107.00809,20.72553],[107.00927,20.72541],[107.01057,20.72438]]],[[[107.06581,20.72368],[107.06476,20.72368],[107.06451,20.72411],[107.06474,20.72477],[107.06573,20.72472],[107.066,20.72423],[107.06581,20.72368]]],[[[107.08222,20.71916],[107.08142,20.71945],[107.08024,20.72128],[107.07876,20.7222],[107.07807,20.72369],[107.07801,20.72479],[107.07826,20.72507],[107.07872,20.72505],[107.08136,20.72185],[107.08227,20.72012],[107.08222,20.71916]]],[[[107.06238,20.72562],[107.06329,20.72512],[107.06278,20.72379],[107.06158,20.72472],[107.0619,20.72563],[107.06238,20.72562]]],[[[107.08931,20.72424],[107.08847,20.72463],[107.08804,20.72534],[107.08819,20.72572],[107.08899,20.72571],[107.08952,20.72523],[107.08965,20.7247],[107.08931,20.72424]]],[[[107.07065,20.72388],[107.06907,20.72429],[107.06862,20.72479],[107.06863,20.72642],[107.0689,20.72694],[107.06963,20.72706],[107.07042,20.72612],[107.07091,20.72444],[107.07065,20.72388]]],[[[107.0824,20.72624],[107.0819,20.72644],[107.08174,20.72711],[107.08244,20.72793],[107.08289,20.72799],[107.08326,20.72776],[107.08338,20.7271],[107.0824,20.72624]]],[[[107.08661,20.7292],[107.08534,20.72955],[107.08532,20.73036],[107.08575,20.73063],[107.08693,20.7303],[107.08724,20.72963],[107.08661,20.7292]]],[[[107.06822,20.72883],[107.06671,20.72921],[107.06687,20.73038],[107.06748,20.7315],[107.06798,20.73147],[107.06906,20.7294],[107.06822,20.72883]]],[[[107.08166,20.73007],[107.0816,20.72937],[107.0796,20.73006],[107.07918,20.72948],[107.08016,20.7265],[107.08138,20.72478],[107.08138,20.72418],[107.08084,20.72397],[107.07829,20.72607],[107.07796,20.72794],[107.07657,20.72887],[107.07654,20.72916],[107.07738,20.73012],[107.07898,20.73059],[107.07972,20.73187],[107.08006,20.73184],[107.08166,20.73007]]],[[[107.00468,20.73215],[107.00414,20.73214],[107.00382,20.73266],[107.00392,20.73349],[107.00442,20.73398],[107.0052,20.73357],[107.00468,20.73215]]],[[[107.06857,20.73221],[107.0681,20.73248],[107.06818,20.73294],[107.0691,20.73391],[107.06967,20.73393],[107.06997,20.7329],[107.06857,20.73221]]],[[[107.0613,20.7328],[107.06008,20.73332],[107.06008,20.734],[107.06076,20.73415],[107.06168,20.73368],[107.06183,20.73321],[107.0613,20.7328]]],[[[106.99348,20.73501],[106.99259,20.73545],[106.99251,20.73603],[106.99282,20.7364],[106.9935,20.73645],[106.99403,20.73597],[106.99399,20.73534],[106.99348,20.73501]]],[[[107.0672,20.73308],[107.06647,20.73173],[107.06586,20.72878],[107.06607,20.72843],[107.0678,20.72782],[107.0674,20.72636],[107.06675,20.72621],[107.06492,20.72695],[107.0619,20.72714],[107.06137,20.72891],[107.06343,20.73065],[107.06315,20.73126],[107.06206,20.73201],[107.06206,20.73273],[107.06247,20.73329],[107.06381,20.7343],[107.06453,20.73291],[107.06542,20.73277],[107.06634,20.73352],[107.0673,20.73554],[107.06947,20.73613],[107.06994,20.73484],[107.06816,20.73404],[107.0672,20.73308]]],[[[107.07837,20.73462],[107.07773,20.73451],[107.07729,20.73502],[107.07798,20.73621],[107.07871,20.73587],[107.07837,20.73462]]],[[[107.08402,20.7312],[107.08244,20.73207],[107.08146,20.73406],[107.08018,20.7354],[107.08008,20.73584],[107.08075,20.73694],[107.08409,20.73398],[107.0845,20.73144],[107.08402,20.7312]]],[[[107.06212,20.73448],[107.0617,20.7347],[107.06084,20.7369],[107.06093,20.73721],[107.06165,20.73745],[107.06219,20.7373],[107.06248,20.73682],[107.06251,20.73482],[107.06212,20.73448]]],[[[107.06235,20.73846],[107.06162,20.73851],[107.06102,20.73898],[107.06118,20.73994],[107.06175,20.73992],[107.06238,20.73932],[107.06263,20.73887],[107.06235,20.73846]]],[[[107.05995,20.73997],[107.05931,20.74008],[107.05869,20.74126],[107.05883,20.74181],[107.05939,20.74187],[107.06039,20.74124],[107.05995,20.73997]]],[[[107.0133,20.73811],[107.01244,20.73837],[107.01215,20.73945],[107.01483,20.74284],[107.01684,20.74364],[107.0171,20.74323],[107.01696,20.74254],[107.01606,20.74144],[107.01432,20.74041],[107.01378,20.73857],[107.0133,20.73811]]],[[[107.01158,20.74146],[107.01095,20.74174],[107.01061,20.74249],[107.01074,20.74319],[107.01144,20.74373],[107.01203,20.74347],[107.01218,20.74236],[107.01158,20.74146]]],[[[107.07761,20.74137],[107.07926,20.74156],[107.07971,20.74103],[107.07866,20.73953],[107.07762,20.73963],[107.07492,20.74169],[107.07484,20.74331],[107.07532,20.74355],[107.07703,20.74153],[107.07761,20.74137]]],[[[107.06235,20.74416],[107.06337,20.74432],[107.06382,20.74407],[107.0635,20.7426],[107.06256,20.74248],[107.06073,20.74334],[107.05957,20.74222],[107.05882,20.74242],[107.05887,20.74361],[107.05945,20.74425],[107.06075,20.74457],[107.06235,20.74416]]],[[[107.05883,20.7538],[107.05807,20.75405],[107.05796,20.75465],[107.05903,20.75496],[107.05963,20.75468],[107.05958,20.75402],[107.05883,20.7538]]],[[[107.06295,20.7554],[107.06355,20.75528],[107.06417,20.75457],[107.0638,20.75416],[107.06234,20.75365],[107.06198,20.75399],[107.0621,20.7546],[107.06295,20.7554]]],[[[107.06497,20.75534],[107.06443,20.75526],[107.06394,20.75561],[107.06387,20.75625],[107.06419,20.75659],[107.06516,20.75644],[107.0653,20.75573],[107.06497,20.75534]]],[[[107.04926,20.75702],[107.04803,20.75771],[107.04837,20.75857],[107.0492,20.75836],[107.0498,20.75757],[107.04926,20.75702]]],[[[107.07898,20.75703],[107.07834,20.75725],[107.07835,20.75785],[107.07903,20.75852],[107.07975,20.75843],[107.07978,20.75765],[107.07898,20.75703]]],[[[107.07284,20.75836],[107.07364,20.75807],[107.07319,20.75689],[107.07343,20.75647],[107.07448,20.75746],[107.07526,20.75718],[107.07461,20.75465],[107.0759,20.7539],[107.07654,20.75406],[107.07709,20.75469],[107.07647,20.75647],[107.07819,20.75661],[107.07836,20.75518],[107.08177,20.75268],[107.08275,20.75148],[107.08233,20.75091],[107.0809,20.75136],[107.08072,20.75057],[107.07977,20.74996],[107.08008,20.74896],[107.08101,20.74851],[107.08169,20.74941],[107.08243,20.74931],[107.0836,20.74757],[107.08613,20.74715],[107.08673,20.74613],[107.08666,20.74553],[107.08597,20.74533],[107.084,20.74638],[107.08245,20.74653],[107.08211,20.74676],[107.082,20.74752],[107.08019,20.74762],[107.07856,20.74869],[107.0784,20.74922],[107.07875,20.75045],[107.07816,20.75161],[107.07962,20.75245],[107.07944,20.75307],[107.07843,20.75404],[107.07781,20.75384],[107.07757,20.75232],[107.07657,20.75213],[107.07675,20.7514],[107.07644,20.751],[107.07569,20.75107],[107.07552,20.75211],[107.07456,20.75306],[107.07357,20.7522],[107.07212,20.75236],[107.07147,20.75321],[107.0715,20.75363],[107.07267,20.75329],[107.07315,20.75402],[107.07081,20.75506],[107.0702,20.75616],[107.07147,20.75749],[107.07085,20.7585],[107.07097,20.75889],[107.07284,20.75836]]],[[[107.08925,20.75711],[107.08874,20.75726],[107.08835,20.75811],[107.08843,20.75845],[107.08909,20.75877],[107.08962,20.75868],[107.08995,20.75814],[107.08987,20.75765],[107.08925,20.75711]]],[[[107.05772,20.75935],[107.05727,20.75871],[107.05636,20.75917],[107.05582,20.75872],[107.05636,20.75811],[107.05712,20.75789],[107.0583,20.7584],[107.06094,20.7584],[107.06095,20.75776],[107.05968,20.75737],[107.05982,20.7567],[107.06127,20.75713],[107.062,20.75779],[107.06338,20.75727],[107.06364,20.75674],[107.06276,20.75654],[107.06204,20.75568],[107.06137,20.75541],[107.0592,20.75571],[107.05807,20.75651],[107.0562,20.75483],[107.05564,20.75675],[107.05414,20.75799],[107.05437,20.76008],[107.05478,20.76046],[107.0558,20.76048],[107.05736,20.76002],[107.05772,20.75935]]],[[[107.05201,20.75963],[107.05127,20.7596],[107.05062,20.75895],[107.04945,20.75954],[107.04971,20.76018],[107.05142,20.7611],[107.05259,20.7605],[107.05257,20.76],[107.05201,20.75963]]],[[[107.08099,20.76028],[107.08176,20.75914],[107.0817,20.75858],[107.07992,20.75948],[107.07901,20.75934],[107.07777,20.75973],[107.07755,20.76016],[107.07796,20.76053],[107.07907,20.7602],[107.0803,20.76083],[107.08099,20.76028]]],[[[107.07391,20.76096],[107.07498,20.76059],[107.07498,20.76007],[107.07385,20.75962],[107.07277,20.76033],[107.07299,20.76095],[107.07391,20.76096]]],[[[107.06488,20.76186],[107.06717,20.76224],[107.06782,20.76196],[107.06856,20.76086],[107.07087,20.7609],[107.07063,20.7597],[107.06952,20.75898],[107.0684,20.75912],[107.06805,20.75857],[107.06812,20.75805],[107.06954,20.7576],[107.06965,20.75699],[107.06758,20.75719],[107.06628,20.75682],[107.06516,20.75846],[107.06409,20.76089],[107.06353,20.76104],[107.06258,20.7603],[107.06126,20.76003],[107.06017,20.7613],[107.06047,20.76214],[107.06184,20.76165],[107.06413,20.76247],[107.06488,20.76186]]],[[[107.07706,20.76255],[107.07753,20.76192],[107.07746,20.76153],[107.07708,20.76111],[107.07625,20.76116],[107.07578,20.76178],[107.07586,20.76234],[107.07706,20.76255]]],[[[107.08697,20.76016],[107.08636,20.76008],[107.08626,20.75972],[107.08678,20.75901],[107.08781,20.75867],[107.08786,20.75784],[107.08662,20.75679],[107.08589,20.75703],[107.086,20.75776],[107.08555,20.75862],[107.08421,20.75835],[107.08302,20.75897],[107.08235,20.76158],[107.08326,20.76373],[107.08476,20.76367],[107.08685,20.76214],[107.08769,20.76112],[107.08761,20.76066],[107.08697,20.76016]]],[[[107.07297,20.76376],[107.07386,20.76367],[107.07414,20.7628],[107.07398,20.76233],[107.07298,20.76282],[107.07169,20.76293],[107.07115,20.76412],[107.07212,20.76419],[107.07297,20.76376]]],[[[107.07784,20.76439],[107.0788,20.76438],[107.07933,20.76398],[107.07986,20.76298],[107.07947,20.76234],[107.0784,20.76211],[107.07583,20.76391],[107.07611,20.76429],[107.07784,20.76439]]],[[[107.05779,20.76364],[107.0606,20.76387],[107.06097,20.76353],[107.06096,20.76303],[107.05978,20.76259],[107.05924,20.76131],[107.05847,20.76054],[107.05762,20.76056],[107.05679,20.76107],[107.05583,20.76286],[107.05599,20.76352],[107.0571,20.76464],[107.05752,20.76447],[107.05779,20.76364]]],[[[107.0541,20.76375],[107.05279,20.76362],[107.05217,20.7628],[107.05079,20.76344],[107.05181,20.76486],[107.05402,20.76439],[107.0541,20.76375]]],[[[107.06455,20.76469],[107.06568,20.76457],[107.06581,20.7641],[107.06544,20.76359],[107.06398,20.76349],[107.06348,20.76388],[107.06356,20.76468],[107.06455,20.76469]]],[[[107.05972,20.76551],[107.05869,20.76563],[107.05804,20.76631],[107.05842,20.76664],[107.05968,20.7666],[107.06005999999999,20.76607],[107.05972,20.76551]]],[[[107.08213,20.7639],[107.0794,20.76556],[107.07896,20.76622],[107.07913,20.76653],[107.08005,20.76701],[107.08136,20.76582],[107.08251,20.76525],[107.08285,20.76445],[107.08213,20.7639]]],[[[107.09738,20.76509],[107.09698,20.76526],[107.09693,20.76589],[107.09633,20.76613],[107.0963,20.76688],[107.09739,20.76682],[107.09837,20.76613],[107.09738,20.76509]]],[[[107.07304,20.76678],[107.07227,20.76682],[107.07176,20.76768],[107.07238,20.76808],[107.07304,20.7679],[107.07348,20.76722],[107.07304,20.76678]]],[[[107.06482,20.76671],[107.0641,20.76701],[107.06413,20.76818],[107.0648,20.76808],[107.06535,20.76738],[107.06536,20.76685],[107.06482,20.76671]]],[[[107.07671,20.76787],[107.07743,20.76784],[107.0796,20.76859],[107.08101,20.76854],[107.08153,20.76808],[107.08093,20.76766],[107.07899,20.76757],[107.07811,20.76625],[107.07738,20.76593],[107.07517,20.7659],[107.0749,20.76537],[107.07525,20.7642],[107.07426,20.76412],[107.07351,20.7654],[107.07485,20.76858],[107.07592,20.76928],[107.07671,20.76787]]],[[[107.056,20.76903],[107.05491,20.76912],[107.05329,20.77015],[107.05325,20.77127],[107.05392,20.7715],[107.05608,20.77049],[107.05643,20.76948],[107.056,20.76903]]],[[[107.05742,20.77057],[107.05682,20.77059],[107.05663,20.77138],[107.05701,20.77198],[107.05781,20.77214],[107.05822,20.7711],[107.05742,20.77057]]],[[[107.10589,20.76832],[107.10532,20.76835],[107.10496,20.76926],[107.1048,20.77057],[107.1051,20.77261],[107.1056,20.77237],[107.10634,20.77101],[107.10589,20.76832]]],[[[107.09531,20.77268],[107.09458,20.77286],[107.09461,20.77354],[107.0955,20.77382],[107.09633,20.77335],[107.09635,20.77295],[107.09531,20.77268]]],[[[107.07884,20.77288],[107.07879,20.7723],[107.07767,20.77239],[107.07743,20.77288],[107.07654,20.77297],[107.07637,20.77373],[107.0769,20.77403],[107.07884,20.77288]]],[[[107.10115,20.77364],[107.10131,20.77167],[107.09986,20.76962],[107.09981,20.76845],[107.09824,20.76739],[107.09766,20.76732],[107.09768,20.76862],[107.09812,20.7693],[107.09786,20.77104],[107.09656,20.77199],[107.09642,20.77281],[107.10052,20.77396],[107.10115,20.77364]]],[[[107.0634,20.77376],[107.06407,20.7735],[107.06583,20.77141],[107.06648,20.76977],[107.06589,20.76905],[107.06516,20.76903],[107.06465,20.77128],[107.06388,20.77152],[107.06232,20.77281],[107.06124,20.77467],[107.06242,20.77498],[107.0634,20.77376]]],[[[107.07063,20.77232],[107.07151,20.77194],[107.07122,20.7707],[107.07082,20.77036],[107.06896,20.77121],[107.06794,20.77022],[107.06671,20.77126],[107.06696,20.77192],[107.06788,20.77167],[107.06831,20.7719],[107.0686,20.77277],[107.06804,20.77455],[107.06847,20.77506],[107.06901,20.77502],[107.0702,20.77413],[107.07063,20.77232]]],[[[107.09933,20.77409],[107.09855,20.77408],[107.09807,20.77448],[107.09813,20.77517],[107.0989,20.77571],[107.09995,20.77502],[107.09933,20.77409]]],[[[107.0751,20.77532],[107.07586,20.77523],[107.07614,20.77488],[107.07508,20.77167],[107.07515,20.77112],[107.07623,20.77084],[107.0762,20.77026],[107.07576,20.77002],[107.07353,20.7706],[107.07167,20.7735],[107.07295,20.77604],[107.07402,20.77607],[107.0751,20.77532]]],[[[107.08176,20.77458],[107.08384,20.77553],[107.08486,20.77514],[107.08618,20.77404],[107.08597,20.77278],[107.0864,20.77216],[107.08621,20.7703],[107.08787,20.76847],[107.08861,20.76882],[107.0887,20.76926],[107.08723,20.77076],[107.08756,20.77296],[107.08796,20.77314],[107.08904,20.77248],[107.08902,20.77179],[107.09017,20.77079],[107.09068,20.77122],[107.09075,20.77185],[107.09006,20.77312],[107.08936,20.77358],[107.08931,20.77419],[107.0902,20.77472],[107.09209,20.77452],[107.09286,20.77347],[107.09409,20.77277],[107.09442,20.77173],[107.09393,20.77105],[107.09209,20.77099],[107.09205,20.77034],[107.09314,20.76936],[107.09188,20.76791],[107.09133,20.76826],[107.09128,20.76939],[107.09043,20.7696],[107.08988,20.76858],[107.08986,20.76698],[107.09118,20.7662],[107.09271,20.76683],[107.09368,20.76747],[107.0951,20.76947],[107.09605,20.76909],[107.09562,20.76739],[107.09311,20.76585],[107.09138,20.76545],[107.09174,20.76484],[107.09336,20.76514],[107.09366,20.76451],[107.09325,20.76418],[107.08784,20.76316],[107.08473,20.76572],[107.08308,20.76613],[107.08357,20.76704],[107.08326,20.76891],[107.08416,20.76969],[107.08386,20.77],[107.08282,20.76995],[107.08233,20.77043],[107.08191,20.77289],[107.08156,20.77345],[107.07933,20.77401],[107.07934,20.7761],[107.07999,20.7761],[107.08108,20.77486],[107.08176,20.77458]]],[[[107.06098,20.77505],[107.06009,20.77555],[107.06057,20.77664],[107.06151,20.77683],[107.06301,20.776],[107.06297,20.77566],[107.06098,20.77505]]],[[[107.09743,20.77532],[107.09707,20.77538],[107.09696,20.77579],[107.09711,20.77714],[107.09794,20.77737],[107.09841,20.77701],[107.09808,20.77661],[107.09829,20.77599],[107.09743,20.77532]]],[[[107.07654,20.77586],[107.07537,20.77635],[107.07511,20.7769],[107.07533,20.77758],[107.07606,20.77776],[107.07661,20.77746],[107.07697,20.77639],[107.07654,20.77586]]],[[[107.0791,20.77664],[107.07775,20.77707],[107.07766,20.77775],[107.07878,20.77754],[107.0793,20.776979999999998],[107.0791,20.77664]]],[[[107.10159,20.78124],[107.09955,20.78295],[107.09967,20.78335],[107.10071,20.78397],[107.10118,20.78365],[107.10184,20.78221],[107.1019,20.78151],[107.10159,20.78124]]],[[[107.10464,20.78498],[107.10314,20.78565],[107.10375,20.7868],[107.10434,20.78646],[107.1041,20.78593],[107.10478,20.78546],[107.10464,20.78498]]],[[[107.10646,20.78742],[107.10565,20.78712],[107.10381,20.7873],[107.1037,20.78773],[107.10443,20.78949],[107.10516,20.78951],[107.10534,20.78842],[107.10646,20.78742]]],[[[107.1017,20.79108],[107.10403,20.79136],[107.10472,20.79098],[107.10486,20.79053],[107.10439,20.79021],[107.10304,20.79021],[107.10155,20.78909],[107.1012,20.78937],[107.10152,20.7901],[107.09969,20.79073],[107.10095,20.79228],[107.1016,20.79207],[107.10144,20.7914],[107.1017,20.79108]]],[[[107.09573,20.79418],[107.09666,20.79346],[107.09625,20.79276],[107.09477,20.79382],[107.09496,20.79417],[107.09573,20.79418]]],[[[107.09158,20.79575],[107.09046,20.79591],[107.09024,20.79668],[107.09097,20.79707],[107.09162,20.79695],[107.09212,20.79628],[107.09158,20.79575]]],[[[107.10092,20.81194],[107.10286,20.81176],[107.10333,20.81029],[107.10466,20.80917],[107.10466,20.80879],[107.10334,20.80868],[107.10164,20.81042],[107.09948,20.81143],[107.0994,20.81259],[107.09986,20.81417],[107.10066,20.81352],[107.10054,20.81228],[107.10092,20.81194]]],[[[107.05894,20.814],[107.05886,20.81359],[107.0582,20.8134],[107.05743,20.81386],[107.0564,20.81384],[107.05612,20.81422],[107.05638,20.81462],[107.05791,20.81515],[107.05853,20.81484],[107.05894,20.814]]],[[[107.07144,20.8223],[107.07138,20.82181],[107.07031,20.8222],[107.06977,20.82207],[107.06937,20.82296],[107.07033,20.82409],[107.071,20.82421],[107.07148,20.82373],[107.07144,20.8223]]],[[[106.9266,20.80007],[106.92331,20.80059],[106.92157,20.80152],[106.91939,20.80388],[106.92114,20.80525],[106.92124,20.80567],[106.91448,20.81653],[106.91473,20.81764],[106.9165,20.82012],[106.91912,20.82355],[106.92043,20.8245],[106.92282,20.82524],[106.92788,20.82579],[106.93036,20.82687],[106.93209,20.8228],[106.93367,20.82159],[106.93538,20.81952],[106.93542,20.81899],[106.93498,20.81756],[106.93352,20.81591],[106.93342,20.81476],[106.93427,20.81196],[106.9338,20.81028],[106.93292,20.80937],[106.93091,20.80816],[106.93019,20.80695],[106.93021,20.80229],[106.9291,20.80078],[106.9266,20.80007]]],[[[107.07497,20.82585],[107.07402,20.82586],[107.0729,20.82508],[107.07027,20.82498],[107.06786,20.82288],[107.06668,20.82248],[107.06611,20.8226],[107.06601,20.82361],[107.06524,20.8253],[107.06565,20.82598],[107.0669,20.82601],[107.06729,20.82574],[107.06736,20.82473],[107.06777,20.82442],[107.06937,20.82646],[107.07178,20.8279],[107.07423,20.82704],[107.07488,20.82644],[107.07497,20.82585]]],[[[107.06171,20.82648],[107.06137,20.82658],[107.06081,20.82818],[107.06081,20.82871],[107.06125,20.82892],[107.06201,20.82878],[107.06252,20.82818],[107.06243,20.82689],[107.06171,20.82648]]],[[[107.06804,20.82891],[107.06704,20.8293],[107.06709,20.83008],[107.06767,20.83014],[107.06848,20.82972],[107.06804,20.82891]]],[[[107.05198,20.83058],[107.05327,20.83036],[107.05263,20.82885],[107.05197,20.82876],[107.05043,20.82941],[107.05009,20.83025],[107.0503,20.83096],[107.05083,20.83116],[107.05198,20.83058]]],[[[107.06919,20.82982],[107.06884,20.83003],[107.06892,20.83073],[107.07007,20.83103],[107.07036,20.83033],[107.06919,20.82982]]],[[[107.06506,20.82764],[107.06418,20.82816],[107.0642,20.82964],[107.06369,20.83097],[107.06396,20.83128],[107.06506,20.83117],[107.06533,20.82964],[107.06652,20.82895],[107.06506,20.82764]]],[[[107.06642,20.83045],[107.06582,20.83066],[107.06538,20.83149],[107.06557,20.83181],[107.06616,20.8318],[107.06714,20.83109],[107.06642,20.83045]]],[[[107.06282,20.8317],[107.06186,20.83214],[107.06232,20.83337],[107.06308,20.83279],[107.06282,20.8317]]],[[[106.86936,20.83192],[106.87031,20.8323],[106.87135,20.83026],[106.87166,20.83054],[106.87248,20.83036],[106.8749,20.82747],[106.8801,20.82281],[106.88048,20.82186],[106.87968,20.8217],[106.87914,20.82218],[106.88133,20.81684],[106.88509,20.81659],[106.88898,20.8156],[106.89009,20.81589],[106.89102,20.81483],[106.89244,20.81424],[106.8933,20.8131],[106.89418,20.81432],[106.89494,20.81411],[106.89494,20.81376],[106.8946,20.81376],[106.89426,20.81318],[106.895,20.8126],[106.89547,20.81279],[106.89586,20.81231],[106.8944,20.80996],[106.89278,20.81075],[106.89282,20.80995],[106.89393,20.80862],[106.89382,20.8078],[106.89328,20.80756],[106.89408,20.80721],[106.89452,20.80834],[106.89549,20.80811],[106.89678,20.80681],[106.89691,20.80616],[106.89638,20.80565],[106.89758,20.80496],[106.8981,20.80498],[106.8985,20.80454],[106.89895,20.80519],[106.89887,20.80583],[106.90062,20.80648],[106.90105,20.80622],[106.90133,20.80513],[106.90237,20.80548],[106.90187,20.80699],[106.90265,20.80595],[106.90363,20.80585],[106.9052,20.8034],[106.90427,20.80221],[106.90451,20.80179],[106.90619,20.80269],[106.90985,20.79687],[106.90907,20.7964],[106.90932,20.79606],[106.90905,20.79552],[106.90472,20.79302],[106.90438,20.79226],[106.90441,20.79126],[106.90312,20.79325],[106.90043,20.79205],[106.90028,20.79228],[106.89824,20.79555],[106.90016,20.79661],[106.89981,20.79718],[106.90041,20.7975],[106.89964,20.79876],[106.89403,20.79682],[106.88965,20.79469],[106.88576,20.79368],[106.88247,20.7936],[106.87893,20.79518],[106.87717,20.79525],[106.8775,20.787],[106.8769,20.78666],[106.85852,20.78623],[106.85622,20.78854],[106.85598,20.79114],[106.85341,20.79113],[106.85194,20.79163],[106.84977,20.7946],[106.84816,20.79577],[106.84736,20.8011],[106.84587,20.80404],[106.84633,20.80526],[106.84537,20.80504],[106.84525,20.80569],[106.83776,20.8095],[106.83781,20.81182],[106.83592,20.81439],[106.84943,20.82209],[106.84955,20.82531],[106.84901,20.82815],[106.85407,20.82944],[106.8548,20.83232],[106.85473,20.83328],[106.85695,20.83554],[106.86149,20.83696],[106.86341,20.83598],[106.8659,20.83546],[106.86724,20.83336],[106.86936,20.83192]]],[[[107.05003,20.83849],[107.04945,20.8388],[107.04931,20.8393],[107.04919,20.841],[107.04951,20.8425],[107.04917,20.84381],[107.04947,20.84403],[107.05028,20.84368],[107.0514,20.84061],[107.05227,20.83964],[107.05003,20.83849]]],[[[106.91382,20.82103],[106.91294,20.82087],[106.91157,20.82162],[106.90862,20.82648],[106.90864,20.82739],[106.91158,20.82997],[106.91324,20.83373],[106.91682,20.83904],[106.91845,20.83997],[106.9188,20.84218],[106.91958,20.84409],[106.92287,20.84739],[106.92549,20.84858],[106.9285,20.84932],[106.92911,20.84891],[106.93119,20.84515],[106.92657,20.84268],[106.92573,20.84188],[106.92422,20.83921],[106.92657,20.83858],[106.92739,20.83774],[106.92978,20.82998],[106.92986,20.82889],[106.92907,20.82829],[106.92569,20.82763],[106.9213,20.82725],[106.91948,20.8264],[106.91382,20.82103]]],[[[106.94958,20.85086],[106.94753,20.85044],[106.94696,20.85163],[106.94737,20.85218],[106.94814,20.85221],[106.94943,20.85155],[106.94958,20.85086]]],[[[106.9447,20.85045],[106.94425,20.8505],[106.94321,20.85186],[106.94322,20.85249],[106.94383,20.85259],[106.94487,20.85191],[106.94509,20.85093],[106.9447,20.85045]]],[[[106.94206,20.85137],[106.94138,20.85154],[106.94106,20.85266],[106.94148,20.85287],[106.942,20.85265],[106.94231,20.85212],[106.94206,20.85137]]],[[[106.94689,20.85293],[106.94632,20.85319],[106.94628,20.85368],[106.94703,20.8546],[106.9476,20.85472],[106.94786,20.85449],[106.94776,20.85353],[106.94689,20.85293]]],[[[106.94971,20.85598],[106.94865,20.85622],[106.94884,20.85714],[106.94955,20.85718],[106.95007,20.85684],[106.94971,20.85598]]],[[[106.94775,20.85537],[106.9471,20.85543],[106.94623,20.85629],[106.94618,20.85752],[106.94646,20.85799],[106.94706,20.85775],[106.94785,20.85582],[106.94775,20.85537]]],[[[106.94924,20.85819],[106.94874,20.85829],[106.94871,20.85881],[106.94922,20.85901],[106.94931,20.85955],[106.95026,20.85961],[106.95037,20.85893],[106.94924,20.85819]]],[[[106.94572,20.8587],[106.94492,20.85893],[106.94481,20.85931],[106.94521,20.86007],[106.94597,20.86023],[106.94654,20.85942],[106.94572,20.8587]]],[[[106.95882,20.86272],[106.96042,20.86274],[106.96128,20.86055],[106.95946,20.85975],[106.95962,20.85849],[106.95781,20.85759],[106.95583,20.85879],[106.95579,20.85923],[106.95667,20.86011],[106.95618,20.86148],[106.95669,20.8623],[106.95554,20.86408],[106.95619,20.86485],[106.95658,20.86489],[106.95882,20.86272]]],[[[106.98543,20.8662],[106.98731,20.86588],[106.98753,20.86534],[106.98712,20.86438],[106.98535,20.86427],[106.98478,20.86368],[106.98391,20.86346],[106.98265,20.86388],[106.98195,20.8658],[106.98248,20.86713],[106.98543,20.8662]]],[[[106.94966,20.86832],[106.9486,20.86861],[106.94817,20.86911],[106.94822,20.86964],[106.94882,20.86996],[106.94939,20.86985],[106.95003,20.86874],[106.94966,20.86832]]],[[[106.97964,20.86808],[106.97816,20.86903],[106.97832,20.87076],[106.97903,20.87048],[106.97979,20.86926],[106.97964,20.86808]]],[[[106.939,20.87067],[106.93853,20.87067],[106.93805,20.87121],[106.93833,20.87188],[106.93882,20.87211],[106.93948,20.8719],[106.93974,20.87132],[106.939,20.87067]]],[[[106.95927,20.86787],[106.96186,20.86815],[106.96235,20.8675],[106.96135,20.86673],[106.96012,20.86705],[106.9595,20.8669],[106.9591,20.86488],[106.95771,20.86546],[106.95766,20.86607],[106.95817,20.86654],[106.95809,20.86727],[106.95776,20.86779],[106.95701,20.86803],[106.95675,20.86896],[106.95744,20.87008],[106.95788,20.87169],[106.95871,20.87202],[106.95936,20.87167],[106.95872,20.86994],[106.95927,20.86787]]],[[[106.94379,20.87095],[106.94405,20.86993],[106.94375,20.86874],[106.94477,20.86757],[106.94429,20.86691],[106.94299,20.86811],[106.94234,20.86978],[106.9406,20.86977],[106.94005,20.87021],[106.94017,20.87067],[106.94163,20.87058],[106.94219,20.87114],[106.94228,20.87222],[106.94272,20.8725],[106.94321,20.87232],[106.94379,20.87095]]],[[[106.94661,20.87001],[106.94593,20.87034],[106.94584,20.87182],[106.94602,20.87354],[106.94632,20.87419],[106.94681,20.8743],[106.94763,20.87252],[106.94784,20.87094],[106.94661,20.87001]]],[[[106.96017,20.87744],[106.9626,20.87708],[106.96347,20.87614],[106.96373,20.87512],[106.966,20.87507],[106.96593,20.87442],[106.96466,20.87288],[106.96541,20.87163],[106.96635,20.87145],[106.9672,20.87183],[106.96798,20.87112],[106.96882,20.87101],[106.96936,20.87177],[106.96875,20.8727],[106.96893,20.87301],[106.97116,20.87236],[106.9722,20.87083],[106.97227,20.8684],[106.97552,20.8711],[106.97615,20.87096],[106.97677,20.8702],[106.97692,20.86931],[106.97615,20.8687],[106.9751,20.86856],[106.97487,20.86576],[106.97544,20.86533],[106.97699,20.86516],[106.97695,20.86418],[106.97536,20.86442],[106.97455,20.86414],[106.9744,20.86279],[106.97227,20.86017],[106.9712,20.86025],[106.97011,20.86098],[106.96996,20.86126],[106.97051,20.86298],[106.96994,20.86339],[106.9692,20.86305],[106.96818,20.86158],[106.96681,20.85878],[106.96326,20.85958],[106.96298,20.86006],[106.96308,20.86075],[106.96462,20.86082],[106.9647,20.8611],[106.96251,20.86311],[106.96065,20.8635],[106.96029,20.86387],[106.96093,20.86428],[106.96245,20.86411],[106.96451,20.86574],[106.9643,20.86699],[106.96333,20.86854],[106.96301,20.86983],[106.96388,20.87011],[106.96503,20.86895],[106.96553,20.86949],[106.96542,20.86997],[106.96291,20.87298],[106.96288,20.87414],[106.96198,20.87642],[106.96116,20.87626],[106.96129,20.87341],[106.96086,20.87329],[106.9603,20.87371],[106.9594,20.87577],[106.95952,20.87639],[106.95863,20.87785],[106.96017,20.87744]]],[[[106.94465,20.87669],[106.94364,20.87744],[106.94393,20.87838],[106.94446,20.87842],[106.94509,20.87778],[106.94498,20.87695],[106.94465,20.87669]]],[[[106.95395,20.87496],[106.95387,20.87401],[106.95414,20.87359],[106.95511,20.87479],[106.95572,20.87464],[106.95604,20.87419],[106.95598,20.87252],[106.95475,20.87064],[106.95438,20.86941],[106.95479,20.86707],[106.95465,20.8658],[106.95393,20.86442],[106.95176,20.86315],[106.95118,20.86211],[106.9527,20.86048],[106.95326,20.86046],[106.95416,20.86156],[106.95472,20.86138],[106.95501,20.85997],[106.95415,20.85869],[106.95554,20.85648],[106.95542,20.85595],[106.95453,20.85509],[106.95463,20.8548],[106.95552,20.85444],[106.95751,20.8554],[106.95954,20.85515],[106.95965,20.85452],[106.95908,20.85315],[106.9598,20.85128],[106.95986,20.8502],[106.95902,20.84796],[106.95892,20.84672],[106.9624,20.85014],[106.96235,20.85079],[106.96134,20.85179],[106.96053,20.85359],[106.96086,20.85483],[106.96168,20.85469],[106.96426,20.85308],[106.96396,20.85474],[106.96444,20.85573],[106.96692,20.8558],[106.96902,20.8549],[106.96958,20.85553],[106.97126,20.85626],[106.97211,20.85473],[106.97376,20.85349],[106.97451,20.85244],[106.97569,20.84978],[106.97618,20.8497],[106.97668,20.85005],[106.97676,20.85484],[106.97885,20.85417],[106.97897,20.85657],[106.97925,20.8575],[106.97967,20.85781],[106.97993,20.85738],[106.97988,20.85617],[106.98036,20.85523],[106.98195,20.85754],[106.98278,20.85733],[106.98267,20.85536],[106.98121,20.85274],[106.98042,20.84847],[106.98124,20.84491],[106.98175,20.8447],[106.9852,20.84807],[106.98553,20.84876],[106.9854,20.85074],[106.98803,20.85155],[106.98528,20.8538],[106.98532,20.85706],[106.98559,20.8577],[106.9876,20.85861],[106.9887,20.8587],[106.99084,20.85714],[106.9947,20.85547],[106.99669,20.85495],[106.99711,20.85509],[106.99799,20.8579],[106.99774,20.85889],[106.99653,20.85886],[106.99651,20.85752],[106.99556,20.85709],[106.99326,20.85786],[106.99071,20.85947],[106.9903,20.86021],[106.9903,20.86071],[106.99073,20.86095],[106.99199,20.86088],[106.99399,20.86175],[106.9976,20.86037],[106.99988,20.85837],[107.00086,20.85698],[107.00188,20.85779],[107.00241,20.85784],[107.0036,20.85574],[107.0047,20.8549],[107.00375,20.85422],[107.00362,20.8533],[107.00228,20.85039],[107.0006,20.84892],[107.00109,20.84649],[107.00051,20.8445],[107.00188,20.84507],[107.00396,20.8474],[107.00414,20.84859],[107.00348,20.8497],[107.00453,20.8519],[107.00528,20.85246],[107.00649,20.85174],[107.00709,20.85098],[107.00742,20.84644],[107.00969,20.84358],[107.01029,20.84061],[107.01099,20.8403],[107.01214,20.84071],[107.01407,20.8397],[107.01562,20.83951],[107.01592,20.83981],[107.01577,20.84066],[107.01534,20.84108],[107.01298,20.84191],[107.01104,20.84518],[107.01111,20.84603],[107.01328,20.84692],[107.0134,20.84727],[107.01304,20.84763],[107.01081,20.84827],[107.01058,20.84929],[107.00834,20.8514],[107.00871,20.85299],[107.00774,20.85448],[107.00821,20.85503],[107.00977,20.85513],[107.01119,20.85573],[107.01283,20.85435],[107.01335,20.85437],[107.01379,20.8549],[107.01281,20.85608],[107.01184,20.85631],[107.01018,20.85734],[107.00894,20.85739],[107.0079,20.86092],[107.00808,20.86148],[107.00972,20.86083],[107.01123,20.86145],[107.0114,20.86107],[107.01092,20.85983],[107.01135,20.85956],[107.01305,20.86041],[107.01446,20.86042],[107.01485,20.86179],[107.01534,20.86199],[107.0164,20.86064],[107.01647,20.85909],[107.01853,20.85874],[107.0202,20.85899],[107.02031,20.85938],[107.01806,20.86062],[107.01791,20.86131],[107.01827,20.8618],[107.019,20.86178],[107.02099,20.86026],[107.02156,20.86062],[107.02216,20.86199],[107.02257,20.86215],[107.02287,20.8619],[107.02289,20.85994],[107.02223,20.85919],[107.02214,20.85856],[107.02372,20.85784],[107.0244,20.85683],[107.02552,20.85625],[107.02595,20.8564],[107.02604,20.85698],[107.0245,20.85831],[107.02465,20.85981],[107.0239,20.86132],[107.02474,20.86255],[107.02531,20.86235],[107.02696,20.85998],[107.02751,20.85975],[107.02814,20.86034],[107.02769,20.86186],[107.02803,20.86245],[107.03078,20.86007],[107.03184,20.85971],[107.03268,20.86002],[107.03337,20.86131],[107.0346,20.8621],[107.03544,20.86102],[107.03459,20.86063],[107.03456,20.86006],[107.03589,20.85942],[107.03609,20.86081],[107.03658,20.86103],[107.03741,20.85971],[107.03753,20.85829],[107.03671,20.85784],[107.03651,20.85606],[107.03611,20.85536],[107.03688,20.85354],[107.0374,20.85347],[107.03862,20.85494],[107.03934,20.85486],[107.04031,20.85302],[107.04056,20.84979],[107.04158,20.84951],[107.04234,20.85037],[107.04328,20.85064],[107.04359,20.8493],[107.04326,20.84825],[107.04369,20.84738],[107.04452,20.84745],[107.04595,20.84842],[107.04657,20.84822],[107.0459,20.84472],[107.04647,20.8419],[107.0464,20.8402],[107.04598,20.83906],[107.04456,20.83785],[107.04378,20.83576],[107.04422,20.83115],[107.04365,20.82776],[107.04312,20.82716],[107.04136,20.82753],[107.04089,20.82702],[107.04154,20.82614],[107.04359,20.82522],[107.04581,20.82184],[107.04613,20.82021],[107.04556,20.81674],[107.0474,20.81476],[107.05072,20.81399],[107.05125,20.81411],[107.05143,20.81454],[107.05101,20.81523],[107.04739,20.81817],[107.04706,20.81859],[107.04712,20.81951],[107.04795,20.8199],[107.04928,20.81984],[107.05,20.82109],[107.05378,20.82151],[107.05492,20.82312],[107.05451,20.82469],[107.054,20.82505],[107.05294,20.82481],[107.05238,20.82253],[107.05181,20.82215],[107.05083,20.82224],[107.05034,20.8226],[107.04934,20.82426],[107.04821,20.82385],[107.04729,20.82429],[107.04692,20.82895],[107.04612,20.83085],[107.04771,20.83255],[107.04754,20.83373],[107.04777,20.83431],[107.04908,20.83508],[107.05008,20.83517],[107.05044,20.83488],[107.05,20.83359],[107.05046,20.83269],[107.04901,20.83224],[107.04929,20.8294],[107.04839,20.82833],[107.04834,20.82639],[107.04962,20.8256],[107.05055,20.82577],[107.05269,20.82797],[107.05396,20.82829],[107.05457,20.82879],[107.05452,20.82978],[107.05385,20.83092],[107.05398,20.83145],[107.05442,20.83163],[107.05594,20.83091],[107.05637,20.83134],[107.05672,20.83321],[107.05759,20.83322],[107.05913,20.83256],[107.06034,20.83348],[107.06121,20.83188],[107.06086,20.83027],[107.05967,20.82969],[107.05897,20.83094],[107.0583,20.83126],[107.05804,20.83097],[107.05808,20.82967],[107.05666,20.82952],[107.05638,20.82916],[107.05648,20.8287],[107.05717,20.82826],[107.05938,20.82863],[107.05978,20.82692],[107.06074,20.82621],[107.06023,20.82552],[107.05884,20.82607],[107.05823,20.82572],[107.0581,20.82433],[107.05691,20.82174],[107.05768,20.82153],[107.0586,20.82269],[107.06111,20.82257],[107.06246,20.82318],[107.0628,20.8227],[107.06257,20.82211],[107.0616,20.82179],[107.06103,20.82093],[107.06033,20.82062],[107.05897,20.82082],[107.05861,20.82044],[107.06005999999999,20.81932],[107.06044,20.81728],[107.06149,20.8182],[107.06222,20.81833],[107.06339,20.81702],[107.06424,20.8176],[107.06321,20.81862],[107.06277,20.81967],[107.06335,20.8215],[107.06442,20.82205],[107.06671,20.82091],[107.06784,20.81859],[107.06936,20.81758],[107.06948,20.81697],[107.06885,20.81616],[107.06754,20.81561],[107.06778,20.81399],[107.06633,20.81361],[107.06594,20.81272],[107.06875,20.81264],[107.0696,20.8114],[107.07022,20.81137],[107.07036,20.81191],[107.06953,20.81432],[107.06986,20.81478],[107.0716,20.81556],[107.07325,20.81939],[107.07329,20.81991],[107.07206,20.82067],[107.07183,20.82117],[107.07406,20.82141],[107.0743,20.82254],[107.07505,20.82297],[107.07552,20.82422],[107.07682,20.8242],[107.07736,20.82374],[107.0769,20.82209],[107.07721,20.82123],[107.078,20.82155],[107.07839,20.82271],[107.07893,20.82288],[107.0819,20.82155],[107.08193,20.82112],[107.08119,20.82006],[107.08209,20.81866],[107.08322,20.81879],[107.08444,20.8197],[107.08512,20.81915],[107.08567,20.81773],[107.08629,20.81727],[107.0899,20.81719],[107.0911,20.81664],[107.09124,20.81612],[107.09094,20.81529],[107.08971,20.8157],[107.08943,20.81529],[107.09007,20.81326],[107.09108,20.81296],[107.09147,20.81249],[107.09192,20.80993],[107.09146,20.80791],[107.09218,20.80713],[107.09275,20.80743],[107.09335,20.80875],[107.09435,20.80827],[107.09475,20.8086],[107.09478,20.80907],[107.09367,20.80939],[107.09315,20.80988],[107.09326,20.81038],[107.09392,20.8105],[107.09609,20.81029],[107.09698,20.80874],[107.09896,20.80902],[107.10129,20.80731],[107.10116,20.80658],[107.0995,20.8066],[107.0993,20.8011],[107.10078,20.80147],[107.10075,20.80451],[107.10291,20.80706],[107.10359,20.80676],[107.10702,20.80287],[107.10725,20.80204],[107.10651,20.80177],[107.10646,20.80069],[107.1068,20.80037],[107.10788,20.80044],[107.10889,20.79943],[107.10949,20.79797],[107.10992,20.7956],[107.10985,20.79404],[107.10807,20.79315],[107.10819,20.7923],[107.10959,20.79244],[107.11022,20.79167],[107.10954,20.78877],[107.10971,20.78762],[107.10886,20.7868],[107.10838,20.7868],[107.10759,20.78755],[107.1079,20.78925],[107.10838,20.79002],[107.10698,20.79106],[107.1068,20.79027],[107.1064,20.79013],[107.10579,20.79096],[107.10582,20.79296],[107.10685,20.79331],[107.10734,20.79391],[107.10713,20.79448],[107.10646,20.79496],[107.10596,20.79494],[107.10578,20.79411],[107.10504,20.79338],[107.1024,20.79276],[107.10153,20.79317],[107.10127,20.7945],[107.09973,20.79528],[107.09926,20.79472],[107.09972,20.79407],[107.09943,20.79266],[107.09732,20.79211],[107.09695,20.79352],[107.09715,20.79428],[107.09666,20.79548],[107.09491,20.79588],[107.09421,20.79714],[107.09331,20.79612],[107.09288,20.79613],[107.09239,20.79728],[107.09097,20.79795],[107.09108,20.79845],[107.09177,20.79887],[107.09147,20.79948],[107.0894,20.799],[107.08823,20.79939],[107.08807,20.79984],[107.08837,20.80008],[107.0896,20.79991],[107.09084,20.80061],[107.09076,20.80097],[107.08981,20.80156],[107.08939,20.80145],[107.08932,20.80083],[107.08878,20.80075],[107.08787,20.80238],[107.0882,20.80306],[107.09001,20.80365],[107.09108,20.80313],[107.09146,20.80333],[107.09144,20.80431],[107.09008,20.8058],[107.08924,20.80578],[107.08798,20.80403],[107.08645,20.80303],[107.08388,20.80353],[107.08375,20.80264],[107.08419,20.80194],[107.08349,20.80166],[107.08262,20.80196],[107.08222,20.80343],[107.08082,20.80401],[107.08025,20.80461],[107.07984,20.80557],[107.07978,20.80705],[107.07876,20.80705],[107.07782,20.80629],[107.07767,20.80543],[107.07874,20.80356],[107.08049,20.80336],[107.08129,20.8028],[107.0814,20.80199],[107.08046,20.80135],[107.08042,20.80093],[107.08386,20.80069],[107.08475,20.79892],[107.08598,20.79825],[107.08573,20.79711],[107.0864,20.7965],[107.08743,20.79633],[107.09108,20.79417],[107.09165,20.79425],[107.09229,20.79507],[107.0937,20.79539],[107.09424,20.79521],[107.09415,20.79409],[107.09554,20.79176],[107.0958,20.79002],[107.09572,20.7895],[107.09529,20.78936],[107.09474,20.79022],[107.09403,20.79026],[107.09386,20.78981],[107.09433,20.78855],[107.09556,20.78785],[107.09684,20.78855],[107.0974,20.7878],[107.09708,20.78718],[107.09549,20.78677],[107.09496,20.78604],[107.09502,20.78547],[107.09664,20.78461],[107.09831,20.783],[107.09973,20.78052],[107.102,20.77949],[107.10132,20.77866],[107.10208,20.77726],[107.10147,20.77702],[107.10068,20.7774],[107.0996,20.77895],[107.09868,20.77912],[107.098,20.7797],[107.09731,20.78065],[107.09562,20.78078],[107.09529,20.78031],[107.09537,20.77982],[107.097,20.77965],[107.09778,20.77826],[107.0973,20.77776],[107.09628,20.77806],[107.09624,20.77728],[107.09586,20.77708],[107.09543,20.77736],[107.09511,20.77864],[107.09383,20.78017],[107.09274,20.78013],[107.092,20.77914],[107.09357,20.77641],[107.09344,20.77561],[107.0927,20.77581],[107.09226,20.77696],[107.09106,20.77854],[107.08995,20.77927],[107.08927,20.77904],[107.08924,20.77731],[107.08655,20.77693],[107.08528,20.77717],[107.08423,20.77779],[107.08439,20.78008],[107.08252,20.78109],[107.08462,20.78191],[107.08584,20.78154],[107.08601,20.78208],[107.08489,20.78326],[107.08362,20.7834],[107.08252,20.78396],[107.08238,20.78437],[107.08292,20.78524],[107.08404,20.78462],[107.08488,20.78478],[107.08535,20.78522],[107.08489,20.78736],[107.08524,20.78769],[107.08597,20.78764],[107.08615,20.78798],[107.08556,20.78956],[107.08516,20.78982],[107.08458,20.78963],[107.08446,20.78818],[107.08368,20.78742],[107.08389,20.78638],[107.08344,20.7861],[107.08204,20.78772],[107.08056,20.78739],[107.07984,20.78858],[107.07726,20.78954],[107.07664,20.78931],[107.0767,20.78887],[107.07842,20.78683],[107.08043,20.78662],[107.08089,20.78615],[107.08085,20.78475],[107.08188,20.78339],[107.08176,20.78135],[107.08131,20.78111],[107.08103,20.7813],[107.08079,20.78286],[107.08003,20.78353],[107.07886,20.78368],[107.07849,20.78246],[107.0816,20.77977],[107.08115,20.7793],[107.08036,20.77939],[107.07729,20.78227],[107.07768,20.7851],[107.07456,20.78736],[107.07446,20.78806],[107.0755,20.78863],[107.07574,20.78926],[107.07557,20.79062],[107.07478,20.79204],[107.0743,20.792],[107.0742,20.7908],[107.07365,20.79033],[107.07407,20.78873],[107.07327,20.7886],[107.07262,20.78918],[107.07249,20.7921],[107.07106,20.79275],[107.07038,20.79566],[107.0698,20.7961],[107.06861,20.79624],[107.06764,20.79894],[107.06577,20.80088],[107.06505,20.80251],[107.06415,20.80322],[107.06421,20.80372],[107.06591,20.80372],[107.06616,20.80411],[107.06487,20.80594],[107.06304,20.80706],[107.06327,20.81107],[107.06293,20.8123],[107.06327,20.8146],[107.06255,20.81487],[107.06135,20.81454],[107.06031,20.81487],[107.05973,20.8154],[107.05928,20.81703],[107.05866,20.81691],[107.0576,20.81557],[107.05691,20.81557],[107.05524,20.81832],[107.05543,20.81892],[107.0566,20.81984],[107.05611,20.82018],[107.05476,20.81993],[107.0538,20.82027],[107.05313,20.81831],[107.05226,20.81763],[107.05219,20.81724],[107.05416,20.81453],[107.05576,20.81382],[107.05544,20.81319],[107.05409,20.81253],[107.05406,20.81186],[107.05726,20.80908],[107.05705,20.80798],[107.05731,20.80743],[107.05796,20.80728],[107.05932,20.80781],[107.06106,20.80638],[107.06275,20.80551],[107.06282,20.80514],[107.06218,20.80463],[107.06193,20.80375],[107.06314,20.80199],[107.0621,20.8017],[107.062,20.80106],[107.06453,20.80041],[107.06515,20.79963],[107.06518,20.79905],[107.06432,20.79794],[107.06304,20.79731],[107.06425,20.79592],[107.06466,20.79475],[107.06446,20.79439],[107.06226,20.7938],[107.06164,20.79327],[107.0617,20.79265],[107.06858,20.79336],[107.07039,20.79179],[107.0708,20.78942],[107.07171,20.7883],[107.07186,20.78625],[107.07245,20.78609],[107.07393,20.78641],[107.07482,20.78572],[107.075,20.78512],[107.07398,20.78449],[107.07392,20.78332],[107.07336,20.78284],[107.07281,20.78281],[107.07217,20.78357],[107.07075,20.78432],[107.07036,20.78416],[107.07035,20.78329],[107.06995,20.78283],[107.06795,20.78306],[107.06698,20.78424],[107.06612,20.78441],[107.06495,20.78383],[107.06352,20.78404],[107.06103,20.78324],[107.05763,20.78312],[107.05628,20.78167],[107.0534,20.78232],[107.0526,20.78161],[107.05288,20.78036],[107.05476,20.78058],[107.05592,20.77935],[107.05638,20.77967],[107.05675,20.78083],[107.05712,20.78095],[107.05801,20.78022],[107.05832,20.77928],[107.05864,20.77923],[107.05986,20.78167],[107.06384,20.78293],[107.06456,20.78267],[107.06408,20.78111],[107.06461,20.78039],[107.06506,20.7804],[107.06553,20.78127],[107.0663,20.78171],[107.0691,20.78189],[107.06902,20.78104],[107.06975,20.78053],[107.07156,20.78167],[107.07312,20.78192],[107.07516,20.77977],[107.07483,20.77931],[107.07386,20.77946],[107.07344,20.77968],[107.07336,20.7803],[107.07284,20.78057],[107.06985,20.77975],[107.06952,20.77936],[107.06984,20.77882],[107.07106,20.77867],[107.0722,20.77919],[107.07292,20.77918],[107.07367,20.7786],[107.07369,20.77809],[107.06994,20.77689],[107.06914,20.77569],[107.06826,20.77626],[107.06677,20.77614],[107.06668,20.77585],[107.06743,20.77535],[107.06757,20.77491],[107.06718,20.77466],[107.06606,20.77497],[107.06555,20.77398],[107.06511,20.77376],[107.06445,20.77424],[107.0636,20.77571],[107.06546,20.77587],[107.06604,20.77708],[107.06796,20.77937],[107.0669,20.78014],[107.06467,20.77856],[107.0627,20.77815],[107.0623,20.77852],[107.06287,20.77959],[107.0629,20.78051],[107.06224,20.78181],[107.06178,20.78176],[107.06125,20.78114],[107.06174,20.78007],[107.06054,20.77901],[107.06081,20.77739],[107.06054,20.77721],[107.0591,20.77773],[107.05825,20.77732],[107.05847,20.77559],[107.05818,20.77525],[107.05666,20.7759],[107.05603,20.77581],[107.05508,20.775],[107.0524,20.77519],[107.05024,20.77672],[107.05048,20.77802],[107.05029,20.7786],[107.04979,20.77886],[107.04901,20.77846],[107.04863,20.77674],[107.04919,20.7752],[107.05145,20.77464],[107.05171,20.77398],[107.05119,20.77374],[107.04947,20.77404],[107.04896,20.77326],[107.04845,20.77315],[107.04752,20.77392],[107.0461,20.77441],[107.0457,20.77374],[107.04614,20.77284],[107.0454,20.77191],[107.04467,20.77179],[107.0439,20.77248],[107.04312,20.77248],[107.04278,20.77218],[107.04276,20.77141],[107.0447,20.77082],[107.04464,20.77041],[107.04386,20.7701],[107.04396,20.76928],[107.04442,20.76911],[107.04514,20.76939],[107.04601,20.77021],[107.04639,20.77121],[107.04761,20.77101],[107.04757,20.77234],[107.0479,20.77253],[107.04939,20.77139],[107.05198,20.77066],[107.0536,20.76857],[107.05335,20.76765],[107.05415,20.76744],[107.05637,20.76844],[107.05771,20.76672],[107.05525,20.76511],[107.05333,20.76528],[107.05206,20.76616],[107.05158,20.76605],[107.05114,20.76525],[107.04986,20.7654],[107.04961,20.7648],[107.0498,20.76283],[107.04932,20.76226],[107.04849,20.76274],[107.04813,20.76444],[107.04764,20.76464],[107.04675,20.76394],[107.04662,20.76225],[107.04553,20.76223],[107.04367,20.76406],[107.04286,20.76574],[107.04178,20.76607],[107.0413,20.76834],[107.04227,20.76955],[107.0418,20.77165],[107.04077,20.77224],[107.0399,20.7712],[107.03875,20.77155],[107.03716,20.77354],[107.03598,20.77599],[107.03588,20.77717],[107.03642,20.77744],[107.0381,20.7774],[107.03901,20.77604],[107.03998,20.77547],[107.04021,20.7748],[107.04065,20.77457],[107.04211,20.77474],[107.04271,20.77506],[107.04276,20.77555],[107.04063,20.77622],[107.04049,20.77665],[107.0409,20.77734],[107.04068,20.77773],[107.03929,20.77771],[107.03775,20.7788],[107.03508,20.77966],[107.03494,20.78008],[107.03582,20.78104],[107.03633,20.78369],[107.03472,20.78445],[107.03394,20.78552],[107.0333,20.78751],[107.03249,20.78737],[107.03229,20.78608],[107.0332,20.78374],[107.03276,20.78161],[107.03404,20.77617],[107.03394,20.77524],[107.03308,20.77425],[107.03309,20.77336],[107.03381,20.77217],[107.03443,20.77201],[107.03516,20.7725],[107.03569,20.77204],[107.03561,20.77036],[107.03697,20.76953],[107.03821,20.76738],[107.03822,20.76665],[107.03763,20.76626],[107.03773,20.76544],[107.03857,20.76517],[107.03927,20.7662],[107.04106,20.76559],[107.04413,20.76059],[107.04367,20.75905],[107.0481,20.75624],[107.04886,20.75411],[107.04937,20.75349],[107.05007,20.75346],[107.05086,20.75423],[107.05172,20.75425],[107.05477,20.75274],[107.05736,20.75271],[107.05909,20.75153],[107.05986,20.75165],[107.0607,20.75245],[107.06122,20.75244],[107.06317,20.7506],[107.06852,20.74801],[107.06946,20.7467],[107.07144,20.74666],[107.07161,20.74587],[107.07078,20.74557],[107.07067,20.7451],[107.07139,20.7444],[107.07252,20.74469],[107.07295,20.7442],[107.07283,20.74354],[107.07242,20.7432],[107.07094,20.74352],[107.0706,20.74331],[107.07066,20.7427],[107.07236,20.74135],[107.07214,20.73915],[107.0718,20.73859],[107.06998,20.73732],[107.06555,20.73619],[107.0633,20.73778],[107.06321,20.73827],[107.06627,20.73981],[107.06661,20.73973],[107.06703,20.73847],[107.06774,20.73875],[107.06807,20.73933],[107.06712,20.74021],[107.06746,20.74144],[107.06457,20.74246],[107.0647,20.74305],[107.06582,20.74293],[107.06621,20.74333],[107.06587,20.74412],[107.06517,20.74453],[107.06505,20.74544],[107.0643,20.7456],[107.06355,20.74501],[107.06298,20.74498],[107.06148,20.74582],[107.06087,20.74724],[107.06039,20.74764],[107.05728,20.74752],[107.05623,20.7479],[107.05557,20.74889],[107.05483,20.74878],[107.05464,20.74745],[107.05589,20.74656],[107.05511,20.74394],[107.05639,20.74251],[107.0584,20.74097],[107.05861,20.73906],[107.05984,20.73802],[107.06024,20.73727],[107.05903,20.73232],[107.05692,20.72789],[107.05714,20.72735],[107.05916,20.72673],[107.05955,20.72619],[107.05904,20.72528],[107.05889,20.724],[107.05951,20.7202],[107.05847,20.71896],[107.05615,20.71928],[107.05569,20.71856],[107.05542,20.7165],[107.05502,20.71647],[107.05391,20.71724],[107.05274,20.71672],[107.05287,20.71411],[107.05146,20.71422],[107.0504,20.71489],[107.04833,20.71451],[107.04792,20.71384],[107.04868,20.71229],[107.04868,20.71199],[107.04828,20.71185],[107.04624,20.71211],[107.04521,20.71353],[107.04401,20.71433],[107.04394,20.71502],[107.04429,20.71534],[107.04652,20.71517],[107.04736,20.71559],[107.04748,20.71642],[107.04673,20.71774],[107.04999,20.71949],[107.05035,20.72089],[107.05025,20.72194],[107.04895,20.7242],[107.04646,20.72568],[107.04621,20.72739],[107.04364,20.72848],[107.04256,20.72828],[107.04261,20.72735],[107.04448,20.72686],[107.04505,20.72601],[107.04468,20.7254],[107.04318,20.72478],[107.04394,20.72299],[107.04344,20.72252],[107.04118,20.72251],[107.03989,20.72534],[107.03983,20.72697],[107.04056,20.73046],[107.04013,20.7313],[107.03936,20.73146],[107.03887,20.73071],[107.03785,20.7265],[107.03749,20.72651],[107.03709,20.72707],[107.03702,20.72824],[107.03748,20.72947],[107.03719,20.73017],[107.03357,20.73149],[107.03105,20.73152],[107.03052,20.73096],[107.03049,20.7297],[107.03105,20.72843],[107.03161,20.72811],[107.03316,20.7281],[107.0336,20.72761],[107.03436,20.72332],[107.03517,20.72103],[107.03508,20.72041],[107.03452,20.72028],[107.03232,20.72114],[107.029,20.72467],[107.02829,20.72666],[107.02694,20.72713],[107.02596,20.72824],[107.02433,20.72757],[107.02471,20.72366],[107.02421,20.72261],[107.02348,20.72256],[107.01716,20.72683],[107.01571,20.7303],[107.01414,20.73174],[107.01416999999999,20.73251],[107.01467,20.73321],[107.01621,20.73447],[107.02017,20.73455],[107.0206,20.73413],[107.02049,20.73137],[107.02157,20.72985],[107.02289,20.72901],[107.02377,20.72889],[107.02427,20.72942],[107.02432,20.73054],[107.02325,20.73273],[107.02334,20.7337],[107.0238,20.73452],[107.02496,20.73512],[107.02644,20.73524],[107.02773,20.73487],[107.03011,20.73301],[107.03102,20.73307],[107.03187,20.73371],[107.03312,20.73319],[107.03396,20.73332],[107.03573,20.73445],[107.03872,20.73298],[107.03953,20.73351],[107.04166,20.73639],[107.04369,20.74184],[107.04325,20.74239],[107.04246,20.74207],[107.0417,20.74056],[107.04094,20.73998],[107.03824,20.73886],[107.03728,20.73743],[107.03368,20.73593],[107.03272,20.73604],[107.03154,20.73799],[107.02817,20.73997],[107.02665,20.74032],[107.02265,20.74028],[107.01932,20.73801],[107.01825,20.73792],[107.01611,20.73999],[107.01656,20.7408],[107.01707,20.741],[107.0184,20.74066],[107.01901,20.7408],[107.01981,20.74135],[107.01994,20.74186],[107.01979,20.74237],[107.0178,20.74429],[107.01695,20.74762],[107.01355,20.74747],[107.01252,20.74674],[107.01194,20.74519],[107.01147,20.74472],[107.01044,20.74432],[107.00879,20.74444],[107.00688,20.74562],[107.00692,20.74743],[107.00574,20.74917],[107.00516,20.74951],[107.00399,20.74949],[107.00281,20.75036],[107.00152,20.75069],[106.99954,20.75049],[106.99767,20.74961],[106.99641,20.74832],[106.99595,20.74627],[106.99624,20.7455],[106.99801,20.74414],[106.99876,20.74248],[107.00021,20.74068],[106.99965,20.74022],[106.99849,20.7409],[106.99693,20.73984],[106.99652,20.73916],[106.99656,20.73852],[106.99807,20.73678],[106.99915,20.73454],[107.001,20.73294],[107.00132,20.73074],[107.00116,20.72954],[107.00012,20.72781],[106.99948,20.72758],[106.99894,20.72777],[106.99832,20.7322],[106.99658,20.73277],[106.99647,20.73328],[106.99713,20.73479],[106.9959,20.73632],[106.99407,20.74017],[106.99408,20.74086],[106.99561,20.74213],[106.9957,20.74269],[106.99384,20.74455],[106.9936,20.74526],[106.99146,20.74493],[106.99057,20.74395],[106.99204,20.74189],[106.99291,20.73857],[106.9928,20.73777],[106.99242,20.73757],[106.99177,20.738],[106.98976,20.74055],[106.98933,20.74068],[106.98878,20.74007],[106.98938,20.73729],[106.98792,20.73748],[106.98763,20.73785],[106.98761,20.73969],[106.98648,20.74329],[106.98674,20.74584],[106.98564,20.74621],[106.98471,20.74407],[106.98381,20.74344],[106.98311,20.74392],[106.98329,20.74555],[106.98059,20.74752],[106.98079,20.74796],[106.9817,20.74811],[106.98346,20.74773],[106.98407,20.74788],[106.98421,20.7487],[106.98046,20.7498],[106.97885,20.75079],[106.97843,20.75055],[106.97803,20.74907],[106.97536,20.75184],[106.97351,20.7515],[106.97323,20.75232],[106.97396,20.75285],[106.97411,20.75351],[106.9737,20.75524],[106.97219,20.75428],[106.97118,20.75429],[106.96856,20.75616],[106.96605,20.75858],[106.96581,20.75909],[106.96611,20.75959],[106.9691,20.75959],[106.97176,20.75686],[106.9723,20.7568],[106.97431,20.75824],[106.97569,20.75786],[106.97654,20.75796],[106.97668,20.75837],[106.97602,20.76058],[106.97579,20.76617],[106.97402,20.76648],[106.97314,20.76749],[106.97063,20.76831],[106.96994,20.76932],[106.96982,20.77004],[106.97026,20.77063],[106.97197,20.7714],[106.97207,20.77293],[106.96926,20.77377],[106.96803,20.77524],[106.96795,20.77673],[106.96847,20.77806],[106.96546,20.77906],[106.96475,20.7772],[106.96344,20.77695],[106.96268,20.78152],[106.95768,20.78836],[106.95574,20.78953],[106.95484,20.79048],[106.95389,20.7939],[106.95029,20.79409],[106.94345,20.79574],[106.92736,20.79741],[106.92376,20.79882],[106.91939,20.79884],[106.91834,20.79917],[106.91706,20.80019],[106.91679,20.8011],[106.91851,20.80317],[106.9208,20.8007],[106.92346,20.7994],[106.9261,20.79887],[106.92934,20.79958],[106.93075,20.80078],[106.93131,20.80194],[106.93154,20.8029],[106.93133,20.80665],[106.93177,20.8074],[106.93367,20.80854],[106.93479,20.80969],[106.93528,20.81083],[106.93544,20.812],[106.93459,20.8149],[106.93464,20.81548],[106.93518,20.8161],[106.93674,20.8167],[106.94265,20.81772],[106.94387,20.81776],[106.94568,20.81716],[106.94614,20.81761],[106.94581,20.81822],[106.94406,20.81885],[106.93636,20.81772],[106.93642,20.82005],[106.93499,20.82215],[106.93289,20.82381],[106.93207,20.82558],[106.93172,20.82739],[106.93246,20.82878],[106.93454,20.83014],[106.93629,20.8304],[106.93661,20.82968],[106.93873,20.83037],[106.94164,20.83003],[106.94165,20.83068],[106.9422,20.83115],[106.94452,20.83154],[106.94443,20.83264],[106.94484,20.83287],[106.9456,20.83249],[106.94758,20.83476],[106.94745,20.83549],[106.94853,20.836],[106.94893,20.83859],[106.94803,20.83886],[106.94774,20.83865],[106.94602,20.83501],[106.94239,20.83255],[106.9386,20.83171],[106.93649,20.83173],[106.93581,20.8328],[106.93537,20.83274],[106.93328,20.83123],[106.93146,20.8307],[106.93045,20.8327],[106.92893,20.83892],[106.92856,20.83945],[106.92717,20.84008],[106.92705,20.84064],[106.92869,20.84258],[106.92992,20.84264],[106.93139,20.84197],[106.93167,20.84262],[106.93115,20.8442],[106.93342,20.84456],[106.93327,20.84588],[106.93364,20.84601],[106.9346,20.84527],[106.93591,20.84504],[106.93698,20.84637],[106.93852,20.84649],[106.94175,20.84584],[106.94469,20.84431],[106.94645,20.84497],[106.94646,20.84561],[106.94598,20.84593],[106.94442,20.84581],[106.94383,20.84752],[106.94258,20.84948],[106.94256,20.85018],[106.94398,20.85014],[106.94468,20.84877],[106.94708,20.84602],[106.94811,20.84598],[106.94759,20.84926],[106.94978,20.84909],[106.95027,20.84931],[106.95086,20.85446],[106.95115,20.85503],[106.95227,20.85572],[106.9519,20.85655],[106.95112,20.85631],[106.95074,20.85669],[106.95089,20.85758],[106.95181,20.85898],[106.949,20.86071],[106.94991,20.86208],[106.94982,20.86239],[106.94888,20.86233],[106.94784,20.86127],[106.94483,20.8611],[106.94425,20.86126],[106.94339,20.86226],[106.94306,20.86352],[106.94379,20.8658],[106.94431,20.86628],[106.94599,20.86513],[106.94644,20.86441],[106.9474,20.86445],[106.9477,20.86541],[106.94712,20.86593],[106.94735,20.8679],[106.94905,20.86743],[106.95029,20.86654],[106.95157,20.86653],[106.95214,20.86696],[106.9521,20.86921],[106.95112,20.86856],[106.95043,20.86864],[106.95051,20.87024],[106.95076,20.87047],[106.95125,20.87029],[106.95161,20.87136],[106.95084,20.87161],[106.94995,20.87499],[106.95021,20.87531],[106.95144,20.87494],[106.95183,20.87536],[106.95073,20.87631],[106.95018,20.8779],[106.9522,20.87851],[106.95353,20.87807],[106.95452,20.87597],[106.95395,20.87496]]],[[[106.94925,20.8763],[106.94788,20.87717],[106.94768,20.87883],[106.94849,20.87867],[106.94889,20.87776],[106.94964,20.87712],[106.94976,20.87665],[106.94925,20.8763]]],[[[106.94766,20.87938],[106.94706,20.87964],[106.94682,20.88037],[106.94707,20.88112],[106.94752,20.88138],[106.94796,20.88119],[106.94821,20.8806],[106.94811,20.87971],[106.94766,20.87938]]]]}},
{"type":"Feature","id":"11948","properties":{"Ward_Code":"11948","Ward_Code_Num":11948,"Ward":"Bạch Long Vĩ","Ward_Alt":"Bạch Long Vĩ","Ward_Upper":"BẠCH LONG VĨ","Ward_Full":"Đặc khu Bạch Long Vĩ","Ward_Full_Alt":"Đặc khu Bạch Long Vĩ","Ward_Full_Upper_Alt":"ĐẶC KHU BẠCH LONG VĨ","Ward_Type":"Đặc khu","Province_Code":"31","Province":"Hải Phòng","Province_Upper_Alt":"HẢI PHÒNG"},"geometry":{"type":"MultiPolygon","coordinates":[[[[107.74282,20.1448],[107.7431,20.14404],[107.74275,20.14282],[107.74178,20.14113],[107.74119,20.13912],[107.7396,20.13756],[107.73842,20.13423],[107.73735,20.13337],[107.73738,20.13278],[107.73811,20.13229],[107.73755,20.13098],[107.73735,20.12911],[107.73596,20.1262],[107.73385,20.1236],[107.73174,20.12308],[107.73045,20.12384],[107.73024,20.12512],[107.72976,20.12526],[107.72955,20.1262],[107.73004,20.12727],[107.72955,20.12765],[107.7274,20.12644],[107.72779,20.12738],[107.7273,20.12776],[107.72682,20.12738],[107.72612,20.12571],[107.7254,20.12568],[107.72446,20.12426],[107.72398,20.12426],[107.72336,20.12576],[107.72375,20.12722],[107.72302,20.12717],[107.72224,20.12761],[107.72151,20.12746],[107.72092,20.1263],[107.71946,20.12639],[107.71848,20.12678],[107.71848,20.12722],[107.71692,20.12761],[107.71697,20.128],[107.71839,20.12883],[107.71931,20.13015],[107.7199,20.13029],[107.72051,20.13126],[107.72051,20.13212],[107.72138,20.13236],[107.722,20.13323],[107.72328,20.13413],[107.72412,20.13396],[107.72477,20.13444],[107.72612,20.13455],[107.72789,20.13648],[107.7307,20.13811],[107.73174,20.13829],[107.73243,20.13905],[107.73243,20.13971],[107.73322,20.13988],[107.73485,20.1423],[107.73669,20.14331],[107.73738,20.14428],[107.73849,20.14424],[107.73998,20.14546],[107.74185,20.14604],[107.7424,20.14604],[107.74271,20.1457],[107.74282,20.1448]]]]}}]}