{"type":"FeatureCollection","name":"VN_Wards_37","crs":{"type":"name","properties":{"name":"urn:ogc:def:crs:OGC:1.3:CRS84"}},"features":[{"type":"Feature","id":"13285","properties":{"Ward_Code":"13285","Ward_Code_Num":13285,"Ward":"Phủ Lý","Ward_Alt":"Phủ Lý","Ward_Upper":"PHỦ LÝ","Ward_Full":"Phường Phủ Lý","Ward_Full_Alt":"Phường Phủ Lý","Ward_Full_Upper_Alt":"PHƯỜNG PHỦ LÝ","Ward_Type":"Phường","Province_Code":"37","Province":"Ninh Bình","Province_Upper_Alt":"NINH BÌNH"},"geometry":{"type":"MultiPolygon","coordinates":[[[[105.92612,20.51479],[105.9255,20.514],[105.92357,20.516],[105.92256,20.5165],[105.92201,20.51619],[105.92167,20.51641],[105.91986,20.51602],[105.91999,20.51563],[105.91743,20.51539],[105.91701,20.51124],[105.91632,20.51101],[105.91624,20.51148],[105.91576,20.51148],[105.91576,20.51101],[105.9153,20.51091],[105.91523,20.51138],[105.91458,20.51167],[105.91448,20.51099],[105.91416,20.51079],[105.9137,20.51101],[105.91334,20.5121],[105.91276,20.51225],[105.91245,20.5131],[105.91094,20.5132],[105.91082,20.51374],[105.91029,20.51343],[105.9093,20.51398],[105.91087,20.51586],[105.91164,20.5176],[105.91315,20.52488],[105.91283,20.5293],[105.91123,20.5369],[105.91085,20.54114],[105.91004,20.54266],[105.91072,20.55055],[105.91244,20.55039],[105.91578,20.54925],[105.91553,20.54837],[105.92216,20.54511],[105.92293,20.54446],[105.92441,20.54202],[105.92583,20.54161],[105.92904,20.54253],[105.93139,20.54369],[105.93436,20.54571],[105.9361,20.54746],[105.93605,20.55041],[105.93728,20.54977],[105.93806,20.54878],[105.93845,20.54917],[105.93853,20.54844],[105.93813,20.54733],[105.93843,20.54728],[105.93848,20.54536],[105.93791,20.54529],[105.93796,20.54297],[105.9382,20.54296],[105.93822,20.54202],[105.93917,20.54205],[105.93921,20.54143],[105.94029,20.54145],[105.94023,20.53949],[105.94741,20.53927],[105.94847,20.53888],[105.94839,20.5384],[105.94883,20.53829],[105.94877,20.5372],[105.94919,20.53717],[105.94935,20.53814],[105.94988,20.53834],[105.94992,20.53869],[105.9511,20.538],[105.95072,20.5373],[105.94962,20.53713],[105.94957,20.53677],[105.95054,20.5367],[105.95046,20.53636],[105.94954,20.53645],[105.9496,20.53586],[105.94996,20.53565],[105.94958,20.53536],[105.94959,20.53359],[105.94924,20.5335],[105.94989,20.53268],[105.94874,20.53094],[105.94993,20.53033],[105.94883,20.52841],[105.94616,20.52723],[105.94658,20.52704],[105.94642,20.5261],[105.94416,20.52534],[105.9444,20.52416],[105.94304,20.52369],[105.94314,20.52338],[105.94224,20.52285],[105.94431,20.52009],[105.94416,20.51948],[105.9468,20.51829],[105.94015,20.51488],[105.93671,20.51851],[105.93595,20.51796],[105.93569,20.51832],[105.93405,20.51802],[105.9337,20.51826],[105.93301,20.5172],[105.93223,20.51752],[105.93024,20.51627],[105.92936,20.51647],[105.92894,20.51623],[105.92853,20.51655],[105.92721,20.51512],[105.92644,20.51524],[105.92612,20.51479]]]]}},
{"type":"Feature","id":"13291","properties":{"Ward_Code":"13291","Ward_Code_Num":13291,"Ward":"Phù Vân","Ward_Alt":"Phù Vân","Ward_Upper":"PHÙ VÂN","Ward_Full":"Phường Phù Vân","Ward_Full_Alt":"Phường Phù Vân","Ward_Full_Upper_Alt":"PHƯỜNG PHÙ VÂN","Ward_Type":"Phường","Province_Code":"37","Province":"Ninh Bình","Province_Upper_Alt":"NINH BÌNH"},"geometry":{"type":"MultiPolygon","coordinates":[[[[105.90974,20.52915],[105.89671,20.52823],[105.89415,20.52772],[105.88898,20.51876],[105.89005,20.51773],[105.88675,20.51531],[105.88348,20.52335],[105.88271,20.52871],[105.88105,20.53007],[105.88066,20.53169],[105.8778,20.53419],[105.87741,20.53522],[105.87714,20.53793],[105.87824,20.53965],[105.87774,20.5423],[105.88097,20.54634],[105.88243,20.55001],[105.88324,20.55098],[105.89009,20.55435],[105.8906,20.55348],[105.8943,20.55438],[105.89101,20.55902],[105.8904,20.56057],[105.89031,20.56273],[105.89132,20.56765],[105.8906,20.57068],[105.89009,20.57173],[105.8881,20.57353],[105.88527,20.57494],[105.88602,20.57719],[105.88607,20.57909],[105.88959,20.57897],[105.89159,20.57975],[105.8952,20.57729],[105.89499,20.58019],[105.8983,20.58188],[105.90144,20.57891],[105.90956,20.58549],[105.9118,20.58677],[105.91407,20.5868],[105.91993,20.58557],[105.91998,20.56925],[105.92059,20.56895],[105.92013,20.56768],[105.91903,20.56638],[105.91847,20.56654],[105.91866,20.56484],[105.91799,20.56487],[105.91551,20.56228],[105.91486,20.55949],[105.91536,20.55887],[105.91464,20.55798],[105.91392,20.556],[105.91061,20.55026],[105.91004,20.54266],[105.91085,20.54114],[105.91123,20.5369],[105.91283,20.5293],[105.90974,20.52915]]]]}},
{"type":"Feature","id":"13318","properties":{"Ward_Code":"13318","Ward_Code_Num":13318,"Ward":"Châu Sơn","Ward_Alt":"Châu Sơn","Ward_Upper":"CHÂU SƠN","Ward_Full":"Phường Châu Sơn","Ward_Full_Alt":"Phường Châu Sơn","Ward_Full_Upper_Alt":"PHƯỜNG CHÂU SƠN","Ward_Type":"Phường","Province_Code":"37","Province":"Ninh Bình","Province_Upper_Alt":"NINH BÌNH"},"geometry":{"type":"MultiPolygon","coordinates":[[[[105.91701,20.51124],[105.91728,20.50646],[105.91799,20.50182],[105.91596,20.50166],[105.91605,20.49825],[105.91848,20.49853],[105.91912,20.49414],[105.91798,20.49414],[105.91809,20.49276],[105.91652,20.49277],[105.91668,20.48876],[105.91461,20.48869],[105.91476,20.48693],[105.91255,20.48684],[105.91257,20.48447],[105.90841,20.48455],[105.90808,20.48911],[105.89011,20.48758],[105.88873,20.4909],[105.88749,20.49052],[105.88725,20.49133],[105.8865,20.49096],[105.88606,20.49071],[105.88662,20.48989],[105.88606,20.48956],[105.88286,20.49277],[105.8817,20.49215],[105.88108,20.49258],[105.8804,20.4925],[105.87996,20.49428],[105.87938,20.49422],[105.87876,20.49478],[105.87889,20.49796],[105.87861,20.49882],[105.8783,20.49894],[105.87382,20.49843],[105.87208,20.4979],[105.86792,20.4931],[105.86247,20.49207],[105.86309,20.49713],[105.86422,20.50117],[105.86347,20.50287],[105.86261,20.50371],[105.86489,20.50841],[105.86494,20.50931],[105.87327,20.50944],[105.87354,20.51129],[105.87711,20.51289],[105.87826,20.51312],[105.87764,20.51508],[105.877,20.51603],[105.87748,20.51629],[105.87728,20.51705],[105.87836,20.51738],[105.87964,20.5163],[105.88008,20.51644],[105.88024,20.51712],[105.88296,20.5164],[105.8831,20.51578],[105.88195,20.51579],[105.88247,20.5141],[105.88409,20.51368],[105.88559,20.51448],[105.89005,20.51773],[105.88898,20.51876],[105.89415,20.52772],[105.89671,20.52823],[105.90368,20.52882],[105.91283,20.5293],[105.91315,20.52488],[105.91257,20.52116],[105.91119,20.51651],[105.9093,20.51398],[105.91029,20.51343],[105.91082,20.51374],[105.91094,20.5132],[105.91245,20.5131],[105.91276,20.51225],[105.91334,20.5121],[105.91388,20.51084],[105.91448,20.51099],[105.91458,20.51167],[105.91523,20.51138],[105.9153,20.51091],[105.91576,20.51101],[105.91576,20.51148],[105.91624,20.51148],[105.91632,20.51101],[105.91701,20.51124]]]]}},
{"type":"Feature","id":"13324","properties":{"Ward_Code":"13324","Ward_Code_Num":13324,"Ward":"Duy Tiên","Ward_Alt":"Duy Tiên","Ward_Upper":"DUY TIÊN","Ward_Full":"Phường Duy Tiên","Ward_Full_Alt":"Phường Duy Tiên","Ward_Full_Upper_Alt":"PHƯỜNG DUY TIÊN","Ward_Type":"Phường","Province_Code":"37","Province":"Ninh Bình","Province_Upper_Alt":"NINH BÌNH"},"geometry":{"type":"MultiPolygon","coordinates":[[[[105.97692,20.64599],[105.9785,20.6482],[105.98342,20.64751],[105.99486,20.64882],[105.99474,20.65139],[105.9969,20.65137],[105.9954,20.653],[105.99546,20.65404],[105.99861,20.65402],[105.9987,20.65256],[106.00015,20.65257],[106.00014,20.65441],[106.00056,20.654419999999998],[106.00056,20.65555],[106.00194,20.65587],[106.00199,20.65441],[106.00343,20.65435],[106.0035,20.6564],[106.00557,20.65704],[106.00617,20.65238],[106.00618,20.64853],[106.00556,20.64635],[106.00592,20.6463],[106.00582,20.64586],[106.00433,20.64283],[106.00894,20.64289],[106.00929,20.64297],[106.00936,20.64393],[106.01319,20.65245],[106.01589,20.65656],[106.03135,20.65661],[106.03114,20.65767],[106.03522,20.65803],[106.03351,20.65279],[106.03283,20.64959],[106.03254,20.64517],[106.03279,20.64062],[106.03321,20.63854],[106.03516,20.63339],[106.03638,20.63111],[106.04368,20.62233],[106.04353,20.62003],[106.04123,20.61877],[106.03542,20.61884],[106.03068,20.618],[106.02603,20.61798],[106.02253,20.61692],[106.01751,20.61484],[106.0142,20.61439],[106.01061,20.61451],[106.00732,20.61536],[106.00421,20.61734],[106.00187,20.62053],[106.00008,20.62605],[105.99874,20.62698],[105.99787,20.62719],[105.99693,20.62699],[105.99466,20.62544],[105.99406,20.62401],[105.99147,20.62023],[105.99097,20.61828],[105.98863,20.6136],[105.98382,20.60718],[105.9811,20.60128],[105.98071,20.59935],[105.98086,20.59676],[105.98022,20.59662],[105.97985,20.59762],[105.97685,20.59672],[105.96912,20.59711],[105.9699,20.59932],[105.96873,20.60663],[105.96596,20.61166],[105.96438,20.61268],[105.96367,20.6207],[105.96508,20.62091],[105.96477,20.62348],[105.96343,20.62371],[105.96345,20.62399],[105.96255,20.62395],[105.96276,20.62663],[105.96316,20.62694],[105.96377,20.62594],[105.96556,20.62552],[105.96752,20.62786],[105.96968,20.62881],[105.97395,20.62986],[105.97218,20.63555],[105.97442,20.63553],[105.97539,20.63886],[105.97431,20.63851],[105.97402,20.63874],[105.97263,20.64171],[105.97482,20.64321],[105.97692,20.64599]]]]}},
{"type":"Feature","id":"13330","properties":{"Ward_Code":"13330","Ward_Code_Num":13330,"Ward":"Duy Tân","Ward_Alt":"Duy Tân","Ward_Upper":"DUY TÂN","Ward_Full":"Phường Duy Tân","Ward_Full_Alt":"Phường Duy Tân","Ward_Full_Upper_Alt":"PHƯỜNG DUY TÂN","Ward_Type":"Phường","Province_Code":"37","Province":"Ninh Bình","Province_Upper_Alt":"NINH BÌNH"},"geometry":{"type":"MultiPolygon","coordinates":[[[[106.00734,20.70356],[106.01017,20.70334],[106.01276,20.70259],[106.02137,20.69819],[106.02402,20.69652],[106.02569,20.6949],[106.028,20.6919],[106.03109,20.68713],[106.03511,20.68048],[106.03625,20.67804],[106.0372,20.67448],[106.03749,20.67172],[106.03722,20.6684],[106.0364,20.66307],[106.03522,20.65803],[106.03114,20.65767],[106.03135,20.65661],[106.01589,20.65656],[106.01319,20.65245],[106.00936,20.64393],[106.00929,20.64297],[106.00862,20.64283],[106.00433,20.64283],[106.00582,20.64586],[106.00592,20.6463],[106.00556,20.64635],[106.00618,20.64853],[106.00617,20.65238],[106.00557,20.65704],[106.0035,20.6564],[106.00343,20.65435],[106.00199,20.65441],[106.00194,20.65587],[106.00056,20.65555],[106.00056,20.654419999999998],[106.00014,20.65441],[106.00015,20.65257],[105.9987,20.65256],[105.99861,20.65402],[105.99546,20.65404],[105.9954,20.653],[105.9969,20.65137],[105.99474,20.65139],[105.99486,20.64882],[105.98342,20.64751],[105.9785,20.6482],[105.97697,20.64606],[105.9664,20.64785],[105.95804,20.65076],[105.95836,20.65161],[105.95702,20.65582],[105.95763,20.65801],[105.95856,20.65927],[105.96172,20.66218],[105.96411,20.66359],[105.96724,20.66479],[105.97749,20.66557],[105.97863,20.6694],[105.97892,20.67158],[105.9784,20.67385],[105.98467,20.68048],[105.98589,20.68074],[105.98869,20.68258],[105.99002,20.68458],[105.99061,20.68362],[105.99044,20.68242],[105.9926,20.68136],[105.9935,20.68248],[105.99464,20.68176],[105.99221,20.67852],[105.99462,20.67716],[105.9975,20.67844],[105.99602,20.68175],[105.99403,20.6834],[105.99187,20.68922],[105.99804,20.69232],[105.99761,20.6931],[105.99797,20.69351],[105.99577,20.69748],[106.00161,20.70089],[106.0023,20.70146],[106.0033,20.70362],[106.00734,20.70356]]]]}},
{"type":"Feature","id":"13336","properties":{"Ward_Code":"13336","Ward_Code_Num":13336,"Ward":"Duy Hà","Ward_Alt":"Duy Hà","Ward_Upper":"DUY HÀ","Ward_Full":"Phường Duy Hà","Ward_Full_Alt":"Phường Duy Hà","Ward_Full_Upper_Alt":"PHƯỜNG DUY HÀ","Ward_Type":"Phường","Province_Code":"37","Province":"Ninh Bình","Province_Upper_Alt":"NINH BÌNH"},"geometry":{"type":"MultiPolygon","coordinates":[[[[105.92047,20.67343],[105.92114,20.67071],[105.92542,20.67153],[105.92827,20.67154],[105.92833,20.66828],[105.93311,20.66827],[105.9331,20.65688],[105.93276,20.65635],[105.9262,20.65632],[105.92408,20.65671],[105.92406,20.65502],[105.91789,20.655],[105.91789,20.64314],[105.91618,20.64321],[105.91624,20.64245],[105.91572,20.6425],[105.91513,20.64037],[105.91675,20.63893],[105.917,20.63938],[105.91799,20.63914],[105.9181,20.63797],[105.91876,20.63726],[105.91813,20.63562],[105.91874,20.63404],[105.92001,20.63424],[105.92138,20.62843],[105.93429,20.63128],[105.93456,20.63011],[105.93338,20.62985],[105.93408,20.62663],[105.93877,20.62761],[105.93951,20.62448],[105.93412,20.62332],[105.92976,20.62194],[105.93064,20.6155],[105.93196,20.6155],[105.93195,20.61274],[105.92551,20.61131],[105.92331,20.62033],[105.91598,20.61839],[105.91421,20.62037],[105.913,20.61942],[105.91274,20.61989],[105.91186,20.61948],[105.90406,20.63262],[105.90519,20.63301],[105.90467,20.63448],[105.90601,20.63485],[105.90494,20.63836],[105.90552,20.63852],[105.90518,20.63932],[105.90601,20.63986],[105.90444,20.64085],[105.90377,20.63965],[105.9034,20.63985],[105.90146,20.63932],[105.90069,20.64105],[105.89731,20.63935],[105.89507,20.64182],[105.89375,20.64614],[105.89215,20.64672],[105.89141,20.64823],[105.89559,20.6515],[105.89648,20.65177],[105.89584,20.66607],[105.89612,20.66882],[105.89778,20.66874],[105.89864,20.66839],[105.90322,20.66454],[105.90564,20.66466],[105.9055,20.66841],[105.90745,20.66893],[105.9076,20.66875],[105.91476,20.67232],[105.91465,20.67271],[105.91742,20.67432],[105.91811,20.6733],[105.91903,20.67447],[105.92047,20.67343]]]]}},
{"type":"Feature","id":"13348","properties":{"Ward_Code":"13348","Ward_Code_Num":13348,"Ward":"Đồng Văn","Ward_Alt":"Đồng Văn","Ward_Upper":"ĐỒNG VĂN","Ward_Full":"Phường Đồng Văn","Ward_Full_Alt":"Phường Đồng Văn","Ward_Full_Upper_Alt":"PHƯỜNG ĐỒNG VĂN","Ward_Type":"Phường","Province_Code":"37","Province":"Ninh Bình","Province_Upper_Alt":"NINH BÌNH"},"geometry":{"type":"MultiPolygon","coordinates":[[[[105.9444,20.68089],[105.9454,20.67992],[105.94692,20.67585],[105.9465,20.6672],[105.94555,20.66566],[105.94392,20.66434],[105.94334,20.66248],[105.94346,20.66013],[105.9441,20.6573],[105.94534,20.65516],[105.94656,20.65427],[105.94923,20.65315],[105.95776,20.65092],[105.9664,20.64785],[105.97697,20.64606],[105.97482,20.64321],[105.97263,20.64171],[105.97402,20.63874],[105.97431,20.63851],[105.97539,20.63886],[105.97442,20.63553],[105.97218,20.63555],[105.97395,20.62986],[105.96968,20.62881],[105.96752,20.62786],[105.96556,20.62552],[105.96372,20.62598],[105.96204,20.62917],[105.96124,20.62875],[105.96111,20.63339],[105.95172,20.63413],[105.95181,20.63822],[105.94773,20.63798],[105.94819,20.639],[105.94642,20.63992],[105.94611,20.6392],[105.94425,20.63982],[105.94393,20.63739],[105.94101,20.63677],[105.94397,20.62492],[105.93953,20.62438],[105.93877,20.62761],[105.93408,20.62663],[105.93338,20.62985],[105.93456,20.63011],[105.93429,20.63128],[105.92138,20.62843],[105.92001,20.63424],[105.91874,20.63404],[105.91813,20.63562],[105.91876,20.63726],[105.9181,20.63797],[105.91799,20.63914],[105.917,20.63938],[105.91675,20.63893],[105.91513,20.64037],[105.91572,20.6425],[105.91624,20.64245],[105.91618,20.64321],[105.91789,20.64314],[105.91789,20.655],[105.92406,20.65502],[105.92408,20.65671],[105.9262,20.65632],[105.93276,20.65635],[105.9331,20.65688],[105.93311,20.66827],[105.92833,20.66828],[105.92827,20.67154],[105.92542,20.67153],[105.92114,20.67071],[105.92047,20.67343],[105.91902,20.67447],[105.91996,20.67591],[105.92512,20.67729],[105.933,20.68006],[105.93938,20.68062],[105.94304,20.68194],[105.9444,20.68089]]]]}},
{"type":"Feature","id":"13363","properties":{"Ward_Code":"13363","Ward_Code_Num":13363,"Ward":"Tiên Sơn","Ward_Alt":"Tiên Sơn","Ward_Upper":"TIÊN SƠN","Ward_Full":"Phường Tiên Sơn","Ward_Full_Alt":"Phường Tiên Sơn","Ward_Full_Upper_Alt":"PHƯỜNG TIÊN SƠN","Ward_Type":"Phường","Province_Code":"37","Province":"Ninh Bình","Province_Upper_Alt":"NINH BÌNH"},"geometry":{"type":"MultiPolygon","coordinates":[[[[105.96316,20.62694],[105.96276,20.62663],[105.96255,20.62395],[105.96345,20.62399],[105.96343,20.62371],[105.96477,20.62348],[105.96508,20.62091],[105.96367,20.6207],[105.96438,20.61268],[105.96596,20.61166],[105.96873,20.60663],[105.9699,20.59932],[105.96912,20.59711],[105.97685,20.59672],[105.97985,20.59762],[105.98022,20.59662],[105.98086,20.59676],[105.98221,20.58987],[105.98373,20.58549],[105.98485,20.58357],[105.9883,20.57919],[105.99263,20.57565],[105.99477,20.57461],[105.99937,20.57327],[106.00238,20.57197],[106.00316,20.56906],[106.00469,20.56723],[106.00599,20.56465],[106.00508,20.56188],[106.00365,20.55958],[106.00236,20.55951],[106.0002,20.56219],[105.99879,20.56296],[105.99343,20.56425],[105.99039,20.5668],[105.98842,20.56747],[105.98784,20.56692],[105.98758,20.56538],[105.98719,20.56499],[105.98352,20.56414],[105.9821,20.5635],[105.97223,20.55821],[105.97058,20.5581],[105.96947,20.55954],[105.96866,20.55982],[105.9681,20.55964],[105.96675,20.56128],[105.96572,20.56322],[105.96435,20.56401],[105.96445,20.56493],[105.96344,20.56558],[105.961,20.56611],[105.95976,20.56869],[105.96096,20.57073],[105.96091,20.57135],[105.95989,20.57233],[105.95858,20.5728],[105.95836,20.57315],[105.95886,20.57536],[105.96106,20.57582],[105.96068,20.57798],[105.96151,20.57806],[105.96159,20.5794],[105.96597,20.57969],[105.96545,20.58136],[105.96284,20.58137],[105.96185,20.58735],[105.96046,20.58709],[105.96032,20.58772],[105.95575,20.58689],[105.95628,20.58488],[105.95569,20.58483],[105.95498,20.58497],[105.9525,20.58664],[105.94988,20.58792],[105.94816,20.6063],[105.94621,20.61589],[105.93195,20.61274],[105.93196,20.6155],[105.93064,20.6155],[105.92976,20.62194],[105.93732,20.62402],[105.94397,20.62492],[105.94101,20.63677],[105.94393,20.63739],[105.94425,20.63982],[105.94611,20.6392],[105.94642,20.63992],[105.94671,20.6398],[105.94819,20.639],[105.94773,20.63798],[105.95181,20.63822],[105.95172,20.63413],[105.96111,20.63339],[105.96124,20.62875],[105.96204,20.62917],[105.96316,20.62694]]]]}},
{"type":"Feature","id":"13366","properties":{"Ward_Code":"13366","Ward_Code_Num":13366,"Ward":"Hà Nam","Ward_Alt":"Hà Nam","Ward_Upper":"HÀ NAM","Ward_Full":"Phường Hà Nam","Ward_Full_Alt":"Phường Hà Nam","Ward_Full_Upper_Alt":"PHƯỜNG HÀ NAM","Ward_Type":"Phường","Province_Code":"37","Province":"Ninh Bình","Province_Upper_Alt":"NINH BÌNH"},"geometry":{"type":"MultiPolygon","coordinates":[[[[105.93032,20.61238],[105.94621,20.61589],[105.94816,20.6063],[105.94988,20.58792],[105.9525,20.58664],[105.95498,20.58497],[105.95569,20.58483],[105.95628,20.58488],[105.95575,20.58689],[105.96032,20.58772],[105.96046,20.58709],[105.96182,20.58738],[105.96284,20.58137],[105.96545,20.58136],[105.96597,20.57969],[105.96159,20.5794],[105.96151,20.57806],[105.96068,20.57798],[105.96106,20.57582],[105.95886,20.57536],[105.95836,20.57315],[105.95858,20.5728],[105.95989,20.57233],[105.96091,20.57135],[105.96096,20.57073],[105.95976,20.56869],[105.961,20.56611],[105.96344,20.56558],[105.96445,20.56493],[105.96435,20.56401],[105.96572,20.56322],[105.96675,20.56128],[105.9681,20.55964],[105.96774,20.55894],[105.9681,20.55607],[105.96789,20.55439],[105.96698,20.55324],[105.96337,20.5512],[105.95871,20.54682],[105.9567,20.54574],[105.95442,20.54548],[105.94622,20.54607],[105.9449,20.54675],[105.94464,20.54736],[105.94554,20.55026],[105.94514,20.55134],[105.94244,20.55211],[105.93908,20.55214],[105.93659,20.5512],[105.93595,20.54983],[105.9361,20.54746],[105.93436,20.54571],[105.93139,20.54369],[105.92904,20.54253],[105.92721,20.54184],[105.9254,20.54162],[105.92419,20.54223],[105.92293,20.54446],[105.92216,20.54511],[105.91553,20.54837],[105.91593,20.54916],[105.91244,20.55039],[105.91072,20.55055],[105.91536,20.55887],[105.91486,20.55949],[105.91551,20.56228],[105.91799,20.56487],[105.91866,20.56484],[105.91847,20.56654],[105.91903,20.56638],[105.92054,20.56859],[105.92059,20.56895],[105.91998,20.56925],[105.91993,20.58557],[105.92022,20.58558],[105.92164,20.59212],[105.92484,20.59151],[105.9244,20.59616],[105.92115,20.60171],[105.92209,20.60212],[105.9195,20.60653],[105.92055,20.6069],[105.9168,20.61746],[105.91598,20.61839],[105.92322,20.62037],[105.92551,20.61131],[105.93032,20.61238]]]]}},
{"type":"Feature","id":"13384","properties":{"Ward_Code":"13384","Ward_Code_Num":13384,"Ward":"Kim Bảng","Ward_Alt":"Kim Bảng","Ward_Upper":"KIM BẢNG","Ward_Full":"Phường Kim Bảng","Ward_Full_Alt":"Phường Kim Bảng","Ward_Full_Upper_Alt":"PHƯỜNG KIM BẢNG","Ward_Type":"Phường","Province_Code":"37","Province":"Ninh Bình","Province_Upper_Alt":"NINH BÌNH"},"geometry":{"type":"MultiPolygon","coordinates":[[[[105.92096,20.589],[105.92017,20.58551],[105.91407,20.5868],[105.9118,20.58677],[105.90941,20.58538],[105.90144,20.57891],[105.8983,20.58188],[105.89499,20.58019],[105.8952,20.57729],[105.89159,20.57975],[105.88959,20.57897],[105.88607,20.57909],[105.88602,20.57719],[105.88527,20.57494],[105.88226,20.57584],[105.87755,20.576],[105.86894,20.57379],[105.86482,20.57102],[105.85859,20.56581],[105.85548,20.56679],[105.85107,20.56923],[105.85077,20.57014],[105.85124,20.57093],[105.85179,20.57121],[105.85343,20.57087],[105.85437,20.57205],[105.85371,20.57384],[105.85198,20.57492],[105.84929,20.57542],[105.8476,20.57539],[105.83916,20.57363],[105.83781,20.57396],[105.83672,20.57515],[105.83728,20.57657],[105.84445,20.5798],[105.84573,20.58114],[105.84611,20.58226],[105.8477,20.58223],[105.84893,20.57981],[105.85473,20.58211],[105.85155,20.5861],[105.85124,20.5878],[105.8521,20.590699999999998],[105.85413,20.59345],[105.85343,20.59404],[105.8563,20.59641],[105.85701,20.59596],[105.8583,20.59689],[105.86128,20.59512],[105.86225,20.59331],[105.86355,20.59429],[105.86411,20.59404],[105.86496,20.59292],[105.86618,20.59367],[105.86796,20.59236],[105.87204,20.59529],[105.87765,20.58857],[105.88046,20.59041],[105.88321,20.5871],[105.88535,20.58764],[105.88488,20.58614],[105.88734,20.58566],[105.88949,20.59774],[105.89017,20.59791],[105.89135,20.59922],[105.89188,20.59942],[105.89434,20.60304],[105.89691,20.60001],[105.89858,20.60234],[105.89922,20.60204],[105.90132,20.60456],[105.90747,20.60453],[105.9074,20.60337],[105.91461,20.59914],[105.91116,20.59504],[105.91481,20.59223],[105.91353,20.590699999999998],[105.92096,20.589]]]]}},
{"type":"Feature","id":"13393","properties":{"Ward_Code":"13393","Ward_Code_Num":13393,"Ward":"Lê Hồ","Ward_Alt":"Lê Hồ","Ward_Upper":"LÊ HỒ","Ward_Full":"Phường Lê Hồ","Ward_Full_Alt":"Phường Lê Hồ","Ward_Full_Upper_Alt":"PHƯỜNG LÊ HỒ","Ward_Type":"Phường","Province_Code":"37","Province":"Ninh Bình","Province_Upper_Alt":"NINH BÌNH"},"geometry":{"type":"MultiPolygon","coordinates":[[[[105.89466,20.64342],[105.8952,20.64163],[105.89501,20.64089],[105.89236,20.6407],[105.89255,20.63868],[105.89224,20.63864],[105.89121,20.63673],[105.89251,20.63614],[105.88778,20.62714],[105.88604,20.62796],[105.88566,20.62741],[105.88363,20.62678],[105.87955,20.62824],[105.87907,20.62733],[105.87967,20.62685],[105.87858,20.6252],[105.87659,20.62228],[105.8757,20.62268],[105.87426,20.62117],[105.8748,20.6208],[105.8733,20.61886],[105.8748,20.61783],[105.87817,20.61717],[105.87976,20.61751],[105.87985,20.6178],[105.88278,20.61904],[105.88306,20.61112],[105.88704,20.60885],[105.88808,20.60378],[105.89038,20.60425],[105.89292,20.60069],[105.89017,20.59791],[105.88949,20.59774],[105.88878,20.59263],[105.88719,20.58567],[105.88488,20.58614],[105.88535,20.58764],[105.88321,20.5871],[105.88046,20.59041],[105.87765,20.58857],[105.87204,20.59529],[105.86796,20.59236],[105.86441,20.59514],[105.86534,20.59594],[105.86426,20.5971],[105.86274,20.59603],[105.85742,20.60177],[105.86169,20.60378],[105.85591,20.60973],[105.85523,20.60974],[105.85504,20.61014],[105.85549,20.61082],[105.84336,20.61808],[105.84396,20.61914],[105.84356,20.61931],[105.84338,20.62142],[105.8424,20.62163],[105.84157,20.62952],[105.84018,20.62951],[105.84001,20.63322],[105.84076,20.63302],[105.84351,20.63364],[105.84323,20.63522],[105.84629,20.63572],[105.84634,20.63939],[105.85263,20.64004],[105.85244,20.64339],[105.85319,20.64349],[105.85301,20.64454],[105.85382,20.64431],[105.85457,20.64654],[105.85661,20.64522],[105.85861,20.64473],[105.86663,20.64548],[105.87289,20.64368],[105.8781,20.64311],[105.87974,20.64322],[105.88239,20.64398],[105.89141,20.64823],[105.89215,20.64672],[105.89375,20.64614],[105.89466,20.64342]]]]}},
{"type":"Feature","id":"13396","properties":{"Ward_Code":"13396","Ward_Code_Num":13396,"Ward":"Nguyễn Úy","Ward_Alt":"Nguyễn Úy","Ward_Upper":"NGUYỄN ÚY","Ward_Full":"Phường Nguyễn Úy","Ward_Full_Alt":"Phường Nguyễn Úy","Ward_Full_Upper_Alt":"PHƯỜNG NGUYỄN ÚY","Ward_Type":"Phường","Province_Code":"37","Province":"Ninh Bình","Province_Upper_Alt":"NINH BÌNH"},"geometry":{"type":"MultiPolygon","coordinates":[[[[105.82565,20.66398],[105.8261,20.66386],[105.82613,20.66422],[105.82884,20.66343],[105.82875,20.66294],[105.8313,20.66224],[105.83117,20.66151],[105.83331,20.66056],[105.83383,20.66173],[105.83959,20.65972],[105.83945,20.65937],[105.8405,20.65902],[105.84038,20.65853],[105.84063,20.65846],[105.84022,20.65718],[105.84298,20.656],[105.84308,20.65618],[105.84834,20.65247],[105.84918,20.65323],[105.8517,20.64954],[105.85457,20.64654],[105.85382,20.64431],[105.85301,20.64454],[105.85319,20.64349],[105.85244,20.64339],[105.85263,20.64004],[105.84634,20.63939],[105.84629,20.63572],[105.84323,20.63522],[105.84351,20.63364],[105.84076,20.63302],[105.84001,20.63322],[105.84018,20.62951],[105.84157,20.62952],[105.8424,20.62163],[105.84338,20.62142],[105.84356,20.61931],[105.84396,20.61914],[105.84336,20.61808],[105.85549,20.61082],[105.85504,20.61014],[105.85523,20.60974],[105.85591,20.60973],[105.86169,20.60378],[105.85875,20.60247],[105.85396,20.60783],[105.85039,20.60491],[105.84898,20.60406],[105.84868,20.60458],[105.84617,20.60304],[105.84583,20.60381],[105.84467,20.60336],[105.84447,20.60366],[105.84298,20.60266],[105.8421,20.60343],[105.8411,20.60364],[105.8303,20.60129],[105.82546,20.5998],[105.823,20.59809],[105.82041,20.59534],[105.82009,20.59404],[105.8203,20.59225],[105.81965,20.59085],[105.81854,20.58953],[105.81892,20.58913],[105.81857,20.58879],[105.81885,20.58791],[105.8185,20.58724],[105.81605,20.58637],[105.80982,20.58323],[105.80749,20.58123],[105.80394,20.58193],[105.80283,20.58123],[105.79928,20.58144],[105.7994,20.58194],[105.80008,20.58203],[105.80147,20.58396],[105.80096,20.58456],[105.80144,20.5852],[105.80146,20.58589],[105.80095,20.58671],[105.80117,20.58829],[105.80095,20.58928],[105.80136,20.59068],[105.80197,20.59098],[105.80232,20.59226],[105.8031,20.59283],[105.80308,20.59544],[105.8036,20.59568],[105.80377,20.59616],[105.80339,20.59752],[105.80372,20.5988],[105.80484,20.59924],[105.80628,20.59915],[105.80714,20.59732],[105.80799,20.59725],[105.80866,20.59844],[105.80846,20.59849],[105.80883,20.59951],[105.80726,20.60008],[105.80764,20.60114],[105.80846,20.60224],[105.81084,20.60339],[105.8106,20.60375],[105.81135,20.60459],[105.80941,20.60529],[105.80747,20.60658],[105.80612,20.60834],[105.80568,20.60981],[105.80652,20.61179],[105.81173,20.61554],[105.81258,20.61657],[105.81295,20.61773],[105.81282,20.61862],[105.8139,20.61896],[105.81452,20.61855],[105.81489,20.61877],[105.81486,20.6198],[105.81355,20.62102],[105.81367,20.62163],[105.81331,20.62218],[105.8134,20.62389],[105.81454,20.62456],[105.81456,20.62494],[105.81312,20.62522],[105.8132,20.62592],[105.81218,20.62587],[105.81166,20.62813],[105.8111,20.62804],[105.81136,20.62947],[105.81334,20.63343],[105.81369,20.63341],[105.81884,20.63749],[105.82621,20.64126],[105.83129,20.64428],[105.83293,20.64588],[105.83401,20.64805],[105.83369,20.64923],[105.83312,20.64978],[105.82782,20.65194],[105.8262,20.65303],[105.82251,20.65778],[105.81953,20.66081],[105.81986,20.66131],[105.82169,20.66215],[105.823,20.66206],[105.82304,20.66447],[105.82565,20.66398]]]]}},
{"type":"Feature","id":"13402","properties":{"Ward_Code":"13402","Ward_Code_Num":13402,"Ward":"Kim Thanh","Ward_Alt":"Kim Thanh","Ward_Upper":"KIM THANH","Ward_Full":"Phường Kim Thanh","Ward_Full_Alt":"Phường Kim Thanh","Ward_Full_Upper_Alt":"PHƯỜNG KIM THANH","Ward_Type":"Phường","Province_Code":"37","Province":"Ninh Bình","Province_Upper_Alt":"NINH BÌNH"},"geometry":{"type":"MultiPolygon","coordinates":[[[[105.91598,20.61839],[105.9168,20.61746],[105.92055,20.6069],[105.9195,20.60653],[105.92209,20.60212],[105.92115,20.60171],[105.92445,20.59599],[105.92484,20.59151],[105.92164,20.59212],[105.92096,20.589],[105.91353,20.590699999999998],[105.91481,20.59223],[105.91116,20.59504],[105.91461,20.59914],[105.9074,20.60337],[105.90747,20.60453],[105.90132,20.60456],[105.89922,20.60204],[105.89858,20.60234],[105.89691,20.60001],[105.89434,20.60304],[105.89292,20.60069],[105.89038,20.60425],[105.88808,20.60378],[105.88704,20.60885],[105.88306,20.61112],[105.88278,20.61904],[105.87985,20.6178],[105.87976,20.61751],[105.87817,20.61717],[105.8748,20.61783],[105.8733,20.61886],[105.8748,20.6208],[105.87426,20.62117],[105.8757,20.62268],[105.87659,20.62228],[105.87858,20.6252],[105.87967,20.62685],[105.87907,20.62733],[105.87955,20.62824],[105.88363,20.62678],[105.88566,20.62741],[105.88604,20.62796],[105.88778,20.62714],[105.89251,20.63614],[105.89121,20.63673],[105.89224,20.63864],[105.89255,20.63868],[105.89236,20.6407],[105.89501,20.64089],[105.8952,20.64163],[105.89731,20.63935],[105.90069,20.64105],[105.90146,20.63932],[105.9034,20.63985],[105.90377,20.63965],[105.90444,20.64085],[105.90601,20.63986],[105.90518,20.63932],[105.90552,20.63852],[105.90494,20.63836],[105.90601,20.63485],[105.90467,20.63448],[105.90519,20.63301],[105.90406,20.63262],[105.91186,20.61948],[105.91274,20.61989],[105.913,20.61942],[105.91421,20.62037],[105.91598,20.61839]]]]}},
{"type":"Feature","id":"13420","properties":{"Ward_Code":"13420","Ward_Code_Num":13420,"Ward":"Tam Chúc","Ward_Alt":"Tam Chúc","Ward_Upper":"TAM CHÚC","Ward_Full":"Phường Tam Chúc","Ward_Full_Alt":"Phường Tam Chúc","Ward_Full_Upper_Alt":"PHƯỜNG TAM CHÚC","Ward_Type":"Phường","Province_Code":"37","Province":"Ninh Bình","Province_Upper_Alt":"NINH BÌNH"},"geometry":{"type":"MultiPolygon","coordinates":[[[[105.85571,20.6056],[105.85617,20.60553],[105.85875,20.60247],[105.85742,20.60177],[105.86274,20.59603],[105.86426,20.5971],[105.86534,20.59594],[105.86441,20.59514],[105.86618,20.59367],[105.86496,20.59292],[105.86411,20.59404],[105.86355,20.59429],[105.86225,20.59331],[105.86128,20.59512],[105.8583,20.59689],[105.85701,20.59596],[105.8563,20.59641],[105.85343,20.59404],[105.85413,20.59345],[105.8521,20.590699999999998],[105.85124,20.5878],[105.85155,20.5861],[105.85473,20.58211],[105.84893,20.57981],[105.8477,20.58223],[105.84611,20.58226],[105.84573,20.58114],[105.84445,20.5798],[105.83706,20.5763],[105.83676,20.575],[105.83781,20.57396],[105.83976,20.57363],[105.84265,20.57438],[105.84324,20.5733],[105.84016,20.56925],[105.83241,20.5633],[105.83059,20.56151],[105.83142,20.55842],[105.82964,20.55697],[105.82863,20.55425],[105.82945,20.55293],[105.82965,20.55182],[105.82847,20.54903],[105.82737,20.5479],[105.82665,20.5457],[105.82698,20.54459],[105.82738,20.54437],[105.82653,20.54226],[105.82696,20.54102],[105.82671,20.53641],[105.82594,20.53591],[105.82538,20.53488],[105.82716,20.5261],[105.82461,20.52332],[105.82218,20.52235],[105.82148,20.52036],[105.819,20.51804],[105.81904,20.51528],[105.81944,20.51474],[105.8188,20.51247],[105.81896,20.51085],[105.81959,20.51031],[105.81976,20.50928],[105.81938,20.5069],[105.81966,20.50583],[105.8097,20.50101],[105.80992,20.49976],[105.80945,20.49935],[105.80795,20.49872],[105.8067,20.49902],[105.8059,20.49865],[105.80471,20.50008],[105.80493,20.50171],[105.80346,20.50452],[105.8035,20.50874],[105.80323,20.5096],[105.80359,20.51062],[105.80346,20.51118],[105.80274,20.5118],[105.80184,20.51202],[105.80096,20.51394],[105.79952,20.51364],[105.79816,20.51241],[105.7951,20.5117],[105.79499,20.5134],[105.79526,20.51391],[105.79482,20.51422],[105.79489,20.51486],[105.79388,20.5152],[105.79311,20.51622],[105.79221,20.51648],[105.79181,20.51712],[105.7918,20.5179],[105.79243,20.51826],[105.79281,20.51894],[105.79204,20.52004],[105.7921,20.52103],[105.7916,20.5217],[105.79083,20.52448],[105.78958,20.52549],[105.78885,20.52687],[105.78762,20.5277],[105.78825,20.5285],[105.78842,20.53019],[105.78752,20.53144],[105.78667,20.53204],[105.78658,20.53494],[105.78562,20.53576],[105.78464,20.53711],[105.78467,20.53754],[105.78404,20.53774],[105.78376,20.53889],[105.7791,20.54392],[105.77749,20.54625],[105.77544,20.54731],[105.77354,20.54966],[105.77247,20.55202],[105.77248,20.553],[105.77161,20.55469],[105.77188,20.55634],[105.7715,20.55788],[105.77038,20.56002],[105.7705,20.56226],[105.76962,20.56426],[105.76866,20.56527],[105.77626,20.56473],[105.77729,20.56428],[105.77875,20.56581],[105.78155,20.56562],[105.78215,20.56473],[105.78289,20.56594],[105.78443,20.56652],[105.79025,20.5664],[105.79156,20.56706],[105.79461,20.56736],[105.79483,20.56816],[105.79654,20.56965],[105.79653,20.57053],[105.79713,20.57136],[105.79708,20.57254],[105.79778,20.57392],[105.79692,20.57417],[105.79744,20.57553],[105.79876,20.57691],[105.79843,20.57737],[105.79845,20.57833],[105.79925,20.57989],[105.79928,20.58144],[105.80283,20.58123],[105.80394,20.58193],[105.80749,20.58123],[105.80982,20.58323],[105.81605,20.58637],[105.8185,20.58724],[105.81885,20.58791],[105.81857,20.58879],[105.81892,20.58913],[105.81854,20.58953],[105.81965,20.59085],[105.8203,20.59225],[105.82009,20.59404],[105.82041,20.59534],[105.823,20.59809],[105.82494,20.59956],[105.82883,20.60092],[105.8411,20.60364],[105.8421,20.60343],[105.84298,20.60266],[105.84447,20.60366],[105.84467,20.60336],[105.84583,20.60381],[105.84617,20.60304],[105.84868,20.60458],[105.84898,20.60406],[105.85039,20.60491],[105.85396,20.60783],[105.85571,20.6056]]]]}},
{"type":"Feature","id":"13435","properties":{"Ward_Code":"13435","Ward_Code_Num":13435,"Ward":"Lý Thường Kiệt","Ward_Alt":"Lý Thường Kiệt","Ward_Upper":"LÝ THƯỜNG KIỆT","Ward_Full":"Phường Lý Thường Kiệt","Ward_Full_Alt":"Phường Lý Thường Kiệt","Ward_Full_Upper_Alt":"PHƯỜNG LÝ THƯỜNG KIỆT","Ward_Type":"Phường","Province_Code":"37","Province":"Ninh Bình","Province_Upper_Alt":"NINH BÌNH"},"geometry":{"type":"MultiPolygon","coordinates":[[[[105.88527,20.57494],[105.8881,20.57353],[105.89009,20.57173],[105.8906,20.57068],[105.89132,20.56765],[105.89031,20.56273],[105.8904,20.56057],[105.89101,20.55902],[105.8943,20.55438],[105.8906,20.55348],[105.89009,20.55435],[105.88324,20.55098],[105.88243,20.55001],[105.88097,20.54634],[105.87774,20.5423],[105.87824,20.53965],[105.87714,20.53793],[105.87741,20.53522],[105.8778,20.53419],[105.88066,20.53169],[105.88105,20.53007],[105.88271,20.52871],[105.88348,20.52335],[105.88675,20.51531],[105.88409,20.51368],[105.88247,20.5141],[105.88195,20.51579],[105.8831,20.51578],[105.88296,20.5164],[105.88024,20.51712],[105.88008,20.51644],[105.87964,20.5163],[105.87845,20.51739],[105.87756,20.51716],[105.8772,20.51696],[105.87748,20.51629],[105.877,20.51603],[105.87764,20.51508],[105.87826,20.51312],[105.87711,20.51289],[105.87354,20.51129],[105.87327,20.50944],[105.86494,20.50931],[105.86489,20.50841],[105.86261,20.50371],[105.86347,20.50287],[105.86422,20.50117],[105.86309,20.49713],[105.86248,20.49208],[105.86199,20.4915],[105.86128,20.49146],[105.85776,20.48987],[105.85411,20.48767],[105.85425,20.48083],[105.85167,20.4788],[105.84877,20.47873],[105.84712,20.47816],[105.8441,20.47789],[105.84218,20.4799],[105.8417,20.48084],[105.83962,20.48038],[105.8376,20.4808],[105.83698,20.48137],[105.83676,20.48261],[105.83557,20.48342],[105.83583,20.48434],[105.82456,20.48868],[105.82225,20.49131],[105.82096,20.49365],[105.81958,20.50005],[105.82005,20.50128],[105.82013,20.50599],[105.81966,20.50583],[105.81938,20.5069],[105.81976,20.50928],[105.81959,20.51031],[105.81896,20.51085],[105.8188,20.51247],[105.81944,20.51474],[105.81904,20.51528],[105.819,20.51804],[105.82148,20.52036],[105.82218,20.52235],[105.82461,20.52332],[105.82716,20.5261],[105.82538,20.53488],[105.82594,20.53591],[105.82671,20.53641],[105.82696,20.54102],[105.82653,20.54226],[105.82738,20.54437],[105.82698,20.54459],[105.82665,20.5457],[105.82737,20.5479],[105.82847,20.54903],[105.82965,20.55182],[105.82945,20.55293],[105.82863,20.55425],[105.82964,20.55697],[105.83142,20.55842],[105.83059,20.56151],[105.83241,20.5633],[105.84016,20.56925],[105.84324,20.5733],[105.84265,20.57438],[105.84438,20.57491],[105.84929,20.57542],[105.85154,20.57506],[105.85327,20.57425],[105.85415,20.57319],[105.8542,20.57152],[105.85343,20.57087],[105.85143,20.57108],[105.85087,20.57056],[105.85085,20.56956],[105.85163,20.56876],[105.85548,20.56679],[105.85832,20.56577],[105.85894,20.56594],[105.86523,20.57133],[105.86894,20.57379],[105.87055,20.57437],[105.87755,20.576],[105.88226,20.57584],[105.88527,20.57494]]]]}},
{"type":"Feature","id":"13444","properties":{"Ward_Code":"13444","Ward_Code_Num":13444,"Ward":"Liêm Tuyền","Ward_Alt":"Liêm Tuyền","Ward_Upper":"LIÊM TUYỀN","Ward_Full":"Phường Liêm Tuyền","Ward_Full_Alt":"Phường Liêm Tuyền","Ward_Full_Upper_Alt":"PHƯỜNG LIÊM TUYỀN","Ward_Type":"Phường","Province_Code":"37","Province":"Ninh Bình","Province_Upper_Alt":"NINH BÌNH"},"geometry":{"type":"MultiPolygon","coordinates":[[[[105.93921,20.54143],[105.93917,20.54205],[105.93822,20.54202],[105.9382,20.54296],[105.93796,20.54297],[105.93791,20.54529],[105.93848,20.54536],[105.93843,20.54728],[105.93813,20.54733],[105.93853,20.54844],[105.93845,20.54917],[105.93806,20.54878],[105.93728,20.54977],[105.93605,20.55041],[105.93708,20.55157],[105.93908,20.55214],[105.94093,20.55221],[105.94384,20.55191],[105.94492,20.55151],[105.94545,20.551],[105.94554,20.55026],[105.94466,20.5479],[105.94471,20.5471],[105.94519,20.54652],[105.94671,20.54592],[105.95442,20.54548],[105.95659,20.5457],[105.96001,20.54784],[105.96337,20.5512],[105.96748,20.55366],[105.96803,20.55533],[105.96774,20.55894],[105.9681,20.55964],[105.96866,20.55982],[105.96947,20.55954],[105.97058,20.5581],[105.97223,20.55821],[105.9821,20.5635],[105.98352,20.56414],[105.98719,20.56499],[105.98758,20.56538],[105.98817,20.56735],[105.98927,20.56729],[105.99039,20.5668],[105.99266,20.56469],[105.99505,20.56385],[105.99498,20.5604],[105.9937,20.55427],[105.99221,20.55493],[105.99124,20.55499],[105.98893,20.55306],[105.98565,20.5521],[105.98497,20.55254],[105.98318,20.55196],[105.98339,20.55072],[105.9825,20.55045],[105.98571,20.54727],[105.98888,20.54354],[105.98795,20.54165],[105.98994,20.53997],[105.98981,20.53977],[105.9935,20.53824],[105.99481,20.53867],[105.99499,20.53806],[105.99774,20.53893],[105.9991,20.53902],[105.99933,20.53569],[105.99742,20.53562],[105.99708,20.53181],[105.99722,20.53053],[105.99892,20.53097],[105.99824,20.52546],[105.99893,20.52565],[105.99874,20.52365],[105.99884,20.523],[105.99907,20.52309],[105.99932,20.52257],[105.99812,20.52254],[105.99777,20.51953],[105.99487,20.51835],[105.995,20.51807],[105.99243,20.51728],[105.99106,20.51802],[105.99016,20.51702],[105.98934,20.51801],[105.98919,20.517],[105.98854,20.51791],[105.98824,20.51783],[105.98745,20.52033],[105.98661,20.52185],[105.9856,20.5229],[105.98415,20.52347],[105.98309,20.52464],[105.98277,20.52518],[105.98304,20.52561],[105.98221,20.52717],[105.98034,20.52719],[105.98036,20.5279],[105.9791,20.52704],[105.9778,20.52712],[105.97765,20.52666],[105.97697,20.52714],[105.97478,20.524],[105.97536,20.5236],[105.97502,20.52245],[105.9756,20.52172],[105.97536,20.52001],[105.97608,20.51947],[105.97492,20.51661],[105.97418,20.51679],[105.97,20.51576],[105.97002,20.51509],[105.96771,20.51509],[105.96774,20.51542],[105.96568,20.51489],[105.96389,20.51496],[105.96378,20.51443],[105.96014,20.51508],[105.95934,20.51334],[105.95696,20.51583],[105.9541,20.51451],[105.95202,20.51595],[105.95057,20.51446],[105.95023,20.5145],[105.95004,20.51499],[105.94552,20.5134],[105.94494,20.51733],[105.9468,20.51829],[105.94416,20.51948],[105.94431,20.52009],[105.94224,20.52285],[105.94314,20.52338],[105.94304,20.52369],[105.9444,20.52416],[105.94416,20.52534],[105.94642,20.5261],[105.94658,20.52704],[105.94616,20.52723],[105.94883,20.52841],[105.94993,20.53033],[105.94874,20.53094],[105.94989,20.53268],[105.94924,20.5335],[105.94959,20.53359],[105.94958,20.53536],[105.94996,20.53565],[105.9496,20.53586],[105.94954,20.53645],[105.95046,20.53636],[105.95054,20.5367],[105.94957,20.53677],[105.94962,20.53713],[105.95072,20.5373],[105.9511,20.538],[105.94992,20.53869],[105.94988,20.53834],[105.94935,20.53814],[105.94919,20.53717],[105.94877,20.5372],[105.94883,20.53829],[105.94839,20.5384],[105.94847,20.53888],[105.94741,20.53927],[105.94023,20.53949],[105.94029,20.54145],[105.93921,20.54143]]]]}},
{"type":"Feature","id":"13456","properties":{"Ward_Code":"13456","Ward_Code_Num":13456,"Ward":"Liêm Hà","Ward_Alt":"Liêm Hà","Ward_Upper":"LIÊM HÀ","Ward_Full":"Xã Liêm Hà","Ward_Full_Alt":"Xã Liêm Hà","Ward_Full_Upper_Alt":"XÃ LIÊM HÀ","Ward_Type":"Xã","Province_Code":"37","Province":"Ninh Bình","Province_Upper_Alt":"NINH BÌNH"},"geometry":{"type":"MultiPolygon","coordinates":[[[[105.93554,20.49482],[105.93385,20.49523],[105.9323,20.49012],[105.93556,20.48926],[105.93557,20.481],[105.9295,20.48086],[105.92943,20.4836],[105.92546,20.48481],[105.92493,20.48548],[105.91968,20.48712],[105.91476,20.48693],[105.91461,20.48869],[105.91668,20.48876],[105.91652,20.49277],[105.91809,20.49276],[105.91798,20.49414],[105.91912,20.49414],[105.91848,20.49853],[105.91605,20.49825],[105.91598,20.49901],[105.91596,20.50166],[105.91799,20.50182],[105.91728,20.50646],[105.91701,20.51102],[105.91743,20.51539],[105.91999,20.51563],[105.91986,20.51602],[105.92275,20.51647],[105.92439,20.51527],[105.9255,20.514],[105.92644,20.51524],[105.92721,20.51512],[105.92853,20.51655],[105.92894,20.51623],[105.92936,20.51647],[105.93024,20.51627],[105.93223,20.51752],[105.93301,20.5172],[105.9337,20.51826],[105.93405,20.51802],[105.93569,20.51832],[105.93595,20.51796],[105.93671,20.51851],[105.94015,20.51488],[105.94494,20.51733],[105.94552,20.5134],[105.95004,20.51499],[105.95023,20.5145],[105.95057,20.51446],[105.95202,20.51595],[105.9541,20.51451],[105.95696,20.51583],[105.95934,20.51334],[105.96014,20.51508],[105.96378,20.51443],[105.96389,20.51496],[105.96568,20.51489],[105.96774,20.51542],[105.96771,20.51509],[105.97002,20.51509],[105.97,20.51576],[105.97418,20.51679],[105.97492,20.51661],[105.97608,20.51947],[105.97536,20.52001],[105.9756,20.52172],[105.97502,20.52245],[105.97536,20.5236],[105.97478,20.524],[105.97697,20.52714],[105.97765,20.52666],[105.9778,20.52712],[105.9791,20.52704],[105.98036,20.5279],[105.98034,20.52719],[105.98221,20.52717],[105.98304,20.52561],[105.98277,20.52518],[105.98309,20.52464],[105.98415,20.52347],[105.9856,20.5229],[105.98661,20.52185],[105.98745,20.52033],[105.98824,20.51783],[105.98854,20.51791],[105.98911,20.51732],[105.98852,20.51279],[105.98581,20.50171],[105.98435,20.49705],[105.98586,20.49659],[105.98579,20.49613],[105.98507,20.49543],[105.9852,20.4948],[105.98432,20.49495],[105.98432,20.49229],[105.98293,20.49226],[105.98296,20.49064],[105.98178,20.49168],[105.9808,20.49173],[105.98087,20.48805],[105.97927,20.48829],[105.97972,20.4899],[105.97736,20.49017],[105.97659,20.49488],[105.97351,20.49391],[105.97362,20.49816],[105.96912,20.4988],[105.96903,20.4973],[105.96835,20.49731],[105.96609,20.49235],[105.9658,20.49234],[105.96554,20.48669],[105.9642,20.4866],[105.96429,20.4858],[105.96248,20.48625],[105.96027,20.48591],[105.95902,20.48522],[105.95908,20.4844],[105.95703,20.48417],[105.95466,20.48959],[105.95149,20.48996],[105.95009,20.49132],[105.94984,20.49364],[105.94951,20.49413],[105.94864,20.49438],[105.94681,20.49427],[105.94665,20.49506],[105.94769,20.49883],[105.94579,20.50042],[105.94366,20.50126],[105.94399,20.50443],[105.94361,20.50463],[105.94364,20.50503],[105.94068,20.50476],[105.93926,20.50332],[105.93935,20.50279],[105.93762,20.49764],[105.93891,20.49729],[105.93872,20.49643],[105.93733,20.49679],[105.93659,20.49462],[105.93554,20.49482]]]]}},
{"type":"Feature","id":"13474","properties":{"Ward_Code":"13474","Ward_Code_Num":13474,"Ward":"Tân Thanh","Ward_Alt":"Tân Thanh","Ward_Upper":"TÂN THANH","Ward_Full":"Xã Tân Thanh","Ward_Full_Alt":"Xã Tân Thanh","Ward_Full_Upper_Alt":"XÃ TÂN THANH","Ward_Type":"Xã","Province_Code":"37","Province":"Ninh Bình","Province_Upper_Alt":"NINH BÌNH"},"geometry":{"type":"MultiPolygon","coordinates":[[[[105.91416,20.4869],[105.91968,20.48712],[105.92493,20.48548],[105.92546,20.48481],[105.92943,20.4836],[105.9295,20.48086],[105.93557,20.481],[105.93556,20.48926],[105.9323,20.49012],[105.93385,20.49523],[105.93659,20.49462],[105.93733,20.49679],[105.93872,20.49643],[105.93891,20.49729],[105.93762,20.49764],[105.93935,20.50279],[105.93926,20.50332],[105.94068,20.50476],[105.94364,20.50503],[105.94361,20.50463],[105.94399,20.50443],[105.94366,20.50126],[105.94579,20.50042],[105.94769,20.49883],[105.94665,20.49506],[105.94681,20.49427],[105.94864,20.49438],[105.94951,20.49413],[105.94984,20.49364],[105.95009,20.49132],[105.95149,20.48996],[105.95471,20.48954],[105.95857,20.48116],[105.95876,20.47993],[105.95794,20.47795],[105.96048,20.47794],[105.96054,20.47757],[105.95919,20.47737],[105.95757,20.47557],[105.95686,20.47524],[105.95663,20.4757],[105.95588,20.4756],[105.95682,20.47404],[105.95518,20.47351],[105.9565,20.4729],[105.95695,20.47211],[105.95668,20.4706],[105.95891,20.47055],[105.95942,20.46877],[105.95827,20.46709],[105.95798,20.46583],[105.95426,20.46542],[105.95193,20.46693],[105.9503,20.46387],[105.949,20.46306],[105.94873,20.46222],[105.94752,20.46064],[105.94783,20.45946],[105.94774,20.45755],[105.94859,20.45711],[105.94866,20.45634],[105.9493,20.45551],[105.94863,20.45479],[105.94808,20.45233],[105.94519,20.45098],[105.94329,20.45127],[105.94292,20.44908],[105.93742,20.44962],[105.93779,20.45136],[105.93297,20.45174],[105.93318,20.45306],[105.92916,20.456],[105.92721,20.45797],[105.92729,20.45896],[105.92056,20.45964],[105.92062,20.46064],[105.91863,20.4608],[105.91854,20.4615],[105.91778,20.46137],[105.91812,20.4638],[105.90984,20.46181],[105.90953,20.46328],[105.90692,20.46282],[105.90677,20.46355],[105.90721,20.46582],[105.90494,20.46586],[105.90476,20.46539],[105.9036,20.46536],[105.90335,20.46419],[105.90112,20.46453],[105.89059,20.47124],[105.8902,20.47],[105.88577,20.47045],[105.88558,20.46993],[105.883,20.46941],[105.87931,20.46727],[105.8681,20.46294],[105.86708,20.46219],[105.86612,20.46026],[105.8654,20.45758],[105.8662,20.45632],[105.86694,20.45579],[105.86714,20.45474],[105.85566,20.45143],[105.85236,20.45225],[105.85127,20.46323],[105.85167,20.4788],[105.85425,20.48083],[105.85411,20.48767],[105.85693,20.48942],[105.86128,20.49146],[105.86199,20.4915],[105.86247,20.49207],[105.86792,20.4931],[105.87208,20.4979],[105.87382,20.49843],[105.8783,20.49894],[105.87861,20.49882],[105.87889,20.49796],[105.87876,20.49478],[105.87938,20.49422],[105.87996,20.49428],[105.8804,20.4925],[105.88108,20.49258],[105.8817,20.49215],[105.88286,20.49277],[105.88606,20.48956],[105.88662,20.48989],[105.88606,20.49071],[105.8865,20.49096],[105.88725,20.49133],[105.88749,20.49052],[105.88873,20.4909],[105.89011,20.48758],[105.90808,20.48911],[105.90841,20.48455],[105.91257,20.48447],[105.91255,20.48684],[105.91416,20.4869]]]]}},
{"type":"Feature","id":"13483","properties":{"Ward_Code":"13483","Ward_Code_Num":13483,"Ward":"Thanh Bình","Ward_Alt":"Thanh Bình","Ward_Upper":"THANH BÌNH","Ward_Full":"Xã Thanh Bình","Ward_Full_Alt":"Xã Thanh Bình","Ward_Full_Upper_Alt":"XÃ THANH BÌNH","Ward_Type":"Xã","Province_Code":"37","Province":"Ninh Bình","Province_Upper_Alt":"NINH BÌNH"},"geometry":{"type":"MultiPolygon","coordinates":[[[[105.9736,20.49734],[105.97351,20.49391],[105.97659,20.49488],[105.97736,20.49017],[105.97972,20.4899],[105.97927,20.48829],[105.98087,20.48805],[105.98086,20.48402],[105.98434,20.48366],[105.98441,20.4806],[105.98548,20.48022],[105.98678,20.47835],[105.98717,20.47484],[105.98847,20.47342],[105.98442,20.47343],[105.98442,20.47177],[105.98383,20.46962],[105.98473,20.46956],[105.98485,20.46877],[105.98569,20.46868],[105.98558,20.46773],[105.98488,20.4678],[105.98468,20.46583],[105.98383,20.46359],[105.9844,20.46218],[105.98393,20.45914],[105.98509,20.45891],[105.98603,20.45456],[105.99116,20.45176],[105.99094,20.44934],[105.9904,20.44926],[105.99032,20.44837],[105.98974,20.4484],[105.98973,20.44797],[105.98826,20.44751],[105.9885,20.44592],[105.98835,20.44558],[105.98775,20.44559],[105.9877,20.445],[105.98645,20.44477],[105.98648,20.44448],[105.98371,20.44418],[105.98295,20.44076],[105.98176,20.44109],[105.98177,20.44066],[105.97962,20.44033],[105.97942,20.44145],[105.97785,20.4417],[105.97819,20.43926],[105.97689,20.43909],[105.97718,20.43368],[105.97603,20.43363],[105.97601,20.43155],[105.97405,20.42686],[105.97378,20.42324],[105.97144,20.42371],[105.97145,20.42317],[105.96978,20.42334],[105.9699,20.42389],[105.96861,20.42405],[105.96876,20.42553],[105.96565,20.4258],[105.96554,20.42489],[105.96382,20.42513],[105.96358,20.42337],[105.96319,20.42343],[105.96273,20.42204],[105.9609,20.42204],[105.9609,20.42116],[105.95958,20.42091],[105.95955,20.42019],[105.95861,20.41971],[105.95801,20.4176],[105.95737,20.41744],[105.95752,20.41703],[105.95724,20.41715],[105.9548,20.4156],[105.95481,20.41484],[105.95384,20.4221],[105.9534,20.42298],[105.95363,20.42457],[105.95232,20.42524],[105.95204,20.42666],[105.95123,20.42742],[105.95085,20.42859],[105.95115,20.4296],[105.94936,20.43039],[105.94859,20.43039],[105.94886,20.43188],[105.95001,20.43376],[105.95015,20.43461],[105.95146,20.43586],[105.95133,20.43731],[105.95101,20.43774],[105.9516,20.43876],[105.95098,20.43988],[105.95108,20.44157],[105.94882,20.44355],[105.9505,20.44651],[105.95041,20.44804],[105.94951,20.44922],[105.94831,20.4497],[105.94755,20.45207],[105.94808,20.45233],[105.94863,20.45479],[105.9493,20.45551],[105.94866,20.45634],[105.94859,20.45711],[105.94774,20.45755],[105.94783,20.45946],[105.94752,20.46064],[105.94873,20.46222],[105.949,20.46306],[105.9503,20.46387],[105.95193,20.46693],[105.95426,20.46542],[105.95798,20.46583],[105.95827,20.46709],[105.95942,20.46877],[105.95891,20.47055],[105.95668,20.4706],[105.95695,20.47211],[105.9565,20.4729],[105.95518,20.47351],[105.95682,20.47404],[105.95588,20.4756],[105.95663,20.4757],[105.95686,20.47524],[105.95757,20.47557],[105.95932,20.47746],[105.96054,20.47757],[105.96048,20.47794],[105.95794,20.47795],[105.95873,20.47979],[105.9587,20.48065],[105.95703,20.48417],[105.95908,20.4844],[105.95902,20.48522],[105.96027,20.48591],[105.96248,20.48625],[105.96429,20.4858],[105.9642,20.4866],[105.96554,20.48669],[105.9658,20.49234],[105.96609,20.49235],[105.96835,20.49731],[105.96903,20.4973],[105.96912,20.4988],[105.97362,20.49816],[105.9736,20.49734]]]]}},
{"type":"Feature","id":"13489","properties":{"Ward_Code":"13489","Ward_Code_Num":13489,"Ward":"Thanh Lâm","Ward_Alt":"Thanh Lâm","Ward_Upper":"THANH LÂM","Ward_Full":"Xã Thanh Lâm","Ward_Full_Alt":"Xã Thanh Lâm","Ward_Full_Upper_Alt":"XÃ THANH LÂM","Ward_Type":"Xã","Province_Code":"37","Province":"Ninh Bình","Province_Upper_Alt":"NINH BÌNH"},"geometry":{"type":"MultiPolygon","coordinates":[[[[105.90692,20.46282],[105.90732,20.46082],[105.90907,20.45583],[105.90991,20.44925],[105.90877,20.44853],[105.90878,20.44681],[105.90968,20.44689],[105.90992,20.44308],[105.91267,20.43266],[105.91374,20.42904],[105.91464,20.4298],[105.91512,20.42827],[105.91681,20.42851],[105.91772,20.41716],[105.91772,20.40981],[105.9188,20.41002],[105.91885,20.40719],[105.92081,20.40635],[105.92061,20.40544],[105.92239,20.40507],[105.92241,20.40562],[105.92402,20.40485],[105.92384,20.40335],[105.92631,20.40336],[105.92695,20.40163],[105.92736,20.39933],[105.92649,20.39909],[105.92518,20.3978],[105.92401,20.3962],[105.92376,20.39533],[105.92593,20.38144],[105.9274,20.37863],[105.93072,20.37584],[105.93325,20.37494],[105.93454,20.37508],[105.93584,20.37594],[105.93645,20.37588],[105.93669,20.37548],[105.93663,20.37416],[105.936,20.37313],[105.93505,20.37244],[105.93468,20.37156],[105.93476,20.368],[105.93167,20.3675],[105.92696,20.36409],[105.92451,20.3629],[105.92176,20.36297],[105.92031,20.36381],[105.91902,20.3665],[105.91676,20.37275],[105.91601,20.37218],[105.91457,20.3743],[105.91167,20.37602],[105.91099,20.37609],[105.90912,20.37536],[105.90945,20.37494],[105.9094,20.37266],[105.90731,20.3724],[105.90657,20.37314],[105.90541,20.3729],[105.90452,20.37344],[105.90387,20.3722],[105.90319,20.3719],[105.90236,20.37243],[105.90234,20.37324],[105.90142,20.37316],[105.90097,20.37366],[105.89907,20.37432],[105.89844,20.37552],[105.89788,20.37772],[105.89796,20.37859],[105.8962,20.37945],[105.89624,20.38069],[105.89568,20.3805],[105.89352,20.38157],[105.8923,20.38307],[105.8933,20.38635],[105.89246,20.38703],[105.89221,20.38794],[105.89076,20.38854],[105.88918,20.38834],[105.88864,20.38889],[105.88792,20.38874],[105.88727,20.38909],[105.88696,20.3899],[105.88718,20.39066],[105.88627,20.39202],[105.88444,20.39341],[105.88207,20.39623],[105.88127,20.39641],[105.87945,20.39819],[105.87845,20.40041],[105.87791,20.40096],[105.87771,20.40229],[105.87521,20.40503],[105.87515,20.40625],[105.87472,20.40702],[105.87294,20.40799],[105.87183,20.40812],[105.87022,20.40936],[105.86875,20.40951],[105.86819,20.41034],[105.8681,20.41206],[105.86696,20.41354],[105.86572,20.41448],[105.86567,20.4164],[105.86525,20.4175],[105.86294,20.41849],[105.86038,20.42235],[105.85993,20.42414],[105.85931,20.425],[105.85808,20.4262],[105.85642,20.42657],[105.85498,20.43037],[105.85365,20.43232],[105.85455,20.43344],[105.85395,20.43603],[105.85417,20.43812],[105.85361,20.44036],[105.8537,20.44185],[105.85305,20.4437],[105.8531,20.44523],[105.85262,20.44564],[105.85232,20.44756],[105.85286,20.44964],[105.85226,20.45109],[105.85236,20.45225],[105.85566,20.45143],[105.86714,20.45474],[105.86694,20.45579],[105.8662,20.45632],[105.8654,20.45758],[105.86612,20.46026],[105.86708,20.46219],[105.8681,20.46294],[105.87931,20.46727],[105.883,20.46941],[105.88558,20.46993],[105.88577,20.47045],[105.8902,20.47],[105.89059,20.47124],[105.90112,20.46453],[105.90335,20.46419],[105.9036,20.46536],[105.90476,20.46539],[105.90494,20.46586],[105.90721,20.46582],[105.90677,20.46355],[105.90692,20.46282]]]]}},
{"type":"Feature","id":"13495","properties":{"Ward_Code":"13495","Ward_Code_Num":13495,"Ward":"Thanh Liêm","Ward_Alt":"Thanh Liêm","Ward_Upper":"THANH LIÊM","Ward_Full":"Xã Thanh Liêm","Ward_Full_Alt":"Xã Thanh Liêm","Ward_Full_Upper_Alt":"XÃ THANH LIÊM","Ward_Type":"Xã","Province_Code":"37","Province":"Ninh Bình","Province_Upper_Alt":"NINH BÌNH"},"geometry":{"type":"MultiPolygon","coordinates":[[[[105.91786,20.46195],[105.91778,20.46137],[105.91854,20.4615],[105.91863,20.4608],[105.92062,20.46064],[105.92056,20.45964],[105.92729,20.45896],[105.92721,20.45797],[105.92916,20.456],[105.93318,20.45306],[105.93297,20.45174],[105.93779,20.45136],[105.93742,20.44962],[105.94292,20.44908],[105.94329,20.45127],[105.94519,20.45098],[105.94755,20.45207],[105.94831,20.4497],[105.94951,20.44922],[105.95041,20.44804],[105.9505,20.44651],[105.94882,20.44355],[105.95108,20.44157],[105.95098,20.43988],[105.9516,20.43876],[105.95101,20.43774],[105.95133,20.43731],[105.95146,20.43586],[105.95015,20.43461],[105.95001,20.43376],[105.94886,20.43188],[105.94859,20.43039],[105.94936,20.43039],[105.95115,20.4296],[105.95085,20.42859],[105.95123,20.42742],[105.95194,20.42686],[105.95232,20.42524],[105.95363,20.42457],[105.9534,20.42298],[105.95384,20.4221],[105.95481,20.41484],[105.94828,20.41344],[105.94834,20.41047],[105.94928,20.40894],[105.95024,20.40363],[105.94639,20.40166],[105.94214,20.39841],[105.94193,20.39982],[105.94135,20.40041],[105.93876,20.39889],[105.93182,20.39762],[105.92736,20.39933],[105.92631,20.40336],[105.92384,20.40335],[105.92402,20.40485],[105.92241,20.40562],[105.92239,20.40507],[105.92061,20.40544],[105.92081,20.40635],[105.91885,20.40719],[105.9188,20.41002],[105.91772,20.40981],[105.91772,20.41716],[105.91681,20.42851],[105.91512,20.42827],[105.91464,20.4298],[105.91374,20.42904],[105.91267,20.43266],[105.90992,20.44308],[105.90968,20.44689],[105.90878,20.44681],[105.90877,20.44853],[105.90991,20.44925],[105.90907,20.45583],[105.90732,20.46082],[105.90692,20.46282],[105.90953,20.46328],[105.90984,20.46181],[105.91812,20.4638],[105.91786,20.46195]]]]}},
{"type":"Feature","id":"13501","properties":{"Ward_Code":"13501","Ward_Code_Num":13501,"Ward":"Bình Mỹ","Ward_Alt":"Bình Mỹ","Ward_Upper":"BÌNH MỸ","Ward_Full":"Xã Bình Mỹ","Ward_Full_Alt":"Xã Bình Mỹ","Ward_Full_Upper_Alt":"XÃ BÌNH MỸ","Ward_Type":"Xã","Province_Code":"37","Province":"Ninh Bình","Province_Upper_Alt":"NINH BÌNH"},"geometry":{"type":"MultiPolygon","coordinates":[[[[106.01395,20.52379],[106.01468,20.52223],[106.01635,20.52164],[106.01727,20.52],[106.01772,20.51743],[106.01879,20.51653],[106.01955,20.51473],[106.02273,20.51545],[106.0241,20.5139],[106.02434,20.51395],[106.02438,20.51219],[106.03391,20.51282],[106.03382,20.50339],[106.03713,20.50329],[106.03728,20.5014],[106.03544,20.50116],[106.03556,20.49994],[106.03442,20.49957],[106.03412,20.49755],[106.03384,20.49757],[106.0336,20.49429],[106.03138,20.49107],[106.03048,20.48835],[106.03072,20.48698],[106.03318,20.48312],[106.03326,20.48204],[106.03157,20.48014],[106.03102,20.48054],[106.03062,20.47997],[106.0298,20.47999],[106.03019,20.48229],[106.02926,20.48298],[106.02141,20.48575],[106.02081,20.48393],[106.01908,20.48421],[106.01868,20.48232],[106.016,20.48267],[106.01606,20.4822],[106.01565,20.48208],[106.01575,20.48163],[106.01312,20.48199],[106.01318,20.47935],[106.01155,20.47954],[106.01016,20.47717],[106.00908,20.47329],[106.00978,20.47329],[106.00974,20.46622],[106.01312,20.46602],[106.01544,20.45885],[106.0163,20.45793],[106.01742,20.45382],[106.01729,20.45329],[106.01524,20.4517],[106.01289,20.45111],[106.01094,20.44715],[106.0092,20.44729],[106.00972,20.44822],[106.00852,20.44843],[106.00902,20.45064],[106.00507,20.45075],[106.00524,20.44913],[106.00474,20.44903],[105.99705,20.44919],[105.99702,20.44797],[105.99484,20.4481],[105.99488,20.45027],[105.99102,20.44992],[105.99116,20.45176],[105.98603,20.45456],[105.98509,20.45891],[105.98393,20.45914],[105.9844,20.46218],[105.98383,20.46359],[105.98468,20.46583],[105.98488,20.4678],[105.98558,20.46773],[105.98569,20.46868],[105.98485,20.46877],[105.98473,20.46956],[105.98383,20.46962],[105.98442,20.47177],[105.98442,20.47343],[105.98847,20.47342],[105.98717,20.47484],[105.98678,20.47835],[105.98624,20.47945],[105.98548,20.48022],[105.98441,20.4806],[105.98434,20.48366],[105.98086,20.48402],[105.9808,20.49173],[105.98178,20.49168],[105.98296,20.49064],[105.98293,20.49226],[105.98432,20.49229],[105.98432,20.49495],[105.9852,20.4948],[105.98507,20.49543],[105.98575,20.49599],[105.98586,20.49659],[105.98435,20.49705],[105.98581,20.50171],[105.98852,20.51279],[105.98934,20.51801],[105.99016,20.51702],[105.99106,20.51802],[105.99243,20.51728],[105.995,20.51807],[105.99487,20.51835],[105.99777,20.51953],[105.99812,20.52254],[106.00172,20.5226],[106.00217,20.52327],[106.0066,20.52372],[106.00673,20.5231],[106.01093,20.52379],[106.01395,20.52379]]]]}},
{"type":"Feature","id":"13504","properties":{"Ward_Code":"13504","Ward_Code_Num":13504,"Ward":"Bình Lục","Ward_Alt":"Bình Lục","Ward_Upper":"BÌNH LỤC","Ward_Full":"Xã Bình Lục","Ward_Full_Alt":"Xã Bình Lục","Ward_Full_Upper_Alt":"XÃ BÌNH LỤC","Ward_Type":"Xã","Province_Code":"37","Province":"Ninh Bình","Province_Upper_Alt":"NINH BÌNH"},"geometry":{"type":"MultiPolygon","coordinates":[[[[105.9825,20.55045],[105.98339,20.55072],[105.98318,20.55196],[105.98497,20.55254],[105.98565,20.5521],[105.98893,20.55306],[105.99124,20.55499],[105.99221,20.55493],[105.9937,20.55427],[105.99498,20.5604],[105.99505,20.56385],[105.99849,20.5631],[106.0002,20.56219],[106.00259,20.5594],[106.00333,20.559449999999998],[106.0041,20.56],[106.00556,20.56304],[106.00599,20.56465],[106.00469,20.56723],[106.00316,20.56906],[106.00238,20.57197],[106.00321,20.57316],[106.00279,20.57625],[106.00309,20.57933],[106.00364,20.58102],[106.00449,20.58205],[106.01315,20.58241],[106.0162,20.58223],[106.02245,20.58075],[106.02442,20.57941],[106.02767,20.5779],[106.02886,20.5761],[106.02914,20.57432],[106.02723,20.56305],[106.02687,20.55806],[106.02709,20.55055],[106.02799,20.54428],[106.02984,20.53858],[106.03255,20.53381],[106.0351,20.53171],[106.03502,20.53019],[106.0343,20.52788],[106.03403,20.52431],[106.03391,20.51282],[106.02438,20.51219],[106.02434,20.51395],[106.0241,20.5139],[106.02273,20.51545],[106.01955,20.51473],[106.01879,20.51653],[106.01772,20.51743],[106.01727,20.52],[106.01635,20.52164],[106.01468,20.52223],[106.01395,20.52379],[106.01093,20.52379],[106.00673,20.5231],[106.0066,20.52372],[106.00623,20.52369],[106.00217,20.52327],[106.00172,20.5226],[105.99932,20.52257],[105.99907,20.52309],[105.99884,20.523],[105.99874,20.52365],[105.99893,20.52565],[105.99824,20.52546],[105.99892,20.53097],[105.99722,20.53053],[105.99708,20.53181],[105.99742,20.53562],[105.99933,20.53569],[105.9991,20.53902],[105.99774,20.53893],[105.99499,20.53806],[105.99481,20.53867],[105.9935,20.53824],[105.98981,20.53977],[105.98994,20.53997],[105.98795,20.54165],[105.98888,20.54354],[105.98571,20.54727],[105.9825,20.55045]]]]}},
{"type":"Feature","id":"13531","properties":{"Ward_Code":"13531","Ward_Code_Num":13531,"Ward":"Bình Giang","Ward_Alt":"Bình Giang","Ward_Upper":"BÌNH GIANG","Ward_Full":"Xã Bình Giang","Ward_Full_Alt":"Xã Bình Giang","Ward_Full_Upper_Alt":"XÃ BÌNH GIANG","Ward_Type":"Xã","Province_Code":"37","Province":"Ninh Bình","Province_Upper_Alt":"NINH BÌNH"},"geometry":{"type":"MultiPolygon","coordinates":[[[[106.14181,20.51039],[106.14163,20.50428],[106.1404,20.49463],[106.13484,20.49516],[106.13295,20.49649],[106.1306,20.49892],[106.12902,20.49967],[106.12663,20.49715],[106.12497,20.49665],[106.12277,20.49628],[106.11608,20.49677],[106.11486,20.4966],[106.11384,20.4958],[106.11302,20.49268],[106.11044,20.49061],[106.1078,20.48956],[106.10207,20.48925],[106.1008,20.48852],[106.0999,20.48722],[106.09972,20.48635],[106.10078,20.48575],[106.10098,20.4859],[106.10178,20.48481],[106.10269,20.48182],[106.09969,20.48088],[106.1001,20.47935],[106.09813,20.4786],[106.10395,20.47146],[106.105,20.46923],[106.1054,20.46632],[106.10496,20.46414],[106.10234,20.45916],[106.1012,20.45615],[106.10042,20.45509],[106.09933,20.45503],[106.09218,20.45639],[106.09123,20.4569],[106.08902,20.45906],[106.08646,20.46424],[106.08484,20.46563],[106.08411,20.46502],[106.0835,20.46328],[106.08284,20.46247],[106.08066,20.46139],[106.07894,20.46142],[106.07776,20.46206],[106.07701,20.46293],[106.07621,20.46466],[106.07562,20.46763],[106.07493,20.4682],[106.07462,20.47369],[106.07671,20.47363],[106.07672,20.47306],[106.07714,20.47293],[106.07875,20.47303],[106.08046,20.47487],[106.0802,20.47527],[106.08161,20.47603],[106.08398,20.47963],[106.08601,20.47977],[106.08605,20.4802],[106.08642999999999,20.48019],[106.08688,20.48104],[106.08646,20.4813],[106.08721,20.48175],[106.08685,20.48796],[106.08092,20.48699],[106.07994,20.48898],[106.07868,20.48885],[106.07746,20.49054],[106.07629,20.49071],[106.07615,20.49144],[106.07707,20.49153],[106.07748,20.49405],[106.07833,20.49594],[106.07703,20.49593],[106.07724,20.49902],[106.07585,20.50101],[106.07504,20.50187],[106.07368,20.50167],[106.07345,20.50675],[106.07124,20.50654],[106.07047,20.50682],[106.06699,20.50674],[106.06672,20.50962],[106.07713,20.51022],[106.07786,20.50969],[106.08046,20.51234],[106.08084,20.51319],[106.0831,20.51495],[106.08386,20.51332],[106.09143,20.51491],[106.09548,20.51691],[106.09655,20.51699],[106.09668,20.51366],[106.09723,20.5119],[106.09963,20.50999],[106.10135,20.50946],[106.1078,20.50872],[106.11464,20.50884],[106.11722,20.50974],[106.12029,20.51164],[106.12742,20.51696],[106.13369,20.52253],[106.13577,20.5235],[106.13823,20.52294],[106.14005,20.52083],[106.14171,20.51583],[106.14181,20.51039]]]]}},
{"type":"Feature","id":"13540","properties":{"Ward_Code":"13540","Ward_Code_Num":13540,"Ward":"Bình An","Ward_Alt":"Bình An","Ward_Upper":"BÌNH AN","Ward_Full":"Xã Bình An","Ward_Full_Alt":"Xã Bình An","Ward_Full_Upper_Alt":"XÃ BÌNH AN","Ward_Type":"Xã","Province_Code":"37","Province":"Ninh Bình","Province_Upper_Alt":"NINH BÌNH"},"geometry":{"type":"MultiPolygon","coordinates":[[[[106.09738,20.52444],[106.09655,20.51699],[106.09548,20.51691],[106.09143,20.51491],[106.08386,20.51332],[106.0831,20.51495],[106.08084,20.51319],[106.08046,20.51234],[106.07786,20.50969],[106.07713,20.51022],[106.06672,20.50962],[106.06699,20.50674],[106.07047,20.50682],[106.07124,20.50654],[106.07345,20.50675],[106.07368,20.50167],[106.07504,20.50187],[106.07585,20.50101],[106.07724,20.49902],[106.07703,20.49593],[106.07833,20.49594],[106.07748,20.49405],[106.07707,20.49153],[106.07615,20.49144],[106.07629,20.49071],[106.07746,20.49054],[106.07868,20.48885],[106.07994,20.48898],[106.08092,20.48699],[106.08685,20.48796],[106.08721,20.48175],[106.08646,20.4813],[106.08688,20.48104],[106.08642999999999,20.48019],[106.08605,20.4802],[106.08601,20.47977],[106.08398,20.47963],[106.08161,20.47603],[106.0802,20.47527],[106.08046,20.47487],[106.07875,20.47303],[106.07714,20.47293],[106.07672,20.47306],[106.07671,20.47363],[106.07462,20.47369],[106.07493,20.4682],[106.07348,20.46841],[106.07188,20.46817],[106.0658,20.46507],[106.06486,20.46534],[106.06365,20.46636],[106.0596,20.47159],[106.05648,20.47313],[106.05198,20.47309],[106.04854,20.47268],[106.04745,20.47251],[106.04536,20.4715],[106.04399,20.4705],[106.04335,20.46931],[106.0434,20.46463],[106.0415,20.45805],[106.04157,20.45532],[106.0425,20.45024],[106.03776,20.44646],[106.02984,20.44638],[106.03005,20.4474],[106.02975,20.45083],[106.03101,20.45559],[106.03214,20.46697],[106.03327,20.4721],[106.03119,20.47929],[106.03134,20.4799],[106.03307,20.48168],[106.0333,20.48283],[106.03072,20.48698],[106.03048,20.48835],[106.03138,20.49107],[106.0336,20.49429],[106.03384,20.49757],[106.03412,20.49755],[106.03442,20.49957],[106.03556,20.49994],[106.03544,20.50116],[106.03728,20.5014],[106.03713,20.50329],[106.03382,20.50339],[106.03403,20.52431],[106.0343,20.52788],[106.03473,20.52895],[106.03578,20.52953],[106.04245,20.53138],[106.04267,20.53162],[106.04227,20.53255],[106.04774,20.53291],[106.0554,20.53115],[106.05892,20.53003],[106.06228,20.52854],[106.06882,20.52489],[106.07122,20.52449],[106.07317,20.52514],[106.07527,20.52644],[106.08459,20.53358],[106.086,20.53426],[106.08778,20.53435],[106.09173,20.53347],[106.09588,20.53073],[106.0972,20.52778],[106.09738,20.52444]]]]}},
{"type":"Feature","id":"13558","properties":{"Ward_Code":"13558","Ward_Code_Num":13558,"Ward":"Bình Sơn","Ward_Alt":"Bình Sơn","Ward_Upper":"BÌNH SƠN","Ward_Full":"Xã Bình Sơn","Ward_Full_Alt":"Xã Bình Sơn","Ward_Full_Upper_Alt":"XÃ BÌNH SƠN","Ward_Type":"Xã","Province_Code":"37","Province":"Ninh Bình","Province_Upper_Alt":"NINH BÌNH"},"geometry":{"type":"MultiPolygon","coordinates":[[[[106.02685,20.48397],[106.02892,20.48316],[106.03019,20.48229],[106.0298,20.47999],[106.03062,20.47997],[106.03102,20.48054],[106.03157,20.48014],[106.0312,20.47946],[106.0313,20.4785],[106.03327,20.4721],[106.03214,20.46697],[106.03101,20.45559],[106.02971,20.45053],[106.03005,20.4474],[106.02984,20.44638],[106.02883,20.44501],[106.02971,20.44345],[106.03036,20.44095],[106.02908,20.43746],[106.02508,20.43304],[106.02356,20.42748],[106.02413,20.42479],[106.02384,20.42334],[106.02036,20.4177],[106.01995,20.41486],[106.02027,20.41285],[106.02081,20.41161],[106.02175,20.41099],[106.0236,20.41062],[106.02423,20.40993],[106.02465,20.40547],[106.02786,20.40305],[106.02834,20.40189],[106.02697,20.40182],[106.02107,20.40265],[106.01865,20.40185],[106.01478,20.39968],[106.01374,20.39946],[106.00971,20.40067],[106.00546,20.40242],[106.00468,20.40245],[106.00348,20.40166],[106.00289,20.40072],[106.00187,20.40075],[106.00163,20.40065],[106.00177,20.40038],[106.00047,20.3998],[106.00183,20.39634],[105.99559,20.39541],[105.99537,20.3968],[105.99691,20.39792],[105.99675,20.39831],[105.99609,20.3985],[105.99632,20.39944],[105.99538,20.39961],[105.99544,20.40065],[105.99352,20.40084],[105.99348,20.40027],[105.99274,20.40034],[105.99257,20.40147],[105.99233,20.40139],[105.99148,20.40264],[105.9912,20.40373],[105.9893,20.40398],[105.98948,20.41056],[105.99109,20.41073],[105.99091,20.41275],[105.99038,20.41351],[105.99002,20.41714],[105.99034,20.41719],[105.99041,20.41827],[105.99099,20.41846],[105.99261,20.42406],[105.99287,20.42401],[105.99299,20.42575],[105.99459,20.42553],[105.9949,20.4275],[105.99474,20.42824],[105.99405,20.42831],[105.99407,20.42942],[105.98752,20.429],[105.9875,20.42957],[105.98633,20.42947],[105.98623,20.43177],[105.98219,20.4313],[105.98176,20.44109],[105.98295,20.44076],[105.98371,20.44418],[105.98648,20.44448],[105.98645,20.44477],[105.9877,20.445],[105.98775,20.44559],[105.98835,20.44558],[105.98851,20.44654],[105.98826,20.44751],[105.98973,20.44797],[105.98974,20.4484],[105.99032,20.44837],[105.9904,20.44926],[105.99094,20.44934],[105.99102,20.44992],[105.99488,20.45027],[105.99484,20.4481],[105.99702,20.44797],[105.99705,20.44919],[106.00188,20.44927],[106.00409,20.44894],[106.00524,20.44913],[106.00507,20.45075],[106.00902,20.45064],[106.00852,20.44843],[106.00972,20.44822],[106.0092,20.44729],[106.01094,20.44715],[106.01282,20.45104],[106.01585,20.45204],[106.0172,20.45314],[106.01742,20.45382],[106.0163,20.45793],[106.01544,20.45885],[106.01312,20.46602],[106.00975,20.46616],[106.00978,20.47329],[106.00908,20.47329],[106.01016,20.47717],[106.01155,20.47954],[106.01318,20.47935],[106.01312,20.48199],[106.01575,20.48163],[106.01565,20.48208],[106.01606,20.4822],[106.016,20.48267],[106.01868,20.48232],[106.01908,20.48421],[106.02081,20.48393],[106.02141,20.48575],[106.02685,20.48397]]]]}},
{"type":"Feature","id":"13573","properties":{"Ward_Code":"13573","Ward_Code_Num":13573,"Ward":"Lý Nhân","Ward_Alt":"Lý Nhân","Ward_Upper":"LÝ NHÂN","Ward_Full":"Xã Lý Nhân","Ward_Full_Alt":"Xã Lý Nhân","Ward_Full_Upper_Alt":"XÃ LÝ NHÂN","Ward_Type":"Xã","Province_Code":"37","Province":"Ninh Bình","Province_Upper_Alt":"NINH BÌNH"},"geometry":{"type":"MultiPolygon","coordinates":[[[[106.0343,20.61383],[106.03526,20.61379],[106.03748,20.61264],[106.03752,20.61094],[106.03435,20.60812],[106.03309,20.60901],[106.03124,20.60679],[106.03146,20.60662],[106.03065,20.60548],[106.02955,20.60619],[106.02845,20.60479],[106.02823,20.60544],[106.02752,20.60527],[106.02318,20.602],[106.01879,20.58827],[106.0181,20.5873],[106.01315,20.58241],[106.00514,20.58214],[106.00399,20.58162],[106.00324,20.58004],[106.00285,20.57778],[106.00318,20.57289],[106.00238,20.57197],[105.99937,20.57327],[105.99477,20.57461],[105.99179,20.57613],[105.9883,20.57919],[105.98485,20.58357],[105.98373,20.58549],[105.98221,20.58987],[105.98087,20.59662],[105.98071,20.59935],[105.9811,20.60128],[105.98382,20.60718],[105.98863,20.6136],[105.99097,20.61828],[105.99204,20.62127],[105.99406,20.62401],[105.99466,20.62544],[105.99626,20.62668],[105.99787,20.62719],[105.99874,20.62698],[106.00008,20.62605],[106.00239,20.61951],[106.00507,20.61666],[106.00808,20.61509],[106.01251,20.61431],[106.01589,20.61457],[106.01886,20.61524],[106.02514,20.61781],[106.02674,20.61808],[106.03046,20.61798],[106.03294,20.61841],[106.033,20.61727],[106.03215,20.61595],[106.03238,20.61489],[106.03267,20.6142],[106.0343,20.61383]]]]}},
{"type":"Feature","id":"13579","properties":{"Ward_Code":"13579","Ward_Code_Num":13579,"Ward":"Bắc Lý","Ward_Alt":"Bắc Lý","Ward_Upper":"BẮC LÝ","Ward_Full":"Xã Bắc Lý","Ward_Full_Alt":"Xã Bắc Lý","Ward_Full_Upper_Alt":"XÃ BẮC LÝ","Ward_Type":"Xã","Province_Code":"37","Province":"Ninh Bình","Province_Upper_Alt":"NINH BÌNH"},"geometry":{"type":"MultiPolygon","coordinates":[[[[106.11081,20.61625],[106.1151,20.6152],[106.11949,20.61343],[106.12489,20.60402],[106.1263,20.60242],[106.12978,20.59493],[106.12973,20.5848],[106.12687,20.58441],[106.12126,20.58425],[106.11964,20.58214],[106.11865,20.58204],[106.11749,20.58014],[106.11046,20.58432],[106.10728,20.58385],[106.10691,20.58606],[106.10507,20.58565],[106.10117,20.58583],[106.10121,20.58136],[106.09963,20.58129],[106.09915,20.57822],[106.0989,20.57497],[106.09966,20.57433],[106.09933,20.5709],[106.10284,20.57097],[106.10311,20.56791],[106.10257,20.56769],[106.1024,20.568],[106.10196,20.56778],[106.10181,20.56728],[106.09631,20.56716],[106.09631,20.56595],[106.08966,20.5661],[106.08882,20.55754],[106.08966,20.55733],[106.09017,20.55635],[106.08673,20.55538],[106.08542,20.55163],[106.08487,20.55189],[106.08426,20.55061],[106.08238,20.55192],[106.08172,20.55045],[106.07995,20.55192],[106.07924,20.55031],[106.07514,20.55375],[106.07426,20.5508],[106.07184,20.55258],[106.07103,20.55203],[106.06986,20.559449999999998],[106.07094,20.55944],[106.07119,20.56058],[106.07045,20.560669999999998],[106.07023,20.56397],[106.07074,20.56409],[106.07002,20.56697],[106.07142,20.56729],[106.07105,20.56915],[106.07378,20.56978],[106.07392,20.56934],[106.07624,20.57093],[106.07557,20.57282],[106.06782,20.5806],[106.06075,20.59067],[106.05991,20.59232],[106.06022,20.5964],[106.05775,20.59629],[106.05725,20.59967],[106.05859,20.60048],[106.0586,20.60091],[106.06068,20.60109],[106.06163,20.60631],[106.06523,20.60469],[106.06828,20.60386],[106.07242,20.60318],[106.07688,20.60313],[106.08148,20.60474],[106.08403,20.60642],[106.08832,20.61097],[106.09212,20.61372],[106.09629,20.61563],[106.10113,20.61707],[106.10518,20.61712],[106.11081,20.61625]]]]}},
{"type":"Feature","id":"13591","properties":{"Ward_Code":"13591","Ward_Code_Num":13591,"Ward":"Nam Xang","Ward_Alt":"Nam Xang","Ward_Upper":"NAM XANG","Ward_Full":"Xã Nam Xang","Ward_Full_Alt":"Xã Nam Xang","Ward_Full_Upper_Alt":"XÃ NAM XANG","Ward_Type":"Xã","Province_Code":"37","Province":"Ninh Bình","Province_Upper_Alt":"NINH BÌNH"},"geometry":{"type":"MultiPolygon","coordinates":[[[[106.0343,20.61383],[106.03267,20.6142],[106.03238,20.61489],[106.03215,20.61595],[106.033,20.61727],[106.03294,20.61841],[106.03542,20.61884],[106.04153,20.61882],[106.04353,20.62003],[106.04368,20.62233],[106.05421,20.6116],[106.06163,20.60631],[106.06068,20.60109],[106.0586,20.60091],[106.05859,20.60048],[106.05725,20.59967],[106.05775,20.59629],[106.06022,20.5964],[106.05989,20.59279],[106.0602,20.59152],[106.06782,20.5806],[106.07557,20.57282],[106.07624,20.57093],[106.07392,20.56934],[106.07378,20.56978],[106.07105,20.56915],[106.07142,20.56729],[106.07002,20.56697],[106.07074,20.56409],[106.07023,20.56397],[106.07045,20.560669999999998],[106.07119,20.56058],[106.07094,20.55944],[106.06986,20.559449999999998],[106.07033,20.55643],[106.06667,20.55652],[106.06696,20.55499],[106.06624,20.55491],[106.066,20.55595],[106.06288,20.55848],[106.06332,20.55899],[106.05994,20.56016],[106.05998,20.55974],[106.05848,20.55964],[106.05844,20.560669999999998],[106.05157,20.56068],[106.05242,20.56322],[106.05087,20.56267],[106.04874,20.56872],[106.0493,20.56887],[106.0487,20.57064],[106.0481,20.57074],[106.04701,20.57331],[106.04636,20.57288],[106.04609,20.57319],[106.04558,20.57288],[106.04508,20.57335],[106.04254,20.57169],[106.03849,20.57206],[106.03833,20.5709],[106.03736,20.57045],[106.03204,20.56983],[106.03021,20.56855],[106.0302,20.57064],[106.02986,20.57168],[106.02976,20.5719],[106.02882,20.57171],[106.02914,20.57432],[106.02899,20.57566],[106.02767,20.5779],[106.02442,20.57941],[106.02245,20.58075],[106.0162,20.58223],[106.01315,20.58241],[106.0187,20.58803],[106.02318,20.602],[106.02752,20.60527],[106.02823,20.60544],[106.02845,20.60479],[106.02955,20.60619],[106.03065,20.60548],[106.03146,20.60662],[106.03124,20.60679],[106.03309,20.60901],[106.03435,20.60812],[106.03752,20.61094],[106.03748,20.61264],[106.03526,20.61379],[106.0343,20.61383]]]]}},
{"type":"Feature","id":"13594","properties":{"Ward_Code":"13594","Ward_Code_Num":13594,"Ward":"Trần Thương","Ward_Alt":"Trần Thương","Ward_Upper":"TRẦN THƯƠNG","Ward_Full":"Xã Trần Thương","Ward_Full_Alt":"Xã Trần Thương","Ward_Full_Upper_Alt":"XÃ TRẦN THƯƠNG","Ward_Type":"Xã","Province_Code":"37","Province":"Ninh Bình","Province_Upper_Alt":"NINH BÌNH"},"geometry":{"type":"MultiPolygon","coordinates":[[[[106.12973,20.5848],[106.12974,20.58306],[106.13065,20.57896],[106.13273,20.57451],[106.13399,20.57303],[106.13625,20.57141],[106.14075,20.56977],[106.13952,20.56758],[106.13193,20.56712],[106.13175,20.56615],[106.12906,20.56695],[106.12902,20.56602],[106.12961,20.5658],[106.12881,20.5638],[106.1284,20.55481],[106.12034,20.55504],[106.1203,20.55558],[106.11866,20.55629],[106.11909,20.55747],[106.11816,20.55775],[106.11246,20.55761],[106.11268,20.55575],[106.10937,20.55673],[106.10905,20.55432],[106.11018,20.55426],[106.11007,20.55232],[106.11147,20.55226],[106.11143,20.55163],[106.11206,20.5516],[106.11334,20.54562],[106.11566,20.54614],[106.11963,20.53663],[106.12052,20.53827],[106.12083,20.53813],[106.11973,20.53525],[106.11738,20.53316],[106.11437,20.53207],[106.11251,20.53218],[106.111,20.53275],[106.11076,20.5307],[106.10693,20.5306],[106.10698,20.52197],[106.10567,20.52108],[106.10813,20.51805],[106.10892,20.51842],[106.11213,20.51502],[106.11301,20.51564],[106.11543,20.51269],[106.11591,20.51281],[106.1173,20.50978],[106.11464,20.50884],[106.11089,20.5086],[106.10292,20.50922],[106.09963,20.50999],[106.09723,20.5119],[106.09668,20.51366],[106.09651,20.51673],[106.09728,20.52197],[106.09731,20.52659],[106.09695,20.52872],[106.09638,20.53001],[106.09508,20.5314],[106.09173,20.53347],[106.08778,20.53435],[106.086,20.53426],[106.08459,20.53358],[106.08029,20.53046],[106.07541,20.52655],[106.07239,20.53343],[106.0712,20.53668],[106.07111,20.53809],[106.07144,20.5419],[106.072,20.54264],[106.07514,20.55375],[106.07924,20.55031],[106.07995,20.55192],[106.08172,20.55045],[106.08238,20.55192],[106.08426,20.55061],[106.08487,20.55189],[106.08542,20.55163],[106.08673,20.55538],[106.09017,20.55635],[106.08966,20.55733],[106.08882,20.55754],[106.08966,20.5661],[106.09631,20.56595],[106.09631,20.56716],[106.10181,20.56728],[106.10196,20.56778],[106.1024,20.568],[106.10257,20.56769],[106.10311,20.56791],[106.10284,20.57097],[106.09933,20.5709],[106.09966,20.57433],[106.0989,20.57497],[106.09915,20.57822],[106.09963,20.58129],[106.10121,20.58136],[106.10117,20.58583],[106.10507,20.58565],[106.10691,20.58606],[106.10728,20.58385],[106.11046,20.58432],[106.11749,20.58014],[106.11865,20.58204],[106.11964,20.58214],[106.12126,20.58425],[106.12687,20.58441],[106.12973,20.5848]]]]}},
{"type":"Feature","id":"13597","properties":{"Ward_Code":"13597","Ward_Code_Num":13597,"Ward":"Vĩnh Trụ","Ward_Alt":"Vĩnh Trụ","Ward_Upper":"VĨNH TRỤ","Ward_Full":"Xã Vĩnh Trụ","Ward_Full_Alt":"Xã Vĩnh Trụ","Ward_Full_Upper_Alt":"XÃ VĨNH TRỤ","Ward_Type":"Xã","Province_Code":"37","Province":"Ninh Bình","Province_Upper_Alt":"NINH BÌNH"},"geometry":{"type":"MultiPolygon","coordinates":[[[[106.04549,20.57298],[106.04609,20.57319],[106.04636,20.57288],[106.04701,20.57331],[106.0481,20.57074],[106.0487,20.57064],[106.0493,20.56887],[106.04874,20.56872],[106.05087,20.56267],[106.05242,20.56322],[106.05157,20.56068],[106.05844,20.560669999999998],[106.05848,20.55964],[106.05998,20.55974],[106.05994,20.56016],[106.06332,20.55899],[106.06288,20.55848],[106.066,20.55595],[106.06624,20.55491],[106.06696,20.55499],[106.06667,20.55652],[106.07033,20.55643],[106.07103,20.55203],[106.07184,20.55258],[106.07426,20.5508],[106.072,20.54264],[106.07144,20.5419],[106.07116,20.54015],[106.0712,20.53668],[106.07541,20.52655],[106.07317,20.52514],[106.07186,20.52461],[106.06988,20.52452],[106.05892,20.53003],[106.0554,20.53115],[106.04774,20.53291],[106.04227,20.53255],[106.04267,20.53162],[106.04245,20.53138],[106.03578,20.52953],[106.03473,20.52895],[106.0351,20.53171],[106.03255,20.53381],[106.03107,20.53606],[106.02897,20.54089],[106.02761,20.54615],[106.02709,20.55055],[106.02687,20.55806],[106.02723,20.56305],[106.02882,20.57171],[106.02976,20.5719],[106.0302,20.57064],[106.03027,20.56855],[106.03204,20.56983],[106.03736,20.57045],[106.03833,20.5709],[106.03849,20.57206],[106.04254,20.57169],[106.04508,20.57335],[106.04549,20.57298]]]]}},
{"type":"Feature","id":"13609","properties":{"Ward_Code":"13609","Ward_Code_Num":13609,"Ward":"Nhân Hà","Ward_Alt":"Nhân Hà","Ward_Upper":"NHÂN HÀ","Ward_Full":"Xã Nhân Hà","Ward_Full_Alt":"Xã Nhân Hà","Ward_Full_Upper_Alt":"XÃ NHÂN HÀ","Ward_Type":"Xã","Province_Code":"37","Province":"Ninh Bình","Province_Upper_Alt":"NINH BÌNH"},"geometry":{"type":"MultiPolygon","coordinates":[[[[106.14914,20.56725],[106.15363,20.56571],[106.15888,20.56325],[106.16387,20.56009],[106.16598,20.55843],[106.16858,20.55568],[106.17148,20.55044],[106.17161,20.55013],[106.16668,20.54766],[106.16526,20.54618],[106.16542,20.54593],[106.16443,20.54476],[106.1633,20.54149],[106.16289,20.5415],[106.16325,20.53574],[106.16374,20.534],[106.1648,20.53284],[106.16413,20.53267],[106.16177,20.53472],[106.1592,20.53963],[106.15502,20.53802],[106.15425,20.53907],[106.14373,20.53545],[106.1429,20.53689],[106.14028,20.53596],[106.14152,20.53235],[106.14114,20.53224],[106.14044,20.52923],[106.13998,20.52508],[106.14088,20.52503],[106.14209,20.5244],[106.14439,20.52576],[106.15023,20.51659],[106.15203,20.51675],[106.15177,20.51281],[106.15115,20.51276],[106.15161,20.51015],[106.15016,20.50994],[106.1501,20.50854],[106.14358,20.50928],[106.14301,20.5085],[106.1418,20.50824],[106.1418,20.51494],[106.14101,20.51848],[106.14005,20.52083],[106.13907,20.52222],[106.13823,20.52294],[106.13628,20.52349],[106.13536,20.52341],[106.13369,20.52253],[106.12566,20.51555],[106.1173,20.50978],[106.11591,20.51281],[106.11543,20.51269],[106.11301,20.51564],[106.11213,20.51502],[106.10892,20.51842],[106.10813,20.51805],[106.10567,20.52108],[106.10698,20.52197],[106.10693,20.5306],[106.11076,20.5307],[106.111,20.53275],[106.11251,20.53218],[106.11437,20.53207],[106.11738,20.53316],[106.11973,20.53525],[106.12083,20.53813],[106.12052,20.53827],[106.11963,20.53663],[106.11566,20.54614],[106.11334,20.54562],[106.11206,20.5516],[106.11143,20.55163],[106.11147,20.55226],[106.11007,20.55232],[106.11018,20.55426],[106.10905,20.55432],[106.10937,20.55673],[106.11268,20.55575],[106.11246,20.55761],[106.11816,20.55775],[106.11909,20.55747],[106.11866,20.55629],[106.1203,20.55558],[106.12034,20.55504],[106.1284,20.55481],[106.12881,20.5638],[106.12961,20.5658],[106.12902,20.56602],[106.12906,20.56695],[106.13175,20.56615],[106.13193,20.56712],[106.13944,20.5675],[106.14075,20.56977],[106.14914,20.56725]]]]}},
{"type":"Feature","id":"13627","properties":{"Ward_Code":"13627","Ward_Code_Num":13627,"Ward":"Nam Lý","Ward_Alt":"Nam Lý","Ward_Upper":"NAM LÝ","Ward_Full":"Xã Nam Lý","Ward_Full_Alt":"Xã Nam Lý","Ward_Full_Upper_Alt":"XÃ NAM LÝ","Ward_Type":"Xã","Province_Code":"37","Province":"Ninh Bình","Province_Upper_Alt":"NINH BÌNH"},"geometry":{"type":"MultiPolygon","coordinates":[[[[106.17358,20.54384],[106.17538,20.53565],[106.1774,20.53008],[106.17931,20.52136],[106.17962,20.51869],[106.17959,20.5125],[106.17834,20.50033],[106.17882,20.49585],[106.17961,20.49273],[106.18151,20.48827],[106.18355,20.48482],[106.18122,20.48211],[106.18031,20.48013],[106.17887,20.47847],[106.17694,20.47781],[106.17206,20.47333],[106.16737,20.47272],[106.15775,20.47269],[106.15444,20.47144],[106.14997,20.4687],[106.1483,20.46838],[106.14619,20.46868],[106.14419,20.46989],[106.1423,20.47189],[106.14025,20.47551],[106.13871,20.48118],[106.13896,20.48602],[106.141,20.49901],[106.1418,20.50824],[106.14301,20.5085],[106.14358,20.50928],[106.1501,20.50854],[106.15016,20.50994],[106.15161,20.51015],[106.15115,20.51276],[106.15177,20.51281],[106.15203,20.51675],[106.15023,20.51659],[106.14439,20.52576],[106.14209,20.5244],[106.14088,20.52503],[106.13998,20.52508],[106.14044,20.52923],[106.14114,20.53224],[106.14152,20.53235],[106.14028,20.53596],[106.1429,20.53689],[106.14373,20.53545],[106.15425,20.53907],[106.15502,20.53802],[106.1592,20.53963],[106.16177,20.53472],[106.16413,20.53267],[106.1648,20.53284],[106.16374,20.534],[106.16325,20.53574],[106.16289,20.5415],[106.1633,20.54149],[106.16443,20.54476],[106.16542,20.54593],[106.16526,20.54618],[106.16668,20.54766],[106.17161,20.55013],[106.17311,20.54627],[106.17358,20.54384]]]]}},
{"type":"Feature","id":"13669","properties":{"Ward_Code":"13669","Ward_Code_Num":13669,"Ward":"Nam Định","Ward_Alt":"Nam Định","Ward_Upper":"NAM ĐỊNH","Ward_Full":"Phường Nam Định","Ward_Full_Alt":"Phường Nam Định","Ward_Full_Upper_Alt":"PHƯỜNG NAM ĐỊNH","Ward_Type":"Phường","Province_Code":"37","Province":"Ninh Bình","Province_Upper_Alt":"NINH BÌNH"},"geometry":{"type":"MultiPolygon","coordinates":[[[[106.16462,20.41472],[106.16417,20.41546],[106.16472,20.41654],[106.16481,20.41807],[106.16336,20.42492],[106.16035,20.42827],[106.16304,20.43438],[106.15497,20.43735],[106.15465,20.44223],[106.15377,20.44251],[106.15244,20.44138],[106.15113,20.44281],[106.1521,20.44456],[106.15254,20.44456],[106.15277,20.4455],[106.15061,20.44637],[106.15065,20.45008],[106.14761,20.44976],[106.14767,20.45131],[106.14865,20.45102],[106.14883,20.45226],[106.15,20.45446],[106.15341,20.45667],[106.15226,20.45868],[106.15125,20.45953],[106.15281,20.46042],[106.15223,20.46109],[106.15362,20.46237],[106.15239,20.46381],[106.15365,20.46484],[106.15296,20.46601],[106.15246,20.46603],[106.15216,20.46757],[106.15192,20.46751],[106.15183,20.46787],[106.1513,20.46782],[106.15133,20.46752],[106.15053,20.46754],[106.15051,20.46793],[106.14989,20.46799],[106.14968,20.46861],[106.15444,20.47144],[106.15775,20.47269],[106.16737,20.47272],[106.17206,20.47333],[106.17702,20.47787],[106.17875,20.47839],[106.18017,20.47996],[106.18111,20.47977],[106.18086,20.47908],[106.17986,20.4787],[106.18003,20.47746],[106.17625,20.47179],[106.17408,20.46714],[106.17406,20.46541],[106.17603,20.46533],[106.17786,20.46395],[106.17981,20.46324],[106.17988,20.46272],[106.17858,20.458],[106.17818,20.45839],[106.17597,20.45751],[106.17747,20.45443],[106.17819,20.45426],[106.17866,20.45363],[106.1777,20.45085],[106.1756,20.45194],[106.17537,20.44817],[106.17711,20.44713],[106.1751,20.44438],[106.17586,20.44354],[106.17653,20.44395],[106.1776,20.44252],[106.17755,20.44129],[106.17968,20.44154],[106.17975,20.44253],[106.18131,20.44371],[106.18132,20.44489],[106.18276,20.44554],[106.18341,20.44636],[106.18541,20.44708],[106.18611,20.44583],[106.18616,20.44509],[106.18777,20.44565],[106.1885,20.4432],[106.18903,20.44291],[106.18998,20.44113],[106.19302,20.44252],[106.19323,20.44141],[106.19624,20.44092],[106.19198,20.43358],[106.18983,20.43083],[106.18012,20.42072],[106.18417,20.41608],[106.18676,20.41392],[106.18608,20.41342],[106.18652,20.41204],[106.18378,20.41142],[106.1836,20.4104],[106.18294,20.41039],[106.18417,20.40661],[106.18022,20.4071],[106.18025,20.40533],[106.17794,20.40556],[106.17683,20.4059],[106.17563,20.40674],[106.17616,20.40843],[106.17311,20.40896],[106.17118,20.40361],[106.17009,20.404],[106.16658,20.40671],[106.16547,20.40718],[106.16438,20.40829],[106.16421,20.41096],[106.1653,20.41379],[106.16462,20.41472]]]]}},
{"type":"Feature","id":"13684","properties":{"Ward_Code":"13684","Ward_Code_Num":13684,"Ward":"Thiên Trường","Ward_Alt":"Thiên Trường","Ward_Upper":"THIÊN TRƯỜNG","Ward_Full":"Phường Thiên Trường","Ward_Full_Alt":"Phường Thiên Trường","Ward_Full_Upper_Alt":"PHƯỜNG THIÊN TRƯỜNG","Ward_Type":"Phường","Province_Code":"37","Province":"Ninh Bình","Province_Upper_Alt":"NINH BÌNH"},"geometry":{"type":"MultiPolygon","coordinates":[[[[106.17818,20.45839],[106.17858,20.458],[106.17981,20.46324],[106.17786,20.46395],[106.17584,20.46541],[106.17406,20.46541],[106.17408,20.46714],[106.17625,20.47179],[106.18003,20.47746],[106.17986,20.4787],[106.18102,20.47929],[106.18116,20.47975],[106.18017999999999,20.47996],[106.18062,20.48106],[106.18355,20.48482],[106.18611,20.48226],[106.18904,20.47999],[106.1901,20.47956],[106.19185,20.47933],[106.20109,20.48005],[106.20763,20.47958],[106.21413,20.47769],[106.21863,20.4758],[106.2204,20.47459],[106.22256,20.47199],[106.22555,20.46475],[106.22583,20.46231],[106.22466,20.45563],[106.22331,20.45162],[106.22037,20.44566],[106.21776,20.44219],[106.21303,20.43462],[106.21051,20.43134],[106.20987,20.42972],[106.20643,20.43009],[106.20525,20.43068],[106.20492,20.43134],[106.20465,20.43286],[106.2064,20.44038],[106.20539,20.44244],[106.20339,20.44375],[106.20175,20.44388],[106.19958,20.44336],[106.19781,20.44239],[106.19624,20.44092],[106.19323,20.44141],[106.19302,20.44252],[106.18998,20.44113],[106.18903,20.44291],[106.1885,20.4432],[106.18777,20.44565],[106.18616,20.44509],[106.18611,20.44583],[106.18541,20.44708],[106.18341,20.44636],[106.18276,20.44554],[106.18132,20.44489],[106.18131,20.44371],[106.17975,20.44253],[106.17968,20.44154],[106.17755,20.44129],[106.1776,20.44252],[106.17653,20.44395],[106.17586,20.44354],[106.1751,20.44438],[106.17711,20.44713],[106.17537,20.44817],[106.1756,20.45194],[106.1777,20.45085],[106.17866,20.45363],[106.17819,20.45426],[106.17747,20.45443],[106.17597,20.45751],[106.17818,20.45839]]]]}},
{"type":"Feature","id":"13693","properties":{"Ward_Code":"13693","Ward_Code_Num":13693,"Ward":"Đông A","Ward_Alt":"Đông A","Ward_Upper":"ĐÔNG A","Ward_Full":"Phường Đông A","Ward_Full_Alt":"Phường Đông A","Ward_Full_Upper_Alt":"PHƯỜNG ĐÔNG A","Ward_Type":"Phường","Province_Code":"37","Province":"Ninh Bình","Province_Upper_Alt":"NINH BÌNH"},"geometry":{"type":"MultiPolygon","coordinates":[[[[106.15359,20.46481],[106.15239,20.46381],[106.15362,20.46237],[106.15223,20.46109],[106.15281,20.46042],[106.15125,20.45953],[106.15226,20.45868],[106.15341,20.45667],[106.15,20.45446],[106.14883,20.45226],[106.14865,20.45102],[106.14767,20.45131],[106.14761,20.44976],[106.15065,20.45008],[106.15061,20.44637],[106.15277,20.4455],[106.15254,20.44456],[106.1521,20.44456],[106.15113,20.44281],[106.15244,20.44138],[106.15377,20.44251],[106.15465,20.44223],[106.15497,20.43735],[106.16304,20.43438],[106.16035,20.42827],[106.15885,20.42979],[106.15823,20.42924],[106.15778,20.42778],[106.14945,20.42975],[106.14803,20.4273],[106.14017,20.42767],[106.13577,20.42081],[106.13538,20.41781],[106.13409,20.415],[106.134,20.4116],[106.13379,20.41159],[106.13309,20.41262],[106.13226,20.41302],[106.13112,20.41498],[106.13126,20.41796],[106.13249,20.41996],[106.13176,20.42173],[106.13019,20.42304],[106.12687,20.42487],[106.12282,20.42651],[106.11767,20.42559],[106.1175,20.42708],[106.11794,20.4297],[106.11827,20.43073],[106.12271,20.43005],[106.12269,20.43091],[106.13463,20.43251],[106.13788,20.43425],[106.13718,20.43611],[106.13767,20.4376],[106.13833,20.43707],[106.13847,20.43726],[106.13824,20.44153],[106.13939,20.442],[106.14142,20.44221],[106.14138,20.44254],[106.14251,20.4429],[106.14262,20.44587],[106.14232,20.44678],[106.13904,20.44616],[106.1388,20.44661],[106.13467,20.44622],[106.13286,20.44662],[106.12894,20.45237],[106.11785,20.46161],[106.12003,20.46353],[106.11887,20.46899],[106.11619,20.47842],[106.11282,20.47742],[106.10353,20.48779],[106.10329,20.48765],[106.10234,20.48927],[106.10675,20.48938],[106.10865,20.4898],[106.11044,20.49061],[106.11302,20.49268],[106.11384,20.4958],[106.11486,20.4966],[106.11608,20.49677],[106.12277,20.49628],[106.12497,20.49665],[106.12663,20.49715],[106.12902,20.49967],[106.1306,20.49892],[106.13295,20.49649],[106.13484,20.49516],[106.1404,20.49463],[106.13896,20.48602],[106.13867,20.48201],[106.13942,20.47786],[106.14072,20.47443],[106.1423,20.47189],[106.1448,20.46941],[106.14684,20.4685],[106.14968,20.46861],[106.14989,20.46799],[106.15051,20.46793],[106.15053,20.46754],[106.15133,20.46752],[106.1513,20.46782],[106.15183,20.46787],[106.15242,20.46682],[106.15246,20.46603],[106.15296,20.46601],[106.15359,20.46481]]]]}},
{"type":"Feature","id":"13699","properties":{"Ward_Code":"13699","Ward_Code_Num":13699,"Ward":"Thành Nam","Ward_Alt":"Thành Nam","Ward_Upper":"THÀNH NAM","Ward_Full":"Phường Thành Nam","Ward_Full_Alt":"Phường Thành Nam","Ward_Full_Upper_Alt":"PHƯỜNG THÀNH NAM","Ward_Type":"Phường","Province_Code":"37","Province":"Ninh Bình","Province_Upper_Alt":"NINH BÌNH"},"geometry":{"type":"MultiPolygon","coordinates":[[[[106.14129,20.39856],[106.14185,20.39724],[106.14041,20.39505],[106.14025,20.39392],[106.13866,20.39371],[106.13898,20.39278],[106.13822,20.3925],[106.13849,20.39148],[106.13836,20.38968],[106.1364,20.39088],[106.13419,20.38714],[106.1331,20.38818],[106.13145,20.38882],[106.12726,20.38536],[106.12396,20.38447],[106.11612,20.38153],[106.11549,20.38178],[106.11146,20.3859],[106.10223,20.38465],[106.10126,20.38621],[106.101,20.39156],[106.10141,20.39389],[106.0934,20.39416],[106.09343,20.39696],[106.10026,20.39888],[106.10205,20.39686],[106.10328,20.39849],[106.1166,20.41084],[106.11873,20.41331],[106.11896,20.41258],[106.12904,20.41498],[106.12905,20.41732],[106.13025,20.41893],[106.131,20.41908],[106.13146,20.41876],[106.131,20.41597],[106.1314,20.41437],[106.13226,20.41302],[106.13309,20.41262],[106.134,20.4116],[106.13409,20.415],[106.13538,20.41781],[106.13577,20.42081],[106.14017,20.42767],[106.14803,20.4273],[106.14945,20.42975],[106.15779,20.42778],[106.15782,20.42683],[106.15688,20.42691],[106.15694,20.42748],[106.15641,20.42754],[106.15632,20.42616],[106.15926,20.42589],[106.1586,20.42434],[106.15873,20.42339],[106.15557,20.42283],[106.15648,20.42025],[106.15563,20.41996],[106.15585,20.4188],[106.15757,20.41909],[106.15992,20.42009],[106.16068,20.41784],[106.15946,20.41743],[106.15811,20.41539],[106.15148,20.41229],[106.15174,20.41161],[106.1497,20.41114],[106.14956,20.41138],[106.14789,20.41057],[106.14991,20.40575],[106.1488,20.40542],[106.14571,20.40301],[106.14235,20.40099],[106.14129,20.39856]]]]}},
{"type":"Feature","id":"13708","properties":{"Ward_Code":"13708","Ward_Code_Num":13708,"Ward":"Mỹ Lộc","Ward_Alt":"Mỹ Lộc","Ward_Upper":"MỸ LỘC","Ward_Full":"Phường Mỹ Lộc","Ward_Full_Alt":"Phường Mỹ Lộc","Ward_Full_Upper_Alt":"PHƯỜNG MỸ LỘC","Ward_Type":"Phường","Province_Code":"37","Province":"Ninh Bình","Province_Upper_Alt":"NINH BÌNH"},"geometry":{"type":"MultiPolygon","coordinates":[[[[106.10329,20.48766],[106.10353,20.48779],[106.11282,20.47742],[106.11619,20.47842],[106.11887,20.46899],[106.12003,20.46353],[106.11785,20.46161],[106.12894,20.45237],[106.13286,20.44662],[106.13467,20.44622],[106.1388,20.44661],[106.13904,20.44616],[106.14232,20.44678],[106.14262,20.44587],[106.14251,20.4429],[106.14138,20.44254],[106.14142,20.44221],[106.13939,20.442],[106.13824,20.44153],[106.13847,20.43726],[106.13833,20.43707],[106.13767,20.4376],[106.13718,20.43611],[106.13788,20.43425],[106.13463,20.43251],[106.12269,20.43091],[106.12271,20.43005],[106.11827,20.43073],[106.1175,20.42708],[106.11767,20.42559],[106.12282,20.42651],[106.12892,20.42376],[106.13071,20.42269],[106.13197,20.42149],[106.13247,20.42049],[106.13242,20.41972],[106.13146,20.41864],[106.13073,20.41907],[106.12954,20.41819],[106.12899,20.41705],[106.12904,20.41498],[106.11896,20.41258],[106.1187,20.4134],[106.11891,20.41498],[106.11861,20.41582],[106.11726,20.41715],[106.11614,20.417],[106.11568,20.41451],[106.11437,20.41454],[106.11465,20.41285],[106.10064,20.41064],[106.09955,20.41598],[106.09544,20.41904],[106.092,20.42115],[106.08762,20.42817],[106.0845,20.42894],[106.08367,20.42868],[106.08286,20.42758],[106.08134,20.42722],[106.08127,20.42853],[106.08062,20.42926],[106.07872,20.42884],[106.08036,20.43466],[106.07984,20.43879],[106.08013,20.44018],[106.08265,20.44333],[106.08297,20.44426],[106.08157,20.44698],[106.08388,20.44711],[106.08478,20.44776],[106.08438,20.44827],[106.08006,20.45029],[106.07978,20.4501],[106.07961,20.45041],[106.0757,20.44638],[106.07133,20.44784],[106.07096,20.4474],[106.06982,20.44765],[106.06782,20.44612],[106.0656,20.44614],[106.06485,20.44795],[106.05844,20.44621],[106.05842,20.44822],[106.0593,20.44836],[106.05954,20.45143],[106.05937,20.45558],[106.05545,20.45617],[106.05574,20.45762],[106.0537,20.45867],[106.05474,20.46054],[106.0537,20.46084],[106.0526,20.45767],[106.04733,20.45929],[106.04724,20.46158],[106.04274,20.46255],[106.04343,20.46489],[106.04335,20.46931],[106.04455,20.47098],[106.04745,20.47251],[106.05599,20.47324],[106.05836,20.47242],[106.0596,20.47159],[106.06321,20.46684],[106.06536,20.46508],[106.06609,20.46514],[106.07188,20.46817],[106.07348,20.46841],[106.07486,20.46822],[106.07562,20.46763],[106.07621,20.46466],[106.07701,20.46293],[106.07833,20.46169],[106.08013,20.4613],[106.08284,20.46247],[106.0835,20.46328],[106.08411,20.46502],[106.08484,20.46563],[106.08646,20.46424],[106.08902,20.45906],[106.09123,20.4569],[106.09218,20.45639],[106.09933,20.45503],[106.10042,20.45509],[106.1012,20.45615],[106.10234,20.45916],[106.10496,20.46414],[106.10536,20.46569],[106.10536,20.46746],[106.10499,20.46926],[106.10395,20.47146],[106.09813,20.4786],[106.1001,20.47935],[106.09969,20.48088],[106.10269,20.48182],[106.10178,20.48481],[106.10098,20.4859],[106.10078,20.48575],[106.09972,20.48635],[106.0999,20.48722],[106.10082,20.48854],[106.10207,20.48925],[106.10234,20.48927],[106.10329,20.48766]]]]}},
{"type":"Feature","id":"13741","properties":{"Ward_Code":"13741","Ward_Code_Num":13741,"Ward":"Vụ Bản","Ward_Alt":"Vụ Bản","Ward_Upper":"VỤ BẢN","Ward_Full":"Xã Vụ Bản","Ward_Full_Alt":"Xã Vụ Bản","Ward_Full_Upper_Alt":"XÃ VỤ BẢN","Ward_Type":"Xã","Province_Code":"37","Province":"Ninh Bình","Province_Upper_Alt":"NINH BÌNH"},"geometry":{"type":"MultiPolygon","coordinates":[[[[106.08395,20.37289],[106.08501,20.37295],[106.08541,20.37212],[106.08694,20.37179],[106.0874,20.37102],[106.08791,20.37102],[106.08792,20.37054],[106.08819,20.37051],[106.088,20.36944],[106.08842,20.36968],[106.08868,20.36946],[106.08889,20.36844],[106.09434,20.36789],[106.0948,20.36498],[106.09583,20.36528],[106.09761,20.36136],[106.09979,20.36238],[106.09955,20.36189],[106.09984,20.36126],[106.09961,20.36109],[106.09996,20.36055],[106.09913,20.36026],[106.09938,20.35948],[106.10082,20.35831],[106.10146,20.35688],[106.10045,20.3566],[106.10451,20.35128],[106.09934,20.34873],[106.09994,20.34789],[106.09683,20.34517],[106.09611,20.34602],[106.09344,20.34539],[106.09325,20.34569],[106.09133,20.3447],[106.09161,20.34214],[106.0909,20.34213],[106.0907,20.34144],[106.09033,20.34139],[106.08995,20.3391],[106.09005,20.33809],[106.09345,20.33335],[106.09363,20.33259],[106.09498,20.33177],[106.096,20.33222],[106.09675,20.32897],[106.09613,20.32876],[106.09616,20.32799],[106.09571,20.32779],[106.09596,20.32712],[106.09714,20.32737],[106.09752,20.32579],[106.09704,20.3255],[106.0972,20.32517],[106.09797,20.32474],[106.09857,20.32357],[106.09961,20.32335],[106.1001,20.31188],[106.09623,20.31431],[106.09615,20.31322],[106.09398,20.3135],[106.08545,20.31354],[106.08574,20.31258],[106.0842,20.31205],[106.08415,20.31137],[106.08246,20.31194],[106.08173,20.31016],[106.08088,20.30934],[106.07998,20.30962],[106.08011,20.31005],[106.07898,20.31042],[106.07882,20.31005],[106.07626,20.31098],[106.07648,20.31198],[106.07564,20.31223],[106.07599,20.31351],[106.07547,20.31377],[106.07557,20.31405],[106.07368,20.31512],[106.07354,20.31589],[106.07066,20.31704],[106.07097,20.31772],[106.07007,20.31808],[106.0702,20.31839],[106.06959,20.31871],[106.07008,20.31942],[106.06615,20.3212],[106.06533,20.3194],[106.06394,20.32003],[106.0635,20.31912],[106.06227,20.31785],[106.06072,20.31741],[106.06041,20.31666],[106.05534,20.31846],[106.05573,20.31944],[106.05549,20.32011],[106.05606,20.32113],[106.05708,20.32487],[106.05758,20.32982],[106.05826,20.33102],[106.06135,20.33331],[106.06434,20.33679],[106.0647,20.3386],[106.06608,20.34079],[106.06734,20.34588],[106.0681,20.35136],[106.06776,20.35294],[106.069,20.35416],[106.06964,20.35533],[106.06944,20.35591],[106.06826,20.35637],[106.06792,20.35704],[106.0689,20.35866],[106.06944,20.36176],[106.06749,20.36298],[106.06621,20.36442],[106.06893,20.36689],[106.07124,20.36774],[106.07038,20.36944],[106.07175,20.37025],[106.07135,20.37147],[106.07178,20.37159],[106.07162,20.37205],[106.07385,20.37347],[106.07523,20.37139],[106.07876,20.37341],[106.07934,20.37271],[106.0803,20.37533],[106.08412,20.37552],[106.08395,20.37289]]]]}},
{"type":"Feature","id":"13750","properties":{"Ward_Code":"13750","Ward_Code_Num":13750,"Ward":"Minh Tân","Ward_Alt":"Minh Tân","Ward_Upper":"MINH TÂN","Ward_Full":"Xã Minh Tân","Ward_Full_Alt":"Xã Minh Tân","Ward_Full_Upper_Alt":"XÃ MINH TÂN","Ward_Type":"Xã","Province_Code":"37","Province":"Ninh Bình","Province_Upper_Alt":"NINH BÌNH"},"geometry":{"type":"MultiPolygon","coordinates":[[[[106.04373,20.46247],[106.04724,20.46158],[106.04733,20.45929],[106.0526,20.45767],[106.0537,20.46084],[106.05474,20.46054],[106.0537,20.45867],[106.05574,20.45762],[106.05545,20.45617],[106.05937,20.45558],[106.05954,20.45143],[106.0593,20.44836],[106.05698,20.44796],[106.05721,20.44478],[106.05699,20.44479],[106.05667,20.44176],[106.05636,20.44183],[106.05693,20.43308],[106.05325,20.43286],[106.05262,20.42977],[106.0529,20.43024],[106.05434,20.43032],[106.055,20.4276],[106.0552,20.42324],[106.05433,20.42328],[106.05422,20.42216],[106.05247,20.41976],[106.05062,20.42056],[106.05,20.417],[106.04811,20.4162],[106.04974,20.41161],[106.04969,20.41056],[106.04867,20.40801],[106.05099,20.40878],[106.05075,20.40764],[106.05469,20.40677],[106.05452,20.40492],[106.05716,20.40249],[106.05737,20.40244],[106.058,20.40404],[106.06028,20.4028],[106.06119,20.40351],[106.06265,20.40319],[106.06264,20.40282],[106.06363,20.40253],[106.06383,20.40136],[106.06466,20.4016],[106.06698,20.40146],[106.06751,20.40349],[106.06746,20.40516],[106.07224,20.405],[106.07241,20.40365],[106.08116,20.40389],[106.08138,20.40146],[106.07915,20.40128],[106.07932,20.39888],[106.07675,20.39865],[106.07704,20.39784],[106.07359,20.39671],[106.07514,20.39396],[106.07812,20.39046],[106.07858,20.38953],[106.07732,20.3889],[106.07778,20.38539],[106.07866,20.38509],[106.0791,20.38434],[106.08101,20.38431],[106.08116,20.38318],[106.0828,20.38239],[106.08241,20.38152],[106.08219,20.38172],[106.08162,20.38116],[106.08131,20.38002],[106.08198,20.37999],[106.08202,20.37975],[106.08054,20.3792],[106.08084,20.37687],[106.07934,20.37271],[106.07876,20.37341],[106.07519,20.37139],[106.07385,20.37347],[106.07162,20.37205],[106.07178,20.37159],[106.07135,20.37147],[106.07175,20.37025],[106.07038,20.36944],[106.07124,20.36774],[106.06893,20.36689],[106.06621,20.36442],[106.06446,20.36699],[106.06221,20.36626],[106.0607,20.36427],[106.06006,20.36424],[106.05984,20.36565],[106.05709,20.36475],[106.05728,20.3633],[106.05692,20.36295],[106.0559,20.36335],[106.05449,20.36452],[106.0502,20.36453],[106.04816,20.36358],[106.04463,20.3626],[106.04101,20.36478],[106.04012,20.36581],[106.03884,20.36924],[106.04105,20.37203],[106.04048,20.37402],[106.03821,20.37786],[106.04138,20.37851],[106.04185,20.3805],[106.04272,20.38127],[106.04205,20.38451],[106.04162,20.38461],[106.04177,20.38614],[106.04439,20.38654],[106.04194,20.38963],[106.04418,20.39173],[106.04692,20.39701],[106.0468,20.39768],[106.04508,20.4003],[106.04471,20.40306],[106.04244,20.40272],[106.03997,20.40084],[106.03696,20.39923],[106.03314,20.39938],[106.03116,20.39858],[106.03058,20.39863],[106.02945,20.39989],[106.028,20.4029],[106.02465,20.40547],[106.02449,20.40852],[106.02407,20.41024],[106.02105,20.41136],[106.02013,20.41344],[106.01999,20.416],[106.02036,20.4177],[106.02396,20.42378],[106.0241,20.42512],[106.02363,20.42621],[106.02356,20.42748],[106.02508,20.43304],[106.02883,20.4371],[106.03012,20.43992],[106.03036,20.44095],[106.02971,20.44345],[106.02889,20.44462],[106.02895,20.44534],[106.02984,20.44638],[106.03788,20.4465],[106.04247,20.4502],[106.04144,20.45749],[106.04274,20.46255],[106.04373,20.46247]]]]}},
{"type":"Feature","id":"13753","properties":{"Ward_Code":"13753","Ward_Code_Num":13753,"Ward":"Hiển Khánh","Ward_Alt":"Hiển Khánh","Ward_Upper":"HIỂN KHÁNH","Ward_Full":"Xã Hiển Khánh","Ward_Full_Alt":"Xã Hiển Khánh","Ward_Full_Upper_Alt":"XÃ HIỂN KHÁNH","Ward_Type":"Xã","Province_Code":"37","Province":"Ninh Bình","Province_Upper_Alt":"NINH BÌNH"},"geometry":{"type":"MultiPolygon","coordinates":[[[[106.07965,20.45034],[106.08321,20.44895],[106.08478,20.44776],[106.08388,20.44711],[106.08157,20.44698],[106.08297,20.44426],[106.08265,20.44333],[106.08013,20.44018],[106.07984,20.43879],[106.08036,20.43466],[106.07872,20.42884],[106.08062,20.42926],[106.08127,20.42853],[106.08134,20.42722],[106.08286,20.42758],[106.08367,20.42868],[106.0845,20.42894],[106.08762,20.42817],[106.092,20.42115],[106.09544,20.41904],[106.09955,20.41598],[106.10064,20.41064],[106.11465,20.41285],[106.11437,20.41454],[106.11568,20.41451],[106.11614,20.417],[106.11726,20.41715],[106.11886,20.41524],[106.11873,20.41331],[106.11764,20.41192],[106.10328,20.39849],[106.10205,20.39686],[106.10026,20.39888],[106.09343,20.39696],[106.0934,20.39416],[106.10141,20.39389],[106.101,20.39156],[106.10126,20.38621],[106.10223,20.38465],[106.11146,20.3859],[106.11572,20.38163],[106.11454,20.38095],[106.11476,20.38024],[106.11262,20.38022],[106.11214,20.38006],[106.11226,20.37966],[106.11153,20.37922],[106.11054,20.3793],[106.10929,20.37807],[106.10973,20.37778],[106.10957,20.37748],[106.10775,20.37675],[106.1092,20.37371],[106.10595,20.37273],[106.10689,20.37013],[106.10624,20.36989],[106.10678,20.36819],[106.10351,20.3668],[106.10276,20.36577],[106.10076,20.36502],[106.10156,20.36368],[106.09963,20.36342],[106.09924,20.36436],[106.09673,20.36333],[106.09583,20.36528],[106.0948,20.36498],[106.09434,20.36789],[106.08889,20.36844],[106.08868,20.36946],[106.08842,20.36968],[106.088,20.36944],[106.08819,20.37051],[106.08792,20.37054],[106.08791,20.37102],[106.0874,20.37102],[106.08694,20.37179],[106.08541,20.37212],[106.08501,20.37295],[106.08395,20.37288],[106.08412,20.37552],[106.0803,20.37533],[106.08085,20.37694],[106.08054,20.3792],[106.08202,20.37975],[106.08198,20.37999],[106.08131,20.38002],[106.08162,20.38116],[106.08219,20.38172],[106.08241,20.38152],[106.0828,20.38239],[106.08116,20.38318],[106.08101,20.38431],[106.0791,20.38434],[106.07866,20.38509],[106.07778,20.38539],[106.07732,20.3889],[106.07858,20.38953],[106.07812,20.39046],[106.07514,20.39396],[106.07359,20.39671],[106.07704,20.39784],[106.07675,20.39865],[106.07932,20.39888],[106.07915,20.40128],[106.08138,20.40146],[106.08116,20.40389],[106.07241,20.40365],[106.07224,20.405],[106.06746,20.40516],[106.06751,20.40349],[106.06698,20.40146],[106.06466,20.4016],[106.06383,20.40136],[106.06363,20.40253],[106.06264,20.40282],[106.06265,20.40319],[106.06119,20.40351],[106.06028,20.4028],[106.058,20.40404],[106.05737,20.40244],[106.05716,20.40249],[106.05452,20.40492],[106.05469,20.40677],[106.05075,20.40764],[106.05099,20.40878],[106.04867,20.40801],[106.04969,20.41056],[106.04974,20.41161],[106.04811,20.4162],[106.05,20.417],[106.05062,20.42056],[106.05247,20.41976],[106.05422,20.42216],[106.05433,20.42328],[106.0552,20.42324],[106.055,20.4276],[106.05434,20.43032],[106.0529,20.43024],[106.05262,20.42977],[106.05325,20.43286],[106.05693,20.43308],[106.05636,20.44183],[106.05667,20.44176],[106.05699,20.44479],[106.05721,20.44478],[106.05698,20.44796],[106.05842,20.44822],[106.05844,20.44621],[106.06485,20.44795],[106.0656,20.44614],[106.06782,20.44612],[106.06982,20.44765],[106.07096,20.4474],[106.07133,20.44784],[106.0757,20.44638],[106.07965,20.45034]]]]}},
{"type":"Feature","id":"13777","properties":{"Ward_Code":"13777","Ward_Code_Num":13777,"Ward":"Trường Thi","Ward_Alt":"Trường Thi","Ward_Upper":"TRƯỜNG THI","Ward_Full":"Phường Trường Thi","Ward_Full_Alt":"Phường Trường Thi","Ward_Full_Upper_Alt":"PHƯỜNG TRƯỜNG THI","Ward_Type":"Phường","Province_Code":"37","Province":"Ninh Bình","Province_Upper_Alt":"NINH BÌNH"},"geometry":{"type":"MultiPolygon","coordinates":[[[[106.16462,20.41472],[106.1653,20.41379],[106.16421,20.41096],[106.16438,20.40829],[106.16547,20.40718],[106.16658,20.40671],[106.17009,20.404],[106.17118,20.40361],[106.16963,20.40063],[106.16549,20.39454],[106.1611,20.39016],[106.1591,20.38704],[106.15428,20.37564],[106.15299,20.36936],[106.15286,20.36717],[106.15288,20.36301],[106.15385,20.36051],[106.15486,20.35897],[106.15744,20.35725],[106.16055,20.35702],[106.16304,20.35775],[106.16403,20.35962],[106.16418,20.36335],[106.16496,20.36427],[106.16661,20.36426],[106.16871,20.36373],[106.1704,20.362],[106.17037,20.36025],[106.16931,20.35717],[106.1679,20.35461],[106.16624,20.35272],[106.16372,20.34686],[106.16227,20.34208],[106.16221,20.34039],[106.15936,20.3398],[106.15401,20.34124],[106.15357,20.34272],[106.15227,20.34364],[106.15111,20.34637],[106.15069,20.34843],[106.15086,20.35068],[106.14605,20.34932],[106.14128,20.351],[106.13952,20.34604],[106.13373,20.34783],[106.13266,20.34487],[106.1316,20.34535],[106.13051,20.34306],[106.12643,20.34482],[106.12627,20.34457],[106.12525,20.34478],[106.12508,20.34457],[106.12412,20.34564],[106.12478,20.34778],[106.12286,20.34791],[106.12246,20.35026],[106.12171,20.34988],[106.12133,20.35059],[106.11972,20.34973],[106.11967,20.35023],[106.11795,20.3492],[106.11737,20.35009],[106.11678,20.34956],[106.11617,20.3497],[106.1158,20.34943],[106.11458,20.35097],[106.11284,20.34994],[106.11063,20.35231],[106.10961,20.35187],[106.10862,20.35326],[106.10451,20.35128],[106.10045,20.3566],[106.10146,20.35688],[106.10082,20.35831],[106.09938,20.35948],[106.09913,20.36026],[106.09996,20.36055],[106.09961,20.36109],[106.09984,20.36126],[106.09955,20.36189],[106.09979,20.36238],[106.09761,20.36136],[106.09673,20.36333],[106.09924,20.36436],[106.09963,20.36342],[106.10156,20.36368],[106.10076,20.36502],[106.10276,20.36577],[106.10351,20.3668],[106.10678,20.36819],[106.10624,20.36989],[106.10689,20.37013],[106.10595,20.37273],[106.1092,20.37371],[106.10775,20.37675],[106.10957,20.37748],[106.10973,20.37778],[106.10929,20.37807],[106.11054,20.3793],[106.11153,20.37922],[106.11226,20.37966],[106.11214,20.38006],[106.11262,20.38022],[106.11446,20.38013],[106.11476,20.38024],[106.11454,20.38095],[106.11572,20.38163],[106.11653,20.38164],[106.12396,20.38447],[106.12726,20.38536],[106.13145,20.38882],[106.1331,20.38818],[106.13419,20.38714],[106.1364,20.39088],[106.13836,20.38968],[106.13849,20.39148],[106.13822,20.3925],[106.13898,20.39278],[106.13866,20.39371],[106.14025,20.39392],[106.14041,20.39505],[106.14185,20.39724],[106.14129,20.39856],[106.14235,20.40099],[106.14571,20.40301],[106.1488,20.40542],[106.14991,20.40575],[106.14789,20.41057],[106.14956,20.41138],[106.1497,20.41114],[106.15174,20.41161],[106.15148,20.41229],[106.15811,20.41539],[106.15946,20.41743],[106.16068,20.41784],[106.15992,20.42009],[106.15757,20.41909],[106.15585,20.4188],[106.15563,20.41996],[106.15648,20.42025],[106.15557,20.42283],[106.15873,20.42339],[106.1586,20.42434],[106.15926,20.42589],[106.15632,20.42616],[106.15641,20.42754],[106.15694,20.42748],[106.15688,20.42691],[106.15782,20.42683],[106.15823,20.42924],[106.15885,20.42979],[106.16336,20.42492],[106.16481,20.41807],[106.16472,20.41654],[106.16417,20.41546],[106.16462,20.41472]]]]}},
{"type":"Feature","id":"13786","properties":{"Ward_Code":"13786","Ward_Code_Num":13786,"Ward":"Liên Minh","Ward_Alt":"Liên Minh","Ward_Upper":"LIÊN MINH","Ward_Full":"Xã Liên Minh","Ward_Full_Alt":"Xã Liên Minh","Ward_Full_Upper_Alt":"XÃ LIÊN MINH","Ward_Type":"Xã","Province_Code":"37","Province":"Ninh Bình","Province_Upper_Alt":"NINH BÌNH"},"geometry":{"type":"MultiPolygon","coordinates":[[[[106.10867,20.35318],[106.10961,20.35187],[106.11063,20.35231],[106.11284,20.34994],[106.11458,20.35097],[106.1158,20.34943],[106.11617,20.3497],[106.11678,20.34956],[106.11737,20.35009],[106.11795,20.3492],[106.11967,20.35023],[106.11972,20.34973],[106.12133,20.35059],[106.12171,20.34988],[106.12246,20.35026],[106.12286,20.34791],[106.12478,20.34778],[106.12412,20.34564],[106.12508,20.34457],[106.12525,20.34478],[106.12627,20.34457],[106.12643,20.34482],[106.13051,20.34306],[106.1316,20.34535],[106.13266,20.34487],[106.13373,20.34783],[106.13952,20.34604],[106.14128,20.351],[106.14605,20.34932],[106.15086,20.35068],[106.15069,20.34843],[106.15111,20.34637],[106.15227,20.34364],[106.15357,20.34272],[106.15401,20.34124],[106.15936,20.3398],[106.16221,20.34039],[106.16282,20.33805],[106.16382,20.33718],[106.16654,20.3373],[106.16888,20.33672],[106.16946,20.33623],[106.17002,20.33465],[106.16965,20.33174],[106.16848,20.32963],[106.16658,20.32758],[106.15892,20.32218],[106.15219,20.31636],[106.14668,20.30968],[106.1439,20.30466],[106.14222,20.30566],[106.14162,20.30551],[106.14169,20.30522],[106.13977,20.30665],[106.1403,20.30723],[106.13932,20.30774],[106.13894,20.30782],[106.1388,20.30738],[106.13934,20.30703],[106.13855,20.30609],[106.13517,20.3088],[106.13246,20.3054],[106.12881,20.30815],[106.12572,20.30484],[106.10057,20.30076],[106.09961,20.32335],[106.09857,20.32357],[106.09797,20.32474],[106.0972,20.32517],[106.09704,20.3255],[106.09752,20.32579],[106.09714,20.32737],[106.09596,20.32712],[106.09571,20.32779],[106.09616,20.32799],[106.09613,20.32876],[106.09675,20.32897],[106.096,20.33222],[106.09498,20.33177],[106.09363,20.33259],[106.09345,20.33335],[106.09005,20.33809],[106.08995,20.3391],[106.09033,20.34139],[106.0907,20.34144],[106.0909,20.34213],[106.09161,20.34214],[106.09133,20.3447],[106.09325,20.34569],[106.09344,20.34539],[106.09611,20.34602],[106.09683,20.34517],[106.09994,20.34789],[106.09934,20.34873],[106.10867,20.35318]]]]}},
{"type":"Feature","id":"13795","properties":{"Ward_Code":"13795","Ward_Code_Num":13795,"Ward":"Ý Yên","Ward_Alt":"Ý Yên","Ward_Upper":"Ý YÊN","Ward_Full":"Xã Ý Yên","Ward_Full_Alt":"Xã Ý Yên","Ward_Full_Upper_Alt":"XÃ Ý YÊN","Ward_Type":"Xã","Province_Code":"37","Province":"Ninh Bình","Province_Upper_Alt":"NINH BÌNH"},"geometry":{"type":"MultiPolygon","coordinates":[[[[106.0139,20.34575],[106.01402,20.34455],[106.0124,20.34429],[106.0154,20.33764],[106.0163,20.33795],[106.01679,20.33705],[106.02063,20.3391],[106.02172,20.33727],[106.02294,20.33768],[106.02348,20.33449],[106.02534,20.33491],[106.02729,20.33124],[106.02794,20.33139],[106.02837,20.33079],[106.02933,20.3313],[106.03036,20.32705],[106.03196,20.32702],[106.03305,20.32752],[106.03299,20.32616],[106.02993,20.32551],[106.02997,20.32403],[106.02789,20.32376],[106.02789,20.32342],[106.02536,20.32278],[106.02494,20.32078],[106.02581,20.32082],[106.02593,20.31605],[106.02727,20.31613],[106.02691,20.31111],[106.02807,20.31114],[106.02809,20.30905],[106.02688,20.30902],[106.02647,20.30873],[106.02673,20.3081],[106.02637,20.30799],[106.02579,20.30925],[106.02057,20.30837],[106.02107,20.30442],[106.01944,20.30387],[106.02034,20.30074],[106.01803,20.29995],[106.01857,20.29892],[106.01717,20.2985],[106.01757,20.29751],[106.01623,20.29702],[106.01727,20.2938],[106.01661,20.29352],[106.01717,20.29116],[106.01581,20.29026],[106.01667,20.28877],[106.01481,20.28798],[106.01545,20.28686],[106.01503,20.28649],[106.02095,20.27604],[106.02128,20.2762],[106.02176,20.27532],[106.02027,20.27517],[106.0204,20.27242],[106.02117,20.27226],[106.02046,20.27093],[106.01979,20.27136],[106.01829,20.26965],[106.01879,20.26943],[106.0171,20.26834],[106.01705,20.26748],[106.0173,20.26655],[106.0189,20.26545],[106.01941,20.26399],[106.02085,20.26323],[106.02154,20.26179],[106.02249,20.26174],[106.02222,20.26221],[106.02244,20.2623],[106.02297,20.26204],[106.02374,20.26085],[106.0239,20.25822],[106.02504,20.25824],[106.02541,20.25676],[106.02273,20.2559],[106.02166,20.25354],[106.0217,20.25274],[106.02093,20.2527],[106.01964,20.24981],[106.01526,20.24992],[106.0088,20.25064],[106.00187,20.2521],[105.99169,20.25608],[105.98164,20.26351],[105.98082,20.26562],[105.98106,20.26727],[105.98463,20.27566],[105.98644,20.28348],[105.98633,20.28652],[105.98489,20.29121],[105.98215,20.29583],[105.97879,20.30031],[105.96712,20.31268],[105.96275,20.31555],[105.96082,20.31602],[105.95395,20.31922],[105.9543,20.32094],[105.9553,20.32333],[105.95952,20.32434],[105.96326,20.3247],[105.96445,20.32524],[105.96592,20.32644],[105.96726,20.32944],[105.96826,20.33044],[105.97085,20.32734],[105.97926,20.33724],[105.97946,20.33664],[105.98248,20.33925],[105.98785,20.34215],[105.98872,20.34206],[105.9895,20.3431],[105.98881,20.34325],[105.98919,20.34505],[105.99113,20.34384],[105.99889,20.34179],[105.99915,20.34261],[105.99891,20.3455],[106.00258,20.34829],[106.00257,20.34713],[106.00484,20.34749],[106.00591,20.34489],[106.00635,20.34541],[106.00794,20.34603],[106.01018,20.34809],[106.00953,20.34863],[106.0125,20.35041],[106.01372,20.34744],[106.0139,20.34575]]]]}},
{"type":"Feature","id":"13807","properties":{"Ward_Code":"13807","Ward_Code_Num":13807,"Ward":"Tân Minh","Ward_Alt":"Tân Minh","Ward_Upper":"TÂN MINH","Ward_Full":"Xã Tân Minh","Ward_Full_Alt":"Xã Tân Minh","Ward_Full_Upper_Alt":"XÃ TÂN MINH","Ward_Type":"Xã","Province_Code":"37","Province":"Ninh Bình","Province_Upper_Alt":"NINH BÌNH"},"geometry":{"type":"MultiPolygon","coordinates":[[[[105.97961,20.44034],[105.98177,20.44066],[105.98219,20.4313],[105.98623,20.43177],[105.98633,20.42947],[105.9875,20.42957],[105.98752,20.429],[105.99407,20.42942],[105.99405,20.42831],[105.99474,20.42824],[105.9949,20.4275],[105.99459,20.42553],[105.99299,20.42575],[105.99287,20.42401],[105.99261,20.42406],[105.99099,20.41846],[105.99041,20.41827],[105.99034,20.41719],[105.99002,20.41714],[105.99038,20.41351],[105.99091,20.41275],[105.99109,20.41073],[105.98948,20.41056],[105.9893,20.40398],[105.9912,20.40373],[105.99148,20.40264],[105.99233,20.40139],[105.99257,20.40147],[105.99274,20.40034],[105.99348,20.40027],[105.99352,20.40084],[105.99544,20.40065],[105.99538,20.39961],[105.99632,20.39944],[105.99609,20.3985],[105.99675,20.39831],[105.99691,20.39792],[105.99537,20.3968],[105.99559,20.39541],[106.00183,20.39634],[106.00047,20.3998],[106.00177,20.40038],[106.00163,20.40065],[106.00187,20.40075],[106.00289,20.40072],[106.00348,20.40166],[106.0049,20.40249],[106.01374,20.39946],[106.01478,20.39968],[106.01865,20.40185],[106.02107,20.40265],[106.02697,20.40182],[106.02834,20.40189],[106.02987,20.39933],[106.0309,20.39855],[106.03314,20.39938],[106.03696,20.39923],[106.03997,20.40084],[106.04244,20.40272],[106.04466,20.40315],[106.04508,20.4003],[106.0468,20.39768],[106.04692,20.39701],[106.04418,20.39173],[106.04194,20.38963],[106.04439,20.38654],[106.04177,20.38614],[106.04162,20.38461],[106.04205,20.38451],[106.04272,20.38127],[106.04185,20.3805],[106.04138,20.37851],[106.03821,20.37786],[106.04048,20.37402],[106.04105,20.37203],[106.03884,20.36924],[106.04012,20.36581],[106.04144,20.36442],[106.0443,20.36267],[106.04504,20.36261],[106.0467,20.36321],[106.04747,20.3593],[106.04616,20.35898],[106.04425,20.35987],[106.04212,20.35828],[106.04153,20.35905],[106.04018,20.35776],[106.03956,20.35835],[106.03688,20.35598],[106.03615,20.35686],[106.03381,20.35538],[106.03287,20.35533],[106.03247,20.35569],[106.03165,20.35515],[106.03152,20.3544],[106.0308,20.354],[106.03056,20.35458],[106.02977,20.35443],[106.02928,20.35656],[106.02964,20.3567],[106.02981,20.35741],[106.02935,20.35908],[106.03014,20.35953],[106.02942,20.36215],[106.02922,20.36245],[106.02892,20.36233],[106.02544,20.36638],[106.0245,20.3662],[106.02368,20.36776],[106.02257,20.36736],[106.02222,20.36782],[106.01693,20.36629],[106.01646,20.36733],[106.01233,20.36568],[106.0099,20.36566],[106.00982,20.3648],[106.0095,20.36461],[106.00904,20.36659],[106.00741,20.36601],[106.00636,20.36925],[106.00499,20.36878],[106.00443,20.37018],[106.00283,20.36966],[106.00281,20.36916],[106.00169,20.36866],[106.00119,20.36887],[105.99888,20.36703],[105.99888,20.36674],[105.99658,20.36652],[105.99215,20.3732],[105.98454,20.38317],[105.9837,20.38234],[105.98313,20.383],[105.98172,20.38354],[105.98034,20.38332],[105.98073,20.38136],[105.98057,20.38054],[105.97536,20.3761],[105.97439,20.37378],[105.97397,20.37064],[105.97342,20.37067],[105.97349,20.3713],[105.97322,20.37133],[105.97097,20.37055],[105.97049,20.37152],[105.97049,20.37236],[105.96981,20.37242],[105.96983,20.37299],[105.9674,20.37304],[105.96688,20.37465],[105.96478,20.37453],[105.96073,20.37331],[105.95592,20.38259],[105.95785,20.38365],[105.95673,20.38614],[105.96359,20.3899],[105.96282,20.3923],[105.96207,20.39359],[105.95106,20.38766],[105.94956,20.38898],[105.94474,20.38821],[105.94211,20.3983],[105.94639,20.40166],[105.95024,20.40363],[105.94928,20.40894],[105.94834,20.41047],[105.94828,20.41344],[105.95491,20.41487],[105.9548,20.4156],[105.95724,20.41715],[105.95752,20.41703],[105.95737,20.41744],[105.95801,20.4176],[105.95861,20.41971],[105.95955,20.42019],[105.95958,20.42091],[105.9609,20.42116],[105.9609,20.42204],[105.96273,20.42204],[105.96319,20.42343],[105.96358,20.42337],[105.96382,20.42513],[105.96554,20.42489],[105.96565,20.4258],[105.96876,20.42553],[105.96861,20.42405],[105.9699,20.42389],[105.96978,20.42334],[105.97145,20.42317],[105.97144,20.42371],[105.97378,20.42324],[105.97405,20.42686],[105.97601,20.43155],[105.97603,20.43363],[105.97718,20.43368],[105.97689,20.43909],[105.97819,20.43926],[105.97785,20.4417],[105.97942,20.44145],[105.97961,20.44034]]]]}},
{"type":"Feature","id":"13822","properties":{"Ward_Code":"13822","Ward_Code_Num":13822,"Ward":"Phong Doanh","Ward_Alt":"Phong Doanh","Ward_Upper":"PHONG DOANH","Ward_Full":"Xã Phong Doanh","Ward_Full_Alt":"Xã Phong Doanh","Ward_Full_Upper_Alt":"XÃ PHONG DOANH","Ward_Type":"Xã","Province_Code":"37","Province":"Ninh Bình","Province_Upper_Alt":"NINH BÌNH"},"geometry":{"type":"MultiPolygon","coordinates":[[[[105.94231,20.39766],[105.94474,20.38821],[105.94956,20.38898],[105.95106,20.38766],[105.95892,20.39197],[105.96219,20.39344],[105.96359,20.3899],[105.95673,20.38614],[105.95785,20.38365],[105.95592,20.38259],[105.96073,20.37331],[105.96478,20.37453],[105.96688,20.37465],[105.9674,20.37304],[105.96983,20.37299],[105.96981,20.37242],[105.97049,20.37236],[105.97049,20.37152],[105.97097,20.37055],[105.97322,20.37133],[105.97349,20.3713],[105.97342,20.37067],[105.97397,20.37064],[105.97439,20.37378],[105.97536,20.3761],[105.98057,20.38054],[105.98073,20.38136],[105.98034,20.38332],[105.98172,20.38354],[105.98313,20.383],[105.9837,20.38234],[105.98454,20.38317],[105.99243,20.37281],[105.99888,20.36304],[105.99854,20.36276],[105.99484,20.36454],[105.99431,20.36418],[105.99466,20.36127],[105.99694,20.3534],[105.99848,20.34623],[105.99904,20.3452],[105.99915,20.34261],[105.99889,20.34179],[105.99113,20.34384],[105.98919,20.34505],[105.98881,20.34325],[105.9895,20.3431],[105.98872,20.34206],[105.98785,20.34215],[105.98248,20.33925],[105.97946,20.33664],[105.97926,20.33724],[105.97085,20.32734],[105.96826,20.33044],[105.96726,20.32944],[105.96592,20.32644],[105.96445,20.32524],[105.96326,20.3247],[105.95952,20.32434],[105.9553,20.32333],[105.9543,20.32094],[105.95395,20.31922],[105.93651,20.32669],[105.93608,20.32778],[105.93677,20.32992],[105.93717,20.33035],[105.94252,20.33305],[105.94534,20.33497],[105.94969,20.33994],[105.95324,20.34846],[105.95415,20.35387],[105.95354,20.35452],[105.95062,20.35552],[105.94242,20.35481],[105.93903,20.35555],[105.93766,20.3563],[105.93686,20.35836],[105.93688,20.36535],[105.93584,20.36741],[105.93476,20.368],[105.93458,20.36908],[105.93468,20.37156],[105.93505,20.37244],[105.936,20.37313],[105.93663,20.37416],[105.93661,20.37572],[105.93584,20.37594],[105.93454,20.37508],[105.93366,20.37492],[105.93177,20.37532],[105.92913,20.37706],[105.927,20.37918],[105.92589,20.3816],[105.92376,20.39533],[105.92474,20.39726],[105.92703,20.39935],[105.93182,20.39762],[105.93876,20.39889],[105.94135,20.40041],[105.94193,20.39982],[105.94231,20.39766]]]]}},
{"type":"Feature","id":"13834","properties":{"Ward_Code":"13834","Ward_Code_Num":13834,"Ward":"Vũ Dương","Ward_Alt":"Vũ Dương","Ward_Upper":"VŨ DƯƠNG","Ward_Full":"Xã Vũ Dương","Ward_Full_Alt":"Xã Vũ Dương","Ward_Full_Upper_Alt":"XÃ VŨ DƯƠNG","Ward_Type":"Xã","Province_Code":"37","Province":"Ninh Bình","Province_Upper_Alt":"NINH BÌNH"},"geometry":{"type":"MultiPolygon","coordinates":[[[[106.00499,20.36878],[106.00636,20.36925],[106.00741,20.36601],[106.00904,20.36659],[106.0095,20.36461],[106.00982,20.3648],[106.0099,20.36566],[106.01233,20.36568],[106.01646,20.36733],[106.01693,20.36629],[106.02222,20.36782],[106.02257,20.36736],[106.02368,20.36776],[106.0245,20.3662],[106.02544,20.36638],[106.02892,20.36233],[106.02922,20.36245],[106.02942,20.36215],[106.03014,20.35953],[106.02935,20.35908],[106.02981,20.35741],[106.02964,20.3567],[106.02928,20.35656],[106.02977,20.35443],[106.03056,20.35458],[106.0308,20.354],[106.03152,20.3544],[106.03165,20.35515],[106.03247,20.35569],[106.03287,20.35533],[106.03381,20.35538],[106.03615,20.35686],[106.03688,20.35598],[106.03956,20.35835],[106.04018,20.35776],[106.04153,20.35905],[106.04212,20.35828],[106.04425,20.35987],[106.04616,20.35898],[106.04747,20.3593],[106.0467,20.36321],[106.04829,20.36363],[106.04981,20.36449],[106.05449,20.36452],[106.0559,20.36335],[106.05692,20.36295],[106.05728,20.3633],[106.05709,20.36475],[106.05984,20.36565],[106.06006,20.36424],[106.0607,20.36427],[106.06221,20.36626],[106.06446,20.36699],[106.06682,20.36358],[106.06941,20.36182],[106.0689,20.35866],[106.06792,20.35704],[106.06826,20.35637],[106.06944,20.35591],[106.06964,20.35533],[106.069,20.35416],[106.06776,20.35294],[106.0681,20.35136],[106.06751,20.34677],[106.06608,20.34079],[106.0647,20.3386],[106.06443,20.33702],[106.06382,20.33596],[106.06135,20.33331],[106.05846,20.33122],[106.05758,20.32982],[106.05708,20.32487],[106.05609,20.32122],[106.05548,20.32007],[106.05571,20.31932],[106.05362,20.31335],[106.05249,20.30752],[106.04965,20.30065],[106.04626,20.29975],[106.04644,20.3026],[106.04373,20.30379],[106.04352,20.30345],[106.03987,20.30705],[106.03864,20.30764],[106.03755,20.30673],[106.03539,20.3068],[106.03485,20.30767],[106.02813,20.30682],[106.02807,20.31114],[106.02691,20.31111],[106.02727,20.31613],[106.02593,20.31605],[106.02581,20.32082],[106.02494,20.32078],[106.02536,20.32278],[106.02789,20.32342],[106.02789,20.32376],[106.02997,20.32403],[106.02993,20.32551],[106.03299,20.32616],[106.03305,20.32752],[106.03196,20.32702],[106.03036,20.32705],[106.02933,20.3313],[106.02837,20.33079],[106.02794,20.33139],[106.02729,20.33124],[106.02534,20.33491],[106.02348,20.33449],[106.02294,20.33768],[106.02172,20.33727],[106.02063,20.3391],[106.01679,20.33705],[106.0163,20.33795],[106.0154,20.33764],[106.0124,20.34429],[106.01402,20.34455],[106.01372,20.34744],[106.0125,20.35041],[106.00953,20.34863],[106.01018,20.34809],[106.00794,20.34603],[106.00635,20.34541],[106.00591,20.34489],[106.00484,20.34749],[106.00257,20.34713],[106.00258,20.34829],[105.99887,20.34556],[105.99848,20.34623],[105.99694,20.3534],[105.99466,20.36127],[105.99431,20.36418],[105.99484,20.36454],[105.99861,20.36279],[105.99888,20.36304],[105.99658,20.36652],[105.99888,20.36674],[105.99888,20.36703],[106.00119,20.36887],[106.00169,20.36866],[106.00281,20.36916],[106.00283,20.36966],[106.00443,20.37018],[106.00499,20.36878]]]]}},
{"type":"Feature","id":"13864","properties":{"Ward_Code":"13864","Ward_Code_Num":13864,"Ward":"Vạn Thắng","Ward_Alt":"Vạn Thắng","Ward_Upper":"VẠN THẮNG","Ward_Full":"Xã Vạn Thắng","Ward_Full_Alt":"Xã Vạn Thắng","Ward_Full_Upper_Alt":"XÃ VẠN THẮNG","Ward_Type":"Xã","Province_Code":"37","Province":"Ninh Bình","Province_Upper_Alt":"NINH BÌNH"},"geometry":{"type":"MultiPolygon","coordinates":[[[[106.06703,20.32081],[106.07008,20.31942],[106.06959,20.31871],[106.0702,20.31839],[106.07007,20.31808],[106.07097,20.31772],[106.07066,20.31704],[106.07354,20.31589],[106.07368,20.31512],[106.07557,20.31405],[106.07547,20.31377],[106.07599,20.31351],[106.07564,20.31223],[106.07648,20.31198],[106.07626,20.31098],[106.07882,20.31005],[106.07898,20.31042],[106.08011,20.31005],[106.07998,20.30962],[106.08088,20.30934],[106.08173,20.31016],[106.08246,20.31194],[106.08415,20.31137],[106.0842,20.31205],[106.08574,20.31258],[106.08545,20.31354],[106.09398,20.3135],[106.09615,20.31322],[106.09623,20.31431],[106.09778,20.31346],[106.1001,20.31188],[106.10057,20.30076],[106.09846,20.30042],[106.09801,20.3005],[106.09797,20.30092],[106.09685,20.30108],[106.09685,20.30142],[106.09236,20.3007],[106.09182,20.30164],[106.09062,20.30169],[106.09025,20.3021],[106.08817,20.30275],[106.08104,20.30271],[106.08145,20.29728],[106.08149,20.29084],[106.08304,20.29079],[106.0833,20.28956],[106.08147,20.28958],[106.08151,20.28734],[106.08368,20.28711],[106.08431,20.28289],[106.08146,20.28311],[106.08046,20.28288],[106.08044,20.28258],[106.07941,20.28258],[106.07809,20.28142],[106.07778,20.28052],[106.07739,20.28047],[106.07631,20.28039],[106.07656,20.28078],[106.07636,20.2819],[106.07494,20.28193],[106.07495,20.28046],[106.07388,20.2805],[106.07364,20.27724],[106.07654,20.27782],[106.07698,20.27484],[106.07416,20.27514],[106.07304,20.27503],[106.07236,20.2745],[106.07122,20.27422],[106.06977,20.27423],[106.07008,20.27655],[106.06725,20.27601],[106.06488,20.27586],[106.06404,20.27611],[106.06467,20.27765],[106.06272,20.27811],[106.06254,20.28011],[106.06085,20.28005],[106.06031,20.27936],[106.06017,20.27835],[106.05474,20.28123],[106.05373,20.28111],[106.04519,20.28217],[106.04429,20.28209],[106.04502,20.27881],[106.03752,20.27591],[106.03623,20.27812],[106.03365,20.2773],[106.0324,20.28043],[106.02557,20.27799],[106.02817,20.27248],[106.02293,20.27256],[106.0214,20.27523],[106.02176,20.27532],[106.02131,20.27615],[106.02095,20.27604],[106.01503,20.28649],[106.01545,20.28686],[106.01481,20.28798],[106.01667,20.28877],[106.01581,20.29026],[106.01717,20.29116],[106.01661,20.29352],[106.01727,20.2938],[106.01623,20.29702],[106.01757,20.29751],[106.01717,20.2985],[106.01857,20.29892],[106.01803,20.29995],[106.02034,20.30074],[106.01944,20.30387],[106.02107,20.30442],[106.02057,20.30837],[106.02579,20.30925],[106.02637,20.30799],[106.02673,20.3081],[106.02647,20.30873],[106.02688,20.30902],[106.02809,20.30905],[106.02813,20.30682],[106.03485,20.30767],[106.03539,20.3068],[106.03755,20.30673],[106.03864,20.30764],[106.03987,20.30705],[106.04352,20.30345],[106.04373,20.30379],[106.04644,20.3026],[106.04626,20.29975],[106.04705,20.29986],[106.04976,20.30075],[106.05037,20.3029],[106.05122,20.30418],[106.05249,20.30752],[106.05362,20.31335],[106.05534,20.31846],[106.06041,20.31666],[106.06072,20.31741],[106.06227,20.31785],[106.0635,20.31912],[106.06394,20.32003],[106.06533,20.3194],[106.06606,20.32122],[106.06703,20.32081]]]]}},
{"type":"Feature","id":"13870","properties":{"Ward_Code":"13870","Ward_Code_Num":13870,"Ward":"Yên Cường","Ward_Alt":"Yên Cường","Ward_Upper":"YÊN CƯỜNG","Ward_Full":"Xã Yên Cường","Ward_Full_Alt":"Xã Yên Cường","Ward_Full_Upper_Alt":"XÃ YÊN CƯỜNG","Ward_Type":"Xã","Province_Code":"37","Province":"Ninh Bình","Province_Upper_Alt":"NINH BÌNH"},"geometry":{"type":"MultiPolygon","coordinates":[[[[106.13831,20.30629],[106.13855,20.30609],[106.13934,20.30703],[106.1388,20.30738],[106.13894,20.30782],[106.13932,20.30774],[106.1403,20.30723],[106.13977,20.30665],[106.14169,20.30522],[106.14162,20.30551],[106.14222,20.30566],[106.1439,20.30466],[106.14188,20.29911],[106.14152,20.29555],[106.14164,20.29261],[106.14361,20.28464],[106.1438,20.27799],[106.14235,20.2738],[106.13971,20.27005],[106.137,20.26842],[106.13291,20.26762],[106.12247,20.2694],[106.11946,20.26933],[106.11763,20.26885],[106.11464,20.26654],[106.11229,20.26337],[106.11029,20.26134],[106.10407,20.25681],[106.10028,20.25356],[106.09786,20.2503],[106.09604,20.25352],[106.09448,20.25471],[106.09322,20.25504],[106.09162,20.25497],[106.08898,20.25388],[106.08672,20.25202],[106.08471,20.24902],[106.08344,20.24503],[106.0817,20.24581],[106.07918,20.24796],[106.07738,20.25104],[106.07514,20.25023],[106.07454,20.25213],[106.07382,20.25178],[106.0731,20.25499],[106.07502,20.25527],[106.07394,20.25925],[106.0723,20.25891],[106.07177,20.26126],[106.07373,20.26142],[106.07335,20.26359],[106.07294,20.2637],[106.07275,20.27128],[106.0745,20.27113],[106.07457,20.2719],[106.07671,20.27114],[106.07672,20.27301],[106.07494,20.27309],[106.0749,20.27363],[106.07449,20.2739],[106.07447,20.27493],[106.07698,20.27484],[106.07654,20.27782],[106.07364,20.27724],[106.07388,20.2805],[106.07495,20.28046],[106.07494,20.28193],[106.07636,20.2819],[106.07656,20.28078],[106.07631,20.28039],[106.07739,20.28047],[106.07778,20.28052],[106.07809,20.28142],[106.07941,20.28258],[106.08044,20.28258],[106.08046,20.28288],[106.08146,20.28311],[106.08431,20.28289],[106.08368,20.28711],[106.08151,20.28734],[106.08147,20.28958],[106.0833,20.28956],[106.08304,20.29079],[106.08149,20.29084],[106.08145,20.29728],[106.08104,20.30271],[106.08817,20.30275],[106.09025,20.3021],[106.09062,20.30169],[106.09182,20.30164],[106.09236,20.3007],[106.09685,20.30142],[106.09685,20.30108],[106.09797,20.30092],[106.09801,20.3005],[106.09846,20.30042],[106.12572,20.30484],[106.12881,20.30815],[106.13246,20.3054],[106.13517,20.3088],[106.13831,20.30629]]]]}},
{"type":"Feature","id":"13879","properties":{"Ward_Code":"13879","Ward_Code_Num":13879,"Ward":"Yên Đồng","Ward_Alt":"Yên Đồng","Ward_Upper":"YÊN ĐỒNG","Ward_Full":"Xã Yên Đồng","Ward_Full_Alt":"Xã Yên Đồng","Ward_Full_Upper_Alt":"XÃ YÊN ĐỒNG","Ward_Type":"Xã","Province_Code":"37","Province":"Ninh Bình","Province_Upper_Alt":"NINH BÌNH"},"geometry":{"type":"MultiPolygon","coordinates":[[[[106.05328,20.28116],[106.05474,20.28123],[106.0555,20.28094],[106.06017,20.27835],[106.06031,20.27936],[106.06085,20.28005],[106.06254,20.28011],[106.06272,20.27811],[106.06467,20.27765],[106.06404,20.27611],[106.06488,20.27586],[106.06725,20.27601],[106.07008,20.27655],[106.06977,20.27423],[106.07122,20.27422],[106.07236,20.2745],[106.07304,20.27503],[106.07432,20.27515],[106.07494,20.27309],[106.07672,20.27301],[106.07671,20.27114],[106.07457,20.2719],[106.0745,20.27113],[106.07275,20.27128],[106.07294,20.2637],[106.07335,20.26359],[106.07373,20.26142],[106.07177,20.26126],[106.0723,20.25891],[106.07394,20.25925],[106.07502,20.25527],[106.0731,20.25499],[106.07382,20.25178],[106.07454,20.25213],[106.07523,20.25017],[106.07738,20.25104],[106.07918,20.24796],[106.0817,20.24581],[106.08344,20.24503],[106.0819,20.2389],[106.0804,20.23551],[106.07879,20.23323],[106.07441,20.22843],[106.06882,20.22379],[106.0626,20.21986],[106.05644,20.21722],[106.05203,20.2168],[106.04953,20.21708],[106.04527,20.21861],[106.04271,20.21987],[106.03987,20.22192],[106.03465,20.22645],[106.0314,20.23014],[106.03003,20.23263],[106.02923,20.2353],[106.02925,20.23716],[106.0301,20.23926],[106.0309,20.2399],[106.03356,20.24095],[106.03654,20.2411],[106.04206,20.24044],[106.04426,20.24047],[106.04619,20.24085],[106.0481,20.24185],[106.04881,20.24263],[106.04954,20.24426],[106.0497,20.246],[106.04892,20.24902],[106.04703,20.25197],[106.04386,20.25464],[106.04229,20.25527],[106.04085,20.2554],[106.03926,20.25505],[106.03304,20.25187],[106.03002,20.25087],[106.02558,20.25004],[106.01964,20.24981],[106.02093,20.2527],[106.0217,20.25274],[106.02166,20.25354],[106.02273,20.2559],[106.02541,20.25676],[106.02504,20.25824],[106.0239,20.25822],[106.02374,20.26085],[106.02297,20.26204],[106.02244,20.2623],[106.02222,20.26221],[106.02249,20.26174],[106.02154,20.26179],[106.02085,20.26323],[106.01941,20.26399],[106.0189,20.26545],[106.0173,20.26655],[106.01701,20.26766],[106.0171,20.26834],[106.01879,20.26943],[106.01829,20.26965],[106.01961,20.27117],[106.01979,20.27136],[106.02046,20.27093],[106.02117,20.27226],[106.0204,20.27242],[106.02027,20.27517],[106.0214,20.27523],[106.02297,20.27254],[106.02817,20.27248],[106.02558,20.27796],[106.02623,20.27825],[106.0324,20.28043],[106.03365,20.2773],[106.03623,20.27812],[106.03752,20.27591],[106.04502,20.27881],[106.04429,20.28209],[106.05328,20.28116]]]]}},
{"type":"Feature","id":"13891","properties":{"Ward_Code":"13891","Ward_Code_Num":13891,"Ward":"Nghĩa Hưng","Ward_Alt":"Nghĩa Hưng","Ward_Upper":"NGHĨA HƯNG","Ward_Full":"Xã Nghĩa Hưng","Ward_Full_Alt":"Xã Nghĩa Hưng","Ward_Full_Upper_Alt":"XÃ NGHĨA HƯNG","Ward_Type":"Xã","Province_Code":"37","Province":"Ninh Bình","Province_Upper_Alt":"NINH BÌNH"},"geometry":{"type":"MultiPolygon","coordinates":[[[[106.17288,20.2558],[106.17687,20.25254],[106.17745,20.25237],[106.17766,20.25188],[106.17718,20.25119],[106.17752,20.25076],[106.17569,20.24902],[106.17577,20.24814],[106.17537,20.24737],[106.17904,20.24687],[106.1793,20.24459],[106.17909,20.2439],[106.17955,20.24359],[106.18,20.24241],[106.18156,20.23735],[106.18127,20.23397],[106.18152,20.22795],[106.18322,20.22836],[106.18278,20.23007],[106.18579,20.23111],[106.18596,20.23184],[106.18787,20.23247],[106.18715,20.23562],[106.18758,20.23583],[106.18936,20.23296],[106.19009,20.23052],[106.19192,20.22936],[106.19229,20.22741],[106.19426,20.22627],[106.19436,20.22306],[106.19483,20.22265],[106.19659,20.22255],[106.19701,20.22208],[106.19705,20.22137],[106.19591,20.21822],[106.19581,20.21644],[106.19636,20.20948],[106.19721,20.20732],[106.19313,20.20433],[106.19059,20.20201],[106.18907,20.20508],[106.1864,20.20686],[106.1782,20.20831],[106.17491,20.20951],[106.17228,20.20986],[106.17242,20.20736],[106.17218,20.20642],[106.17155,20.2061],[106.16452,20.20574],[106.1628,20.20482],[106.16275,20.20393],[106.15788,20.20343],[106.15346,20.21535],[106.15272,20.22447],[106.15176,20.2263],[106.14993,20.22768],[106.14772,20.22793],[106.14644,20.22771],[106.13027,20.22172],[106.1297,20.23111],[106.1322,20.2328],[106.13056,20.23725],[106.1286,20.24132],[106.12407,20.24901],[106.1359,20.25555],[106.14108,20.24771],[106.14294,20.24847],[106.15731,20.25251],[106.1607,20.25431],[106.16155,20.25444],[106.16218,20.25328],[106.16532,20.25414],[106.16495,20.25518],[106.16778,20.25619],[106.16799,20.25566],[106.16927,20.25602],[106.1701,20.25643],[106.17051,20.25714],[106.1714,20.25744],[106.17163,20.25682],[106.17288,20.2558]]]]}},
{"type":"Feature","id":"13894","properties":{"Ward_Code":"13894","Ward_Code_Num":13894,"Ward":"Rạng Đông","Ward_Alt":"Rạng Đông","Ward_Upper":"RẠNG ĐÔNG","Ward_Full":"Xã Rạng Đông","Ward_Full_Alt":"Xã Rạng Đông","Ward_Full_Upper_Alt":"XÃ RẠNG ĐÔNG","Ward_Type":"Xã","Province_Code":"37","Province":"Ninh Bình","Province_Upper_Alt":"NINH BÌNH"},"geometry":{"type":"MultiPolygon","coordinates":[[[[106.18754,20.03436],[106.1887,20.03442],[106.18982,20.03391],[106.19074,20.03593],[106.19604,20.03707],[106.19663,20.036],[106.19955,20.03495],[106.20081,20.03308],[106.20224,20.03326],[106.20492,20.03155],[106.20344,20.02853],[106.20078,20.02504],[106.19827,20.01977],[106.19758,20.01665],[106.19695,20.01089],[106.19649,20.00939],[106.1942,20.00499],[106.18878,20.00508],[106.18895,20.00362],[106.18972,20.00266],[106.18901,20.00066],[106.18902,20.00041],[106.18957,20.00034],[106.18896,20.00001],[106.18891,19.9965],[106.18847,19.99441],[106.18617,19.99054],[106.18266,19.98236],[106.18114,19.98053],[106.17978,19.981],[106.17896,19.98021],[106.17959,19.97868],[106.17946,19.97767],[106.1765,19.97313],[106.17595,19.97287],[106.17601,19.97225],[106.17532,19.971],[106.1739,19.96976],[106.1754,19.9685],[106.17219,19.96551],[106.17074,19.96355],[106.16718,19.96074],[106.16478,19.95839],[106.16173,19.95394],[106.16003,19.95076],[106.15797,19.94917],[106.15441,19.94419],[106.15172,19.94601],[106.15584,19.94841],[106.15308,19.94689],[106.15165,19.94645],[106.15049,19.94707],[106.14921,19.946],[106.14903,19.94089],[106.14672,19.93705],[106.13275,19.91833],[106.1215,19.905],[106.10984,19.89356],[106.10462,19.88896],[106.10007,19.88692],[106.0944,19.88533],[106.09216,19.88508],[106.09095,19.884],[106.08986,19.88383],[106.08989,19.88418],[106.0914,19.88496],[106.09139,19.88604],[106.09205,19.8869],[106.08939,19.8915],[106.08931,19.89237],[106.08979,19.89355],[106.09216,19.89409],[106.09226,19.89336],[106.0934,19.89368],[106.09366,19.89397],[106.09398,19.89774],[106.09536,19.89862],[106.0976,19.89874],[106.0988,19.9014],[106.09725,19.90133],[106.09704,19.90262],[106.09478,19.90242],[106.09382,19.9028],[106.09377,19.90356],[106.09457,19.90567],[106.09602,19.90777],[106.098,19.90974],[106.09966,19.91224],[106.1012,19.91271],[106.10151,19.91405],[106.10451,19.91722],[106.10704,19.92055],[106.10987,19.92597],[106.11048,19.92849],[106.10994,19.93339],[106.10919,19.93532],[106.10965,19.93608],[106.10639,19.93504],[106.10417,19.93949],[106.09962,19.94683],[106.09624,19.95488],[106.09526,19.959],[106.0948,19.96265],[106.09483,19.96898],[106.10104,19.97076],[106.10111,19.97134],[106.10335,19.97164],[106.10333,19.98032],[106.10634,19.98952],[106.11682,19.98956],[106.11708,19.99646],[106.13282,19.99657],[106.14394,19.99955],[106.14769,19.99952],[106.15213,19.99745],[106.15527,19.99282],[106.16081,19.99256],[106.17769,19.99927],[106.17109,20.02148],[106.17534,20.02274],[106.17379,20.02777],[106.17658,20.02855],[106.176,20.0305],[106.17651,20.03066],[106.1756,20.03375],[106.18016,20.03445],[106.18221,20.03352],[106.18187,20.03772],[106.18671,20.03919],[106.18754,20.03436]]]]}},
{"type":"Feature","id":"13900","properties":{"Ward_Code":"13900","Ward_Code_Num":13900,"Ward":"Đồng Thịnh","Ward_Alt":"Đồng Thịnh","Ward_Upper":"ĐỒNG THỊNH","Ward_Full":"Xã Đồng Thịnh","Ward_Full_Alt":"Xã Đồng Thịnh","Ward_Full_Upper_Alt":"XÃ ĐỒNG THỊNH","Ward_Type":"Xã","Province_Code":"37","Province":"Ninh Bình","Province_Upper_Alt":"NINH BÌNH"},"geometry":{"type":"MultiPolygon","coordinates":[[[[106.14926,20.30768],[106.15014,20.30736],[106.15047,20.30763],[106.15353,20.30318],[106.15442,20.30123],[106.15492,20.29865],[106.15472,20.29828],[106.15648,20.29508],[106.15781,20.29397],[106.15933,20.29375],[106.15932,20.2922],[106.16113,20.28854],[106.16109,20.28801],[106.16336,20.28377],[106.15879,20.28199],[106.16896,20.26477],[106.17343,20.25515],[106.17163,20.25682],[106.1714,20.25744],[106.17051,20.25714],[106.1701,20.25643],[106.16927,20.25602],[106.16799,20.25566],[106.16778,20.25619],[106.16495,20.25518],[106.16532,20.25414],[106.16218,20.25328],[106.16155,20.25444],[106.1607,20.25431],[106.15731,20.25251],[106.14294,20.24847],[106.14108,20.24771],[106.1359,20.25555],[106.12407,20.24901],[106.1286,20.24132],[106.13056,20.23725],[106.1322,20.2328],[106.1297,20.23111],[106.13027,20.22172],[106.11284,20.21647],[106.10903,20.21608],[106.10642,20.21676],[106.10526,20.21807],[106.10442,20.21965],[106.1023,20.22584],[106.10083,20.23694],[106.09977,20.24072],[106.09733,20.24687],[106.09743,20.24901],[106.09786,20.2503],[106.10028,20.25356],[106.10407,20.25681],[106.11029,20.26134],[106.11229,20.26337],[106.11464,20.26654],[106.11763,20.26885],[106.11946,20.26933],[106.12247,20.2694],[106.13291,20.26762],[106.137,20.26842],[106.13971,20.27005],[106.14042,20.27084],[106.14235,20.2738],[106.14354,20.27677],[106.1439,20.27966],[106.14361,20.28464],[106.14164,20.29261],[106.14156,20.29744],[106.14188,20.29911],[106.1439,20.30466],[106.14668,20.30968],[106.14774,20.31091],[106.15014,20.3081],[106.14926,20.30768]]]]}},
{"type":"Feature","id":"13918","properties":{"Ward_Code":"13918","Ward_Code_Num":13918,"Ward":"Nghĩa Sơn","Ward_Alt":"Nghĩa Sơn","Ward_Upper":"NGHĨA SƠN","Ward_Full":"Xã Nghĩa Sơn","Ward_Full_Alt":"Xã Nghĩa Sơn","Ward_Full_Upper_Alt":"XÃ NGHĨA SƠN","Ward_Type":"Xã","Province_Code":"37","Province":"Ninh Bình","Province_Upper_Alt":"NINH BÌNH"},"geometry":{"type":"MultiPolygon","coordinates":[[[[106.18793,20.2059],[106.18945,20.20457],[106.19059,20.20201],[106.1876,20.19808],[106.1854,20.1942],[106.18262,20.18653],[106.18144,20.182],[106.17954,20.17018],[106.17859,20.16141],[106.17806,20.15194],[106.17823,20.14241],[106.17877,20.13977],[106.1807,20.13389],[106.18243,20.13056],[106.18849,20.12338],[106.19507,20.11727],[106.19797,20.1132],[106.20277,20.10023],[106.18089,20.09874],[106.18043,20.10153],[106.18112,20.10403],[106.18077,20.10464],[106.18004,20.10461],[106.17987,20.1058],[106.15706,20.1085],[106.15312,20.11049],[106.15708,20.1182],[106.15978,20.12126],[106.16477,20.12555],[106.16742,20.12878],[106.16805,20.13071],[106.1684,20.13464],[106.16776,20.14042],[106.16488,20.15228],[106.1633,20.16088],[106.16242,20.18584],[106.15991,20.19777],[106.15788,20.20343],[106.16275,20.20393],[106.1628,20.20482],[106.16452,20.20574],[106.17155,20.2061],[106.17218,20.20642],[106.17242,20.20736],[106.17228,20.20986],[106.17491,20.20951],[106.1782,20.20831],[106.18599,20.20697],[106.18793,20.2059]]]]}},
{"type":"Feature","id":"13927","properties":{"Ward_Code":"13927","Ward_Code_Num":13927,"Ward":"Hồng Phong","Ward_Alt":"Hồng Phong","Ward_Upper":"HỒNG PHONG","Ward_Full":"Xã Hồng Phong","Ward_Full_Alt":"Xã Hồng Phong","Ward_Full_Upper_Alt":"XÃ HỒNG PHONG","Ward_Type":"Xã","Province_Code":"37","Province":"Ninh Bình","Province_Upper_Alt":"NINH BÌNH"},"geometry":{"type":"MultiPolygon","coordinates":[[[[106.18004,20.10461],[106.18077,20.10464],[106.18112,20.10403],[106.18043,20.10153],[106.18089,20.09874],[106.20277,20.10023],[106.20703,20.09038],[106.20888,20.0848],[106.20953,20.08046],[106.20939,20.07141],[106.20534,20.07162],[106.20502,20.07205],[106.19065,20.06005],[106.19036,20.06042],[106.18988,20.06007],[106.18667,20.0598],[106.18614,20.0633],[106.16703,20.06118],[106.16702,20.05908],[106.15891,20.0603],[106.16009,20.06326],[106.15167,20.06371],[106.15158,20.06418],[106.14428,20.06543],[106.14164,20.06654],[106.14317,20.0707],[106.14375,20.07359],[106.14413,20.07982],[106.14562,20.09263],[106.14892999999999,20.10257],[106.15312,20.11049],[106.15706,20.1085],[106.17987,20.1058],[106.18004,20.10461]]]]}},
{"type":"Feature","id":"13939","properties":{"Ward_Code":"13939","Ward_Code_Num":13939,"Ward":"Quỹ Nhất","Ward_Alt":"Quỹ Nhất","Ward_Upper":"QUỸ NHẤT","Ward_Full":"Xã Quỹ Nhất","Ward_Full_Alt":"Xã Quỹ Nhất","Ward_Full_Upper_Alt":"XÃ QUỸ NHẤT","Ward_Type":"Xã","Province_Code":"37","Province":"Ninh Bình","Province_Upper_Alt":"NINH BÌNH"},"geometry":{"type":"MultiPolygon","coordinates":[[[[106.20523,20.07167],[106.20939,20.07141],[106.20805,20.06232],[106.20813,20.05813],[106.20867,20.05432],[106.21001,20.04997],[106.21011,20.04779],[106.20918,20.04267],[106.20621,20.03408],[106.20492,20.03155],[106.20224,20.03326],[106.20081,20.03308],[106.19955,20.03495],[106.19663,20.036],[106.19604,20.03707],[106.19074,20.03593],[106.18982,20.03391],[106.1887,20.03442],[106.18754,20.03436],[106.18671,20.03919],[106.18187,20.03772],[106.18221,20.03352],[106.18016,20.03445],[106.1756,20.03375],[106.17651,20.03066],[106.176,20.0305],[106.17658,20.02855],[106.17379,20.02777],[106.17534,20.02274],[106.17109,20.02148],[106.17769,19.99927],[106.16127,19.99264],[106.15527,19.99282],[106.15247,19.996949999999998],[106.15409,19.996949999999998],[106.15407,19.99776],[106.15623,19.99776],[106.15617,19.99948],[106.15599,20.00228],[106.15207,20.00228],[106.15157,20.03225],[106.15127,20.03741],[106.14991,20.03767],[106.1501,20.04338],[106.14476,20.04499],[106.14476,20.04816],[106.14498,20.04818],[106.1449,20.04928],[106.14519,20.04957],[106.14464,20.04968],[106.14465,20.0502],[106.12604,20.05601],[106.13218,20.0576],[106.1369,20.06018],[106.13979,20.0633],[106.14164,20.06654],[106.14428,20.06543],[106.15158,20.06418],[106.15167,20.06371],[106.16009,20.06326],[106.15891,20.0603],[106.16702,20.05908],[106.16703,20.06118],[106.18614,20.0633],[106.18667,20.0598],[106.18988,20.06007],[106.19036,20.06042],[106.19065,20.06005],[106.20502,20.07205],[106.20523,20.07167]]]]}},
{"type":"Feature","id":"13957","properties":{"Ward_Code":"13957","Ward_Code_Num":13957,"Ward":"Nghĩa Lâm","Ward_Alt":"Nghĩa Lâm","Ward_Upper":"NGHĨA LÂM","Ward_Full":"Xã Nghĩa Lâm","Ward_Full_Alt":"Xã Nghĩa Lâm","Ward_Full_Upper_Alt":"XÃ NGHĨA LÂM","Ward_Type":"Xã","Province_Code":"37","Province":"Ninh Bình","Province_Upper_Alt":"NINH BÌNH"},"geometry":{"type":"MultiPolygon","coordinates":[[[[106.14788,20.04401],[106.1501,20.04338],[106.14991,20.03767],[106.15128,20.03737],[106.15207,20.00228],[106.15599,20.00228],[106.15623,19.99776],[106.15407,19.99776],[106.15409,19.996949999999998],[106.15247,19.996949999999998],[106.15205,19.99752],[106.14769,19.99952],[106.14432,19.99962],[106.13282,19.99657],[106.11708,19.99646],[106.11682,19.98956],[106.10634,19.98952],[106.10333,19.98032],[106.10335,19.97164],[106.10111,19.97134],[106.10104,19.97076],[106.09483,19.96898],[106.09602,19.97517],[106.09872,19.98416],[106.10026,19.98854],[106.10719,20.00515],[106.1104,20.01444],[106.11216,20.02312],[106.11394,20.04292],[106.11517,20.0479],[106.11647,20.05018],[106.11995,20.0531],[106.12604,20.05601],[106.14465,20.0502],[106.14464,20.04968],[106.14519,20.04957],[106.1449,20.04928],[106.14498,20.04818],[106.14476,20.04816],[106.14476,20.04499],[106.14788,20.04401]]]]}},
{"type":"Feature","id":"13966","properties":{"Ward_Code":"13966","Ward_Code_Num":13966,"Ward":"Nam Trực","Ward_Alt":"Nam Trực","Ward_Upper":"NAM TRỰC","Ward_Full":"Xã Nam Trực","Ward_Full_Alt":"Xã Nam Trực","Ward_Full_Upper_Alt":"XÃ NAM TRỰC","Ward_Type":"Xã","Province_Code":"37","Province":"Ninh Bình","Province_Upper_Alt":"NINH BÌNH"},"geometry":{"type":"MultiPolygon","coordinates":[[[[106.17855,20.3743],[106.17978,20.37365],[106.18051,20.37471],[106.18428,20.37388],[106.18415,20.373169999999998],[106.18443,20.37272],[106.18412,20.37159],[106.18383,20.37154],[106.18478,20.37046],[106.18361,20.36996],[106.18403,20.36853],[106.18432,20.36825],[106.18591,20.36818],[106.18621,20.36705],[106.18739,20.36745],[106.18814,20.36635],[106.18925,20.36666],[106.18957,20.36583],[106.19111,20.36576],[106.19145,20.36585],[106.19147,20.36644],[106.19305,20.36658],[106.19303,20.36548],[106.20164,20.3664],[106.20163,20.36591],[106.20266,20.36518],[106.20537,20.3697],[106.20612,20.37015],[106.20724,20.36513],[106.2033,20.3639],[106.20401,20.36035],[106.20057,20.35949],[106.20091,20.35749],[106.2006,20.35724],[106.20093,20.357],[106.20164,20.35725],[106.2019,20.35677],[106.20328,20.35714],[106.2034,20.35673],[106.20459,20.35709],[106.20465,20.35641],[106.20549,20.35657],[106.20612,20.35593],[106.20662,20.3564],[106.20671,20.35584],[106.20866,20.35619],[106.20854,20.35682],[106.2091,20.35689],[106.20919,20.35647],[106.21147,20.35736],[106.21164,20.35698],[106.21264,20.35727],[106.21245,20.35838],[106.21316,20.35829],[106.21323,20.35889],[106.21387,20.35861],[106.2142,20.35938],[106.2159,20.35792],[106.21624,20.35908],[106.21928,20.35854],[106.22008,20.3589],[106.22019,20.35947],[106.22135,20.35923],[106.22245,20.35956],[106.2222,20.35917],[106.22285,20.35912],[106.22288,20.35873],[106.22366,20.35875],[106.22425,20.35565],[106.22422,20.3532],[106.22454,20.35323],[106.22559,20.35196],[106.22556,20.35073],[106.22502,20.35058],[106.22389,20.34154],[106.22385,20.33974],[106.22441,20.3393],[106.22254,20.33896],[106.22278,20.33823],[106.21941,20.33758],[106.2196,20.33595],[106.21816,20.33558],[106.21817,20.3353],[106.21766,20.33506],[106.21547,20.33427],[106.21546,20.33513],[106.21319,20.33485],[106.21442,20.32661],[106.21072,20.32537],[106.21049,20.3259],[106.20819,20.32489],[106.20774,20.32588],[106.20598,20.32556],[106.20567,20.326],[106.20515,20.32582],[106.2045,20.32703],[106.20382,20.32672],[106.20328,20.32795],[106.20223,20.32746],[106.2014,20.33021],[106.20084,20.3301],[106.20077,20.33044],[106.20032,20.33041],[106.20018,20.33156],[106.19926,20.33135],[106.19918,20.33187],[106.19835,20.33172],[106.19751,20.33394],[106.19749,20.33346],[106.19709,20.33338],[106.19698,20.33386],[106.17336,20.32949],[106.17308,20.33049],[106.17281,20.32993],[106.17259,20.33035],[106.1723,20.33025],[106.17089,20.33289],[106.17,20.33306],[106.16979,20.33553],[106.16888,20.33672],[106.16654,20.3373],[106.16382,20.33718],[106.16317,20.33755],[106.16239,20.33917],[106.16219,20.34171],[106.16372,20.34686],[106.16577,20.35115],[106.16899,20.34962],[106.16982,20.35016],[106.16989,20.35058],[106.1711,20.35074],[106.17312,20.35065],[106.17322,20.34951],[106.17946,20.35007],[106.18027,20.35374],[106.17999,20.35374],[106.17992,20.35414],[106.17922,20.35408],[106.17907,20.35983],[106.17856,20.36004],[106.17837,20.36052],[106.17776,20.36054],[106.17785,20.36122],[106.17714,20.36129],[106.17703,20.36242],[106.17621,20.36235],[106.17586,20.36464],[106.17484,20.36435],[106.17353,20.36448],[106.17368,20.36766],[106.17522,20.37171],[106.17499,20.37289],[106.17606,20.37349],[106.1761,20.37407],[106.17714,20.37415],[106.17724,20.37508],[106.17855,20.3743]]]]}},
{"type":"Feature","id":"13972","properties":{"Ward_Code":"13972","Ward_Code_Num":13972,"Ward":"Vị Khê","Ward_Alt":"Vị Khê","Ward_Upper":"VỊ KHÊ","Ward_Full":"Phường Vị Khê","Ward_Full_Alt":"Phường Vị Khê","Ward_Full_Upper_Alt":"PHƯỜNG VỊ KHÊ","Ward_Type":"Phường","Province_Code":"37","Province":"Ninh Bình","Province_Upper_Alt":"NINH BÌNH"},"geometry":{"type":"MultiPolygon","coordinates":[[[[106.188,20.38312],[106.18796,20.38232],[106.18634,20.38223],[106.18643,20.37939],[106.18475,20.37937],[106.18479,20.37587],[106.18307,20.37588],[106.18319,20.37409],[106.18046,20.37463],[106.18001,20.38372],[106.18532,20.38303],[106.18749,20.38371],[106.188,20.38312]]],[[[106.20283,20.44387],[106.20386,20.44354],[106.20539,20.44244],[106.2064,20.44038],[106.20465,20.43286],[106.20525,20.43068],[106.20643,20.43009],[106.20987,20.42972],[106.20937,20.4269],[106.20976,20.42494],[106.21106,20.42168],[106.21261,20.41923],[106.21522,20.41615],[106.21915,20.41221],[106.22182,20.41028],[106.22657,20.40795],[106.2336,20.40594],[106.24064,20.40522],[106.24591,20.40514],[106.25841,20.40637],[106.25831,20.40391],[106.25768,20.40089],[106.25698,20.39816],[106.25644,20.39747],[106.25547,20.3981],[106.25089,20.39887],[106.24993,20.39809],[106.24889,20.39932],[106.24513,20.39647],[106.24444,20.39685],[106.2437,20.39676],[106.23741,20.39166],[106.24028,20.3864],[106.23931,20.38582],[106.24007,20.38298],[106.23868,20.38293],[106.2382,20.38183],[106.23844,20.38122],[106.23948,20.38069],[106.23976,20.37999],[106.23822,20.37843],[106.23639,20.37795],[106.23548,20.37698],[106.23504,20.37359],[106.23329,20.37334],[106.23321,20.37131],[106.22966,20.37356],[106.22925,20.3722],[106.22694,20.37265],[106.22682,20.37347],[106.22608,20.37411],[106.22375,20.37378],[106.22198,20.37643],[106.22154,20.37654],[106.2217,20.37973],[106.21935,20.38157],[106.21946,20.38399],[106.21578,20.39598],[106.21387,20.39666],[106.21328,20.39628],[106.21309,20.39354],[106.21242,20.3936],[106.21203,20.39287],[106.20786,20.39278],[106.20782,20.39391],[106.20564,20.39458],[106.20524,20.39393],[106.20677,20.39251],[106.20693,20.39035],[106.20813,20.39029],[106.20837,20.38386],[106.20592,20.38365],[106.20607,20.38241],[106.20675,20.38125],[106.20543,20.37941],[106.20426,20.37874],[106.20468,20.37693],[106.20098,20.37592],[106.20054,20.37817],[106.19254,20.3789],[106.19284,20.38099],[106.19255,20.38255],[106.19196,20.38265],[106.19195,20.38387],[106.19097,20.38631],[106.19206,20.38649],[106.19204,20.38876],[106.19534,20.38924],[106.19534,20.39042],[106.19475,20.39092],[106.19566,20.39144],[106.19402,20.39592],[106.19633,20.39654],[106.19569,20.40099],[106.19412,20.40096],[106.19288,20.40589],[106.19326,20.40588],[106.1933,20.40655],[106.19408,20.40759],[106.19527,20.40663],[106.1955,20.40723],[106.19524,20.40724],[106.19541,20.40777],[106.19476,20.4125],[106.19418,20.41266],[106.19346,20.41372],[106.1912,20.41368],[106.19072,20.41463],[106.18913,20.41376],[106.18744,20.41438],[106.18676,20.41392],[106.18417,20.41608],[106.18012,20.42072],[106.18983,20.43083],[106.19198,20.43358],[106.19624,20.44092],[106.19718,20.44188],[106.19958,20.44336],[106.20283,20.44387]]]]}},
{"type":"Feature","id":"13984","properties":{"Ward_Code":"13984","Ward_Code_Num":13984,"Ward":"Hồng Quang","Ward_Alt":"Hồng Quang","Ward_Upper":"HỒNG QUANG","Ward_Full":"Phường Hồng Quang","Ward_Full_Alt":"Phường Hồng Quang","Ward_Full_Upper_Alt":"PHƯỜNG HỒNG QUANG","Ward_Type":"Phường","Province_Code":"37","Province":"Ninh Bình","Province_Upper_Alt":"NINH BÌNH"},"geometry":{"type":"MultiPolygon","coordinates":[[[[106.22776,20.37247],[106.22764,20.37031],[106.2284,20.37024],[106.22865,20.36296],[106.22939,20.36071],[106.22998,20.36095],[106.23072,20.36077],[106.23161,20.35925],[106.23198,20.35912],[106.23204,20.35853],[106.23309,20.35857],[106.23307,20.35889],[106.23368,20.35915],[106.23578,20.35621],[106.23326,20.35677],[106.23277,20.3516],[106.23115,20.3527],[106.22968,20.3518],[106.22862,20.35186],[106.22748,20.35043],[106.22556,20.35073],[106.22559,20.35196],[106.22454,20.35323],[106.22422,20.3532],[106.22425,20.35565],[106.22366,20.35875],[106.22288,20.35873],[106.22285,20.35912],[106.2222,20.35917],[106.22245,20.35956],[106.22135,20.35923],[106.22019,20.35947],[106.22008,20.3589],[106.21928,20.35854],[106.21624,20.35908],[106.2159,20.35792],[106.2142,20.35938],[106.21387,20.35861],[106.21323,20.35889],[106.21316,20.35829],[106.21245,20.35838],[106.21264,20.35727],[106.21164,20.35698],[106.21147,20.35736],[106.20919,20.35647],[106.2091,20.35689],[106.20854,20.35682],[106.20866,20.35619],[106.20671,20.35584],[106.20662,20.3564],[106.20612,20.35593],[106.20549,20.35657],[106.20465,20.35641],[106.20459,20.35709],[106.2034,20.35673],[106.20328,20.35714],[106.2019,20.35677],[106.20164,20.35725],[106.20093,20.357],[106.2006,20.35724],[106.20091,20.35749],[106.20057,20.35949],[106.20401,20.36035],[106.2033,20.3639],[106.20724,20.36513],[106.20608,20.37018],[106.20537,20.3697],[106.20266,20.36518],[106.20163,20.36591],[106.20164,20.3664],[106.19303,20.36548],[106.19305,20.36658],[106.19147,20.36644],[106.19145,20.36585],[106.19111,20.36576],[106.18957,20.36583],[106.18925,20.36666],[106.18814,20.36635],[106.18739,20.36745],[106.18621,20.36705],[106.18591,20.36818],[106.18432,20.36825],[106.18361,20.36996],[106.18478,20.37046],[106.18383,20.37154],[106.18412,20.37159],[106.18443,20.37272],[106.18415,20.373169999999998],[106.18428,20.37388],[106.18319,20.37409],[106.18307,20.37588],[106.18479,20.37587],[106.18475,20.37937],[106.18643,20.37939],[106.18634,20.38223],[106.18796,20.38232],[106.188,20.38312],[106.18749,20.38371],[106.18532,20.38303],[106.18001,20.38372],[106.18046,20.37463],[106.17978,20.37365],[106.17724,20.37508],[106.17714,20.37415],[106.17604,20.37402],[106.17606,20.37349],[106.17499,20.37289],[106.1752,20.37162],[106.17368,20.36766],[106.17357,20.36441],[106.17586,20.36464],[106.17621,20.36235],[106.17703,20.36242],[106.17714,20.36129],[106.17785,20.36122],[106.17776,20.36054],[106.17837,20.36052],[106.17856,20.36004],[106.17907,20.35983],[106.17922,20.35408],[106.17992,20.35414],[106.17999,20.35374],[106.18027,20.35374],[106.17946,20.35007],[106.17322,20.34951],[106.17312,20.35065],[106.1711,20.35074],[106.16989,20.35058],[106.16982,20.35016],[106.16899,20.34962],[106.16577,20.35115],[106.16646,20.35312],[106.1679,20.35461],[106.16931,20.35717],[106.17037,20.36025],[106.1704,20.362],[106.16871,20.36373],[106.16661,20.36426],[106.1647,20.36413],[106.16402,20.36265],[106.1641,20.36033],[106.16363,20.35851],[106.16304,20.35775],[106.16216,20.35732],[106.16055,20.35702],[106.15744,20.35725],[106.15607,20.35793],[106.15486,20.35897],[106.15385,20.36051],[106.15288,20.36301],[106.15299,20.36936],[106.15428,20.37564],[106.1591,20.38704],[106.1611,20.39016],[106.16549,20.39454],[106.16963,20.40063],[106.17181,20.4049],[106.17311,20.40896],[106.17616,20.40843],[106.17563,20.40674],[106.17683,20.4059],[106.17794,20.40556],[106.18025,20.40533],[106.18022,20.4071],[106.18417,20.40661],[106.18294,20.41039],[106.1836,20.4104],[106.18378,20.41142],[106.18652,20.41204],[106.18608,20.41342],[106.18744,20.41438],[106.18905,20.41375],[106.19072,20.41463],[106.1912,20.41368],[106.19346,20.41372],[106.19418,20.41266],[106.19476,20.4125],[106.19496,20.41128],[106.19541,20.40777],[106.19524,20.40724],[106.1955,20.40723],[106.19527,20.40663],[106.19408,20.40759],[106.1933,20.40655],[106.19326,20.40588],[106.19288,20.40589],[106.19412,20.40096],[106.19569,20.40099],[106.19633,20.39654],[106.19402,20.39592],[106.19566,20.39144],[106.19475,20.39092],[106.19534,20.39042],[106.19534,20.38924],[106.19204,20.38876],[106.19206,20.38649],[106.19097,20.38631],[106.19195,20.38387],[106.19196,20.38265],[106.19255,20.38255],[106.19284,20.38099],[106.19254,20.3789],[106.20054,20.37817],[106.20098,20.37592],[106.20468,20.37693],[106.20426,20.37874],[106.20543,20.37941],[106.20675,20.38125],[106.20607,20.38241],[106.20592,20.38365],[106.20837,20.38386],[106.20813,20.39029],[106.20693,20.39035],[106.20677,20.39251],[106.20524,20.39393],[106.20564,20.39458],[106.20782,20.39391],[106.20786,20.39278],[106.21203,20.39287],[106.21242,20.3936],[106.21309,20.39354],[106.21328,20.39628],[106.21387,20.39666],[106.21578,20.39598],[106.21946,20.38399],[106.21935,20.38157],[106.2217,20.37973],[106.22154,20.37654],[106.22198,20.37643],[106.22375,20.37378],[106.22608,20.37411],[106.22682,20.37347],[106.22694,20.37265],[106.22776,20.37247]]]]}},
{"type":"Feature","id":"13987","properties":{"Ward_Code":"13987","Ward_Code_Num":13987,"Ward":"Nam Hồng","Ward_Alt":"Nam Hồng","Ward_Upper":"NAM HỒNG","Ward_Full":"Xã Nam Hồng","Ward_Full_Alt":"Xã Nam Hồng","Ward_Full_Upper_Alt":"XÃ NAM HỒNG","Ward_Type":"Xã","Province_Code":"37","Province":"Ninh Bình","Province_Upper_Alt":"NINH BÌNH"},"geometry":{"type":"MultiPolygon","coordinates":[[[[106.2838,20.39805],[106.28574,20.39394],[106.28663,20.3892],[106.28622,20.38494],[106.28501,20.38148],[106.28244,20.37812],[106.27926,20.37555],[106.26622,20.36688],[106.2575,20.3599],[106.2558,20.35798],[106.25383,20.35436],[106.25229,20.3486],[106.25209,20.3451],[106.25263,20.34118],[106.2545,20.33614],[106.25256,20.33528],[106.25302,20.33407],[106.25088,20.33326],[106.25184,20.3306],[106.25134,20.33034],[106.25246,20.32811],[106.25012,20.3271],[106.25168,20.32332],[106.2452,20.32048],[106.2448,20.32153],[106.24355,20.32105],[106.24295,20.32286],[106.23845,20.32063],[106.239,20.31886],[106.23618,20.31761],[106.23478,20.32164],[106.23576,20.32189],[106.23427,20.32617],[106.23275,20.3258],[106.23266,20.32615],[106.23143,20.32592],[106.23265,20.32771],[106.23259,20.32844],[106.23227,20.32885],[106.2302,20.32938],[106.23001,20.32988],[106.23072,20.33217],[106.23155,20.33304],[106.23386,20.33435],[106.23658,20.33429],[106.23537,20.33595],[106.23592,20.3369],[106.23678,20.33726],[106.23534,20.34121],[106.23428,20.34091],[106.23349,20.34223],[106.23277,20.3516],[106.23326,20.35677],[106.23578,20.35621],[106.23368,20.35915],[106.23307,20.35889],[106.23309,20.35857],[106.23204,20.35853],[106.23198,20.35912],[106.23161,20.35925],[106.23072,20.36077],[106.22998,20.36095],[106.22939,20.36071],[106.22865,20.36296],[106.2284,20.37024],[106.22764,20.37031],[106.22776,20.37247],[106.22925,20.3722],[106.22966,20.37356],[106.23321,20.37131],[106.23329,20.37334],[106.23504,20.37359],[106.23548,20.37698],[106.23639,20.37795],[106.23822,20.37843],[106.23976,20.37999],[106.23948,20.38069],[106.23844,20.38122],[106.2382,20.38183],[106.23868,20.38293],[106.24007,20.38298],[106.23931,20.38582],[106.24028,20.3864],[106.23741,20.39166],[106.2437,20.39676],[106.24444,20.39685],[106.24513,20.39647],[106.24889,20.39932],[106.24993,20.39809],[106.25089,20.39887],[106.25547,20.3981],[106.25644,20.39747],[106.25698,20.39816],[106.25768,20.40089],[106.25831,20.40391],[106.25841,20.40637],[106.26127,20.40638],[106.26345,20.40602],[106.27433,20.40353],[106.27764,20.40333],[106.27908,20.40289],[106.28099,20.40184],[106.28252,20.40022],[106.2838,20.39805]]]]}},
{"type":"Feature","id":"14005","properties":{"Ward_Code":"14005","Ward_Code_Num":14005,"Ward":"Nam Ninh","Ward_Alt":"Nam Ninh","Ward_Upper":"NAM NINH","Ward_Full":"Xã Nam Ninh","Ward_Full_Alt":"Xã Nam Ninh","Ward_Full_Upper_Alt":"XÃ NAM NINH","Ward_Type":"Xã","Province_Code":"37","Province":"Ninh Bình","Province_Upper_Alt":"NINH BÌNH"},"geometry":{"type":"MultiPolygon","coordinates":[[[[106.23204,20.35216],[106.23296,20.35109],[106.23349,20.34223],[106.23428,20.34091],[106.23534,20.34121],[106.23678,20.33726],[106.23592,20.3369],[106.23537,20.33595],[106.23658,20.33429],[106.23386,20.33435],[106.23155,20.33304],[106.23061,20.33192],[106.23004,20.3296],[106.23227,20.32885],[106.23259,20.32844],[106.23265,20.32771],[106.23143,20.32592],[106.23266,20.32615],[106.23275,20.3258],[106.23427,20.32617],[106.23576,20.32189],[106.23478,20.32164],[106.23618,20.31761],[106.239,20.31886],[106.23845,20.32063],[106.24295,20.32286],[106.24355,20.32105],[106.2448,20.32153],[106.2452,20.32048],[106.25168,20.32332],[106.25012,20.3271],[106.25246,20.32811],[106.25134,20.33034],[106.25184,20.3306],[106.25088,20.33326],[106.25302,20.33407],[106.25256,20.33528],[106.2545,20.33614],[106.25622,20.33286],[106.25899,20.32967],[106.26113,20.32819],[106.26498,20.32666],[106.26424,20.32535],[106.26282,20.32381],[106.26235,20.32271],[106.2608,20.32111],[106.25705,20.3158],[106.25583,20.31477],[106.25136,20.31289],[106.25086,20.31198],[106.25085,20.31062],[106.25127,20.30928],[106.25248,20.30728],[106.25654,20.30346],[106.26104,20.30047],[106.26405,20.29799],[106.26637,20.29534],[106.26821,20.2922],[106.26192,20.289],[106.26225,20.28829],[106.26158,20.28785],[106.26231,20.28537],[106.26112,20.2854],[106.26021,20.285],[106.25634,20.28151],[106.25374,20.28032],[106.24887,20.28008],[106.24956,20.27527],[106.24706,20.27555],[106.24662,20.27319],[106.24557,20.2734],[106.24456,20.27206],[106.24527,20.27025],[106.24189,20.26858],[106.24202,20.26778],[106.23767,20.26863],[106.23697,20.26674],[106.23695,20.26551],[106.23347,20.26602],[106.23238,20.26363],[106.23157,20.26366],[106.23149,20.26201],[106.23113,20.26197],[106.23088,20.26409],[106.22978,20.26404],[106.22976,20.26319],[106.22888,20.26318],[106.22884,20.26351],[106.22847,20.26353],[106.22849,20.26482],[106.22704,20.26506],[106.22923,20.26925],[106.2303,20.27281],[106.22943,20.27365],[106.22814,20.27337],[106.22814,20.27434],[106.22648,20.27438],[106.22652,20.27835],[106.22439,20.27837],[106.22529,20.27911],[106.22526,20.27954],[106.22584,20.27945],[106.22584,20.28039],[106.22496,20.28027],[106.22497,20.28054],[106.2242,20.28088],[106.2207,20.28035],[106.21704,20.28042],[106.21678,20.28156],[106.21796,20.28191],[106.21758,20.28317],[106.21854,20.28334],[106.21795,20.28848],[106.22381,20.2893],[106.2234,20.29329],[106.2283,20.29334],[106.22782,20.29677],[106.22806,20.29681],[106.22764,20.30006],[106.22619,20.30528],[106.22394,20.30475],[106.2225,20.30983],[106.22344,20.31016],[106.22292,20.31208],[106.22359,20.31217],[106.22343,20.3133],[106.22376,20.31336],[106.2217,20.32052],[106.22074,20.32508],[106.22065,20.32569],[106.22108,20.32684],[106.22093,20.32752],[106.22071,20.32778],[106.2186,20.32708],[106.21803,20.3283],[106.21816,20.32864],[106.21787,20.32878],[106.2168,20.32869],[106.21638,20.32855],[106.21646,20.32824],[106.21588,20.32814],[106.21518,20.32827],[106.2152,20.32856],[106.21414,20.32854],[106.21319,20.33485],[106.21546,20.33513],[106.21547,20.33427],[106.21766,20.33506],[106.21817,20.3353],[106.21816,20.33558],[106.2196,20.33595],[106.21941,20.33758],[106.22278,20.33823],[106.22254,20.33896],[106.22441,20.3393],[106.22385,20.33974],[106.22389,20.34154],[106.22502,20.35058],[106.22601,20.35076],[106.22757,20.35046],[106.22862,20.35186],[106.22968,20.3518],[106.23115,20.3527],[106.23204,20.35216]]]]}},
{"type":"Feature","id":"14011","properties":{"Ward_Code":"14011","Ward_Code_Num":14011,"Ward":"Nam Minh","Ward_Alt":"Nam Minh","Ward_Upper":"NAM MINH","Ward_Full":"Xã Nam Minh","Ward_Full_Alt":"Xã Nam Minh","Ward_Full_Upper_Alt":"XÃ NAM MINH","Ward_Type":"Xã","Province_Code":"37","Province":"Ninh Bình","Province_Upper_Alt":"NINH BÌNH"},"geometry":{"type":"MultiPolygon","coordinates":[[[[106.19768,20.33349],[106.19835,20.33172],[106.19918,20.33187],[106.19926,20.33135],[106.20018,20.33156],[106.20032,20.33041],[106.20077,20.33044],[106.20084,20.3301],[106.2014,20.33021],[106.20223,20.32746],[106.20328,20.32795],[106.20382,20.32672],[106.2045,20.32703],[106.20515,20.32582],[106.20567,20.326],[106.20598,20.32556],[106.20774,20.32588],[106.20819,20.32489],[106.21049,20.3259],[106.21072,20.32537],[106.21442,20.32661],[106.21414,20.32854],[106.2152,20.32856],[106.21518,20.32827],[106.21588,20.32814],[106.21646,20.32824],[106.21638,20.32855],[106.2168,20.32869],[106.21787,20.32878],[106.21816,20.32864],[106.21803,20.3283],[106.2186,20.32708],[106.22071,20.32778],[106.22109,20.32709],[106.22074,20.32508],[106.2217,20.32052],[106.22376,20.31336],[106.22343,20.3133],[106.22359,20.31217],[106.22292,20.31208],[106.22344,20.31016],[106.2225,20.30983],[106.22394,20.30475],[106.22619,20.30528],[106.22764,20.30006],[106.2283,20.29334],[106.2234,20.29329],[106.22381,20.2893],[106.21795,20.28848],[106.21854,20.28334],[106.21758,20.28317],[106.21796,20.28191],[106.21678,20.28156],[106.21704,20.28042],[106.21612,20.27994],[106.21498,20.28154],[106.21415,20.28442],[106.21202,20.28376],[106.21218,20.28255],[106.21137,20.28198],[106.211,20.2832],[106.2092,20.28254],[106.20863,20.28472],[106.20249,20.28303],[106.20222,20.28574],[106.19878,20.28464],[106.19839,20.28681],[106.18893,20.28353],[106.18752,20.29666],[106.18619,20.30419],[106.18293,20.30291],[106.18256,20.30421],[106.18119,20.30347],[106.1809,20.30464],[106.18002,20.30445],[106.1799,20.30504],[106.17781,20.3043],[106.17731,20.30524],[106.17431,20.30413],[106.17416,20.30702],[106.17448,20.30709],[106.17376,20.31003],[106.1756,20.31107],[106.17505,20.31321],[106.17195,20.3126],[106.17199,20.31385],[106.17024,20.31331],[106.16992,20.31395],[106.16939,20.31375],[106.16827,20.3158],[106.16719,20.3159],[106.16771,20.31827],[106.1594,20.31877],[106.15915,20.31963],[106.15966,20.32033],[106.15832,20.32162],[106.16756,20.3285],[106.16904,20.3305],[106.17,20.33306],[106.17089,20.33289],[106.1723,20.33025],[106.17259,20.33035],[106.17281,20.32993],[106.17308,20.33049],[106.17336,20.32949],[106.19698,20.33386],[106.19709,20.33338],[106.19749,20.33346],[106.19738,20.33392],[106.19768,20.33349]]]]}},
{"type":"Feature","id":"14014","properties":{"Ward_Code":"14014","Ward_Code_Num":14014,"Ward":"Nam Đồng","Ward_Alt":"Nam Đồng","Ward_Upper":"NAM ĐỒNG","Ward_Full":"Xã Nam Đồng","Ward_Full_Alt":"Xã Nam Đồng","Ward_Full_Upper_Alt":"XÃ NAM ĐỒNG","Ward_Type":"Xã","Province_Code":"37","Province":"Ninh Bình","Province_Upper_Alt":"NINH BÌNH"},"geometry":{"type":"MultiPolygon","coordinates":[[[[106.1688,20.31484],[106.16939,20.31375],[106.16992,20.31395],[106.17024,20.31331],[106.17199,20.31385],[106.17195,20.3126],[106.17505,20.31321],[106.1756,20.31107],[106.17376,20.31003],[106.17448,20.30709],[106.17416,20.30702],[106.17431,20.30413],[106.17731,20.30524],[106.17781,20.3043],[106.1799,20.30504],[106.18002,20.30445],[106.1809,20.30464],[106.18119,20.30347],[106.18256,20.30421],[106.18293,20.30291],[106.18619,20.30419],[106.18752,20.29666],[106.18893,20.28353],[106.19839,20.28681],[106.19878,20.28464],[106.20222,20.28574],[106.20249,20.28303],[106.20863,20.28472],[106.2092,20.28254],[106.211,20.2832],[106.21137,20.28198],[106.21218,20.28255],[106.21202,20.28376],[106.21415,20.28442],[106.21498,20.28154],[106.21565,20.2808],[106.21219,20.27971],[106.21266,20.27807],[106.21373,20.27802],[106.21435,20.27046],[106.21244,20.2703],[106.21157,20.26944],[106.21115,20.26864],[106.21129,20.26652],[106.20814,20.26661],[106.20804,20.26721],[106.20863,20.26903],[106.206,20.26884],[106.20614,20.26825],[106.20522,20.26843],[106.20474,20.26815],[106.20527,20.26628],[106.20184,20.2651],[106.20192,20.26434],[106.19944,20.26327],[106.19932,20.26406],[106.19895,20.26404],[106.19865,20.26497],[106.19741,20.26492],[106.19725,20.26711],[106.19116,20.26664],[106.19188,20.26212],[106.18872,20.26166],[106.1875,20.25991],[106.18793,20.25825],[106.18426,20.25722],[106.18138,20.25529],[106.18067,20.25404],[106.18048,20.252],[106.17979,20.25121],[106.17912,20.25126],[106.17798,20.25218],[106.17687,20.25254],[106.17343,20.25515],[106.16896,20.26477],[106.15879,20.28199],[106.16336,20.28377],[106.16109,20.28801],[106.16113,20.28854],[106.15932,20.2922],[106.15933,20.29375],[106.15781,20.29397],[106.15648,20.29508],[106.15472,20.29828],[106.15492,20.29865],[106.15442,20.30123],[106.15353,20.30318],[106.15047,20.30763],[106.15014,20.30736],[106.14926,20.30768],[106.15014,20.3081],[106.14774,20.31091],[106.15219,20.31636],[106.15832,20.32162],[106.15966,20.32033],[106.15915,20.31963],[106.1594,20.31877],[106.16771,20.31827],[106.16719,20.3159],[106.16827,20.3158],[106.1688,20.31484]]]]}},
{"type":"Feature","id":"14026","properties":{"Ward_Code":"14026","Ward_Code_Num":14026,"Ward":"Cổ Lễ","Ward_Alt":"Cổ Lễ","Ward_Upper":"CỔ LỄ","Ward_Full":"Xã Cổ Lễ","Ward_Full_Alt":"Xã Cổ Lễ","Ward_Full_Upper_Alt":"XÃ CỔ LỄ","Ward_Type":"Xã","Province_Code":"37","Province":"Ninh Bình","Province_Upper_Alt":"NINH BÌNH"},"geometry":{"type":"MultiPolygon","coordinates":[[[[106.2813,20.32657],[106.28251,20.32539],[106.28036,20.32337],[106.28242,20.3214],[106.28194,20.32092],[106.28384,20.31887],[106.28456,20.31813],[106.28506,20.31846],[106.28524,20.31829],[106.28556,20.31724],[106.28471,20.31612],[106.29042,20.31004],[106.29082,20.30925],[106.29055,20.30906],[106.29119,20.30824],[106.28578,20.30529],[106.28549,20.30565],[106.28326,20.30298],[106.28278,20.30342],[106.28157,20.30261],[106.28216,20.30188],[106.28049,20.30007],[106.2828,20.29898],[106.2841,20.29754],[106.28468,20.29567],[106.28538,20.29064],[106.28654,20.28962],[106.28719,20.28749],[106.28943,20.2834],[106.28973,20.28158],[106.2912,20.2799],[106.29269,20.27719],[106.29275,20.27654],[106.29158,20.27358],[106.29231,20.27135],[106.29119,20.2693],[106.29148,20.26873],[106.29146,20.2674],[106.28712,20.2667],[106.28691,20.26782],[106.28637,20.26783],[106.28632,20.26844],[106.28561,20.26836],[106.28522,20.26899],[106.28441,20.2689],[106.2843,20.26924],[106.28347,20.26875],[106.28366,20.26824],[106.28314,20.26804],[106.28323,20.26754],[106.28276,20.26737],[106.28294,20.26651],[106.28201,20.26607],[106.28044,20.2643],[106.27914,20.26525],[106.27656,20.26444],[106.27461,20.26797],[106.2721,20.26909],[106.27074,20.26852],[106.27096,20.26663],[106.26751,20.26582],[106.26718,20.26801],[106.26619,20.26773],[106.26484,20.27899],[106.25917,20.27878],[106.25778,20.28276],[106.26021,20.285],[106.26112,20.2854],[106.26231,20.28537],[106.26158,20.28785],[106.26225,20.28829],[106.26192,20.289],[106.26821,20.2922],[106.26637,20.29534],[106.26405,20.29799],[106.26104,20.30047],[106.25654,20.30346],[106.25248,20.30728],[106.25101,20.30989],[106.25082,20.31167],[106.25136,20.31289],[106.25583,20.31477],[106.25674,20.31545],[106.2608,20.32111],[106.26235,20.32271],[106.26282,20.32381],[106.26424,20.32535],[106.26498,20.32666],[106.26736,20.3264],[106.27054,20.32668],[106.27468,20.32804],[106.2784,20.32973],[106.2813,20.32657]]]]}},
{"type":"Feature","id":"14038","properties":{"Ward_Code":"14038","Ward_Code_Num":14038,"Ward":"Ninh Giang","Ward_Alt":"Ninh Giang","Ward_Upper":"NINH GIANG","Ward_Full":"Xã Ninh Giang","Ward_Full_Alt":"Xã Ninh Giang","Ward_Full_Upper_Alt":"XÃ NINH GIANG","Ward_Type":"Xã","Province_Code":"37","Province":"Ninh Bình","Province_Upper_Alt":"NINH BÌNH"},"geometry":{"type":"MultiPolygon","coordinates":[[[[106.31182,20.31838],[106.31216,20.31373],[106.31185,20.30644],[106.31244,20.30006],[106.31309,20.29812],[106.31488,20.29669],[106.3178,20.2961],[106.32549,20.29816],[106.32772,20.29818],[106.32906,20.29752],[106.32987,20.29576],[106.33002,20.29311],[106.32932,20.28978],[106.32513,20.27924],[106.32329,20.27951],[106.32272,20.27902],[106.31704,20.28192],[106.31727,20.28228],[106.31639,20.28282],[106.31584,20.28204],[106.3147,20.28292],[106.3139,20.28186],[106.3102,20.27864],[106.30766,20.27741],[106.30531,20.27728],[106.30285,20.27648],[106.30175,20.27531],[106.30078,20.27295],[106.3005,20.27335],[106.29754,20.27215],[106.29222,20.27179],[106.29158,20.27358],[106.29191,20.27482],[106.29252,20.27561],[106.29269,20.27719],[106.2912,20.2799],[106.28973,20.28158],[106.28943,20.2834],[106.28719,20.28749],[106.28654,20.28962],[106.28538,20.29064],[106.28468,20.29567],[106.2841,20.29754],[106.2828,20.29898],[106.28049,20.30007],[106.28216,20.30188],[106.28157,20.30261],[106.28278,20.30342],[106.28326,20.30298],[106.28549,20.30565],[106.28578,20.30529],[106.29119,20.30824],[106.29055,20.30906],[106.29082,20.30925],[106.29042,20.31004],[106.28471,20.31612],[106.28556,20.31724],[106.28524,20.31829],[106.28506,20.31846],[106.28456,20.31813],[106.28384,20.31887],[106.28194,20.32092],[106.28242,20.3214],[106.28036,20.32337],[106.28251,20.32539],[106.2784,20.32973],[106.28489,20.3332],[106.29621,20.34091],[106.30291,20.34117],[106.3072,20.34213],[106.31524,20.34514],[106.3176,20.34552],[106.31854,20.34532],[106.31945,20.34476],[106.3199,20.34381],[106.31845,20.34015],[106.31351,20.33431],[106.31221,20.33233],[106.31122,20.32683],[106.31113,20.32327],[106.31182,20.31838]]]]}},
{"type":"Feature","id":"14053","properties":{"Ward_Code":"14053","Ward_Code_Num":14053,"Ward":"Trực Ninh","Ward_Alt":"Trực Ninh","Ward_Upper":"TRỰC NINH","Ward_Full":"Xã Trực Ninh","Ward_Full_Alt":"Xã Trực Ninh","Ward_Full_Upper_Alt":"XÃ TRỰC NINH","Ward_Type":"Xã","Province_Code":"37","Province":"Ninh Bình","Province_Upper_Alt":"NINH BÌNH"},"geometry":{"type":"MultiPolygon","coordinates":[[[[106.22496,20.28027],[106.22584,20.28039],[106.22584,20.27945],[106.22526,20.27954],[106.22529,20.27911],[106.22439,20.27837],[106.22652,20.27835],[106.22648,20.27438],[106.22814,20.27434],[106.22814,20.27337],[106.22943,20.27365],[106.2303,20.27281],[106.22923,20.26925],[106.22704,20.26506],[106.22849,20.26482],[106.22847,20.26353],[106.22884,20.26351],[106.22888,20.26318],[106.22976,20.26319],[106.22978,20.26404],[106.23088,20.26409],[106.23113,20.26197],[106.23148,20.26198],[106.23157,20.26366],[106.23238,20.26363],[106.23347,20.26602],[106.23695,20.26551],[106.23697,20.26674],[106.23767,20.26863],[106.24202,20.26778],[106.24237,20.2654],[106.24329,20.26522],[106.24299,20.26218],[106.24348,20.26212],[106.2437,20.26136],[106.24326,20.25858],[106.24386,20.25821],[106.24334,20.25675],[106.2439,20.25694],[106.24332,20.25433],[106.25348,20.24908],[106.24734,20.24124],[106.24316,20.23743],[106.23889,20.23442],[106.22146,20.22407],[106.22,20.22704],[106.21926,20.2338],[106.21811,20.23985],[106.21824,20.24716],[106.21394,20.24764],[106.21396,20.24986],[106.21034,20.24918],[106.20968,20.25111],[106.20751,20.25041],[106.20758,20.25014],[106.20698,20.25012],[106.20702,20.24979],[106.20631,20.24972],[106.20667,20.24961],[106.20674,20.24917],[106.20572,20.24912],[106.20411,20.25862],[106.203,20.26318],[106.19805,20.26121],[106.19759,20.26252],[106.19402,20.2609],[106.19455,20.25986],[106.19258,20.25904],[106.19217,20.25996],[106.19283,20.2603],[106.19257,20.26093],[106.19234,20.26087],[106.19238,20.26256],[106.19183,20.26247],[106.19116,20.26664],[106.19725,20.26711],[106.19741,20.26492],[106.19865,20.26497],[106.19895,20.26404],[106.19932,20.26406],[106.19944,20.26327],[106.20192,20.26434],[106.20184,20.2651],[106.20527,20.26628],[106.20474,20.26815],[106.20522,20.26843],[106.20614,20.26825],[106.206,20.26884],[106.20863,20.26903],[106.20804,20.26721],[106.20814,20.26661],[106.21129,20.26652],[106.21115,20.26864],[106.21157,20.26944],[106.21244,20.2703],[106.21435,20.27046],[106.21373,20.27802],[106.21266,20.27807],[106.21219,20.27971],[106.21565,20.2808],[106.21612,20.27994],[106.21704,20.28042],[106.2207,20.28035],[106.2242,20.28088],[106.22497,20.28054],[106.22496,20.28027]]]]}},
{"type":"Feature","id":"14056","properties":{"Ward_Code":"14056","Ward_Code_Num":14056,"Ward":"Cát Thành","Ward_Alt":"Cát Thành","Ward_Upper":"CÁT THÀNH","Ward_Full":"Xã Cát Thành","Ward_Full_Alt":"Xã Cát Thành","Ward_Full_Upper_Alt":"XÃ CÁT THÀNH","Ward_Type":"Xã","Province_Code":"37","Province":"Ninh Bình","Province_Upper_Alt":"NINH BÌNH"},"geometry":{"type":"MultiPolygon","coordinates":[[[[106.31572,20.28217],[106.31639,20.28282],[106.31727,20.28228],[106.31704,20.28192],[106.32272,20.27902],[106.32329,20.27951],[106.32513,20.27924],[106.32427,20.2758],[106.32147,20.26861],[106.31856,20.26367],[106.3109,20.25642],[106.30229,20.24979],[106.29606,20.24622],[106.28762,20.23987],[106.28373,20.23768],[106.28187,20.23713],[106.2803,20.23706],[106.27803,20.23727],[106.27633,20.23791],[106.27392999999999,20.2398],[106.27041,20.24455],[106.26863,20.24625],[106.26446,20.24944],[106.26287,20.25023],[106.25992,20.25101],[106.25768,20.25094],[106.25586,20.25058],[106.25348,20.24908],[106.24332,20.25433],[106.2439,20.25694],[106.24334,20.25675],[106.24386,20.25821],[106.24326,20.25858],[106.2437,20.26136],[106.24348,20.26212],[106.24299,20.26218],[106.24329,20.26522],[106.24237,20.2654],[106.24189,20.26858],[106.24527,20.27025],[106.24456,20.27206],[106.24557,20.2734],[106.24662,20.27319],[106.24706,20.27555],[106.24956,20.27527],[106.24887,20.28008],[106.25413,20.28042],[106.25634,20.28151],[106.25779,20.28276],[106.25917,20.27878],[106.26484,20.27899],[106.26619,20.26773],[106.26718,20.26801],[106.26751,20.26582],[106.27096,20.26663],[106.27074,20.26852],[106.2721,20.26909],[106.27461,20.26797],[106.27656,20.26444],[106.27914,20.26525],[106.28038,20.26428],[106.28201,20.26607],[106.28294,20.26651],[106.28276,20.26737],[106.28323,20.26754],[106.28314,20.26804],[106.28366,20.26824],[106.28347,20.26875],[106.28426,20.26922],[106.28441,20.2689],[106.28522,20.26899],[106.28561,20.26836],[106.28632,20.26844],[106.28637,20.26783],[106.28691,20.26782],[106.28712,20.2667],[106.29146,20.2674],[106.29148,20.26873],[106.29119,20.2693],[106.29222,20.27089],[106.29222,20.27179],[106.29754,20.27215],[106.3005,20.27335],[106.30078,20.27295],[106.30175,20.27531],[106.30311,20.27665],[106.30531,20.27728],[106.30777,20.27745],[106.3102,20.27864],[106.3139,20.28186],[106.3147,20.28292],[106.31572,20.28217]]]]}},
{"type":"Feature","id":"14062","properties":{"Ward_Code":"14062","Ward_Code_Num":14062,"Ward":"Quang Hưng","Ward_Alt":"Quang Hưng","Ward_Upper":"QUANG HƯNG","Ward_Full":"Xã Quang Hưng","Ward_Full_Alt":"Xã Quang Hưng","Ward_Full_Upper_Alt":"XÃ QUANG HƯNG","Ward_Type":"Xã","Province_Code":"37","Province":"Ninh Bình","Province_Upper_Alt":"NINH BÌNH"},"geometry":{"type":"MultiPolygon","coordinates":[[[[106.20347,20.26123],[106.20572,20.24912],[106.20674,20.24917],[106.20667,20.24961],[106.20631,20.24972],[106.20702,20.24979],[106.20698,20.25012],[106.20758,20.25014],[106.20751,20.25041],[106.20968,20.25111],[106.21034,20.24918],[106.21396,20.24986],[106.21394,20.24764],[106.21824,20.24716],[106.21811,20.23985],[106.21926,20.2338],[106.22,20.22704],[106.22146,20.22407],[106.20643,20.21319],[106.19721,20.20732],[106.19636,20.20948],[106.19581,20.21644],[106.19591,20.21822],[106.19705,20.22137],[106.19701,20.22208],[106.19659,20.22255],[106.19483,20.22265],[106.19436,20.22306],[106.19426,20.22627],[106.19229,20.22741],[106.19192,20.22936],[106.19009,20.23052],[106.18936,20.23296],[106.18758,20.23583],[106.18715,20.23562],[106.18787,20.23247],[106.18596,20.23184],[106.18579,20.23111],[106.18278,20.23007],[106.18322,20.22836],[106.18152,20.22795],[106.18127,20.23397],[106.18156,20.23735],[106.18,20.24241],[106.17955,20.24359],[106.17909,20.2439],[106.1793,20.24459],[106.17904,20.24687],[106.17537,20.24737],[106.17577,20.24814],[106.17569,20.24902],[106.17752,20.25076],[106.17718,20.25119],[106.17766,20.25188],[106.17745,20.25237],[106.17929,20.2512],[106.18017,20.25144],[106.18078,20.25442],[106.18138,20.25529],[106.18426,20.25722],[106.18793,20.25825],[106.1875,20.25991],[106.18872,20.26166],[106.19188,20.26212],[106.19183,20.26247],[106.19238,20.26256],[106.19234,20.26087],[106.19257,20.26093],[106.19283,20.2603],[106.19217,20.25996],[106.19258,20.25904],[106.19455,20.25986],[106.19402,20.2609],[106.19759,20.26252],[106.19805,20.26121],[106.203,20.26318],[106.20347,20.26123]]]]}},
{"type":"Feature","id":"14071","properties":{"Ward_Code":"14071","Ward_Code_Num":14071,"Ward":"Minh Thái","Ward_Alt":"Minh Thái","Ward_Upper":"MINH THÁI","Ward_Full":"Xã Minh Thái","Ward_Full_Alt":"Xã Minh Thái","Ward_Full_Upper_Alt":"XÃ MINH THÁI","Ward_Type":"Xã","Province_Code":"37","Province":"Ninh Bình","Province_Upper_Alt":"NINH BÌNH"},"geometry":{"type":"MultiPolygon","coordinates":[[[[106.24301,20.22525],[106.2451,20.22523],[106.24534,20.22112],[106.24742,20.22148],[106.24727,20.21982],[106.24876,20.21948],[106.24883,20.2182],[106.25031,20.2183],[106.25012,20.21705],[106.25274,20.21605],[106.25294,20.21643],[106.25436,20.21634],[106.24876,20.19069],[106.24263,20.16604],[106.24058,20.15909],[106.2244,20.15916],[106.22533,20.16183],[106.2107,20.16027],[106.21067,20.16141],[106.21395,20.17064],[106.21697,20.1861],[106.21733,20.18725],[106.21852,20.18703],[106.2195,20.19276],[106.21979,20.19309],[106.22014,20.20033],[106.22036,20.20132],[106.22064,20.20127],[106.22129,20.20247],[106.2209,20.20306],[106.22115,20.20456],[106.22282,20.20746],[106.22534,20.20706],[106.22569,20.20759],[106.22509,20.20747],[106.22596,20.21255],[106.22618,20.21253],[106.22284,20.21944],[106.22194,20.21913],[106.21917,20.22262],[106.23889,20.23442],[106.24246,20.23689],[106.24662,20.23103],[106.24203,20.22928],[106.24312,20.22699],[106.24301,20.22525]]]]}},
{"type":"Feature","id":"14077","properties":{"Ward_Code":"14077","Ward_Code_Num":14077,"Ward":"Ninh Cường","Ward_Alt":"Ninh Cường","Ward_Upper":"NINH CƯỜNG","Ward_Full":"Xã Ninh Cường","Ward_Full_Alt":"Xã Ninh Cường","Ward_Full_Upper_Alt":"XÃ NINH CƯỜNG","Ward_Type":"Xã","Province_Code":"37","Province":"Ninh Bình","Province_Upper_Alt":"NINH BÌNH"},"geometry":{"type":"MultiPolygon","coordinates":[[[[106.17806,20.15194],[106.17912,20.16714],[106.18144,20.182],[106.18262,20.18653],[106.18486,20.19292],[106.18659,20.19652],[106.19018,20.20158],[106.19313,20.20433],[106.19721,20.20732],[106.21103,20.21637],[106.21917,20.22262],[106.22194,20.21913],[106.22284,20.21944],[106.22618,20.21253],[106.22596,20.21255],[106.22509,20.20747],[106.22569,20.20759],[106.22534,20.20706],[106.22282,20.20746],[106.22115,20.20456],[106.2209,20.20306],[106.22129,20.20247],[106.22064,20.20127],[106.22036,20.20132],[106.22014,20.20033],[106.21979,20.19309],[106.2195,20.19276],[106.21852,20.18703],[106.21733,20.18725],[106.21697,20.1861],[106.21395,20.17064],[106.21067,20.16141],[106.2107,20.16027],[106.19723,20.15847],[106.18686,20.1591],[106.18081,20.1425],[106.17939,20.14235],[106.17823,20.14263],[106.17806,20.15194]]]]}},
{"type":"Feature","id":"14089","properties":{"Ward_Code":"14089","Ward_Code_Num":14089,"Ward":"Xuân Trường","Ward_Alt":"Xuân Trường","Ward_Upper":"XUÂN TRƯỜNG","Ward_Full":"Xã Xuân Trường","Ward_Full_Alt":"Xã Xuân Trường","Ward_Full_Upper_Alt":"XÃ XUÂN TRƯỜNG","Ward_Type":"Xã","Province_Code":"37","Province":"Ninh Bình","Province_Upper_Alt":"NINH BÌNH"},"geometry":{"type":"MultiPolygon","coordinates":[[[[106.34095,20.31827],[106.34263,20.31225],[106.34471,20.30627],[106.34587,20.30398],[106.34514,20.30371],[106.34499,20.29938],[106.34622,20.2994],[106.34598,20.29831],[106.34774,20.29822],[106.3476,20.29851],[106.34945,20.2987],[106.35015,20.29613],[106.3528,20.29396],[106.3547,20.29149],[106.35609,20.28754],[106.35612,20.2866],[106.35465,20.28606],[106.35372,20.28524],[106.35369,20.27995],[106.35427,20.27764],[106.35248,20.2773],[106.35279,20.27537],[106.34763,20.27458],[106.34764,20.26331],[106.35845,20.26397],[106.35836,20.25031],[106.35964,20.25063],[106.36025,20.24826],[106.35963,20.24814],[106.35992,20.2471],[106.35942,20.24698],[106.35993,20.24637],[106.3561,20.24455],[106.35761,20.24399],[106.3581,20.24317],[106.35794,20.24258],[106.35717,20.24189],[106.3566,20.24208],[106.35675,20.24063],[106.35286,20.23901],[106.35138,20.23793],[106.35045,20.2391],[106.35014,20.23862],[106.34914,20.23814],[106.34881,20.23866],[106.34925,20.23901],[106.34873,20.23986],[106.34573,20.23883],[106.3465,20.23651],[106.34586,20.2361],[106.34437,20.23634],[106.34308,20.23834],[106.3422,20.23885],[106.33875,20.23772],[106.33617,20.23735],[106.33273,20.23932],[106.33167,20.23956],[106.32828,20.24255],[106.32432,20.24336],[106.3242,20.23855],[106.32386,20.23734],[106.32236,20.217],[106.3158,20.21802],[106.31657,20.22822],[106.31613,20.22834],[106.31629,20.22913],[106.31374,20.22969],[106.31511,20.23124],[106.31252,20.23253],[106.31046,20.23035],[106.31034,20.22981],[106.30766,20.23062],[106.30847,20.22302],[106.30393,20.22381],[106.30433,20.2282],[106.29922,20.23011],[106.29743,20.23146],[106.29814,20.23371],[106.29778,20.23397],[106.30096,20.24178],[106.29994,20.24386],[106.29605,20.24461],[106.29502,20.24551],[106.30229,20.24979],[106.3109,20.25642],[106.31856,20.26367],[106.32147,20.26861],[106.32427,20.2758],[106.32629,20.28268],[106.32932,20.28978],[106.33002,20.29311],[106.32987,20.29576],[106.32906,20.29752],[106.32857,20.29793],[106.32659,20.29827],[106.32422,20.29785],[106.32413,20.3027],[106.32462,20.30395],[106.32601,20.30447],[106.32805,20.31013],[106.32727,20.31171],[106.32676,20.3121],[106.32664,20.31298],[106.32539,20.31271],[106.32616,20.315],[106.32927,20.31587],[106.32906,20.31838],[106.33257,20.319],[106.34063,20.31962],[106.34095,20.31827]]]]}},
{"type":"Feature","id":"14095","properties":{"Ward_Code":"14095","Ward_Code_Num":14095,"Ward":"Xuân Hồng","Ward_Alt":"Xuân Hồng","Ward_Upper":"XUÂN HỒNG","Ward_Full":"Xã Xuân Hồng","Ward_Full_Alt":"Xã Xuân Hồng","Ward_Full_Upper_Alt":"XÃ XUÂN HỒNG","Ward_Type":"Xã","Province_Code":"37","Province":"Ninh Bình","Province_Upper_Alt":"NINH BÌNH"},"geometry":{"type":"MultiPolygon","coordinates":[[[[106.37075,20.34561],[106.37556,20.34435],[106.3842,20.34461],[106.38619,20.34426],[106.38892,20.34362],[106.39203,20.34238],[106.39554,20.34048],[106.39347,20.33815],[106.38852,20.33995],[106.38675,20.33989],[106.3811,20.33853],[106.37888,20.33907],[106.37714,20.33856],[106.37617,20.3386],[106.37259,20.33967],[106.37148,20.33792],[106.37435,20.33631],[106.37283,20.33393],[106.36356,20.33966],[106.36099,20.34164],[106.36104,20.33652],[106.36032,20.33606],[106.3598,20.33643],[106.35976,20.33713],[106.35814,20.33816],[106.35413,20.34218],[106.35327,20.34113],[106.34571,20.33668],[106.33502,20.3316],[106.34063,20.31962],[106.33257,20.319],[106.32906,20.31838],[106.32927,20.31587],[106.32616,20.315],[106.32539,20.31271],[106.32664,20.31298],[106.32676,20.3121],[106.32727,20.31171],[106.32805,20.31013],[106.32601,20.30447],[106.32462,20.30395],[106.32413,20.3027],[106.32422,20.29785],[106.31993,20.29652],[106.31717,20.2961],[106.31488,20.29669],[106.31309,20.29812],[106.31244,20.30006],[106.31185,20.30644],[106.31213,20.31551],[106.31113,20.32327],[106.31136,20.32807],[106.31221,20.33233],[106.31351,20.33431],[106.31845,20.34015],[106.31987,20.34404],[106.31945,20.34476],[106.31854,20.34532],[106.3163,20.34537],[106.30507,20.3416],[106.30291,20.34117],[106.29621,20.34091],[106.29926,20.34342],[106.3061,20.35075],[106.30794,20.35232],[106.31332,20.35622],[106.31905,20.35959],[106.32265,20.36235],[106.33237,20.37319],[106.33588,20.37614],[106.33856,20.37711],[106.34074,20.37706],[106.34173,20.37659],[106.34345,20.37479],[106.34471,20.37254],[106.34699,20.36704],[106.34931,20.36247],[106.35538,20.35429],[106.35734,20.35257],[106.36341,20.34869],[106.37075,20.34561]]]]}},
{"type":"Feature","id":"14104","properties":{"Ward_Code":"14104","Ward_Code_Num":14104,"Ward":"Xuân Giang","Ward_Alt":"Xuân Giang","Ward_Upper":"XUÂN GIANG","Ward_Full":"Xã Xuân Giang","Ward_Full_Alt":"Xã Xuân Giang","Ward_Full_Upper_Alt":"XÃ XUÂN GIANG","Ward_Type":"Xã","Province_Code":"37","Province":"Ninh Bình","Province_Upper_Alt":"NINH BÌNH"},"geometry":{"type":"MultiPolygon","coordinates":[[[[106.36028,20.33608],[106.36104,20.33652],[106.36099,20.34164],[106.36356,20.33966],[106.37283,20.33393],[106.37435,20.33631],[106.37148,20.33792],[106.37259,20.33967],[106.37617,20.3386],[106.37714,20.33856],[106.37888,20.33907],[106.3811,20.33853],[106.38675,20.33989],[106.38852,20.33995],[106.39347,20.33815],[106.39554,20.34048],[106.39834,20.33888],[106.40465,20.33425],[106.40834,20.33049],[106.41255,20.32465],[106.41536,20.31968],[106.41983,20.31343],[106.42263,20.31055],[106.42933,20.30257],[106.4327,20.29932],[106.43154,20.29772],[106.42704,20.29427],[106.42608,20.29279],[106.41823,20.28837],[106.41145,20.28514],[106.40377,20.28329],[106.39607,20.28255],[106.39529,20.28555],[106.3953,20.29055],[106.39968,20.29363],[106.39437,20.30021],[106.39594,20.30271],[106.39239,20.30534],[106.39154,20.30378],[106.38989,20.30578],[106.38824,20.30729],[106.38557,20.309],[106.38563,20.30952],[106.38523,20.30973],[106.38372,20.30934],[106.38148,20.30821],[106.38027,20.3099],[106.37713,20.31092],[106.37494,20.31267],[106.37432,20.31365],[106.37218,20.31232],[106.37086,20.31406],[106.36932,20.31325],[106.36837,20.31507],[106.366,20.31434],[106.36258,20.31401],[106.35864,20.31314],[106.35824,20.31239],[106.35642,20.31265],[106.35694,20.31639],[106.35674,20.3167],[106.35471,20.31648],[106.35409,20.3164],[106.3542,20.31511],[106.35148,20.31495],[106.35103,20.31142],[106.35065,20.31145],[106.35059,20.31099],[106.34964,20.31102],[106.34944,20.3105],[106.34785,20.31113],[106.34781,20.30783],[106.3494,20.30785],[106.3491,20.30615],[106.3482,20.30566],[106.34612,20.30566],[106.3452,20.30536],[106.34181,20.31467],[106.34052,20.31999],[106.33502,20.3316],[106.34571,20.33668],[106.35327,20.34113],[106.35413,20.34218],[106.35814,20.33816],[106.35976,20.33713],[106.35968,20.33667],[106.36028,20.33608]]]]}},
{"type":"Feature","id":"14122","properties":{"Ward_Code":"14122","Ward_Code_Num":14122,"Ward":"Xuân Hưng","Ward_Alt":"Xuân Hưng","Ward_Upper":"XUÂN HƯNG","Ward_Full":"Xã Xuân Hưng","Ward_Full_Alt":"Xã Xuân Hưng","Ward_Full_Upper_Alt":"XÃ XUÂN HƯNG","Ward_Type":"Xã","Province_Code":"37","Province":"Ninh Bình","Province_Upper_Alt":"NINH BÌNH"},"geometry":{"type":"MultiPolygon","coordinates":[[[[106.35656,20.31415],[106.35642,20.31265],[106.35726,20.31271],[106.35805,20.31236],[106.35864,20.31314],[106.36258,20.31401],[106.366,20.31434],[106.36837,20.31507],[106.36932,20.31325],[106.37086,20.31406],[106.37218,20.31232],[106.37432,20.31365],[106.37494,20.31267],[106.37713,20.31092],[106.38027,20.3099],[106.38148,20.30821],[106.38372,20.30934],[106.38523,20.30973],[106.38563,20.30952],[106.38557,20.309],[106.38824,20.30729],[106.38989,20.30578],[106.39154,20.30378],[106.39239,20.30534],[106.39594,20.30271],[106.39437,20.30021],[106.39968,20.29363],[106.3953,20.29055],[106.39529,20.28555],[106.39607,20.28255],[106.38834,20.28207],[106.37928,20.28065],[106.37686,20.27889],[106.37428,20.27609],[106.37235,20.27109],[106.3714,20.26738],[106.37002,20.25315],[106.36798,20.249],[106.36741,20.24273],[106.36544,20.23925],[106.35997,20.24291],[106.36052,20.2444],[106.36055,20.24569],[106.36083,20.24594],[106.36064,20.24669],[106.35993,20.24637],[106.35942,20.24698],[106.35992,20.2471],[106.35963,20.24814],[106.36025,20.24826],[106.35964,20.25063],[106.35836,20.25031],[106.35845,20.26397],[106.34764,20.26331],[106.34763,20.27458],[106.35279,20.27537],[106.35248,20.2773],[106.35427,20.27764],[106.35369,20.27995],[106.35372,20.28524],[106.35465,20.28606],[106.35612,20.2866],[106.35611,20.28734],[106.3547,20.29149],[106.3528,20.29396],[106.35015,20.29613],[106.34945,20.2987],[106.3476,20.29851],[106.34774,20.29822],[106.34598,20.29831],[106.34622,20.2994],[106.34499,20.29938],[106.34514,20.30371],[106.34587,20.30398],[106.3452,20.30536],[106.34612,20.30566],[106.3482,20.30566],[106.34919,20.30628],[106.3494,20.30785],[106.34781,20.30783],[106.34785,20.31113],[106.34944,20.3105],[106.34964,20.31102],[106.35059,20.31099],[106.35065,20.31145],[106.35103,20.31142],[106.35148,20.31495],[106.3542,20.31511],[106.35409,20.3164],[106.35674,20.3167],[106.35696,20.31612],[106.35656,20.31415]]]]}},
{"type":"Feature","id":"14161","properties":{"Ward_Code":"14161","Ward_Code_Num":14161,"Ward":"Giao Minh","Ward_Alt":"Giao Minh","Ward_Upper":"GIAO MINH","Ward_Full":"Xã Giao Minh","Ward_Full_Alt":"Xã Giao Minh","Ward_Full_Upper_Alt":"XÃ GIAO MINH","Ward_Type":"Xã","Province_Code":"37","Province":"Ninh Bình","Province_Upper_Alt":"NINH BÌNH"},"geometry":{"type":"MultiPolygon","coordinates":[[[[106.53956,20.19743],[106.53979,20.1968],[106.54096,20.19671],[106.54158,20.1962],[106.54279,20.19598],[106.54397,20.19626],[106.54379,20.19652],[106.54442,20.19715],[106.5501,20.195],[106.55063,20.19435],[106.55561,20.19362],[106.55774,20.19375],[106.55795,20.19332],[106.55522,20.1922],[106.55295,20.19203],[106.54931,20.19232],[106.54689,20.19326],[106.54388,20.19351],[106.54254,20.19418],[106.53939,20.19472],[106.54063,20.19503],[106.53675,20.1963],[106.53603,20.19702],[106.53634,20.19731],[106.53777,20.19716],[106.53757,20.19757],[106.53799,20.19778],[106.53956,20.19743]]],[[[106.57862,20.20172],[106.57567,20.1998],[106.57221,20.19872],[106.57183,20.19823],[106.56542,20.19463],[106.56382,20.19392],[106.56106,20.1935],[106.56149,20.19512],[106.56292,20.19559],[106.56454,20.19661],[106.56605,20.19696],[106.57182,20.19999],[106.57397,20.20144],[106.57631,20.20208],[106.57968,20.20441],[106.58104,20.20621],[106.58213,20.20668],[106.58274,20.20644],[106.58284,20.20518],[106.58247,20.20447],[106.57862,20.20172]]],[[[106.59256,20.2364],[106.59337,20.2364],[106.59529,20.23562],[106.59675,20.23429],[106.59766,20.23275],[106.59867,20.22864],[106.59828,20.22485],[106.59496,20.21686],[106.59217,20.21323],[106.58778,20.20914],[106.58648,20.20847],[106.58474,20.20829],[106.58465,20.2087],[106.58538,20.20968],[106.5864,20.20981],[106.58727,20.21099],[106.58986,20.21302],[106.59321,20.21716],[106.59434,20.21946],[106.59466,20.22136],[106.59553,20.22263],[106.59603,20.22704],[106.5943,20.23161],[106.59246,20.23362],[106.59011,20.23447],[106.59026,20.23556],[106.59113,20.23617],[106.5912,20.23662],[106.59256,20.2364]]],[[[106.5343,20.30947],[106.53922,20.30304],[106.55154,20.29217],[106.55673,20.28694],[106.56422,20.27844],[106.57646,20.26851],[106.57398,20.26629],[106.57973,20.25929],[106.58301,20.25364],[106.58272,20.25288],[106.57961,20.25296],[106.57888,20.25167],[106.57958,20.25034],[106.58016,20.25044],[106.58051,20.24977],[106.58219,20.24061],[106.58465,20.23515],[106.58543,20.23446],[106.58594,20.23194],[106.58549,20.23047],[106.58564,20.22795],[106.58535,20.22562],[106.58404,20.21837],[106.58312,20.21621],[106.58132,20.21401],[106.57874,20.21342],[106.57367,20.21032],[106.57327,20.21072],[106.57278,20.21054],[106.56711,20.20563],[106.564,20.20349],[106.56202,20.20288],[106.55361,20.2014],[106.54717,20.20103],[106.53892,20.20106],[106.53805,20.20277],[106.53868,20.20412],[106.53743,20.20445],[106.53733,20.20515],[106.5365,20.20525],[106.54174,20.22092],[106.54253,20.22783],[106.54436,20.23173],[106.54712,20.24031],[106.54785,20.244],[106.54782,20.24745],[106.54734,20.24901],[106.54615,20.2503],[106.54539,20.25219],[106.54512,20.25496],[106.54329,20.25595],[106.54114,20.25834],[106.54072,20.25925],[106.53561,20.26345],[106.53203,20.26738],[106.52161,20.27753],[106.52088,20.27646],[106.5117,20.26808],[106.50303,20.26024],[106.50255,20.26014],[106.50086,20.25862],[106.49313,20.26594],[106.49379,20.26658],[106.49152,20.26855],[106.4952,20.27208],[106.49477,20.27244],[106.49852,20.27948],[106.49869,20.28031],[106.49819,20.28114],[106.49843,20.28239],[106.50384,20.28248],[106.50408,20.29085],[106.50387,20.29463],[106.50318,20.298],[106.50386,20.29958],[106.50087,20.30719],[106.50052,20.30901],[106.50804,20.30858],[106.51239,20.30899],[106.51431,20.30973],[106.51864,20.31251],[106.52469,20.31565],[106.52721,20.31627],[106.52846,20.31605],[106.53024,20.315],[106.53289,20.31177],[106.5343,20.30947]]]]}},
{"type":"Feature","id":"14167","properties":{"Ward_Code":"14167","Ward_Code_Num":14167,"Ward":"Giao Thuỷ","Ward_Alt":"Giao Thủy","Ward_Upper":"GIAO THUỶ","Ward_Full":"Xã Giao Thuỷ","Ward_Full_Alt":"Xã Giao Thủy","Ward_Full_Upper_Alt":"XÃ GIAO THỦY","Ward_Type":"Xã","Province_Code":"37","Province":"Ninh Bình","Province_Upper_Alt":"NINH BÌNH"},"geometry":{"type":"MultiPolygon","coordinates":[[[[106.4583,20.28044],[106.48148,20.25709],[106.47834,20.25445],[106.47304,20.24787],[106.47095,20.24445],[106.4703,20.245],[106.46983,20.24412],[106.46552,20.2483],[106.46844,20.24978],[106.46381,20.25575],[106.46242,20.25664],[106.46091,20.25941],[106.44453,20.27948],[106.44052,20.27617],[106.43966,20.27481],[106.43808,20.27324],[106.43681,20.27269],[106.43449,20.27238],[106.43247,20.27483],[106.4308,20.27864],[106.4299,20.27905],[106.4293,20.278199999999998],[106.42886,20.27809],[106.42921,20.27438],[106.42678,20.27389],[106.42663,20.27329],[106.4269,20.27265],[106.42563,20.27148],[106.42529999999999,20.27017],[106.42276,20.2717],[106.42028,20.27235],[106.41954,20.27109],[106.4177,20.27038],[106.41679,20.26966],[106.41643,20.26879],[106.41668,20.26723],[106.4162,20.26664],[106.41279,20.26791],[106.41145,20.26778],[106.4094,20.26698],[106.40719,20.26706],[106.40559,20.26637],[106.40436,20.26634],[106.40492,20.26478],[106.40013,20.26313],[106.40048,20.26197],[106.40023,20.26158],[106.39865,20.26233],[106.39763,20.26237],[106.39726,20.26388],[106.39497,20.26317],[106.39427,20.26436],[106.39312,20.26483],[106.39203,20.2646],[106.39112,20.26389],[106.39014,20.26239],[106.38937,20.26027],[106.38641,20.26132],[106.38542,20.25868],[106.37503,20.25873],[106.37516,20.25918],[106.37074,20.26068],[106.3714,20.26738],[106.3736,20.27466],[106.37449,20.27636],[106.37857,20.2803],[106.38018,20.28085],[106.38834,20.28207],[106.40377,20.28329],[106.41113,20.285],[106.41823,20.28837],[106.42608,20.29279],[106.42704,20.29427],[106.43154,20.29772],[106.4327,20.29932],[106.43555,20.29727],[106.44216,20.29379],[106.44879,20.29129],[106.45452,20.2899],[106.45176,20.28673],[106.4529,20.28601],[106.4583,20.28044]]]]}},
{"type":"Feature","id":"14179","properties":{"Ward_Code":"14179","Ward_Code_Num":14179,"Ward":"Giao Hưng","Ward_Alt":"Giao Hưng","Ward_Upper":"GIAO HƯNG","Ward_Full":"Xã Giao Hưng","Ward_Full_Alt":"Xã Giao Hưng","Ward_Full_Upper_Alt":"XÃ GIAO HƯNG","Ward_Type":"Xã","Province_Code":"37","Province":"Ninh Bình","Province_Upper_Alt":"NINH BÌNH"},"geometry":{"type":"MultiPolygon","coordinates":[[[[106.43247,20.27483],[106.45342,20.24621],[106.44788,20.24253],[106.44596,20.24504],[106.44271,20.2443],[106.4408,20.24423],[106.45025,20.23337],[106.45219,20.23427],[106.45771,20.22671],[106.45435,20.22475],[106.4608,20.21723],[106.463,20.21255],[106.45833,20.2117],[106.45504,20.2105],[106.45289,20.20873],[106.4504,20.20279],[106.44045,20.20198],[106.43982,20.20393],[106.43914,20.20884],[106.43784,20.21289],[106.4372,20.21288],[106.43678,20.21405],[106.42157,20.23434],[106.42079,20.23531],[106.41988,20.23556],[106.41557,20.24716],[106.4128,20.24517],[106.40728,20.25114],[106.4069,20.25089],[106.406,20.25195],[106.40395,20.24988],[106.40172,20.25616],[106.3997,20.26079],[106.39992,20.26177],[106.40023,20.26158],[106.40048,20.26197],[106.40013,20.26313],[106.40492,20.26478],[106.40436,20.26634],[106.40559,20.26637],[106.40719,20.26706],[106.4094,20.26698],[106.41145,20.26778],[106.41279,20.26791],[106.41633,20.26671],[106.41668,20.26723],[106.41643,20.26879],[106.41679,20.26966],[106.4177,20.27038],[106.41954,20.27109],[106.42028,20.27235],[106.42276,20.2717],[106.42529999999999,20.27017],[106.42563,20.27148],[106.4269,20.27265],[106.42663,20.27329],[106.42678,20.27389],[106.42921,20.27438],[106.42886,20.27809],[106.4293,20.278199999999998],[106.4299,20.27905],[106.4308,20.27864],[106.43247,20.27483]]]]}},
{"type":"Feature","id":"14182","properties":{"Ward_Code":"14182","Ward_Code_Num":14182,"Ward":"Giao Hoà","Ward_Alt":"Giao Hòa","Ward_Upper":"GIAO HOÀ","Ward_Full":"Xã Giao Hoà","Ward_Full_Alt":"Xã Giao Hòa","Ward_Full_Upper_Alt":"XÃ GIAO HÒA","Ward_Type":"Xã","Province_Code":"37","Province":"Ninh Bình","Province_Upper_Alt":"NINH BÌNH"},"geometry":{"type":"MultiPolygon","coordinates":[[[[106.50411,20.28903],[106.50384,20.28248],[106.49843,20.28239],[106.49819,20.28114],[106.49869,20.28031],[106.49852,20.27948],[106.49477,20.27244],[106.4952,20.27208],[106.49152,20.26855],[106.49379,20.26658],[106.49313,20.26594],[106.50003,20.25918],[106.50086,20.25862],[106.50255,20.26014],[106.50303,20.26024],[106.52088,20.27646],[106.52153,20.27756],[106.53203,20.26738],[106.53561,20.26345],[106.54072,20.25925],[106.54114,20.25834],[106.54329,20.25595],[106.54512,20.25496],[106.54539,20.25219],[106.54615,20.2503],[106.54755,20.2486],[106.54795,20.24654],[106.5475,20.24179],[106.54436,20.23173],[106.5424,20.22758],[106.54,20.22456],[106.53717,20.2231],[106.53281,20.22247],[106.53092,20.2216],[106.52952,20.21974],[106.52828,20.21625],[106.5269,20.21506],[106.51537,20.21071],[106.50871,20.20897],[106.50736,20.20892],[106.50794,20.21024],[106.51289,20.21418],[106.51217,20.21521],[106.51235,20.21647],[106.51188,20.21872],[106.5108,20.21937],[106.51004,20.21888],[106.50854,20.21987],[106.50783,20.22153],[106.50644,20.22281],[106.50668,20.22377],[106.5064,20.22439],[106.50408,20.22705],[106.50129,20.2298],[106.49514,20.23694],[106.47831,20.25441],[106.48148,20.25709],[106.46346,20.27498],[106.4529,20.28601],[106.45176,20.28673],[106.45452,20.2899],[106.46109,20.28912],[106.46835,20.28925],[106.4756,20.29089],[106.48154,20.29327],[106.48619,20.29631],[106.48797,20.29794],[106.49553,20.30694],[106.49799,20.30847],[106.50052,20.30901],[106.50087,20.30719],[106.50384,20.2997],[106.50386,20.29909],[106.50318,20.29799],[106.50387,20.29463],[106.50411,20.28903]]]]}},
{"type":"Feature","id":"14194","properties":{"Ward_Code":"14194","Ward_Code_Num":14194,"Ward":"Giao Bình","Ward_Alt":"Giao Bình","Ward_Upper":"GIAO BÌNH","Ward_Full":"Xã Giao Bình","Ward_Full_Alt":"Xã Giao Bình","Ward_Full_Upper_Alt":"XÃ GIAO BÌNH","Ward_Type":"Xã","Province_Code":"37","Province":"Ninh Bình","Province_Upper_Alt":"NINH BÌNH"},"geometry":{"type":"MultiPolygon","coordinates":[[[[106.39482,20.26344],[106.39497,20.26317],[106.39726,20.26388],[106.39763,20.26237],[106.39865,20.26233],[106.39992,20.26177],[106.3997,20.26079],[106.40172,20.25616],[106.40395,20.24988],[106.406,20.25195],[106.4069,20.25089],[106.40728,20.25114],[106.4128,20.24517],[106.41557,20.24716],[106.41988,20.23556],[106.42079,20.23531],[106.42157,20.23434],[106.43687,20.2139],[106.43741,20.21229],[106.43575,20.21076],[106.42861,20.20766],[106.42679,20.20722],[106.42018,20.20658],[106.41414,20.2068],[106.4121,20.20644],[106.40973,20.20671],[106.40689,20.20554],[106.40483,20.20506],[106.40473,20.2069],[106.40408,20.20856],[106.39673,20.21756],[106.39362,20.22084],[106.39597,20.22323],[106.39129,20.22641],[106.38891,20.22717],[106.38924,20.22764],[106.38678,20.22892],[106.38705,20.2293],[106.38582,20.23073],[106.38624,20.23121],[106.38544,20.23232],[106.38608,20.23246],[106.38755,20.23408],[106.38615,20.23984],[106.38678,20.24019],[106.38655,20.24127],[106.3877,20.24178],[106.38826,20.24256],[106.38916,20.24499],[106.38909,20.2464],[106.38491,20.24638],[106.3704,20.24498],[106.36777,20.24538],[106.36798,20.249],[106.37002,20.25315],[106.37074,20.26068],[106.37516,20.25918],[106.37503,20.25873],[106.38542,20.25868],[106.38641,20.26132],[106.38937,20.26027],[106.39014,20.26239],[106.39112,20.26389],[106.39203,20.2646],[106.39371,20.2647],[106.39444,20.2642],[106.39482,20.26344]]]]}},
{"type":"Feature","id":"14203","properties":{"Ward_Code":"14203","Ward_Code_Num":14203,"Ward":"Giao Phúc","Ward_Alt":"Giao Phúc","Ward_Upper":"GIAO PHÚC","Ward_Full":"Xã Giao Phúc","Ward_Full_Alt":"Xã Giao Phúc","Ward_Full_Upper_Alt":"XÃ GIAO PHÚC","Ward_Type":"Xã","Province_Code":"37","Province":"Ninh Bình","Province_Upper_Alt":"NINH BÌNH"},"geometry":{"type":"MultiPolygon","coordinates":[[[[106.4642,20.20604],[106.46509,20.20527],[106.46715,20.20576],[106.46796,20.20567],[106.46875,20.20499],[106.47117,20.20514],[106.47232,20.20318],[106.47396,20.20195],[106.48425,20.19683],[106.48496,20.19683],[106.48561,20.19876],[106.48678,20.20036],[106.48875,20.20051],[106.4917,20.19922],[106.49752,20.20018],[106.50145,20.19914],[106.50242,20.19845],[106.50466,20.19809],[106.50628,20.19935],[106.50756,20.20187],[106.50944,20.20228],[106.51221,20.20149],[106.51532,20.20012],[106.52113,20.19947],[106.52741,20.2006],[106.53477,20.20419],[106.53534,20.20413],[106.53562,20.20353],[106.53532,20.20159],[106.53439,20.20008],[106.53013,20.19828],[106.52605,20.1961],[106.52432,20.19568],[106.517,20.19575],[106.50754,20.19453],[106.48243,20.19414],[106.46806,20.19895],[106.46428,20.20084],[106.46027,20.20341],[106.45867,20.20752],[106.45868,20.20845],[106.45922,20.20937],[106.46021,20.20996],[106.4612,20.21003],[106.46315,20.20858],[106.4642,20.20604]]],[[[106.46902,20.2449],[106.46983,20.24412],[106.4703,20.245],[106.47095,20.24445],[106.47304,20.24787],[106.47831,20.25441],[106.49514,20.23694],[106.50129,20.2298],[106.50408,20.22705],[106.5064,20.22439],[106.50668,20.22377],[106.50644,20.22281],[106.50783,20.22153],[106.50854,20.21987],[106.51004,20.21888],[106.5108,20.21937],[106.51188,20.21872],[106.51235,20.21647],[106.51217,20.21521],[106.51289,20.21418],[106.50875,20.21104],[106.50794,20.21024],[106.50736,20.20892],[106.49296,20.20998],[106.4699,20.21254],[106.463,20.21255],[106.4608,20.21723],[106.45435,20.22475],[106.45771,20.22671],[106.45219,20.23427],[106.45025,20.23337],[106.4408,20.24423],[106.44271,20.2443],[106.44596,20.24504],[106.44788,20.24253],[106.45342,20.24621],[106.43447,20.27238],[106.43681,20.27269],[106.43808,20.27324],[106.43966,20.27481],[106.44052,20.27617],[106.44453,20.27948],[106.46091,20.25941],[106.46242,20.25664],[106.46381,20.25575],[106.46844,20.24978],[106.46552,20.2483],[106.46902,20.2449]]]]}},
{"type":"Feature","id":"14212","properties":{"Ward_Code":"14212","Ward_Code_Num":14212,"Ward":"Giao Ninh","Ward_Alt":"Giao Ninh","Ward_Upper":"GIAO NINH","Ward_Full":"Xã Giao Ninh","Ward_Full_Alt":"Xã Giao Ninh","Ward_Full_Upper_Alt":"XÃ GIAO NINH","Ward_Type":"Xã","Province_Code":"37","Province":"Ninh Bình","Province_Upper_Alt":"NINH BÌNH"},"geometry":{"type":"MultiPolygon","coordinates":[[[[106.38821,20.24642],[106.38909,20.2464],[106.38916,20.24499],[106.3881,20.24221],[106.38655,20.24127],[106.38678,20.24019],[106.38615,20.23984],[106.38755,20.23408],[106.38608,20.23246],[106.38544,20.23232],[106.38624,20.23121],[106.38582,20.23073],[106.38705,20.2293],[106.38678,20.22892],[106.38924,20.22764],[106.38891,20.22717],[106.39129,20.22641],[106.39597,20.22323],[106.39362,20.22084],[106.39673,20.21756],[106.40408,20.20856],[106.40473,20.2069],[106.40476,20.20234],[106.39745,20.20077],[106.39591,20.20094],[106.39259,20.19931],[106.38946,20.19912],[106.38771,20.19814],[106.38722,20.19723],[106.38551,20.1957],[106.38659,20.19394],[106.38476,20.19213],[106.37157,20.18476],[106.36625,20.18093],[106.36234,20.17994],[106.35978,20.17749],[106.35563,20.17648],[106.35367,20.17653],[106.35259,20.17814],[106.35168,20.18396],[106.35322,20.18708],[106.35545,20.18822],[106.35666,20.1894],[106.35694,20.19217],[106.3567,20.19585],[106.3563,20.19742],[106.35553,20.19879],[106.35248,20.20194],[106.35139,20.20379],[106.35085,20.20551],[106.35092,20.20704],[106.35172,20.21015],[106.35132,20.21596],[106.35193,20.21898],[106.3543,20.22322],[106.35722,20.22743],[106.36212,20.23251],[106.36487,20.23829],[106.36711,20.24195],[106.36763,20.24353],[106.36777,20.24538],[106.3704,20.24498],[106.38491,20.24638],[106.38821,20.24642]]]]}},
{"type":"Feature","id":"14215","properties":{"Ward_Code":"14215","Ward_Code_Num":14215,"Ward":"Hải Hậu","Ward_Alt":"Hải Hậu","Ward_Upper":"HẢI HẬU","Ward_Full":"Xã Hải Hậu","Ward_Full_Alt":"Xã Hải Hậu","Ward_Full_Upper_Alt":"XÃ HẢI HẬU","Ward_Type":"Xã","Province_Code":"37","Province":"Ninh Bình","Province_Upper_Alt":"NINH BÌNH"},"geometry":{"type":"MultiPolygon","coordinates":[[[[106.29814,20.24416],[106.29893,20.24423],[106.30002,20.2438],[106.30096,20.24178],[106.29778,20.23397],[106.29814,20.23371],[106.29743,20.23146],[106.29922,20.23011],[106.30415,20.22829],[106.3044,20.22796],[106.30387,20.22404],[106.30372,20.21847],[106.3052,20.21786],[106.30514,20.21494],[106.30412,20.21091],[106.30072,20.20633],[106.30242,20.2051],[106.30025,20.20227],[106.30357,20.19923],[106.30181,20.19714],[106.30051,20.19818],[106.29966,20.19824],[106.29945,20.19798],[106.29846,20.19848],[106.29674,20.19454],[106.29167,20.18508],[106.28975,20.18616],[106.28663,20.18003],[106.28377,20.1621],[106.25808,20.16866],[106.26327,20.19103],[106.26778,20.20303],[106.27073,20.21366],[106.27505,20.2129],[106.27639,20.21293],[106.27678,20.2126],[106.27674,20.21188],[106.27806,20.2117],[106.27916,20.21568],[106.27975,20.21565],[106.28008,20.21691],[106.28016,20.21723],[106.2797,20.21768],[106.28023,20.2199],[106.27992,20.21999],[106.28103,20.22436],[106.28094,20.22525],[106.28054,20.2258],[106.28108,20.22601],[106.28108,20.22657],[106.28168,20.22687],[106.28148,20.22762],[106.28213,20.22763],[106.28227,20.22825],[106.27975,20.22853],[106.27954,20.22936],[106.28135,20.22977],[106.28044,20.23218],[106.27878,20.23602],[106.27586,20.23697],[106.27617,20.23801],[106.27882,20.23716],[106.28124,20.23704],[106.28267,20.23732],[106.28512,20.2383],[106.28762,20.23987],[106.29502,20.24551],[106.29605,20.24461],[106.29814,20.24416]]]]}},
{"type":"Feature","id":"14218","properties":{"Ward_Code":"14218","Ward_Code_Num":14218,"Ward":"Hải Tiến","Ward_Alt":"Hải Tiến","Ward_Upper":"HẢI TIẾN","Ward_Full":"Xã Hải Tiến","Ward_Full_Alt":"Xã Hải Tiến","Ward_Full_Upper_Alt":"XÃ HẢI TIẾN","Ward_Type":"Xã","Province_Code":"37","Province":"Ninh Bình","Province_Upper_Alt":"NINH BÌNH"},"geometry":{"type":"MultiPolygon","coordinates":[[[[106.28005,20.14014],[106.27908,20.13417],[106.2796,20.13414],[106.27917,20.13132],[106.2807,20.13136],[106.28022,20.12806],[106.30075,20.13037],[106.30268,20.141],[106.32154,20.14145],[106.3242,20.14115],[106.32254,20.13883],[106.31734,20.13348],[106.31564,20.13228],[106.31473,20.13261],[106.31509,20.13164],[106.31442,20.13084],[106.31476,20.13032],[106.31465,20.12985],[106.31334,20.12931],[106.30891,20.12401],[106.3058,20.11966],[106.30529,20.11939],[106.30474,20.11968],[106.30504,20.11889],[106.3049,20.1181],[106.30376,20.11739],[106.30164,20.11497],[106.30115,20.11419],[106.30142,20.11385],[106.30105,20.11334],[106.30074,20.11355],[106.30048,20.11331],[106.30077,20.11293],[106.30057,20.11266],[106.29968,20.11241],[106.29976,20.11201],[106.30007,20.11203],[106.29958,20.11158],[106.29954,20.11183],[106.299,20.11187],[106.29886,20.11149],[106.29919,20.11131],[106.29868,20.11091],[106.29852,20.1112],[106.29813,20.11114],[106.29828,20.11063],[106.29778,20.11022],[106.29755,20.11053],[106.29708,20.11041],[106.29726,20.10987],[106.29678,20.10945],[106.2962,20.10967],[106.29643,20.10915],[106.29596,20.10875],[106.29553,20.10894],[106.2957,20.10855],[106.29524,20.10811],[106.29479,20.10825],[106.29488,20.10781],[106.29443,20.10737],[106.29395,20.10755],[106.29329,20.1071],[106.29331,20.10658],[106.292,20.1056],[106.28773,20.1009],[106.28563,20.09801],[106.28326,20.09557],[106.28183,20.09334],[106.2804,20.09365],[106.27977,20.09751],[106.28152,20.09748],[106.28087,20.10045],[106.27995,20.1004],[106.27925,20.10092],[106.2799,20.10175],[106.28018,20.10303],[106.27957,20.1057],[106.27915,20.10573],[106.27736,20.11472],[106.27637,20.11474],[106.27638,20.11522],[106.27433,20.11494],[106.27433,20.11632],[106.27371,20.11635],[106.27395,20.11799],[106.26677,20.11846],[106.26714,20.12279],[106.26412,20.12273],[106.26385,20.12357],[106.25397,20.12334],[106.2546,20.12597],[106.24825,20.1276],[106.24988,20.13588],[106.25808,20.16866],[106.28377,20.1621],[106.28005,20.14014]]]]}},
{"type":"Feature","id":"14221","properties":{"Ward_Code":"14221","Ward_Code_Num":14221,"Ward":"Hải Thịnh","Ward_Alt":"Hải Thịnh","Ward_Upper":"HẢI THỊNH","Ward_Full":"Xã Hải Thịnh","Ward_Full_Alt":"Xã Hải Thịnh","Ward_Full_Upper_Alt":"XÃ HẢI THỊNH","Ward_Type":"Xã","Province_Code":"37","Province":"Ninh Bình","Province_Upper_Alt":"NINH BÌNH"},"geometry":{"type":"MultiPolygon","coordinates":[[[[106.19852,19.99617],[106.19722,19.99498],[106.19544,19.99533],[106.19712,20.00271],[106.19763,20.00326],[106.1983,20.00306],[106.20206,19.99938],[106.19852,19.99617]]],[[[106.22895,20.1214],[106.23049,20.12199],[106.23131,20.12275],[106.23021,20.11861],[106.22864,20.1074],[106.22703,20.09933],[106.23522,20.09574],[106.23527,20.09549],[106.24062,20.09302],[106.24084,20.09265],[106.23934,20.08225],[106.23787,20.07946],[106.23628,20.07404],[106.23672,20.07203],[106.23816,20.06993],[106.23571,20.05093],[106.23601,20.05068],[106.23511,20.04377],[106.23531,20.0432],[106.23487,20.04224],[106.22897,20.03682],[106.22763,20.035],[106.22732,20.03393],[106.21784,20.02257],[106.21719,20.02224],[106.21587,20.02044],[106.20848,20.0131],[106.20593,20.0101],[106.20541,20.00909],[106.20373,20.0075],[106.20209,20.00476],[106.20123,20.00393],[106.20045,20.0047],[106.1942,20.00499],[106.19649,20.00939],[106.19695,20.01089],[106.19758,20.01665],[106.19827,20.01977],[106.20078,20.02504],[106.20397,20.0294],[106.20621,20.03408],[106.20944,20.04349],[106.21009,20.04726],[106.21001,20.04997],[106.20867,20.05432],[106.20813,20.05813],[106.20805,20.06232],[106.20959,20.07248],[106.20964,20.07748],[106.20924,20.08315],[106.20703,20.09038],[106.20232,20.10111],[106.19841,20.11233],[106.20013,20.11298],[106.21702,20.11448],[106.2175,20.11774],[106.22071,20.11741],[106.22215,20.12431],[106.22895,20.1214]]]]}},
{"type":"Feature","id":"14236","properties":{"Ward_Code":"14236","Ward_Code_Num":14236,"Ward":"Hải Anh","Ward_Alt":"Hải Anh","Ward_Upper":"HẢI ANH","Ward_Full":"Xã Hải Anh","Ward_Full_Alt":"Xã Hải Anh","Ward_Full_Upper_Alt":"XÃ HẢI ANH","Ward_Type":"Xã","Province_Code":"37","Province":"Ninh Bình","Province_Upper_Alt":"NINH BÌNH"},"geometry":{"type":"MultiPolygon","coordinates":[[[[106.27954,20.22936],[106.27975,20.22853],[106.28227,20.22825],[106.28213,20.22763],[106.28148,20.22762],[106.28168,20.22687],[106.28108,20.22657],[106.28108,20.22601],[106.28054,20.2258],[106.28094,20.22525],[106.28103,20.22436],[106.27992,20.21999],[106.28023,20.2199],[106.2797,20.21768],[106.28016,20.21723],[106.27975,20.21565],[106.27916,20.21568],[106.27806,20.2117],[106.27674,20.21188],[106.27678,20.2126],[106.27639,20.21293],[106.27505,20.2129],[106.27073,20.21366],[106.26778,20.20303],[106.26327,20.19103],[106.25698,20.16387],[106.24991,20.13593],[106.24864,20.13615],[106.2469,20.13568],[106.23478,20.13918],[106.24312,20.16797],[106.24876,20.19069],[106.25436,20.21634],[106.25294,20.21643],[106.25274,20.21605],[106.25012,20.21705],[106.25031,20.2183],[106.24883,20.2182],[106.24876,20.21948],[106.24727,20.21982],[106.24742,20.22148],[106.24534,20.22112],[106.2451,20.22523],[106.24301,20.22525],[106.24312,20.22699],[106.24203,20.22928],[106.24662,20.23103],[106.24246,20.23689],[106.24734,20.24124],[106.25385,20.24942],[106.25669,20.25077],[106.25914,20.25105],[106.26075,20.25086],[106.26401,20.24974],[106.26706,20.24762],[106.27034,20.24463],[106.27392999999999,20.2398],[106.27617,20.23801],[106.27586,20.23697],[106.27878,20.23602],[106.28135,20.22977],[106.27954,20.22936]]]]}},
{"type":"Feature","id":"14248","properties":{"Ward_Code":"14248","Ward_Code_Num":14248,"Ward":"Hải Hưng","Ward_Alt":"Hải Hưng","Ward_Upper":"HẢI HƯNG","Ward_Full":"Xã Hải Hưng","Ward_Full_Alt":"Xã Hải Hưng","Ward_Full_Upper_Alt":"XÃ HẢI HƯNG","Ward_Type":"Xã","Province_Code":"37","Province":"Ninh Bình","Province_Upper_Alt":"NINH BÌNH"},"geometry":{"type":"MultiPolygon","coordinates":[[[[106.36055,20.24569],[106.36052,20.2444],[106.35997,20.24291],[106.36544,20.23925],[106.36212,20.23251],[106.35764,20.22797],[106.3543,20.22322],[106.35179,20.21864],[106.35132,20.21596],[106.35175,20.21084],[106.35156,20.20895],[106.35085,20.20659],[106.35094,20.20504],[106.35248,20.20194],[106.35553,20.19879],[106.35646,20.19705],[106.35694,20.19217],[106.35681,20.18973],[106.35545,20.18822],[106.35322,20.18708],[106.35168,20.18396],[106.35246,20.17867],[106.35317,20.177],[106.34603,20.17341],[106.34434,20.17223],[106.34130999999999,20.16648],[106.33999,20.16479],[106.33839,20.1657],[106.33798,20.16536],[106.33043,20.16323],[106.32867,20.16138],[106.32837,20.16202],[106.32825,20.16441],[106.32906,20.165],[106.32856,20.16721],[106.32367,20.16319],[106.32449,20.17476],[106.32414,20.18051],[106.32067,20.18032],[106.3123,20.17856],[106.31188,20.17587],[106.29395,20.17542],[106.29396,20.17572],[106.28637,20.17836],[106.28674,20.18042],[106.28975,20.18616],[106.29167,20.18508],[106.29674,20.19454],[106.29846,20.19848],[106.29945,20.19798],[106.29966,20.19824],[106.30051,20.19818],[106.30181,20.19714],[106.30357,20.19923],[106.30025,20.20227],[106.30242,20.2051],[106.30072,20.20633],[106.30412,20.21091],[106.30514,20.21494],[106.3052,20.21786],[106.30372,20.21847],[106.30393,20.22381],[106.30847,20.22302],[106.30766,20.23062],[106.31034,20.22981],[106.31046,20.23035],[106.31252,20.23253],[106.31511,20.23124],[106.31374,20.22969],[106.31629,20.22913],[106.31613,20.22834],[106.31657,20.22822],[106.3158,20.21802],[106.32236,20.217],[106.32386,20.23734],[106.3242,20.23855],[106.32432,20.24336],[106.32828,20.24255],[106.33167,20.23956],[106.33273,20.23932],[106.33617,20.23735],[106.33875,20.23772],[106.3422,20.23885],[106.34308,20.23834],[106.34437,20.23634],[106.34586,20.2361],[106.3465,20.23651],[106.34573,20.23883],[106.34873,20.23986],[106.34925,20.23901],[106.34881,20.23866],[106.34914,20.23814],[106.35014,20.23862],[106.35045,20.2391],[106.35138,20.23793],[106.35286,20.23901],[106.35675,20.24063],[106.3566,20.24208],[106.35717,20.24189],[106.35794,20.24258],[106.3581,20.24317],[106.35772,20.24391],[106.35621,20.24465],[106.36064,20.24669],[106.36083,20.24594],[106.36055,20.24569]]]]}},
{"type":"Feature","id":"14281","properties":{"Ward_Code":"14281","Ward_Code_Num":14281,"Ward":"Hải An","Ward_Alt":"Hải An","Ward_Upper":"HẢI AN","Ward_Full":"Xã Hải An","Ward_Full_Alt":"Xã Hải An","Ward_Full_Upper_Alt":"XÃ HẢI AN","Ward_Type":"Xã","Province_Code":"37","Province":"Ninh Bình","Province_Upper_Alt":"NINH BÌNH"},"geometry":{"type":"MultiPolygon","coordinates":[[[[106.22505,20.16108],[106.2244,20.15916],[106.24058,20.15909],[106.2345,20.13856],[106.23163,20.12364],[106.23184,20.12328],[106.23049,20.12199],[106.22909,20.12137],[106.22215,20.12431],[106.22071,20.11741],[106.2175,20.11774],[106.21702,20.11448],[106.20013,20.11298],[106.19841,20.11233],[106.19711,20.11466],[106.19507,20.11727],[106.18849,20.12338],[106.18312,20.12956],[106.1807,20.13389],[106.17877,20.13977],[106.17823,20.14263],[106.17939,20.14235],[106.18081,20.1425],[106.18672,20.15888],[106.18686,20.1591],[106.19723,20.15847],[106.21674,20.16103],[106.22533,20.16183],[106.22505,20.16108]]]]}},
{"type":"Feature","id":"14287","properties":{"Ward_Code":"14287","Ward_Code_Num":14287,"Ward":"Hải Quang","Ward_Alt":"Hải Quang","Ward_Upper":"HẢI QUANG","Ward_Full":"Xã Hải Quang","Ward_Full_Alt":"Xã Hải Quang","Ward_Full_Upper_Alt":"XÃ HẢI QUANG","Ward_Type":"Xã","Province_Code":"37","Province":"Ninh Bình","Province_Upper_Alt":"NINH BÌNH"},"geometry":{"type":"MultiPolygon","coordinates":[[[[106.32435,20.17582],[106.32367,20.16319],[106.32856,20.16721],[106.32906,20.165],[106.32825,20.16441],[106.32837,20.16202],[106.32867,20.16138],[106.33043,20.16323],[106.33798,20.16536],[106.33839,20.1657],[106.33999,20.16479],[106.34130999999999,20.16648],[106.34417,20.17207],[106.34603,20.17341],[106.35317,20.177],[106.35394,20.17642],[106.35528,20.17643],[106.35978,20.17749],[106.35604,20.17458],[106.3556,20.17317],[106.35308,20.16978],[106.35009,20.16676],[106.34805,20.16518],[106.34547,20.16132],[106.34189,20.15775],[106.34118,20.15677],[106.34156,20.15626],[106.34059,20.15669],[106.33359,20.14974],[106.33184,20.1487],[106.32817,20.14532],[106.3242,20.14115],[106.32154,20.14145],[106.30268,20.141],[106.30075,20.13037],[106.28022,20.12806],[106.2807,20.13136],[106.27917,20.13132],[106.2796,20.13414],[106.27908,20.13417],[106.28221,20.15187],[106.28637,20.17836],[106.29396,20.17572],[106.29395,20.17542],[106.31188,20.17587],[106.3123,20.17856],[106.32067,20.18032],[106.32414,20.18051],[106.32435,20.17582]]]]}},
{"type":"Feature","id":"14308","properties":{"Ward_Code":"14308","Ward_Code_Num":14308,"Ward":"Hải Xuân","Ward_Alt":"Hải Xuân","Ward_Upper":"HẢI XUÂN","Ward_Full":"Xã Hải Xuân","Ward_Full_Alt":"Xã Hải Xuân","Ward_Full_Upper_Alt":"XÃ HẢI XUÂN","Ward_Type":"Xã","Province_Code":"37","Province":"Ninh Bình","Province_Upper_Alt":"NINH BÌNH"},"geometry":{"type":"MultiPolygon","coordinates":[[[[106.2469,20.13568],[106.24864,20.13615],[106.24988,20.13588],[106.24825,20.1276],[106.2546,20.12597],[106.25397,20.12334],[106.26385,20.12357],[106.26412,20.12273],[106.26714,20.12279],[106.26677,20.11846],[106.27395,20.11799],[106.27371,20.11635],[106.27433,20.11632],[106.27433,20.11494],[106.27638,20.11522],[106.27637,20.11474],[106.27736,20.11472],[106.27915,20.10573],[106.27957,20.1057],[106.28018,20.10303],[106.2799,20.10175],[106.27925,20.10092],[106.27995,20.1004],[106.28087,20.10045],[106.28152,20.09748],[106.27977,20.09751],[106.2804,20.09365],[106.28183,20.09334],[106.28114,20.09252],[106.28119,20.09204],[106.28078,20.09182],[106.28078,20.09147],[106.28048,20.09159],[106.27905,20.09003],[106.27887,20.08967],[106.27916,20.08944],[106.27858,20.08882],[106.27819,20.08901],[106.27803,20.08827],[106.27774,20.0881],[106.2775,20.08834],[106.27478,20.08541],[106.27463,20.08484],[106.27446,20.085],[106.27396,20.08461],[106.27369,20.08381],[106.27255,20.08351],[106.27252,20.08275],[106.2722,20.083],[106.27153,20.08251],[106.27106,20.08148],[106.27074,20.08169],[106.26651,20.07743],[106.26281,20.07315],[106.26257,20.07225],[106.26226,20.0723],[106.26189,20.07134],[106.26158,20.07138],[106.26128,20.07046],[106.26109,20.07074],[106.26017,20.07056],[106.26022,20.06951],[106.26061,20.06942],[106.26022,20.06888],[106.25972,20.06896],[106.2599,20.06854],[106.2595,20.06802],[106.25931,20.06825],[106.25893,20.06807],[106.25919,20.06765],[106.25878,20.06714],[106.25825,20.06724],[106.25854,20.06676],[106.25816,20.06625],[106.25791,20.06657],[106.25743,20.06638],[106.25752,20.0658],[106.25779,20.06583],[106.25747,20.06544],[106.25668,20.0655],[106.25705,20.06497],[106.25661,20.06452],[106.25636,20.06487],[106.25595,20.06474],[106.25595,20.06428],[106.25628,20.06421],[106.25581,20.06378],[106.25564,20.06408],[106.25517,20.06405],[106.25512,20.06357],[106.25548,20.06339],[106.25502,20.06295],[106.25448,20.06328],[106.25433,20.06282],[106.2547,20.06262],[106.25424,20.0622],[106.25407,20.06259],[106.2535,20.06256],[106.25326,20.0621],[106.25366,20.06183],[106.25304,20.06159],[106.25285,20.06202],[106.25223,20.06196],[106.25055,20.0606],[106.24879,20.05826],[106.24809,20.05801],[106.23996,20.0486],[106.23798,20.04589],[106.23536,20.0434],[106.23511,20.04377],[106.23601,20.05068],[106.23571,20.05093],[106.23816,20.06993],[106.23672,20.07203],[106.23628,20.07404],[106.23787,20.07946],[106.23934,20.08225],[106.24084,20.09265],[106.24062,20.09302],[106.23527,20.09549],[106.23522,20.09574],[106.22703,20.09933],[106.22864,20.1074],[106.23021,20.11861],[106.23131,20.12275],[106.23184,20.12328],[106.23163,20.12364],[106.23463,20.13902],[106.2385,20.13827],[106.2469,20.13568]]]]}},
{"type":"Feature","id":"14329","properties":{"Ward_Code":"14329","Ward_Code_Num":14329,"Ward":"Hoa Lư","Ward_Alt":"Hoa Lư","Ward_Upper":"HOA LƯ","Ward_Full":"Phường Hoa Lư","Ward_Full_Alt":"Phường Hoa Lư","Ward_Full_Upper_Alt":"PHƯỜNG HOA LƯ","Ward_Type":"Phường","Province_Code":"37","Province":"Ninh Bình","Province_Upper_Alt":"NINH BÌNH"},"geometry":{"type":"MultiPolygon","coordinates":[[[[105.92419,20.23546],[105.92319,20.23544],[105.92058,20.23743],[105.91988,20.23748],[105.91917,20.23694],[105.91805,20.23724],[105.9179,20.23816],[105.91662,20.23916],[105.91634,20.24062],[105.91449,20.24158],[105.91474,20.24306],[105.91621,20.24488],[105.91591,20.24536],[105.91676,20.24581],[105.91689,20.24644],[105.91482,20.24637],[105.91292,20.24546],[105.91182,20.24554],[105.91121,20.24588],[105.91088,20.24715],[105.91029,20.24752],[105.91002,20.24848],[105.90795,20.24881],[105.90752,20.24859],[105.90396,20.24884],[105.90292,20.24946],[105.90358,20.25006],[105.90349,20.25057],[105.9029,20.25114],[105.90151,20.25169],[105.90138,20.25297],[105.90178,20.25395],[105.90302,20.25515],[105.90292,20.25565],[105.90395,20.25614],[105.90647,20.25445],[105.90936,20.25542],[105.91062,20.25514],[105.91178,20.25566],[105.91557,20.26095],[105.91668,20.26086],[105.91877,20.26134],[105.92208,20.26423],[105.92344,20.26345],[105.92576,20.26288],[105.92641,20.26356],[105.92626,20.26445],[105.92685,20.26568],[105.92783,20.26664],[105.92876,20.26669],[105.92935,20.26637],[105.93134,20.26652],[105.93223,20.26701],[105.93192,20.26806],[105.93263,20.26888],[105.93365,20.269],[105.93413,20.26815],[105.93476,20.26794],[105.936,20.26924],[105.93707,20.26975],[105.93324,20.27208],[105.93446,20.27519],[105.93623,20.27667],[105.93767,20.28149],[105.9382,20.28121],[105.93929,20.28432],[105.93863,20.28435],[105.9391,20.28582],[105.93845,20.28698],[105.93911,20.28735],[105.93691,20.29024],[105.93592,20.29335],[105.94212,20.29493],[105.94128,20.2985],[105.93982,20.29811],[105.93916,20.2998],[105.94096,20.30016],[105.94038,20.30309],[105.94698,20.30486],[105.94666,20.30681],[105.94721,20.30746],[105.94692,20.30875],[105.94765,20.30922],[105.9474,20.30969],[105.95065,20.31111],[105.95154,20.30909],[105.95292,20.30954],[105.95168,20.30616],[105.95475,20.30016],[105.9577,20.3005],[105.96532,20.30294],[105.97253,20.30717],[105.97879,20.30031],[105.98215,20.29583],[105.98489,20.29121],[105.98633,20.28652],[105.98644,20.28348],[105.98531,20.27787],[105.98463,20.27566],[105.98175,20.26935],[105.98084,20.26621],[105.98164,20.26351],[105.99169,20.25608],[106.00187,20.2521],[106.01026,20.25046],[106.01012,20.24937],[106.00951,20.24901],[106.0078,20.24682],[106.00746,20.2469],[106.00734,20.24763],[106.00612,20.24811],[106.00459,20.24355],[105.99718,20.24351],[105.98547,20.247],[105.98446,20.2447],[105.98618,20.24389],[105.98539,20.24171],[105.98685,20.2412],[105.98578,20.23929],[105.98595,20.2385],[105.98544,20.23865],[105.98444,20.2373],[105.98385,20.23699],[105.98243,20.23731],[105.98163,20.23548],[105.97892,20.2367],[105.97212,20.23785],[105.9724,20.23837],[105.96982,20.23922],[105.96748,20.23438],[105.967,20.23231],[105.96719,20.2307],[105.96802,20.22884],[105.96793,20.22812],[105.96727,20.22788],[105.96563,20.22833],[105.96394,20.22824],[105.96298,20.22926],[105.96152,20.22932],[105.96051,20.22837],[105.95857,20.22734],[105.95843,20.22674],[105.95893,20.22491],[105.95873,20.22445],[105.9561,20.22314],[105.954,20.2237],[105.95312,20.22495],[105.94818,20.22994],[105.94508,20.23115],[105.9437,20.23222],[105.94286,20.2316],[105.94216,20.23009],[105.94069,20.22968],[105.93954,20.22748],[105.93902,20.22749],[105.93362,20.22954],[105.92881,20.23326],[105.92419,20.23546]]]]}},
{"type":"Feature","id":"14359","properties":{"Ward_Code":"14359","Ward_Code_Num":14359,"Ward":"Nam Hoa Lư","Ward_Alt":"Nam Hoa Lư","Ward_Upper":"NAM HOA LƯ","Ward_Full":"Phường Nam Hoa Lư","Ward_Full_Alt":"Phường Nam Hoa Lư","Ward_Full_Upper_Alt":"PHƯỜNG NAM HOA LƯ","Ward_Type":"Phường","Province_Code":"37","Province":"Ninh Bình","Province_Upper_Alt":"NINH BÌNH"},"geometry":{"type":"MultiPolygon","coordinates":[[[[105.92419,20.23546],[105.92881,20.23326],[105.93362,20.22954],[105.93902,20.22749],[105.93954,20.22748],[105.94069,20.22968],[105.94216,20.23009],[105.94286,20.2316],[105.9437,20.23222],[105.94508,20.23115],[105.94818,20.22994],[105.95312,20.22495],[105.954,20.2237],[105.9561,20.22314],[105.95873,20.22445],[105.95893,20.22491],[105.95843,20.22674],[105.95857,20.22734],[105.96051,20.22837],[105.96152,20.22932],[105.96298,20.22926],[105.96394,20.22824],[105.96563,20.22833],[105.96727,20.22788],[105.96793,20.22812],[105.96802,20.22884],[105.96719,20.2307],[105.967,20.23231],[105.96748,20.23438],[105.96982,20.23922],[105.9724,20.23837],[105.97212,20.23785],[105.97892,20.2367],[105.98163,20.23548],[105.98243,20.23731],[105.98385,20.23699],[105.98444,20.2373],[105.98544,20.23865],[105.98595,20.2385],[105.98578,20.23929],[105.98685,20.2412],[105.98539,20.24171],[105.98618,20.24389],[105.98446,20.2447],[105.98547,20.247],[105.99639,20.24368],[106.00079,20.24343],[105.99915,20.23932],[106.00002,20.23909],[105.99812,20.23466],[105.99764,20.23482],[105.99669,20.23344],[105.99687,20.23332],[105.99413,20.22659],[105.98849,20.21435],[105.98872,20.21423],[105.98843,20.21181],[105.98865,20.21168],[105.98797,20.21041],[105.98599,20.21159],[105.98519,20.21044],[105.98742,20.20973],[105.98586,20.20698],[105.98614,20.20357],[105.98774,20.19831],[105.98852,20.19766],[105.99075,20.19681],[105.99031,20.19585],[105.98838,20.19638],[105.98789,20.19614],[105.98723,20.19657],[105.98496,20.19666],[105.98175,20.19471],[105.98256,20.19324],[105.98157,20.19284],[105.97692,20.19289],[105.97199,20.19483],[105.96964,20.19519],[105.96867,20.19497],[105.96802,20.19445],[105.96713,20.19289],[105.96635,20.19254],[105.95999,20.1944],[105.9587,20.19382],[105.95496,20.1936],[105.9546,20.19317],[105.95471,20.19182],[105.95414,20.19005],[105.94945,20.18891],[105.94816,20.18742],[105.94702,20.18473],[105.94953,20.18231],[105.94887,20.18027],[105.94701,20.18014],[105.94696,20.17966],[105.94567,20.17964],[105.94466,20.17886],[105.94372,20.17398],[105.9426,20.17279],[105.93994,20.17227],[105.93486,20.17509],[105.93252,20.17729],[105.93346,20.17984],[105.93521,20.17928],[105.93644,20.17927],[105.93816,20.17974],[105.93855,20.1808],[105.93612,20.18191],[105.93544,20.18281],[105.93523,20.18369],[105.93373,20.18396],[105.9302,20.18693],[105.92715,20.18793],[105.92443,20.19005],[105.92342,20.18963],[105.92268,20.18972],[105.92149,20.19124],[105.91921,20.19199],[105.91873,20.19265],[105.91653,20.19258],[105.91553,20.19344],[105.91274,20.19439],[105.91094,20.19549],[105.91036,20.1981],[105.90875,20.19865],[105.90818,20.19762],[105.90772,20.19758],[105.90645,20.19849],[105.90605,20.19953],[105.90526,20.19957],[105.90455,20.20003],[105.90424,20.20115],[105.90204,20.20357],[105.90055,20.20506],[105.8988,20.2058],[105.89698,20.20819],[105.89691,20.20905],[105.89641,20.20989],[105.89324,20.21313],[105.89278,20.21443],[105.89195,20.21506],[105.89188,20.2156],[105.88972,20.21652],[105.88925,20.2177],[105.88839,20.21861],[105.88511,20.21996],[105.88312,20.2227],[105.88101,20.22452],[105.88063,20.22584],[105.87884,20.22792],[105.87757,20.23109],[105.87793,20.23197],[105.87899,20.23303],[105.8798,20.23296],[105.88115,20.23425],[105.88284,20.23435],[105.88439,20.23519],[105.88534,20.23436],[105.88759,20.235],[105.88888,20.23576],[105.89613,20.23626],[105.89718,20.2382],[105.89721,20.2391],[105.89621,20.23981],[105.89625,20.24079],[105.89448,20.24182],[105.89407,20.24347],[105.89314,20.24383],[105.89256,20.24481],[105.89146,20.24525],[105.8902,20.24781],[105.88967,20.2483],[105.88972,20.24987],[105.8909,20.25044],[105.89158,20.25197],[105.89136,20.25289],[105.88983,20.25534],[105.8922,20.25542],[105.89304,20.25602],[105.89403,20.25607],[105.89575,20.2558],[105.89667,20.2552],[105.89792,20.25556],[105.8995,20.25738],[105.9005,20.25672],[105.90075,20.25573],[105.90168,20.2554],[105.90211,20.25573],[105.90292,20.25565],[105.90302,20.25515],[105.90178,20.25395],[105.9013,20.25251],[105.90151,20.25169],[105.9029,20.25114],[105.90349,20.25057],[105.90361,20.25012],[105.90295,20.24966],[105.90306,20.2493],[105.9041,20.2488],[105.90752,20.24859],[105.90795,20.24881],[105.91002,20.24848],[105.91029,20.24752],[105.91088,20.24715],[105.91121,20.24588],[105.91182,20.24554],[105.91292,20.24546],[105.91482,20.24637],[105.91689,20.24644],[105.91676,20.24581],[105.91591,20.24536],[105.91621,20.24488],[105.91474,20.24306],[105.91449,20.24158],[105.91634,20.24062],[105.91662,20.23916],[105.9179,20.23816],[105.91805,20.23724],[105.91917,20.23694],[105.91988,20.23748],[105.92058,20.23743],[105.92319,20.23544],[105.92419,20.23546]]]]}},
{"type":"Feature","id":"14362","properties":{"Ward_Code":"14362","Ward_Code_Num":14362,"Ward":"Tam Điệp","Ward_Alt":"Tam Điệp","Ward_Upper":"TAM ĐIỆP","Ward_Full":"Phường Tam Điệp","Ward_Full_Alt":"Phường Tam Điệp","Ward_Full_Upper_Alt":"PHƯỜNG TAM ĐIỆP","Ward_Type":"Phường","Province_Code":"37","Province":"Ninh Bình","Province_Upper_Alt":"NINH BÌNH"},"geometry":{"type":"MultiPolygon","coordinates":[[[[105.87686,20.1778],[105.88281,20.17974],[105.88438,20.17827],[105.88586,20.17846],[105.88776,20.17709],[105.88995,20.17734],[105.89082,20.17496],[105.89216,20.17532],[105.89354,20.17467],[105.89553,20.1751],[105.89569,20.17486],[105.89528,20.17414],[105.89579,20.17396],[105.89733,20.17523],[105.89833,20.17553],[105.90005,20.17514],[105.90309,20.17264],[105.90699,20.17417],[105.91068,20.17104],[105.91557,20.16835],[105.91987,20.16676],[105.92428,20.16456],[105.92647,20.16385],[105.92686,20.1642],[105.9294,20.16202],[105.9255,20.16131],[105.92394,20.16055],[105.92021,20.15659],[105.91856,20.15565],[105.91157,20.15398],[105.90838,20.15258],[105.90457,20.15166],[105.89937,20.14972],[105.896,20.14798],[105.88208,20.14598],[105.875,20.14355],[105.87284,20.14321],[105.87062,20.14387],[105.87012,20.14434],[105.8689,20.14436],[105.85995,20.14248],[105.8571,20.13801],[105.85674,20.13607],[105.85572,20.1361],[105.85472,20.13778],[105.8534,20.13759],[105.85286,20.13836],[105.84936,20.1397],[105.84843,20.13935],[105.84714,20.13964],[105.8469,20.14021],[105.84401,20.14199],[105.84294,20.14186],[105.84167,20.1426],[105.83902,20.14078],[105.83885,20.14119],[105.83753,20.14196],[105.83549,20.14228],[105.83456,20.14366],[105.83332,20.14461],[105.8331,20.14603],[105.83226,20.14651],[105.83237,20.14705],[105.83203,20.14775],[105.83232,20.14878],[105.83213,20.14927],[105.8316,20.14948],[105.83162,20.1506],[105.82846,20.15141],[105.8271,20.15088],[105.82675,20.15126],[105.82645,20.15281],[105.82102,20.15244],[105.81814,20.15453],[105.8175,20.15469],[105.81689,20.15563],[105.81572,20.15565],[105.81238,20.15731],[105.80844,20.1579],[105.80739,20.15924],[105.80778,20.16057],[105.80616,20.16061],[105.8055,20.16213],[105.80162,20.16253],[105.8004,20.16382],[105.8,20.16519],[105.79892,20.1655],[105.7983,20.16658],[105.79725,20.16707],[105.7965,20.16671],[105.79564,20.16681],[105.79501,20.16824],[105.79399,20.16891],[105.79382,20.17065],[105.79282,20.17096],[105.79376,20.1724],[105.79465,20.1709],[105.79643,20.17155],[105.79786,20.17039],[105.79898,20.17022],[105.80008,20.16897],[105.80323,20.16839],[105.80362,20.16851],[105.80486,20.17123],[105.80447,20.1727],[105.80574,20.17373],[105.80664,20.17355],[105.80748,20.17224],[105.80938,20.17178],[105.81167,20.17047],[105.81681,20.16873],[105.81784,20.16864],[105.81949,20.17059],[105.81984,20.17167],[105.81986,20.17271],[105.81916,20.17551],[105.82088,20.17818],[105.82187,20.17948],[105.82359,20.17992],[105.82616,20.17973],[105.82749,20.18019],[105.82836,20.18122],[105.83015,20.18459],[105.83129,20.1881],[105.83615,20.18791],[105.83766,20.18755],[105.83954,20.1877],[105.84194,20.18694],[105.84503,20.18682],[105.84877,20.18431],[105.85025,20.184],[105.85252,20.18291],[105.85302,20.18189],[105.85437,20.181],[105.85476,20.18098],[105.85551,20.18198],[105.85708,20.18276],[105.86658,20.18168],[105.86926,20.18102],[105.87218,20.17952],[105.87259,20.17843],[105.87248,20.17678],[105.87331,20.17628],[105.87686,20.1778]]]]}},
{"type":"Feature","id":"14365","properties":{"Ward_Code":"14365","Ward_Code_Num":14365,"Ward":"Trung Sơn","Ward_Alt":"Trung Sơn","Ward_Upper":"TRUNG SƠN","Ward_Full":"Phường Trung Sơn","Ward_Full_Alt":"Phường Trung Sơn","Ward_Full_Upper_Alt":"PHƯỜNG TRUNG SƠN","Ward_Type":"Phường","Province_Code":"37","Province":"Ninh Bình","Province_Upper_Alt":"NINH BÌNH"},"geometry":{"type":"MultiPolygon","coordinates":[[[[105.94394,20.118],[105.94275,20.11772],[105.9378,20.11863],[105.93627,20.11813],[105.93412,20.11628],[105.92974,20.11507],[105.92963,20.11428],[105.92845,20.11323],[105.929,20.11221],[105.93078,20.11183],[105.93092,20.1098],[105.93138,20.10926],[105.92967,20.10804],[105.9291,20.10496],[105.92848,20.10435],[105.92829,20.10367],[105.92653,20.10353],[105.92462,20.10145],[105.92273,20.10136],[105.91975,20.10346],[105.9188,20.10456],[105.91768,20.10485],[105.91581,20.1062],[105.91404,20.10586],[105.91297,20.1063],[105.91145,20.10499],[105.9103,20.10489],[105.90962,20.10554],[105.90908,20.10678],[105.90794,20.10681],[105.90649,20.10732],[105.90572,20.10928],[105.90316,20.10986],[105.9031,20.11054],[105.90151,20.11257],[105.89984,20.1132],[105.89938,20.11408],[105.8979,20.1142],[105.89725,20.11488],[105.89732,20.11597],[105.89601,20.11638],[105.89556,20.11687],[105.89563,20.11728],[105.8943,20.11853],[105.89288,20.1186],[105.89162,20.11955],[105.89033,20.11888],[105.88704,20.12056],[105.88523,20.11953],[105.87869,20.12291],[105.87744,20.1225],[105.87622,20.1228],[105.87568,20.12209],[105.87346,20.1218],[105.87248,20.12361],[105.87113,20.12369],[105.86874,20.12462],[105.86765,20.12634],[105.86612,20.12792],[105.86512,20.12814],[105.86396,20.12783],[105.86405,20.12966],[105.86048,20.13075],[105.85884,20.13486],[105.85736,20.13533],[105.85674,20.13607],[105.8571,20.13801],[105.85995,20.14248],[105.8689,20.14436],[105.87012,20.14434],[105.87062,20.14387],[105.87284,20.14321],[105.875,20.14355],[105.88208,20.14598],[105.896,20.14798],[105.89937,20.14972],[105.90457,20.15166],[105.90838,20.15258],[105.91157,20.15398],[105.91856,20.15565],[105.92021,20.15659],[105.92394,20.16055],[105.9255,20.16131],[105.9296,20.16206],[105.92986,20.16166],[105.92719,20.15899],[105.92704,20.1582],[105.92983,20.15628],[105.93113,20.15496],[105.93228,20.15492],[105.93596,20.15252],[105.93774,20.15236],[105.93949,20.15121],[105.94107,20.15094],[105.94185,20.15023],[105.94122,20.15014],[105.94122,20.14967],[105.94251,20.14758],[105.94212,20.147],[105.93978,20.14749],[105.93912,20.14672],[105.93842,20.14684],[105.93672,20.14594],[105.93662,20.14617],[105.93523,20.14588],[105.93488,20.14479],[105.93778,20.14201],[105.94346,20.13559],[105.94351,20.13513],[105.94463,20.13494],[105.94621,20.136],[105.94894,20.13658],[105.95111,20.13436],[105.95236,20.13366],[105.95371,20.13223],[105.95499,20.13022],[105.95888,20.12885],[105.96024,20.12771],[105.96064,20.12679],[105.96191,20.12652],[105.96252,20.12725],[105.96564,20.12725],[105.96736,20.12401],[105.96853,20.12298],[105.96728,20.12186],[105.96564,20.12186],[105.96443,20.12231],[105.9675,20.1184],[105.96693,20.11821],[105.96707,20.11755],[105.9665,20.11622],[105.96237,20.1187],[105.95865,20.11455],[105.95793,20.11433],[105.95786,20.11381],[105.95584,20.1157],[105.95322,20.11656],[105.95187,20.11755],[105.94925,20.11236],[105.94642,20.11176],[105.94394,20.118]]]]}},
{"type":"Feature","id":"14371","properties":{"Ward_Code":"14371","Ward_Code_Num":14371,"Ward":"Yên Sơn","Ward_Alt":"Yên Sơn","Ward_Upper":"YÊN SƠN","Ward_Full":"Phường Yên Sơn","Ward_Full_Alt":"Phường Yên Sơn","Ward_Full_Upper_Alt":"PHƯỜNG YÊN SƠN","Ward_Type":"Phường","Province_Code":"37","Province":"Ninh Bình","Province_Upper_Alt":"NINH BÌNH"},"geometry":{"type":"MultiPolygon","coordinates":[[[[105.87262,20.20212],[105.87619,20.20217],[105.88179,20.20632],[105.88523,20.20957],[105.88803,20.21705],[105.88783,20.21856],[105.888,20.21881],[105.88839,20.21861],[105.88925,20.2177],[105.88972,20.21652],[105.89188,20.2156],[105.89195,20.21506],[105.89278,20.21443],[105.89324,20.21313],[105.89641,20.20989],[105.89691,20.20905],[105.89698,20.20819],[105.8988,20.2058],[105.90055,20.20506],[105.90412,20.20131],[105.9044,20.20018],[105.90526,20.19957],[105.90605,20.19953],[105.90682,20.19816],[105.90804,20.19755],[105.90875,20.19865],[105.91004,20.19831],[105.91048,20.1979],[105.91075,20.19604],[105.9113,20.19521],[105.91274,20.19439],[105.91553,20.19344],[105.91653,20.19258],[105.91873,20.19265],[105.91921,20.19199],[105.92149,20.19124],[105.92268,20.18972],[105.92455,20.19],[105.92715,20.18793],[105.9302,20.18693],[105.93373,20.18396],[105.93523,20.18369],[105.93544,20.18281],[105.93612,20.18191],[105.93855,20.1808],[105.93816,20.17974],[105.93644,20.17927],[105.93521,20.17928],[105.93346,20.17984],[105.93252,20.17729],[105.93445,20.17538],[105.93401,20.17437],[105.9322,20.1721],[105.93459,20.17131],[105.93786,20.16921],[105.93807,20.16772],[105.93777,20.16672],[105.93818,20.16622],[105.93706,20.16528],[105.93409,20.16379],[105.9294,20.16202],[105.92686,20.1642],[105.92647,20.16385],[105.92428,20.16456],[105.91987,20.16676],[105.91557,20.16835],[105.91068,20.17104],[105.90699,20.17417],[105.90309,20.17264],[105.90005,20.17514],[105.89833,20.17553],[105.89733,20.17523],[105.89579,20.17396],[105.89528,20.17414],[105.89569,20.17486],[105.89553,20.1751],[105.89354,20.17467],[105.89216,20.17532],[105.89082,20.17496],[105.88995,20.17734],[105.88776,20.17709],[105.88586,20.17846],[105.88438,20.17827],[105.88281,20.17974],[105.87686,20.1778],[105.87331,20.17628],[105.87248,20.17678],[105.87259,20.17843],[105.87218,20.17952],[105.86926,20.18102],[105.86658,20.18168],[105.85708,20.18276],[105.85551,20.18198],[105.85476,20.18098],[105.85437,20.181],[105.85302,20.18189],[105.85252,20.18291],[105.85025,20.184],[105.84877,20.18431],[105.84503,20.18682],[105.84194,20.18694],[105.83954,20.1877],[105.83766,20.18755],[105.83615,20.18791],[105.83129,20.1881],[105.83026,20.1891],[105.82804,20.19331],[105.82657,20.19479],[105.8239,20.1961],[105.82287,20.19629],[105.82271,20.19666],[105.82355,20.19905],[105.82018,20.20328],[105.81935,20.2064],[105.82309,20.20851],[105.82296,20.2097],[105.82376,20.21106],[105.82415,20.21428],[105.82618,20.21425],[105.82672,20.2138],[105.8281,20.21403],[105.82971,20.21321],[105.83213,20.21296],[105.83612,20.21379],[105.83879,20.21679],[105.84133,20.21716],[105.8416,20.21765],[105.84389,20.21695],[105.84381,20.21625],[105.84507,20.21437],[105.84552,20.21421],[105.84638,20.21424],[105.84917,20.2159],[105.85236,20.21603],[105.85475,20.21322],[105.86215,20.20599],[105.86521,20.20408],[105.87021,20.19993],[105.87262,20.20212]]]]}},
{"type":"Feature","id":"14389","properties":{"Ward_Code":"14389","Ward_Code_Num":14389,"Ward":"Gia Lâm","Ward_Alt":"Gia Lâm","Ward_Upper":"GIA LÂM","Ward_Full":"Xã Gia Lâm","Ward_Full_Alt":"Xã Gia Lâm","Ward_Full_Upper_Alt":"XÃ GIA LÂM","Ward_Type":"Xã","Province_Code":"37","Province":"Ninh Bình","Province_Upper_Alt":"NINH BÌNH"},"geometry":{"type":"MultiPolygon","coordinates":[[[[105.81686,20.42441],[105.81919,20.42375],[105.82022,20.42288],[105.82087,20.42049],[105.81873,20.41699],[105.81757,20.41631],[105.81697,20.41683],[105.81495,20.41733],[105.81222,20.41908],[105.81,20.41889],[105.80803,20.41699],[105.80796,20.4155],[105.8042,20.41554],[105.80373,20.41404],[105.8057,20.41014],[105.80338,20.40943],[105.80101,20.41021],[105.80249,20.40662],[105.79447,20.40577],[105.79594,20.40314],[105.79836,20.40051],[105.79991,20.39944],[105.80512,20.39697],[105.80639,20.39564],[105.80672,20.39423],[105.80643,20.39212],[105.80333,20.38665],[105.79894,20.38563],[105.79505,20.38584],[105.79411,20.38616],[105.79366,20.38697],[105.79132,20.38873],[105.78987,20.38918],[105.78773,20.38689],[105.78666,20.38714],[105.78562,20.38643],[105.78373,20.38694],[105.78256,20.38678],[105.78225,20.38568],[105.78155,20.38587],[105.78122,20.38485],[105.78047,20.38407],[105.77805,20.38347],[105.77745,20.38263],[105.77817,20.38066],[105.7796,20.38102],[105.78009,20.37913],[105.78105,20.37788],[105.7816,20.37817],[105.78213,20.37962],[105.78262,20.37946],[105.78344,20.37817],[105.78449,20.3785],[105.78484,20.37773],[105.78576,20.37749],[105.78649,20.37891],[105.78733,20.37753],[105.79032,20.3753],[105.7911,20.37402],[105.79047,20.37184],[105.79054,20.37031],[105.79221,20.36811],[105.79365,20.36766],[105.79412,20.36582],[105.79285,20.36598],[105.79149,20.36714],[105.79089,20.36688],[105.79064,20.3659],[105.7902,20.36581],[105.7893,20.36632],[105.78868,20.36604],[105.78703,20.36365],[105.78227,20.36436],[105.78116,20.36552],[105.78128,20.36738],[105.78232,20.36917],[105.78367,20.3694],[105.7839,20.3697],[105.78406,20.37238],[105.78373,20.37268],[105.78225,20.3724],[105.78093,20.37297],[105.77898,20.37155],[105.77611,20.37085],[105.77406,20.37094],[105.77199,20.37029],[105.77014,20.37105],[105.76554,20.37111],[105.76502,20.37181],[105.76497,20.37251],[105.76553,20.3728],[105.76668,20.37258],[105.76721,20.3728],[105.76678,20.3749],[105.76618,20.37598],[105.76651,20.37726],[105.76604,20.37749],[105.76514,20.37708],[105.7635,20.37747],[105.76258,20.37843],[105.76206,20.37976],[105.75942,20.37984],[105.75849,20.38164],[105.75825,20.38323],[105.75605,20.38431],[105.756,20.38524],[105.7554,20.38605],[105.7552,20.38736],[105.75461,20.38806],[105.7555,20.39116],[105.75424,20.39192],[105.75422,20.39243],[105.75492,20.3928],[105.75501,20.39478],[105.75362,20.39666],[105.75339,20.39885],[105.75598,20.39904],[105.75476,20.40344],[105.75293,20.40471],[105.75214,20.4065],[105.75231,20.40786],[105.75354,20.40968],[105.75294,20.41041],[105.75253,20.41274],[105.75539,20.41439],[105.75885,20.41464],[105.75934,20.4155],[105.75922,20.41654],[105.75676,20.41787],[105.75519,20.42454],[105.75401,20.42595],[105.75402,20.42675],[105.75311,20.42944],[105.75311,20.43125],[105.75265,20.43289],[105.75221,20.43731],[105.75167,20.43874],[105.75186,20.43899],[105.75338,20.43972],[105.75476,20.44108],[105.7584,20.44175],[105.76054,20.44154],[105.76174,20.44105],[105.76183,20.43983],[105.76607,20.43963],[105.76743,20.44086],[105.76927,20.44096],[105.7716,20.4404],[105.77383,20.44054],[105.7743,20.43973],[105.77366,20.43912],[105.77408,20.43694],[105.7737,20.43626],[105.77478,20.43476],[105.77546,20.43533],[105.77587,20.43539],[105.77607,20.43494],[105.77856,20.43606],[105.7812,20.436],[105.78272,20.43683],[105.78653,20.44479],[105.78868,20.44768],[105.7878,20.449],[105.78733,20.45296],[105.79249,20.4543],[105.79346,20.44795],[105.79402,20.44651],[105.79715,20.44205],[105.79859,20.4393],[105.80176,20.43556],[105.80729,20.43],[105.80782,20.42902],[105.81488,20.42484],[105.81686,20.42441]]]]}},
{"type":"Feature","id":"14401","properties":{"Ward_Code":"14401","Ward_Code_Num":14401,"Ward":"Gia Tường","Ward_Alt":"Gia Tường","Ward_Upper":"GIA TƯỜNG","Ward_Full":"Xã Gia Tường","Ward_Full_Alt":"Xã Gia Tường","Ward_Full_Upper_Alt":"XÃ GIA TƯỜNG","Ward_Type":"Xã","Province_Code":"37","Province":"Ninh Bình","Province_Upper_Alt":"NINH BÌNH"},"geometry":{"type":"MultiPolygon","coordinates":[[[[105.79366,20.38697],[105.79411,20.38616],[105.79464,20.38592],[105.7983,20.38559],[105.80333,20.38665],[105.8033,20.38519],[105.80435,20.38358],[105.80667,20.38212],[105.8125,20.38011],[105.81339,20.37914],[105.81418,20.37745],[105.81463,20.37472],[105.81463,20.37104],[105.81428,20.3698],[105.81306,20.36852],[105.80996,20.36661],[105.8075,20.36444],[105.80313,20.35858],[105.79993,20.35495],[105.79881,20.35316],[105.79908,20.35174],[105.80026,20.35049],[105.8067,20.34821],[105.80863,20.34656],[105.80924,20.34421],[105.80951,20.33848],[105.81118,20.33517],[105.8108,20.33481],[105.81039,20.3332],[105.81166,20.33166],[105.81169,20.33107],[105.81039,20.33102],[105.80858,20.32945],[105.80811,20.32765],[105.80852,20.32608],[105.80844,20.32379],[105.80627,20.32088],[105.80083,20.3179],[105.79836,20.31739],[105.79444,20.31737],[105.79291,20.31707],[105.78704,20.31356],[105.78556,20.31557],[105.78466,20.31622],[105.78472,20.31694],[105.78542,20.31818],[105.78392,20.32093],[105.78422,20.32163],[105.78096,20.32367],[105.78142,20.32413],[105.78066,20.32591],[105.78023,20.32844],[105.78048,20.32888],[105.78175,20.32908],[105.78237,20.33024],[105.783,20.334],[105.78282,20.33471],[105.78331,20.33663],[105.78138,20.3382],[105.78191,20.33961],[105.78084,20.34048],[105.78119,20.34147],[105.7793,20.34406],[105.77855,20.34447],[105.77917,20.34479],[105.77964,20.34586],[105.77688,20.34758],[105.77565,20.34916],[105.77241,20.34834],[105.7718,20.34782],[105.77165,20.34725],[105.76928,20.34867],[105.76698,20.34939],[105.76659,20.35055],[105.76533,20.3508],[105.76416,20.35058],[105.76238,20.34708],[105.76142,20.34636],[105.7606,20.34596],[105.7592,20.34705],[105.75819,20.34635],[105.75775,20.34739],[105.75793,20.34834],[105.75758,20.34994],[105.75942,20.35079],[105.75902,20.35186],[105.75914,20.35325],[105.75778,20.35449],[105.75823,20.35551],[105.75804,20.35693],[105.75752,20.35683],[105.7565,20.35829],[105.7563,20.35968],[105.75566,20.36087],[105.75609,20.36237],[105.75736,20.36272],[105.75637,20.36478],[105.75721,20.36701],[105.75664,20.36826],[105.75601,20.37152],[105.75693,20.37187],[105.75802,20.37346],[105.75862,20.37355],[105.75881,20.37401],[105.75891,20.37438],[105.75808,20.37552],[105.75932,20.37673],[105.75937,20.37779],[105.76017,20.37884],[105.75942,20.37984],[105.76206,20.37976],[105.76239,20.37875],[105.76331,20.37755],[105.76514,20.37708],[105.76604,20.37749],[105.76651,20.37726],[105.76618,20.37598],[105.76678,20.3749],[105.76721,20.3728],[105.76668,20.37258],[105.76553,20.3728],[105.76497,20.37251],[105.76502,20.37181],[105.76574,20.37097],[105.77014,20.37105],[105.77199,20.37029],[105.77406,20.37094],[105.77611,20.37085],[105.77898,20.37155],[105.78093,20.37297],[105.78225,20.3724],[105.78373,20.37268],[105.78406,20.37238],[105.7839,20.3697],[105.78367,20.3694],[105.78232,20.36917],[105.78128,20.36738],[105.78116,20.36552],[105.78227,20.36436],[105.78703,20.36365],[105.78868,20.36604],[105.7893,20.36632],[105.7902,20.36581],[105.79064,20.3659],[105.79089,20.36688],[105.79149,20.36714],[105.79285,20.36598],[105.79412,20.36582],[105.79365,20.36766],[105.79221,20.36811],[105.79054,20.37031],[105.79047,20.37184],[105.7911,20.37402],[105.79032,20.3753],[105.78733,20.37753],[105.78649,20.37891],[105.78576,20.37749],[105.78484,20.37773],[105.78449,20.3785],[105.78344,20.37817],[105.78262,20.37946],[105.78213,20.37962],[105.7816,20.37817],[105.78105,20.37788],[105.78009,20.37913],[105.7796,20.38102],[105.77817,20.38066],[105.77745,20.38248],[105.77805,20.38347],[105.78004,20.38386],[105.78086,20.38439],[105.78155,20.38587],[105.78225,20.38568],[105.78256,20.38678],[105.78373,20.38694],[105.78562,20.38643],[105.78666,20.38714],[105.78773,20.38689],[105.78987,20.38918],[105.79132,20.38873],[105.79366,20.38697]]]]}},
{"type":"Feature","id":"14404","properties":{"Ward_Code":"14404","Ward_Code_Num":14404,"Ward":"Cúc Phương","Ward_Alt":"Cúc Phương","Ward_Upper":"CÚC PHƯƠNG","Ward_Full":"Xã Cúc Phương","Ward_Full_Alt":"Xã Cúc Phương","Ward_Full_Upper_Alt":"XÃ CÚC PHƯƠNG","Ward_Type":"Xã","Province_Code":"37","Province":"Ninh Bình","Province_Upper_Alt":"NINH BÌNH"},"geometry":{"type":"MultiPolygon","coordinates":[[[[105.59698,20.36361],[105.59756,20.36344],[105.59856,20.36388],[105.60076,20.36278],[105.60348,20.35897],[105.60566,20.3591],[105.60981,20.35624],[105.61358,20.35233],[105.61468,20.35149],[105.61689,20.35059],[105.61766,20.34906],[105.61916,20.34847],[105.62033,20.34649],[105.6217,20.34502],[105.62318,20.34437],[105.62444,20.34501],[105.62509,20.34629],[105.62458,20.34712],[105.62455,20.34823],[105.62553,20.34904],[105.62724,20.3466],[105.62908,20.34705],[105.62984,20.34593],[105.63106,20.34497],[105.63245,20.34489],[105.6347,20.34399],[105.63713,20.341919999999998],[105.63961,20.33886],[105.64254,20.33883],[105.64287,20.33857],[105.64293,20.33707],[105.64479,20.33543],[105.64376,20.33452],[105.64392,20.33389],[105.64443,20.3333],[105.64578,20.33326],[105.64726,20.33204],[105.64906,20.32944],[105.64918,20.32803],[105.65233,20.32538],[105.65462,20.32487],[105.65497,20.32435],[105.65852,20.32195],[105.6596,20.32067],[105.66278,20.31805],[105.66411,20.31755],[105.66564,20.31616],[105.6653,20.31479],[105.66618,20.31307],[105.66733,20.31246],[105.66824,20.31115],[105.67062,20.30903],[105.67348,20.30925],[105.67495,20.30742],[105.67581,20.30558],[105.68568,20.30512],[105.68716,20.30542],[105.68891,20.30647],[105.69051,20.30882],[105.69249,20.31058],[105.6924,20.30906],[105.69504,20.3084],[105.69502,20.30696],[105.69551,20.30612],[105.69661,20.30507],[105.6978,20.30479],[105.69846,20.30309],[105.69907,20.30245],[105.7009,20.3019],[105.70157,20.3014],[105.7015,20.30063],[105.70018,20.29987],[105.70037,20.29892],[105.70218,20.29856],[105.70289,20.2977],[105.7056,20.29758],[105.706,20.29636],[105.70539,20.29434],[105.70555,20.29411],[105.70641,20.29411],[105.7063,20.29496],[105.70834,20.29536],[105.70901,20.29439],[105.70907,20.29285],[105.71134,20.29198],[105.71314,20.292],[105.71321,20.29119],[105.71354,20.29097],[105.71542,20.29092],[105.71538,20.2902],[105.71402,20.289],[105.71485,20.28794],[105.71412,20.28666],[105.71445,20.28621],[105.71572,20.28569],[105.7159,20.28514],[105.71686,20.28452],[105.71744,20.28262],[105.71932,20.28236],[105.71951,20.28123],[105.72012,20.28042],[105.72265,20.28101],[105.72376,20.27968],[105.72283,20.2827],[105.72515,20.28458],[105.72736,20.28306],[105.72799,20.28362],[105.72861,20.28491],[105.73012,20.28595],[105.73137,20.28798],[105.73254,20.28901],[105.73332,20.29074],[105.73459,20.29243],[105.73743,20.29274],[105.73922,20.29005],[105.7365,20.28932],[105.73693,20.28859],[105.74232,20.28496],[105.74617,20.28368],[105.74437,20.28549],[105.7445,20.28579],[105.7461,20.28584],[105.74531,20.28778],[105.7463,20.2882],[105.74653,20.29048],[105.74863,20.28988],[105.74999,20.29147],[105.7507,20.29102],[105.75377,20.29104],[105.75388,20.29014],[105.75518,20.29125],[105.75582,20.29014],[105.76071,20.29347],[105.76342,20.2925],[105.7656,20.29055],[105.76667,20.29004],[105.7668,20.28925],[105.76622,20.28788],[105.76609,20.28652],[105.76659,20.28554],[105.76829,20.28425],[105.76727,20.283],[105.76574,20.28259],[105.76235,20.28042],[105.7587,20.27868],[105.75867,20.27777],[105.75772,20.2758],[105.75501,20.27328],[105.75425,20.27196],[105.75331,20.27114],[105.75299,20.27014],[105.75253,20.26977],[105.75604,20.26635],[105.75217,20.26332],[105.75342,20.262],[105.75187,20.26042],[105.7507,20.25998],[105.74983,20.25718],[105.74889,20.2565],[105.7433,20.25592],[105.74078,20.25346],[105.73484,20.25408],[105.73523,20.25132],[105.7366,20.24792],[105.73658,20.24458],[105.73569,20.24365],[105.73631,20.24186],[105.73881,20.23966],[105.73894,20.23422],[105.73775,20.234],[105.73191,20.23597],[105.72958,20.23543],[105.7282,20.23432],[105.72664,20.23454],[105.72481,20.2322],[105.72173,20.22948],[105.71881,20.23102],[105.71818,20.23102],[105.71693,20.23178],[105.7154,20.23218],[105.71406,20.23327],[105.71252,20.22971],[105.7023,20.23025],[105.69469,20.23255],[105.69436,20.23152],[105.6935,20.23095],[105.6925,20.23081],[105.69141,20.23133],[105.68947,20.23159],[105.68749,20.23317],[105.68509,20.23342],[105.68449,20.23419],[105.682,20.23536],[105.68199,20.23684],[105.68152,20.23816],[105.68069,20.23885],[105.68035,20.2399],[105.67803,20.24176],[105.67873,20.24232],[105.67877,20.24362],[105.67751,20.24762],[105.67606,20.24743],[105.67456,20.24812],[105.67273,20.24822],[105.67119,20.24744],[105.66987,20.24839],[105.66905,20.25038],[105.66904,20.25147],[105.66943,20.25224],[105.67078,20.25312],[105.66871,20.25484],[105.66857,20.25639],[105.66676,20.25723],[105.66633,20.25815],[105.66527,20.25846],[105.66432,20.2593],[105.66383,20.26056],[105.66255,20.2612],[105.66261,20.26224],[105.6607,20.26269],[105.66043,20.26326],[105.65948,20.26373],[105.65937,20.26482],[105.65825,20.26531],[105.65713,20.26633],[105.65673,20.26727],[105.65339,20.26909],[105.65209,20.27105],[105.65071,20.2716],[105.65059,20.27219],[105.651,20.27274],[105.65075,20.27343],[105.64515,20.27592],[105.64306,20.27622],[105.64059,20.27792],[105.63862,20.27696],[105.63787,20.2772],[105.63728,20.27814],[105.63512,20.27733],[105.63285,20.27858],[105.62936,20.27871],[105.6275,20.27927],[105.6256,20.28111],[105.62422,20.2816],[105.6202,20.282],[105.60986,20.2928],[105.61003,20.29344],[105.61143,20.29512],[105.61119,20.29682],[105.60349,20.30797],[105.60274,20.30806],[105.60179,20.30881],[105.60047,20.31013],[105.59964,20.3118],[105.5935,20.31393],[105.58603,20.31152],[105.57852,20.31176],[105.57735,20.3134],[105.57617,20.314],[105.57248,20.31737],[105.57064,20.3185],[105.56748,20.3169],[105.5654,20.31546],[105.56459,20.31634],[105.56334,20.31649],[105.56286,20.31964],[105.56333,20.32035],[105.5634,20.3217],[105.56492,20.32413],[105.56338,20.3259],[105.56317,20.32682],[105.56215,20.32735],[105.56021,20.32711],[105.55929,20.32838],[105.5569,20.32942],[105.55638,20.32839],[105.55501,20.32758],[105.55442,20.32757],[105.55272,20.32911],[105.5515,20.3291],[105.55055,20.33017],[105.55037,20.3315],[105.54905,20.33401],[105.54762,20.33486],[105.54898,20.3379],[105.54958,20.34014],[105.54959,20.34186],[105.55018,20.34308],[105.55054,20.34677],[105.54468,20.35197],[105.54277,20.36149],[105.54587,20.36091],[105.54625,20.36111],[105.54643,20.36198],[105.54714,20.36222],[105.5504,20.36119],[105.55113,20.36062],[105.55197,20.36086],[105.55275,20.3603],[105.5541,20.36023],[105.5552,20.35952],[105.55606,20.35841],[105.55934,20.35871],[105.56163,20.35793],[105.56338,20.3577],[105.56413,20.35844],[105.56693,20.35928],[105.56971,20.35912],[105.57099,20.35953],[105.57666,20.36467],[105.57998,20.3692],[105.58116,20.36971],[105.58436,20.36863],[105.58951,20.36595],[105.59381,20.36522],[105.59698,20.36361]]]]}},
{"type":"Feature","id":"14407","properties":{"Ward_Code":"14407","Ward_Code_Num":14407,"Ward":"Phú Sơn","Ward_Alt":"Phú Sơn","Ward_Upper":"PHÚ SƠN","Ward_Full":"Xã Phú Sơn","Ward_Full_Alt":"Xã Phú Sơn","Ward_Full_Upper_Alt":"XÃ PHÚ SƠN","Ward_Type":"Xã","Province_Code":"37","Province":"Ninh Bình","Province_Upper_Alt":"NINH BÌNH"},"geometry":{"type":"MultiPolygon","coordinates":[[[[105.69262,20.41187],[105.69641,20.41223],[105.70108,20.40975],[105.70532,20.41196],[105.71149,20.40835],[105.71945,20.40737],[105.72502,20.40186],[105.72832,20.40186],[105.72793,20.40133],[105.72796,20.39956],[105.72874,20.39941],[105.72944,20.39877],[105.73089,20.39885],[105.73137,20.39845],[105.73303,20.39868],[105.73188,20.39721],[105.73014,20.39148],[105.72973,20.38955],[105.72985,20.38572],[105.73063,20.38583],[105.73321,20.38477],[105.73685,20.3843],[105.73917,20.38462],[105.74182,20.38431],[105.74592,20.3822],[105.7463,20.37949],[105.74565,20.37763],[105.74594,20.37601],[105.74527,20.37459],[105.74528,20.37368],[105.74538,20.37224],[105.74643,20.36943],[105.74662,20.36705],[105.75187,20.36734],[105.75217,20.36708],[105.75715,20.36723],[105.75685,20.36554],[105.75637,20.36478],[105.75736,20.36272],[105.75609,20.36237],[105.75564,20.36104],[105.7563,20.35968],[105.7565,20.35829],[105.75752,20.35683],[105.75804,20.35693],[105.75824,20.35562],[105.75783,20.3543],[105.75862,20.35387],[105.75921,20.35305],[105.75902,20.35186],[105.75942,20.35079],[105.75758,20.34994],[105.75793,20.34834],[105.75775,20.34739],[105.75819,20.34635],[105.7592,20.34705],[105.7606,20.34596],[105.76142,20.34636],[105.76238,20.34708],[105.76416,20.35058],[105.76533,20.3508],[105.76659,20.35055],[105.76698,20.34939],[105.76928,20.34867],[105.77165,20.34725],[105.7718,20.34782],[105.77241,20.34834],[105.77565,20.34916],[105.77688,20.34758],[105.77964,20.34586],[105.77917,20.34479],[105.77855,20.34447],[105.7793,20.34406],[105.78119,20.34147],[105.78084,20.34048],[105.78191,20.33961],[105.78138,20.3382],[105.78331,20.33663],[105.78282,20.33471],[105.783,20.334],[105.78237,20.33024],[105.78175,20.32908],[105.78048,20.32888],[105.78023,20.32844],[105.78066,20.32591],[105.78142,20.32413],[105.78096,20.32367],[105.78422,20.32163],[105.7839,20.321],[105.7845,20.31965],[105.78122,20.31773],[105.78093,20.31713],[105.77911,20.3155],[105.77265,20.31403],[105.77232,20.31641],[105.77289,20.31834],[105.77411,20.32046],[105.77435,20.32182],[105.7738,20.32287],[105.7726,20.32373],[105.77119,20.32378],[105.76998,20.32289],[105.76955,20.31994],[105.76892,20.31865],[105.7681,20.31841],[105.76694,20.31856],[105.7627,20.32162],[105.75815,20.32247],[105.75635,20.3233],[105.7549,20.32551],[105.75353,20.32567],[105.75232,20.3266],[105.75188,20.32737],[105.75192,20.32853],[105.75102,20.33017],[105.74621,20.3305],[105.73975,20.3342],[105.73832,20.33619],[105.736,20.33576],[105.7339,20.3363],[105.73346,20.33741],[105.73286,20.33787],[105.72987,20.33772],[105.72928,20.33828],[105.72977,20.33896],[105.72743,20.34004],[105.72675,20.34097],[105.72465,20.34195],[105.72315,20.34484],[105.72185,20.34639],[105.72078,20.34666],[105.71889,20.34885],[105.7188,20.35036],[105.71833,20.3512],[105.71506,20.35398],[105.7138,20.35827],[105.71218,20.35877],[105.71106,20.36016],[105.70986,20.36036],[105.71016,20.36185],[105.71196,20.36388],[105.71246,20.36601],[105.71171,20.36724],[105.71056,20.36681],[105.7098,20.36714],[105.70937,20.36808],[105.70743,20.36987],[105.70686,20.37142],[105.70487,20.37403],[105.7053,20.37456],[105.70459,20.37546],[105.7069,20.37931],[105.70641,20.38441],[105.70382,20.38633],[105.70182,20.38692],[105.69823,20.38724],[105.69658,20.38863],[105.69697,20.38901],[105.69686,20.38929],[105.69508,20.39072],[105.69288,20.39149],[105.69202,20.39266],[105.6923,20.39384],[105.69266,20.394],[105.69597,20.39298],[105.69663,20.39554],[105.69827,20.3963],[105.69868,20.39764],[105.69818,20.39784],[105.69742,20.39741],[105.6971,20.39756],[105.69449,20.40294],[105.69416,20.40299],[105.6935,20.40217],[105.69285,20.40219],[105.6923,20.4036],[105.69151,20.40383],[105.69059,20.40288],[105.68876,20.40224],[105.68504,20.40604],[105.68483,20.40678],[105.68546,20.40914],[105.68546,20.41064],[105.68579,20.41093],[105.6869,20.41052],[105.68821,20.41061],[105.69033,20.41142],[105.69113,20.4121],[105.69133,20.41276],[105.69262,20.41187]]]]}},
{"type":"Feature","id":"14428","properties":{"Ward_Code":"14428","Ward_Code_Num":14428,"Ward":"Nho Quan","Ward_Alt":"Nho Quan","Ward_Upper":"NHO QUAN","Ward_Full":"Xã Nho Quan","Ward_Full_Alt":"Xã Nho Quan","Ward_Full_Upper_Alt":"XÃ NHO QUAN","Ward_Type":"Xã","Province_Code":"37","Province":"Ninh Bình","Province_Upper_Alt":"NINH BÌNH"},"geometry":{"type":"MultiPolygon","coordinates":[[[[105.73286,20.33787],[105.73346,20.33741],[105.7341,20.33618],[105.73483,20.33626],[105.73622,20.33573],[105.73854,20.3361],[105.73975,20.3342],[105.74621,20.3305],[105.75102,20.33017],[105.75192,20.32853],[105.75188,20.32737],[105.75232,20.3266],[105.75353,20.32567],[105.7549,20.32551],[105.75635,20.3233],[105.75815,20.32247],[105.7627,20.32162],[105.76694,20.31856],[105.76837,20.31843],[105.76914,20.31889],[105.76958,20.3201],[105.76978,20.32243],[105.77045,20.32339],[105.77219,20.32393],[105.77325,20.32332],[105.77423,20.32233],[105.77435,20.32143],[105.77404,20.3203],[105.77289,20.31834],[105.7723,20.31631],[105.7725,20.31438],[105.77362,20.31204],[105.7732,20.30922],[105.7741,20.30852],[105.77943,20.30645],[105.77645,20.30292],[105.77208,20.2988],[105.77069,20.29794],[105.76803,20.29712],[105.76774,20.29626],[105.7682,20.29451],[105.76432,20.29186],[105.76342,20.2925],[105.76071,20.29347],[105.75582,20.29014],[105.75518,20.29125],[105.75388,20.29014],[105.75377,20.29104],[105.7507,20.29102],[105.74999,20.29147],[105.74863,20.28988],[105.74653,20.29048],[105.7463,20.2882],[105.74531,20.28778],[105.7461,20.28584],[105.7445,20.28579],[105.74437,20.28549],[105.74617,20.28368],[105.74232,20.28496],[105.73693,20.28859],[105.7365,20.28932],[105.73922,20.29005],[105.73743,20.29274],[105.73459,20.29243],[105.73332,20.29074],[105.73254,20.28901],[105.73137,20.28798],[105.73012,20.28595],[105.72861,20.28491],[105.72799,20.28362],[105.72736,20.28306],[105.72515,20.28458],[105.72283,20.2827],[105.72376,20.27968],[105.72265,20.28101],[105.72001,20.28049],[105.71951,20.28123],[105.71932,20.28236],[105.71744,20.28262],[105.71686,20.28452],[105.7159,20.28514],[105.71572,20.28569],[105.71445,20.28621],[105.71412,20.28678],[105.71485,20.28794],[105.71402,20.289],[105.71538,20.2902],[105.71542,20.29092],[105.71354,20.29097],[105.71321,20.29119],[105.71314,20.292],[105.71134,20.29198],[105.70907,20.29285],[105.70901,20.29439],[105.70834,20.29536],[105.7063,20.29496],[105.70641,20.29411],[105.70555,20.29411],[105.70539,20.29434],[105.706,20.29636],[105.7056,20.29758],[105.70289,20.2977],[105.70218,20.29856],[105.70037,20.29892],[105.70018,20.29987],[105.7015,20.30063],[105.70157,20.3014],[105.7009,20.3019],[105.69907,20.30245],[105.69846,20.30309],[105.6978,20.30479],[105.69661,20.30507],[105.69551,20.30612],[105.69502,20.30696],[105.69504,20.3084],[105.6924,20.30906],[105.69249,20.31058],[105.69334,20.31085],[105.69223,20.31121],[105.69331,20.31252],[105.69568,20.31435],[105.69688,20.31404],[105.70085,20.32021],[105.70158,20.32082],[105.70485,20.3221],[105.7035,20.32475],[105.70634,20.32624],[105.70804,20.32652],[105.71142999999999,20.32451],[105.72301,20.32877],[105.72342,20.32959],[105.72575,20.33136],[105.72657,20.33303],[105.72752,20.33348],[105.72764,20.33508],[105.72907,20.33619],[105.72998,20.33783],[105.73286,20.33787]]]]}},
{"type":"Feature","id":"14434","properties":{"Ward_Code":"14434","Ward_Code_Num":14434,"Ward":"Thanh Sơn","Ward_Alt":"Thanh Sơn","Ward_Upper":"THANH SƠN","Ward_Full":"Xã Thanh Sơn","Ward_Full_Alt":"Xã Thanh Sơn","Ward_Full_Upper_Alt":"XÃ THANH SƠN","Ward_Type":"Xã","Province_Code":"37","Province":"Ninh Bình","Province_Upper_Alt":"NINH BÌNH"},"geometry":{"type":"MultiPolygon","coordinates":[[[[105.787,20.31361],[105.79325,20.31718],[105.79836,20.31739],[105.80057,20.31783],[105.80006,20.31683],[105.80198,20.30806],[105.80271,20.30778],[105.80442,20.308],[105.80486,20.30393],[105.80542,20.30269],[105.80694,20.30217],[105.80552,20.29963],[105.8063,20.29869],[105.80733,20.29817],[105.80955,20.29762],[105.80999,20.29607],[105.81004,20.29438],[105.81084,20.29411],[105.8101,20.29108],[105.8105,20.29047],[105.80858,20.28838],[105.81086,20.28664],[105.81218,20.28732],[105.81355,20.28745],[105.81525,20.28673],[105.81559,20.28606],[105.8154,20.28378],[105.81904,20.27994],[105.8195,20.27873],[105.81974,20.27627],[105.82109,20.27501],[105.8183,20.27168],[105.81626,20.26633],[105.81608,20.26507],[105.81706,20.26078],[105.81703,20.25908],[105.81661,20.2578],[105.81459,20.25565],[105.81356,20.25519],[105.81093,20.25508],[105.80822,20.25613],[105.8073,20.256],[105.80179,20.25999],[105.79934,20.26285],[105.79859,20.26555],[105.79389,20.26372],[105.79603,20.26199],[105.79373,20.25982],[105.79339,20.26013],[105.79286,20.25979],[105.79051,20.26335],[105.79061,20.26217],[105.78963,20.25991],[105.78885,20.25929],[105.78741,20.25925],[105.78853,20.25793],[105.78705,20.25646],[105.78849,20.25513],[105.78425,20.25139],[105.78386,20.25091],[105.78399,20.25061],[105.78346,20.25033],[105.7837,20.24971],[105.78002,20.24658],[105.776,20.24431],[105.77672,20.24342],[105.77611,20.24304],[105.77549,20.24395],[105.76797,20.2406],[105.76068,20.2481],[105.75866,20.24901],[105.75514,20.25327],[105.75561,20.25393],[105.75172,20.25477],[105.74889,20.25651],[105.74988,20.25724],[105.7507,20.25998],[105.75187,20.26042],[105.75342,20.262],[105.75217,20.26332],[105.75604,20.26635],[105.75253,20.26977],[105.75299,20.27014],[105.75331,20.27114],[105.75425,20.27196],[105.75501,20.27328],[105.75772,20.2758],[105.75867,20.27777],[105.7587,20.27868],[105.76235,20.28042],[105.76574,20.28259],[105.76727,20.283],[105.76829,20.28425],[105.76659,20.28554],[105.76609,20.28652],[105.76678,20.28986],[105.7656,20.29055],[105.76432,20.29186],[105.7682,20.29451],[105.76774,20.29626],[105.76803,20.29712],[105.77069,20.29794],[105.77208,20.2988],[105.77645,20.30292],[105.77943,20.30645],[105.7741,20.30852],[105.77328,20.30911],[105.77362,20.31204],[105.77265,20.31403],[105.77911,20.3155],[105.78093,20.31713],[105.78122,20.31773],[105.7845,20.31965],[105.78542,20.31818],[105.78472,20.31694],[105.78466,20.31622],[105.78556,20.31557],[105.787,20.31361]]]]}},
{"type":"Feature","id":"14452","properties":{"Ward_Code":"14452","Ward_Code_Num":14452,"Ward":"Quỳnh Lưu","Ward_Alt":"Quỳnh Lưu","Ward_Upper":"QUỲNH LƯU","Ward_Full":"Xã Quỳnh Lưu","Ward_Full_Alt":"Xã Quỳnh Lưu","Ward_Full_Upper_Alt":"XÃ QUỲNH LƯU","Ward_Type":"Xã","Province_Code":"37","Province":"Ninh Bình","Province_Upper_Alt":"NINH BÌNH"},"geometry":{"type":"MultiPolygon","coordinates":[[[[105.80203,20.2598],[105.8073,20.256],[105.80822,20.25613],[105.81093,20.25508],[105.81319,20.25514],[105.81459,20.25565],[105.81661,20.2578],[105.81713,20.25995],[105.81688,20.26153],[105.8217,20.26184],[105.82732,20.26265],[105.82748,20.26154],[105.83011,20.26074],[105.83228,20.25816],[105.83512,20.25701],[105.83587,20.25476],[105.83715,20.25357],[105.83726,20.25245],[105.83783,20.25173],[105.83781,20.25064],[105.83961,20.2484],[105.84414,20.24821],[105.84544,20.24585],[105.84859,20.24391],[105.84952,20.24302],[105.85012,20.24182],[105.84968,20.2415],[105.849,20.24165],[105.84925,20.24046],[105.85149,20.23893],[105.84936,20.23634],[105.84861,20.23355],[105.84892,20.23269],[105.84732,20.22713],[105.84631,20.22544],[105.84361,20.22237],[105.84235,20.22309],[105.83898,20.22043],[105.83694,20.21988],[105.83688,20.2195],[105.83879,20.21679],[105.83612,20.21379],[105.8319,20.21295],[105.82971,20.21321],[105.8281,20.21403],[105.82672,20.2138],[105.82618,20.21425],[105.82415,20.21428],[105.82433,20.21604],[105.82343,20.21637],[105.82135,20.21817],[105.82263,20.21942],[105.8212,20.22137],[105.82106,20.22247],[105.82169,20.22324],[105.82114,20.22418],[105.82004,20.22489],[105.81926,20.22487],[105.81874,20.22613],[105.81542,20.22863],[105.81474,20.22765],[105.81345,20.22692],[105.81269,20.22792],[105.8123,20.22785],[105.81166,20.22834],[105.8117,20.22884],[105.81119,20.22936],[105.81121,20.2303],[105.80414,20.22985],[105.80366,20.22924],[105.80088,20.22813],[105.79856,20.22809],[105.79321,20.22605],[105.79222,20.22814],[105.79011,20.22883],[105.7892,20.23021],[105.78857,20.23051],[105.78753,20.2323],[105.78672,20.23274],[105.78627,20.23637],[105.78519,20.23796],[105.78199,20.23794],[105.78186,20.23991],[105.78226,20.24024],[105.78123,20.24141],[105.78014,20.23994],[105.78065,20.23718],[105.77804,20.23685],[105.778,20.23503],[105.77713,20.23392],[105.77526,20.234],[105.77442,20.23484],[105.77272,20.23494],[105.76847,20.23849],[105.76797,20.2406],[105.77549,20.24395],[105.77611,20.24304],[105.77672,20.24342],[105.776,20.24431],[105.78002,20.24658],[105.7837,20.24971],[105.78346,20.25033],[105.78399,20.25061],[105.78386,20.25091],[105.78425,20.25139],[105.78849,20.25513],[105.78705,20.25646],[105.78853,20.25793],[105.78741,20.25925],[105.78885,20.25929],[105.78963,20.25991],[105.79061,20.26217],[105.79051,20.26335],[105.79286,20.25979],[105.79339,20.26013],[105.79373,20.25982],[105.79603,20.26199],[105.79389,20.26372],[105.79859,20.26555],[105.79934,20.26285],[105.80203,20.2598]]]]}},
{"type":"Feature","id":"14458","properties":{"Ward_Code":"14458","Ward_Code_Num":14458,"Ward":"Phú Long","Ward_Alt":"Phú Long","Ward_Upper":"PHÚ LONG","Ward_Full":"Xã Phú Long","Ward_Full_Alt":"Xã Phú Long","Ward_Full_Upper_Alt":"XÃ PHÚ LONG","Ward_Type":"Xã","Province_Code":"37","Province":"Ninh Bình","Province_Upper_Alt":"NINH BÌNH"},"geometry":{"type":"MultiPolygon","coordinates":[[[[105.74889,20.2565],[105.75172,20.25477],[105.75561,20.25393],[105.75514,20.25327],[105.75866,20.24901],[105.76022,20.24851],[105.76298,20.24599],[105.76651,20.24184],[105.76797,20.2406],[105.76847,20.23849],[105.77272,20.23494],[105.77442,20.23484],[105.77526,20.234],[105.77742,20.23402],[105.778,20.23503],[105.77804,20.23685],[105.78065,20.23718],[105.78014,20.23994],[105.78123,20.24141],[105.78226,20.24024],[105.78186,20.23991],[105.78199,20.23794],[105.78519,20.23796],[105.78627,20.23637],[105.78672,20.23274],[105.78753,20.2323],[105.78857,20.23051],[105.7892,20.23021],[105.79011,20.22883],[105.79222,20.22814],[105.79321,20.22605],[105.79856,20.22809],[105.80088,20.22813],[105.80366,20.22924],[105.80414,20.22985],[105.81121,20.2303],[105.81119,20.22936],[105.8117,20.22884],[105.81166,20.22834],[105.8123,20.22785],[105.81269,20.22792],[105.81345,20.22692],[105.81474,20.22765],[105.81542,20.22863],[105.81874,20.22613],[105.81926,20.22487],[105.82004,20.22489],[105.82126,20.22403],[105.82169,20.22324],[105.82106,20.22247],[105.8212,20.22137],[105.82263,20.21942],[105.82135,20.21817],[105.82343,20.21637],[105.82433,20.21604],[105.82376,20.21106],[105.82296,20.2097],[105.82309,20.20851],[105.81935,20.2064],[105.81986,20.2042],[105.82018,20.20328],[105.82355,20.19905],[105.82271,20.19666],[105.82287,20.19629],[105.8239,20.1961],[105.82657,20.19479],[105.82804,20.19331],[105.83026,20.1891],[105.83129,20.1881],[105.83015,20.18459],[105.82836,20.18122],[105.82749,20.18019],[105.82616,20.17973],[105.82359,20.17992],[105.82187,20.17948],[105.82088,20.17818],[105.81916,20.17551],[105.81986,20.17271],[105.81984,20.17167],[105.81949,20.17059],[105.81784,20.16864],[105.81681,20.16873],[105.81167,20.17047],[105.80938,20.17178],[105.80748,20.17224],[105.80664,20.17355],[105.80574,20.17373],[105.80447,20.1727],[105.80486,20.17123],[105.80362,20.16851],[105.80323,20.16839],[105.80008,20.16897],[105.79898,20.17022],[105.79786,20.17039],[105.79643,20.17155],[105.79465,20.1709],[105.79376,20.1724],[105.79282,20.17096],[105.78677,20.17044],[105.78377,20.17164],[105.78196,20.17291],[105.77698,20.17229],[105.77531,20.17615],[105.77379,20.17697],[105.77238,20.17705],[105.771,20.17585],[105.76796,20.17745],[105.7641,20.17773],[105.76203,20.1789],[105.75841,20.17869],[105.75407,20.18055],[105.75252,20.18084],[105.75086,20.18209],[105.75014,20.18223],[105.74846,20.18164],[105.7477,20.18257],[105.73976,20.18522],[105.74235,20.18726],[105.74117,20.18786],[105.74004,20.19023],[105.73955,20.19253],[105.73791,20.19414],[105.73572,20.1938],[105.7349,20.19443],[105.73244,20.1952],[105.73205,20.19614],[105.73212,20.19735],[105.73084,20.19934],[105.72686,20.20084],[105.7257,20.20218],[105.72471,20.20281],[105.72406,20.20416],[105.72306,20.20526],[105.7207,20.20629],[105.71831,20.20615],[105.71661,20.20811],[105.71597,20.20839],[105.7143,20.2083],[105.7139,20.20899],[105.71318,20.20898],[105.71086,20.21168],[105.70917,20.2122],[105.70844,20.21306],[105.70726,20.21324],[105.7038,20.21493],[105.70358,20.21561],[105.7017,20.21668],[105.70085,20.21808],[105.69426,20.22125],[105.69268,20.22141],[105.69613,20.22515],[105.69473,20.22614],[105.69422,20.23002],[105.6935,20.23095],[105.69436,20.23152],[105.69469,20.23255],[105.7023,20.23025],[105.71252,20.22971],[105.71406,20.23327],[105.7154,20.23218],[105.71693,20.23178],[105.71818,20.23102],[105.71881,20.23102],[105.72173,20.22948],[105.72481,20.2322],[105.72664,20.23454],[105.7282,20.23432],[105.72958,20.23543],[105.73191,20.23597],[105.73775,20.234],[105.73891,20.2342],[105.73881,20.23966],[105.73631,20.24186],[105.73569,20.24365],[105.73658,20.24458],[105.7366,20.24792],[105.73523,20.25132],[105.73484,20.25408],[105.74078,20.25346],[105.74335,20.25594],[105.74889,20.2565]]]]}},
{"type":"Feature","id":"14464","properties":{"Ward_Code":"14464","Ward_Code_Num":14464,"Ward":"Gia Viễn","Ward_Alt":"Gia Viễn","Ward_Upper":"GIA VIỄN","Ward_Full":"Xã Gia Viễn","Ward_Full_Alt":"Xã Gia Viễn","Ward_Full_Upper_Alt":"XÃ GIA VIỄN","Ward_Type":"Xã","Province_Code":"37","Province":"Ninh Bình","Province_Upper_Alt":"NINH BÌNH"},"geometry":{"type":"MultiPolygon","coordinates":[[[[105.86181,20.42024],[105.86325,20.41819],[105.86525,20.4175],[105.86567,20.4164],[105.86572,20.41448],[105.86696,20.41354],[105.8681,20.41206],[105.86819,20.41034],[105.86875,20.40951],[105.87022,20.40936],[105.87183,20.40812],[105.87294,20.40799],[105.87472,20.40702],[105.87515,20.40625],[105.87521,20.40503],[105.87771,20.40229],[105.87791,20.40096],[105.87845,20.40041],[105.87952,20.39809],[105.88127,20.39641],[105.88207,20.39623],[105.88444,20.39341],[105.88682,20.39132],[105.88727,20.39029],[105.88696,20.38999],[105.88705,20.38937],[105.88782,20.38876],[105.88864,20.38889],[105.88846,20.38584],[105.88886,20.38532],[105.89036,20.38461],[105.88994,20.38354],[105.88758,20.38112],[105.88426,20.37918],[105.88272,20.37845],[105.87732,20.37731],[105.87547,20.37741],[105.87371,20.37688],[105.87266,20.37739],[105.87209,20.38081],[105.87173,20.38124],[105.86834,20.38126],[105.86703,20.38064],[105.86617,20.37519],[105.86732,20.37401],[105.86734,20.37333],[105.86644,20.37231],[105.86835,20.36492],[105.86748,20.36451],[105.86962,20.36229],[105.86991,20.36142],[105.87081,20.36096],[105.86728,20.35317],[105.8667,20.35355],[105.86643,20.35297],[105.86212,20.35553],[105.862,20.35521],[105.86082,20.35546],[105.85965,20.35274],[105.85766,20.35012],[105.85671,20.35049],[105.8549,20.35059],[105.85296,20.3464],[105.85678,20.34614],[105.85241,20.33853],[105.85218,20.33864],[105.85046,20.33649],[105.84705,20.33345],[105.84868,20.33341],[105.84884,20.33084],[105.84711,20.33073],[105.84408,20.32973],[105.84306,20.32903],[105.83947,20.3253],[105.83549,20.32289],[105.82845,20.32819],[105.82484,20.32673],[105.82358,20.3223],[105.82233,20.3209],[105.82121,20.32047],[105.81997,20.32035],[105.81879,20.32093],[105.81541,20.32481],[105.81314,20.32391],[105.81266,20.32333],[105.8129,20.32238],[105.81201,20.32161],[105.80748,20.32237],[105.80826,20.32332],[105.80854,20.32433],[105.80852,20.32608],[105.80811,20.32765],[105.80858,20.32945],[105.81039,20.33102],[105.81169,20.33107],[105.81166,20.33166],[105.81039,20.3332],[105.8109,20.33502],[105.81118,20.33517],[105.81566,20.33281],[105.81667,20.33392],[105.81761,20.33569],[105.81635,20.33628],[105.81781,20.33788],[105.81704,20.33943],[105.8168,20.34081],[105.81677,20.34442],[105.81868,20.34579],[105.82017,20.3459],[105.82044,20.34762],[105.82206,20.34724],[105.82248,20.34842],[105.82166,20.34884],[105.82193,20.34939],[105.82266,20.34926],[105.82277,20.34959],[105.82468,20.34917],[105.82508,20.35142],[105.82814,20.35074],[105.83147,20.34943],[105.8316,20.35112],[105.83392,20.35078],[105.83402,20.35108],[105.83442,20.35107],[105.83461,20.35076],[105.83592,20.35066],[105.83635,20.35687],[105.83883,20.36334],[105.83759,20.36368],[105.83776,20.36416],[105.83912,20.36389],[105.84126,20.36653],[105.84388,20.36534],[105.84498,20.36653],[105.84441,20.36699],[105.84532,20.36794],[105.84467,20.36848],[105.84454,20.36964],[105.8434,20.37098],[105.84275,20.36995],[105.84118,20.37138],[105.84158,20.37209],[105.83795,20.37353],[105.83904,20.37712],[105.84078,20.38561],[105.8372,20.38607],[105.83694,20.38737],[105.83796,20.39041],[105.83883,20.39122],[105.83905,20.39322],[105.83852,20.39403],[105.83693,20.39483],[105.83606,20.39656],[105.83598,20.39765],[105.83716,20.39826],[105.83753,20.39894],[105.83944,20.39837],[105.8406,20.40062],[105.83942,20.40083],[105.83918,20.40311],[105.83859,20.40382],[105.83887,20.40488],[105.8399,20.40565],[105.84161,20.40601],[105.84193,20.40644],[105.84111,20.4066],[105.83869,20.40829],[105.8374,20.41016],[105.83748,20.41273],[105.83701,20.41432],[105.83602,20.41592],[105.8365,20.41643],[105.83634,20.41837],[105.83672,20.41982],[105.83776,20.42063],[105.83904,20.42088],[105.84192,20.42026],[105.84344,20.42034],[105.84468,20.42117],[105.84872,20.42204],[105.85067,20.42132],[105.85266,20.41872],[105.85363,20.41807],[105.85535,20.41752],[105.85793,20.41745],[105.86034,20.41857],[105.86181,20.42024]]]]}},
{"type":"Feature","id":"14482","properties":{"Ward_Code":"14482","Ward_Code_Num":14482,"Ward":"Gia Hưng","Ward_Alt":"Gia Hưng","Ward_Upper":"GIA HƯNG","Ward_Full":"Xã Gia Hưng","Ward_Full_Alt":"Xã Gia Hưng","Ward_Full_Upper_Alt":"XÃ GIA HƯNG","Ward_Type":"Xã","Province_Code":"37","Province":"Ninh Bình","Province_Upper_Alt":"NINH BÌNH"},"geometry":{"type":"MultiPolygon","coordinates":[[[[105.82327,20.41814],[105.8257,20.41734],[105.8285,20.41716],[105.83096,20.4159],[105.83177,20.4165],[105.83503,20.41545],[105.83602,20.41592],[105.83701,20.41432],[105.83748,20.41273],[105.83728,20.41051],[105.8378,20.40946],[105.83869,20.40829],[105.84111,20.4066],[105.84193,20.40644],[105.84161,20.40601],[105.8399,20.40565],[105.83887,20.40488],[105.83859,20.40382],[105.83918,20.40311],[105.83942,20.40083],[105.8406,20.40062],[105.83944,20.39837],[105.83753,20.39894],[105.83716,20.39826],[105.83598,20.39765],[105.83606,20.39656],[105.83693,20.39483],[105.83852,20.39403],[105.83905,20.39322],[105.83883,20.39122],[105.83796,20.39041],[105.83694,20.38737],[105.8372,20.38607],[105.84078,20.38561],[105.83904,20.37712],[105.83795,20.37353],[105.84158,20.37209],[105.84118,20.37138],[105.84275,20.36995],[105.8434,20.37098],[105.84454,20.36964],[105.84467,20.36848],[105.84532,20.36794],[105.84441,20.36699],[105.84498,20.36653],[105.84388,20.36534],[105.84126,20.36653],[105.83912,20.36389],[105.83776,20.36416],[105.83759,20.36368],[105.83883,20.36334],[105.83635,20.35687],[105.83592,20.35066],[105.83461,20.35076],[105.83442,20.35107],[105.83402,20.35108],[105.83392,20.35078],[105.8316,20.35112],[105.83147,20.34943],[105.82814,20.35074],[105.82508,20.35142],[105.82468,20.34917],[105.82277,20.34959],[105.82266,20.34926],[105.82193,20.34939],[105.82166,20.34884],[105.82248,20.34842],[105.82206,20.34724],[105.82044,20.34762],[105.82017,20.3459],[105.81868,20.34579],[105.81677,20.34442],[105.8168,20.34081],[105.81704,20.33943],[105.81781,20.33788],[105.81635,20.33628],[105.81761,20.33569],[105.81667,20.33392],[105.81566,20.33281],[105.81198,20.33454],[105.81114,20.33522],[105.81021,20.33681],[105.80939,20.33911],[105.80905,20.34543],[105.80826,20.34709],[105.80638,20.34836],[105.80026,20.35049],[105.79908,20.35174],[105.79881,20.35316],[105.79993,20.35495],[105.80313,20.35858],[105.8075,20.36444],[105.80996,20.36661],[105.81306,20.36852],[105.81428,20.3698],[105.81464,20.37137],[105.8146,20.37541],[105.81426,20.37719],[105.81339,20.37914],[105.8125,20.38011],[105.8063,20.38228],[105.8037,20.38429],[105.80325,20.38545],[105.80332,20.38663],[105.80643,20.39212],[105.80672,20.39423],[105.80639,20.39564],[105.80512,20.39697],[105.79991,20.39944],[105.79836,20.40051],[105.79594,20.40314],[105.79447,20.40577],[105.80249,20.40662],[105.80101,20.41021],[105.80338,20.40943],[105.8057,20.41014],[105.80373,20.41404],[105.8042,20.41554],[105.80796,20.4155],[105.80803,20.41699],[105.81,20.41889],[105.81222,20.41908],[105.81495,20.41733],[105.81697,20.41683],[105.81757,20.41631],[105.8193,20.4177],[105.82087,20.42049],[105.82153,20.42015],[105.82246,20.41869],[105.82327,20.41814]]]]}},
{"type":"Feature","id":"14488","properties":{"Ward_Code":"14488","Ward_Code_Num":14488,"Ward":"Gia Vân","Ward_Alt":"Gia Vân","Ward_Upper":"GIA VÂN","Ward_Full":"Xã Gia Vân","Ward_Full_Alt":"Xã Gia Vân","Ward_Full_Upper_Alt":"XÃ GIA VÂN","Ward_Type":"Xã","Province_Code":"37","Province":"Ninh Bình","Province_Upper_Alt":"NINH BÌNH"},"geometry":{"type":"MultiPolygon","coordinates":[[[[105.8733,20.37706],[105.87371,20.37688],[105.87547,20.37741],[105.87942,20.37761],[105.88053,20.37814],[105.88272,20.37845],[105.88426,20.37918],[105.88587,20.37634],[105.88861,20.37552],[105.88973,20.37401],[105.89028,20.37234],[105.8883,20.37076],[105.88836,20.36953],[105.89058,20.3683],[105.89113,20.36833],[105.89147,20.36888],[105.8922,20.36905],[105.89261,20.36838],[105.89427,20.36883],[105.89469,20.36671],[105.89572,20.36554],[105.89518,20.36452],[105.89677,20.36402],[105.89764,20.3624],[105.89771,20.36192],[105.89727,20.36166],[105.89778,20.36096],[105.89894,20.36103],[105.90021,20.36056],[105.9004,20.35966],[105.8999,20.3593],[105.90013,20.35871],[105.90184,20.35769],[105.90227,20.35702],[105.9036,20.35655],[105.90375,20.35594],[105.90349,20.35535],[105.90451,20.35479],[105.90456,20.35407],[105.90584,20.35269],[105.90782,20.35342],[105.90879,20.35287],[105.90873,20.35199],[105.91001,20.35081],[105.9112,20.35113],[105.91154,20.34933],[105.91117,20.34624],[105.91296,20.34567],[105.91278,20.34465],[105.91502,20.34448],[105.9155,20.34503],[105.91867,20.34419],[105.91907,20.34389],[105.91977,20.34206],[105.92321,20.34131],[105.92706,20.34267],[105.92779,20.34166],[105.93087,20.33434],[105.93062,20.33365],[105.92822,20.33429],[105.92784,20.33074],[105.92519,20.32922],[105.9272,20.32427],[105.92526,20.32313],[105.92352,20.3227],[105.92254,20.32189],[105.9171,20.32008],[105.91595,20.31939],[105.91261,20.31908],[105.91029,20.31811],[105.90772,20.31553],[105.90587,20.31277],[105.9019,20.30516],[105.89729,20.30844],[105.89874,20.31021],[105.89574,20.31266],[105.89673,20.31379],[105.89481,20.31538],[105.89622,20.31721],[105.89498,20.31814],[105.89639,20.31976],[105.89183,20.32468],[105.88986,20.32356],[105.88832,20.32474],[105.88786,20.32467],[105.88675,20.32637],[105.88812,20.32753],[105.88763,20.32941],[105.88481,20.32773],[105.88188,20.33023],[105.88049,20.32884],[105.87483,20.33437],[105.8749,20.33526],[105.87429,20.33621],[105.87113,20.33745],[105.86141,20.34424],[105.86207,20.34548],[105.85883,20.3457],[105.85846,20.34839],[105.85816,20.34952],[105.85766,20.35012],[105.85965,20.35274],[105.86082,20.35546],[105.862,20.35521],[105.86212,20.35553],[105.86643,20.35297],[105.8667,20.35355],[105.86728,20.35317],[105.87081,20.36096],[105.86991,20.36142],[105.86962,20.36229],[105.86748,20.36451],[105.86835,20.36492],[105.86644,20.37231],[105.86734,20.37333],[105.86732,20.37401],[105.86617,20.37519],[105.86686,20.38037],[105.86793,20.3812],[105.87173,20.38124],[105.87209,20.38081],[105.87266,20.37739],[105.8733,20.37706]]]]}},
{"type":"Feature","id":"14494","properties":{"Ward_Code":"14494","Ward_Code_Num":14494,"Ward":"Gia Trấn","Ward_Alt":"Gia Trấn","Ward_Upper":"GIA TRẤN","Ward_Full":"Xã Gia Trấn","Ward_Full_Alt":"Xã Gia Trấn","Ward_Full_Upper_Alt":"XÃ GIA TRẤN","Ward_Type":"Xã","Province_Code":"37","Province":"Ninh Bình","Province_Upper_Alt":"NINH BÌNH"},"geometry":{"type":"MultiPolygon","coordinates":[[[[105.88918,20.38834],[105.89076,20.38854],[105.89221,20.38794],[105.89246,20.38703],[105.8933,20.38635],[105.8923,20.38307],[105.89289,20.38211],[105.89503,20.38075],[105.89578,20.38049],[105.89624,20.38069],[105.8962,20.37945],[105.89796,20.37859],[105.89788,20.37772],[105.89844,20.37552],[105.89907,20.37432],[105.90097,20.37366],[105.90142,20.37316],[105.90234,20.37324],[105.90236,20.37243],[105.90304,20.37194],[105.90387,20.3722],[105.90452,20.37344],[105.90541,20.3729],[105.90657,20.37314],[105.90731,20.3724],[105.9094,20.37266],[105.90945,20.37494],[105.90912,20.37536],[105.91099,20.37609],[105.91167,20.37602],[105.91457,20.3743],[105.91601,20.37218],[105.91676,20.37275],[105.91991,20.36445],[105.92107,20.36327],[105.92288,20.36281],[105.92524,20.36309],[105.93167,20.3675],[105.93489,20.36798],[105.9363,20.36683],[105.93688,20.36535],[105.93686,20.35836],[105.93766,20.3563],[105.93903,20.35555],[105.94242,20.35481],[105.95062,20.35552],[105.9539,20.35423],[105.95415,20.35387],[105.95411,20.35246],[105.95262,20.34662],[105.94969,20.33994],[105.9467,20.33625],[105.94378,20.33378],[105.93717,20.33035],[105.93633,20.32884],[105.93611,20.32736],[105.9272,20.32427],[105.92519,20.32922],[105.92784,20.33074],[105.92822,20.33429],[105.93062,20.33365],[105.93087,20.33434],[105.92779,20.34166],[105.92706,20.34267],[105.92321,20.34131],[105.91977,20.34206],[105.91907,20.34389],[105.91867,20.34419],[105.9155,20.34503],[105.91502,20.34448],[105.91278,20.34465],[105.91296,20.34567],[105.91117,20.34624],[105.91154,20.34933],[105.9112,20.35113],[105.91001,20.35081],[105.90873,20.35199],[105.90879,20.35287],[105.90782,20.35342],[105.90584,20.35269],[105.90456,20.35407],[105.90451,20.35479],[105.90349,20.35535],[105.90375,20.35594],[105.9036,20.35655],[105.90227,20.35702],[105.90184,20.35769],[105.90013,20.35871],[105.8999,20.3593],[105.9004,20.35966],[105.90021,20.36056],[105.89894,20.36103],[105.89778,20.36096],[105.89727,20.36166],[105.89771,20.36192],[105.89764,20.3624],[105.89677,20.36402],[105.89518,20.36452],[105.89572,20.36554],[105.89469,20.36671],[105.89427,20.36883],[105.89261,20.36838],[105.8922,20.36905],[105.89147,20.36888],[105.89113,20.36833],[105.89058,20.3683],[105.88836,20.36953],[105.8883,20.37076],[105.89028,20.37234],[105.88973,20.37401],[105.88861,20.37552],[105.88587,20.37634],[105.88426,20.37918],[105.88758,20.38112],[105.88994,20.38354],[105.89036,20.38461],[105.88873,20.38541],[105.88835,20.38623],[105.88866,20.38719],[105.88864,20.38889],[105.88918,20.38834]]]]}},
{"type":"Feature","id":"14500","properties":{"Ward_Code":"14500","Ward_Code_Num":14500,"Ward":"Đại Hoàng","Ward_Alt":"Đại Hoàng","Ward_Upper":"ĐẠI HOÀNG","Ward_Full":"Xã Đại Hoàng","Ward_Full_Alt":"Xã Đại Hoàng","Ward_Full_Upper_Alt":"XÃ ĐẠI HOÀNG","Ward_Type":"Xã","Province_Code":"37","Province":"Ninh Bình","Province_Upper_Alt":"NINH BÌNH"},"geometry":{"type":"MultiPolygon","coordinates":[[[[105.85507,20.35051],[105.85671,20.35049],[105.858,20.34983],[105.85883,20.3457],[105.86207,20.34548],[105.86141,20.34424],[105.87113,20.33745],[105.87429,20.33621],[105.8749,20.33526],[105.87483,20.33437],[105.88049,20.32884],[105.88188,20.33023],[105.88481,20.32773],[105.88763,20.32941],[105.88812,20.32753],[105.88675,20.32637],[105.88786,20.32467],[105.88832,20.32474],[105.88986,20.32356],[105.89183,20.32468],[105.89639,20.31976],[105.89498,20.31814],[105.89622,20.31721],[105.89481,20.31538],[105.89673,20.31379],[105.89574,20.31266],[105.89874,20.31021],[105.89729,20.30844],[105.9019,20.30516],[105.89917,20.29995],[105.89548,20.29627],[105.88942,20.29128],[105.88709,20.29],[105.88562,20.28958],[105.88283,20.2894],[105.88133,20.28977],[105.87824,20.29249],[105.87477,20.29493],[105.87399,20.2964],[105.87349,20.29972],[105.87205,20.30137],[105.87057,20.30226],[105.86677,20.3027],[105.86348,20.29994],[105.85426,20.30123],[105.84824,20.30275],[105.84865,20.30328],[105.84793,20.30407],[105.84786,20.30759],[105.83644,20.31919],[105.83549,20.32289],[105.83947,20.3253],[105.84306,20.32903],[105.84408,20.32973],[105.84711,20.33073],[105.84884,20.33084],[105.84868,20.33341],[105.84705,20.33345],[105.85046,20.33649],[105.85218,20.33864],[105.85241,20.33853],[105.85678,20.34614],[105.85296,20.3464],[105.85507,20.35051]]]]}},
{"type":"Feature","id":"14524","properties":{"Ward_Code":"14524","Ward_Code_Num":14524,"Ward":"Gia Phong","Ward_Alt":"Gia Phong","Ward_Upper":"GIA PHONG","Ward_Full":"Xã Gia Phong","Ward_Full_Alt":"Xã Gia Phong","Ward_Full_Upper_Alt":"XÃ GIA PHONG","Ward_Type":"Xã","Province_Code":"37","Province":"Ninh Bình","Province_Upper_Alt":"NINH BÌNH"},"geometry":{"type":"MultiPolygon","coordinates":[[[[105.83598,20.32036],[105.83674,20.31872],[105.83944,20.31639],[105.84786,20.30759],[105.84793,20.30407],[105.84865,20.30324],[105.84792,20.30224],[105.84683,20.30161],[105.8465,20.30004],[105.84513,20.29821],[105.84358,20.29675],[105.84062,20.29492],[105.83965,20.29311],[105.83792,20.29097],[105.83738,20.28912],[105.83739,20.28669],[105.8391,20.2815],[105.83671,20.27552],[105.83467,20.2737],[105.83089,20.27258],[105.82905,20.27314],[105.82475,20.27522],[105.82284,20.27539],[105.82109,20.27501],[105.81974,20.27627],[105.8195,20.27873],[105.81904,20.27994],[105.8154,20.28378],[105.81559,20.28606],[105.81525,20.28673],[105.81355,20.28745],[105.81218,20.28732],[105.81086,20.28664],[105.80858,20.28838],[105.8105,20.29047],[105.8101,20.29108],[105.81084,20.29411],[105.81004,20.29438],[105.80999,20.29607],[105.80955,20.29762],[105.80733,20.29817],[105.8063,20.29869],[105.80552,20.29963],[105.80694,20.30217],[105.80542,20.30269],[105.80486,20.30393],[105.80442,20.308],[105.80271,20.30778],[105.80198,20.30806],[105.80006,20.31687],[105.80057,20.31783],[105.80179,20.31824],[105.80646,20.32102],[105.80748,20.32237],[105.81201,20.32161],[105.8129,20.32238],[105.81266,20.32333],[105.81314,20.32391],[105.81541,20.32481],[105.81879,20.32093],[105.81997,20.32035],[105.8218,20.32065],[105.8236,20.32234],[105.82474,20.32662],[105.82829,20.32818],[105.83542,20.32305],[105.83598,20.32036]]]]}},
{"type":"Feature","id":"14533","properties":{"Ward_Code":"14533","Ward_Code_Num":14533,"Ward":"Tây Hoa Lư","Ward_Alt":"Tây Hoa Lư","Ward_Upper":"TÂY HOA LƯ","Ward_Full":"Phường Tây Hoa Lư","Ward_Full_Alt":"Phường Tây Hoa Lư","Ward_Full_Upper_Alt":"PHƯỜNG TÂY HOA LƯ","Ward_Type":"Phường","Province_Code":"37","Province":"Ninh Bình","Province_Upper_Alt":"NINH BÌNH"},"geometry":{"type":"MultiPolygon","coordinates":[[[[105.87262,20.20212],[105.87021,20.19993],[105.86521,20.20408],[105.86215,20.20599],[105.85475,20.21322],[105.85236,20.21603],[105.84917,20.2159],[105.84638,20.21424],[105.84552,20.21421],[105.84507,20.21437],[105.84381,20.21625],[105.84379,20.21703],[105.8416,20.21765],[105.84133,20.21716],[105.83944,20.21684],[105.83877,20.21679],[105.83846,20.21719],[105.83688,20.2195],[105.83694,20.21988],[105.83898,20.22043],[105.84235,20.22309],[105.84361,20.22237],[105.84631,20.22544],[105.84732,20.22713],[105.84892,20.23269],[105.84861,20.23355],[105.84936,20.23634],[105.85149,20.23893],[105.84925,20.24046],[105.849,20.24165],[105.84968,20.2415],[105.85012,20.24182],[105.84952,20.24302],[105.84859,20.24391],[105.84544,20.24585],[105.84414,20.24821],[105.83961,20.2484],[105.83781,20.25064],[105.83783,20.25173],[105.83726,20.25245],[105.83715,20.25357],[105.83587,20.25476],[105.83512,20.25701],[105.83228,20.25816],[105.83011,20.26074],[105.82748,20.26154],[105.82732,20.26265],[105.8217,20.26184],[105.81688,20.26153],[105.8161,20.2649],[105.81626,20.26633],[105.8183,20.27168],[105.81975,20.27358],[105.82109,20.27501],[105.82384,20.27537],[105.82554,20.27499],[105.82989,20.27279],[105.83149,20.27263],[105.83467,20.2737],[105.83624,20.27501],[105.83698,20.276],[105.8391,20.2815],[105.83739,20.28669],[105.83738,20.28912],[105.83792,20.29097],[105.83965,20.29311],[105.84062,20.29492],[105.84358,20.29675],[105.84513,20.29821],[105.8465,20.30004],[105.84683,20.30161],[105.84824,20.30275],[105.85426,20.30123],[105.86348,20.29994],[105.86677,20.3027],[105.87078,20.30219],[105.87205,20.30137],[105.87349,20.29972],[105.8741,20.29603],[105.8751,20.29458],[105.87824,20.29249],[105.88133,20.28977],[105.88371,20.28938],[105.88655,20.28978],[105.88942,20.29128],[105.89242,20.2936],[105.89917,20.29995],[105.90587,20.31277],[105.90772,20.31553],[105.91029,20.31811],[105.91261,20.31908],[105.91595,20.31939],[105.9171,20.32008],[105.92254,20.32189],[105.92352,20.3227],[105.92526,20.32313],[105.92714,20.32425],[105.93611,20.32736],[105.93651,20.32669],[105.93742,20.32612],[105.95395,20.31922],[105.96082,20.31602],[105.96275,20.31555],[105.96712,20.31268],[105.97253,20.30717],[105.9648,20.30275],[105.95743,20.30043],[105.95475,20.30016],[105.95168,20.30616],[105.95292,20.30954],[105.95154,20.30909],[105.95065,20.31111],[105.9474,20.30969],[105.94765,20.30922],[105.94692,20.30875],[105.94721,20.30746],[105.94666,20.30681],[105.94698,20.30486],[105.94038,20.30309],[105.94096,20.30016],[105.93916,20.2998],[105.93982,20.29811],[105.94128,20.2985],[105.94212,20.29493],[105.93592,20.29335],[105.93691,20.29024],[105.93911,20.28735],[105.93845,20.28698],[105.9391,20.28582],[105.93863,20.28435],[105.93929,20.28432],[105.9382,20.28121],[105.93767,20.28149],[105.93617,20.27655],[105.93452,20.27528],[105.93327,20.27238],[105.93336,20.27194],[105.93707,20.26975],[105.936,20.26924],[105.93501,20.26804],[105.93413,20.26815],[105.93365,20.269],[105.93301,20.26903],[105.93192,20.26806],[105.93223,20.26701],[105.93134,20.26652],[105.92935,20.26637],[105.92876,20.26669],[105.92783,20.26664],[105.92685,20.26568],[105.92626,20.26445],[105.92641,20.26356],[105.92576,20.26288],[105.92344,20.26345],[105.92208,20.26423],[105.91877,20.26134],[105.91668,20.26086],[105.91557,20.26095],[105.91204,20.25594],[105.91062,20.25514],[105.90936,20.25542],[105.90647,20.25445],[105.90416,20.25612],[105.90168,20.2554],[105.90075,20.25573],[105.9005,20.25672],[105.89956,20.25738],[105.89792,20.25556],[105.89667,20.2552],[105.89575,20.2558],[105.89403,20.25607],[105.89304,20.25602],[105.8922,20.25542],[105.88983,20.25534],[105.89136,20.25289],[105.89158,20.25197],[105.8909,20.25044],[105.88972,20.24987],[105.88967,20.2483],[105.8902,20.24781],[105.89146,20.24525],[105.89256,20.24481],[105.89314,20.24383],[105.89407,20.24347],[105.89441,20.24193],[105.89481,20.24142],[105.89625,20.24079],[105.89618,20.23989],[105.89721,20.2391],[105.89718,20.2382],[105.896,20.2362],[105.88888,20.23576],[105.88759,20.235],[105.88534,20.23436],[105.88439,20.23519],[105.88284,20.23435],[105.88115,20.23425],[105.87997,20.23308],[105.87899,20.23303],[105.87793,20.23197],[105.87757,20.23109],[105.87884,20.22792],[105.88063,20.22584],[105.88101,20.22452],[105.88312,20.2227],[105.88511,20.21996],[105.888,20.21881],[105.88803,20.21705],[105.88523,20.20957],[105.88179,20.20632],[105.87619,20.20217],[105.87262,20.20212]]]]}},
{"type":"Feature","id":"14560","properties":{"Ward_Code":"14560","Ward_Code_Num":14560,"Ward":"Yên Khánh","Ward_Alt":"Yên Khánh","Ward_Upper":"YÊN KHÁNH","Ward_Full":"Xã Yên Khánh","Ward_Full_Alt":"Xã Yên Khánh","Ward_Full_Upper_Alt":"XÃ YÊN KHÁNH","Ward_Type":"Xã","Province_Code":"37","Province":"Ninh Bình","Province_Upper_Alt":"NINH BÌNH"},"geometry":{"type":"MultiPolygon","coordinates":[[[[106.07236,20.21694],[106.07391,20.21576],[106.07605,20.2152],[106.07695,20.21581],[106.07642,20.21615],[106.07678,20.21683],[106.07757,20.21647],[106.07802,20.21667],[106.07968,20.21483],[106.07839,20.21287],[106.0786,20.21272],[106.07712,20.20917],[106.07768,20.20898],[106.07427,20.20416],[106.07286,20.20153],[106.0702,20.19861],[106.06896,20.19542],[106.07466,20.19138],[106.07598,20.19287],[106.07751,20.19169],[106.07871,20.19308],[106.08067,20.19148],[106.08474,20.18933],[106.07976,20.18005],[106.07135,20.17187],[106.05782,20.1558],[106.0538,20.14954],[106.05182,20.14812],[106.05076,20.1505],[106.05044,20.15221],[106.05091,20.15783],[106.05001,20.16825],[106.05035,20.17235],[106.04938,20.17298],[106.042,20.17468],[106.03075,20.17835],[106.03045,20.17907],[106.03108,20.18526],[106.03034,20.18677],[106.02496,20.19246],[106.02329,20.1948],[106.02132,20.19542],[106.01726,20.19559],[106.01982,20.19756],[106.02011,20.19903],[106.01977,20.1994],[106.02373,20.20527],[106.02573,20.2036],[106.02935,20.2084],[106.02898,20.20874],[106.03386,20.21594],[106.03136,20.21707],[106.03753,20.22383],[106.04271,20.21987],[106.04527,20.21861],[106.04953,20.21708],[106.05353,20.2168],[106.05644,20.21722],[106.0626,20.21986],[106.0705,20.22514],[106.07282,20.22147],[106.06988,20.21892],[106.07236,20.21694]]]]}},
{"type":"Feature","id":"14563","properties":{"Ward_Code":"14563","Ward_Code_Num":14563,"Ward":"Khánh Thiện","Ward_Alt":"Khánh Thiện","Ward_Upper":"KHÁNH THIỆN","Ward_Full":"Xã Khánh Thiện","Ward_Full_Alt":"Xã Khánh Thiện","Ward_Full_Upper_Alt":"XÃ KHÁNH THIỆN","Ward_Type":"Xã","Province_Code":"37","Province":"Ninh Bình","Province_Upper_Alt":"NINH BÌNH"},"geometry":{"type":"MultiPolygon","coordinates":[[[[106.10642,20.21676],[106.10903,20.21608],[106.11284,20.21647],[106.13027,20.22172],[106.14644,20.22771],[106.14772,20.22793],[106.14993,20.22768],[106.15128,20.22684],[106.15231,20.22533],[106.15291,20.22359],[106.15306,20.22125],[106.15072,20.22206],[106.15056,20.22188],[106.14395,20.21312],[106.14015,20.20697],[106.13944,20.20526],[106.13471,20.19938],[106.13408,20.19979],[106.13308,20.199],[106.13233,20.19791],[106.13324,20.1976],[106.12928,20.19277],[106.12521,20.19535],[106.11984,20.19079],[106.11371,20.20128],[106.11292,20.20215],[106.10707,20.20723],[106.10597,20.20718],[106.10277,20.20792],[106.09924,20.20722],[106.0886,20.19789],[106.08474,20.18933],[106.08067,20.19148],[106.07871,20.19308],[106.07751,20.19169],[106.07598,20.19287],[106.07466,20.19138],[106.06896,20.19542],[106.0702,20.19861],[106.07286,20.20153],[106.07427,20.20416],[106.07768,20.20898],[106.07712,20.20917],[106.0786,20.21272],[106.07839,20.21287],[106.07968,20.21483],[106.07802,20.21667],[106.07757,20.21647],[106.07678,20.21683],[106.07642,20.21615],[106.07695,20.21581],[106.07605,20.2152],[106.07391,20.21576],[106.06988,20.21892],[106.07282,20.22147],[106.0705,20.22514],[106.07441,20.22843],[106.07879,20.23323],[106.0804,20.23551],[106.0819,20.2389],[106.08471,20.24902],[106.08672,20.25202],[106.09005,20.25445],[106.09251,20.25504],[106.09484,20.25454],[106.09604,20.25352],[106.09786,20.2503],[106.09743,20.24901],[106.09733,20.24687],[106.09977,20.24072],[106.10083,20.23694],[106.1023,20.22584],[106.10442,20.21965],[106.10526,20.21807],[106.10642,20.21676]]]]}},
{"type":"Feature","id":"14566","properties":{"Ward_Code":"14566","Ward_Code_Num":14566,"Ward":"Đông Hoa Lư","Ward_Alt":"Đông Hoa Lư","Ward_Upper":"ĐÔNG HOA LƯ","Ward_Full":"Phường Đông Hoa Lư","Ward_Full_Alt":"Phường Đông Hoa Lư","Ward_Full_Upper_Alt":"PHƯỜNG ĐÔNG HOA LƯ","Ward_Type":"Phường","Province_Code":"37","Province":"Ninh Bình","Province_Upper_Alt":"NINH BÌNH"},"geometry":{"type":"MultiPolygon","coordinates":[[[[106.04127,20.2554],[106.04386,20.25464],[106.04703,20.25197],[106.04892,20.24902],[106.04926,20.248],[106.0497,20.246],[106.04954,20.24426],[106.04881,20.24263],[106.0481,20.24185],[106.04535,20.24063],[106.04206,20.24044],[106.03466,20.2411],[106.03262,20.24062],[106.0301,20.23926],[106.02961,20.23838],[106.02913,20.23613],[106.03003,20.23263],[106.0314,20.23014],[106.03465,20.22645],[106.03754,20.22383],[106.03136,20.21707],[106.03386,20.21594],[106.02898,20.20874],[106.02935,20.2084],[106.02573,20.2036],[106.02373,20.20527],[106.01977,20.1994],[106.02011,20.19903],[106.01982,20.19756],[106.01726,20.19559],[106.01431,20.19525],[106.00796,20.19323],[106.0046,20.19318],[105.99755,20.19447],[105.9952,20.19512],[105.98803,20.19798],[105.9863,20.20283],[105.98587,20.20508],[105.98586,20.20698],[105.98742,20.20973],[105.98519,20.21044],[105.98599,20.21159],[105.98797,20.21041],[105.98865,20.21168],[105.98843,20.21181],[105.98872,20.21423],[105.98849,20.21435],[105.99413,20.22659],[105.99687,20.23332],[105.99669,20.23344],[105.99764,20.23482],[105.99812,20.23466],[106.00002,20.23909],[105.99915,20.23932],[106.00079,20.24343],[106.00459,20.24355],[106.00612,20.24811],[106.00734,20.24763],[106.00746,20.2469],[106.0078,20.24682],[106.00951,20.24901],[106.01012,20.24937],[106.01026,20.25046],[106.01943,20.24981],[106.02736,20.25031],[106.03248,20.25166],[106.03926,20.25505],[106.04127,20.2554]]]]}},
{"type":"Feature","id":"14608","properties":{"Ward_Code":"14608","Ward_Code_Num":14608,"Ward":"Khánh Trung","Ward_Alt":"Khánh Trung","Ward_Upper":"KHÁNH TRUNG","Ward_Full":"Xã Khánh Trung","Ward_Full_Alt":"Xã Khánh Trung","Ward_Full_Upper_Alt":"XÃ KHÁNH TRUNG","Ward_Type":"Xã","Province_Code":"37","Province":"Ninh Bình","Province_Upper_Alt":"NINH BÌNH"},"geometry":{"type":"MultiPolygon","coordinates":[[[[106.15915,20.20011],[106.1607,20.1947],[106.16242,20.18584],[106.1633,20.16088],[106.16488,20.15228],[106.16776,20.14042],[106.1684,20.13464],[106.16805,20.13071],[106.16742,20.12878],[106.16477,20.12555],[106.16311,20.12407],[106.16216,20.12459],[106.16051,20.12678],[106.16037,20.12756],[106.15816,20.13083],[106.13164,20.16931],[106.11984,20.19079],[106.12521,20.19535],[106.12928,20.19277],[106.13324,20.1976],[106.13233,20.19791],[106.13308,20.199],[106.13408,20.19979],[106.13471,20.19938],[106.13944,20.20526],[106.14015,20.20697],[106.14395,20.21312],[106.15072,20.22206],[106.15306,20.22125],[106.15309,20.2176],[106.15346,20.21535],[106.15915,20.20011]]]]}},
{"type":"Feature","id":"14611","properties":{"Ward_Code":"14611","Ward_Code_Num":14611,"Ward":"Khánh Nhạc","Ward_Alt":"Khánh Nhạc","Ward_Upper":"KHÁNH NHẠC","Ward_Full":"Xã Khánh Nhạc","Ward_Full_Alt":"Xã Khánh Nhạc","Ward_Full_Upper_Alt":"XÃ KHÁNH NHẠC","Ward_Type":"Xã","Province_Code":"37","Province":"Ninh Bình","Province_Upper_Alt":"NINH BÌNH"},"geometry":{"type":"MultiPolygon","coordinates":[[[[106.08076,20.17828],[106.08172,20.17884],[106.08773,20.17505],[106.08874,20.17473],[106.08999,20.17354],[106.10051,20.16604],[106.11001,20.15743],[106.11381,20.15149],[106.0907,20.14174],[106.08774,20.14606],[106.08628,20.14523],[106.08494,20.14514],[106.08558,20.14393],[106.08325,20.14187],[106.09155,20.13265],[106.09238,20.13079],[106.08564,20.12864],[106.07848,20.13739],[106.07785,20.1388],[106.07716,20.13947],[106.07334,20.13559],[106.07565,20.13309],[106.07352,20.13111],[106.07133,20.13387],[106.06903,20.1317],[106.06379,20.12776],[106.05559,20.13672],[106.05257,20.14117],[106.05229,20.14228],[106.05262,20.14564],[106.05182,20.14812],[106.0538,20.14954],[106.05782,20.1558],[106.07135,20.17187],[106.07976,20.18005],[106.08034,20.17961],[106.08043,20.17862],[106.08076,20.17828]]]]}},
{"type":"Feature","id":"14614","properties":{"Ward_Code":"14614","Ward_Code_Num":14614,"Ward":"Khánh Hội","Ward_Alt":"Khánh Hội","Ward_Upper":"KHÁNH HỘI","Ward_Full":"Xã Khánh Hội","Ward_Full_Alt":"Xã Khánh Hội","Ward_Full_Upper_Alt":"XÃ KHÁNH HỘI","Ward_Type":"Xã","Province_Code":"37","Province":"Ninh Bình","Province_Upper_Alt":"NINH BÌNH"},"geometry":{"type":"MultiPolygon","coordinates":[[[[106.10597,20.20718],[106.10707,20.20723],[106.11041,20.20452],[106.11371,20.20128],[106.12228,20.18676],[106.12481,20.18139],[106.13164,20.16931],[106.14052,20.15649],[106.13065,20.14997],[106.12764,20.14747],[106.13031,20.14359],[106.12306,20.13839],[106.12098,20.14268],[106.11532,20.15223],[106.11381,20.15149],[106.11001,20.15743],[106.10035,20.16616],[106.08999,20.17354],[106.08874,20.17473],[106.08773,20.17505],[106.08172,20.17884],[106.08064,20.17834],[106.08034,20.17961],[106.07974,20.18006],[106.08474,20.18933],[106.0886,20.19789],[106.09924,20.20722],[106.10277,20.20792],[106.10597,20.20718]]]]}},
{"type":"Feature","id":"14620","properties":{"Ward_Code":"14620","Ward_Code_Num":14620,"Ward":"Phát Diệm","Ward_Alt":"Phát Diệm","Ward_Upper":"PHÁT DIỆM","Ward_Full":"Xã Phát Diệm","Ward_Full_Alt":"Xã Phát Diệm","Ward_Full_Upper_Alt":"XÃ PHÁT DIỆM","Ward_Type":"Xã","Province_Code":"37","Province":"Ninh Bình","Province_Upper_Alt":"NINH BÌNH"},"geometry":{"type":"MultiPolygon","coordinates":[[[[106.07769,20.12672],[106.07812,20.12624],[106.0792,20.1266],[106.11506,20.05613],[106.11598,20.05602],[106.11696,20.05543],[106.11877,20.05527],[106.12034,20.0533],[106.11691,20.05071],[106.11517,20.0479],[106.11394,20.04292],[106.11331,20.03495],[106.10923,20.03478],[106.10328,20.03058],[106.10266,20.03357],[106.10252,20.03767],[106.08157,20.07764],[106.07603,20.08916],[106.06093,20.11822],[106.07122,20.12366],[106.06755,20.12462],[106.0664,20.12523],[106.06379,20.12776],[106.06903,20.1317],[106.07133,20.13387],[106.07232,20.1324],[106.07769,20.12672]]]]}},
{"type":"Feature","id":"14623","properties":{"Ward_Code":"14623","Ward_Code_Num":14623,"Ward":"Bình Minh","Ward_Alt":"Bình Minh","Ward_Upper":"BÌNH MINH","Ward_Full":"Xã Bình Minh","Ward_Full_Alt":"Xã Bình Minh","Ward_Full_Upper_Alt":"XÃ BÌNH MINH","Ward_Type":"Xã","Province_Code":"37","Province":"Ninh Bình","Province_Upper_Alt":"NINH BÌNH"},"geometry":{"type":"MultiPolygon","coordinates":[[[[106.08454,20.01872],[106.08671,20.00002],[106.0982,20.00199],[106.10175,20.00123],[106.105,19.99986],[106.10026,19.98854],[106.09692,19.97857],[106.09504,19.97052],[106.09472,19.96775],[106.09476,19.96387],[106.09065,19.9648],[106.09134,19.96737],[106.08857,19.97545],[106.07914,19.96694],[106.07779,19.96607],[106.07321,19.9641],[106.06923,19.96457],[106.06745,19.96612],[106.05765,19.97927],[106.05131,19.98457],[106.03816,19.96635],[106.03774,19.96676],[106.03118,19.96012],[106.02938,19.96227],[106.02656,19.95948],[106.026,19.95934],[106.02538,19.95966],[106.02527,19.9672],[106.02432,19.97481],[106.02435,19.97976],[106.02402,19.98262],[106.02589,19.99037],[106.02796,19.99425],[106.03082,19.99778],[106.03337,19.99974],[106.03602,20.00071],[106.03818,20.00113],[106.04425,20.00085],[106.04635,20.00104],[106.05138,20.00343],[106.05391,20.00595],[106.0572,20.01176],[106.06117,20.0179],[106.06347,20.01743],[106.06847,20.01944],[106.08384,20.02432],[106.08454,20.01872]]]]}},
{"type":"Feature","id":"14638","properties":{"Ward_Code":"14638","Ward_Code_Num":14638,"Ward":"Kim Sơn","Ward_Alt":"Kim Sơn","Ward_Upper":"KIM SƠN","Ward_Full":"Xã Kim Sơn","Ward_Full_Alt":"Xã Kim Sơn","Ward_Full_Upper_Alt":"XÃ KIM SƠN","Ward_Type":"Xã","Province_Code":"37","Province":"Ninh Bình","Province_Upper_Alt":"NINH BÌNH"},"geometry":{"type":"MultiPolygon","coordinates":[[[[106.13233,20.10574],[106.14204,20.08753],[106.14249,20.08703],[106.14489,20.08701],[106.1439,20.07459],[106.14317,20.0707],[106.14092,20.06498],[106.13836,20.06156],[106.13697,20.06025],[106.13395,20.06532],[106.11677,20.09786],[106.11268,20.10504],[106.09827,20.13271],[106.0919,20.14225],[106.10836,20.14917],[106.11437,20.13939],[106.13233,20.10574]]]]}},
{"type":"Feature","id":"14647","properties":{"Ward_Code":"14647","Ward_Code_Num":14647,"Ward":"Quang Thiện","Ward_Alt":"Quang Thiện","Ward_Upper":"QUANG THIỆN","Ward_Full":"Xã Quang Thiện","Ward_Full_Alt":"Xã Quang Thiện","Ward_Full_Upper_Alt":"XÃ QUANG THIỆN","Ward_Type":"Xã","Province_Code":"37","Province":"Ninh Bình","Province_Upper_Alt":"NINH BÌNH"},"geometry":{"type":"MultiPolygon","coordinates":[[[[106.08845,20.14501],[106.0907,20.14174],[106.0919,20.14225],[106.09827,20.13271],[106.11268,20.10504],[106.11677,20.09786],[106.13395,20.06532],[106.13697,20.06025],[106.13443,20.05865],[106.13218,20.0576],[106.12534,20.05577],[106.12034,20.0533],[106.11877,20.05527],[106.11696,20.05543],[106.11598,20.05602],[106.11506,20.05613],[106.0792,20.1266],[106.07812,20.12624],[106.07352,20.13111],[106.07565,20.13309],[106.07334,20.13559],[106.07716,20.13947],[106.07785,20.1388],[106.07848,20.13739],[106.08564,20.12864],[106.09238,20.13079],[106.09155,20.13265],[106.08325,20.14187],[106.08558,20.14393],[106.08494,20.14514],[106.08628,20.14523],[106.08774,20.14606],[106.08845,20.14501]]]]}},
{"type":"Feature","id":"14653","properties":{"Ward_Code":"14653","Ward_Code_Num":14653,"Ward":"Chất Bình","Ward_Alt":"Chất Bình","Ward_Upper":"CHẤT BÌNH","Ward_Full":"Xã Chất Bình","Ward_Full_Alt":"Xã Chất Bình","Ward_Full_Upper_Alt":"XÃ CHẤT BÌNH","Ward_Type":"Xã","Province_Code":"37","Province":"Ninh Bình","Province_Upper_Alt":"NINH BÌNH"},"geometry":{"type":"MultiPolygon","coordinates":[[[[106.15088,20.14139],[106.16037,20.12756],[106.16051,20.12678],[106.16216,20.12459],[106.16311,20.12407],[106.15978,20.12126],[106.15708,20.1182],[106.14837,20.10116],[106.14562,20.09263],[106.14489,20.08701],[106.14249,20.08703],[106.11437,20.13939],[106.10836,20.14917],[106.11532,20.15223],[106.12098,20.14268],[106.12306,20.13839],[106.13031,20.14359],[106.12764,20.14747],[106.13065,20.14997],[106.14052,20.15649],[106.15088,20.14139]]]]}},
{"type":"Feature","id":"14674","properties":{"Ward_Code":"14674","Ward_Code_Num":14674,"Ward":"Lai Thành","Ward_Alt":"Lai Thành","Ward_Upper":"LAI THÀNH","Ward_Full":"Xã Lai Thành","Ward_Full_Alt":"Xã Lai Thành","Ward_Full_Upper_Alt":"XÃ LAI THÀNH","Ward_Type":"Xã","Province_Code":"37","Province":"Ninh Bình","Province_Upper_Alt":"NINH BÌNH"},"geometry":{"type":"MultiPolygon","coordinates":[[[[106.07381,20.09342],[106.08157,20.07764],[106.09621,20.04993],[106.09584,20.05008],[106.08842,20.06008],[106.07943,20.07097],[106.07492,20.06734],[106.07632,20.06566],[106.07592,20.0628],[106.07531,20.06309],[106.07186,20.06663],[106.04015,20.06183],[106.03763,20.05999],[106.03637,20.06003],[106.03534,20.05949],[106.03444,20.06024],[106.03308,20.06038],[106.03236,20.0614],[106.03028,20.06627],[106.02867,20.07139],[106.03276,20.07125],[106.03299,20.07223],[106.03267,20.07231],[106.03328,20.07364],[106.03082,20.07416],[106.03164,20.07951],[106.0295,20.08019],[106.02962,20.08077],[106.02868,20.08093],[106.02945,20.08549],[106.03015,20.08532],[106.03025,20.08577],[106.04097,20.08155],[106.04272,20.08909],[106.03995,20.08981],[106.04099,20.09331],[106.03356,20.09546],[106.03982,20.10016],[106.04391,20.10264],[106.04674,20.10502],[106.05054,20.10938],[106.06011,20.11782],[106.06093,20.11822],[106.06108,20.11799],[106.07381,20.09342]]]]}},
{"type":"Feature","id":"14677","properties":{"Ward_Code":"14677","Ward_Code_Num":14677,"Ward":"Định Hoá","Ward_Alt":"Định Hóa","Ward_Upper":"ĐỊNH HOÁ","Ward_Full":"Xã Định Hoá","Ward_Full_Alt":"Xã Định Hóa","Ward_Full_Upper_Alt":"XÃ ĐỊNH HÓA","Ward_Type":"Xã","Province_Code":"37","Province":"Ninh Bình","Province_Upper_Alt":"NINH BÌNH"},"geometry":{"type":"MultiPolygon","coordinates":[[[[106.09584,20.05008],[106.09664,20.04917],[106.10252,20.03767],[106.10266,20.03357],[106.10328,20.03058],[106.10923,20.03478],[106.11331,20.03495],[106.11213,20.02288],[106.11107,20.0171],[106.10962,20.01204],[106.105,19.99986],[106.10175,20.00123],[106.0982,20.00199],[106.08671,20.00002],[106.08384,20.02432],[106.06847,20.01944],[106.06347,20.01743],[106.06117,20.0179],[106.0661,20.03239],[106.06631,20.03335],[106.06612,20.03722],[106.06776,20.04023],[106.07068,20.04714],[106.07325,20.0508],[106.07387,20.05228],[106.07526,20.05853],[106.07633,20.06557],[106.07492,20.06734],[106.07943,20.07097],[106.08896,20.0594],[106.09584,20.05008]]]]}},
{"type":"Feature","id":"14698","properties":{"Ward_Code":"14698","Ward_Code_Num":14698,"Ward":"Kim Đông","Ward_Alt":"Kim Đông","Ward_Upper":"KIM ĐÔNG","Ward_Full":"Xã Kim Đông","Ward_Full_Alt":"Xã Kim Đông","Ward_Full_Upper_Alt":"XÃ KIM ĐÔNG","Ward_Type":"Xã","Province_Code":"37","Province":"Ninh Bình","Province_Upper_Alt":"NINH BÌNH"},"geometry":{"type":"MultiPolygon","coordinates":[[[[106.07223,19.87046],[106.07017,19.86864],[106.06652,19.86657],[106.06507,19.86609],[106.0637,19.86609],[106.06175,19.86737],[106.06013,19.86939],[106.05936,19.87424],[106.05875,19.87608],[106.05933,19.8763],[106.05975,19.87603],[106.06426,19.86932],[106.0661,19.86799],[106.06769,19.86806],[106.06795,19.86892],[106.06711,19.871],[106.06954,19.87016],[106.07047,19.87067],[106.07148,19.87159],[106.072,19.873],[106.07281,19.87363],[106.07345,19.87646],[106.07552,19.87838],[106.07551,19.88082],[106.0744,19.88389],[106.07464,19.8843],[106.07503,19.88428],[106.076,19.88335],[106.07705,19.88016],[106.07698,19.87927],[106.07616,19.87642],[106.07539,19.87492],[106.07382,19.87229],[106.07223,19.87046]]],[[[106.09059,19.92801],[106.09338,19.92426],[106.09411,19.92282],[106.09494,19.92294],[106.09782,19.92709],[106.09838,19.92676],[106.09886,19.92581],[106.09874,19.92369],[106.08292,19.91027],[106.07821,19.90793],[106.07416,19.907],[106.07249,19.90691],[106.07274,19.9101],[106.07129,19.91009],[106.07069,19.91041],[106.07105,19.9124],[106.06826,19.91188],[106.06733,19.91214],[106.06734,19.91362],[106.06795,19.91474],[106.06913,19.91519],[106.07252,19.91557],[106.07449,19.91695],[106.0748,19.91833],[106.07396,19.92038],[106.07416,19.92134],[106.07463,19.92179],[106.07813,19.92272],[106.08177,19.92483],[106.0824,19.92491],[106.08247,19.92549],[106.08299,19.9249],[106.08455,19.92542],[106.08621,19.9266],[106.08689,19.92794],[106.08755,19.92791],[106.08818,19.92858],[106.08825,19.92901],[106.08889,19.92949],[106.08893,19.93016],[106.09059,19.92801]]],[[[106.03584,19.94954],[106.03517,19.94917],[106.03454,19.94934],[106.03085,19.95274],[106.03014,19.95396],[106.03052,19.95515],[106.03295,19.95675],[106.03712,19.95112],[106.03584,19.94954]]],[[[106.0305,19.95538],[106.03025,19.95554],[106.03052,19.95643],[106.03135,19.9583],[106.03172,19.95854],[106.03281,19.957],[106.0305,19.95538]]],[[[106.0305,19.95741],[106.02942,19.95464],[106.02845,19.95405],[106.02701,19.95408],[106.02598,19.95856],[106.02718,19.95894],[106.02882,19.95731],[106.03028,19.9594],[106.03118,19.95866],[106.0305,19.95741]]],[[[106.02875,19.95752],[106.02705,19.95941],[106.0283,19.96094],[106.02972,19.95905],[106.02875,19.95752]]],[[[106.02975,19.95944],[106.0287,19.96074],[106.02889,19.96122],[106.03002,19.9599],[106.02975,19.95944]]],[[[106.0674,19.96619],[106.06923,19.96457],[106.07213,19.96408],[106.07363,19.96422],[106.07702,19.96565],[106.07914,19.96694],[106.08857,19.97545],[106.09134,19.96737],[106.09065,19.9648],[106.09476,19.96387],[106.09554,19.95756],[106.09705,19.95259],[106.09962,19.94683],[106.10417,19.93949],[106.10639,19.93504],[106.10321,19.93403],[106.10411,19.93136],[106.10415,19.92966],[106.1025,19.9265],[106.10052,19.92398],[106.09927,19.92393],[106.09917,19.92586],[106.0986,19.92713],[106.09802,19.9275],[106.09447,19.92316],[106.08814,19.93178],[106.08481,19.92752],[106.08361,19.92653],[106.07953,19.92402],[106.07378,19.92186],[106.07366,19.9198],[106.07435,19.91793],[106.07372,19.9169],[106.07264,19.91621],[106.06805,19.91549],[106.06753,19.91572],[106.06709,19.91708],[106.06317,19.91808],[106.06107,19.91985],[106.05922,19.92162],[106.05879,19.92314],[106.05784,19.92353],[106.05772,19.92409],[106.05806,19.92415],[106.05871,19.9236],[106.05943,19.92398],[106.05616,19.92645],[106.05484,19.92796],[106.05352,19.9272],[106.05268,19.9272],[106.05176,19.92778],[106.05013,19.93012],[106.04704,19.9323],[106.0438,19.93718],[106.04383,19.93775],[106.04305,19.93928],[106.04214,19.94345],[106.04293,19.94419],[106.03118,19.96012],[106.03774,19.96676],[106.03816,19.96635],[106.03876,19.967],[106.05131,19.98457],[106.05765,19.97927],[106.0674,19.96619]]]]}},
{"type":"Feature","id":"14701","properties":{"Ward_Code":"14701","Ward_Code_Num":14701,"Ward":"Yên Mô","Ward_Alt":"Yên Mô","Ward_Upper":"YÊN MÔ","Ward_Full":"Xã Yên Mô","Ward_Full_Alt":"Xã Yên Mô","Ward_Full_Upper_Alt":"XÃ YÊN MÔ","Ward_Type":"Xã","Province_Code":"37","Province":"Ninh Bình","Province_Upper_Alt":"NINH BÌNH"},"geometry":{"type":"MultiPolygon","coordinates":[[[[106.04235,20.17301],[106.03817,20.17225],[106.02338,20.1671],[106.02456,20.16067],[106.02556,20.1606],[106.02561,20.1595],[106.02478,20.15957],[106.02467,20.15927],[106.02482,20.15258],[106.02419,20.15224],[106.02468,20.14965],[106.02184,20.14271],[106.02282,20.14132],[106.02261,20.14074],[106.02183,20.14009],[106.0213,20.13858],[106.02216,20.13625],[106.02168,20.13576],[106.02225,20.13358],[106.01934,20.13216],[106.01064,20.13194],[106.00628,20.13087],[106.00406,20.13106],[106.00133,20.13239],[106.0006,20.13206],[106.00051,20.13315],[105.99991,20.13418],[105.99827,20.13587],[105.99389,20.1388],[105.99199,20.1435],[105.97728,20.14302],[105.96826,20.14438],[105.96699,20.15416],[105.96954,20.15692],[105.97124,20.15591],[105.97255,20.15579],[105.97432,20.15602],[105.97613,20.15697],[105.97816,20.15925],[105.9792,20.16171],[105.97898,20.16309],[105.97786,20.16354],[105.97668,20.16472],[105.97951,20.16954],[105.98043,20.17008],[105.98298,20.17002],[105.9871,20.17122],[105.98902,20.17066],[105.99033,20.17148],[105.99113,20.17597],[105.99114,20.17791],[105.99556,20.18182],[106.0027,20.18688],[106.00799,20.18992],[106.00882,20.19068],[106.00889,20.19112],[106.00796,20.19323],[106.0158,20.19554],[106.02061,20.19549],[106.02298,20.195],[106.02762,20.18944],[106.03034,20.18677],[106.03106,20.1856],[106.03045,20.17907],[106.03075,20.17835],[106.04309,20.17439],[106.04235,20.17301]]]]}},
{"type":"Feature","id":"14725","properties":{"Ward_Code":"14725","Ward_Code_Num":14725,"Ward":"Yên Thắng","Ward_Alt":"Yên Thắng","Ward_Upper":"YÊN THẮNG","Ward_Full":"Phường Yên Thắng","Ward_Full_Alt":"Phường Yên Thắng","Ward_Full_Upper_Alt":"PHƯỜNG YÊN THẮNG","Ward_Type":"Phường","Province_Code":"37","Province":"Ninh Bình","Province_Upper_Alt":"NINH BÌNH"},"geometry":{"type":"MultiPolygon","coordinates":[[[[105.99205,20.19633],[105.9952,20.19512],[105.99883,20.19421],[106.0046,20.19318],[106.00796,20.19323],[106.00882,20.19142],[106.00882,20.19068],[106.00709,20.18927],[106.0027,20.18688],[105.99556,20.18182],[105.99145,20.17826],[105.9911,20.17773],[105.99113,20.17597],[105.99033,20.17148],[105.98902,20.17066],[105.9871,20.17122],[105.98298,20.17002],[105.98043,20.17008],[105.97951,20.16954],[105.97668,20.16472],[105.97786,20.16354],[105.97898,20.16309],[105.9792,20.16171],[105.97816,20.15925],[105.97613,20.15697],[105.97432,20.15602],[105.97255,20.15579],[105.97124,20.15591],[105.96954,20.15692],[105.96699,20.15414],[105.96826,20.14438],[105.97728,20.14302],[105.99199,20.1435],[105.99389,20.1388],[105.9958,20.13742],[105.99167,20.13547],[105.99003,20.13528],[105.98105,20.13595],[105.96944,20.13599],[105.96827,20.13536],[105.96832,20.13395],[105.96781,20.13324],[105.96794,20.13071],[105.96519,20.13004],[105.96592,20.12931],[105.96524,20.12907],[105.96581,20.12828],[105.96564,20.12725],[105.96252,20.12725],[105.96191,20.12652],[105.96064,20.12679],[105.96024,20.12771],[105.95888,20.12885],[105.95499,20.13022],[105.95371,20.13223],[105.95236,20.13366],[105.95111,20.13436],[105.94894,20.13658],[105.94621,20.136],[105.94463,20.13494],[105.94351,20.13513],[105.94346,20.13559],[105.93778,20.14201],[105.93488,20.14479],[105.93523,20.14588],[105.93662,20.14617],[105.93672,20.14594],[105.93842,20.14684],[105.93912,20.14672],[105.93978,20.14749],[105.94212,20.147],[105.94251,20.14758],[105.94122,20.14967],[105.94122,20.15014],[105.94185,20.15023],[105.94107,20.15094],[105.93949,20.15121],[105.93774,20.15236],[105.93596,20.15252],[105.93228,20.15492],[105.93113,20.15496],[105.92983,20.15628],[105.92704,20.1582],[105.92719,20.15899],[105.92986,20.16166],[105.9296,20.16206],[105.93409,20.16379],[105.93706,20.16528],[105.93818,20.16622],[105.93777,20.16672],[105.93807,20.16772],[105.93786,20.16921],[105.93459,20.17131],[105.9322,20.1721],[105.93401,20.17437],[105.93445,20.17538],[105.93994,20.17227],[105.94279,20.17289],[105.94386,20.17432],[105.94466,20.17886],[105.94567,20.17964],[105.94696,20.17966],[105.94701,20.18014],[105.94887,20.18027],[105.94953,20.18231],[105.94702,20.18473],[105.94836,20.18782],[105.94945,20.18891],[105.95404,20.18996],[105.95465,20.19147],[105.9546,20.19317],[105.95496,20.1936],[105.9587,20.19382],[105.95999,20.1944],[105.96635,20.19254],[105.96713,20.19289],[105.96802,20.19445],[105.96867,20.19497],[105.96964,20.19519],[105.97199,20.19483],[105.97692,20.19289],[105.98157,20.19284],[105.98256,20.19324],[105.98175,20.19471],[105.98496,20.19666],[105.98723,20.19657],[105.98789,20.19614],[105.98838,20.19638],[105.99031,20.19585],[105.99075,20.19681],[105.99205,20.19633]]]]}},
{"type":"Feature","id":"14728","properties":{"Ward_Code":"14728","Ward_Code_Num":14728,"Ward":"Yên Từ","Ward_Alt":"Yên Từ","Ward_Upper":"YÊN TỪ","Ward_Full":"Xã Yên Từ","Ward_Full_Alt":"Xã Yên Từ","Ward_Full_Upper_Alt":"XÃ YÊN TỪ","Ward_Type":"Xã","Province_Code":"37","Province":"Ninh Bình","Province_Upper_Alt":"NINH BÌNH"},"geometry":{"type":"MultiPolygon","coordinates":[[[[106.04938,20.17298],[106.05048,20.17203],[106.05001,20.16825],[106.05091,20.15783],[106.05044,20.15221],[106.05076,20.1505],[106.05262,20.14564],[106.05238,20.14155],[106.05559,20.13672],[106.06535,20.126],[106.06755,20.12462],[106.07122,20.12366],[106.05987,20.11767],[106.05054,20.10938],[106.04674,20.10502],[106.04391,20.10264],[106.03619,20.09757],[106.02916,20.10324],[106.02111,20.10781],[106.0208,20.1084],[106.0209,20.10996],[106.02201,20.11303],[106.02201,20.11499],[106.02132,20.1164],[106.02186,20.11795],[106.02321,20.11894],[106.02795,20.11982],[106.02965,20.12051],[106.03165,20.12313],[106.03382,20.12516],[106.03511,20.12765],[106.03255,20.12806],[106.03143,20.12871],[106.02909,20.1315],[106.02811,20.13325],[106.02674,20.13379],[106.02461,20.13404],[106.02446,20.13606],[106.02494,20.13698],[106.02216,20.13625],[106.0213,20.13858],[106.02183,20.14009],[106.02281,20.14106],[106.02243,20.14216],[106.02184,20.14271],[106.02468,20.14965],[106.02419,20.15224],[106.02482,20.15258],[106.02467,20.15927],[106.02478,20.15957],[106.02561,20.1595],[106.02556,20.1606],[106.02456,20.16067],[106.02338,20.1671],[106.03817,20.17225],[106.04228,20.17295],[106.04309,20.17439],[106.04938,20.17298]]]]}},
{"type":"Feature","id":"14743","properties":{"Ward_Code":"14743","Ward_Code_Num":14743,"Ward":"Yên Mạc","Ward_Alt":"Yên Mạc","Ward_Upper":"YÊN MẠC","Ward_Full":"Xã Yên Mạc","Ward_Full_Alt":"Xã Yên Mạc","Ward_Full_Upper_Alt":"XÃ YÊN MẠC","Ward_Type":"Xã","Province_Code":"37","Province":"Ninh Bình","Province_Upper_Alt":"NINH BÌNH"},"geometry":{"type":"MultiPolygon","coordinates":[[[[106.02559,20.1339],[106.02811,20.13325],[106.02909,20.1315],[106.0319,20.12837],[106.03511,20.12765],[106.03382,20.12516],[106.03165,20.12313],[106.02965,20.12051],[106.02795,20.11982],[106.02321,20.11894],[106.02166,20.11768],[106.02132,20.1164],[106.02201,20.11499],[106.02201,20.11303],[106.02084,20.10973],[106.02085,20.10826],[106.02111,20.10781],[106.02916,20.10324],[106.03619,20.09757],[106.03356,20.09546],[106.04099,20.09331],[106.03995,20.08981],[106.04272,20.08909],[106.04097,20.08155],[106.03025,20.08577],[106.03015,20.08532],[106.02945,20.08549],[106.02868,20.08093],[106.02962,20.08077],[106.0295,20.08019],[106.03164,20.07951],[106.03082,20.07416],[106.03328,20.07364],[106.03267,20.07231],[106.03299,20.07223],[106.03276,20.07125],[106.02867,20.07139],[106.03028,20.06627],[106.03236,20.0614],[106.03308,20.06038],[106.03054,20.06005],[106.02889,20.05915],[106.02676,20.05971],[106.02541,20.05969],[106.0242,20.0593],[106.02354,20.05864],[106.02081,20.05906],[106.01891,20.06046],[106.01807,20.05958],[106.01563,20.06209],[106.01435,20.06483],[106.01152,20.06561],[106.01148,20.06631],[106.01096,20.06698],[106.01106,20.06792],[106.01378,20.069],[106.01574,20.06912],[106.01467,20.06995],[106.01394,20.07118],[106.01342,20.07654],[106.01122,20.08145],[106.00937,20.08703],[106.00718,20.092],[106.00715,20.09437],[106.00542,20.09608],[106.00464,20.09733],[106.00303,20.10142],[106.00111,20.1044],[106.00089,20.10668],[105.99998,20.10702],[105.99871,20.10645],[105.99722,20.10728],[105.99606,20.10889],[105.99528,20.11154],[105.99597,20.11163],[105.99827,20.11053],[105.99955,20.11049],[106.00129,20.111],[106.00287,20.11206],[106.00323,20.11341],[106.00335,20.11488],[106.00299,20.11583],[106.00112,20.11743],[105.99898,20.11989],[105.99698,20.12128],[105.99655,20.12198],[105.99689,20.12298],[105.99875,20.1256],[106.0006,20.13206],[106.00133,20.13239],[106.00406,20.13106],[106.00628,20.13087],[106.01064,20.13194],[106.01934,20.13216],[106.02225,20.13358],[106.02182,20.13607],[106.02494,20.13698],[106.02446,20.13606],[106.02461,20.13404],[106.02559,20.1339]]]]}},
{"type":"Feature","id":"14746","properties":{"Ward_Code":"14746","Ward_Code_Num":14746,"Ward":"Đồng Thái","Ward_Alt":"Đồng Thái","Ward_Upper":"ĐỒNG THÁI","Ward_Full":"Xã Đồng Thái","Ward_Full_Alt":"Xã Đồng Thái","Ward_Full_Upper_Alt":"XÃ ĐỒNG THÁI","Ward_Type":"Xã","Province_Code":"37","Province":"Ninh Bình","Province_Upper_Alt":"NINH BÌNH"},"geometry":{"type":"MultiPolygon","coordinates":[[[[105.94394,20.118],[105.94642,20.11176],[105.94925,20.11236],[105.95187,20.11755],[105.95322,20.11656],[105.95584,20.1157],[105.95786,20.11381],[105.95793,20.11433],[105.95865,20.11455],[105.96237,20.1187],[105.9665,20.11622],[105.96707,20.11755],[105.96693,20.11821],[105.9675,20.1184],[105.96443,20.12231],[105.96564,20.12186],[105.96728,20.12186],[105.96853,20.12298],[105.96736,20.12401],[105.96564,20.12725],[105.96581,20.12828],[105.96524,20.12907],[105.96592,20.12931],[105.96519,20.13004],[105.96794,20.13071],[105.96781,20.13324],[105.96832,20.13395],[105.96827,20.13536],[105.96982,20.1361],[105.98105,20.13595],[105.9913,20.13537],[105.9958,20.13742],[105.99785,20.13624],[106.0002,20.13369],[106.00059,20.13289],[106.00056,20.1316],[105.99875,20.1256],[105.99689,20.12298],[105.99658,20.12183],[105.99898,20.11989],[106.00112,20.11743],[106.0028,20.11606],[106.00332,20.11507],[106.00336,20.1142],[106.00287,20.11206],[106.00145,20.11109],[105.99882,20.11042],[105.99597,20.11163],[105.99528,20.11154],[105.99587,20.11002],[105.9957,20.10982],[105.9966,20.108],[105.99784,20.10681],[105.99885,20.10644],[105.99998,20.10702],[106.00089,20.10668],[106.00111,20.1044],[106.00303,20.10142],[106.00464,20.09733],[106.00542,20.09608],[106.00706,20.09458],[106.00718,20.092],[106.00937,20.08703],[106.01122,20.08145],[106.01342,20.07654],[106.01394,20.07118],[106.01467,20.06995],[106.01574,20.06912],[106.01378,20.069],[106.01106,20.06792],[106.01096,20.06698],[106.01148,20.06631],[106.01152,20.06561],[106.00517,20.06661],[106.00173,20.0668],[105.99653,20.06795],[105.99529,20.0671],[105.99389,20.06717],[105.99349,20.06728],[105.99362,20.06877],[105.98885,20.06837],[105.98308,20.06884],[105.97914,20.06754],[105.97757,20.06645],[105.9758,20.06731],[105.97432,20.06739],[105.97168,20.06603],[105.96785,20.06616],[105.95972,20.06544],[105.95454,20.07188],[105.95222,20.07407],[105.94693,20.07449],[105.93989,20.08374],[105.93011,20.0906],[105.92462,20.10145],[105.92653,20.10353],[105.92829,20.10367],[105.92848,20.10435],[105.9291,20.10496],[105.92967,20.10804],[105.93138,20.10926],[105.93092,20.1098],[105.93078,20.11183],[105.929,20.11221],[105.92845,20.11323],[105.92963,20.11428],[105.92974,20.11507],[105.93412,20.11628],[105.93627,20.11813],[105.9378,20.11863],[105.94275,20.11772],[105.94394,20.118]]]]}}]}