{"type":"FeatureCollection","name":"VN_Wards_42","crs":{"type":"name","properties":{"name":"urn:ogc:def:crs:OGC:1.3:CRS84"}},"features":[{"type":"Feature","id":"18073","properties":{"Ward_Code":"18073","Ward_Code_Num":18073,"Ward":"Thành Sen","Ward_Alt":"Thành Sen","Ward_Upper":"THÀNH SEN","Ward_Full":"Phường Thành Sen","Ward_Full_Alt":"Phường Thành Sen","Ward_Full_Upper_Alt":"PHƯỜNG THÀNH SEN","Ward_Type":"Phường","Province_Code":"42","Province":"Hà Tĩnh","Province_Upper_Alt":"HÀ TĨNH"},"geometry":{"type":"MultiPolygon","coordinates":[[[[105.93363,18.36384],[105.93303,18.36192],[105.93094,18.36016],[105.93091,18.3595],[105.9319,18.3589],[105.9333,18.35894],[105.93453,18.35859],[105.93681,18.35675],[105.93876,18.35389],[105.93847,18.35229],[105.93763,18.35155],[105.93611,18.35101],[105.93184,18.35083],[105.93087,18.35113],[105.92735,18.35422],[105.92576,18.35462],[105.925,18.35431],[105.92436,18.35338],[105.924,18.35011],[105.9246,18.34831],[105.92581,18.34687],[105.92589,18.34597],[105.92484,18.34534],[105.92059,18.34432],[105.91929,18.34306],[105.9191,18.34169],[105.92219,18.33618],[105.92356,18.3349],[105.92477,18.33467],[105.92559,18.33494],[105.92724,18.33723],[105.92813,18.33751],[105.92916,18.33729],[105.93392,18.33504],[105.93432,18.33412],[105.93392,18.33315],[105.93065,18.33076],[105.93232,18.32953],[105.93584,18.3286],[105.93617,18.32795],[105.93614,18.3264],[105.9348,18.32391],[105.93033,18.32068],[105.92902,18.31702],[105.92836,18.31635],[105.92693,18.31656],[105.92362,18.31921],[105.92117,18.31992],[105.91592,18.32016],[105.91347,18.32003],[105.91262,18.31962],[105.91233,18.31873],[105.913,18.31768],[105.9188,18.31265],[105.9188,18.31162],[105.91767,18.30976],[105.91716,18.30948],[105.90761,18.30969],[105.90615,18.30947],[105.90519,18.30878],[105.90479,18.30808],[105.90412,18.3082],[105.90504,18.30937],[105.90577,18.31143],[105.90552,18.31152],[105.90581,18.31243],[105.9049,18.31274],[105.90554,18.31567],[105.90706,18.31504],[105.90728,18.31568],[105.90611,18.32068],[105.90284,18.32069],[105.90283,18.32121],[105.90501,18.3216],[105.90486,18.32223],[105.90391,18.32269],[105.90204,18.3228],[105.90157,18.32334],[105.90051,18.32339],[105.9004,18.32393],[105.89774,18.32343],[105.89783,18.32376],[105.89704,18.32411],[105.89746,18.32516],[105.89244,18.32703],[105.89206,18.32761],[105.89054,18.32772],[105.89043,18.32812],[105.88979,18.32828],[105.88832,18.32824],[105.88794,18.32878],[105.88713,18.32876],[105.88706,18.3297],[105.88548,18.32943],[105.88534,18.32865],[105.885,18.32831],[105.88462,18.32843],[105.88419,18.32753],[105.88384,18.32755],[105.88293,18.32675],[105.88183,18.32681],[105.88183,18.3279],[105.87888,18.32845],[105.87852,18.32806],[105.87767,18.32814],[105.87779,18.32863],[105.87684,18.32883],[105.87583,18.32793],[105.87404,18.32707],[105.87257,18.32705],[105.87153,18.32766],[105.86999,18.3297],[105.86758,18.33011],[105.86831,18.33135],[105.86621,18.33415],[105.86386,18.33571],[105.86409,18.33672],[105.86481,18.33715],[105.86591,18.33727],[105.86286,18.33848],[105.86148,18.33844],[105.86122,18.34039],[105.8607,18.34031],[105.86113,18.34207],[105.86034,18.34211],[105.86107,18.34558],[105.86175,18.34582],[105.86309,18.34564],[105.86292,18.34498],[105.86187,18.34457],[105.86146,18.34392],[105.86164,18.34334],[105.86286,18.34327],[105.86346,18.34444],[105.86455,18.34549],[105.86461,18.34617],[105.86412,18.34698],[105.8643,18.34755],[105.86497,18.34783],[105.86683,18.34778],[105.86746,18.34819],[105.86726,18.34995],[105.86786,18.35137],[105.86868,18.35207],[105.87088,18.35188],[105.87164,18.35245],[105.8717,18.35284],[105.87028,18.35413],[105.87,18.35488],[105.87159,18.3555],[105.87193,18.35618],[105.87052,18.35719],[105.87004,18.35807],[105.87082,18.35834],[105.87178,18.35813],[105.87245,18.35872],[105.87303,18.35812],[105.87401,18.35928],[105.87522,18.35798],[105.87424,18.35681],[105.8742,18.35622],[105.87616,18.35356],[105.87742,18.35356],[105.87815,18.35306],[105.87851,18.35324],[105.87904,18.35253],[105.87946,18.35296],[105.87979,18.35261],[105.87998,18.3528],[105.88096,18.35216],[105.88068,18.35123],[105.88122,18.3511],[105.88183,18.35248],[105.88302,18.3513],[105.88478,18.35348],[105.88503,18.35246],[105.88566,18.3524],[105.88665,18.35389],[105.88612,18.3548],[105.88652,18.35544],[105.88748,18.355],[105.88798,18.35524],[105.88836,18.35641],[105.88854,18.35962],[105.88987,18.36266],[105.89834,18.36038],[105.89714,18.36475],[105.90163,18.37047],[105.90165,18.36984],[105.90368,18.3703],[105.90457,18.37021],[105.90624,18.36818],[105.90571,18.36793],[105.91038,18.36386],[105.91107,18.36408],[105.91169,18.36524],[105.91283,18.36498],[105.9132,18.36527],[105.91339,18.36502],[105.92021,18.36459],[105.92068,18.36326],[105.92123,18.36389],[105.92132,18.36471],[105.92354,18.36382],[105.92488,18.36385],[105.92475,18.36679],[105.93007,18.36742],[105.93,18.36825],[105.93084,18.36931],[105.93054,18.36958],[105.93179,18.3707],[105.93438,18.36883],[105.9351,18.36771],[105.93492,18.36664],[105.93363,18.36384]]]]}},
{"type":"Feature","id":"18100","properties":{"Ward_Code":"18100","Ward_Code_Num":18100,"Ward":"Trần Phú","Ward_Alt":"Trần Phú","Ward_Upper":"TRẦN PHÚ","Ward_Full":"Phường Trần Phú","Ward_Full_Alt":"Phường Trần Phú","Ward_Full_Upper_Alt":"PHƯỜNG TRẦN PHÚ","Ward_Type":"Phường","Province_Code":"42","Province":"Hà Tĩnh","Province_Upper_Alt":"HÀ TĨNH"},"geometry":{"type":"MultiPolygon","coordinates":[[[[105.89686,18.41739],[105.8992,18.4168],[105.89907,18.41633],[105.90491,18.41497],[105.90542,18.41581],[105.90529,18.41764],[105.90601,18.41777],[105.90679,18.41693],[105.90943,18.41549],[105.91299,18.4109],[105.90743,18.40655],[105.9027,18.4011],[105.90521,18.39636],[105.90723,18.39428],[105.90844,18.39364],[105.91045,18.39363],[105.91484,18.39656],[105.91626,18.39698],[105.91859,18.39685],[105.9217,18.39594],[105.92375,18.39465],[105.92629,18.39228],[105.92984,18.39096],[105.93078,18.39031],[105.93164,18.38831],[105.9316,18.38578],[105.93088,18.38241],[105.92946,18.3781],[105.92928,18.37646],[105.92978,18.37398],[105.93179,18.3707],[105.93054,18.36958],[105.93084,18.36931],[105.93,18.36825],[105.93007,18.36742],[105.92475,18.36679],[105.92488,18.36385],[105.92354,18.36382],[105.92132,18.36471],[105.92123,18.36389],[105.92068,18.36326],[105.92021,18.36459],[105.91339,18.36502],[105.9132,18.36527],[105.91283,18.36498],[105.91169,18.36524],[105.91107,18.36408],[105.91038,18.36386],[105.90571,18.36793],[105.90624,18.36818],[105.90457,18.37021],[105.90368,18.3703],[105.90165,18.36984],[105.90163,18.37047],[105.89714,18.36475],[105.89834,18.36038],[105.88987,18.36266],[105.88854,18.35962],[105.88836,18.35641],[105.88798,18.35524],[105.88748,18.355],[105.88652,18.35544],[105.88612,18.3548],[105.88665,18.35389],[105.88566,18.3524],[105.88503,18.35246],[105.88478,18.35348],[105.88302,18.3513],[105.88183,18.35248],[105.88122,18.3511],[105.88068,18.35123],[105.88096,18.35216],[105.87998,18.3528],[105.87979,18.35261],[105.87946,18.35296],[105.87904,18.35253],[105.87851,18.35324],[105.87815,18.35306],[105.87742,18.35356],[105.87616,18.35356],[105.8742,18.35622],[105.87424,18.35681],[105.87522,18.35798],[105.87401,18.35928],[105.87303,18.35812],[105.87245,18.35872],[105.87178,18.35813],[105.87082,18.35834],[105.87004,18.35807],[105.86772,18.36247],[105.86777,18.3637],[105.86899,18.36515],[105.86902,18.36566],[105.8686,18.36602],[105.86772,18.36581],[105.86641,18.36602],[105.86514,18.36761],[105.86532,18.36858],[105.8667,18.36942],[105.86895,18.37245],[105.86978,18.37308],[105.87297,18.374],[105.87624,18.3776],[105.87637,18.37841],[105.87588,18.37905],[105.87231,18.37912],[105.87132,18.37995],[105.87061,18.38273],[105.87074,18.38515],[105.87206,18.38783],[105.87487,18.38933],[105.87567,18.39008],[105.87663,18.3926],[105.88079,18.39837],[105.87713,18.40383],[105.8746,18.40579],[105.87264,18.40678],[105.87387,18.4079],[105.87643,18.40911],[105.87868,18.40968],[105.88007,18.41095],[105.88071,18.40956],[105.88125,18.41039],[105.88206,18.41011],[105.88272,18.41127],[105.89159,18.41674],[105.8941,18.41714],[105.89573,18.41862],[105.8963,18.41746],[105.89686,18.41739]]]]}},
{"type":"Feature","id":"18115","properties":{"Ward_Code":"18115","Ward_Code_Num":18115,"Ward":"Bắc Hồng Lĩnh","Ward_Alt":"Bắc Hồng Lĩnh","Ward_Upper":"BẮC HỒNG LĨNH","Ward_Full":"Phường Bắc Hồng Lĩnh","Ward_Full_Alt":"Phường Bắc Hồng Lĩnh","Ward_Full_Upper_Alt":"PHƯỜNG BẮC HỒNG LĨNH","Ward_Type":"Phường","Province_Code":"42","Province":"Hà Tĩnh","Province_Upper_Alt":"HÀ TĨNH"},"geometry":{"type":"MultiPolygon","coordinates":[[[[105.66716,18.57344],[105.66787,18.57548],[105.66953,18.58433],[105.67729,18.5801],[105.67942,18.57967],[105.6809,18.57992],[105.6825,18.58179],[105.68578,18.58694],[105.6871,18.58947],[105.68759,18.5914],[105.68873,18.59388],[105.69133,18.5931],[105.69104,18.5924],[105.69126,18.5924],[105.70128,18.59351],[105.70477,18.59341],[105.70757,18.59464],[105.71001,18.59152],[105.71107,18.59101],[105.71166,18.58964],[105.71292,18.58851],[105.71414,18.58644],[105.72189,18.5861],[105.72235,18.58103],[105.72203,18.57599],[105.72124,18.57496],[105.72107,18.57296],[105.72043,18.57202],[105.7202,18.57058],[105.72052,18.5689],[105.72022,18.56816],[105.72062,18.56709],[105.72058,18.56477],[105.71938,18.5637],[105.72069,18.5613],[105.71884,18.56072],[105.71991,18.55808],[105.71916,18.55664],[105.71789,18.55548],[105.7167,18.55333],[105.71783,18.55151],[105.71838,18.54953],[105.72119,18.54947],[105.72126,18.54911],[105.72117,18.54745],[105.72167,18.54539],[105.72138,18.54351],[105.72071,18.54228],[105.72013,18.5384],[105.72091,18.5345],[105.72006,18.53329],[105.71994,18.53183],[105.71781,18.53167],[105.71489,18.53211],[105.71205,18.53356],[105.71169,18.53263],[105.70955,18.53078],[105.70686,18.52999],[105.69897,18.52964],[105.69917,18.52845],[105.69809,18.52833],[105.6981,18.52807],[105.69194,18.52749],[105.69228,18.52796],[105.69212,18.52826],[105.69069,18.52836],[105.68835,18.52943],[105.68782,18.52727],[105.68746,18.52714],[105.68499,18.5281],[105.68517,18.53003],[105.6849,18.53132],[105.68157,18.53149],[105.67903,18.53381],[105.67765,18.53349],[105.67726,18.53296],[105.67702,18.52984],[105.67598,18.52925],[105.6753,18.530639999999998],[105.67481,18.53404],[105.6724,18.53481],[105.67129,18.53591],[105.66702,18.53605],[105.66668,18.53658],[105.66464,18.53763],[105.66442,18.53819],[105.66499,18.54032],[105.66486,18.54176],[105.66746,18.5419],[105.66844,18.54236],[105.67053,18.54434],[105.6722,18.54541],[105.67387,18.54752],[105.67319,18.55428],[105.6706,18.55421],[105.66922,18.55614],[105.66616,18.55722],[105.66467,18.55718],[105.66204,18.55626],[105.66144,18.5564],[105.66068,18.55728],[105.66265,18.55822],[105.66421,18.55939],[105.66577,18.56167],[105.66574,18.56631],[105.66659,18.56889],[105.6666,18.57183],[105.66716,18.57344]]]]}},
{"type":"Feature","id":"18118","properties":{"Ward_Code":"18118","Ward_Code_Num":18118,"Ward":"Nam Hồng Lĩnh","Ward_Alt":"Nam Hồng Lĩnh","Ward_Upper":"NAM HỒNG LĨNH","Ward_Full":"Phường Nam Hồng Lĩnh","Ward_Full_Alt":"Phường Nam Hồng Lĩnh","Ward_Full_Upper_Alt":"PHƯỜNG NAM HỒNG LĨNH","Ward_Type":"Phường","Province_Code":"42","Province":"Hà Tĩnh","Province_Upper_Alt":"HÀ TĨNH"},"geometry":{"type":"MultiPolygon","coordinates":[[[[105.75268,18.55557],[105.75281,18.55352],[105.75412,18.55248],[105.75639,18.55379],[105.75778,18.5534],[105.75891,18.55388],[105.76243,18.55229],[105.76373,18.5521],[105.76535,18.55102],[105.76597,18.55015],[105.7653,18.5469],[105.75903,18.54509],[105.75471,18.54216],[105.7543,18.54065],[105.75265,18.54001],[105.75096,18.53806],[105.74686,18.52954],[105.74927,18.52431],[105.74878,18.52171],[105.74925,18.52116],[105.74831,18.52017],[105.74853,18.51738],[105.74811,18.51422],[105.74852,18.51236],[105.74826,18.51103],[105.74781,18.51039],[105.74688,18.50706],[105.74421,18.5033],[105.74336,18.50165],[105.74245,18.49869],[105.7384,18.49483],[105.73824,18.49498],[105.73714,18.49409],[105.73622,18.49413],[105.73543,18.49472],[105.7349,18.49451],[105.73486,18.4952],[105.73429,18.49514],[105.73392,18.49574],[105.73311,18.49618],[105.73202,18.49562],[105.73181,18.49466],[105.73234,18.4942],[105.73215,18.49387],[105.73259,18.49263],[105.73169,18.49149],[105.73049,18.49151],[105.72688,18.48982],[105.72462,18.49179],[105.7223,18.49176],[105.72219,18.49102],[105.72138,18.49124],[105.72087,18.49097],[105.71972,18.49134],[105.71902,18.49221],[105.71717,18.49276],[105.71558,18.49213],[105.71413,18.49083],[105.71189,18.4911],[105.71039,18.49224],[105.70763,18.49636],[105.70674,18.49663],[105.70611,18.49646],[105.70023,18.48788],[105.69806,18.48792],[105.69794,18.4875],[105.69364,18.48912],[105.69026,18.49702],[105.68863,18.49797],[105.68807,18.49796],[105.68776,18.49697],[105.68752,18.49786],[105.68621,18.49816],[105.68601,18.49787],[105.68629,18.49677],[105.68522,18.49674],[105.68474,18.49626],[105.68413,18.49647],[105.6832,18.4962],[105.6832,18.49703],[105.68253,18.49716],[105.68217,18.49679],[105.68258,18.49609],[105.68109,18.49529],[105.68094,18.49592],[105.68058,18.49612],[105.68233,18.50196],[105.68139,18.50333],[105.6821,18.50395],[105.68251,18.50549],[105.67933,18.50627],[105.67866,18.50685],[105.67869,18.50745],[105.67993,18.50872],[105.67954,18.50886],[105.67999,18.51163],[105.67672,18.51214],[105.67688,18.51613],[105.67786,18.51616],[105.678,18.51718],[105.6787,18.51749],[105.67925,18.52175],[105.67984,18.52301],[105.68734,18.52387],[105.6876,18.52713],[105.68829,18.529419999999998],[105.69069,18.52836],[105.69212,18.52826],[105.69228,18.52796],[105.69194,18.52749],[105.6981,18.52807],[105.69809,18.52833],[105.69917,18.52845],[105.69897,18.52964],[105.70638,18.52988],[105.70955,18.53078],[105.71169,18.53263],[105.71205,18.53356],[105.71489,18.53211],[105.71781,18.53167],[105.71994,18.53183],[105.72006,18.53329],[105.72091,18.5345],[105.72016,18.53746],[105.72018,18.53919],[105.72071,18.54228],[105.72138,18.54351],[105.72166,18.54583],[105.72216,18.54632],[105.72374,18.54627],[105.7261,18.54485],[105.72725,18.54477],[105.7289,18.54526],[105.73022,18.54501],[105.73034,18.54693],[105.73061,18.5478],[105.73114,18.5482],[105.73368,18.54809],[105.73499,18.5474],[105.73623,18.54761],[105.73974,18.55127],[105.74253,18.55109],[105.74356,18.55153],[105.74386,18.55199],[105.74388,18.55342],[105.74434,18.55381],[105.74564,18.55402],[105.74738,18.55345],[105.74864,18.55251],[105.74877,18.55538],[105.74986,18.55548],[105.7514,18.55621],[105.75242,18.55611],[105.75268,18.55557]]]]}},
{"type":"Feature","id":"18133","properties":{"Ward_Code":"18133","Ward_Code_Num":18133,"Ward":"Hương Sơn","Ward_Alt":"Hương Sơn","Ward_Upper":"HƯƠNG SƠN","Ward_Full":"Xã Hương Sơn","Ward_Full_Alt":"Xã Hương Sơn","Ward_Full_Upper_Alt":"XÃ HƯƠNG SƠN","Ward_Type":"Xã","Province_Code":"42","Province":"Hà Tĩnh","Province_Upper_Alt":"HÀ TĨNH"},"geometry":{"type":"MultiPolygon","coordinates":[[[[105.5021,18.5444],[105.50842,18.53948],[105.50718,18.53849],[105.49999,18.53701],[105.49843,18.53589],[105.49686,18.53302],[105.49342,18.53024],[105.49122,18.52668],[105.49,18.523],[105.48956,18.51699],[105.48775,18.5162],[105.4859,18.51684],[105.48553,18.51755],[105.48415,18.5174],[105.48291,18.51617],[105.48197,18.5141],[105.48059,18.51346],[105.4799,18.51141],[105.47822,18.51022],[105.47721,18.5106],[105.47662,18.51043],[105.47642,18.5098],[105.47762,18.50789],[105.47618,18.50705],[105.47603,18.50662],[105.47717,18.50632],[105.47709,18.50489],[105.47674,18.50454],[105.47497,18.50496],[105.47484,18.50288],[105.47386,18.50246],[105.47341,18.5019],[105.47153,18.50181],[105.47121,18.50217],[105.4714,18.5027],[105.47119,18.50302],[105.47177,18.50365],[105.47149,18.50407],[105.4716,18.50469],[105.47117,18.50461],[105.47103,18.50526],[105.46994,18.50611],[105.46897,18.50597],[105.46873,18.5064],[105.46926,18.50713],[105.46857,18.5075],[105.46788,18.5072],[105.46789,18.50625],[105.4673,18.50663],[105.46644,18.5064],[105.46666,18.50755],[105.46593,18.50791],[105.4651,18.50767],[105.46499,18.50679],[105.46468,18.50671],[105.46422,18.50732],[105.46369,18.50743],[105.46241,18.50636],[105.46134,18.50592],[105.45688,18.50639],[105.45584,18.5058],[105.45463,18.50693],[105.45343,18.50747],[105.45326,18.50499],[105.45251,18.50341],[105.45338,18.50036],[105.45166999999999,18.49772],[105.45216,18.49711],[105.45225,18.49386],[105.45163,18.49277],[105.44958,18.49171],[105.44777,18.48567],[105.44637,18.48452],[105.44444,18.48479],[105.4444,18.48334],[105.44341,18.48247],[105.4427,18.4807],[105.44177,18.48003],[105.44078,18.47959],[105.43937,18.48174],[105.43812,18.48222],[105.43726,18.48505],[105.4363,18.48564],[105.43634,18.48687],[105.43524,18.48764],[105.43325,18.4899],[105.43309,18.48937],[105.43253,18.48933],[105.4321,18.4888],[105.43193,18.48785],[105.43078,18.48688],[105.43068,18.48724],[105.42991,18.48747],[105.42903,18.48824],[105.428,18.4909],[105.42637,18.49152],[105.42601,18.49254],[105.42479,18.49341],[105.42333,18.4936],[105.42239,18.49243],[105.42128,18.49441],[105.42067,18.4947],[105.42043,18.49412],[105.41999,18.49396],[105.4193,18.49395],[105.41763,18.49467],[105.41583,18.49434],[105.41537,18.49495],[105.41426,18.49438],[105.41332,18.49437],[105.41366,18.49549],[105.41217,18.49633],[105.41264,18.4983],[105.41356,18.49893],[105.41263,18.50064],[105.41212,18.50082],[105.41434,18.5037],[105.41373,18.50446],[105.41384,18.50472],[105.41434,18.50502],[105.4148,18.5044],[105.41521,18.50499],[105.41524,18.50557],[105.41347,18.5062],[105.41415,18.50704],[105.41456,18.50829],[105.41526,18.51194],[105.41632,18.51219],[105.41984,18.51202],[105.42141,18.51244],[105.42227,18.51416],[105.42497,18.51671],[105.42767,18.52046],[105.43033,18.52586],[105.4315,18.52662],[105.43328,18.52708],[105.43242,18.52783],[105.43075,18.52764],[105.43045,18.5281],[105.42956,18.52784],[105.42849,18.52866],[105.42793,18.52847],[105.42806,18.52895],[105.42715,18.52951],[105.4254,18.52884],[105.42506,18.53146],[105.42459,18.53116],[105.42342,18.53148],[105.4232,18.53258],[105.42265,18.53258],[105.42244,18.53322],[105.42265,18.53358],[105.42192,18.53377],[105.42121,18.53307],[105.42115,18.53397],[105.42187,18.53421],[105.4218,18.53706],[105.42494,18.53787],[105.42606,18.53883],[105.43011,18.53998],[105.4312,18.54075],[105.43336,18.54023],[105.43365,18.53963],[105.43493,18.53863],[105.43554,18.53708],[105.43575,18.5381],[105.43636,18.5387],[105.4392,18.53968],[105.44288,18.53752],[105.44545,18.53535],[105.4468,18.53377],[105.44976,18.53337],[105.45165,18.53259],[105.45301,18.53341],[105.45391,18.53496],[105.45565,18.53504],[105.45816,18.5346],[105.45974,18.53535],[105.46178,18.53464],[105.46256,18.53678],[105.46484,18.5377],[105.46507,18.5388],[105.46673,18.54085],[105.46757,18.5427],[105.47106,18.54185],[105.4728,18.54281],[105.47534,18.54066],[105.4772,18.54017],[105.47819,18.53939],[105.47916,18.53925],[105.48019,18.53822],[105.48496,18.53771],[105.4893,18.53675],[105.49003,18.5368],[105.49091,18.53798],[105.4915,18.53827],[105.49348,18.53787],[105.49706,18.53883],[105.49945,18.54061],[105.49961,18.5421],[105.49929,18.54455],[105.50081,18.54478],[105.50094,18.54442],[105.5021,18.5444]]]]}},
{"type":"Feature","id":"18160","properties":{"Ward_Code":"18160","Ward_Code_Num":18160,"Ward":"Sơn Hồng","Ward_Alt":"Sơn Hồng","Ward_Upper":"SƠN HỒNG","Ward_Full":"Xã Sơn Hồng","Ward_Full_Alt":"Xã Sơn Hồng","Ward_Full_Upper_Alt":"XÃ SƠN HỒNG","Ward_Type":"Xã","Province_Code":"42","Province":"Hà Tĩnh","Province_Upper_Alt":"HÀ TĨNH"},"geometry":{"type":"MultiPolygon","coordinates":[[[[105.28454,18.62252],[105.28808,18.61959],[105.28921,18.61973],[105.29102,18.62119],[105.29362,18.62232],[105.29566,18.62194],[105.29876,18.61656],[105.30219,18.61351],[105.30271,18.61073],[105.30474,18.60729],[105.30598,18.60677],[105.30954,18.60652],[105.3125,18.60543],[105.31482,18.60528],[105.31684,18.6038],[105.31768,18.60355],[105.3192,18.60415],[105.32054,18.60353],[105.32173,18.60374],[105.32445,18.6018],[105.32578,18.60168],[105.32814,18.60205],[105.33027,18.60182],[105.33207,18.5987],[105.33314,18.59773],[105.33396,18.59571],[105.33467,18.59502],[105.33695,18.59402],[105.33749,18.59343],[105.33863,18.59026],[105.3384,18.58841],[105.33735,18.58589],[105.33769,18.5843],[105.33628,18.58111],[105.33528,18.57978],[105.3335,18.5783],[105.32896,18.57918],[105.32796,18.57892],[105.32696,18.57803],[105.32613,18.57792],[105.32609,18.57548],[105.32534,18.57404],[105.32569,18.5719],[105.32635,18.57092],[105.32527,18.56932],[105.3284,18.56867],[105.32894,18.56781],[105.32953,18.56568],[105.33305,18.56494],[105.3345,18.56366],[105.33536,18.5622],[105.33456,18.56068],[105.33546,18.55971],[105.33535,18.55884],[105.334,18.55514],[105.3331,18.55421],[105.33345,18.5536],[105.33331,18.55256],[105.33384,18.55145],[105.33251,18.55007],[105.33581,18.54853],[105.33726,18.54733],[105.33864,18.5438],[105.33928,18.54023],[105.34066,18.53999],[105.34254,18.53916],[105.34419,18.54058],[105.3428,18.54164],[105.34172,18.54165],[105.34145,18.54206],[105.34183,18.54215],[105.34181,18.54303],[105.3423,18.54369],[105.34345,18.54357],[105.34485,18.54192],[105.3455,18.54172],[105.34782,18.53837],[105.34826,18.53571],[105.3486,18.53668],[105.34938,18.53726],[105.35231,18.53743],[105.35296,18.53931],[105.35408,18.54079],[105.35437,18.54268],[105.35487,18.54373],[105.35548,18.54438],[105.35715,18.54522],[105.35654,18.54188],[105.35438,18.53918],[105.35398,18.53686],[105.35308,18.53552],[105.35261,18.53134],[105.35076,18.52918],[105.34748,18.52944],[105.34591,18.52786],[105.34553,18.5264],[105.34617,18.52561],[105.34757,18.52618],[105.3486,18.52597],[105.34876,18.52487],[105.34924,18.52441],[105.34973,18.52117],[105.35125,18.5205],[105.35151,18.52009],[105.35155,18.51853],[105.35198,18.51788],[105.35153,18.51735],[105.35148,18.51638],[105.35238,18.51537],[105.3531,18.51386],[105.35482,18.51303],[105.35559,18.51203],[105.35563,18.51128],[105.35467,18.50969],[105.35334,18.51146],[105.35145,18.51242],[105.35032,18.51219],[105.34947,18.51136],[105.34847,18.51152],[105.34735,18.5125],[105.34593,18.51502],[105.34513,18.51546],[105.34413,18.5155],[105.34274,18.51461],[105.34105,18.51206],[105.33528,18.50536],[105.33458,18.50319],[105.32955,18.5035],[105.32748,18.50458],[105.32636,18.50659],[105.32611,18.5079],[105.32509,18.50891],[105.32503,18.50993],[105.32449,18.51078],[105.32294,18.51231],[105.32175,18.51299],[105.32041,18.51287],[105.31891,18.51538],[105.31804,18.51599],[105.31502,18.51496],[105.31415,18.51496],[105.31256,18.51397],[105.31023,18.51323],[105.30874,18.512],[105.30563,18.51141],[105.30388,18.51038],[105.30252,18.51042],[105.29875,18.50912],[105.29702,18.50896],[105.2957,18.50943],[105.29053,18.50782],[105.28503,18.51],[105.28185,18.51288],[105.2793,18.51342],[105.27763,18.5132],[105.27465,18.51402],[105.27385,18.51478],[105.27361,18.51691],[105.27046,18.52044],[105.26758,18.52012],[105.26592,18.52045],[105.26296,18.51991],[105.26034,18.52081],[105.25963,18.52331],[105.25802,18.52393],[105.25491,18.5228],[105.25396,18.52302],[105.25333,18.52397],[105.25244,18.52822],[105.25183,18.52903],[105.2422,18.52988],[105.24085,18.52906],[105.2401,18.52788],[105.2351,18.52877],[105.23364,18.52949],[105.23228,18.533],[105.22991,18.53579],[105.22457,18.53489],[105.22166,18.53371],[105.22028,18.53154],[105.21922,18.53114],[105.21723,18.52909],[105.21558,18.52837],[105.21434,18.52827],[105.21257,18.52739],[105.21018,18.5273],[105.20773,18.52768],[105.2067,18.52724],[105.20363,18.52696],[105.20052,18.52723],[105.19853,18.52701],[105.19567,18.52924],[105.1928,18.52948],[105.18989,18.529],[105.18846,18.52969],[105.18764,18.52901],[105.18325,18.52812],[105.18206,18.5275],[105.17901,18.52762],[105.17718,18.527],[105.17425,18.52762],[105.17154,18.52633],[105.17085,18.5255],[105.16977,18.52492],[105.16936,18.5236],[105.1679,18.52313],[105.16425,18.52488],[105.16052,18.52592],[105.15817,18.52522],[105.15204,18.52612],[105.1515,18.52602],[105.14936,18.52433],[105.14906,18.52258],[105.14692,18.52166],[105.14468,18.52171],[105.14148,18.52017],[105.13922,18.52085],[105.13351,18.52002],[105.12962,18.52123],[105.12801,18.52002],[105.12599,18.51913],[105.12391,18.51879],[105.12073,18.51884],[105.11981,18.51739],[105.11489,18.51756],[105.11535,18.5193],[105.11815,18.52081],[105.11963,18.52232],[105.11986,18.52294],[105.1194,18.52387],[105.11636,18.52632],[105.11549,18.5279],[105.11496,18.53247],[105.11512,18.53307],[105.11573,18.53362],[105.11672,18.53652],[105.11606,18.53921],[105.11762,18.5395],[105.11885,18.54045],[105.12027,18.5404],[105.12222,18.54183],[105.12322,18.54216],[105.12459,18.54383],[105.12624,18.54482],[105.12685,18.54637],[105.12958,18.54881],[105.12846,18.54975],[105.12798,18.5519],[105.12804,18.55498],[105.12842,18.55551],[105.12942,18.556],[105.12947,18.55695],[105.1312,18.55765],[105.1327,18.55932],[105.13544,18.55937],[105.1401,18.56195],[105.14006,18.56346],[105.13961,18.56441],[105.13734,18.5664],[105.13637,18.56796],[105.13426,18.56952],[105.13392,18.57034],[105.13526,18.57257],[105.13492,18.57361],[105.135,18.57519],[105.13542,18.57751],[105.13602,18.5783],[105.13554,18.58004],[105.13559,18.58208],[105.13755,18.58261],[105.13862,18.58383],[105.13785,18.58549],[105.13727,18.58582],[105.13643,18.58549],[105.13601,18.5857],[105.13549,18.58696],[105.1355,18.58851],[105.13446,18.59098],[105.13708,18.5937],[105.13924,18.59466],[105.13922,18.59687],[105.13958,18.59783],[105.1402,18.59797],[105.14339,18.59718],[105.14391,18.60009],[105.14597,18.60116],[105.14882,18.60345],[105.15019,18.6056],[105.15378,18.60569],[105.15603,18.60692],[105.15704,18.61021],[105.15916,18.61316],[105.15964,18.61329],[105.16234,18.61253],[105.16358,18.61182],[105.1676,18.61157],[105.16902,18.61022],[105.17011,18.60975],[105.17197,18.60713],[105.17339,18.6059],[105.17565,18.60555],[105.17743,18.60588],[105.18094,18.60256],[105.18231,18.60234],[105.18383,18.60278],[105.18838,18.60198],[105.18935,18.60055],[105.19098,18.59962],[105.1917,18.5997],[105.19379,18.60114],[105.19678,18.60171],[105.19982,18.60051],[105.20296,18.59876],[105.20566,18.59907],[105.20903,18.59845],[105.21171,18.59951],[105.21485,18.59813],[105.21599,18.59825],[105.21819,18.59777],[105.21909,18.59677],[105.22014,18.59633],[105.22129,18.59533],[105.22456,18.59059],[105.22607,18.58973],[105.22744,18.58786],[105.22808,18.58776],[105.23076,18.58866],[105.23186,18.5896],[105.23262,18.5924],[105.23249,18.59385],[105.23372,18.5969],[105.23447,18.59763],[105.23691,18.5986],[105.23724,18.59955],[105.23866,18.60082],[105.23925,18.60285],[105.24281,18.60554],[105.24394,18.60564],[105.24544,18.6063],[105.24706,18.60848],[105.24926,18.60876],[105.25081,18.60986],[105.25303,18.61085],[105.25445,18.61263],[105.25774,18.6153],[105.26083,18.61695],[105.26192,18.61785],[105.26539,18.61853],[105.2667,18.61983],[105.26845,18.61888],[105.27024,18.61854],[105.27156,18.61956],[105.27346,18.62219],[105.27504,18.62184],[105.27818,18.62196],[105.2818,18.6238],[105.28324,18.62342],[105.28454,18.62252]]]]}},
{"type":"Feature","id":"18163","properties":{"Ward_Code":"18163","Ward_Code_Num":18163,"Ward":"Sơn Tiến","Ward_Alt":"Sơn Tiến","Ward_Upper":"SƠN TIẾN","Ward_Full":"Xã Sơn Tiến","Ward_Full_Alt":"Xã Sơn Tiến","Ward_Full_Upper_Alt":"XÃ SƠN TIẾN","Ward_Type":"Xã","Province_Code":"42","Province":"Hà Tĩnh","Province_Upper_Alt":"HÀ TĨNH"},"geometry":{"type":"MultiPolygon","coordinates":[[[[105.48141,18.61321],[105.48222,18.61317],[105.4829,18.61352],[105.48572,18.61287],[105.49004,18.61101],[105.49312,18.61041],[105.49401,18.61073],[105.49616,18.61072],[105.49707,18.6111],[105.49868,18.61059],[105.5016,18.61119],[105.50228,18.61056],[105.50433,18.61034],[105.50522,18.60919],[105.50632,18.60866],[105.50592,18.60688],[105.50757,18.60628],[105.50874,18.60309],[105.51056,18.60303],[105.5118,18.60107],[105.51312,18.59993],[105.51504,18.59926],[105.51559,18.5984],[105.5166,18.59811],[105.51821,18.59672],[105.51867,18.59545],[105.51814,18.59118],[105.51874,18.58956],[105.51828,18.58778],[105.51759,18.5869],[105.51818,18.58419],[105.5204,18.58126],[105.52118,18.58072],[105.52173,18.57958],[105.52345,18.57801],[105.52447,18.57849],[105.52487,18.57836],[105.52529,18.57789],[105.52553,18.57602],[105.52656,18.57599],[105.5268,18.57448],[105.5272,18.5741],[105.52726,18.57206],[105.5282,18.57084],[105.52825,18.56999],[105.52893,18.56851],[105.53052,18.56708],[105.53039,18.56418],[105.53148,18.56326],[105.53103,18.56309],[105.53047,18.56215],[105.53089,18.56097],[105.52645,18.55776],[105.52455,18.55752],[105.52576,18.55538],[105.52484,18.55536],[105.52384,18.55487],[105.5216,18.55212],[105.52108,18.5503],[105.52301,18.54579],[105.52269,18.54487],[105.52155,18.54452],[105.51689,18.54511],[105.51235,18.5443],[105.51089,18.54332],[105.50984,18.54205],[105.50842,18.53948],[105.50243,18.54432],[105.50094,18.54442],[105.50081,18.54478],[105.49929,18.54455],[105.49961,18.5421],[105.49945,18.54061],[105.49901,18.54014],[105.49668,18.53866],[105.49573,18.53866],[105.49348,18.53787],[105.4913,18.53821],[105.49003,18.5368],[105.4893,18.53675],[105.48496,18.53771],[105.48019,18.53822],[105.47916,18.53925],[105.47819,18.53939],[105.4772,18.54017],[105.47534,18.54066],[105.4728,18.54281],[105.47106,18.54185],[105.46757,18.5427],[105.46673,18.54085],[105.46507,18.5388],[105.46484,18.5377],[105.46256,18.53678],[105.46178,18.53464],[105.45974,18.53535],[105.45816,18.5346],[105.45565,18.53504],[105.45391,18.53496],[105.45301,18.53341],[105.45165,18.53259],[105.44976,18.53337],[105.4468,18.53377],[105.44545,18.53535],[105.44288,18.53752],[105.4392,18.53968],[105.43636,18.5387],[105.43575,18.5381],[105.43559,18.53708],[105.43493,18.53863],[105.43365,18.53963],[105.43336,18.54023],[105.43142,18.54078],[105.43011,18.53998],[105.42862,18.53966],[105.42574,18.54235],[105.42554,18.5433],[105.42405,18.54356],[105.42305,18.54462],[105.41991,18.54671],[105.41958,18.54716],[105.41962,18.5483],[105.41887,18.54887],[105.41898,18.5509],[105.4203,18.55241],[105.42063,18.55642],[105.4216,18.55843],[105.42019,18.55948],[105.41985,18.56028],[105.41823,18.56044],[105.41771,18.56148],[105.41458,18.56374],[105.41417,18.5651],[105.41258,18.56613],[105.41088,18.56785],[105.40981,18.5682],[105.40884,18.5693],[105.40723,18.57008],[105.40534,18.57013],[105.4038,18.5714],[105.40127,18.57532],[105.3997,18.57686],[105.39761,18.57992],[105.39789,18.58171],[105.39863,18.58335],[105.40226,18.58421],[105.40638,18.58671],[105.407,18.5864],[105.40855,18.58454],[105.40952,18.58434],[105.41073,18.58724],[105.41836,18.59087],[105.41888,18.59091],[105.41968,18.59042],[105.41966,18.58918],[105.42079,18.58723],[105.42279,18.5874],[105.42312,18.5887],[105.42396,18.58954],[105.42482,18.58842],[105.42563,18.58796],[105.42688,18.58782],[105.42796,18.58724],[105.42952,18.5879],[105.43086,18.58723],[105.43178,18.58809],[105.43313,18.58855],[105.43299,18.58968],[105.43318,18.59049],[105.43421,18.592],[105.43426,18.59395],[105.43494,18.5949],[105.43631,18.595],[105.43608,18.596],[105.4367,18.59663],[105.44058,18.59813],[105.44501,18.60073],[105.4473,18.6017],[105.45148,18.60167],[105.45171,18.60243],[105.45249,18.60314],[105.45746,18.60414],[105.4617,18.60609],[105.46784,18.60772],[105.46974,18.60793],[105.47088,18.60804],[105.47448,18.60736],[105.47604,18.60814],[105.47684,18.60894],[105.47782,18.61126],[105.47772,18.61248],[105.47986,18.61393],[105.48141,18.61321]]]]}},
{"type":"Feature","id":"18172","properties":{"Ward_Code":"18172","Ward_Code_Num":18172,"Ward":"Sơn Tây","Ward_Alt":"Sơn Tây","Ward_Upper":"SƠN TÂY","Ward_Full":"Xã Sơn Tây","Ward_Full_Alt":"Xã Sơn Tây","Ward_Full_Upper_Alt":"XÃ SƠN TÂY","Ward_Type":"Xã","Province_Code":"42","Province":"Hà Tĩnh","Province_Upper_Alt":"HÀ TĨNH"},"geometry":{"type":"MultiPolygon","coordinates":[[[[105.23729,18.52828],[105.2401,18.52788],[105.24085,18.52906],[105.2422,18.52988],[105.25183,18.52903],[105.25244,18.52822],[105.25333,18.52397],[105.25396,18.52302],[105.25491,18.5228],[105.25802,18.52393],[105.25963,18.52331],[105.26034,18.52081],[105.26296,18.51991],[105.26592,18.52045],[105.26758,18.52012],[105.27046,18.52044],[105.27361,18.51691],[105.27385,18.51478],[105.27465,18.51402],[105.27763,18.5132],[105.2793,18.51342],[105.28185,18.51288],[105.28503,18.51],[105.29053,18.50782],[105.2957,18.50943],[105.29702,18.50896],[105.29875,18.50912],[105.30252,18.51042],[105.30388,18.51038],[105.30563,18.51141],[105.30874,18.512],[105.31023,18.51323],[105.31256,18.51397],[105.31415,18.51496],[105.31502,18.51496],[105.31804,18.51599],[105.31891,18.51538],[105.32041,18.51287],[105.32175,18.51299],[105.32294,18.51231],[105.32449,18.51078],[105.32503,18.50993],[105.32509,18.50891],[105.32611,18.5079],[105.32636,18.50659],[105.32748,18.50458],[105.32955,18.5035],[105.33458,18.50319],[105.33493,18.50466],[105.3356,18.50577],[105.34105,18.51206],[105.34274,18.51461],[105.3443,18.51554],[105.34593,18.51502],[105.34735,18.5125],[105.34847,18.51152],[105.34947,18.51136],[105.35103,18.51246],[105.35208,18.51221],[105.35334,18.51146],[105.35535,18.50871],[105.35638,18.50796],[105.35803,18.50729],[105.35946,18.50782],[105.36045,18.50656],[105.3615,18.50262],[105.35976,18.50148],[105.35912,18.49984],[105.35925,18.49829],[105.35862,18.4981],[105.35811,18.49649],[105.35447,18.49455],[105.35429,18.49385],[105.35496,18.49266],[105.35376,18.49018],[105.35442,18.48835],[105.3526,18.48607],[105.35212,18.4848],[105.35218,18.48391],[105.3495,18.48241],[105.35122,18.48104],[105.35099,18.47933],[105.35183,18.47707],[105.35212,18.47476],[105.35364,18.47365],[105.35384,18.47262],[105.35554,18.4718],[105.35608,18.47136],[105.35636,18.47052],[105.35756,18.46984],[105.35924,18.46994],[105.363,18.47128],[105.36419,18.47272],[105.36739,18.47349],[105.3708,18.47335],[105.37124,18.47285],[105.37142,18.47186],[105.3713,18.4712],[105.3705,18.47029],[105.37103,18.46908],[105.37098,18.46815],[105.3732,18.46559],[105.37638,18.46252],[105.37761,18.46221],[105.37945,18.4607],[105.38259,18.46011],[105.38377,18.45901],[105.38608,18.45873],[105.38747,18.45767],[105.38808,18.45762],[105.38888,18.45652],[105.39002,18.45572],[105.39076,18.45576],[105.39109,18.45524],[105.39105,18.45391],[105.39203,18.45216],[105.39234,18.45055],[105.39345,18.44864],[105.39337,18.44757],[105.39217,18.44558],[105.3921,18.44513],[105.39269,18.44453],[105.39211,18.44278],[105.39209,18.44061],[105.39169,18.43882],[105.39029,18.4385],[105.38987,18.43665],[105.38828,18.43516],[105.38827,18.43457],[105.38629,18.43283],[105.38543,18.43164],[105.38224,18.43037],[105.38134,18.42835],[105.38061,18.42755],[105.38009,18.42581],[105.37929,18.42501],[105.37855,18.42484],[105.3789,18.42289],[105.37849,18.4212],[105.37862,18.42037],[105.37972,18.41801],[105.37735,18.41529],[105.37831,18.41289],[105.37977,18.41218],[105.3803,18.41129],[105.38221,18.41106],[105.38369,18.40982],[105.38865,18.408],[105.39325,18.40416],[105.39341,18.40337],[105.39544,18.40244],[105.39512,18.40061],[105.3942,18.3986],[105.39353,18.39601],[105.39264,18.39561],[105.39218,18.39453],[105.39149,18.39389],[105.39128,18.3927],[105.39056,18.39135],[105.3888,18.38892],[105.38964,18.38749],[105.38959,18.38583],[105.38866,18.38419],[105.38826,18.382],[105.3867,18.3799],[105.38683,18.37909],[105.38654,18.37825],[105.387,18.37638],[105.38549,18.37401],[105.38529,18.37316],[105.38365,18.37303],[105.38256,18.3726],[105.38136,18.37292],[105.37983,18.37222],[105.37838,18.37228],[105.37685,18.37118],[105.37483,18.37115],[105.37139,18.36951],[105.3694,18.36983],[105.36752,18.37084],[105.36449,18.37092],[105.36136,18.37197],[105.35972,18.37193],[105.35954,18.37246],[105.35979,18.37314],[105.35946,18.37426],[105.35837,18.37598],[105.35614,18.37698],[105.35478,18.37862],[105.35273,18.37898],[105.35139,18.37848],[105.35018,18.3795],[105.34849,18.38006],[105.34559,18.38194],[105.34333,18.38425],[105.34148,18.38508],[105.34038,18.38676],[105.33821,18.38854],[105.33765,18.3912],[105.33542,18.3935],[105.33408,18.39747],[105.33309,18.39794],[105.33197,18.39929],[105.33114,18.40232],[105.33154,18.40393],[105.33095,18.40657],[105.33199,18.40894],[105.33441,18.41127],[105.33612,18.41413],[105.33767,18.41762],[105.33862,18.41818],[105.34104,18.41871],[105.34187,18.42054],[105.34317,18.42091],[105.34403,18.42166],[105.3455,18.42434],[105.34586,18.4255],[105.34524,18.42874],[105.34559,18.43096],[105.34508,18.43334],[105.34434,18.43505],[105.34506,18.436],[105.34534,18.44004],[105.34601,18.44087],[105.34532,18.44164],[105.34623,18.44427],[105.34692,18.44498],[105.34566,18.44866],[105.34481,18.4498],[105.34256,18.45105],[105.34197,18.45222],[105.34128,18.45261],[105.34141,18.45353],[105.33981,18.45505],[105.33924,18.45685],[105.33846,18.45721],[105.33791,18.45677],[105.33712,18.45783],[105.3362,18.45807],[105.33624,18.4585],[105.3357,18.45872],[105.33507,18.4596],[105.33424,18.46137],[105.33498,18.46172],[105.33496,18.46216],[105.33321,18.46274],[105.33163,18.46171],[105.33131,18.46217],[105.32972,18.46149],[105.32858,18.46241],[105.3277,18.45861],[105.32695,18.458],[105.32634,18.45622],[105.3239,18.4529],[105.3235,18.44997],[105.32294,18.44937],[105.32199,18.44996],[105.32163,18.44975],[105.3216,18.44887],[105.32213,18.44789],[105.32036,18.44669],[105.31882,18.4468],[105.31583,18.44531],[105.31462,18.44577],[105.31479,18.44678],[105.31376,18.44692],[105.31128,18.44672],[105.31111,18.44559],[105.30864,18.44544],[105.30766,18.44746],[105.30673,18.44749],[105.30613,18.44802],[105.30538,18.44651],[105.30464,18.44579],[105.30311,18.44702],[105.30265,18.44642],[105.30175,18.44624],[105.29979,18.44674],[105.29909,18.44796],[105.29802,18.44876],[105.29767,18.45017],[105.29668,18.4508],[105.29394,18.45116],[105.2929,18.45224],[105.29002,18.45198],[105.29014,18.45384],[105.29075,18.45447],[105.29183,18.45474],[105.29225,18.45589],[105.29346,18.45716],[105.29254,18.45761],[105.29194,18.45715],[105.29106,18.45728],[105.2894,18.45642],[105.28819,18.45757],[105.28813,18.45794],[105.28878,18.45808],[105.28947,18.45871],[105.28874,18.46036],[105.28953,18.46096],[105.28753,18.46169],[105.28742,18.46205],[105.28789,18.46224],[105.28713,18.46376],[105.28813,18.46383],[105.28922,18.46297],[105.28967,18.46371],[105.28974,18.46471],[105.29048,18.4646],[105.29084,18.46533],[105.29186,18.46488],[105.2926,18.46537],[105.29383,18.46944],[105.29393,18.47072],[105.29515,18.4729],[105.294,18.47323],[105.29248,18.47444],[105.29196,18.47544],[105.2891,18.47818],[105.2882,18.47865],[105.28503,18.47853],[105.2833,18.47931],[105.28133,18.48083],[105.2778,18.48171],[105.27618,18.48321],[105.27511,18.48334],[105.27252,18.48504],[105.26875,18.48334],[105.26626,18.48327],[105.26566,18.48434],[105.26368,18.4846],[105.26239,18.48565],[105.25997,18.48535],[105.25749,18.48575],[105.25656,18.48626],[105.25608,18.48698],[105.25457,18.48694],[105.25018,18.48534],[105.24633,18.48304],[105.24454,18.48289],[105.24251,18.48437],[105.23953,18.48549],[105.23751,18.48758],[105.23526,18.48873],[105.23226,18.48879],[105.22702,18.48966],[105.22502,18.49209],[105.22289,18.49349],[105.22229,18.49454],[105.2198,18.49686],[105.21779,18.50055],[105.21588,18.50194],[105.21402,18.5021],[105.2118,18.5046],[105.21068,18.5064],[105.20944,18.50752],[105.2097,18.51104],[105.20726,18.51266],[105.2063,18.51446],[105.20523,18.51558],[105.20228,18.51753],[105.20127,18.51991],[105.19968,18.52088],[105.19929,18.52278],[105.19964,18.52468],[105.19853,18.52701],[105.20052,18.52723],[105.20363,18.52696],[105.2067,18.52724],[105.20773,18.52768],[105.21018,18.5273],[105.21295,18.52748],[105.21434,18.52827],[105.21558,18.52837],[105.21733,18.52916],[105.21922,18.53114],[105.22028,18.53154],[105.22166,18.53371],[105.22457,18.53489],[105.22966,18.53579],[105.23051,18.53528],[105.23228,18.533],[105.23364,18.52949],[105.23542,18.52866],[105.23729,18.52828]]]]}},
{"type":"Feature","id":"18184","properties":{"Ward_Code":"18184","Ward_Code_Num":18184,"Ward":"Sơn Giang","Ward_Alt":"Sơn Giang","Ward_Upper":"SƠN GIANG","Ward_Full":"Xã Sơn Giang","Ward_Full_Alt":"Xã Sơn Giang","Ward_Full_Upper_Alt":"XÃ SƠN GIANG","Ward_Type":"Xã","Province_Code":"42","Province":"Hà Tĩnh","Province_Upper_Alt":"HÀ TĨNH"},"geometry":{"type":"MultiPolygon","coordinates":[[[[105.341,18.59068],[105.34309,18.59057],[105.34702,18.58884],[105.34808,18.5887],[105.34914,18.58748],[105.35298,18.58612],[105.355,18.586],[105.35811,18.58365],[105.35942,18.58159],[105.36086,18.58105],[105.36161,18.58102],[105.3627,18.58151],[105.36618,18.58031],[105.36791,18.58012],[105.3728,18.58083],[105.37408,18.58046],[105.37594,18.57889],[105.3773,18.57848],[105.38184,18.57974],[105.38296,18.58064],[105.38472,18.58045],[105.38587,18.58091],[105.3905,18.58094],[105.3911,18.5804],[105.39247,18.58031],[105.39408,18.57964],[105.39761,18.57992],[105.3997,18.57686],[105.40127,18.57532],[105.40208,18.57377],[105.4044,18.57076],[105.40571,18.56999],[105.40723,18.57008],[105.40884,18.5693],[105.40981,18.5682],[105.41088,18.56785],[105.41258,18.56613],[105.41417,18.5651],[105.41458,18.56374],[105.41771,18.56148],[105.41823,18.56044],[105.41985,18.56028],[105.42019,18.55948],[105.42154,18.55853],[105.42063,18.55642],[105.4203,18.55241],[105.41898,18.5509],[105.41887,18.54887],[105.41962,18.5483],[105.41958,18.54716],[105.41991,18.54671],[105.42305,18.54462],[105.42405,18.54356],[105.42554,18.5433],[105.42574,18.54235],[105.42862,18.53966],[105.42606,18.53883],[105.42494,18.53787],[105.4218,18.53706],[105.42187,18.53421],[105.42115,18.53397],[105.42121,18.53307],[105.42192,18.53377],[105.42265,18.53358],[105.42244,18.53322],[105.42265,18.53258],[105.4232,18.53258],[105.42342,18.53148],[105.42459,18.53116],[105.42506,18.53146],[105.42545,18.5288],[105.42715,18.52951],[105.42806,18.52895],[105.42793,18.52847],[105.42849,18.52866],[105.42956,18.52784],[105.43045,18.5281],[105.43075,18.52764],[105.43242,18.52783],[105.43328,18.52708],[105.4315,18.52662],[105.43033,18.52586],[105.42767,18.52046],[105.42497,18.51671],[105.42227,18.51416],[105.42141,18.51244],[105.41984,18.51202],[105.41632,18.51219],[105.41526,18.51194],[105.41456,18.50829],[105.41415,18.50704],[105.41347,18.5062],[105.41524,18.50557],[105.41519,18.5049],[105.4148,18.5044],[105.41434,18.50502],[105.41384,18.50472],[105.41373,18.50446],[105.41434,18.5037],[105.41212,18.50082],[105.41263,18.50064],[105.41356,18.49893],[105.41264,18.4983],[105.41217,18.49633],[105.41366,18.49549],[105.41332,18.49437],[105.4116,18.49389],[105.41059,18.49442],[105.40873,18.49128],[105.40562,18.49284],[105.40386,18.49302],[105.40399,18.49226],[105.40346,18.49235],[105.40334,18.49206],[105.39843,18.48985],[105.39845,18.48901],[105.3989,18.48847],[105.39834,18.48812],[105.39844,18.48716],[105.39784,18.48781],[105.39674,18.48744],[105.39636,18.48692],[105.39653,18.48612],[105.39713,18.48584],[105.39806,18.48577],[105.39867,18.48611],[105.39884,18.48571],[105.39826,18.48547],[105.39825,18.48508],[105.39712,18.48423],[105.39211,18.4839],[105.38715,18.48251],[105.38666,18.48194],[105.38675,18.48134],[105.38569,18.47772],[105.38446,18.47694],[105.38346,18.47691],[105.38232,18.47556],[105.3795,18.47637],[105.37658,18.47436],[105.37483,18.47446],[105.37232,18.47299],[105.3708,18.47335],[105.36739,18.47349],[105.36419,18.47272],[105.36281,18.4712],[105.35954,18.47002],[105.35772,18.46984],[105.35636,18.47052],[105.35608,18.47136],[105.35554,18.4718],[105.35384,18.47262],[105.35364,18.47365],[105.35212,18.47476],[105.35183,18.47707],[105.35099,18.47933],[105.35122,18.48104],[105.34951,18.48245],[105.35218,18.48391],[105.35212,18.4848],[105.3526,18.48607],[105.35442,18.48835],[105.35376,18.49018],[105.35496,18.49266],[105.35429,18.49385],[105.35447,18.49455],[105.35811,18.49649],[105.35862,18.4981],[105.35925,18.49829],[105.35912,18.49984],[105.35976,18.50148],[105.36023,18.50202],[105.36137,18.50244],[105.36152,18.50283],[105.36045,18.50656],[105.35946,18.50782],[105.3583,18.50731],[105.35756,18.50741],[105.35548,18.50857],[105.35467,18.50969],[105.35563,18.51128],[105.35559,18.51203],[105.35482,18.51303],[105.3531,18.51386],[105.35238,18.51537],[105.35148,18.51638],[105.35148,18.5172],[105.35198,18.51788],[105.35155,18.51853],[105.35151,18.52009],[105.35125,18.5205],[105.34973,18.52117],[105.34924,18.52441],[105.34876,18.52487],[105.3486,18.52597],[105.34757,18.52618],[105.34617,18.52561],[105.34553,18.5264],[105.34591,18.52786],[105.34748,18.52944],[105.35076,18.52918],[105.35261,18.53134],[105.35308,18.53552],[105.35398,18.53686],[105.35438,18.53918],[105.35654,18.54188],[105.35715,18.54522],[105.35548,18.54438],[105.35487,18.54373],[105.35437,18.54268],[105.35408,18.54079],[105.35296,18.53931],[105.35231,18.53743],[105.34938,18.53726],[105.3486,18.53668],[105.34826,18.53571],[105.34782,18.53837],[105.3455,18.54172],[105.34485,18.54192],[105.34345,18.54357],[105.3423,18.54369],[105.34181,18.54303],[105.34183,18.54215],[105.34145,18.54206],[105.34172,18.54165],[105.3428,18.54164],[105.34419,18.54058],[105.34254,18.53916],[105.34066,18.53999],[105.33928,18.54023],[105.33864,18.5438],[105.33726,18.54733],[105.33581,18.54853],[105.33251,18.55007],[105.33384,18.55145],[105.33331,18.55256],[105.33345,18.5536],[105.3331,18.55421],[105.334,18.55514],[105.33535,18.55884],[105.33546,18.55971],[105.33456,18.56068],[105.33536,18.5622],[105.3345,18.56366],[105.33305,18.56494],[105.32953,18.56568],[105.32894,18.56781],[105.3284,18.56867],[105.32527,18.56932],[105.32635,18.57092],[105.32569,18.5719],[105.32534,18.57404],[105.32609,18.57548],[105.32613,18.57792],[105.32696,18.57803],[105.32796,18.57892],[105.32896,18.57918],[105.3335,18.5783],[105.33528,18.57978],[105.33628,18.58111],[105.33769,18.5843],[105.33735,18.58589],[105.3384,18.58841],[105.33863,18.59026],[105.34033,18.5908],[105.341,18.59068]]]]}},
{"type":"Feature","id":"18196","properties":{"Ward_Code":"18196","Ward_Code_Num":18196,"Ward":"Sơn Kim 1","Ward_Alt":"Sơn Kim 1","Ward_Upper":"SƠN KIM 1","Ward_Full":"Xã Sơn Kim 1","Ward_Full_Alt":"Xã Sơn Kim 1","Ward_Full_Upper_Alt":"XÃ SƠN KIM 1","Ward_Type":"Xã","Province_Code":"42","Province":"Hà Tĩnh","Province_Upper_Alt":"HÀ TĨNH"},"geometry":{"type":"MultiPolygon","coordinates":[[[[105.18971,18.52905],[105.19464,18.52944],[105.19587,18.52918],[105.19794,18.52767],[105.19964,18.52468],[105.19929,18.52278],[105.19968,18.52088],[105.20127,18.51991],[105.20228,18.51753],[105.20523,18.51558],[105.2063,18.51446],[105.20726,18.51266],[105.2097,18.51104],[105.20944,18.50752],[105.21068,18.5064],[105.2118,18.5046],[105.21402,18.5021],[105.21588,18.50194],[105.21779,18.50055],[105.2198,18.49686],[105.22229,18.49454],[105.22289,18.49349],[105.22502,18.49209],[105.22702,18.48966],[105.23226,18.48879],[105.23526,18.48873],[105.23751,18.48758],[105.23953,18.48549],[105.24251,18.48437],[105.24454,18.48289],[105.24633,18.48304],[105.25018,18.48534],[105.25457,18.48694],[105.25608,18.48698],[105.25656,18.48626],[105.25749,18.48575],[105.25997,18.48535],[105.26239,18.48565],[105.26368,18.4846],[105.26566,18.48434],[105.26626,18.48327],[105.26875,18.48334],[105.27267,18.48501],[105.27511,18.48334],[105.27618,18.48321],[105.2778,18.48171],[105.28133,18.48083],[105.2833,18.47931],[105.28503,18.47853],[105.2882,18.47865],[105.2891,18.47818],[105.29196,18.47544],[105.29248,18.47444],[105.294,18.47323],[105.29515,18.4729],[105.29393,18.47072],[105.29383,18.46944],[105.2926,18.46537],[105.29186,18.46488],[105.29084,18.46533],[105.29048,18.4646],[105.28974,18.46471],[105.28967,18.46371],[105.28922,18.46297],[105.28813,18.46383],[105.28713,18.46376],[105.28789,18.46224],[105.28742,18.46205],[105.28753,18.46169],[105.28953,18.46096],[105.28874,18.46036],[105.28947,18.45871],[105.28878,18.45808],[105.28813,18.45794],[105.28819,18.45757],[105.2894,18.45642],[105.29106,18.45728],[105.29194,18.45715],[105.29254,18.45761],[105.29346,18.45713],[105.29225,18.45589],[105.29184,18.45475],[105.29075,18.45447],[105.29003,18.45361],[105.29027,18.44989],[105.2895,18.44475],[105.28965,18.44294],[105.2895,18.44254],[105.28799,18.44207],[105.2874,18.44127],[105.28705,18.44036],[105.28684,18.43709],[105.28386,18.43627],[105.2823,18.43649],[105.28066,18.43764],[105.27831,18.43999],[105.27286,18.44769],[105.2726,18.44927],[105.27411,18.45021],[105.27329,18.45397],[105.27226,18.45489],[105.27055,18.45526],[105.2699,18.45504],[105.26894,18.45369],[105.26748,18.44903],[105.26753,18.44691],[105.26669,18.4462],[105.26392,18.44607],[105.2623,18.44474],[105.26029,18.44539],[105.25897,18.44542],[105.2558,18.44435],[105.25381,18.44469],[105.2528,18.44381],[105.25229,18.4413],[105.25261,18.43899],[105.25744,18.43269],[105.25614,18.42959],[105.25426,18.42736],[105.25285,18.42697],[105.24932,18.4277],[105.2486,18.42819],[105.24795,18.42921],[105.24714,18.43093],[105.248,18.43253],[105.24763,18.43487],[105.24794,18.4401],[105.24762,18.44092],[105.24672,18.44118],[105.24426,18.43953],[105.2438,18.43886],[105.24126,18.43858],[105.23962,18.43754],[105.23934,18.43719],[105.23978,18.43624],[105.23906,18.43505],[105.23503,18.43052],[105.23278,18.42904],[105.232,18.42884],[105.22822,18.42927],[105.22714,18.42873],[105.22643,18.42768],[105.22493,18.42699],[105.22338,18.42785],[105.22313,18.4289],[105.22244,18.42935],[105.2215,18.42844],[105.22098,18.42663],[105.22113,18.42314],[105.22328,18.4179],[105.2233,18.41441],[105.22397,18.41261],[105.22193,18.40997],[105.21965,18.40969],[105.21851,18.40804],[105.21866,18.40663],[105.21984,18.40446],[105.21999,18.40353],[105.21931,18.40094],[105.21793,18.39951],[105.21766,18.39882],[105.21816,18.39426],[105.21788,18.39214],[105.21803,18.39043],[105.21886,18.38884],[105.21939,18.38834],[105.22014,18.3882],[105.22055,18.38752],[105.21933,18.38492],[105.2192,18.38306],[105.21949,18.38226],[105.22103,18.38046],[105.22129,18.37944],[105.22003,18.37688],[105.21961,18.37479],[105.22119,18.37136],[105.22114,18.3671],[105.21982,18.36527],[105.22,18.36382],[105.2211,18.36123],[105.22127,18.35998],[105.22123,18.35906],[105.22055,18.3575],[105.22242,18.35361],[105.2222,18.35077],[105.2236,18.34884],[105.22085,18.347],[105.21324,18.3441],[105.2112,18.3426],[105.21114,18.34178],[105.21205,18.34036],[105.21206,18.3397],[105.21091,18.33681],[105.21088,18.33272],[105.21023,18.33142],[105.20875,18.32987],[105.20886,18.32776],[105.20794,18.32572],[105.2083,18.32258],[105.20747,18.317],[105.20771,18.31463],[105.20686,18.31455],[105.20598,18.3146],[105.20426,18.31566],[105.20249,18.31542],[105.20096,18.31617],[105.19622,18.31734],[105.19521,18.31809],[105.19365,18.31828],[105.19214,18.31923],[105.19054,18.32197],[105.18613,18.3246],[105.18438,18.32519],[105.18493,18.3275],[105.18445,18.33062],[105.18481,18.33255],[105.18604,18.33399],[105.18699,18.33722],[105.18683,18.33841],[105.18714,18.33953],[105.18778,18.34037],[105.18784,18.34199],[105.1891,18.34534],[105.19018,18.34649],[105.1887,18.35008],[105.1887,18.35325],[105.18579,18.35654],[105.18565,18.35755],[105.18627,18.35924],[105.18574,18.36071],[105.18458,18.3608],[105.18344,18.36163],[105.18319,18.36248],[105.18338,18.36407],[105.18241,18.3662],[105.18069,18.36765],[105.18017,18.36884],[105.17901,18.3691],[105.17843,18.37086],[105.17856,18.37164],[105.17982,18.37343],[105.18188,18.375],[105.1816,18.37886],[105.18219,18.37991],[105.18261,18.38255],[105.18411,18.38331],[105.18465,18.38431],[105.18448,18.38675],[105.18195,18.38846],[105.18104,18.38876],[105.17976,18.39027],[105.17918,18.38917],[105.17876,18.38911],[105.17713,18.39018],[105.17588,18.39022],[105.17426,18.39104],[105.17384,18.39206],[105.17125,18.39254],[105.16942,18.39146],[105.16733,18.39219],[105.1664,18.38753],[105.16381,18.38729],[105.16298,18.38681],[105.16166,18.38712],[105.15828,18.38677],[105.15709,18.38778],[105.15451,18.3884],[105.15163,18.38845],[105.15035,18.38902],[105.14987,18.39061],[105.15092,18.39095],[105.15089,18.39208],[105.14898,18.39367],[105.1483,18.39547],[105.14724,18.39628],[105.14688,18.39804],[105.1455,18.40092],[105.14724,18.4039],[105.14399,18.40681],[105.14244,18.40746],[105.14011,18.40742],[105.13801,18.40844],[105.13796,18.41195],[105.14033,18.41408],[105.13994,18.41596],[105.14032,18.41987],[105.13912,18.41974],[105.13822,18.41879],[105.13784,18.4174],[105.13495,18.41561],[105.13464,18.41558],[105.13394,18.41637],[105.13172,18.41659],[105.13008,18.41538],[105.12958,18.41544],[105.128,18.4166],[105.1245,18.4173],[105.12352,18.41867],[105.12191,18.41885],[105.12079,18.41947],[105.12038,18.42015],[105.12094,18.42138],[105.12087,18.42383],[105.11857,18.42662],[105.11843,18.42722],[105.1183,18.42901],[105.11873,18.43278],[105.11428,18.434],[105.11261,18.43392],[105.11034,18.43461],[105.10873,18.4376],[105.10659,18.44],[105.10629,18.4416],[105.10662,18.44246],[105.10653,18.44361],[105.10429,18.44601],[105.10389,18.44729],[105.1039,18.44802],[105.10512,18.45037],[105.10576,18.45249],[105.10717,18.4546],[105.10864,18.45555],[105.10703,18.45763],[105.10558,18.45805],[105.1054,18.45964],[105.10488,18.46043],[105.10576,18.4622],[105.10799,18.46387],[105.10899,18.4657],[105.10785,18.46746],[105.10821,18.47068],[105.10771,18.47147],[105.10867,18.47327],[105.10741,18.47549],[105.10741,18.47623],[105.10799,18.47705],[105.10964,18.47822],[105.10974,18.48007],[105.10907,18.48226],[105.11011,18.48619],[105.11394,18.49178],[105.11379,18.49233],[105.11225,18.4927],[105.11068,18.49376],[105.11092,18.49425],[105.11237,18.49501],[105.1131,18.49711],[105.11239,18.49877],[105.11032,18.50067],[105.10987,18.50309],[105.11058,18.50417],[105.11007,18.5056],[105.11053,18.50638],[105.11054,18.50707],[105.1121,18.5098],[105.11175,18.51107],[105.11099,18.51214],[105.11229,18.51358],[105.11442,18.51503],[105.11468,18.51578],[105.11442,18.51685],[105.11489,18.51756],[105.11981,18.51739],[105.12073,18.51884],[105.12391,18.51879],[105.12599,18.51913],[105.12801,18.52002],[105.12962,18.52123],[105.13351,18.52002],[105.13922,18.52085],[105.14148,18.52017],[105.14468,18.52171],[105.14692,18.52166],[105.14906,18.52258],[105.14936,18.52433],[105.1515,18.52602],[105.15204,18.52612],[105.15817,18.52522],[105.16052,18.52592],[105.16425,18.52488],[105.16748,18.52321],[105.16842,18.52315],[105.16936,18.5236],[105.16992,18.52509],[105.17085,18.5255],[105.17154,18.52633],[105.17425,18.52762],[105.17748,18.527],[105.17901,18.52762],[105.18206,18.5275],[105.18325,18.52812],[105.18764,18.52901],[105.18846,18.52969],[105.18971,18.52905]]]]}},
{"type":"Feature","id":"18199","properties":{"Ward_Code":"18199","Ward_Code_Num":18199,"Ward":"Sơn Kim 2","Ward_Alt":"Sơn Kim 2","Ward_Upper":"SƠN KIM 2","Ward_Full":"Xã Sơn Kim 2","Ward_Full_Alt":"Xã Sơn Kim 2","Ward_Full_Upper_Alt":"XÃ SƠN KIM 2","Ward_Type":"Xã","Province_Code":"42","Province":"Hà Tĩnh","Province_Upper_Alt":"HÀ TĨNH"},"geometry":{"type":"MultiPolygon","coordinates":[[[[105.33359,18.46254],[105.33496,18.46216],[105.33488,18.46163],[105.33428,18.46157],[105.33431,18.46096],[105.3357,18.45872],[105.33624,18.4585],[105.3362,18.45807],[105.33712,18.45783],[105.33791,18.45677],[105.33846,18.45721],[105.33919,18.4569],[105.33981,18.45505],[105.34141,18.45353],[105.34128,18.45261],[105.34197,18.45222],[105.34256,18.45105],[105.34501,18.44957],[105.34582,18.44841],[105.34692,18.44498],[105.34623,18.44427],[105.34532,18.44164],[105.34601,18.44087],[105.34534,18.44004],[105.34506,18.436],[105.34434,18.43505],[105.34508,18.43334],[105.34559,18.43096],[105.34524,18.42874],[105.34586,18.4255],[105.3455,18.42434],[105.34403,18.42166],[105.34317,18.42091],[105.34187,18.42054],[105.34104,18.41871],[105.33862,18.41818],[105.33767,18.41762],[105.33612,18.41413],[105.33441,18.41127],[105.33224,18.4094],[105.33095,18.40657],[105.33154,18.40393],[105.33114,18.40232],[105.33197,18.39929],[105.33309,18.39794],[105.33408,18.39747],[105.33542,18.3935],[105.33765,18.3912],[105.33821,18.38854],[105.34038,18.38676],[105.34148,18.38508],[105.34333,18.38425],[105.34515,18.38227],[105.34849,18.38006],[105.35018,18.3795],[105.34897,18.37952],[105.34806,18.37913],[105.34449,18.37706],[105.34318,18.37543],[105.34209,18.3754],[105.34191,18.37364],[105.34121,18.37294],[105.34087,18.37193],[105.34025,18.3716],[105.33923,18.3717],[105.33792,18.37096],[105.33724,18.36935],[105.3361,18.36805],[105.33593,18.36573],[105.33453,18.36398],[105.33286,18.36257],[105.33243,18.36156],[105.33205,18.35969],[105.33215,18.35689],[105.32958,18.35399],[105.32975,18.35356],[105.33171,18.35218],[105.3321,18.35138],[105.33199,18.3509],[105.33104,18.34869],[105.32986,18.34785],[105.32813,18.34576],[105.32635,18.34052],[105.32582,18.34014],[105.32551,18.33904],[105.32451,18.33785],[105.32346,18.3357],[105.32253,18.33152],[105.32061,18.3307],[105.31977,18.32997],[105.32003,18.32832],[105.31881,18.32442],[105.31611,18.32422],[105.3148,18.32281],[105.31348,18.3221],[105.31299,18.32036],[105.3118,18.31895],[105.31065,18.31681],[105.30898,18.31619],[105.30863,18.31481],[105.30722,18.31305],[105.30719,18.31101],[105.30912,18.30896],[105.30831,18.30644],[105.3087,18.30465],[105.30805,18.30277],[105.30828,18.30196],[105.30778,18.29663],[105.30805,18.29517],[105.30714,18.29495],[105.30487,18.29345],[105.30139,18.29361],[105.30125,18.28729],[105.30002,18.28319],[105.29977,18.28006],[105.29924,18.27915],[105.2984,18.2786],[105.29736,18.27725],[105.29481,18.27627],[105.28644,18.27203],[105.25833,18.26801],[105.25808,18.26972],[105.25676,18.27111],[105.25571,18.27427],[105.25412,18.27461],[105.25365,18.27515],[105.25348,18.27644],[105.25251,18.27793],[105.25174,18.28021],[105.25061,18.28208],[105.2487,18.28398],[105.24867,18.286],[105.2469,18.28713],[105.24597,18.2882],[105.2452,18.29243],[105.24314,18.2962],[105.24154,18.29584],[105.24082,18.29704],[105.24031,18.29734],[105.23765,18.29754],[105.23553,18.29833],[105.23387,18.30033],[105.2322,18.30099],[105.23118,18.30304],[105.22595,18.30301],[105.22414,18.3042],[105.22224,18.30448],[105.22005,18.3043],[105.21854,18.30323],[105.21781,18.30316],[105.21568,18.30756],[105.21156,18.31122],[105.20958,18.3135],[105.20841,18.31446],[105.20771,18.31463],[105.20759,18.31514],[105.20752,18.31753],[105.2083,18.32258],[105.20794,18.32572],[105.20886,18.32776],[105.20879,18.33005],[105.21023,18.33142],[105.21097,18.33302],[105.21091,18.33681],[105.21206,18.3397],[105.21205,18.34036],[105.21114,18.34178],[105.2112,18.3426],[105.21324,18.3441],[105.22085,18.347],[105.2236,18.34884],[105.2222,18.35077],[105.22242,18.35361],[105.22055,18.3575],[105.22123,18.35906],[105.22127,18.35998],[105.2211,18.36123],[105.22,18.36382],[105.21982,18.36527],[105.22114,18.3671],[105.22119,18.37136],[105.21961,18.37479],[105.22003,18.37688],[105.22129,18.37944],[105.22103,18.38046],[105.21949,18.38226],[105.2192,18.38306],[105.21933,18.38492],[105.22055,18.38752],[105.22014,18.3882],[105.21939,18.38834],[105.21886,18.38884],[105.21803,18.39043],[105.21788,18.39214],[105.21816,18.39426],[105.21766,18.39882],[105.21793,18.39951],[105.21931,18.40094],[105.21999,18.40353],[105.21984,18.40446],[105.21866,18.40663],[105.21851,18.40804],[105.21965,18.40969],[105.22193,18.40997],[105.22397,18.41261],[105.2233,18.41441],[105.22328,18.4179],[105.22113,18.42314],[105.22098,18.42663],[105.22143,18.42828],[105.22244,18.42935],[105.22313,18.4289],[105.22338,18.42785],[105.22493,18.42699],[105.22643,18.42768],[105.22714,18.42873],[105.22822,18.42927],[105.232,18.42884],[105.23369,18.4295],[105.23503,18.43052],[105.23932,18.43538],[105.23978,18.43624],[105.23934,18.43719],[105.23962,18.43754],[105.24126,18.43858],[105.2438,18.43886],[105.24426,18.43953],[105.24672,18.44118],[105.24762,18.44092],[105.24794,18.4401],[105.24763,18.43487],[105.248,18.43253],[105.24714,18.43093],[105.24795,18.42921],[105.2486,18.42819],[105.24932,18.4277],[105.25285,18.42697],[105.25426,18.42736],[105.25614,18.42959],[105.25744,18.43269],[105.25261,18.43899],[105.25229,18.4413],[105.2528,18.44381],[105.25381,18.44469],[105.2558,18.44435],[105.25897,18.44542],[105.26029,18.44539],[105.2623,18.44474],[105.26392,18.44607],[105.26669,18.4462],[105.26753,18.44691],[105.26748,18.44903],[105.26894,18.45369],[105.2702,18.45519],[105.27168,18.45516],[105.27329,18.45397],[105.27411,18.45021],[105.2726,18.44927],[105.27286,18.44769],[105.27716,18.44135],[105.28066,18.43764],[105.2823,18.43649],[105.28386,18.43627],[105.28684,18.43709],[105.28705,18.44036],[105.2874,18.44127],[105.28824,18.44225],[105.28958,18.44267],[105.28957,18.44544],[105.29023,18.44901],[105.29002,18.45198],[105.2929,18.45224],[105.29394,18.45116],[105.29668,18.4508],[105.29767,18.45017],[105.29802,18.44876],[105.29909,18.44796],[105.2997,18.44682],[105.30098,18.44629],[105.30265,18.44642],[105.30311,18.44702],[105.30464,18.44579],[105.30538,18.44651],[105.30613,18.44802],[105.30673,18.44749],[105.30766,18.44746],[105.30864,18.44544],[105.31111,18.44559],[105.31128,18.44672],[105.31376,18.44692],[105.31485,18.44671],[105.31468,18.4457],[105.31608,18.44536],[105.31882,18.4468],[105.32036,18.44669],[105.32204,18.44774],[105.3221,18.44825],[105.3216,18.44887],[105.32163,18.44975],[105.32199,18.44996],[105.32294,18.44937],[105.3235,18.44997],[105.3239,18.4529],[105.32634,18.45622],[105.32695,18.458],[105.3277,18.45861],[105.3286,18.46243],[105.32972,18.46149],[105.33131,18.46217],[105.33163,18.46171],[105.33304,18.46271],[105.33359,18.46254]]]]}},
{"type":"Feature","id":"18202","properties":{"Ward_Code":"18202","Ward_Code_Num":18202,"Ward":"Tứ Mỹ","Ward_Alt":"Tứ Mỹ","Ward_Upper":"TỨ MỸ","Ward_Full":"Xã Tứ Mỹ","Ward_Full_Alt":"Xã Tứ Mỹ","Ward_Full_Upper_Alt":"XÃ TỨ MỸ","Ward_Type":"Xã","Province_Code":"42","Province":"Hà Tĩnh","Province_Upper_Alt":"HÀ TĨNH"},"geometry":{"type":"MultiPolygon","coordinates":[[[[105.53583,18.56008],[105.53588,18.55904],[105.53835,18.55864],[105.53885,18.55817],[105.53904,18.55741],[105.54164,18.55466],[105.54277,18.5542],[105.5437,18.55315],[105.54487,18.55303],[105.54809,18.55033],[105.54863,18.54935],[105.54828,18.5483],[105.54935,18.54699],[105.55036,18.54656],[105.55044,18.54567],[105.55108,18.54499],[105.55096,18.54412],[105.55146,18.54288],[105.54973,18.54101],[105.55041,18.54079],[105.55004,18.53967],[105.54917,18.53922],[105.54759,18.53975],[105.54745,18.53839],[105.54894,18.53648],[105.54785,18.53587],[105.55013,18.52759],[105.55161,18.52605],[105.5524,18.52591],[105.554,18.52624],[105.55341,18.52328],[105.55331,18.51172],[105.54966,18.50711],[105.5485,18.50405],[105.54762,18.50273],[105.54487,18.50093],[105.54064,18.49901],[105.5386,18.49682],[105.53842,18.495729999999998],[105.53901,18.49511],[105.54252,18.4937],[105.53756,18.48985],[105.53527,18.48942],[105.53334,18.48857],[105.53032,18.48456],[105.52902,18.48331],[105.52799,18.48334],[105.5275,18.48436],[105.52274,18.48103],[105.52269,18.48281],[105.52162,18.48354],[105.5214,18.48431],[105.52059,18.48495],[105.51941,18.48701],[105.51802,18.48723],[105.51576,18.48632],[105.51453,18.48619],[105.51202,18.48687],[105.51111,18.48859],[105.51097,18.49145],[105.50999,18.49198],[105.50899,18.49189],[105.50723,18.49273],[105.50507,18.49516],[105.50374,18.4983],[105.50237,18.49934],[105.50038,18.49968],[105.49988,18.5025],[105.49748,18.50449],[105.4965,18.5048],[105.49605,18.506],[105.49345,18.50533],[105.49197,18.50628],[105.48918,18.50469],[105.48779,18.50513],[105.4868,18.50634],[105.48483,18.50672],[105.48276,18.50954],[105.48366,18.51195],[105.48346,18.51563],[105.48297,18.51626],[105.48406,18.51734],[105.48492,18.51762],[105.48564,18.51748],[105.486,18.51678],[105.48763,18.51621],[105.48949,18.5169],[105.49,18.523],[105.49122,18.52668],[105.49324,18.53003],[105.4967,18.53282],[105.4978,18.53509],[105.49904,18.53646],[105.50139,18.53747],[105.50769,18.53869],[105.51089,18.54332],[105.51235,18.5443],[105.51689,18.54511],[105.52155,18.54452],[105.52252,18.54472],[105.52301,18.54579],[105.52206,18.54754],[105.52108,18.55056],[105.5216,18.55212],[105.52295,18.554],[105.52425,18.55515],[105.52576,18.55538],[105.52455,18.55752],[105.52645,18.55776],[105.53089,18.56097],[105.53353,18.55999],[105.53602,18.56115],[105.53583,18.56008]]]]}},
{"type":"Feature","id":"18223","properties":{"Ward_Code":"18223","Ward_Code_Num":18223,"Ward":"Kim Hoa","Ward_Alt":"Kim Hoa","Ward_Upper":"KIM HOA","Ward_Full":"Xã Kim Hoa","Ward_Full_Alt":"Xã Kim Hoa","Ward_Full_Upper_Alt":"XÃ KIM HOA","Ward_Type":"Xã","Province_Code":"42","Province":"Hà Tĩnh","Province_Upper_Alt":"HÀ TĨNH"},"geometry":{"type":"MultiPolygon","coordinates":[[[[105.51139,18.47865],[105.50578,18.47469],[105.50457,18.47256],[105.50418,18.46996],[105.50516,18.46843],[105.50574,18.46674],[105.50512,18.46488],[105.50414,18.46397],[105.50472,18.4629],[105.50544,18.45526],[105.50426,18.45482],[105.50346,18.45378],[105.49781,18.44912],[105.49568,18.44811],[105.49545,18.44728],[105.49427,18.4457],[105.49398,18.44605],[105.49318,18.44598],[105.49182,18.44437],[105.49129,18.44564],[105.49081,18.4454],[105.49043,18.44452],[105.49062,18.44085],[105.49006,18.44154],[105.48943,18.44127],[105.4899,18.44066],[105.48816,18.43928],[105.48757,18.44021],[105.48581,18.43932],[105.48548,18.43873],[105.48386,18.43822],[105.4839,18.43738],[105.4844,18.43697],[105.48414,18.43646],[105.48449,18.43582],[105.48281,18.43493],[105.48093,18.43228],[105.4797,18.43165],[105.47895,18.43036],[105.47942,18.4296],[105.48068,18.43006],[105.48101,18.4296],[105.48192,18.42959],[105.48077,18.42831],[105.48265,18.42729],[105.486,18.42314],[105.48745,18.42302],[105.48745,18.42038],[105.48674,18.41942],[105.48574,18.4187],[105.48438,18.41976],[105.48238,18.41865],[105.48483,18.41437],[105.48407,18.41302],[105.48395,18.41021],[105.48296,18.40947],[105.48204,18.40757],[105.48089,18.40865],[105.4791,18.40933],[105.47805,18.41132],[105.47574,18.41305],[105.47544,18.41456],[105.47425,18.41584],[105.47427,18.4167],[105.47375,18.41594],[105.47303,18.41578],[105.46916,18.4172],[105.46882,18.41827],[105.46726,18.41993],[105.46625,18.4216],[105.46518,18.42196],[105.46494,18.42245],[105.4635,18.42254],[105.46129,18.42343],[105.459,18.42542],[105.45662,18.42671],[105.45665,18.42717],[105.45539,18.42849],[105.45541,18.43016],[105.45447,18.43061],[105.45483,18.43181],[105.4542,18.4326],[105.45326,18.4326],[105.45252,18.4321],[105.44861,18.43146],[105.44526,18.43041],[105.44377,18.43044],[105.44095,18.42941],[105.43972,18.43023],[105.43809,18.43021],[105.43766,18.42864],[105.43684,18.42842],[105.43642,18.42872],[105.43593,18.43007],[105.43505,18.42956],[105.43474,18.42981],[105.43439,18.43129],[105.43334,18.4316],[105.43232,18.4334],[105.43153,18.43387],[105.43066,18.43373],[105.42947,18.43407],[105.4289,18.43572],[105.42665,18.43793],[105.42496,18.43915],[105.42336,18.43974],[105.42198,18.4422],[105.42111,18.44239],[105.4201,18.44347],[105.41921,18.44366],[105.41752,18.44527],[105.41445,18.44356],[105.41324,18.44236],[105.41324,18.44177],[105.41221,18.4403],[105.4088,18.43824],[105.40805,18.43847],[105.40715,18.43804],[105.40641,18.43809],[105.40624,18.43858],[105.40549,18.4389],[105.40295,18.43868],[105.40156,18.4383],[105.40099,18.4378],[105.4004,18.43803],[105.39811,18.44162],[105.39794,18.44244],[105.39646,18.44395],[105.39562,18.44386],[105.39515,18.44444],[105.39463,18.44621],[105.39234,18.45055],[105.39203,18.45216],[105.39105,18.45391],[105.39109,18.45524],[105.39076,18.45576],[105.39002,18.45572],[105.38888,18.45652],[105.38808,18.45762],[105.38747,18.45767],[105.38626,18.45865],[105.38377,18.45901],[105.38259,18.46011],[105.37945,18.4607],[105.37761,18.46221],[105.37638,18.46252],[105.37124,18.46778],[105.37103,18.46908],[105.3705,18.47005],[105.37142,18.47186],[105.37124,18.47285],[105.3708,18.47335],[105.37232,18.47299],[105.37483,18.47446],[105.37658,18.47436],[105.3795,18.47637],[105.38243,18.47561],[105.38346,18.47691],[105.38446,18.47694],[105.38569,18.47772],[105.38697,18.48239],[105.39211,18.4839],[105.3973,18.4843],[105.39825,18.48508],[105.39826,18.48547],[105.39884,18.48571],[105.39867,18.48611],[105.39806,18.48577],[105.39676,18.48597],[105.39636,18.48692],[105.39674,18.48744],[105.39784,18.48781],[105.39844,18.48716],[105.39834,18.48812],[105.3989,18.48847],[105.39845,18.48901],[105.39843,18.48985],[105.40334,18.49206],[105.40346,18.49235],[105.40399,18.49226],[105.40386,18.49302],[105.40562,18.49284],[105.40873,18.49128],[105.41059,18.49442],[105.41203,18.49391],[105.41426,18.49438],[105.41537,18.49495],[105.41583,18.49434],[105.41763,18.49467],[105.4193,18.49395],[105.41999,18.49396],[105.42043,18.49412],[105.42067,18.4947],[105.42128,18.49441],[105.42239,18.49243],[105.42333,18.4936],[105.42424,18.49363],[105.42601,18.49254],[105.42637,18.49152],[105.428,18.4909],[105.42903,18.48824],[105.42991,18.48747],[105.43068,18.48724],[105.43078,18.48688],[105.43193,18.48785],[105.4321,18.4888],[105.43253,18.48933],[105.43309,18.48937],[105.43325,18.4899],[105.43524,18.48764],[105.43634,18.48687],[105.4363,18.48564],[105.43726,18.48505],[105.43812,18.48222],[105.43937,18.48174],[105.44078,18.47959],[105.4427,18.4807],[105.44341,18.48247],[105.4444,18.48334],[105.44444,18.48479],[105.44637,18.48452],[105.44777,18.48567],[105.44958,18.49171],[105.45163,18.49277],[105.45225,18.49386],[105.45216,18.49711],[105.45166999999999,18.49772],[105.45338,18.50036],[105.45251,18.50341],[105.45326,18.50499],[105.45343,18.50747],[105.45463,18.50693],[105.45584,18.5058],[105.45688,18.50639],[105.46134,18.50592],[105.46241,18.50636],[105.46369,18.50743],[105.46422,18.50732],[105.46468,18.50671],[105.46499,18.50679],[105.4651,18.50767],[105.46593,18.50791],[105.46666,18.50755],[105.46644,18.5064],[105.4673,18.50663],[105.46789,18.50625],[105.46788,18.5072],[105.46857,18.5075],[105.46926,18.50713],[105.46873,18.5064],[105.46897,18.50597],[105.46994,18.50611],[105.47103,18.50526],[105.47117,18.50461],[105.4716,18.50469],[105.47149,18.50407],[105.47177,18.50365],[105.47122,18.5032],[105.47134,18.50199],[105.47174,18.50177],[105.47341,18.5019],[105.47491,18.50298],[105.4747,18.50378],[105.47497,18.50496],[105.47674,18.50454],[105.47709,18.50489],[105.47717,18.50632],[105.47603,18.50662],[105.47618,18.50705],[105.47762,18.50789],[105.47642,18.5098],[105.47649,18.51028],[105.47721,18.5106],[105.47835,18.51026],[105.4799,18.51141],[105.48059,18.51346],[105.48197,18.5141],[105.48297,18.51626],[105.48346,18.51563],[105.48366,18.51195],[105.48276,18.50954],[105.48483,18.50672],[105.4868,18.50634],[105.48779,18.50513],[105.48918,18.50469],[105.49197,18.50628],[105.49345,18.50533],[105.49605,18.506],[105.4965,18.5048],[105.49748,18.50449],[105.49988,18.5025],[105.50038,18.49968],[105.50237,18.49934],[105.50374,18.4983],[105.50507,18.49516],[105.50723,18.49273],[105.50899,18.49189],[105.50999,18.49198],[105.51097,18.49145],[105.51008,18.48937],[105.51028,18.48812],[105.50734,18.48616],[105.50847,18.48463],[105.50915,18.4827],[105.51035,18.48033],[105.5112,18.47954],[105.51139,18.47865]]]]}},
{"type":"Feature","id":"18229","properties":{"Ward_Code":"18229","Ward_Code_Num":18229,"Ward":"Đức Thọ","Ward_Alt":"Đức Thọ","Ward_Upper":"ĐỨC THỌ","Ward_Full":"Xã Đức Thọ","Ward_Full_Alt":"Xã Đức Thọ","Ward_Full_Upper_Alt":"XÃ ĐỨC THỌ","Ward_Type":"Xã","Province_Code":"42","Province":"Hà Tĩnh","Province_Upper_Alt":"HÀ TĨNH"},"geometry":{"type":"MultiPolygon","coordinates":[[[[105.60079,18.5246],[105.60081,18.52426],[105.59985,18.52454],[105.59998,18.52387],[105.59932,18.5232],[105.59918,18.52205],[105.59845,18.52195],[105.59828,18.52112],[105.59759,18.52035],[105.59692,18.51582],[105.59602,18.51604],[105.59695,18.51507],[105.59695,18.51441],[105.59744,18.51373],[105.59728,18.51342],[105.60326,18.5099],[105.60686,18.51045],[105.60687,18.51069],[105.60925,18.51071],[105.6098,18.51246],[105.6126,18.5117],[105.60929,18.50235],[105.60848,18.50249],[105.60571,18.49479],[105.60652,18.4945],[105.60607,18.49322],[105.61132,18.49132],[105.61513,18.49357],[105.61629,18.49145],[105.61716,18.49076],[105.61749,18.49002],[105.61747,18.48955],[105.61691,18.48922],[105.61744,18.48821],[105.61705,18.48783],[105.617,18.48614],[105.61754,18.48596],[105.61834,18.48653],[105.61636,18.48374],[105.61372,18.48162],[105.61278,18.47962],[105.61218,18.47689],[105.61063,18.47793],[105.60857,18.47236],[105.60766,18.47198],[105.60752,18.47144],[105.60818,18.46804],[105.60645,18.46707],[105.60389,18.4644],[105.6021,18.46119],[105.60027,18.45951],[105.59983,18.46025],[105.59988,18.46149],[105.59902,18.46234],[105.59868,18.46384],[105.59359,18.46308],[105.59242,18.46527],[105.59213,18.46647],[105.59136,18.46586],[105.5906,18.46643],[105.58816,18.46679],[105.58792,18.46761],[105.58674,18.4678],[105.58646,18.46675],[105.58496,18.46723],[105.58505,18.4681],[105.5846,18.46862],[105.58514,18.46914],[105.58491,18.46982],[105.58363,18.46946],[105.58297,18.46819],[105.58299,18.46729],[105.5811,18.46777],[105.58124,18.46848],[105.58073,18.46943],[105.57956,18.47015],[105.57442,18.47108],[105.57133,18.47345],[105.5704,18.47301],[105.57074,18.47007],[105.57049,18.46855],[105.56677,18.46886],[105.56578,18.46962],[105.56489,18.46966],[105.56527,18.46648],[105.56312,18.4667],[105.55675,18.46614],[105.55523,18.46428],[105.55525,18.46357],[105.55491,18.46316],[105.55366,18.46399],[105.55182,18.46634],[105.55024,18.46631],[105.54278,18.46929],[105.54287,18.47062],[105.54183,18.47307],[105.54213,18.47332],[105.5429,18.4734],[105.54461,18.47278],[105.54653,18.47322],[105.54874,18.47313],[105.54945,18.47371],[105.55127,18.4776],[105.55315,18.48448],[105.54729,18.49042],[105.54252,18.4937],[105.53901,18.49511],[105.53842,18.495729999999998],[105.53839,18.49639],[105.54064,18.49901],[105.54487,18.50093],[105.54762,18.50273],[105.5485,18.50405],[105.54966,18.50711],[105.5532,18.51145],[105.55345,18.52372],[105.55542,18.53174],[105.5568,18.53408],[105.55945,18.5375],[105.56048,18.53944],[105.56152,18.54046],[105.56381,18.54222],[105.5653,18.54294],[105.56919,18.54464],[105.57366,18.5459],[105.57917,18.54633],[105.58264,18.54579],[105.58525,18.5449],[105.58741,18.54385],[105.59427,18.53879],[105.59892,18.53324],[105.60347,18.52874],[105.60045,18.52528],[105.60079,18.5246]]]]}},
{"type":"Feature","id":"18244","properties":{"Ward_Code":"18244","Ward_Code_Num":18244,"Ward":"Đức Minh","Ward_Alt":"Đức Minh","Ward_Upper":"ĐỨC MINH","Ward_Full":"Xã Đức Minh","Ward_Full_Alt":"Xã Đức Minh","Ward_Full_Upper_Alt":"XÃ ĐỨC MINH","Ward_Type":"Xã","Province_Code":"42","Province":"Hà Tĩnh","Province_Upper_Alt":"HÀ TĨNH"},"geometry":{"type":"MultiPolygon","coordinates":[[[[105.61734,18.57722],[105.61754,18.57417],[105.61722,18.5729],[105.61806,18.56948],[105.61916,18.56744],[105.62269,18.56842],[105.62685,18.56893],[105.62927,18.5691],[105.62932,18.56835],[105.62488,18.56586],[105.62603,18.56242],[105.61966,18.55997],[105.61759,18.55775],[105.61627,18.55559],[105.61444,18.55077],[105.61395,18.54779],[105.61437,18.54228],[105.61558,18.53935],[105.61574,18.53659],[105.61514,18.53489],[105.61425,18.5337],[105.60889,18.52836],[105.60749,18.5276],[105.60624,18.52743],[105.60347,18.52874],[105.59892,18.53324],[105.59427,18.53879],[105.58741,18.54385],[105.58264,18.54579],[105.57732,18.54638],[105.57198,18.54557],[105.56919,18.54464],[105.56381,18.54222],[105.56268,18.54144],[105.56048,18.53944],[105.55945,18.5375],[105.55574,18.53247],[105.554,18.52624],[105.55201,18.52594],[105.55124,18.52623],[105.55047,18.52704],[105.54986,18.52828],[105.54848,18.53432],[105.54785,18.53587],[105.54894,18.53648],[105.54745,18.53839],[105.54759,18.53975],[105.54917,18.53922],[105.55004,18.53967],[105.55041,18.54079],[105.54973,18.54101],[105.55137,18.54269],[105.55147,18.54313],[105.55096,18.54412],[105.55108,18.54499],[105.55035,18.54587],[105.55036,18.54656],[105.54935,18.54699],[105.54828,18.5483],[105.54863,18.54935],[105.54837,18.55004],[105.54616,18.55212],[105.54662,18.55319],[105.54783,18.55367],[105.54953,18.55328],[105.55123,18.55464],[105.55123,18.55514],[105.55256,18.55725],[105.55393,18.55782],[105.55817,18.55852],[105.55895,18.55951],[105.56554,18.55986],[105.56646,18.56144],[105.56812,18.56187],[105.56833,18.56027],[105.57259,18.56056],[105.57275,18.55861],[105.57672,18.55849],[105.57768,18.56014],[105.5837,18.55878],[105.58496,18.5607],[105.58477,18.56115],[105.58562,18.56152],[105.5854,18.56221],[105.58586,18.56315],[105.58542,18.56356],[105.58602,18.5642],[105.58583,18.56608],[105.58658,18.56676],[105.58934,18.57285],[105.59356,18.5722],[105.59502,18.5731],[105.59582,18.57324],[105.59607,18.57479],[105.59943,18.57709],[105.59972,18.577],[105.5996,18.57652],[105.60026,18.57573],[105.60121,18.57504],[105.60312,18.57493],[105.60313,18.57523],[105.60508,18.57578],[105.60496,18.57616],[105.60621,18.57632],[105.60846,18.57734],[105.60881,18.57679],[105.60952,18.57671],[105.61408,18.57818],[105.61734,18.57879],[105.61734,18.57722]]]]}},
{"type":"Feature","id":"18262","properties":{"Ward_Code":"18262","Ward_Code_Num":18262,"Ward":"Đức Quang","Ward_Alt":"Đức Quang","Ward_Upper":"ĐỨC QUANG","Ward_Full":"Xã Đức Quang","Ward_Full_Alt":"Xã Đức Quang","Ward_Full_Upper_Alt":"XÃ ĐỨC QUANG","Ward_Type":"Xã","Province_Code":"42","Province":"Hà Tĩnh","Province_Upper_Alt":"HÀ TĨNH"},"geometry":{"type":"MultiPolygon","coordinates":[[[[105.64953,18.57813],[105.66431,18.58465],[105.6666,18.58496],[105.66953,18.58433],[105.66787,18.57548],[105.6666,18.57183],[105.66665,18.56923],[105.66569,18.56586],[105.66577,18.56167],[105.66421,18.55939],[105.66265,18.55822],[105.66068,18.55728],[105.66144,18.5564],[105.66204,18.55626],[105.66467,18.55718],[105.66616,18.55722],[105.66922,18.55614],[105.6706,18.55421],[105.67319,18.55428],[105.67371,18.54719],[105.6722,18.54541],[105.67053,18.54434],[105.66844,18.54236],[105.66746,18.5419],[105.66496,18.54186],[105.66474,18.54154],[105.66499,18.54032],[105.66442,18.53819],[105.66028,18.53815],[105.66026,18.53845],[105.65864,18.53858],[105.65852,18.53818],[105.65656,18.53841],[105.65485,18.53816],[105.65409,18.5375],[105.65398,18.53693],[105.65106,18.53683],[105.65026,18.53615],[105.64984,18.53366],[105.6482,18.53327],[105.64819,18.5326],[105.64786,18.53232],[105.64641,18.53241],[105.64577,18.53093],[105.64508,18.5312],[105.64495,18.53081],[105.64366,18.53128],[105.64196,18.52599],[105.64174,18.5263],[105.63914,18.52497],[105.6397,18.52422],[105.6367,18.52252],[105.63569,18.5221],[105.63535,18.52298],[105.63335,18.5235],[105.63336,18.5232],[105.63138,18.52311],[105.63099,18.52264],[105.63121,18.52198],[105.63033,18.52184],[105.62998,18.52257],[105.62937,18.52271],[105.62899,18.52376],[105.62657,18.52328],[105.62646,18.5235],[105.62533,18.52294],[105.62551,18.52197],[105.61966,18.51798],[105.61904,18.51833],[105.61784,18.51627],[105.61664,18.51662],[105.61552,18.51523],[105.61406,18.51577],[105.6126,18.5117],[105.6098,18.51246],[105.60925,18.51071],[105.60687,18.51069],[105.60686,18.51045],[105.60326,18.5099],[105.59728,18.51342],[105.59744,18.51373],[105.59695,18.51441],[105.59695,18.51507],[105.59602,18.51604],[105.59692,18.51582],[105.59759,18.52035],[105.59828,18.52112],[105.59845,18.52195],[105.59918,18.52205],[105.59932,18.5232],[105.59998,18.52387],[105.59985,18.52454],[105.60095,18.52435],[105.60041,18.5252],[105.60166,18.52697],[105.60347,18.52874],[105.60611,18.52744],[105.60786,18.52775],[105.61058,18.52985],[105.61514,18.53489],[105.61579,18.53678],[105.61582,18.53784],[105.6155,18.53963],[105.61437,18.54228],[105.61408,18.5493],[105.61598,18.55493],[105.61759,18.55775],[105.61966,18.55997],[105.62603,18.56242],[105.62488,18.56586],[105.62932,18.56835],[105.62927,18.5691],[105.63177,18.56959],[105.6371,18.57444],[105.64953,18.57813]]]]}},
{"type":"Feature","id":"18277","properties":{"Ward_Code":"18277","Ward_Code_Num":18277,"Ward":"Đức Thịnh","Ward_Alt":"Đức Thịnh","Ward_Upper":"ĐỨC THỊNH","Ward_Full":"Xã Đức Thịnh","Ward_Full_Alt":"Xã Đức Thịnh","Ward_Full_Upper_Alt":"XÃ ĐỨC THỊNH","Ward_Type":"Xã","Province_Code":"42","Province":"Hà Tĩnh","Province_Upper_Alt":"HÀ TĨNH"},"geometry":{"type":"MultiPolygon","coordinates":[[[[105.66026,18.53845],[105.66028,18.53815],[105.66442,18.53819],[105.66464,18.53763],[105.66668,18.53658],[105.66702,18.53605],[105.67129,18.53591],[105.6724,18.53481],[105.67465,18.53415],[105.67548,18.52998],[105.67607,18.52922],[105.67702,18.52984],[105.67718,18.53284],[105.67765,18.53349],[105.67864,18.53384],[105.67926,18.53367],[105.6802,18.53249],[105.68157,18.53149],[105.6849,18.53132],[105.68517,18.53003],[105.68499,18.5281],[105.6876,18.52713],[105.68734,18.52387],[105.67984,18.52301],[105.67925,18.52175],[105.6787,18.51749],[105.678,18.51718],[105.67786,18.51616],[105.67688,18.51613],[105.67679,18.51381],[105.67562,18.51352],[105.67446,18.51236],[105.67194,18.50718],[105.67151,18.50736],[105.66879,18.50476],[105.6676,18.50451],[105.66808,18.50221],[105.66663,18.50158],[105.66711,18.50074],[105.66684,18.50057],[105.66714,18.49975],[105.6668,18.49943],[105.66678,18.49836],[105.66627,18.49833],[105.66652,18.49735],[105.6678,18.4975],[105.66804,18.49727],[105.6681,18.49701],[105.66741,18.49661],[105.6674,18.49606],[105.66814,18.49672],[105.66832,18.49658],[105.6672,18.49527],[105.66344,18.49464],[105.66313,18.49304],[105.66274,18.4927],[105.66116,18.49243],[105.66066,18.4903],[105.66103,18.49024],[105.66202,18.48862],[105.66054,18.48632],[105.66064,18.485],[105.66219,18.4847],[105.66154,18.48117],[105.65982,18.48094],[105.65962,18.48011],[105.65652,18.48068],[105.65497,18.48275],[105.65437,18.48238],[105.65199,18.4823],[105.6516,18.4828],[105.65183,18.48329],[105.65136,18.48356],[105.6512,18.48297],[105.65178,18.48174],[105.65159,18.48155],[105.65072,18.48293],[105.64981,18.48278],[105.6484,18.48322],[105.64808,18.48254],[105.64852,18.48181],[105.64745,18.48094],[105.64666,18.48119],[105.6469,18.4818],[105.64654,18.4825],[105.6454,18.48161],[105.6453,18.48007],[105.64405,18.4789],[105.64464,18.47824],[105.64513,18.47868],[105.64562,18.47835],[105.64464,18.4762],[105.64474,18.47527],[105.64432,18.47453],[105.6448,18.47385],[105.64542,18.47378],[105.64573,18.47247],[105.64633,18.47207],[105.64623,18.47086],[105.6469,18.47016],[105.64575,18.46995],[105.6451,18.4681],[105.64462,18.46758],[105.64499,18.46595],[105.6454,18.46568],[105.64624,18.46584],[105.6465,18.46552],[105.64633,18.46375],[105.64489,18.46245],[105.64499,18.4612],[105.64587,18.46183],[105.64615,18.46151],[105.64564,18.46076],[105.64557,18.45999],[105.64495,18.45963],[105.64441,18.46018],[105.64359,18.45971],[105.64217,18.46002],[105.64089,18.45939],[105.6392,18.45939],[105.63875,18.45909],[105.63773,18.45944],[105.63742,18.45774],[105.63675,18.45722],[105.63747,18.45675],[105.63718,18.45601],[105.63813,18.45438],[105.63773,18.45411],[105.6375,18.45326],[105.63653,18.45288],[105.63472,18.45145],[105.63473,18.45091],[105.63549,18.45037],[105.63494,18.44962],[105.63485,18.44861],[105.63532,18.44675],[105.63451,18.44458],[105.63442,18.44235],[105.63481,18.44015],[105.63554,18.43831],[105.63714,18.43585],[105.63681,18.43277],[105.63608,18.43136],[105.63634,18.43104],[105.63612,18.43031],[105.63643,18.43003],[105.63635,18.42928],[105.6369,18.42822],[105.63656,18.42547],[105.63614,18.42502],[105.63598,18.42369],[105.63518,18.42355],[105.6354,18.42242],[105.63256,18.41774],[105.62965,18.41912],[105.62859,18.42078],[105.62654,18.42242],[105.62417,18.42577],[105.62213,18.4278],[105.622,18.42914],[105.62106,18.43066],[105.62036,18.43122],[105.61969,18.43321],[105.61713,18.43612],[105.61584,18.4383],[105.61533,18.44096],[105.615,18.44136],[105.61429,18.44213],[105.61273,18.44287],[105.61214,18.44411],[105.60421,18.44981],[105.6025,18.45365],[105.60153,18.4577],[105.60027,18.45951],[105.6021,18.46119],[105.60389,18.4644],[105.60562,18.46631],[105.60689,18.46739],[105.60802,18.46778],[105.60824,18.46837],[105.60765,18.46977],[105.60752,18.47144],[105.60766,18.47198],[105.60857,18.47236],[105.61063,18.47793],[105.61218,18.47689],[105.61278,18.47962],[105.61372,18.48162],[105.61636,18.48374],[105.61834,18.48653],[105.61754,18.48596],[105.617,18.48614],[105.61705,18.48783],[105.61744,18.48821],[105.61691,18.48922],[105.61747,18.48955],[105.61749,18.49002],[105.61716,18.49076],[105.61629,18.49145],[105.61513,18.49357],[105.61132,18.49132],[105.60607,18.49322],[105.60652,18.4945],[105.60571,18.49479],[105.60848,18.50249],[105.60929,18.50235],[105.61406,18.51577],[105.61552,18.51523],[105.61664,18.51662],[105.61784,18.51627],[105.61904,18.51833],[105.61966,18.51798],[105.62551,18.52197],[105.62533,18.52294],[105.62646,18.5235],[105.62657,18.52328],[105.62899,18.52376],[105.62937,18.52271],[105.62998,18.52257],[105.63033,18.52184],[105.63121,18.52198],[105.63099,18.52264],[105.63138,18.52311],[105.63336,18.5232],[105.63335,18.5235],[105.63535,18.52298],[105.63569,18.5221],[105.6367,18.52252],[105.6397,18.52422],[105.63914,18.52497],[105.64174,18.5263],[105.64196,18.52599],[105.64366,18.53128],[105.64495,18.53081],[105.64508,18.5312],[105.64577,18.53093],[105.64641,18.53241],[105.64786,18.53232],[105.64819,18.5326],[105.6482,18.53327],[105.64984,18.53366],[105.65026,18.53615],[105.65106,18.53683],[105.65398,18.53693],[105.65409,18.5375],[105.65485,18.53816],[105.65656,18.53841],[105.65852,18.53818],[105.65864,18.53858],[105.66026,18.53845]]]]}},
{"type":"Feature","id":"18304","properties":{"Ward_Code":"18304","Ward_Code_Num":18304,"Ward":"Đức Đồng","Ward_Alt":"Đức Đồng","Ward_Upper":"ĐỨC ĐỒNG","Ward_Full":"Xã Đức Đồng","Ward_Full_Alt":"Xã Đức Đồng","Ward_Full_Upper_Alt":"XÃ ĐỨC ĐỒNG","Ward_Type":"Xã","Province_Code":"42","Province":"Hà Tĩnh","Province_Upper_Alt":"HÀ TĨNH"},"geometry":{"type":"MultiPolygon","coordinates":[[[[105.57498,18.4709],[105.57956,18.47015],[105.58073,18.46943],[105.58124,18.46848],[105.5811,18.46777],[105.58266,18.4673],[105.58314,18.46758],[105.58297,18.46819],[105.58363,18.46946],[105.58497,18.4698],[105.58514,18.46914],[105.5846,18.46862],[105.58505,18.4681],[105.58496,18.46723],[105.58646,18.46675],[105.58674,18.4678],[105.58792,18.46761],[105.58816,18.46679],[105.5906,18.46643],[105.59136,18.46586],[105.59213,18.46647],[105.59242,18.46527],[105.59359,18.46308],[105.59879,18.46375],[105.59902,18.46234],[105.59988,18.46149],[105.59983,18.46025],[105.60153,18.4577],[105.6025,18.45365],[105.60395,18.45018],[105.60461,18.44938],[105.61214,18.44411],[105.61273,18.44287],[105.61429,18.44213],[105.61533,18.44096],[105.61584,18.4383],[105.61713,18.43612],[105.61969,18.43321],[105.62036,18.43122],[105.62106,18.43066],[105.622,18.42914],[105.62213,18.4278],[105.62417,18.42577],[105.62654,18.42242],[105.62859,18.42078],[105.62965,18.41912],[105.63124,18.41819],[105.63391,18.41753],[105.6356,18.41668],[105.63604,18.41602],[105.63604,18.41479],[105.63652,18.41412],[105.6388,18.41426],[105.64003,18.41306],[105.64132,18.41254],[105.63973,18.40197],[105.63818,18.39679],[105.6367,18.3933],[105.63313,18.39511],[105.6312,18.39642],[105.63104,18.39705],[105.62855,18.39713],[105.62271,18.40076],[105.62214,18.40132],[105.62195,18.40211],[105.61985,18.40335],[105.61832,18.40354],[105.61516,18.4058],[105.61311,18.40622],[105.61224,18.40686],[105.6109,18.40697],[105.60848,18.40833],[105.60641,18.40869],[105.606,18.4095],[105.60513,18.40972],[105.60354,18.41146],[105.60335,18.41256],[105.60217,18.41294],[105.60007,18.4144],[105.59876,18.41608],[105.59875,18.41743],[105.59644,18.41293],[105.59742,18.41193],[105.59795,18.41068],[105.5973,18.40817],[105.59618,18.4067],[105.59371,18.40615],[105.59244,18.40551],[105.59165,18.40573],[105.59031,18.40708],[105.58878,18.40729],[105.58717,18.40838],[105.58632,18.40859],[105.58534,18.41003],[105.58318,18.41146],[105.5822,18.4131],[105.58111,18.41357],[105.57924,18.41632],[105.57501,18.41915],[105.57429,18.42037],[105.57328,18.42091],[105.5712,18.42324],[105.56999,18.42554],[105.56898,18.4262],[105.56802,18.42629],[105.56587,18.42718],[105.56346,18.42864],[105.56141,18.42793],[105.55797,18.42958],[105.55657,18.42954],[105.55467,18.42882],[105.55398,18.42825],[105.55266,18.42549],[105.55221,18.42521],[105.55108,18.42515],[105.54986,18.42588],[105.54798,18.42629],[105.54561,18.42454],[105.54512,18.42449],[105.54433,18.42515],[105.54406,18.42896],[105.54272,18.43058],[105.54193,18.43409],[105.54235,18.43922],[105.54154,18.44056],[105.53969,18.44166],[105.53931,18.44256],[105.54154,18.44626],[105.54272,18.45061],[105.54243,18.45244],[105.54115,18.45406],[105.5411,18.45508],[105.54212,18.458],[105.54092,18.45997],[105.54109,18.46049],[105.54292,18.46212],[105.54363,18.46425],[105.54318,18.46541],[105.54177,18.46594],[105.54057,18.46878],[105.5409,18.47134],[105.54162,18.47284],[105.54183,18.47307],[105.54269,18.47128],[105.54278,18.46929],[105.55024,18.46631],[105.55182,18.46634],[105.55465,18.46313],[105.55509,18.46331],[105.55523,18.46428],[105.55675,18.46614],[105.56312,18.4667],[105.56527,18.46648],[105.56489,18.46966],[105.56578,18.46962],[105.56677,18.46886],[105.57049,18.46855],[105.57074,18.47007],[105.5704,18.47301],[105.57099,18.47333],[105.57133,18.47345],[105.57213,18.4726],[105.57498,18.4709]]]]}},
{"type":"Feature","id":"18313","properties":{"Ward_Code":"18313","Ward_Code_Num":18313,"Ward":"Vũ Quang","Ward_Alt":"Vũ Quang","Ward_Upper":"VŨ QUANG","Ward_Full":"Xã Vũ Quang","Ward_Full_Alt":"Xã Vũ Quang","Ward_Full_Upper_Alt":"XÃ VŨ QUANG","Ward_Type":"Xã","Province_Code":"42","Province":"Hà Tĩnh","Province_Upper_Alt":"HÀ TĨNH"},"geometry":{"type":"MultiPolygon","coordinates":[[[[105.60445,18.32637],[105.60425,18.32767],[105.60389,18.32787],[105.60332,18.33196],[105.60236,18.33183],[105.59906,18.3299],[105.59777,18.33048],[105.59687,18.33184],[105.59566,18.33244],[105.59443,18.33159],[105.59207,18.332],[105.59166,18.33157],[105.59143,18.33],[105.59145,18.32944],[105.5921,18.32886],[105.59159,18.32385],[105.592,18.31935],[105.59171,18.31922],[105.59115,18.31759],[105.59154,18.31658],[105.59261,18.31537],[105.59185,18.31388],[105.59003,18.31375],[105.58806,18.3123],[105.58492,18.31308],[105.5833,18.31391],[105.58209,18.31157],[105.58077,18.31043],[105.5775,18.30846],[105.57595,18.30867],[105.57504,18.30842],[105.57449,18.30699],[105.57346,18.3061],[105.57203,18.30666],[105.57031,18.30624],[105.56811,18.30708],[105.5667,18.30799],[105.56448,18.30816],[105.56223,18.30424],[105.56023,18.30351],[105.55919,18.30246],[105.55848,18.30054],[105.55977,18.29796],[105.5566,18.29489],[105.55603,18.29537],[105.55383,18.29556],[105.5524,18.29511],[105.55048,18.29499],[105.54922,18.29439],[105.54594,18.29846],[105.54464,18.29815],[105.54444,18.29963],[105.54382,18.30053],[105.54144,18.30203],[105.54006,18.3039],[105.53879,18.30464],[105.53624,18.30464],[105.53395,18.30407],[105.5311,18.30481],[105.53004,18.30605],[105.52858,18.3057],[105.527,18.3066],[105.52434,18.3058],[105.52144,18.30746],[105.51617,18.30746],[105.51386,18.30633],[105.51052,18.30584],[105.50974,18.30528],[105.50899,18.30542],[105.50726,18.30367],[105.50626,18.3035],[105.50535,18.30496],[105.5043,18.30502],[105.50294,18.30303],[105.50244,18.30288],[105.50165,18.30309],[105.50119,18.30413],[105.49704,18.30567],[105.49601,18.30654],[105.4951,18.30686],[105.49364,18.3067],[105.49276,18.30438],[105.49026,18.30226],[105.49052,18.30102],[105.48961,18.29952],[105.48915,18.29788],[105.48939,18.29388],[105.48903,18.29155],[105.48622,18.2894],[105.48636,18.28813],[105.48565,18.28696],[105.48716,18.28552],[105.48721,18.28505],[105.4848,18.28206],[105.48576,18.28097],[105.486,18.28013],[105.48512,18.27915],[105.48488,18.27828],[105.48319,18.27746],[105.48207,18.27729],[105.48172,18.2747],[105.48208,18.27345],[105.47915,18.27084],[105.47912,18.26737],[105.47575,18.26629],[105.47333,18.26486],[105.46845,18.26266],[105.4672,18.26149],[105.4671,18.26029],[105.46615,18.25898],[105.46614,18.25575],[105.46709,18.25471],[105.46749,18.25376],[105.46678,18.25287],[105.46685,18.25202],[105.466,18.24833],[105.46554,18.24794],[105.46547,18.2472],[105.46427,18.246],[105.46423,18.2435],[105.46206,18.24096],[105.46179,18.23859],[105.46251,18.23728],[105.46198,18.23656],[105.46211,18.23585],[105.46164,18.23422],[105.46053,18.2337],[105.46026,18.23278],[105.45938,18.23182],[105.4588,18.23033],[105.45805,18.22946],[105.4561,18.22397],[105.45632,18.2212],[105.45544,18.21993],[105.4551,18.21866],[105.45526,18.21758],[105.45607,18.21662],[105.45593,18.21568],[105.45621,18.21492],[105.45566,18.21088],[105.45455,18.20871],[105.45224,18.20804],[105.45156,18.2069],[105.45228,18.20486],[105.45068,18.20364],[105.44847,18.2029],[105.44676,18.2039],[105.44351,18.20438],[105.44232,18.2034],[105.44204,18.20219],[105.44259,18.20112],[105.44299,18.20083],[105.44436,18.20084],[105.4471,18.19943],[105.44697,18.19707],[105.44621,18.19612],[105.44618,18.19507],[105.44674,18.19431],[105.44603,18.19281],[105.44549,18.19207],[105.44372,18.19205],[105.44235,18.18945],[105.44156,18.18873],[105.44192,18.1872],[105.44072,18.18434],[105.43971,18.18334],[105.43975,18.18236],[105.43836,18.18071],[105.43646,18.1805],[105.43594,18.18002],[105.43363,18.17998],[105.43242,18.17929],[105.43174,18.17926],[105.43016,18.17994],[105.42822,18.18247],[105.42662,18.18342],[105.42403,18.18295],[105.42279,18.18314],[105.42187,18.1839],[105.42053,18.18325],[105.41933,18.18171],[105.41865,18.17921],[105.41702,18.17648],[105.41554,18.17542],[105.41432,18.17277],[105.41432,18.1703],[105.41393,18.16909],[105.41534,18.16712],[105.41522,18.16545],[105.4143,18.16395],[105.41403,18.16225],[105.41327,18.16098],[105.41339,18.1603],[105.41257,18.15812],[105.41251,18.15686],[105.41185,18.15604],[105.4106,18.15542],[105.40962,18.15346],[105.40875,18.15454],[105.40741,18.1551],[105.40684,18.15602],[105.40452,18.15704],[105.40415,18.15947],[105.40384,18.1597],[105.40296,18.15981],[105.40159,18.15945],[105.40026,18.16071],[105.39832,18.1604],[105.39727,18.1593],[105.39604,18.15867],[105.39494,18.15877],[105.39408,18.15928],[105.39214,18.15945],[105.39224,18.16023],[105.39123,18.16153],[105.39106,18.16245],[105.38934,18.16256],[105.38755,18.16439],[105.38604,18.16626],[105.3837,18.17016],[105.38126,18.16909],[105.38025,18.16724],[105.37656,18.16585],[105.3769,18.16205],[105.37643,18.16045],[105.37563,18.16042],[105.37391,18.16112],[105.37178,18.16072],[105.36735,18.16097],[105.36541,18.1633],[105.36345,18.16372],[105.3634,18.16657],[105.36245,18.16822],[105.36229,18.17008],[105.36018,18.17268],[105.3587,18.17633],[105.35766,18.17719],[105.35685,18.17883],[105.35602,18.1797],[105.35406,18.18039],[105.35404,18.18207],[105.35255,18.18318],[105.35197,18.18401],[105.3512,18.18438],[105.34906,18.1831],[105.34565,18.183],[105.34376,18.18222],[105.3427,18.18233],[105.34046,18.1833],[105.33616,18.18231],[105.3374,18.18338],[105.33754,18.18392],[105.33834,18.1893],[105.33772,18.19127],[105.33441,18.19173],[105.33143,18.19131],[105.3292,18.19157],[105.32893,18.19187],[105.32949,18.19333],[105.32635,18.19436],[105.32266,18.19836],[105.32,18.2004],[105.32005,18.20203],[105.321,18.20326],[105.32174,18.205],[105.32327,18.20722],[105.3239,18.2078],[105.32525,18.20818],[105.32584,18.20936],[105.32581,18.21309],[105.32609,18.21434],[105.32539,18.2152],[105.32488,18.21778],[105.32564,18.22048],[105.32371,18.2231],[105.32384,18.2265],[105.3232,18.22834],[105.32553,18.23235],[105.3248,18.23676],[105.32493,18.23754],[105.32699,18.23912],[105.32826,18.24099],[105.32864,18.24478],[105.3295,18.24583],[105.32981,18.24728],[105.32971,18.24902],[105.33149,18.25244],[105.331,18.25573],[105.32952,18.25705],[105.3288,18.25838],[105.3289,18.25977],[105.33006,18.26222],[105.32859,18.26451],[105.32785,18.26486],[105.32617,18.26431],[105.32215,18.26472],[105.32082,18.26636],[105.32003,18.26648],[105.31844,18.26498],[105.31639,18.26427],[105.31297,18.26448],[105.31065,18.26606],[105.3089,18.26191],[105.30739,18.26042],[105.30665,18.25824],[105.3054,18.25678],[105.30558,18.25538],[105.30697,18.25411],[105.30696,18.25128],[105.30554,18.24836],[105.30439,18.24753],[105.30406,18.24572],[105.30291,18.24466],[105.30248,18.24219],[105.3027,18.24063],[105.30146,18.23708],[105.30017,18.23546],[105.29974,18.23566],[105.29869,18.23856],[105.29656,18.24061],[105.29571,18.24232],[105.29588,18.2439],[105.29548,18.2452],[105.29574,18.24695],[105.29681,18.24902],[105.29772,18.24998],[105.29848,18.25181],[105.29869,18.25333],[105.29968,18.25449],[105.2975,18.25618],[105.2968,18.25621],[105.29538,18.25499],[105.29233,18.25497],[105.29131,18.25625],[105.29077,18.25643],[105.289,18.25494],[105.28838,18.25486],[105.28767,18.25879],[105.28465,18.2604],[105.28179,18.26082],[105.28124,18.26049],[105.28099,18.25989],[105.28142,18.25802],[105.28125,18.25753],[105.27838,18.25483],[105.27804,18.25408],[105.27593,18.25398],[105.27474,18.25478],[105.2733,18.25867],[105.27239,18.25953],[105.27092,18.25993],[105.27006,18.25981],[105.26721,18.25797],[105.26671,18.25806],[105.26574,18.25894],[105.26352,18.25973],[105.2566,18.25897],[105.25623,18.26012],[105.25618,18.26431],[105.25822,18.26649],[105.25833,18.26801],[105.28644,18.27203],[105.29481,18.27627],[105.29736,18.27725],[105.29956,18.27955],[105.30002,18.28319],[105.30125,18.28729],[105.30139,18.29361],[105.30487,18.29345],[105.30714,18.29495],[105.30805,18.29517],[105.30778,18.29663],[105.30828,18.30196],[105.30805,18.30277],[105.3087,18.30465],[105.30831,18.30644],[105.30912,18.30896],[105.30719,18.31101],[105.30722,18.31305],[105.30863,18.31481],[105.30898,18.31619],[105.31065,18.31681],[105.3118,18.31895],[105.31299,18.32036],[105.31348,18.3221],[105.3148,18.32281],[105.31611,18.32422],[105.31881,18.32442],[105.32003,18.32832],[105.31977,18.32997],[105.32061,18.3307],[105.32253,18.33152],[105.32346,18.3357],[105.32451,18.33785],[105.32551,18.33904],[105.32582,18.34014],[105.32635,18.34052],[105.32813,18.34576],[105.32986,18.34785],[105.33104,18.34869],[105.33199,18.3509],[105.3321,18.35138],[105.33171,18.35218],[105.32975,18.35356],[105.32958,18.35399],[105.33215,18.35689],[105.33205,18.35969],[105.33286,18.36257],[105.33453,18.36398],[105.33593,18.36573],[105.3361,18.36805],[105.33724,18.36935],[105.33792,18.37096],[105.33923,18.3717],[105.34025,18.3716],[105.34087,18.37193],[105.34121,18.37294],[105.34191,18.37364],[105.34209,18.3754],[105.34318,18.37543],[105.34449,18.37706],[105.34806,18.37913],[105.34986,18.37953],[105.35139,18.37848],[105.35273,18.37898],[105.35442,18.37879],[105.35648,18.37674],[105.35817,18.37616],[105.35946,18.37426],[105.35979,18.37314],[105.35954,18.37246],[105.35972,18.37193],[105.36136,18.37197],[105.36449,18.37092],[105.36752,18.37084],[105.3694,18.36983],[105.37139,18.36951],[105.37483,18.37115],[105.37685,18.37118],[105.37838,18.37228],[105.37983,18.37222],[105.38136,18.37292],[105.38256,18.3726],[105.38365,18.37303],[105.38529,18.37316],[105.38549,18.37401],[105.387,18.37638],[105.38654,18.37825],[105.38683,18.37909],[105.3867,18.3799],[105.38826,18.382],[105.38866,18.38419],[105.38959,18.38583],[105.38964,18.38749],[105.3888,18.38892],[105.39056,18.39135],[105.39128,18.3927],[105.39149,18.39389],[105.39218,18.39453],[105.39264,18.39561],[105.39353,18.39601],[105.3942,18.3986],[105.39512,18.40061],[105.39544,18.40244],[105.39341,18.40337],[105.39325,18.40416],[105.38865,18.408],[105.38369,18.40982],[105.38221,18.41106],[105.3803,18.41129],[105.37977,18.41218],[105.37831,18.41289],[105.37735,18.41529],[105.37972,18.41801],[105.37862,18.42037],[105.37849,18.4212],[105.3789,18.42289],[105.37855,18.42484],[105.37929,18.42501],[105.38009,18.42581],[105.38061,18.42755],[105.38134,18.42835],[105.38224,18.43037],[105.38543,18.43164],[105.38629,18.43283],[105.38827,18.43457],[105.38828,18.43516],[105.38987,18.43665],[105.39029,18.4385],[105.39169,18.43882],[105.39209,18.44061],[105.39211,18.44278],[105.39269,18.44453],[105.3921,18.44513],[105.39217,18.44558],[105.39337,18.44757],[105.39345,18.44864],[105.39534,18.4441],[105.39562,18.44386],[105.39646,18.44395],[105.39794,18.44244],[105.39811,18.44162],[105.39999,18.43851],[105.40099,18.4378],[105.40156,18.4383],[105.40295,18.43868],[105.40549,18.4389],[105.40624,18.43858],[105.40641,18.43809],[105.40715,18.43804],[105.40805,18.43847],[105.4088,18.43824],[105.41221,18.4403],[105.41324,18.44177],[105.41324,18.44236],[105.41445,18.44356],[105.41752,18.44527],[105.41921,18.44366],[105.4201,18.44347],[105.42111,18.44239],[105.42198,18.4422],[105.42336,18.43974],[105.42496,18.43915],[105.42665,18.43793],[105.4289,18.43572],[105.42947,18.43407],[105.43066,18.43373],[105.43153,18.43387],[105.43232,18.4334],[105.43334,18.4316],[105.43439,18.43129],[105.43474,18.42981],[105.43505,18.42956],[105.43593,18.43007],[105.43642,18.42872],[105.43684,18.42842],[105.43766,18.42864],[105.43809,18.43021],[105.43972,18.43023],[105.44095,18.42941],[105.44377,18.43044],[105.44526,18.43041],[105.44861,18.43146],[105.45252,18.4321],[105.45326,18.4326],[105.4542,18.4326],[105.45483,18.43181],[105.45447,18.43061],[105.45541,18.43016],[105.45539,18.42849],[105.45665,18.42717],[105.45662,18.42671],[105.459,18.42542],[105.46129,18.42343],[105.4635,18.42254],[105.46494,18.42245],[105.46518,18.42196],[105.46625,18.4216],[105.46726,18.41993],[105.46882,18.41827],[105.46916,18.4172],[105.47303,18.41578],[105.47375,18.41594],[105.47427,18.4167],[105.47425,18.41584],[105.47544,18.41456],[105.47574,18.41305],[105.47805,18.41132],[105.4791,18.40933],[105.48089,18.40865],[105.48178,18.40762],[105.48373,18.40698],[105.48582,18.40677],[105.48591,18.405],[105.48652,18.4044],[105.4866,18.40346],[105.48692,18.40311],[105.4878,18.40307],[105.48851,18.40382],[105.4907,18.40347],[105.49134,18.401979999999998],[105.49214,18.40127],[105.49503,18.40046],[105.49658,18.39926],[105.49795,18.39933],[105.49962,18.39884],[105.50087,18.39793],[105.50185,18.39799],[105.50282,18.39688],[105.5031,18.39568],[105.50508,18.3959],[105.50537,18.39565],[105.50521,18.39408],[105.50619,18.39409],[105.50684,18.39365],[105.5078,18.39433],[105.50893,18.39439],[105.50961,18.39544],[105.50998,18.39742],[105.51052,18.39795],[105.5111,18.40066],[105.5121,18.40197],[105.51229,18.40341],[105.51538,18.4035],[105.51651,18.40398],[105.51719,18.40388],[105.5172,18.40304],[105.51792,18.40192],[105.51739,18.3997],[105.51791,18.39921],[105.51797,18.39788],[105.51903,18.39618],[105.52444,18.39454],[105.52259,18.39063],[105.5199,18.38948],[105.52022,18.38824],[105.5197,18.38701],[105.52085,18.38553],[105.5217,18.38531],[105.5225,18.38556],[105.52326,18.38468],[105.52454,18.38457],[105.52685,18.38199],[105.52934,18.38097],[105.53046,18.37997],[105.53163,18.38039],[105.53255,18.37986],[105.53404,18.38009],[105.5351,18.37978],[105.5362,18.3791],[105.53772,18.37649],[105.53977,18.37642],[105.54022,18.37554],[105.5416,18.37436],[105.54668,18.37289],[105.54895,18.3743],[105.5516,18.37342],[105.55263,18.37353],[105.55331,18.37397],[105.55474,18.37361],[105.55716,18.37177],[105.56102,18.36964],[105.56278,18.36708],[105.56475,18.36623],[105.56796,18.36423],[105.57125,18.36336],[105.57285,18.3618],[105.57449,18.36245],[105.57764,18.36246],[105.57859,18.36205],[105.58087,18.36203],[105.58162,18.36246],[105.58272,18.36252],[105.58493,18.3639],[105.58528,18.3625],[105.58626,18.36213],[105.58681,18.36154],[105.58768,18.362],[105.58985,18.36414],[105.59187,18.36469],[105.59186,18.3659],[105.59277,18.36638],[105.59566,18.36598],[105.59746,18.36639],[105.59786,18.3683],[105.59929,18.36985],[105.60034,18.3704],[105.602,18.36993],[105.60388,18.37015],[105.60663,18.36967],[105.60891,18.36786],[105.61008,18.36383],[105.61104,18.36267],[105.61211,18.36239],[105.61561,18.36236],[105.61503,18.35937],[105.61426,18.3573],[105.61429,18.35649],[105.6134,18.35588],[105.61239,18.35375],[105.6116,18.35157],[105.61186,18.35032],[105.6113,18.34892],[105.61024,18.34756],[105.61036,18.34474],[105.61192,18.34348],[105.61627,18.34302],[105.6169,18.34144],[105.61862,18.34007],[105.6191,18.34004],[105.61942,18.33902],[105.61882,18.33751],[105.61809,18.33663],[105.61801,18.33611],[105.61832,18.33569],[105.61594,18.33417],[105.61589,18.33152],[105.61484,18.3297],[105.61175,18.32928],[105.61154,18.32895],[105.61176,18.3273],[105.60477,18.32613],[105.60445,18.32637]]]]}},
{"type":"Feature","id":"18322","properties":{"Ward_Code":"18322","Ward_Code_Num":18322,"Ward":"Mai Hoa","Ward_Alt":"Mai Hoa","Ward_Upper":"MAI HOA","Ward_Full":"Xã Mai Hoa","Ward_Full_Alt":"Xã Mai Hoa","Ward_Full_Upper_Alt":"XÃ MAI HOA","Ward_Type":"Xã","Province_Code":"42","Province":"Hà Tĩnh","Province_Upper_Alt":"HÀ TĨNH"},"geometry":{"type":"MultiPolygon","coordinates":[[[[105.50414,18.47028],[105.50457,18.47256],[105.50578,18.47469],[105.51111,18.47828],[105.51145,18.47881],[105.5112,18.47954],[105.51035,18.48033],[105.50847,18.48463],[105.50734,18.48616],[105.51028,18.48812],[105.51008,18.48937],[105.51102,18.49137],[105.51111,18.48859],[105.51202,18.48687],[105.51453,18.48619],[105.51576,18.48632],[105.51802,18.48723],[105.51941,18.48701],[105.52059,18.48495],[105.5214,18.48431],[105.52162,18.48354],[105.52269,18.48281],[105.52274,18.48103],[105.5275,18.48436],[105.52799,18.48334],[105.52902,18.48331],[105.53032,18.48456],[105.53334,18.48857],[105.53527,18.48942],[105.53756,18.48985],[105.54252,18.4937],[105.5484,18.48952],[105.55315,18.48448],[105.55081,18.4763],[105.54914,18.47334],[105.54438,18.47277],[105.5429,18.4734],[105.54213,18.47332],[105.5409,18.47134],[105.54048,18.46952],[105.54177,18.46594],[105.54318,18.46541],[105.54363,18.46412],[105.54292,18.46212],[105.54097,18.46028],[105.54098,18.45974],[105.54212,18.458],[105.5411,18.45508],[105.54115,18.45406],[105.54243,18.45244],[105.54272,18.45061],[105.54154,18.44626],[105.53931,18.44256],[105.53969,18.44166],[105.54154,18.44056],[105.54235,18.43922],[105.54187,18.43458],[105.54272,18.43058],[105.54378,18.42944],[105.54419,18.42835],[105.54433,18.42515],[105.54352,18.42442],[105.54388,18.42413],[105.54391,18.42346],[105.54164,18.42327],[105.54045,18.42284],[105.5404,18.42074],[105.5397,18.42036],[105.53703,18.42064],[105.53635,18.41859],[105.53164,18.41687],[105.52958,18.41681],[105.52702,18.4153],[105.52622,18.41376],[105.52452,18.4125],[105.52396,18.41318],[105.5234,18.41261],[105.5225,18.4132],[105.52204,18.4119],[105.5208,18.41074],[105.52072,18.40988],[105.51852,18.40636],[105.51779,18.40599],[105.51542,18.40616],[105.51443,18.40483],[105.51297,18.4047],[105.51229,18.40341],[105.5121,18.40197],[105.5111,18.40066],[105.50961,18.39544],[105.50893,18.39439],[105.5078,18.39433],[105.50684,18.39365],[105.50619,18.39409],[105.50521,18.39408],[105.50507,18.3944],[105.50548,18.39542],[105.50517,18.39586],[105.50296,18.39579],[105.50282,18.39688],[105.50185,18.39799],[105.50087,18.39793],[105.49962,18.39884],[105.49795,18.39933],[105.49658,18.39926],[105.49503,18.40046],[105.49214,18.40127],[105.49134,18.401979999999998],[105.49092,18.40337],[105.48851,18.40382],[105.4878,18.40307],[105.48692,18.40311],[105.4866,18.40346],[105.48652,18.4044],[105.48591,18.405],[105.48582,18.40677],[105.48373,18.40698],[105.48224,18.40759],[105.48296,18.40947],[105.48395,18.41021],[105.48407,18.41302],[105.48483,18.41437],[105.48238,18.41865],[105.48438,18.41976],[105.48574,18.4187],[105.48674,18.41942],[105.48745,18.42038],[105.48745,18.42302],[105.486,18.42314],[105.48265,18.42729],[105.48077,18.42831],[105.48192,18.42959],[105.48101,18.4296],[105.48068,18.43006],[105.47942,18.4296],[105.47894,18.43017],[105.4797,18.43165],[105.48093,18.43228],[105.48281,18.43493],[105.48449,18.43582],[105.48414,18.43646],[105.4844,18.43697],[105.4839,18.43738],[105.48386,18.43822],[105.48548,18.43873],[105.48581,18.43932],[105.48757,18.44021],[105.48816,18.43928],[105.4899,18.44066],[105.48943,18.44127],[105.49006,18.44154],[105.49062,18.44085],[105.49043,18.44452],[105.49081,18.4454],[105.49129,18.44564],[105.49182,18.44437],[105.49318,18.44598],[105.49398,18.44605],[105.49427,18.4457],[105.49545,18.44728],[105.49568,18.44811],[105.49781,18.44912],[105.50346,18.45378],[105.50426,18.45482],[105.50544,18.45526],[105.50472,18.4629],[105.50414,18.46397],[105.50512,18.46488],[105.50574,18.46674],[105.50414,18.47028]]]]}},
{"type":"Feature","id":"18328","properties":{"Ward_Code":"18328","Ward_Code_Num":18328,"Ward":"Thượng Đức","Ward_Alt":"Thượng Đức","Ward_Upper":"THƯỢNG ĐỨC","Ward_Full":"Xã Thượng Đức","Ward_Full_Alt":"Xã Thượng Đức","Ward_Full_Upper_Alt":"XÃ THƯỢNG ĐỨC","Ward_Type":"Xã","Province_Code":"42","Province":"Hà Tĩnh","Province_Upper_Alt":"HÀ TĨNH"},"geometry":{"type":"MultiPolygon","coordinates":[[[[105.56076,18.42803],[105.56182,18.42795],[105.56346,18.42864],[105.56587,18.42718],[105.56802,18.42629],[105.56898,18.4262],[105.56988,18.42562],[105.5712,18.42324],[105.57328,18.42091],[105.57429,18.42037],[105.57501,18.41915],[105.57924,18.41632],[105.58111,18.41357],[105.5822,18.4131],[105.58318,18.41146],[105.58534,18.41003],[105.58632,18.40859],[105.58717,18.40838],[105.58878,18.40729],[105.59031,18.40708],[105.59165,18.40573],[105.59268,18.40553],[105.59371,18.40615],[105.59658,18.40694],[105.59801,18.41032],[105.59742,18.41193],[105.59644,18.41293],[105.59875,18.41743],[105.59876,18.41608],[105.60007,18.4144],[105.60217,18.41294],[105.60335,18.41256],[105.60354,18.41146],[105.60513,18.40972],[105.606,18.4095],[105.60641,18.40869],[105.60848,18.40833],[105.6109,18.40697],[105.61224,18.40686],[105.61311,18.40622],[105.61516,18.4058],[105.61832,18.40354],[105.61985,18.40335],[105.62195,18.40211],[105.62214,18.40132],[105.62271,18.40076],[105.62855,18.39713],[105.63104,18.39705],[105.6312,18.39642],[105.63313,18.39511],[105.6367,18.3933],[105.63572,18.39175],[105.63484,18.38928],[105.63372,18.38777],[105.63351,18.3865],[105.63212,18.38548],[105.63154,18.38555],[105.63058,18.38506],[105.62914,18.38353],[105.62685,18.38261],[105.62602,18.38264],[105.62509,18.38194],[105.62504,18.38035],[105.62547,18.37937],[105.62514,18.37646],[105.62398,18.37555],[105.62297,18.37262],[105.62175,18.37093],[105.62192,18.36884],[105.61978,18.36796],[105.61966,18.36727],[105.61848,18.36584],[105.61726,18.3652],[105.61624,18.3639],[105.61571,18.36316],[105.61561,18.36236],[105.61211,18.36239],[105.61104,18.36267],[105.61008,18.36383],[105.60891,18.36786],[105.60663,18.36967],[105.60388,18.37015],[105.602,18.36993],[105.60071,18.37042],[105.59929,18.36985],[105.59805,18.36854],[105.59746,18.36731],[105.59746,18.36639],[105.59566,18.36598],[105.59277,18.36638],[105.59186,18.3659],[105.59187,18.36469],[105.58985,18.36414],[105.58704,18.36161],[105.58528,18.3625],[105.58493,18.3639],[105.58272,18.36252],[105.58162,18.36246],[105.58087,18.36203],[105.57859,18.36205],[105.57764,18.36246],[105.57449,18.36245],[105.57285,18.3618],[105.57125,18.36336],[105.56796,18.36423],[105.56475,18.36623],[105.56278,18.36708],[105.56102,18.36964],[105.55716,18.37177],[105.55474,18.37361],[105.55331,18.37397],[105.55263,18.37353],[105.5516,18.37342],[105.54895,18.3743],[105.54668,18.37289],[105.5416,18.37436],[105.54022,18.37554],[105.53977,18.37642],[105.53772,18.37649],[105.5362,18.3791],[105.5351,18.37978],[105.53404,18.38009],[105.53255,18.37986],[105.53163,18.38039],[105.53046,18.37997],[105.52934,18.38097],[105.52685,18.38199],[105.52454,18.38457],[105.52326,18.38468],[105.5225,18.38556],[105.52108,18.3854],[105.52034,18.38597],[105.5197,18.38701],[105.52022,18.38824],[105.5199,18.38948],[105.52259,18.39063],[105.52444,18.39454],[105.51903,18.39618],[105.51797,18.39788],[105.51791,18.39921],[105.51739,18.3997],[105.51792,18.40192],[105.5172,18.40304],[105.51719,18.40388],[105.51651,18.40398],[105.51538,18.4035],[105.51229,18.40341],[105.51297,18.4047],[105.51443,18.40483],[105.51542,18.40616],[105.51779,18.40599],[105.51852,18.40636],[105.52072,18.40988],[105.5208,18.41074],[105.52204,18.4119],[105.5225,18.4132],[105.5234,18.41261],[105.52396,18.41318],[105.52452,18.4125],[105.52622,18.41376],[105.52702,18.4153],[105.52958,18.41681],[105.53164,18.41687],[105.53635,18.41859],[105.53703,18.42064],[105.5397,18.42036],[105.5404,18.42074],[105.54045,18.42284],[105.54164,18.42327],[105.54391,18.42346],[105.54388,18.42413],[105.54352,18.42442],[105.54433,18.42515],[105.54512,18.42449],[105.54561,18.42454],[105.54798,18.42629],[105.54986,18.42588],[105.55108,18.42515],[105.55221,18.42521],[105.55266,18.42549],[105.55398,18.42825],[105.55467,18.42882],[105.55657,18.42954],[105.55797,18.42958],[105.56076,18.42803]]]]}},
{"type":"Feature","id":"18352","properties":{"Ward_Code":"18352","Ward_Code_Num":18352,"Ward":"Nghi Xuân","Ward_Alt":"Nghi Xuân","Ward_Upper":"NGHI XUÂN","Ward_Full":"Xã Nghi Xuân","Ward_Full_Alt":"Xã Nghi Xuân","Ward_Full_Upper_Alt":"XÃ NGHI XUÂN","Ward_Type":"Xã","Province_Code":"42","Province":"Hà Tĩnh","Province_Upper_Alt":"HÀ TĨNH"},"geometry":{"type":"MultiPolygon","coordinates":[[[[105.7527,18.66015],[105.75288,18.65965],[105.75334,18.65985],[105.75371,18.65892],[105.75665,18.66001],[105.75891,18.66015],[105.75941,18.65864],[105.75879,18.65839],[105.75891,18.65645],[105.7593,18.65655],[105.75965,18.65515],[105.76053,18.65535],[105.7601,18.65671],[105.76223,18.6574],[105.76446,18.65138],[105.76538,18.65154],[105.7658,18.64983],[105.76507,18.64969],[105.76636,18.64591],[105.76776,18.64632],[105.76792,18.64526],[105.7692,18.64344],[105.76884,18.6429],[105.7697,18.64159],[105.76747,18.64089],[105.76629,18.64299],[105.76534,18.64272],[105.7663,18.64038],[105.76254,18.639],[105.76176,18.6424],[105.76107,18.64238],[105.76095,18.64123],[105.75996,18.64101],[105.75999,18.64053],[105.75846,18.63955],[105.75832,18.63897],[105.75774,18.63887],[105.76104,18.62914],[105.76285,18.62571],[105.76356,18.62579],[105.76395,18.6248],[105.76359,18.62468],[105.76388,18.61826],[105.76223,18.61482],[105.76209,18.61363],[105.76006,18.61119],[105.76208,18.6069],[105.76967,18.60073],[105.769,18.59829],[105.76567,18.59361],[105.76442,18.59109],[105.76366,18.59063],[105.7626,18.5907],[105.76203,18.58819],[105.76165,18.58783],[105.76215,18.58538],[105.76148,18.58434],[105.76078,18.58112],[105.76196,18.5751],[105.76172,18.57368],[105.7607,18.57178],[105.76211,18.57041],[105.76242,18.56963],[105.76222,18.56862],[105.76309,18.5651],[105.76289,18.56278],[105.76361,18.55861],[105.76347,18.55217],[105.76243,18.55229],[105.75891,18.55388],[105.75778,18.5534],[105.75639,18.55379],[105.75412,18.55248],[105.75281,18.55352],[105.75249,18.55605],[105.7514,18.55621],[105.74869,18.55529],[105.74864,18.55251],[105.74738,18.55345],[105.74564,18.55402],[105.74481,18.55393],[105.74388,18.55342],[105.74386,18.55199],[105.74356,18.55153],[105.74253,18.55109],[105.73974,18.55127],[105.73623,18.54761],[105.73499,18.5474],[105.73368,18.54809],[105.73114,18.5482],[105.73061,18.5478],[105.73034,18.54693],[105.73022,18.54501],[105.7289,18.54526],[105.72725,18.54477],[105.7261,18.54485],[105.72322,18.54642],[105.72216,18.54632],[105.72166,18.54583],[105.72117,18.54745],[105.72119,18.54947],[105.71838,18.54953],[105.71783,18.55151],[105.7167,18.55333],[105.71789,18.55548],[105.71916,18.55664],[105.71991,18.55808],[105.71884,18.56072],[105.72069,18.5613],[105.71938,18.5637],[105.72058,18.56477],[105.72062,18.56709],[105.72022,18.56816],[105.72052,18.5689],[105.7202,18.57058],[105.72043,18.57202],[105.72107,18.57296],[105.72124,18.57496],[105.72203,18.57599],[105.72235,18.58103],[105.72189,18.5861],[105.71414,18.58644],[105.71292,18.58851],[105.71166,18.58964],[105.71107,18.59101],[105.71001,18.59152],[105.70757,18.59464],[105.70477,18.59341],[105.70128,18.59351],[105.69126,18.5924],[105.69104,18.5924],[105.69133,18.5931],[105.68873,18.59388],[105.68959,18.59727],[105.68908,18.60248],[105.68986,18.61118],[105.68915,18.62086],[105.69017,18.62744],[105.69112,18.62919],[105.69251,18.63087],[105.69455,18.63187],[105.70208,18.63312],[105.70338,18.63406],[105.70465,18.63556],[105.70638,18.6396],[105.71131,18.65434],[105.71268,18.6614],[105.7142,18.66474],[105.71596,18.66712],[105.71848,18.66951],[105.72163,18.67135],[105.72666,18.67302],[105.72876,18.67317],[105.73214,18.67258],[105.73878,18.67009],[105.74281,18.66904],[105.75073,18.66821],[105.75232,18.66307],[105.75237,18.66113],[105.7527,18.66015]]]]}},
{"type":"Feature","id":"18364","properties":{"Ward_Code":"18364","Ward_Code_Num":18364,"Ward":"Đan Hải","Ward_Alt":"Đan Hải","Ward_Upper":"ĐAN HẢI","Ward_Full":"Xã Đan Hải","Ward_Full_Alt":"Xã Đan Hải","Ward_Full_Upper_Alt":"XÃ ĐAN HẢI","Ward_Type":"Xã","Province_Code":"42","Province":"Hà Tĩnh","Province_Upper_Alt":"HÀ TĨNH"},"geometry":{"type":"MultiPolygon","coordinates":[[[[105.77168,18.76504],[105.77272,18.76399],[105.77376,18.76365],[105.77453,18.76266],[105.77623,18.75995],[105.77737,18.75739],[105.7813,18.74598],[105.78414,18.73614],[105.78912,18.71471],[105.79468,18.6868],[105.79886,18.67004],[105.79629,18.6698],[105.79408,18.66911],[105.7828,18.66988],[105.78062,18.66895],[105.77507,18.6687],[105.77465,18.66993],[105.77415,18.67036],[105.77043,18.67014],[105.7648,18.67326],[105.7674,18.67609],[105.76817,18.67747],[105.76856,18.68062],[105.76794,18.68497],[105.76619,18.68939],[105.7598,18.69888],[105.75745,18.70298],[105.75666,18.7051],[105.75548,18.71048],[105.75378,18.71533],[105.74849,18.72724],[105.74301,18.73717],[105.742,18.74049],[105.74165,18.74378],[105.74236,18.74654],[105.74364,18.74947],[105.74646,18.75269],[105.74894,18.75476],[105.75185,18.75619],[105.75883,18.76043],[105.76177,18.75851],[105.76391,18.75913],[105.76764,18.75899],[105.77327,18.75978],[105.77353,18.75938],[105.77331,18.75875],[105.77268,18.75887],[105.77088,18.75818],[105.76968,18.75852],[105.77116,18.75745],[105.77218,18.75712],[105.77514,18.75752],[105.7748,18.7582],[105.77424,18.75841],[105.77444,18.75921],[105.77406,18.75957],[105.77415,18.75892],[105.77378,18.75868],[105.77368,18.75978],[105.77436,18.76117],[105.77421,18.76162],[105.77312,18.76234],[105.77202,18.76387],[105.77122,18.7641],[105.77094,18.76469],[105.77044,18.76485],[105.77002,18.76463],[105.76974,18.76377],[105.76916,18.76414],[105.76879,18.76374],[105.76827,18.76385],[105.76752,18.76342],[105.76764,18.76428],[105.76952,18.76624],[105.77101,18.76582],[105.77168,18.76504]]]]}},
{"type":"Feature","id":"18373","properties":{"Ward_Code":"18373","Ward_Code_Num":18373,"Ward":"Tiên Điền","Ward_Alt":"Tiên Điền","Ward_Upper":"TIÊN ĐIỀN","Ward_Full":"Xã Tiên Điền","Ward_Full_Alt":"Xã Tiên Điền","Ward_Full_Upper_Alt":"XÃ TIÊN ĐIỀN","Ward_Type":"Xã","Province_Code":"42","Province":"Hà Tĩnh","Province_Upper_Alt":"HÀ TĨNH"},"geometry":{"type":"MultiPolygon","coordinates":[[[[105.76544,18.6729],[105.77043,18.67014],[105.77415,18.67036],[105.77465,18.66993],[105.77507,18.6687],[105.78062,18.66895],[105.7828,18.66988],[105.79408,18.66911],[105.79629,18.6698],[105.79886,18.67004],[105.8037,18.65455],[105.81116,18.63334],[105.81138,18.63206],[105.81102,18.63173],[105.81203,18.6314],[105.81318,18.62875],[105.80383,18.62401],[105.8001,18.62254],[105.80018,18.62211],[105.79957,18.62187],[105.79959,18.62156],[105.79816,18.62107],[105.7983,18.61881],[105.79436,18.61759],[105.79375,18.61782],[105.79343,18.61843],[105.79091,18.61749],[105.79274,18.61229],[105.78952,18.61029],[105.7903,18.60842],[105.79041,18.6073],[105.78982,18.6064],[105.7887,18.60563],[105.78778,18.60562],[105.78382,18.61022],[105.78338,18.61012],[105.78205,18.61182],[105.77986,18.60506],[105.77903,18.60518],[105.77746,18.60394],[105.76834,18.60188],[105.76208,18.6069],[105.76006,18.61119],[105.76209,18.61363],[105.76223,18.61482],[105.76388,18.61826],[105.76359,18.62468],[105.76395,18.6248],[105.76356,18.62579],[105.76285,18.62571],[105.76104,18.62914],[105.75774,18.63887],[105.75832,18.63897],[105.75846,18.63955],[105.75999,18.64053],[105.75996,18.64101],[105.76095,18.64123],[105.76107,18.64238],[105.76176,18.6424],[105.76254,18.639],[105.7663,18.64038],[105.76534,18.64272],[105.76629,18.64299],[105.76747,18.64089],[105.7697,18.64159],[105.76884,18.6429],[105.7692,18.64344],[105.76792,18.64526],[105.76776,18.64632],[105.76636,18.64591],[105.76507,18.64969],[105.7658,18.64983],[105.76538,18.65154],[105.76446,18.65138],[105.76223,18.6574],[105.7601,18.65671],[105.76053,18.65535],[105.75965,18.65515],[105.7593,18.65655],[105.75891,18.65645],[105.75879,18.65839],[105.75941,18.65864],[105.75891,18.66015],[105.75665,18.66001],[105.75371,18.65892],[105.75334,18.65985],[105.75288,18.65965],[105.75237,18.66113],[105.75232,18.66307],[105.75073,18.66821],[105.75402,18.66857],[105.75858,18.66986],[105.76238,18.67142],[105.7648,18.67326],[105.76544,18.6729]]]]}},
{"type":"Feature","id":"18394","properties":{"Ward_Code":"18394","Ward_Code_Num":18394,"Ward":"Cổ Đạm","Ward_Alt":"Cổ Đạm","Ward_Upper":"CỔ ĐẠM","Ward_Full":"Xã Cổ Đạm","Ward_Full_Alt":"Xã Cổ Đạm","Ward_Full_Upper_Alt":"XÃ CỔ ĐẠM","Ward_Type":"Xã","Province_Code":"42","Province":"Hà Tĩnh","Province_Upper_Alt":"HÀ TĨNH"},"geometry":{"type":"MultiPolygon","coordinates":[[[[105.81757,18.61855],[105.82438,18.60359],[105.83062,18.59135],[105.83078,18.59061],[105.83002,18.59032],[105.83005,18.59007],[105.83119,18.58994],[105.83148,18.58957],[105.83721,18.57865],[105.84679,18.56166],[105.85214,18.55266],[105.86491,18.53258],[105.86552,18.53114],[105.8656,18.52955],[105.8646,18.52804],[105.86502,18.5279],[105.86593,18.52825],[105.86272,18.52637],[105.8599,18.52339],[105.85836,18.52381],[105.85762,18.52338],[105.85695,18.52344],[105.85541,18.52436],[105.85277,18.52485],[105.84822,18.52757],[105.84415,18.53146],[105.8425,18.5335],[105.84194,18.5385],[105.84117,18.54057],[105.84069,18.54446],[105.84032,18.545],[105.83805,18.54565],[105.83666,18.54556],[105.83381,18.54411],[105.82901,18.54466],[105.82582,18.54563],[105.81489,18.54174],[105.80801,18.54733],[105.7859,18.54626],[105.77764,18.55006],[105.77538,18.55077],[105.76965,18.55151],[105.76597,18.55015],[105.76535,18.55102],[105.76347,18.55217],[105.76361,18.55861],[105.76289,18.56278],[105.76309,18.5651],[105.76222,18.56862],[105.76242,18.56963],[105.76211,18.57041],[105.7607,18.57178],[105.76172,18.57368],[105.76196,18.5751],[105.76076,18.58092],[105.76148,18.58434],[105.76215,18.58538],[105.76165,18.58783],[105.76203,18.58819],[105.7626,18.5907],[105.76366,18.59063],[105.76442,18.59109],[105.76567,18.59361],[105.769,18.59829],[105.76967,18.60073],[105.76834,18.60188],[105.77746,18.60394],[105.77903,18.60518],[105.77986,18.60506],[105.78205,18.61182],[105.78338,18.61012],[105.78382,18.61022],[105.78778,18.60562],[105.7892,18.60592],[105.79041,18.6073],[105.7903,18.60842],[105.78952,18.61029],[105.79274,18.61229],[105.79091,18.61749],[105.79343,18.61843],[105.79375,18.61782],[105.79436,18.61759],[105.7983,18.61881],[105.79816,18.62107],[105.79959,18.62156],[105.79957,18.62187],[105.80018,18.62211],[105.8001,18.62254],[105.80383,18.62401],[105.81318,18.62875],[105.81757,18.61855]]]]}},
{"type":"Feature","id":"18406","properties":{"Ward_Code":"18406","Ward_Code_Num":18406,"Ward":"Can Lộc","Ward_Alt":"Can Lộc","Ward_Upper":"CAN LỘC","Ward_Full":"Xã Can Lộc","Ward_Full_Alt":"Xã Can Lộc","Ward_Full_Upper_Alt":"XÃ CAN LỘC","Ward_Type":"Xã","Province_Code":"42","Province":"Hà Tĩnh","Province_Upper_Alt":"HÀ TĨNH"},"geometry":{"type":"MultiPolygon","coordinates":[[[[105.78468,18.5468],[105.7859,18.54626],[105.79034,18.54648],[105.78997,18.54478],[105.78994,18.54239],[105.78929,18.53981],[105.78933,18.53811],[105.79174,18.53643],[105.79091,18.5355],[105.79032,18.53333],[105.78863,18.53012],[105.78676,18.52837],[105.78556,18.52761],[105.78467,18.52753],[105.78407,18.52528],[105.78354,18.52471],[105.78382,18.52398],[105.78326,18.52249],[105.78496,18.52052],[105.78838,18.51371],[105.7875,18.50974],[105.78788,18.50737],[105.78636,18.50685],[105.7899,18.50438],[105.78956,18.50039],[105.79013,18.49901],[105.78971,18.49863],[105.78898,18.49895],[105.78866,18.49872],[105.7883,18.49757],[105.78727,18.49621],[105.78673,18.49608],[105.7866,18.48876],[105.78524,18.48865],[105.78514,18.48171],[105.7847,18.48161],[105.78444,18.48114],[105.78395,18.4813],[105.78342,18.48097],[105.78332,18.47936],[105.7826,18.47916],[105.78226,18.47861],[105.78147,18.47857],[105.78192,18.47798],[105.78274,18.47773],[105.78283,18.47725],[105.78337,18.47739],[105.78374,18.47382],[105.78429,18.47394],[105.78559,18.47334],[105.7863,18.47343],[105.78696,18.47161],[105.7877,18.47161],[105.78724,18.47017],[105.78762,18.46984],[105.78686,18.46882],[105.78757,18.46867],[105.78813,18.46796],[105.78733,18.46788],[105.7879,18.46682],[105.78734,18.46561],[105.7858,18.46424],[105.78483,18.46416],[105.78441,18.46344],[105.78577,18.46215],[105.78673,18.45902],[105.78786,18.45803],[105.78883,18.45767],[105.79068,18.458],[105.79351,18.45948],[105.79423,18.45929],[105.79482,18.45851],[105.79393,18.45548],[105.79276,18.45429],[105.79103,18.45321],[105.79059,18.45236],[105.79102,18.45171],[105.79425,18.45231],[105.7955,18.45165],[105.79558,18.45062],[105.79382,18.44892],[105.79339,18.44787],[105.79339,18.44717],[105.79409,18.44582],[105.79805,18.44218],[105.79951,18.44214],[105.8005,18.44288],[105.80119,18.44698],[105.80184,18.44774],[105.80247,18.4478],[105.80349,18.44724],[105.80567,18.44484],[105.80692,18.44454],[105.80951,18.44497],[105.81075,18.44485],[105.81186,18.44429],[105.81301,18.44268],[105.81306,18.44173],[105.81237,18.44096],[105.80777,18.44081],[105.80658,18.43932],[105.80696,18.43756],[105.80645,18.43737],[105.8057,18.43629],[105.805,18.43402],[105.8051,18.43268],[105.80601,18.43095],[105.80602,18.43021],[105.80531,18.42924],[105.8036,18.42821],[105.80348,18.42768],[105.80417,18.42726],[105.80775,18.42699],[105.80885,18.42591],[105.80912,18.42446],[105.80849,18.42332],[105.80771,18.42275],[105.80495,18.42233],[105.80417,18.42188],[105.80394,18.4211],[105.80466,18.41806],[105.80369,18.41731],[105.80252,18.41768],[105.7923,18.42499],[105.79143,18.42523],[105.78922,18.42445],[105.7888,18.42457],[105.78823,18.42528],[105.7879,18.42688],[105.78819,18.42937],[105.78745,18.43028],[105.78506,18.4309],[105.78424,18.42993],[105.78126,18.43094],[105.77675,18.43494],[105.77657,18.43534],[105.77687,18.43665],[105.77483,18.43709],[105.775,18.43575],[105.77405,18.435669999999998],[105.77302,18.43805],[105.77305,18.43976],[105.77345,18.44061],[105.7725,18.44255],[105.77211,18.44223],[105.77215,18.44161],[105.76828,18.44023],[105.7673,18.43974],[105.76737,18.43938],[105.76658,18.43937],[105.7671,18.43767],[105.76754,18.43735],[105.76723,18.43687],[105.76778,18.43674],[105.7684,18.43482],[105.76895,18.43431],[105.76996,18.43413],[105.76996,18.43359],[105.76159,18.43452],[105.76218,18.4329],[105.76143,18.43169],[105.76087,18.4316],[105.75913,18.4352],[105.75624,18.43375],[105.75249,18.44115],[105.75275,18.44129],[105.75038,18.44761],[105.752,18.45489],[105.75134,18.45483],[105.75094,18.45513],[105.74992,18.45487],[105.74986,18.45551],[105.74928,18.45552],[105.74926,18.45672],[105.7478,18.45709],[105.74793,18.45792],[105.74856,18.45791],[105.74855,18.45841],[105.74391,18.45952],[105.74386,18.45921],[105.74286,18.45918],[105.74265,18.45866],[105.74188,18.45818],[105.73814,18.45656],[105.7376,18.45735],[105.73775,18.45902],[105.73732,18.45989],[105.73498,18.45859],[105.73456,18.45895],[105.73392,18.45863],[105.73432,18.45819],[105.73323,18.45799],[105.73326,18.45863],[105.73237,18.45865],[105.73198,18.46032],[105.7309,18.46056],[105.73098,18.46146],[105.72684,18.46306],[105.72664,18.46207],[105.72484,18.46214],[105.72704,18.46514],[105.72668,18.46534],[105.72634,18.46503],[105.72604,18.4653],[105.72595,18.46679],[105.72639,18.4668],[105.72636,18.46764],[105.72689,18.46767],[105.7269,18.46679],[105.72735,18.46657],[105.72754,18.4697],[105.72787,18.47003],[105.72902,18.47],[105.72824,18.47225],[105.72894,18.47171],[105.72973,18.47418],[105.72918,18.47436],[105.72932,18.47481],[105.72816,18.47633],[105.72744,18.47837],[105.7259,18.47915],[105.72558,18.48084],[105.72446,18.48168],[105.72387,18.48323],[105.72389,18.48518],[105.72823,18.48707],[105.72957,18.48868],[105.73072,18.48927],[105.73159,18.49046],[105.73161,18.49135],[105.73257,18.49254],[105.73215,18.49387],[105.73234,18.4942],[105.73181,18.49466],[105.73219,18.49577],[105.73319,18.49619],[105.73429,18.49514],[105.73486,18.4952],[105.7349,18.49451],[105.73536,18.49474],[105.73616,18.49415],[105.73714,18.49409],[105.73972,18.49598],[105.74245,18.49869],[105.74336,18.50165],[105.74421,18.5033],[105.74688,18.50706],[105.74852,18.51236],[105.74811,18.51422],[105.74853,18.51738],[105.74831,18.52017],[105.74925,18.52116],[105.74878,18.52171],[105.7493,18.52355],[105.74911,18.52478],[105.74686,18.52954],[105.75096,18.53806],[105.75265,18.54001],[105.7543,18.54065],[105.75471,18.54216],[105.75903,18.54509],[105.7653,18.5469],[105.76597,18.55015],[105.76965,18.55151],[105.77538,18.55077],[105.77764,18.55006],[105.78468,18.5468]]]]}},
{"type":"Feature","id":"18409","properties":{"Ward_Code":"18409","Ward_Code_Num":18409,"Ward":"Hồng Lộc","Ward_Alt":"Hồng Lộc","Ward_Upper":"HỒNG LỘC","Ward_Full":"Xã Hồng Lộc","Ward_Full_Alt":"Xã Hồng Lộc","Ward_Full_Upper_Alt":"XÃ HỒNG LỘC","Ward_Type":"Xã","Province_Code":"42","Province":"Hà Tĩnh","Province_Upper_Alt":"HÀ TĨNH"},"geometry":{"type":"MultiPolygon","coordinates":[[[[105.84069,18.54408],[105.84117,18.54057],[105.84194,18.5385],[105.8425,18.5335],[105.84415,18.53146],[105.84822,18.52757],[105.8441,18.52419],[105.84511,18.52282],[105.84528,18.52167],[105.84618,18.51979],[105.84887,18.51789],[105.8481,18.51672],[105.84866,18.51574],[105.84872,18.5148],[105.84819,18.51419],[105.84734,18.51489],[105.84608,18.51341],[105.8478,18.51204],[105.84727,18.51083],[105.853,18.50466],[105.85429,18.50497],[105.85542,18.50263],[105.85614,18.50265],[105.85627,18.50228],[105.85742,18.50172],[105.85832,18.50188],[105.85853,18.50103],[105.86071,18.49888],[105.86128,18.49655],[105.86202,18.4967],[105.86268,18.49376],[105.86354,18.49215],[105.864,18.49225],[105.86459,18.49082],[105.86052,18.487],[105.85482,18.48472],[105.85666,18.48031],[105.85688,18.47903],[105.85325,18.47213],[105.85404,18.47021],[105.85516,18.47014],[105.8553,18.46947],[105.85203,18.46885],[105.8517,18.46839],[105.85135,18.46871],[105.85007,18.46554],[105.85019,18.46465],[105.84931,18.46394],[105.848,18.46207],[105.84743,18.46298],[105.84673,18.46338],[105.84644,18.46422],[105.84502,18.46488],[105.84312,18.4652],[105.84255,18.46442],[105.84056,18.46415],[105.84028,18.46334],[105.83886,18.46284],[105.8394,18.46077],[105.83873,18.4605],[105.83867,18.45972],[105.83803,18.45937],[105.83862,18.45879],[105.83854,18.45849],[105.83588,18.45849],[105.83154,18.45943],[105.83106,18.46087],[105.82953,18.46138],[105.82884,18.46232],[105.82631,18.46218],[105.82605,18.46295],[105.8252,18.46347],[105.82476,18.4643],[105.82344,18.4644],[105.8235,18.46601],[105.823,18.4661],[105.82222,18.46702],[105.82248,18.46848],[105.82332,18.46896],[105.82377,18.46974],[105.82501,18.46954],[105.82536,18.47012],[105.82739,18.47074],[105.82753,18.47226],[105.82686,18.47241],[105.82684,18.47355],[105.82504,18.47449],[105.82571,18.47555],[105.82439,18.47676],[105.82454,18.47802],[105.81938,18.47962],[105.81977,18.47996],[105.81984,18.48078],[105.81866,18.48235],[105.8162,18.48112],[105.81462,18.48177],[105.81475,18.48294],[105.8141,18.48322],[105.81338,18.48264],[105.81146,18.48254],[105.81194,18.48717],[105.81158,18.49387],[105.81133,18.49436],[105.81079,18.49438],[105.81075,18.49523],[105.81092,18.49574],[105.81271,18.49705],[105.81252,18.49766],[105.81435,18.50022],[105.8153,18.51377],[105.81679,18.52833],[105.81474,18.53451],[105.81538,18.53792],[105.81489,18.54174],[105.82582,18.54563],[105.82901,18.54466],[105.83381,18.54411],[105.83603,18.5454],[105.83805,18.54565],[105.84056,18.54487],[105.84069,18.54408]]]]}},
{"type":"Feature","id":"18418","properties":{"Ward_Code":"18418","Ward_Code_Num":18418,"Ward":"Tùng Lộc","Ward_Alt":"Tùng Lộc","Ward_Upper":"TÙNG LỘC","Ward_Full":"Xã Tùng Lộc","Ward_Full_Alt":"Xã Tùng Lộc","Ward_Full_Upper_Alt":"XÃ TÙNG LỘC","Ward_Type":"Xã","Province_Code":"42","Province":"Hà Tĩnh","Province_Upper_Alt":"HÀ TĨNH"},"geometry":{"type":"MultiPolygon","coordinates":[[[[105.81679,18.52833],[105.8153,18.51377],[105.81435,18.50022],[105.81252,18.49766],[105.81271,18.49705],[105.81077,18.49542],[105.81079,18.49438],[105.81133,18.49436],[105.81158,18.49387],[105.81175,18.49073],[105.81194,18.48717],[105.81146,18.48254],[105.81338,18.48264],[105.8141,18.48322],[105.81475,18.48294],[105.81462,18.48177],[105.8162,18.48112],[105.81866,18.48235],[105.81984,18.48078],[105.81977,18.47996],[105.81938,18.47962],[105.82454,18.47802],[105.82439,18.47676],[105.82571,18.47555],[105.82504,18.47449],[105.82684,18.47355],[105.82686,18.47241],[105.82753,18.47226],[105.8274,18.47078],[105.82536,18.47012],[105.82501,18.46954],[105.82377,18.46974],[105.82332,18.46896],[105.82248,18.46848],[105.82222,18.46702],[105.823,18.4661],[105.8235,18.46601],[105.82344,18.4644],[105.82476,18.4643],[105.8252,18.46347],[105.82605,18.46295],[105.82612,18.46231],[105.82532,18.46221],[105.82428,18.46123],[105.82254,18.46164],[105.82187,18.46125],[105.8217,18.45954],[105.82084,18.45721],[105.82002,18.45696],[105.82042,18.45398],[105.82085,18.45342],[105.8221,18.45304],[105.82284,18.45218],[105.82364,18.45205],[105.82617,18.45288],[105.82617,18.45344],[105.82525,18.45441],[105.82525,18.45497],[105.82582,18.45551],[105.82666999999999,18.45571],[105.82715,18.45532],[105.82799,18.45344],[105.82994,18.45372],[105.8308,18.45349],[105.83091,18.45257],[105.82911,18.45108],[105.82905,18.45022],[105.82958,18.44809],[105.83168,18.44724],[105.83191,18.44689],[105.83092,18.44553],[105.8291,18.44512],[105.82867,18.4446],[105.82899,18.44369],[105.83053,18.44208],[105.83054,18.44163],[105.82798,18.44118],[105.82439,18.43795],[105.82361,18.4369],[105.82124,18.43763],[105.8159,18.43815],[105.81002,18.43718],[105.80805,18.43722],[105.80696,18.43756],[105.80658,18.43932],[105.80726,18.44047],[105.80861,18.44096],[105.81237,18.44096],[105.81306,18.44173],[105.81276,18.44326],[105.81186,18.44429],[105.81075,18.44485],[105.80951,18.44497],[105.80692,18.44454],[105.80567,18.44484],[105.80349,18.44724],[105.80247,18.4478],[105.80184,18.44774],[105.80119,18.44698],[105.8005,18.44288],[105.79951,18.44214],[105.79805,18.44218],[105.79561,18.44427],[105.79409,18.44582],[105.79339,18.44717],[105.79382,18.44892],[105.79558,18.45062],[105.7955,18.45165],[105.79425,18.45231],[105.79102,18.45171],[105.79059,18.45236],[105.79103,18.45321],[105.79276,18.45429],[105.79393,18.45548],[105.79482,18.45851],[105.79423,18.45929],[105.79351,18.45948],[105.79068,18.458],[105.78883,18.45767],[105.78786,18.45803],[105.78673,18.45902],[105.78577,18.46215],[105.78441,18.46344],[105.78483,18.46416],[105.7858,18.46424],[105.78734,18.46561],[105.7879,18.46682],[105.78733,18.46788],[105.78813,18.46796],[105.78757,18.46867],[105.78686,18.46882],[105.78762,18.46984],[105.78724,18.47017],[105.7877,18.47161],[105.78696,18.47161],[105.7863,18.47343],[105.78559,18.47334],[105.78429,18.47394],[105.78374,18.47382],[105.78337,18.47739],[105.78283,18.47725],[105.78274,18.47773],[105.78192,18.47798],[105.78147,18.47857],[105.78226,18.47861],[105.7826,18.47916],[105.78332,18.47936],[105.78342,18.48097],[105.78395,18.4813],[105.78444,18.48114],[105.7847,18.48161],[105.78514,18.48171],[105.78524,18.48865],[105.7866,18.48876],[105.78673,18.49608],[105.78727,18.49621],[105.7883,18.49757],[105.78866,18.49872],[105.78898,18.49895],[105.78971,18.49863],[105.79013,18.49901],[105.78956,18.50039],[105.7899,18.50438],[105.78636,18.50685],[105.78788,18.50737],[105.7875,18.50974],[105.78838,18.51371],[105.78496,18.52052],[105.78326,18.52249],[105.78382,18.52398],[105.78354,18.52471],[105.78407,18.52528],[105.78467,18.52753],[105.78556,18.52761],[105.78676,18.52837],[105.78863,18.53012],[105.79032,18.53333],[105.79091,18.5355],[105.79174,18.53643],[105.78933,18.53811],[105.78929,18.53981],[105.78994,18.54239],[105.78997,18.54478],[105.79034,18.54648],[105.80801,18.54733],[105.81489,18.54174],[105.81538,18.53792],[105.81474,18.53451],[105.81679,18.52833]]]]}},
{"type":"Feature","id":"18436","properties":{"Ward_Code":"18436","Ward_Code_Num":18436,"Ward":"Trường Lưu","Ward_Alt":"Trường Lưu","Ward_Upper":"TRƯỜNG LƯU","Ward_Full":"Xã Trường Lưu","Ward_Full_Alt":"Xã Trường Lưu","Ward_Full_Upper_Alt":"XÃ TRƯỜNG LƯU","Ward_Type":"Xã","Province_Code":"42","Province":"Hà Tĩnh","Province_Upper_Alt":"HÀ TĨNH"},"geometry":{"type":"MultiPolygon","coordinates":[[[[105.67859,18.50716],[105.67933,18.50627],[105.68251,18.50549],[105.6821,18.50395],[105.68139,18.50333],[105.68233,18.50196],[105.68058,18.49612],[105.68094,18.49592],[105.68109,18.49529],[105.68258,18.49609],[105.68217,18.49679],[105.68253,18.49716],[105.6832,18.49703],[105.6832,18.4962],[105.68413,18.49647],[105.68474,18.49626],[105.68522,18.49674],[105.68629,18.49677],[105.68601,18.49787],[105.68621,18.49816],[105.68752,18.49786],[105.68776,18.49697],[105.68807,18.49796],[105.68863,18.49797],[105.69026,18.49702],[105.69364,18.48912],[105.69794,18.4875],[105.69806,18.48792],[105.70023,18.48788],[105.69815,18.48477],[105.69887,18.48457],[105.69836,18.48373],[105.69886,18.48308],[105.69843,18.48136],[105.70063,18.48091],[105.70023,18.4805],[105.70067,18.47939],[105.70144,18.47893],[105.70001,18.47676],[105.69908,18.47355],[105.6987,18.47381],[105.6959,18.47301],[105.69525,18.47192],[105.69587,18.47137],[105.69683,18.47122],[105.69666,18.47059],[105.69246,18.46697],[105.69233,18.46552],[105.69273,18.46546],[105.69307,18.46472],[105.69357,18.46465],[105.69331,18.46427],[105.69334,18.46242],[105.69263,18.46084],[105.69294,18.46078],[105.69284,18.46038],[105.69405,18.45963],[105.69493,18.45765],[105.69502,18.45657],[105.69448,18.45511],[105.69552,18.45467],[105.69559,18.45319],[105.69482,18.45317],[105.69476,18.45281],[105.69396,18.45278],[105.69399,18.45256],[105.69029,18.45207],[105.68972,18.45137],[105.6893,18.45154],[105.68778,18.45132],[105.6878,18.45103],[105.68549,18.45078],[105.68597,18.44888],[105.68637,18.44892],[105.68649,18.44733],[105.68533,18.44676],[105.6853,18.4459],[105.68435,18.44516],[105.68548,18.44322],[105.68434,18.44229],[105.68504,18.4415],[105.68344,18.44087],[105.68405,18.44041],[105.68195,18.43642],[105.68167,18.43572],[105.68189,18.43529],[105.68004,18.43379],[105.68022,18.43276],[105.6788,18.43267],[105.68088,18.42874],[105.67954,18.42364],[105.67597,18.41782],[105.67578,18.41699],[105.67474,18.41656],[105.67489,18.4159],[105.67398,18.41426],[105.67401,18.41378],[105.67286,18.413],[105.6732,18.41221],[105.67135,18.41118],[105.67012,18.41179],[105.67001,18.41279],[105.6688,18.41245],[105.66769,18.41278],[105.66678,18.41253],[105.66559,18.41351],[105.66375,18.41339],[105.66328,18.41372],[105.66265,18.41363],[105.66222,18.41304],[105.66074,18.41231],[105.64687,18.38795],[105.64392,18.38926],[105.6435,18.39015],[105.64137,18.39134],[105.63945,18.39192],[105.6367,18.3933],[105.63818,18.39679],[105.63973,18.40197],[105.64132,18.41254],[105.64003,18.41306],[105.6388,18.41426],[105.63652,18.41412],[105.63604,18.41479],[105.63604,18.41602],[105.6356,18.41668],[105.63391,18.41753],[105.63256,18.41774],[105.6354,18.42242],[105.63518,18.42355],[105.63598,18.42369],[105.63614,18.42502],[105.63656,18.42547],[105.6369,18.42822],[105.63635,18.42928],[105.63643,18.43003],[105.63612,18.43031],[105.63634,18.43104],[105.63608,18.43136],[105.63681,18.43277],[105.63714,18.43585],[105.63554,18.43831],[105.63481,18.44015],[105.63442,18.44235],[105.63451,18.44458],[105.63532,18.44675],[105.63485,18.44861],[105.63494,18.44962],[105.63549,18.45037],[105.63473,18.45091],[105.63472,18.45145],[105.63653,18.45288],[105.6375,18.45326],[105.63773,18.45411],[105.63813,18.45438],[105.63718,18.45601],[105.63747,18.45675],[105.63675,18.45722],[105.63742,18.45774],[105.63773,18.45944],[105.63875,18.45909],[105.6392,18.45939],[105.64089,18.45939],[105.64217,18.46002],[105.64359,18.45971],[105.64441,18.46018],[105.64495,18.45963],[105.64557,18.45999],[105.64564,18.46076],[105.64615,18.46151],[105.64587,18.46183],[105.64499,18.4612],[105.64489,18.46245],[105.64633,18.46375],[105.6465,18.46552],[105.64624,18.46584],[105.6454,18.46568],[105.64499,18.46595],[105.64462,18.46758],[105.6451,18.4681],[105.64575,18.46995],[105.6469,18.47016],[105.64623,18.47086],[105.64633,18.47207],[105.64573,18.47247],[105.64542,18.47378],[105.6448,18.47385],[105.64432,18.47453],[105.64474,18.47527],[105.64464,18.4762],[105.64562,18.47835],[105.64513,18.47868],[105.64464,18.47824],[105.64405,18.4789],[105.6453,18.48007],[105.6454,18.48161],[105.64654,18.4825],[105.6469,18.4818],[105.64666,18.48119],[105.64745,18.48094],[105.64852,18.48181],[105.64808,18.48254],[105.6484,18.48322],[105.64981,18.48278],[105.65072,18.48293],[105.65159,18.48155],[105.65178,18.48174],[105.6512,18.48297],[105.65136,18.48356],[105.65183,18.48329],[105.6516,18.4828],[105.65199,18.4823],[105.65437,18.48238],[105.65497,18.48275],[105.65652,18.48068],[105.65962,18.48011],[105.65982,18.48094],[105.66154,18.48117],[105.66219,18.4847],[105.66064,18.485],[105.66054,18.48632],[105.66202,18.48862],[105.66103,18.49024],[105.66066,18.4903],[105.66116,18.49243],[105.66274,18.4927],[105.66313,18.49304],[105.66344,18.49464],[105.6672,18.49527],[105.66832,18.49658],[105.66814,18.49672],[105.6674,18.49606],[105.66741,18.49661],[105.6681,18.49701],[105.66804,18.49727],[105.6678,18.4975],[105.66652,18.49735],[105.66627,18.49833],[105.66678,18.49836],[105.6668,18.49943],[105.66714,18.49975],[105.66684,18.50057],[105.66711,18.50074],[105.66663,18.50158],[105.66808,18.50221],[105.6676,18.50451],[105.66879,18.50476],[105.67151,18.50736],[105.67194,18.50718],[105.67446,18.51236],[105.67539,18.51337],[105.67646,18.51375],[105.67679,18.51381],[105.67672,18.51214],[105.67999,18.51163],[105.67954,18.50886],[105.67993,18.50872],[105.67859,18.50716]]]]}},
{"type":"Feature","id":"18466","properties":{"Ward_Code":"18466","Ward_Code_Num":18466,"Ward":"Gia Hanh","Ward_Alt":"Gia Hanh","Ward_Upper":"GIA HANH","Ward_Full":"Xã Gia Hanh","Ward_Full_Alt":"Xã Gia Hanh","Ward_Full_Upper_Alt":"XÃ GIA HANH","Ward_Type":"Xã","Province_Code":"42","Province":"Hà Tĩnh","Province_Upper_Alt":"HÀ TĨNH"},"geometry":{"type":"MultiPolygon","coordinates":[[[[105.71309,18.49082],[105.7143,18.4909],[105.71558,18.49213],[105.71717,18.49276],[105.71902,18.49221],[105.71972,18.49134],[105.72087,18.49097],[105.72138,18.49124],[105.72219,18.49102],[105.7223,18.49176],[105.72462,18.49179],[105.72688,18.48982],[105.73049,18.49151],[105.73169,18.49149],[105.73159,18.49046],[105.73072,18.48927],[105.72955,18.48866],[105.72874,18.48743],[105.72384,18.48499],[105.72387,18.48323],[105.72446,18.48168],[105.72558,18.48084],[105.7259,18.47915],[105.72744,18.47837],[105.72816,18.47633],[105.72932,18.47481],[105.72918,18.47436],[105.72973,18.47418],[105.72894,18.47171],[105.72824,18.47225],[105.72902,18.47],[105.72787,18.47003],[105.72754,18.4697],[105.72735,18.46657],[105.7269,18.46679],[105.72689,18.46767],[105.72636,18.46764],[105.72639,18.4668],[105.72595,18.46679],[105.72604,18.4653],[105.72634,18.46503],[105.72668,18.46534],[105.72704,18.46514],[105.72484,18.46214],[105.72664,18.46207],[105.72684,18.46306],[105.73098,18.46146],[105.7309,18.46056],[105.73198,18.46032],[105.73237,18.45865],[105.73326,18.45863],[105.73323,18.45799],[105.73432,18.45819],[105.73392,18.45863],[105.73456,18.45895],[105.73498,18.45859],[105.73732,18.45989],[105.73775,18.45902],[105.7376,18.45735],[105.73814,18.45656],[105.74188,18.45818],[105.74265,18.45866],[105.74286,18.45918],[105.74386,18.45921],[105.74391,18.45952],[105.74855,18.45841],[105.74856,18.45791],[105.74793,18.45792],[105.7478,18.45709],[105.74926,18.45672],[105.74928,18.45552],[105.74986,18.45551],[105.74992,18.45487],[105.75094,18.45513],[105.75134,18.45483],[105.752,18.45489],[105.75038,18.44761],[105.753,18.44014],[105.74914,18.43775],[105.74824,18.43127],[105.74614,18.43122],[105.74602,18.43063],[105.74338,18.43103],[105.74335,18.43046],[105.74169,18.43091],[105.74153,18.42992],[105.74107,18.42994],[105.74096,18.43046],[105.73989,18.43047],[105.73997,18.43153],[105.73925,18.43135],[105.73926,18.43195],[105.73762,18.43166],[105.73723,18.43406],[105.72994,18.43148],[105.72996,18.43252],[105.72922,18.43299],[105.72883,18.43395],[105.72977,18.4351],[105.72912,18.43595],[105.72944,18.43679],[105.72904,18.4368],[105.72902,18.43751],[105.72549,18.43659],[105.72578,18.43559],[105.72477,18.43563],[105.72446,18.43508],[105.72547,18.43468],[105.72552,18.43429],[105.72488,18.43433],[105.72447,18.43337],[105.72346,18.43341],[105.72361,18.43204],[105.72248,18.43178],[105.72231,18.43093],[105.72089,18.4308],[105.7192,18.43113],[105.71815,18.42947],[105.71733,18.42925],[105.71708,18.4298],[105.71619,18.4296],[105.71595,18.43051],[105.71486,18.43094],[105.71298,18.43074],[105.71309,18.42765],[105.70994,18.42745],[105.70922,18.42783],[105.70855,18.42897],[105.70818,18.42897],[105.70826,18.42805],[105.70635,18.42792],[105.7036,18.43025],[105.70265,18.43054],[105.70239,18.42864],[105.70184,18.42843],[105.70056,18.42903],[105.70044,18.42874],[105.7013,18.42747],[105.70001,18.42642],[105.70003,18.42479],[105.69857,18.42437],[105.69795,18.4232],[105.69521,18.42154],[105.69492,18.42106],[105.69458,18.4215],[105.6938,18.42112],[105.69366,18.42016],[105.69402,18.41946],[105.69313,18.4187],[105.69231,18.41878],[105.69184,18.4178],[105.69082,18.41685],[105.69083,18.41603],[105.68782,18.41494],[105.6865,18.41539],[105.68434,18.41418],[105.68383,18.41202],[105.68475,18.41058],[105.68408,18.40966],[105.68327,18.40913],[105.68257,18.40958],[105.68226,18.40922],[105.68082,18.40938],[105.68026,18.40896],[105.6795,18.40892],[105.67916,18.40848],[105.67859,18.40868],[105.67819,18.40843],[105.67788,18.40702],[105.6775,18.40679],[105.67719,18.40574],[105.67583,18.4037],[105.67535,18.40362],[105.67642,18.40241],[105.67719,18.40091],[105.67613,18.39895],[105.67371,18.39783],[105.67272,18.39636],[105.67281,18.39554],[105.67185,18.3956],[105.67129,18.39525],[105.67231,18.39341],[105.67377,18.39242],[105.67504,18.38995],[105.6746,18.38816],[105.67306,18.38772],[105.67319,18.38664],[105.67372,18.3858],[105.67369,18.38454],[105.67247,18.384],[105.67064,18.3809],[105.66901,18.37482],[105.66296,18.37114],[105.6575,18.37674],[105.65733,18.37729],[105.65496,18.37907],[105.65388,18.38067],[105.6523,18.3819],[105.65077,18.38573],[105.65002,18.38662],[105.64861,18.38765],[105.64687,18.38795],[105.66074,18.41231],[105.66222,18.41304],[105.66265,18.41363],[105.66328,18.41372],[105.66375,18.41339],[105.66559,18.41351],[105.66678,18.41253],[105.66769,18.41278],[105.6688,18.41245],[105.67001,18.41279],[105.67012,18.41179],[105.67135,18.41118],[105.6732,18.41221],[105.67286,18.413],[105.67401,18.41378],[105.67398,18.41426],[105.67489,18.4159],[105.67474,18.41656],[105.67578,18.41699],[105.67597,18.41782],[105.67954,18.42364],[105.68088,18.42874],[105.6788,18.43267],[105.68022,18.43276],[105.68004,18.43379],[105.68189,18.43529],[105.68167,18.43572],[105.68195,18.43642],[105.68405,18.44041],[105.68344,18.44087],[105.68504,18.4415],[105.68434,18.44229],[105.68548,18.44322],[105.68435,18.44516],[105.6853,18.4459],[105.68533,18.44676],[105.68649,18.44733],[105.68637,18.44892],[105.68597,18.44888],[105.68549,18.45078],[105.6878,18.45103],[105.68778,18.45132],[105.6893,18.45154],[105.68972,18.45137],[105.69029,18.45207],[105.69399,18.45256],[105.69396,18.45278],[105.69476,18.45281],[105.69482,18.45317],[105.69559,18.45319],[105.69552,18.45467],[105.69448,18.45511],[105.69502,18.45657],[105.69493,18.45765],[105.69405,18.45963],[105.69284,18.46038],[105.69294,18.46078],[105.69263,18.46084],[105.69334,18.46242],[105.69331,18.46427],[105.69357,18.46465],[105.69307,18.46472],[105.69273,18.46546],[105.69233,18.46552],[105.69257,18.4673],[105.69393,18.4681],[105.69447,18.46888],[105.69666,18.47059],[105.69683,18.47122],[105.69574,18.47143],[105.69532,18.47216],[105.69618,18.47324],[105.6987,18.47381],[105.69908,18.47355],[105.70001,18.47676],[105.70144,18.47893],[105.70067,18.47939],[105.70023,18.4805],[105.70063,18.48091],[105.69843,18.48136],[105.69886,18.48308],[105.69836,18.48373],[105.69887,18.48457],[105.69815,18.48477],[105.70611,18.49646],[105.70704,18.49664],[105.70763,18.49636],[105.7106,18.49202],[105.71166,18.4912],[105.71309,18.49082]]]]}},
{"type":"Feature","id":"18481","properties":{"Ward_Code":"18481","Ward_Code_Num":18481,"Ward":"Xuân Lộc","Ward_Alt":"Xuân Lộc","Ward_Upper":"XUÂN LỘC","Ward_Full":"Xã Xuân Lộc","Ward_Full_Alt":"Xã Xuân Lộc","Ward_Full_Upper_Alt":"XÃ XUÂN LỘC","Ward_Type":"Xã","Province_Code":"42","Province":"Hà Tĩnh","Province_Upper_Alt":"HÀ TĨNH"},"geometry":{"type":"MultiPolygon","coordinates":[[[[105.75482,18.35105],[105.75348,18.34629],[105.75248,18.34458],[105.7555,18.33917],[105.75344,18.33432],[105.75383,18.32752],[105.75257,18.3256],[105.75184,18.32159],[105.7503,18.32085],[105.74649,18.32184],[105.74491,18.32247],[105.73901,18.32603],[105.73391,18.32816],[105.7367,18.33798],[105.7382,18.33914],[105.73952,18.33929],[105.74126,18.34086],[105.74246,18.34454],[105.74542,18.34603],[105.7479,18.34647],[105.75001,18.34734],[105.7498,18.34822],[105.75174,18.35034],[105.7515,18.35166],[105.75214,18.3524],[105.75189,18.35338],[105.75216,18.35388],[105.75098,18.3551],[105.75172,18.35478],[105.75409,18.35694],[105.75462,18.3567],[105.75491,18.35704],[105.7553,18.35664],[105.75827,18.35668],[105.75959,18.35913],[105.76106,18.36098],[105.76152,18.36224],[105.76078,18.36325],[105.7616,18.36505],[105.76178,18.36776],[105.76219,18.36848],[105.76194,18.36873],[105.76139,18.36858],[105.7619,18.37057],[105.76106,18.37116],[105.7617,18.37236],[105.76226,18.37219],[105.7626,18.37258],[105.76294,18.37224],[105.76328,18.37264],[105.7615,18.37636],[105.76547,18.37767],[105.76489,18.3791],[105.76404,18.3785],[105.7635,18.38137],[105.76277,18.38212],[105.76345,18.38238],[105.76499,18.38201],[105.76516,18.38132],[105.76573,18.38147],[105.76613,18.38027],[105.76752,18.38151],[105.7667,18.3824],[105.76497,18.3826],[105.76412,18.3834],[105.76426,18.38484],[105.76497,18.38522],[105.76576,18.38902],[105.7656,18.39311],[105.76407,18.39339],[105.76323,18.39293],[105.76287,18.3931],[105.7623,18.39418],[105.75945,18.39674],[105.75846,18.39653],[105.75755,18.39554],[105.75645,18.396],[105.75529,18.39802],[105.75185,18.39717],[105.75055,18.39734],[105.74806,18.39623],[105.74392,18.39501],[105.74293,18.39374],[105.74177,18.39295],[105.73956,18.39235],[105.73782,18.39226],[105.73862,18.39575],[105.7409,18.39923],[105.74269,18.40367],[105.74485,18.40573],[105.74555,18.40688],[105.74621,18.4096],[105.74531,18.41053],[105.74543,18.41144],[105.74675,18.41207],[105.74762,18.41333],[105.74725,18.41488],[105.74598,18.41578],[105.74639,18.41766],[105.74735,18.41771],[105.74711,18.41908],[105.74667,18.41933],[105.74704,18.42266],[105.74764,18.42268],[105.74788,18.42379],[105.74814,18.42686],[105.74784,18.42698],[105.74914,18.43775],[105.753,18.44014],[105.75624,18.43375],[105.75913,18.4352],[105.76087,18.4316],[105.76143,18.43169],[105.76218,18.4329],[105.76159,18.43452],[105.76996,18.43359],[105.76996,18.43413],[105.76895,18.43431],[105.7684,18.43482],[105.76778,18.43674],[105.76723,18.43687],[105.76754,18.43735],[105.7671,18.43767],[105.76658,18.43937],[105.76737,18.43938],[105.7673,18.43974],[105.76828,18.44023],[105.77215,18.44161],[105.77211,18.44223],[105.7725,18.44255],[105.77345,18.44061],[105.77305,18.43976],[105.77302,18.43805],[105.77405,18.435669999999998],[105.775,18.43575],[105.77483,18.43709],[105.77687,18.43665],[105.77657,18.43534],[105.77675,18.43494],[105.78061,18.43138],[105.78424,18.42993],[105.78379,18.4262],[105.78541,18.42405],[105.78499,18.42211],[105.7844,18.42128],[105.7834,18.42094],[105.78138,18.42125],[105.78013,18.42061],[105.77997,18.41997],[105.78032,18.41944],[105.78264,18.41878],[105.78288,18.41806],[105.78266,18.41663],[105.78212,18.41616],[105.78035,18.41652],[105.77934,18.41631],[105.77721,18.41319],[105.77709,18.41202],[105.77741,18.41156],[105.77915,18.41084],[105.77989,18.40836],[105.78048,18.40787],[105.78166,18.40814],[105.78307,18.41076],[105.78399,18.41126],[105.78477,18.41061],[105.78426,18.40883],[105.78482,18.40803],[105.78565,18.40814],[105.78747,18.40912],[105.7887,18.40895],[105.78928,18.4085],[105.78945,18.40775],[105.78912,18.40718],[105.78665,18.40637],[105.78631,18.40544],[105.78683,18.40236],[105.78661,18.40078],[105.79009,18.39846],[105.79107,18.39488],[105.79087,18.39441],[105.78953,18.39526],[105.7884,18.39467],[105.7882,18.39408],[105.7885,18.3925],[105.78895,18.3917],[105.791,18.39148],[105.79162,18.39105],[105.79335,18.38857],[105.79366,18.38585],[105.7945,18.3852],[105.79608,18.38532],[105.79617,18.38482],[105.79535,18.38297],[105.79513,18.38165],[105.79245,18.38046],[105.79171,18.38054],[105.78913,18.38269],[105.78772,18.38224],[105.78693,18.3801],[105.78712,18.37822],[105.78797,18.37695],[105.78697,18.37573],[105.78757,18.37451],[105.78726,18.3744],[105.7851,18.37534],[105.78421,18.37523],[105.78337,18.3758],[105.78154,18.37466],[105.78178,18.37413],[105.78116,18.3736],[105.78188,18.37318],[105.78189,18.37241],[105.78232,18.37211],[105.78304,18.3706],[105.78215,18.36949],[105.78229,18.36894],[105.78031,18.36887],[105.77803,18.36928],[105.77744,18.36966],[105.7772,18.3688],[105.7767,18.36865],[105.77661,18.36788],[105.77632,18.3677],[105.77695,18.36442],[105.77666,18.36353],[105.77598,18.36338],[105.77584,18.36292],[105.77638,18.36251],[105.77626,18.36182],[105.77802,18.36084],[105.7777,18.35974],[105.77489,18.35877],[105.77461,18.35907],[105.77495,18.35958],[105.7747,18.3602],[105.77326,18.36125],[105.77259,18.35986],[105.77328,18.35935],[105.77238,18.35853],[105.77182,18.35731],[105.77303,18.35631],[105.77207,18.3562],[105.77165,18.35554],[105.7706,18.35553],[105.77011,18.35465],[105.77019,18.354],[105.76954,18.35362],[105.76838,18.35382],[105.763,18.35695],[105.76226,18.3557],[105.75578,18.35572],[105.75482,18.35105]]]]}},
{"type":"Feature","id":"18484","properties":{"Ward_Code":"18484","Ward_Code_Num":18484,"Ward":"Đồng Lộc","Ward_Alt":"Đồng Lộc","Ward_Upper":"ĐỒNG LỘC","Ward_Full":"Xã Đồng Lộc","Ward_Full_Alt":"Xã Đồng Lộc","Ward_Full_Upper_Alt":"XÃ ĐỒNG LỘC","Ward_Type":"Xã","Province_Code":"42","Province":"Hà Tĩnh","Province_Upper_Alt":"HÀ TĨNH"},"geometry":{"type":"MultiPolygon","coordinates":[[[[105.72935,18.43562],[105.72975,18.43502],[105.72883,18.43395],[105.72922,18.43299],[105.72996,18.43252],[105.72994,18.43148],[105.73723,18.43406],[105.73762,18.43166],[105.73926,18.43195],[105.73925,18.43135],[105.73997,18.43153],[105.73989,18.43047],[105.74096,18.43046],[105.74107,18.42994],[105.74153,18.42992],[105.74169,18.43091],[105.74335,18.43046],[105.74338,18.43103],[105.74602,18.43063],[105.74614,18.43122],[105.74824,18.43127],[105.74788,18.42379],[105.74764,18.42268],[105.74704,18.42266],[105.74667,18.41933],[105.74711,18.41908],[105.74735,18.41771],[105.74639,18.41766],[105.74598,18.41578],[105.74725,18.41488],[105.74762,18.41333],[105.74675,18.41207],[105.74543,18.41144],[105.74531,18.41053],[105.74621,18.4096],[105.74555,18.40688],[105.74485,18.40573],[105.74269,18.40367],[105.7409,18.39923],[105.73862,18.39575],[105.73782,18.39226],[105.73956,18.39235],[105.74177,18.39295],[105.74293,18.39374],[105.74392,18.39501],[105.74806,18.39623],[105.75055,18.39734],[105.75185,18.39717],[105.75529,18.39802],[105.75645,18.396],[105.75755,18.39554],[105.75846,18.39653],[105.75945,18.39674],[105.7623,18.39418],[105.76287,18.3931],[105.76323,18.39293],[105.76407,18.39339],[105.7656,18.39311],[105.76576,18.38902],[105.76497,18.38522],[105.76426,18.38484],[105.76412,18.3834],[105.76497,18.3826],[105.7667,18.3824],[105.76752,18.38151],[105.76613,18.38027],[105.76573,18.38147],[105.76516,18.38132],[105.76499,18.38201],[105.76345,18.38238],[105.76277,18.38212],[105.7635,18.38137],[105.76404,18.3785],[105.76489,18.3791],[105.76547,18.37767],[105.7615,18.37636],[105.76328,18.37264],[105.76294,18.37224],[105.7626,18.37258],[105.76226,18.37219],[105.7617,18.37236],[105.76106,18.37116],[105.7619,18.37057],[105.76139,18.36858],[105.76194,18.36873],[105.76219,18.36848],[105.76178,18.36776],[105.7616,18.36505],[105.76078,18.36325],[105.76152,18.36224],[105.76106,18.36098],[105.75959,18.35913],[105.75832,18.35674],[105.7553,18.35664],[105.75491,18.35704],[105.75462,18.3567],[105.75409,18.35694],[105.75172,18.35478],[105.75098,18.3551],[105.75216,18.35388],[105.75189,18.35338],[105.75214,18.3524],[105.7515,18.35166],[105.75174,18.35034],[105.7498,18.34822],[105.75001,18.34734],[105.7479,18.34647],[105.74542,18.34603],[105.74246,18.34454],[105.74147,18.34111],[105.73952,18.33929],[105.7382,18.33914],[105.7373,18.33863],[105.7366,18.33755],[105.73556,18.33771],[105.73484,18.3385],[105.7336,18.33913],[105.73365,18.34121],[105.73092,18.34423],[105.73049,18.34458],[105.72931,18.3441],[105.72872,18.34421],[105.7236,18.34764],[105.72173,18.34968],[105.69178,18.35656],[105.68934,18.35748],[105.68788,18.35859],[105.6856,18.36161],[105.68311,18.36229],[105.68006,18.36377],[105.67845,18.36573],[105.67664,18.36608],[105.67319,18.36766],[105.66764,18.36811],[105.66296,18.37114],[105.66901,18.37482],[105.67064,18.3809],[105.67247,18.384],[105.67369,18.38454],[105.67372,18.3858],[105.67319,18.38664],[105.67306,18.38772],[105.6746,18.38816],[105.67504,18.38995],[105.67377,18.39242],[105.67231,18.39341],[105.67129,18.39525],[105.67185,18.3956],[105.67281,18.39554],[105.67272,18.39636],[105.67371,18.39783],[105.67613,18.39895],[105.67719,18.40091],[105.67642,18.40241],[105.67535,18.40362],[105.67583,18.4037],[105.67719,18.40574],[105.6775,18.40679],[105.67788,18.40702],[105.67819,18.40843],[105.67859,18.40868],[105.67916,18.40848],[105.6795,18.40892],[105.68026,18.40896],[105.68082,18.40938],[105.68226,18.40922],[105.68257,18.40958],[105.68327,18.40913],[105.68408,18.40966],[105.68475,18.41058],[105.68383,18.41202],[105.68441,18.41426],[105.6865,18.41539],[105.68782,18.41494],[105.69083,18.41603],[105.69082,18.41685],[105.69184,18.4178],[105.69231,18.41878],[105.69313,18.4187],[105.69402,18.41946],[105.69366,18.42016],[105.6938,18.42112],[105.69458,18.4215],[105.69492,18.42106],[105.69521,18.42154],[105.69795,18.4232],[105.69857,18.42437],[105.70003,18.42479],[105.70001,18.42642],[105.7013,18.42747],[105.70045,18.42894],[105.70092,18.42901],[105.70184,18.42843],[105.70239,18.42864],[105.70265,18.43054],[105.7036,18.43025],[105.70635,18.42792],[105.70826,18.42805],[105.70818,18.42897],[105.70855,18.42897],[105.70944,18.4276],[105.71235,18.42744],[105.71309,18.42765],[105.71298,18.43074],[105.71486,18.43094],[105.71595,18.43051],[105.71619,18.4296],[105.71708,18.4298],[105.71733,18.42925],[105.71796,18.42938],[105.7192,18.43113],[105.72089,18.4308],[105.72231,18.43093],[105.72248,18.43178],[105.72361,18.43204],[105.72346,18.43341],[105.72447,18.43337],[105.72488,18.43433],[105.72552,18.43429],[105.72547,18.43468],[105.72446,18.43508],[105.72477,18.43563],[105.72578,18.43559],[105.72549,18.43659],[105.72902,18.43751],[105.72904,18.4368],[105.72944,18.43679],[105.72912,18.43606],[105.72935,18.43562]]]]}},
{"type":"Feature","id":"18496","properties":{"Ward_Code":"18496","Ward_Code_Num":18496,"Ward":"Hương Khê","Ward_Alt":"Hương Khê","Ward_Upper":"HƯƠNG KHÊ","Ward_Full":"Xã Hương Khê","Ward_Full_Alt":"Xã Hương Khê","Ward_Full_Upper_Alt":"XÃ HƯƠNG KHÊ","Ward_Type":"Xã","Province_Code":"42","Province":"Hà Tĩnh","Province_Upper_Alt":"HÀ TĨNH"},"geometry":{"type":"MultiPolygon","coordinates":[[[[105.687,18.16803],[105.68532,18.17171],[105.6843,18.17157],[105.6826,18.16963],[105.68156,18.16906],[105.68084,18.16907],[105.68055,18.16976],[105.67929,18.17082],[105.67825,18.17386],[105.67709,18.17533],[105.6755,18.17595],[105.67403,18.17583],[105.67202,18.17622],[105.67152,18.17671],[105.66857,18.17793],[105.66714,18.17662],[105.66402,18.17529],[105.66055,18.17608],[105.65783,18.17745],[105.65679,18.1774],[105.65371,18.17618],[105.65043,18.17722],[105.64895,18.17714],[105.64469,18.1744],[105.64363,18.17284],[105.64485,18.17301],[105.6454,18.17269],[105.64677,18.17044],[105.64461,18.16977],[105.64416,18.1678],[105.64346,18.16713],[105.64188,18.16647],[105.6418,18.16586],[105.63825,18.16601],[105.63481,18.16686],[105.63363,18.16687],[105.6323,18.16834],[105.63173,18.17003],[105.63066,18.17064],[105.6301,18.17059],[105.62821,18.1668],[105.62666,18.16602],[105.62579,18.16512],[105.62657,18.16337],[105.62756,18.16276],[105.62833,18.16289],[105.62939,18.1639],[105.62989,18.1638],[105.63026,18.16309],[105.63001,18.16169],[105.62918,18.16086],[105.62845,18.16059],[105.62819,18.16002],[105.62838,18.15957],[105.62946,18.15961],[105.62935,18.15855],[105.628,18.15751],[105.62904,18.15716],[105.62901,18.15641],[105.62754,18.15544],[105.62684,18.154419999999998],[105.62584,18.15406],[105.62534,18.15441],[105.62501,18.15425],[105.62524,18.15285],[105.62644,18.15287],[105.62673,18.15258],[105.62517,18.15089],[105.62375,18.15102],[105.62298,18.15077],[105.62209,18.15124],[105.62232,18.15023],[105.62149,18.15049],[105.62125,18.14905],[105.62218,18.14789],[105.6198,18.14807],[105.6193,18.14878],[105.61905,18.14828],[105.61928,18.14775],[105.61823,18.14653],[105.61802,18.14695],[105.61824,18.14774],[105.61724,18.14819],[105.61705,18.14792],[105.61758,18.14751],[105.61683,18.14642],[105.61788,18.14554],[105.61715,18.1453],[105.6164,18.14547],[105.61679,18.14476],[105.61599,18.14484],[105.6148,18.14436],[105.61437,18.14499],[105.61339,18.14509],[105.61351,18.14554],[105.61324,18.14568],[105.61143,18.14562],[105.61092,18.14514],[105.61051,18.14541],[105.61034,18.14443],[105.60946,18.1453],[105.6083,18.14504],[105.60848,18.14459],[105.60909,18.14454],[105.60896,18.14401],[105.61055,18.14261],[105.61267,18.14181],[105.61183,18.14121],[105.61286,18.14088],[105.61225,18.13909],[105.6102,18.1377],[105.60741,18.13507],[105.60704,18.13373],[105.60544,18.13224],[105.60444,18.12941],[105.60124,18.12775],[105.59944,18.12749],[105.59757,18.12577],[105.59468,18.12029],[105.59348,18.11678],[105.59341,18.11434],[105.592,18.11212],[105.5891,18.11055],[105.5865,18.10997],[105.5844,18.10708],[105.57996,18.10402],[105.57718,18.10142],[105.57412,18.0999],[105.57302,18.09895],[105.571,18.09437],[105.57,18.0885],[105.56865,18.08602],[105.56433,18.08262],[105.56286,18.08185],[105.56146,18.08173],[105.55905,18.08056],[105.5579,18.0805],[105.55658,18.08124],[105.55584,18.08034],[105.55483,18.08026],[105.55306,18.08179],[105.55205,18.08212],[105.54973,18.08102],[105.54792,18.08068],[105.54635,18.08124],[105.54443,18.08054],[105.5436,18.08166],[105.54263,18.08214],[105.54192,18.08236],[105.54123,18.08208],[105.54027,18.08249],[105.53934,18.0841],[105.53981,18.08638],[105.53967,18.09035],[105.53922,18.09142],[105.53922,18.09246],[105.53987,18.09522],[105.53991,18.09714],[105.5398,18.09851],[105.53908,18.09978],[105.53896,18.1014],[105.53852,18.10214],[105.53972,18.10513],[105.5386,18.10684],[105.53795,18.10718],[105.5372,18.10713],[105.53635,18.10842],[105.53618,18.10938],[105.53653,18.11059],[105.53547,18.11165],[105.53565999999999,18.11392],[105.53441,18.1153],[105.53191,18.1166],[105.53139,18.11747],[105.53033,18.11789],[105.52941,18.11897],[105.52807,18.11927],[105.5279,18.12],[105.52702,18.12069],[105.52557,18.12343],[105.52458,18.12386],[105.52308,18.12546],[105.52169,18.12635],[105.52008,18.12609],[105.51926,18.12641],[105.51809,18.12607],[105.51731,18.12533],[105.51594,18.12527],[105.51451,18.12458],[105.51354,18.12453],[105.51228,18.12258],[105.51173,18.11989],[105.51132,18.1194],[105.5104,18.12044],[105.50996,18.12167],[105.50608,18.12401],[105.50575,18.12543],[105.50629,18.12609],[105.5062,18.12659],[105.50359,18.12876],[105.50446,18.1311],[105.5034,18.13296],[105.50343,18.13349],[105.50426,18.13415],[105.50677,18.13511],[105.50621,18.1361],[105.50474,18.13668],[105.50421,18.13752],[105.5037,18.1387],[105.5044,18.14003],[105.50356,18.14061],[105.5043,18.14124],[105.50496,18.14276],[105.50572,18.14322],[105.5058,18.14433],[105.50621,18.14492],[105.50772,18.14603],[105.50934,18.1457],[105.51026,18.14627],[105.51187,18.14775],[105.51291,18.1497],[105.511,18.1527],[105.51154,18.15722],[105.51092,18.15866],[105.5106,18.1611],[105.50887,18.16311],[105.50827,18.16507],[105.50795,18.16838],[105.50702,18.16929],[105.50645,18.17091],[105.50475,18.17116],[105.5043,18.17264],[105.50589,18.17518],[105.50527,18.17661],[105.50562,18.17908],[105.50438,18.18024],[105.50409,18.1819],[105.50228,18.18615],[105.50189,18.18823],[105.50004,18.18934],[105.5022,18.19192],[105.50394,18.19254],[105.50588,18.19256],[105.50702,18.193],[105.50826,18.19408],[105.50905,18.19592],[105.51078,18.19786],[105.51375,18.19953],[105.51442,18.20092],[105.51798,18.20429],[105.52045,18.20435],[105.52172,18.20302],[105.52427,18.20254],[105.52589,18.20358],[105.52823,18.20372],[105.52983,18.20474],[105.53326,18.20534],[105.53561,18.20531],[105.53674,18.20652],[105.53856,18.20752],[105.54039,18.20703],[105.5441,18.20762],[105.54571,18.20719],[105.54702,18.20623],[105.54896,18.20542],[105.55096,18.20507],[105.55254,18.20544],[105.5555,18.20525],[105.55606,18.20507],[105.55664,18.20407],[105.5573,18.20378],[105.56157,18.2035],[105.56322,18.20484],[105.56512,18.20506],[105.56757,18.20445],[105.56857,18.20504],[105.57006,18.20499],[105.57088,18.20543],[105.57202,18.20514],[105.57337,18.20565],[105.57609,18.2059],[105.57739,18.2069],[105.57806,18.20678],[105.58093,18.20765],[105.58256,18.20892],[105.58478,18.20896],[105.58702,18.21104],[105.58894,18.21081],[105.59202,18.20977],[105.59489,18.21003],[105.59707,18.2094],[105.59799,18.20945],[105.60362,18.20606],[105.60432,18.2046],[105.60494,18.20419],[105.60955,18.2042],[105.61064,18.20555],[105.6109,18.2065],[105.6126,18.20696],[105.61341,18.208],[105.6147,18.20716],[105.61582,18.20788],[105.61875,18.20797],[105.62177,18.20903],[105.62214,18.20857],[105.62318,18.20819],[105.62395,18.20678],[105.62554,18.20636],[105.62688,18.20521],[105.62971,18.20492],[105.63117,18.20424],[105.63203,18.20507],[105.63625,18.20667],[105.63691,18.20506],[105.63868,18.205],[105.63884,18.20456],[105.6395,18.20432],[105.64073,18.20463],[105.64153,18.20437],[105.64208,18.2046],[105.6422,18.20518],[105.64258,18.20521],[105.64244,18.20619],[105.64298,18.20722],[105.64387,18.20673],[105.64419,18.20724],[105.64492,18.20703],[105.64544,18.20783],[105.64615,18.20737],[105.64656,18.20802],[105.64642,18.20929],[105.64704,18.20942],[105.64701,18.21026],[105.64744,18.21041],[105.64736,18.21087],[105.64829,18.21017],[105.64837,18.21088],[105.64897,18.21148],[105.64999,18.21172],[105.65018,18.21224],[105.65026,18.21174],[105.65127,18.21141],[105.65102,18.21122],[105.65356,18.21036],[105.65703,18.21247],[105.65733,18.21288],[105.65716,18.21404],[105.65838,18.21489],[105.65838,18.2155],[105.65776,18.2165],[105.65802,18.21809],[105.66128,18.21995],[105.66172,18.21944],[105.663,18.2203],[105.66388,18.22142],[105.6673,18.22005],[105.669,18.21768],[105.67073,18.21674],[105.67105,18.21269],[105.67237,18.21219],[105.67294,18.21019],[105.67506,18.20851],[105.67553,18.20763],[105.67473,18.2077],[105.67433,18.20688],[105.67522,18.20548],[105.67634,18.20487],[105.67719,18.20327],[105.68403,18.19911],[105.68462,18.19542],[105.6832,18.19475],[105.68318,18.19424],[105.68503,18.1914],[105.68476,18.19081],[105.68403,18.19054],[105.6843,18.18973],[105.68376,18.18878],[105.68373,18.18602],[105.68432,18.18505],[105.68554,18.1844],[105.68574,18.18346],[105.68538,18.18296],[105.68808,18.1818],[105.68809,18.18103],[105.69394,18.1812],[105.6948,18.18066],[105.69711,18.18255],[105.69826,18.18294],[105.70105,18.18496],[105.70104,18.18542],[105.70298,18.18771],[105.70295,18.18706],[105.70377,18.18645],[105.70455,18.18447],[105.7071,18.18138],[105.70959,18.17918],[105.71146,18.17612],[105.71267,18.17624],[105.71287,18.17582],[105.71256,18.17556],[105.71289,18.17531],[105.71275,18.17465],[105.71234,18.1744],[105.71241,18.17348],[105.71437,18.17346],[105.71319,18.17198],[105.71354,18.17128],[105.71337,18.16941],[105.71405,18.16857],[105.71569,18.16812],[105.71685,18.16616],[105.71709,18.16474],[105.71635,18.16411],[105.71626,18.16237],[105.71474,18.16056],[105.71458,18.15959],[105.71336,18.15856],[105.71173,18.15788],[105.7099,18.15613],[105.70871,18.15406],[105.70772,18.15366],[105.7061,18.15457],[105.70481,18.15754],[105.70711,18.16002],[105.70706,18.16061],[105.70607,18.16134],[105.70503,18.16148],[105.702,18.16023],[105.70082,18.16055],[105.69861,18.16047],[105.69684,18.1593],[105.69391,18.15936],[105.69253,18.16046],[105.6898,18.16497],[105.68777,18.16652],[105.687,18.16803]]]]}},
{"type":"Feature","id":"18502","properties":{"Ward_Code":"18502","Ward_Code_Num":18502,"Ward":"Hà Linh","Ward_Alt":"Hà Linh","Ward_Upper":"HÀ LINH","Ward_Full":"Xã Hà Linh","Ward_Full_Alt":"Xã Hà Linh","Ward_Full_Upper_Alt":"XÃ HÀ LINH","Ward_Type":"Xã","Province_Code":"42","Province":"Hà Tĩnh","Province_Upper_Alt":"HÀ TĨNH"},"geometry":{"type":"MultiPolygon","coordinates":[[[[105.60445,18.32637],[105.60477,18.32613],[105.61176,18.3273],[105.61154,18.32895],[105.61175,18.32928],[105.61484,18.3297],[105.61589,18.33152],[105.61594,18.33417],[105.61832,18.33569],[105.61801,18.33611],[105.61809,18.33663],[105.61939,18.33884],[105.6191,18.34004],[105.61862,18.34007],[105.61719,18.34109],[105.61627,18.34302],[105.61325,18.34321],[105.61192,18.34348],[105.61088,18.34409],[105.61036,18.34474],[105.61024,18.34756],[105.6113,18.34892],[105.61186,18.35032],[105.6116,18.35157],[105.61239,18.35375],[105.6134,18.35588],[105.61429,18.35649],[105.61571,18.36316],[105.61726,18.3652],[105.61848,18.36584],[105.61966,18.36727],[105.61978,18.36796],[105.62192,18.36884],[105.62175,18.37093],[105.62297,18.37262],[105.62398,18.37555],[105.62514,18.37646],[105.62547,18.37937],[105.62504,18.38035],[105.62509,18.38194],[105.62602,18.38264],[105.62685,18.38261],[105.62914,18.38353],[105.63058,18.38506],[105.63154,18.38555],[105.63212,18.38548],[105.63351,18.3865],[105.63372,18.38777],[105.63484,18.38928],[105.63572,18.39175],[105.6367,18.3933],[105.6435,18.39015],[105.64392,18.38926],[105.64702,18.38788],[105.64861,18.38765],[105.64963,18.38697],[105.65077,18.38573],[105.6523,18.3819],[105.65388,18.38067],[105.65496,18.37907],[105.65733,18.37729],[105.6575,18.37674],[105.66296,18.37114],[105.66764,18.36811],[105.67319,18.36766],[105.67664,18.36608],[105.67845,18.36573],[105.68006,18.36377],[105.68311,18.36229],[105.6856,18.36161],[105.68788,18.35859],[105.68934,18.35748],[105.69178,18.35656],[105.72173,18.34968],[105.7236,18.34764],[105.72872,18.34421],[105.72931,18.3441],[105.73049,18.34458],[105.73365,18.34121],[105.7336,18.33913],[105.73484,18.3385],[105.73556,18.33771],[105.7366,18.33755],[105.73391,18.32816],[105.73901,18.32603],[105.74491,18.32247],[105.75294,18.32014],[105.75436,18.31923],[105.75582,18.31765],[105.76066,18.31566],[105.76045,18.31477],[105.761,18.31459],[105.76108,18.31427],[105.76046,18.31352],[105.76031,18.31223],[105.75926,18.3106],[105.75948,18.30972],[105.75909,18.30916],[105.75905,18.30804],[105.75601,18.30621],[105.75501,18.3025],[105.75248,18.30021],[105.75106,18.29747],[105.7475,18.29818],[105.74622,18.29745],[105.74479,18.29811],[105.74295,18.29784],[105.7419,18.299],[105.74137,18.29918],[105.73916,18.29865],[105.73771,18.2977],[105.73627,18.29747],[105.73548,18.29405],[105.73441,18.2933],[105.73205,18.29294],[105.73062,18.29103],[105.72912,18.29027],[105.7287,18.28954],[105.72632,18.288],[105.72629,18.28637],[105.72584,18.28576],[105.72659,18.28444],[105.72639,18.28344],[105.7242,18.28232],[105.72303,18.28263],[105.72146,18.28213],[105.72056,18.28218],[105.7196,18.28165],[105.72021,18.2798],[105.71912,18.27808],[105.71935,18.2775],[105.71922,18.27588],[105.7184,18.27557],[105.71715,18.27586],[105.71532,18.27579],[105.71424,18.27632],[105.71102,18.27204],[105.70944,18.27178],[105.7079,18.27067],[105.70606,18.27024],[105.70509,18.26965],[105.70479,18.26864],[105.70505,18.26649],[105.70428,18.26589],[105.70373,18.26475],[105.70014,18.26301],[105.69944,18.26419],[105.69756,18.2656],[105.69574,18.26766],[105.67803,18.26646],[105.67629,18.26713],[105.67537,18.26754],[105.67509,18.26817],[105.67201,18.27031],[105.67132,18.27272],[105.66994,18.27185],[105.66856,18.27237],[105.66809,18.27385],[105.66829,18.27504],[105.66609,18.27747],[105.66471,18.27762],[105.66425,18.27841],[105.66285,18.2783],[105.66179,18.27899],[105.65977,18.27917],[105.6581,18.28086],[105.65602,18.28118],[105.65562,18.28167],[105.65461,18.28162],[105.65334,18.28287],[105.65128,18.28332],[105.6485,18.28321],[105.64605,18.28429],[105.64475,18.28411],[105.64316,18.28577],[105.64135,18.2859],[105.63897,18.28742],[105.6372,18.28897],[105.63688,18.29022],[105.63584,18.28978],[105.63615,18.28831],[105.63935,18.28496],[105.63944,18.28447],[105.63794,18.2825],[105.6361,18.28107],[105.63588,18.27969],[105.63544,18.27944],[105.6334,18.28048],[105.63246,18.28151],[105.63105,18.28216],[105.626,18.27905],[105.62442,18.28118],[105.62332,18.28364],[105.62128,18.28508],[105.61999,18.28698],[105.6188,18.2869],[105.61795,18.28571],[105.61556,18.28572],[105.61426,18.28516],[105.61319,18.28676],[105.61254,18.28669],[105.60938,18.28833],[105.60686,18.28904],[105.60642,18.28967],[105.60622,18.2926],[105.60542,18.29448],[105.60391,18.2948],[105.60331,18.29614],[105.60185,18.29799],[105.60101,18.29988],[105.59937,18.30041],[105.59849,18.30224],[105.59665,18.30306],[105.59524,18.30195],[105.59405,18.30188],[105.59178,18.30338],[105.58854,18.30417],[105.58821,18.30489],[105.58876,18.30755],[105.59056,18.30982],[105.59071,18.31199],[105.59003,18.31375],[105.59185,18.31388],[105.59261,18.31537],[105.59154,18.31658],[105.59115,18.31759],[105.59171,18.31922],[105.592,18.31935],[105.59159,18.32385],[105.5921,18.32886],[105.59145,18.32944],[105.59166,18.33157],[105.59241,18.33201],[105.59443,18.33159],[105.59566,18.33244],[105.59687,18.33184],[105.59777,18.33048],[105.59906,18.3299],[105.60236,18.33183],[105.60332,18.33196],[105.60389,18.32787],[105.60425,18.32767],[105.60445,18.32637]]]]}},
{"type":"Feature","id":"18523","properties":{"Ward_Code":"18523","Ward_Code_Num":18523,"Ward":"Hương Bình","Ward_Alt":"Hương Bình","Ward_Upper":"HƯƠNG BÌNH","Ward_Full":"Xã Hương Bình","Ward_Full_Alt":"Xã Hương Bình","Ward_Full_Upper_Alt":"XÃ HƯƠNG BÌNH","Ward_Type":"Xã","Province_Code":"42","Province":"Hà Tĩnh","Province_Upper_Alt":"HÀ TĨNH"},"geometry":{"type":"MultiPolygon","coordinates":[[[[105.58724,18.3125],[105.58806,18.3123],[105.59003,18.31375],[105.59071,18.31199],[105.59056,18.30982],[105.5897,18.30904],[105.58849,18.30671],[105.58818,18.30548],[105.58854,18.30417],[105.59178,18.30338],[105.59405,18.30188],[105.59524,18.30195],[105.59665,18.30306],[105.59806,18.30257],[105.59937,18.30041],[105.60101,18.29988],[105.60185,18.29799],[105.60331,18.29614],[105.60391,18.2948],[105.60542,18.29448],[105.60622,18.2926],[105.60642,18.28967],[105.60686,18.28904],[105.60938,18.28833],[105.61254,18.28669],[105.61319,18.28676],[105.61426,18.28516],[105.61556,18.28572],[105.61795,18.28571],[105.6188,18.2869],[105.61999,18.28698],[105.62128,18.28508],[105.62332,18.28364],[105.62442,18.28118],[105.626,18.27905],[105.63105,18.28216],[105.63246,18.28151],[105.6334,18.28048],[105.63544,18.27944],[105.63588,18.27969],[105.6361,18.28107],[105.63794,18.2825],[105.63944,18.28447],[105.63935,18.28496],[105.63615,18.28831],[105.63584,18.28978],[105.63688,18.29022],[105.6372,18.28897],[105.63897,18.28742],[105.64135,18.2859],[105.64316,18.28577],[105.64475,18.28411],[105.64605,18.28429],[105.6485,18.28321],[105.65128,18.28332],[105.65334,18.28287],[105.65461,18.28162],[105.65562,18.28167],[105.65602,18.28118],[105.6581,18.28086],[105.65977,18.27917],[105.66179,18.27899],[105.66285,18.2783],[105.66425,18.27841],[105.66471,18.27762],[105.66609,18.27747],[105.66829,18.27504],[105.66809,18.27385],[105.66856,18.27237],[105.66994,18.27185],[105.67132,18.27272],[105.67168,18.27215],[105.67167,18.27093],[105.67231,18.26999],[105.67509,18.26817],[105.67537,18.26754],[105.67803,18.26646],[105.67742,18.26595],[105.67751,18.26505],[105.68004,18.26266],[105.67934,18.26183],[105.67964,18.26034],[105.67841,18.25956],[105.67806,18.25843],[105.67696,18.25804],[105.67592,18.25691],[105.67615,18.25655],[105.67468,18.25481],[105.67207,18.25305],[105.66915,18.24968],[105.66432,18.24525],[105.6645,18.24342],[105.66382,18.24317],[105.66368,18.24254],[105.66476,18.24197],[105.66458,18.24031],[105.66388,18.23935],[105.66468,18.2388],[105.66497,18.23776],[105.66384,18.2374],[105.66212,18.23739],[105.66012,18.23539],[105.65811,18.23398],[105.65786,18.23343],[105.65702,18.23314],[105.65706,18.23255],[105.65753,18.23222],[105.65774,18.22965],[105.65905,18.22896],[105.65993,18.22688],[105.65974,18.22633],[105.66388,18.22142],[105.663,18.2203],[105.66172,18.21944],[105.66128,18.21995],[105.65802,18.21809],[105.65776,18.2165],[105.65838,18.2155],[105.65838,18.21489],[105.65716,18.21404],[105.65733,18.21288],[105.65703,18.21247],[105.65356,18.21036],[105.65102,18.21122],[105.65127,18.21141],[105.65026,18.21174],[105.65018,18.21224],[105.64999,18.21172],[105.64897,18.21148],[105.64837,18.21088],[105.64829,18.21017],[105.64736,18.21087],[105.64744,18.21041],[105.64701,18.21026],[105.64704,18.20942],[105.64642,18.20929],[105.64656,18.20802],[105.64615,18.20737],[105.64544,18.20783],[105.64492,18.20703],[105.64426,18.20726],[105.64387,18.20673],[105.64298,18.20722],[105.64244,18.20619],[105.64258,18.20521],[105.6422,18.20518],[105.64208,18.2046],[105.64153,18.20437],[105.64073,18.20463],[105.6395,18.20432],[105.63884,18.20456],[105.63868,18.205],[105.63691,18.20506],[105.63625,18.20667],[105.63203,18.20507],[105.63117,18.20424],[105.62971,18.20492],[105.62688,18.20521],[105.62554,18.20636],[105.62395,18.20678],[105.62318,18.20819],[105.62214,18.20857],[105.62177,18.20903],[105.61875,18.20797],[105.61582,18.20788],[105.6147,18.20716],[105.61341,18.208],[105.6126,18.20696],[105.6109,18.2065],[105.61064,18.20555],[105.60955,18.2042],[105.60494,18.20419],[105.60432,18.2046],[105.60362,18.20606],[105.59799,18.20945],[105.59707,18.2094],[105.59489,18.21003],[105.59202,18.20977],[105.58894,18.21081],[105.58702,18.21104],[105.58478,18.20896],[105.58256,18.20892],[105.58093,18.20765],[105.57806,18.20678],[105.57739,18.2069],[105.57609,18.2059],[105.57337,18.20565],[105.57202,18.20514],[105.57088,18.20543],[105.57006,18.20499],[105.56857,18.20504],[105.56757,18.20445],[105.56512,18.20506],[105.56322,18.20484],[105.56157,18.2035],[105.5573,18.20378],[105.55664,18.20407],[105.55606,18.20507],[105.5555,18.20525],[105.55254,18.20544],[105.55096,18.20507],[105.54896,18.20542],[105.54702,18.20623],[105.54571,18.20719],[105.5441,18.20762],[105.54039,18.20703],[105.53856,18.20752],[105.53674,18.20652],[105.53561,18.20531],[105.53326,18.20534],[105.52983,18.20474],[105.52823,18.20372],[105.52589,18.20358],[105.52427,18.20254],[105.52172,18.20302],[105.52045,18.20435],[105.51816,18.20435],[105.51709,18.20366],[105.51442,18.20092],[105.51375,18.19953],[105.51078,18.19786],[105.50905,18.19592],[105.50826,18.19408],[105.50702,18.193],[105.50236,18.192],[105.50004,18.18934],[105.49892,18.18897],[105.49768,18.18594],[105.49786,18.18463],[105.49721,18.18348],[105.49599,18.1825],[105.49588,18.18192],[105.49422,18.18026],[105.49367,18.17881],[105.49384,18.17732],[105.49347,18.17659],[105.48948,18.17595],[105.48853,18.17682],[105.48876,18.17774],[105.48828,18.17918],[105.48706,18.18108],[105.48779,18.18213],[105.48696,18.18252],[105.48634,18.18347],[105.48645,18.1839],[105.48729,18.18454],[105.48715,18.18645],[105.48928,18.19112],[105.4889,18.19212],[105.48921,18.19293],[105.4908,18.19517],[105.49237,18.19628],[105.49316,18.19731],[105.49373,18.20044],[105.49158,18.20275],[105.49114,18.20277],[105.49019,18.20163],[105.48918,18.20113],[105.48556,18.20062],[105.48447,18.19796],[105.48058,18.19593],[105.47496,18.19908],[105.47313,18.19884],[105.47144,18.19926],[105.47006,18.199],[105.46922,18.19964],[105.46833,18.20123],[105.46752,18.20191],[105.46617,18.20238],[105.46385,18.20222],[105.46132,18.2032],[105.4615,18.20437],[105.45972,18.20515],[105.45761,18.20394],[105.455,18.20311],[105.45462,18.20204],[105.45302,18.2022],[105.45282,18.20382],[105.45156,18.2069],[105.45224,18.20804],[105.45455,18.20871],[105.45566,18.21088],[105.45621,18.21492],[105.45593,18.21568],[105.45607,18.21662],[105.45526,18.21758],[105.4551,18.21866],[105.45544,18.21993],[105.45632,18.2212],[105.4561,18.22397],[105.45805,18.22946],[105.4588,18.23033],[105.45938,18.23182],[105.46026,18.23278],[105.46053,18.2337],[105.46164,18.23422],[105.46211,18.23585],[105.46198,18.23656],[105.46251,18.23728],[105.46179,18.23859],[105.46206,18.24096],[105.46423,18.2435],[105.46427,18.246],[105.46547,18.2472],[105.46554,18.24794],[105.466,18.24833],[105.46685,18.25202],[105.46678,18.25287],[105.46749,18.25376],[105.46709,18.25471],[105.46614,18.25575],[105.46615,18.25898],[105.4671,18.26029],[105.4672,18.26149],[105.46845,18.26266],[105.47333,18.26486],[105.47575,18.26629],[105.47912,18.26737],[105.47915,18.27084],[105.48208,18.27345],[105.48172,18.2747],[105.48207,18.27729],[105.48319,18.27746],[105.48488,18.27828],[105.48512,18.27915],[105.486,18.28013],[105.48576,18.28097],[105.4848,18.28206],[105.48721,18.28505],[105.48716,18.28552],[105.48565,18.28696],[105.48636,18.28813],[105.48622,18.2894],[105.48903,18.29155],[105.48939,18.29388],[105.48915,18.29788],[105.48961,18.29952],[105.49052,18.30102],[105.49026,18.30226],[105.49276,18.30438],[105.49364,18.3067],[105.4951,18.30686],[105.49601,18.30654],[105.49704,18.30567],[105.50119,18.30413],[105.50165,18.30309],[105.50244,18.30288],[105.50294,18.30303],[105.5043,18.30502],[105.50535,18.30496],[105.50626,18.3035],[105.50726,18.30367],[105.50899,18.30542],[105.50974,18.30528],[105.51052,18.30584],[105.51386,18.30633],[105.51617,18.30746],[105.52144,18.30746],[105.52434,18.3058],[105.527,18.3066],[105.52858,18.3057],[105.53004,18.30605],[105.5311,18.30481],[105.53395,18.30407],[105.53624,18.30464],[105.53879,18.30464],[105.54006,18.3039],[105.54144,18.30203],[105.54382,18.30053],[105.54444,18.29963],[105.54464,18.29815],[105.54594,18.29846],[105.54922,18.29439],[105.55048,18.29499],[105.5524,18.29511],[105.55383,18.29556],[105.55603,18.29537],[105.5566,18.29489],[105.55708,18.29532],[105.55977,18.29796],[105.55848,18.30054],[105.55919,18.30246],[105.56023,18.30351],[105.56223,18.30424],[105.56448,18.30816],[105.5667,18.30799],[105.56811,18.30708],[105.57031,18.30624],[105.57203,18.30666],[105.57346,18.3061],[105.57449,18.30699],[105.57504,18.30842],[105.57595,18.30867],[105.5775,18.30846],[105.58077,18.31043],[105.58209,18.31157],[105.58305,18.3138],[105.58724,18.3125]]]]}},
{"type":"Feature","id":"18532","properties":{"Ward_Code":"18532","Ward_Code_Num":18532,"Ward":"Hương Phố","Ward_Alt":"Hương Phố","Ward_Upper":"HƯƠNG PHỐ","Ward_Full":"Xã Hương Phố","Ward_Full_Alt":"Xã Hương Phố","Ward_Full_Upper_Alt":"XÃ HƯƠNG PHỐ","Ward_Type":"Xã","Province_Code":"42","Province":"Hà Tĩnh","Province_Upper_Alt":"HÀ TĨNH"},"geometry":{"type":"MultiPolygon","coordinates":[[[[105.79063,18.29714],[105.79245,18.29235],[105.7949,18.29197],[105.79611,18.28797],[105.79561,18.28759],[105.795,18.28575],[105.79569,18.28521],[105.79567,18.28454],[105.79698,18.28358],[105.79735,18.28275],[105.79854,18.28216],[105.79931,18.28078],[105.80002,18.28031],[105.8001,18.27977],[105.80105,18.27973],[105.80273,18.27905],[105.80392,18.27675],[105.80478,18.27655],[105.80624,18.2755],[105.80744,18.27524],[105.80879,18.27371],[105.80909,18.27245],[105.8101,18.27172],[105.8109,18.27187],[105.81328,18.27034],[105.81552,18.267],[105.81685,18.26696],[105.81988,18.26611],[105.82188,18.265],[105.82216,18.26442],[105.82204,18.26339],[105.82232,18.26306],[105.82489,18.26249],[105.82616,18.26105],[105.8278,18.26051],[105.82798,18.25956],[105.82914,18.25866],[105.82945,18.25646],[105.82219,18.24948],[105.82124,18.24802],[105.82021,18.24753],[105.81875,18.24516],[105.81362,18.24532],[105.81148,18.244],[105.80992,18.24409],[105.80934,18.24345],[105.80936,18.24221],[105.80892,18.24122],[105.80224,18.23388],[105.8007,18.23373],[105.79975,18.23525],[105.79746,18.23626],[105.79246,18.23518],[105.79079,18.23519],[105.78796,18.23423],[105.78577,18.23471],[105.78335,18.23623],[105.78203,18.23603],[105.78017,18.23331],[105.77893,18.23208],[105.77888,18.23099],[105.77924,18.23009],[105.7787,18.22899],[105.77915,18.22808],[105.77857,18.22714],[105.77785,18.22418],[105.77867,18.22379],[105.77961,18.22264],[105.78023,18.22258],[105.78012,18.22209],[105.78045,18.22194],[105.78002,18.22142],[105.77994,18.22058],[105.78033,18.22049],[105.78071,18.22087],[105.78255,18.21984],[105.7835,18.21882],[105.78297,18.21591],[105.78165,18.21501],[105.78032,18.21272],[105.78012,18.21118],[105.77914,18.2098],[105.77734,18.20839],[105.77699,18.2073],[105.77586,18.20746],[105.77552,18.20708],[105.77624,18.20666],[105.77672,18.20577],[105.77661,18.20526],[105.77486,18.20521],[105.77403,18.20434],[105.77278,18.20576],[105.77228,18.20493],[105.77146,18.20444],[105.77185,18.20298],[105.77303,18.20198],[105.77231,18.20154],[105.77237,18.20057],[105.77192,18.20015],[105.77142,18.19994],[105.77033,18.20031],[105.76984,18.1998],[105.76822,18.20055],[105.76792,18.19942],[105.76713,18.19912],[105.7655,18.1977],[105.76249,18.19753],[105.76011,18.19866],[105.75962,18.19923],[105.75695,18.20015],[105.75572,18.20141],[105.75417,18.20208],[105.75375,18.20267],[105.75208,18.20299],[105.74896,18.2052],[105.74727,18.20521],[105.74375,18.20624],[105.74018,18.20555],[105.73671,18.20425],[105.73482,18.20444],[105.73338,18.20404],[105.73192,18.20329],[105.72952,18.20137],[105.73011,18.199],[105.72946,18.19791],[105.72939,18.19509],[105.72821,18.19399],[105.72575,18.19348],[105.72264,18.19376],[105.72034,18.19275],[105.71515,18.19159],[105.71156,18.19035],[105.71257,18.18796],[105.71102,18.18687],[105.71148,18.18552],[105.71182,18.18544],[105.71221,18.18469],[105.7128,18.18516],[105.71318,18.1843],[105.71428,18.18493],[105.71462,18.18457],[105.71524,18.18495],[105.71642,18.1823],[105.71588,18.18111],[105.71398,18.17945],[105.71405,18.17843],[105.71613,18.17691],[105.71793,18.17754],[105.71861,18.1786],[105.719,18.17873],[105.7206,18.17678],[105.72018,18.17642],[105.71896,18.17689],[105.71812,18.17667],[105.71692,18.17509],[105.71437,18.17346],[105.71241,18.17348],[105.71234,18.1744],[105.71275,18.17465],[105.71289,18.17531],[105.71256,18.17556],[105.71287,18.17582],[105.71267,18.17624],[105.71146,18.17612],[105.70959,18.17918],[105.7071,18.18138],[105.70455,18.18447],[105.70377,18.18645],[105.70295,18.18706],[105.70298,18.18771],[105.70104,18.18542],[105.70105,18.18496],[105.69826,18.18294],[105.69711,18.18255],[105.6948,18.18066],[105.69394,18.1812],[105.68809,18.18103],[105.68808,18.1818],[105.68542,18.18292],[105.68574,18.18346],[105.68554,18.1844],[105.68432,18.18505],[105.68373,18.18602],[105.68376,18.18878],[105.6843,18.18973],[105.68403,18.19054],[105.68476,18.19081],[105.68503,18.1914],[105.68318,18.19424],[105.6832,18.19475],[105.68462,18.19542],[105.68403,18.19911],[105.67719,18.20327],[105.67605,18.20522],[105.67512,18.20558],[105.67433,18.20688],[105.67473,18.2077],[105.67553,18.20763],[105.67506,18.20851],[105.67294,18.21019],[105.67237,18.21219],[105.67129,18.21246],[105.67095,18.2129],[105.67102,18.21545],[105.67073,18.21674],[105.669,18.21768],[105.6673,18.22005],[105.66388,18.22142],[105.65974,18.22633],[105.65993,18.22688],[105.65905,18.22896],[105.65774,18.22965],[105.65753,18.23222],[105.65702,18.23264],[105.65702,18.23314],[105.65786,18.23343],[105.65811,18.23398],[105.66012,18.23539],[105.66212,18.23739],[105.66384,18.2374],[105.66497,18.23776],[105.66468,18.2388],[105.66388,18.23935],[105.66458,18.24031],[105.66476,18.24197],[105.66368,18.24254],[105.66382,18.24317],[105.6645,18.24342],[105.66432,18.24525],[105.66915,18.24968],[105.67207,18.25305],[105.67468,18.25481],[105.67615,18.25655],[105.67592,18.25691],[105.67696,18.25804],[105.67806,18.25843],[105.67841,18.25956],[105.67964,18.26034],[105.67934,18.26183],[105.68004,18.26266],[105.67751,18.26505],[105.67733,18.26569],[105.67765,18.2662],[105.67803,18.26646],[105.69574,18.26766],[105.69756,18.2656],[105.69944,18.26419],[105.70014,18.26301],[105.7009,18.26319],[105.70373,18.26475],[105.70428,18.26589],[105.70505,18.26649],[105.70479,18.26864],[105.70509,18.26965],[105.70606,18.27024],[105.7079,18.27067],[105.70944,18.27178],[105.71102,18.27204],[105.71424,18.27632],[105.71532,18.27579],[105.71715,18.27586],[105.7184,18.27557],[105.71922,18.27588],[105.71935,18.2775],[105.71912,18.27808],[105.72021,18.2798],[105.7196,18.28165],[105.72056,18.28218],[105.72146,18.28213],[105.72303,18.28263],[105.7242,18.28232],[105.72639,18.28344],[105.72659,18.28444],[105.72584,18.28577],[105.72629,18.28637],[105.72649,18.2882],[105.72845,18.28934],[105.72912,18.29027],[105.73062,18.29103],[105.73205,18.29294],[105.73441,18.2933],[105.73548,18.29405],[105.73627,18.29747],[105.73771,18.2977],[105.73994,18.29892],[105.74176,18.29908],[105.74295,18.29784],[105.74479,18.29811],[105.74622,18.29745],[105.7475,18.29818],[105.75106,18.29747],[105.75364,18.29615],[105.75586,18.29424],[105.75662,18.29399],[105.76021,18.29415],[105.76075,18.29598],[105.76238,18.29741],[105.76416999999999,18.29747],[105.76499,18.29801],[105.76563,18.29898],[105.76656,18.2992],[105.7709,18.29743],[105.77103,18.29685],[105.77236,18.29744],[105.77487,18.29716],[105.77642,18.29765],[105.7784,18.29691],[105.77919,18.29699],[105.78013,18.29772],[105.78126,18.29795],[105.78247,18.29949],[105.78513,18.29898],[105.78828,18.29778],[105.79016,18.2976],[105.79063,18.29714]]]]}},
{"type":"Feature","id":"18544","properties":{"Ward_Code":"18544","Ward_Code_Num":18544,"Ward":"Hương Xuân","Ward_Alt":"Hương Xuân","Ward_Upper":"HƯƠNG XUÂN","Ward_Full":"Xã Hương Xuân","Ward_Full_Alt":"Xã Hương Xuân","Ward_Full_Upper_Alt":"XÃ HƯƠNG XUÂN","Ward_Type":"Xã","Province_Code":"42","Province":"Hà Tĩnh","Province_Upper_Alt":"HÀ TĨNH"},"geometry":{"type":"MultiPolygon","coordinates":[[[[105.687,18.16803],[105.68777,18.16652],[105.6898,18.16497],[105.69253,18.16046],[105.69391,18.15936],[105.69684,18.1593],[105.69861,18.16047],[105.70082,18.16055],[105.702,18.16023],[105.70503,18.16148],[105.70607,18.16134],[105.70706,18.16061],[105.70711,18.16002],[105.70481,18.15754],[105.7061,18.15457],[105.70763,18.15367],[105.70871,18.15406],[105.7099,18.15613],[105.71173,18.15788],[105.71336,18.15856],[105.71458,18.15959],[105.71474,18.16056],[105.71626,18.16237],[105.71685,18.1614],[105.71646,18.16086],[105.71722,18.16094],[105.71804,18.16006],[105.71739,18.15928],[105.7172,18.15987],[105.71663,18.15933],[105.7162,18.15974],[105.71569,18.15873],[105.71657,18.15772],[105.71708,18.15797],[105.71741,18.1573],[105.71718,18.15645],[105.71758,18.15596],[105.71704,18.1556],[105.71748,18.15488],[105.71644,18.15406],[105.71628,18.15336],[105.71661,18.15285],[105.71658,18.15134],[105.71594,18.15057],[105.71626,18.149],[105.71747,18.14892],[105.71826,18.14953],[105.71905,18.14915],[105.7187,18.1489],[105.71885,18.14777],[105.71819,18.14672],[105.71735,18.14367],[105.71456,18.14289],[105.71465,18.14007],[105.71376,18.13932],[105.71107,18.13555],[105.71003,18.13327],[105.70943,18.1278],[105.70768,18.12412],[105.70814,18.1211],[105.7074,18.11934],[105.7064,18.11828],[105.70562,18.11819],[105.7054,18.11763],[105.70495,18.11786],[105.7042,18.11747],[105.70381,18.11786],[105.70266,18.11773],[105.7016,18.1182],[105.70049,18.11824],[105.70038,18.11781],[105.70087,18.1167],[105.69941,18.11696],[105.69589,18.11507],[105.69119,18.11405],[105.69015,18.11305],[105.69087,18.11273],[105.69412,18.11262],[105.696,18.11141],[105.6974,18.11132],[105.69892,18.11175],[105.70011,18.11107],[105.7001,18.10973],[105.70185,18.10678],[105.70149,18.1058],[105.70078,18.10527],[105.69983,18.10373],[105.69991,18.10206],[105.70468,18.09668],[105.70648,18.0964],[105.70695,18.09528],[105.70793,18.09466],[105.70806,18.0938],[105.70874,18.0927],[105.70959,18.09203],[105.71069,18.09187],[105.71129,18.09137],[105.71201,18.0914],[105.71366,18.09447],[105.71318,18.09644],[105.71421,18.09754],[105.7142,18.09841],[105.71619,18.09921],[105.71837,18.10082],[105.72017,18.10028],[105.72076,18.09872],[105.72405,18.0969],[105.72996,18.09475],[105.73128,18.0946],[105.73255,18.093],[105.73303,18.09148],[105.73574,18.08922],[105.73626,18.08797],[105.73912,18.08581],[105.74017,18.0857],[105.7392,18.08524],[105.7373,18.08268],[105.73483,18.08142],[105.72693,18.0725],[105.72742,18.07098],[105.72725,18.06967],[105.7265,18.06885],[105.7269,18.06635],[105.7268,18.06497],[105.72474,18.06315],[105.72271,18.06301],[105.72207,18.06338],[105.72121,18.06281],[105.72191,18.0617],[105.72221,18.05939],[105.72319,18.05822],[105.72342,18.05739],[105.7232,18.0558],[105.72356,18.0541],[105.72264,18.05182],[105.72327,18.05153],[105.72489,18.04859],[105.72645,18.04857],[105.72701,18.04822],[105.72626,18.04527],[105.72733,18.04325],[105.72683,18.04108],[105.72754,18.0397],[105.72756,18.03598],[105.72986,18.03316],[105.72898,18.03137],[105.72849,18.02898],[105.72766,18.02902],[105.72713,18.0287],[105.72674,18.02754],[105.7248,18.02596],[105.72393,18.02343],[105.72271,18.02302],[105.72142,18.0221],[105.72004,18.02028],[105.71977,18.01883],[105.72007,18.01704],[105.71998,18.015],[105.72044,18.01365],[105.72139,18.01227],[105.72131,18.01138],[105.72048,18.00985],[105.72144,18.00812],[105.72222,18.00791],[105.72137,18.00728],[105.71998,18.00547],[105.71871,18.00523],[105.71734,18.00436],[105.71501,18.00436],[105.71383,18.00254],[105.71252,18.00174],[105.71313,17.99901],[105.71297,17.9985],[105.71182,17.99767],[105.71104,17.99642],[105.70762,17.99493],[105.70693,17.9935],[105.706,17.99244],[105.70475,17.99234],[105.64406,17.99244],[105.64354,17.99246],[105.64315,17.99328],[105.64156,17.99383],[105.63993,17.9936],[105.63699,17.99216],[105.63313,17.99186],[105.63136,17.99318],[105.63068,17.99415],[105.62959,17.99393],[105.62913,17.99416],[105.62422,17.99886],[105.62188,17.99984],[105.62101,18.00172],[105.61754,18.00579],[105.6168,18.00714],[105.61584,18.01041],[105.61436,18.01152],[105.61316,18.01185],[105.60838,18.01065],[105.60706,18.00988],[105.60536,18.00981],[105.60447,18.00939],[105.6032,18.00711],[105.60015,18.00596],[105.59907,18.00444],[105.59898,18.00284],[105.59864,18.00213],[105.5971,18.00299],[105.59571,18.00327],[105.59466,18.00476],[105.59453,18.00804],[105.5939,18.00897],[105.59251,18.00951],[105.59024,18.00965],[105.58782,18.01152],[105.58453,18.01064],[105.58288,18.01317],[105.58131,18.01406],[105.58285,18.01768],[105.58394,18.01895],[105.58405,18.02002],[105.58116,18.02265],[105.58119,18.02364],[105.57974,18.02588],[105.57957,18.02685],[105.58087,18.02782],[105.58173,18.02894],[105.58255,18.03494],[105.58344,18.03592],[105.5846,18.0365],[105.58564,18.03799],[105.58564,18.03842],[105.58471,18.03897],[105.58466,18.03935],[105.58576,18.0415],[105.5858,18.04328],[105.58393,18.0453],[105.58341,18.0474],[105.58231,18.04838],[105.58257,18.05035],[105.58228,18.0516],[105.58276,18.05507],[105.58192,18.0563],[105.58175,18.05796],[105.581,18.05888],[105.58054,18.06053],[105.58074,18.0621],[105.58003,18.06212],[105.57872,18.06111],[105.57736,18.06133],[105.57611,18.06113],[105.57434,18.06206],[105.57344,18.06296],[105.57302,18.06401],[105.57265,18.06678],[105.57619,18.06796],[105.57679,18.0696],[105.57361,18.07238],[105.57368,18.07495],[105.57225,18.07736],[105.5713,18.08123],[105.57118,18.08396],[105.56865,18.08602],[105.57,18.0885],[105.571,18.09437],[105.57264,18.09843],[105.57365,18.09956],[105.57718,18.10142],[105.57996,18.10402],[105.5844,18.10708],[105.5865,18.10997],[105.58784,18.11008],[105.59063,18.1112],[105.59258,18.11274],[105.59341,18.11434],[105.59348,18.11678],[105.59468,18.12029],[105.59757,18.12577],[105.59944,18.12749],[105.60124,18.12775],[105.60444,18.12941],[105.60544,18.13224],[105.60704,18.13373],[105.60741,18.13507],[105.6102,18.1377],[105.61225,18.13909],[105.61286,18.14088],[105.61183,18.14121],[105.61267,18.14181],[105.61055,18.14261],[105.60896,18.14401],[105.60909,18.14454],[105.60848,18.14459],[105.6083,18.14504],[105.60946,18.1453],[105.61034,18.14443],[105.61051,18.14541],[105.61092,18.14514],[105.61143,18.14562],[105.61324,18.14568],[105.61351,18.14554],[105.61339,18.14509],[105.61437,18.14499],[105.6148,18.14436],[105.61599,18.14484],[105.61679,18.14476],[105.6164,18.14547],[105.61715,18.1453],[105.61788,18.14554],[105.61683,18.14642],[105.61758,18.14751],[105.61705,18.14792],[105.61724,18.14819],[105.61824,18.14774],[105.61802,18.14695],[105.61823,18.14653],[105.61928,18.14775],[105.61905,18.14828],[105.6193,18.14878],[105.6198,18.14807],[105.62218,18.14789],[105.62125,18.14905],[105.62149,18.15049],[105.62232,18.15023],[105.62209,18.15124],[105.62298,18.15077],[105.62375,18.15102],[105.62517,18.15089],[105.62673,18.15258],[105.62644,18.15287],[105.62524,18.15285],[105.62501,18.15425],[105.62534,18.15441],[105.62584,18.15406],[105.62684,18.154419999999998],[105.62754,18.15544],[105.62901,18.15641],[105.62904,18.15716],[105.628,18.15751],[105.62935,18.15855],[105.62946,18.15961],[105.62838,18.15957],[105.62819,18.16002],[105.62845,18.16059],[105.62918,18.16086],[105.63001,18.16169],[105.63026,18.16309],[105.62989,18.1638],[105.62939,18.1639],[105.62833,18.16289],[105.62756,18.16276],[105.62657,18.16337],[105.62579,18.16512],[105.62666,18.16602],[105.62821,18.1668],[105.6301,18.17059],[105.63066,18.17064],[105.63173,18.17003],[105.6323,18.16834],[105.63363,18.16687],[105.63481,18.16686],[105.63825,18.16601],[105.6418,18.16586],[105.64188,18.16647],[105.64346,18.16713],[105.64416,18.1678],[105.64461,18.16977],[105.64677,18.17044],[105.6454,18.17269],[105.64485,18.17301],[105.64363,18.17284],[105.64469,18.1744],[105.64895,18.17714],[105.65043,18.17722],[105.65371,18.17618],[105.65679,18.1774],[105.65783,18.17745],[105.66055,18.17608],[105.66402,18.17529],[105.66714,18.17662],[105.66857,18.17793],[105.67152,18.17671],[105.67202,18.17622],[105.67403,18.17583],[105.6755,18.17595],[105.67709,18.17533],[105.67825,18.17386],[105.67929,18.17082],[105.68055,18.16976],[105.68084,18.16907],[105.68156,18.16906],[105.6826,18.16963],[105.6843,18.17157],[105.68532,18.17171],[105.687,18.16803]]]]}},
{"type":"Feature","id":"18547","properties":{"Ward_Code":"18547","Ward_Code_Num":18547,"Ward":"Phúc Trạch","Ward_Alt":"Phúc Trạch","Ward_Upper":"PHÚC TRẠCH","Ward_Full":"Xã Phúc Trạch","Ward_Full_Alt":"Xã Phúc Trạch","Ward_Full_Upper_Alt":"XÃ PHÚC TRẠCH","Ward_Type":"Xã","Province_Code":"42","Province":"Hà Tĩnh","Province_Upper_Alt":"HÀ TĨNH"},"geometry":{"type":"MultiPolygon","coordinates":[[[[105.79104,18.16624],[105.79333,18.16587],[105.79635,18.16429],[105.79615,18.16282],[105.79546,18.16187],[105.79631,18.16064],[105.79519,18.15875],[105.79516,18.1567],[105.79766,18.15594],[105.80103,18.15306],[105.80263,18.14914],[105.8029,18.14762],[105.80354,18.14744],[105.80718,18.14983],[105.80972,18.15057],[105.81123,18.15034],[105.81147,18.14986],[105.8131,18.15017],[105.81367,18.14975],[105.81456,18.15032],[105.81622,18.15019],[105.81761,18.15175],[105.82032,18.151],[105.8227,18.15228],[105.82487,18.15215],[105.83271,18.15351],[105.83473,18.15237],[105.83642999999999,18.15284],[105.83791,18.15259],[105.84016,18.15303],[105.84223,18.15097],[105.84196,18.1499],[105.84442,18.14681],[105.84484,18.14554],[105.846,18.14479],[105.84887,18.14429],[105.85305,18.14535],[105.8547,18.14768],[105.85632,18.14328],[105.85578,18.14134],[105.85618,18.14026],[105.85802,18.13957],[105.8584,18.13871],[105.86022,18.13739],[105.86215,18.1383],[105.86342,18.13794],[105.865,18.13824],[105.86596,18.13761],[105.86698,18.13618],[105.86778,18.13694],[105.87154,18.13843],[105.87266,18.13974],[105.87555,18.13977],[105.87684,18.14068],[105.87987,18.14147],[105.88028,18.14122],[105.88096,18.13975],[105.88261,18.13873],[105.88358,18.13667],[105.88699,18.13628],[105.88916999999999,18.13416],[105.89032,18.13253],[105.89009,18.13013],[105.89047,18.12893],[105.89177,18.12871],[105.89239,18.12684],[105.89387,18.12528],[105.89526,18.12448],[105.89737,18.12415],[105.89988,18.12321],[105.90127,18.12315],[105.90373,18.12204],[105.90414,18.12152],[105.90425,18.11927],[105.90472,18.11853],[105.90783,18.11816],[105.90949,18.11618],[105.91383,18.11438],[105.91423,18.11176],[105.91593,18.1099],[105.91628,18.1091],[105.91725,18.10835],[105.91787,18.1035],[105.9229,18.10132],[105.92407,18.09921],[105.9253,18.09472],[105.92927,18.09246],[105.93019,18.09026],[105.93114,18.08944],[105.9302,18.08911],[105.92821,18.08675],[105.92413,18.08504],[105.92236,18.0835],[105.92009,18.08232],[105.91946,18.08109],[105.91832,18.08072],[105.91339,18.08716],[105.91219,18.08754],[105.91124,18.08729],[105.91093,18.08808],[105.91019,18.08869],[105.9083,18.08922],[105.90589,18.08922],[105.90429,18.08976],[105.89924,18.08956],[105.89788,18.09003],[105.89633,18.08987],[105.89527,18.09014],[105.89324,18.08903],[105.89208,18.08795],[105.8913,18.08643],[105.8875,18.08548],[105.88623,18.08428],[105.88396,18.08392],[105.8825,18.08272],[105.88211,18.08172],[105.88228,18.07998],[105.88141,18.07914],[105.88115,18.07679],[105.88048,18.07673],[105.8801,18.0759],[105.87868,18.07547],[105.87774,18.07392],[105.87545,18.07315],[105.87564,18.07178],[105.8751,18.07053],[105.87523,18.0695],[105.874,18.06827],[105.86952,18.06653],[105.85269,18.06767],[105.85005,18.06689],[105.84861,18.06404],[105.84444,18.06419],[105.8425,18.0655],[105.8397,18.06416],[105.83918,18.06343],[105.83796,18.06313],[105.83571,18.06402],[105.83448,18.06402],[105.83378,18.0652],[105.833,18.06533],[105.83231,18.06497],[105.83185,18.06529],[105.83076,18.06492],[105.83066,18.0643],[105.82751,18.0636],[105.82605,18.06292],[105.82313,18.06006],[105.82145,18.05937],[105.81301,18.05265],[105.81941,18.05124],[105.82148,18.05016],[105.8243,18.04782],[105.8279,18.04727],[105.83531,18.04111],[105.83411,18.03837],[105.83413,18.03762],[105.83338,18.03668],[105.83152,18.03538],[105.83004,18.03284],[105.82896,18.03168],[105.82612,18.03209],[105.82451,18.03306],[105.82149,18.03362],[105.82008,18.03453],[105.81878,18.03705],[105.81662,18.03799],[105.81578,18.0362],[105.81082,18.03364],[105.80765,18.03162],[105.80777,18.03084],[105.81004,18.02847],[105.81069,18.02728],[105.81029,18.02628],[105.80972,18.02588],[105.80595,18.02614],[105.80226,18.02585],[105.79889,18.02399],[105.79742,18.02377],[105.79349,18.02503],[105.79162,18.02472],[105.79091,18.02534],[105.79011,18.02554],[105.78838,18.02522],[105.78719,18.02477],[105.78533,18.02306],[105.78453,18.02272],[105.78397,18.02185],[105.78325,18.02163],[105.78176,18.01903],[105.78009,18.0184],[105.77879,18.01724],[105.77657,18.01704],[105.7754,18.01738],[105.77498,18.01846],[105.77294,18.02014],[105.76997,18.02346],[105.76453,18.02476],[105.76052,18.02469],[105.75837,18.02563],[105.754,18.02825],[105.75328,18.03043],[105.7526,18.03134],[105.75132,18.03199],[105.75026,18.03401],[105.74753,18.03423],[105.74623,18.03471],[105.74537,18.03551],[105.74229,18.03544],[105.74016,18.03678],[105.7399,18.03723],[105.73633,18.03558],[105.73543,18.03554],[105.73464,18.03591],[105.73389,18.03512],[105.73099,18.0344],[105.72986,18.03316],[105.72756,18.03598],[105.72754,18.0397],[105.72683,18.04108],[105.72733,18.04325],[105.72626,18.04527],[105.72701,18.04822],[105.72645,18.04857],[105.72489,18.04859],[105.72327,18.05153],[105.72264,18.05182],[105.72356,18.0541],[105.7232,18.0558],[105.72342,18.05739],[105.72319,18.05822],[105.72221,18.05939],[105.72191,18.0617],[105.72121,18.06281],[105.72207,18.06338],[105.72271,18.06301],[105.72474,18.06315],[105.7268,18.06497],[105.7269,18.06635],[105.7265,18.06885],[105.72725,18.06967],[105.72742,18.07098],[105.72693,18.0725],[105.73483,18.08142],[105.7373,18.08268],[105.7392,18.08524],[105.74017,18.0857],[105.73912,18.08581],[105.73626,18.08797],[105.73574,18.08922],[105.73303,18.09148],[105.73255,18.093],[105.73131,18.09457],[105.73262,18.09709],[105.73428,18.09871],[105.73461,18.10154],[105.7376,18.1031],[105.7376,18.10388],[105.73606,18.10677],[105.73557,18.10998],[105.73471,18.11182],[105.73496,18.11263],[105.73557,18.11295],[105.73519,18.11532],[105.73538,18.11658],[105.73412,18.11863],[105.73427,18.11902],[105.73526,18.11931],[105.73543,18.11967],[105.73513,18.12],[105.73411,18.12007],[105.73318,18.12089],[105.73372,18.12174],[105.73483,18.12203],[105.73601,18.12387],[105.73652,18.12391],[105.73717,18.12466],[105.73596,18.12581],[105.73565,18.12649],[105.73589,18.12718],[105.73686,18.12831],[105.74078,18.12893],[105.74086,18.1294],[105.74234,18.13037],[105.74295,18.13036],[105.74477,18.13165],[105.74777,18.12941],[105.74969,18.13115],[105.7435,18.13566],[105.74502,18.13731],[105.74559,18.13656],[105.74643,18.13654],[105.74791,18.1368],[105.7483,18.13727],[105.74862,18.13695],[105.74871,18.13736],[105.74927,18.13697],[105.74929,18.13734],[105.7501,18.13719],[105.7506,18.13795],[105.75131,18.13763],[105.75207,18.13774],[105.75279,18.13722],[105.7527,18.13764],[105.75301,18.13783],[105.75257,18.13953],[105.75466,18.14024],[105.75526,18.1398],[105.75696,18.14115],[105.76986,18.14625],[105.7709,18.14678],[105.77212,18.14804],[105.77277,18.14781],[105.77294,18.14837],[105.77452,18.14876],[105.77507,18.14962],[105.77829,18.15149],[105.77842,18.15517],[105.7765,18.158],[105.77796,18.15944],[105.77915,18.16145],[105.78165,18.16284],[105.78192,18.16424],[105.78451,18.16625],[105.78597,18.16861],[105.7871,18.16886],[105.78755,18.16967],[105.78821,18.16938],[105.78942,18.16708],[105.79038,18.16633],[105.79104,18.16624]]]]}},
{"type":"Feature","id":"18550","properties":{"Ward_Code":"18550","Ward_Code_Num":18550,"Ward":"Hương Đô","Ward_Alt":"Hương Đô","Ward_Upper":"HƯƠNG ĐÔ","Ward_Full":"Xã Hương Đô","Ward_Full_Alt":"Xã Hương Đô","Ward_Full_Upper_Alt":"XÃ HƯƠNG ĐÔ","Ward_Type":"Xã","Province_Code":"42","Province":"Hà Tĩnh","Province_Upper_Alt":"HÀ TĨNH"},"geometry":{"type":"MultiPolygon","coordinates":[[[[105.83581,18.25761],[105.83624,18.257],[105.83764,18.25646],[105.83899,18.25502],[105.83997,18.25315],[105.84005,18.25228],[105.83935,18.25063],[105.83772,18.24901],[105.83665,18.24615],[105.83662,18.24386],[105.837,18.24344],[105.83698,18.24242],[105.8351,18.24133],[105.83505,18.24009],[105.83381,18.23954],[105.83245,18.23638],[105.83321,18.23454],[105.83618,18.23374],[105.8387,18.23217],[105.83983,18.23096],[105.83911,18.22664],[105.83962,18.22573],[105.83848,18.22401],[105.84179,18.22073],[105.84603,18.21999],[105.84708,18.2193],[105.84759,18.21846],[105.84863,18.21811],[105.84952,18.2171],[105.85094,18.21659],[105.8533,18.21455],[105.85442,18.214],[105.85591,18.214],[105.85727,18.21201],[105.85844,18.21159],[105.86022,18.20918],[105.86143,18.20815],[105.862,18.20689],[105.86195,18.20593],[105.86326,18.20485],[105.8637,18.20382],[105.8643,18.20339],[105.86457,18.20226],[105.86661,18.19981],[105.86757,18.1975],[105.86843,18.19663],[105.86863,18.19545],[105.86953,18.19397],[105.86838,18.19176],[105.8667,18.18715],[105.86256,18.17958],[105.85933,18.1716],[105.86475,18.15515],[105.86413,18.15428],[105.85878,18.15042],[105.85584,18.14868],[105.8547,18.14768],[105.85328,18.14548],[105.84887,18.14429],[105.846,18.14479],[105.84484,18.14554],[105.84442,18.14681],[105.84196,18.1499],[105.84223,18.15097],[105.84016,18.15303],[105.83791,18.15259],[105.83642999999999,18.15284],[105.83473,18.15237],[105.83271,18.15351],[105.82487,18.15215],[105.8227,18.15228],[105.82032,18.151],[105.81761,18.15175],[105.81622,18.15019],[105.81456,18.15032],[105.81367,18.14975],[105.8131,18.15017],[105.81147,18.14986],[105.81123,18.15034],[105.80972,18.15057],[105.80718,18.14983],[105.80354,18.14744],[105.8029,18.14762],[105.80263,18.14914],[105.80103,18.15306],[105.79766,18.15594],[105.79516,18.1567],[105.79519,18.15875],[105.79631,18.16064],[105.79546,18.16187],[105.79615,18.16282],[105.79635,18.16429],[105.79333,18.16587],[105.79038,18.16633],[105.78942,18.16708],[105.78821,18.16938],[105.78755,18.16967],[105.7871,18.16886],[105.78597,18.16861],[105.78451,18.16625],[105.78192,18.16424],[105.78165,18.16284],[105.77915,18.16145],[105.77796,18.15944],[105.7765,18.158],[105.77842,18.15517],[105.77838,18.15178],[105.77812,18.1513],[105.77507,18.14962],[105.77452,18.14876],[105.77294,18.14837],[105.77277,18.14781],[105.77212,18.14804],[105.7709,18.14678],[105.76986,18.14625],[105.75696,18.14115],[105.75526,18.1398],[105.75466,18.14024],[105.75257,18.13953],[105.75301,18.13783],[105.7527,18.13764],[105.75279,18.13722],[105.75207,18.13774],[105.75131,18.13763],[105.7506,18.13795],[105.7501,18.13719],[105.74929,18.13734],[105.74927,18.13697],[105.74871,18.13736],[105.74862,18.13695],[105.7483,18.13727],[105.74791,18.1368],[105.74643,18.13654],[105.74559,18.13656],[105.74502,18.13731],[105.7435,18.13566],[105.74969,18.13115],[105.74777,18.12941],[105.74477,18.13165],[105.74295,18.13036],[105.74234,18.13037],[105.74086,18.1294],[105.74078,18.12893],[105.73686,18.12831],[105.73598,18.12731],[105.73568,18.12639],[105.73717,18.12466],[105.73652,18.12391],[105.73601,18.12387],[105.73483,18.12203],[105.73372,18.12174],[105.73318,18.12089],[105.73411,18.12007],[105.73513,18.12],[105.73543,18.11967],[105.73526,18.11931],[105.73427,18.11902],[105.73412,18.11863],[105.73538,18.11658],[105.73519,18.11532],[105.73557,18.11295],[105.73496,18.11263],[105.73471,18.11182],[105.73557,18.10998],[105.73606,18.10677],[105.7376,18.10388],[105.7376,18.1031],[105.73461,18.10154],[105.73428,18.09871],[105.73262,18.09709],[105.73131,18.09457],[105.72996,18.09475],[105.72405,18.0969],[105.72076,18.09872],[105.72017,18.10028],[105.71837,18.10082],[105.71619,18.09921],[105.7142,18.09841],[105.71421,18.09754],[105.71318,18.09644],[105.71366,18.09447],[105.71201,18.0914],[105.71129,18.09137],[105.71069,18.09187],[105.70993,18.09188],[105.70899,18.09239],[105.70806,18.0938],[105.70793,18.09466],[105.70695,18.09528],[105.70648,18.0964],[105.70468,18.09668],[105.69991,18.10206],[105.69983,18.10373],[105.70078,18.10527],[105.70149,18.1058],[105.70185,18.10678],[105.7001,18.10973],[105.70011,18.11107],[105.69892,18.11175],[105.6974,18.11132],[105.696,18.11141],[105.69412,18.11262],[105.69087,18.11273],[105.69015,18.11305],[105.69119,18.11405],[105.69589,18.11507],[105.69941,18.11696],[105.70087,18.1167],[105.70038,18.11781],[105.70049,18.11824],[105.7016,18.1182],[105.70266,18.11773],[105.70381,18.11786],[105.7042,18.11747],[105.70495,18.11786],[105.7054,18.11763],[105.70562,18.11819],[105.7064,18.11828],[105.7074,18.11934],[105.70814,18.1211],[105.70768,18.12412],[105.70943,18.1278],[105.70974,18.13234],[105.71046,18.13436],[105.713,18.1383],[105.71465,18.14007],[105.71456,18.14289],[105.71735,18.14367],[105.71819,18.14672],[105.71885,18.14777],[105.71867,18.14874],[105.71904,18.14927],[105.71826,18.14953],[105.71747,18.14892],[105.71626,18.149],[105.71594,18.15057],[105.71658,18.15134],[105.71641,18.15399],[105.71748,18.15488],[105.71704,18.1556],[105.71758,18.15596],[105.71718,18.15645],[105.71741,18.1573],[105.71708,18.15797],[105.71657,18.15772],[105.71569,18.15873],[105.7162,18.15974],[105.71663,18.15933],[105.7172,18.15987],[105.71739,18.15928],[105.71804,18.16002],[105.7179,18.16048],[105.71722,18.16094],[105.71646,18.16086],[105.71685,18.1614],[105.71626,18.16237],[105.71626,18.16382],[105.717,18.16443],[105.71699,18.16566],[105.71569,18.16812],[105.71421,18.1685],[105.71358,18.169],[105.71331,18.16982],[105.71354,18.17128],[105.71318,18.17183],[105.71453,18.17372],[105.71692,18.17509],[105.71812,18.17667],[105.71896,18.17689],[105.72018,18.17642],[105.7206,18.17678],[105.719,18.17873],[105.71861,18.1786],[105.71793,18.17754],[105.71613,18.17691],[105.71405,18.17843],[105.71398,18.17945],[105.71588,18.18111],[105.71642,18.1823],[105.71524,18.18495],[105.71462,18.18457],[105.71428,18.18493],[105.71318,18.1843],[105.7128,18.18516],[105.71221,18.18469],[105.71182,18.18544],[105.71148,18.18552],[105.71102,18.18687],[105.71257,18.18796],[105.71156,18.19035],[105.71515,18.19159],[105.72034,18.19275],[105.72264,18.19376],[105.72575,18.19348],[105.72821,18.19399],[105.72939,18.19509],[105.72946,18.19791],[105.73011,18.199],[105.72952,18.20137],[105.73166,18.2031],[105.73435,18.20435],[105.73671,18.20425],[105.74018,18.20555],[105.74352,18.20621],[105.74727,18.20521],[105.74919,18.20511],[105.75208,18.20299],[105.75375,18.20267],[105.75417,18.20208],[105.75572,18.20141],[105.75695,18.20015],[105.75962,18.19923],[105.76011,18.19866],[105.76249,18.19753],[105.7655,18.1977],[105.76713,18.19912],[105.76792,18.19942],[105.76822,18.20055],[105.76984,18.1998],[105.77033,18.20031],[105.77142,18.19994],[105.77192,18.20015],[105.77237,18.20057],[105.77231,18.20154],[105.77303,18.20198],[105.77185,18.20298],[105.77146,18.20444],[105.77228,18.20493],[105.77278,18.20576],[105.77403,18.20434],[105.77486,18.20521],[105.77661,18.20526],[105.77672,18.20577],[105.77624,18.20666],[105.77552,18.20708],[105.77586,18.20746],[105.77699,18.2073],[105.77734,18.20839],[105.77914,18.2098],[105.78012,18.21118],[105.78032,18.21272],[105.78165,18.21501],[105.78297,18.21591],[105.7835,18.21882],[105.78255,18.21984],[105.78071,18.22087],[105.78033,18.22049],[105.77994,18.22058],[105.78002,18.22142],[105.78045,18.22194],[105.78012,18.22209],[105.78023,18.22258],[105.77961,18.22264],[105.77867,18.22379],[105.77785,18.22418],[105.77857,18.22714],[105.77915,18.22808],[105.7787,18.22899],[105.77924,18.23009],[105.77888,18.23099],[105.77893,18.23208],[105.78017,18.23331],[105.78203,18.23603],[105.78335,18.23623],[105.78577,18.23471],[105.78796,18.23423],[105.79079,18.23519],[105.79246,18.23518],[105.79746,18.23626],[105.79975,18.23525],[105.8007,18.23373],[105.80224,18.23388],[105.80892,18.24122],[105.80936,18.24221],[105.80934,18.24345],[105.80992,18.24409],[105.81148,18.244],[105.81362,18.24532],[105.81875,18.24516],[105.82021,18.24753],[105.82124,18.24802],[105.82219,18.24948],[105.82945,18.25646],[105.83141,18.25648],[105.83356,18.25744],[105.83581,18.25761]]]]}},
{"type":"Feature","id":"18562","properties":{"Ward_Code":"18562","Ward_Code_Num":18562,"Ward":"Thạch Hà","Ward_Alt":"Thạch Hà","Ward_Upper":"THẠCH HÀ","Ward_Full":"Xã Thạch Hà","Ward_Full_Alt":"Xã Thạch Hà","Ward_Full_Upper_Alt":"XÃ THẠCH HÀ","Ward_Type":"Xã","Province_Code":"42","Province":"Hà Tĩnh","Province_Upper_Alt":"HÀ TĨNH"},"geometry":{"type":"MultiPolygon","coordinates":[[[[105.85654,18.4261],[105.85713,18.42448],[105.85829,18.42345],[105.86023,18.4231],[105.86514,18.42345],[105.86753,18.42249],[105.86842,18.42066],[105.86857,18.41878],[105.8683,18.41774],[105.8679,18.41667],[105.86695,18.41552],[105.86441,18.4132],[105.86363,18.41209],[105.86341,18.41126],[105.86362,18.41004],[105.86496,18.40867],[105.87226,18.40693],[105.87585,18.40496],[105.87786,18.40298],[105.8808,18.39852],[105.87663,18.3926],[105.87567,18.39008],[105.87487,18.38933],[105.87206,18.38783],[105.87074,18.38515],[105.87061,18.38273],[105.87132,18.37995],[105.87231,18.37912],[105.87588,18.37905],[105.87637,18.37841],[105.87624,18.3776],[105.87297,18.374],[105.86921,18.37267],[105.8667,18.36942],[105.8652,18.36838],[105.86514,18.36761],[105.86641,18.36602],[105.86772,18.36581],[105.8686,18.36602],[105.86902,18.36566],[105.86899,18.36515],[105.86777,18.3637],[105.86772,18.36247],[105.87027,18.35752],[105.87193,18.35618],[105.87159,18.3555],[105.87,18.35488],[105.87028,18.35413],[105.8717,18.35284],[105.87164,18.35245],[105.87088,18.35188],[105.86868,18.35207],[105.86786,18.35137],[105.86726,18.34995],[105.86746,18.34819],[105.86683,18.34778],[105.86497,18.34783],[105.8643,18.34755],[105.86412,18.34698],[105.86461,18.34617],[105.86455,18.34549],[105.86346,18.34444],[105.86286,18.34327],[105.86164,18.34334],[105.86146,18.34392],[105.86187,18.34457],[105.86292,18.34498],[105.86309,18.34564],[105.86175,18.34582],[105.86107,18.34558],[105.86048,18.34249],[105.85956,18.34174],[105.85935,18.34234],[105.85964,18.34351],[105.85917,18.34409],[105.85763,18.34378],[105.85649,18.34462],[105.85466,18.34366],[105.85405,18.34232],[105.8536,18.34309],[105.85259,18.34336],[105.85225,18.34402],[105.85102,18.34433],[105.85056,18.34475],[105.8506,18.34511],[105.85132,18.34565],[105.85094,18.34681],[105.85197,18.34722],[105.8525,18.34815],[105.8531,18.35081],[105.85325,18.35652],[105.85287,18.35801],[105.85198,18.35898],[105.85062,18.35929],[105.84978,18.35898],[105.84561,18.35874],[105.84434,18.36027],[105.84173,18.35981],[105.84112,18.35924],[105.84118,18.35702],[105.83831,18.35618],[105.83834,18.35503],[105.83455,18.35448],[105.83397,18.35382],[105.83292,18.35374],[105.83241,18.35421],[105.83159,18.35631],[105.83111,18.35658],[105.83022,18.35624],[105.82963,18.35776],[105.82941,18.35874],[105.83076,18.35938],[105.83094,18.36089],[105.83023,18.363],[105.82965,18.36341],[105.82676,18.3633],[105.82466,18.36527],[105.82475,18.36587],[105.82577,18.36676],[105.82648,18.36806],[105.82632,18.36935],[105.82665,18.37295],[105.82618,18.37318],[105.82363,18.37305],[105.82314,18.3734],[105.82297,18.374],[105.8238,18.37626],[105.83771,18.37744],[105.8372,18.37874],[105.83755,18.37991],[105.83722,18.3811],[105.83736,18.38215],[105.83702,18.38239],[105.83662,18.38185],[105.83568,18.3824],[105.83637,18.38302],[105.83616,18.38328],[105.83666,18.38408],[105.83614,18.38449],[105.83669,18.38517],[105.83644,18.38533],[105.83666,18.38566],[105.83615,18.3861],[105.83641,18.38644],[105.83509,18.38823],[105.83566,18.38882],[105.83642,18.38855],[105.83656,18.38951],[105.83733,18.39054],[105.83821,18.38959],[105.83937,18.38899],[105.8402,18.38982],[105.84132,18.3895],[105.84302,18.3899],[105.84208,18.39088],[105.84133,18.39101],[105.84147,18.39228],[105.84108,18.39289],[105.8422,18.39335],[105.84154,18.39594],[105.8425,18.3974],[105.84224,18.39898],[105.84183,18.39916],[105.84169,18.39965],[105.84187,18.40041],[105.84274,18.40135],[105.84218,18.4035],[105.84311,18.40439],[105.84249,18.405],[105.84174,18.40482],[105.84106,18.40333],[105.84171,18.40236],[105.84073,18.40164],[105.84025,18.40189],[105.83995,18.40365],[105.83954,18.40402],[105.83774,18.40316],[105.8371,18.4032],[105.83678,18.40388],[105.83749,18.40469],[105.83891,18.40446],[105.83979,18.40505],[105.84016,18.40735],[105.83945,18.40882],[105.83892,18.4093],[105.83839,18.40932],[105.83767,18.40887],[105.83775,18.40714],[105.8375,18.40695],[105.83457,18.40648],[105.83469,18.40744],[105.83586,18.40896],[105.8349,18.41028],[105.83513,18.41116],[105.83364,18.41201],[105.83341,18.41253],[105.8339,18.41326],[105.83646,18.41385],[105.837,18.41508],[105.83816,18.41585],[105.83863,18.41769],[105.84087,18.41758],[105.84224,18.41811],[105.84281,18.41604],[105.84332,18.41554],[105.8446,18.41513],[105.84687,18.41569],[105.84806,18.41695],[105.84866,18.41969],[105.84858,18.42121],[105.84784,18.42339],[105.84622,18.42558],[105.84484,18.42604],[105.844,18.42582],[105.84246,18.42674],[105.84158,18.42821],[105.84191,18.42911],[105.84332,18.43059],[105.84611,18.4321],[105.85132,18.43312],[105.85471,18.43297],[105.85565,18.43255],[105.85651,18.43146],[105.8562,18.42829],[105.85654,18.4261]]]]}},
{"type":"Feature","id":"18568","properties":{"Ward_Code":"18568","Ward_Code_Num":18568,"Ward":"Lộc Hà","Ward_Alt":"Lộc Hà","Ward_Upper":"LỘC HÀ","Ward_Full":"Xã Lộc Hà","Ward_Full_Alt":"Xã Lộc Hà","Ward_Full_Upper_Alt":"XÃ LỘC HÀ","Ward_Type":"Xã","Province_Code":"42","Province":"Hà Tĩnh","Province_Upper_Alt":"HÀ TĨNH"},"geometry":{"type":"MultiPolygon","coordinates":[[[[105.87137,18.5233],[105.88288,18.50672],[105.8829,18.50612],[105.8821,18.50624],[105.88222,18.50605],[105.88289,18.50578],[105.88348,18.50604],[105.9011,18.48205],[105.91376,18.46622],[105.91357,18.46579],[105.91431,18.46554],[105.91909,18.45998],[105.92094,18.4568],[105.92238,18.45323],[105.92227,18.45169],[105.92172,18.45131],[105.92082,18.45142],[105.92273,18.44905],[105.92408,18.44917],[105.92095,18.44677],[105.91986,18.44664],[105.91777,18.44737],[105.91641,18.44723],[105.91528,18.44682],[105.91264,18.44476],[105.91093,18.44518],[105.90618,18.44558],[105.90574,18.44664],[105.90176,18.4479],[105.89955,18.45011],[105.89844,18.44749],[105.89756,18.44783],[105.89672,18.4487],[105.89446,18.44889],[105.89125,18.44675],[105.8888,18.44903],[105.88772,18.44791],[105.88783,18.44712],[105.8863,18.44675],[105.88493,18.44598],[105.88322,18.44901],[105.88284,18.44884],[105.88237,18.44997],[105.8796,18.44904],[105.878,18.45318],[105.87791,18.45501],[105.87872,18.45903],[105.87849,18.45944],[105.88092,18.46287],[105.88181,18.46341],[105.88196,18.4631],[105.88267,18.46325],[105.88401,18.46246],[105.88613,18.46356],[105.888,18.46395],[105.88846,18.46436],[105.88864,18.46534],[105.88975,18.46541],[105.88984,18.46902],[105.8915,18.46994],[105.89122,18.47017],[105.89162,18.47248],[105.88609,18.46824],[105.88627,18.4679],[105.88458,18.46707],[105.88447,18.46653],[105.8828,18.46727],[105.87925,18.46697],[105.87928,18.46674],[105.87793,18.4661],[105.87648,18.46582],[105.87563,18.46583],[105.8753,18.46641],[105.87276,18.46589],[105.87279,18.4664],[105.87214,18.46697],[105.8704,18.46696],[105.86688,18.46649],[105.86678,18.46599],[105.86578,18.46601],[105.8657,18.46547],[105.86228,18.46425],[105.86139,18.46667],[105.86087,18.46717],[105.8584,18.46789],[105.85869,18.46817],[105.85823,18.46897],[105.85848,18.46939],[105.85827,18.47023],[105.85703,18.47015],[105.85593,18.47113],[105.85568,18.47023],[105.85404,18.47021],[105.85325,18.47213],[105.85689,18.47913],[105.85482,18.48472],[105.86052,18.487],[105.86459,18.49082],[105.864,18.49225],[105.86354,18.49215],[105.86268,18.49376],[105.86202,18.4967],[105.86128,18.49655],[105.86071,18.49888],[105.85853,18.50103],[105.85832,18.50188],[105.85742,18.50172],[105.85627,18.50228],[105.85614,18.50265],[105.85542,18.50263],[105.85429,18.50497],[105.853,18.50466],[105.84727,18.51083],[105.8478,18.51204],[105.84608,18.51341],[105.84734,18.51489],[105.84819,18.51419],[105.84872,18.5148],[105.84866,18.51574],[105.8481,18.51672],[105.84887,18.51789],[105.84618,18.51979],[105.84528,18.52167],[105.84511,18.52282],[105.8441,18.52419],[105.84822,18.52757],[105.85277,18.52485],[105.85541,18.52436],[105.85695,18.52344],[105.85762,18.52338],[105.85836,18.52381],[105.8596,18.52333],[105.86027,18.52365],[105.86134,18.52512],[105.86311,18.52668],[105.86593,18.52825],[105.86705,18.52811],[105.86829,18.52718],[105.87137,18.5233]]]]}},
{"type":"Feature","id":"18583","properties":{"Ward_Code":"18583","Ward_Code_Num":18583,"Ward":"Mai Phụ","Ward_Alt":"Mai Phụ","Ward_Upper":"MAI PHỤ","Ward_Full":"Xã Mai Phụ","Ward_Full_Alt":"Xã Mai Phụ","Ward_Full_Upper_Alt":"XÃ MAI PHỤ","Ward_Type":"Xã","Province_Code":"42","Province":"Hà Tĩnh","Province_Upper_Alt":"HÀ TĨNH"},"geometry":{"type":"MultiPolygon","coordinates":[[[[105.88974,18.4686],[105.88975,18.46541],[105.88864,18.46534],[105.88846,18.46436],[105.888,18.46395],[105.88613,18.46356],[105.88401,18.46246],[105.88267,18.46325],[105.88196,18.4631],[105.88181,18.46341],[105.88092,18.46287],[105.87849,18.45944],[105.87872,18.45903],[105.87791,18.45501],[105.878,18.45318],[105.8796,18.44904],[105.88237,18.44997],[105.88284,18.44884],[105.88322,18.44901],[105.88493,18.44598],[105.8863,18.44675],[105.88783,18.44712],[105.88772,18.44791],[105.8888,18.44903],[105.89125,18.44675],[105.89446,18.44889],[105.89672,18.4487],[105.89756,18.44783],[105.89844,18.44749],[105.89955,18.45011],[105.90176,18.4479],[105.90574,18.44664],[105.90618,18.44558],[105.91093,18.44518],[105.91264,18.44476],[105.91109,18.44282],[105.91061,18.44166],[105.91055,18.43917],[105.91506,18.42905],[105.91927,18.42336],[105.92009,18.4212],[105.91974,18.41891],[105.91882,18.41644],[105.91705,18.41394],[105.91299,18.4109],[105.90943,18.41549],[105.90679,18.41693],[105.90601,18.41777],[105.90529,18.41764],[105.90542,18.41581],[105.90491,18.41497],[105.89907,18.41633],[105.8992,18.4168],[105.8963,18.41746],[105.89573,18.41862],[105.8941,18.41714],[105.89159,18.41674],[105.88272,18.41127],[105.88206,18.41011],[105.88125,18.41039],[105.88071,18.40956],[105.88007,18.41095],[105.87868,18.40968],[105.87643,18.40911],[105.87387,18.4079],[105.87264,18.40678],[105.86496,18.40867],[105.86362,18.41004],[105.86341,18.41126],[105.86422,18.41297],[105.86695,18.41552],[105.8679,18.41667],[105.8683,18.41774],[105.86857,18.41878],[105.86842,18.42066],[105.86753,18.42249],[105.86514,18.42345],[105.86023,18.4231],[105.85829,18.42345],[105.85713,18.42448],[105.85654,18.4261],[105.8562,18.42829],[105.85658,18.4311],[105.85603,18.43222],[105.85471,18.43297],[105.85273,18.43314],[105.84734,18.43244],[105.84628,18.43433],[105.84624,18.43628],[105.84728,18.43898],[105.84583,18.44022],[105.84549,18.44102],[105.8458,18.44475],[105.84498,18.44676],[105.84734,18.4497],[105.84834,18.45024],[105.84883,18.45106],[105.84845,18.45378],[105.84897,18.45521],[105.84833,18.45636],[105.84979,18.45797],[105.84935,18.45973],[105.84964,18.46087],[105.84929,18.46124],[105.84849,18.46132],[105.848,18.46207],[105.84931,18.46394],[105.85019,18.46465],[105.85007,18.46554],[105.85135,18.46871],[105.8517,18.46839],[105.85203,18.46885],[105.8553,18.46947],[105.85516,18.47014],[105.85568,18.47023],[105.85593,18.47113],[105.85703,18.47015],[105.85827,18.47023],[105.85848,18.46939],[105.85823,18.46897],[105.85869,18.46817],[105.8584,18.46789],[105.86087,18.46717],[105.86139,18.46667],[105.86228,18.46425],[105.8657,18.46547],[105.86578,18.46601],[105.86678,18.46599],[105.86688,18.46649],[105.8704,18.46696],[105.87214,18.46697],[105.87279,18.4664],[105.87276,18.46589],[105.8753,18.46641],[105.87563,18.46583],[105.87648,18.46582],[105.87793,18.4661],[105.87928,18.46674],[105.87925,18.46697],[105.8828,18.46727],[105.88447,18.46653],[105.88458,18.46707],[105.88627,18.4679],[105.88609,18.46824],[105.89162,18.47248],[105.89122,18.47017],[105.8915,18.46994],[105.8901,18.46935],[105.88974,18.4686]]]]}},
{"type":"Feature","id":"18586","properties":{"Ward_Code":"18586","Ward_Code_Num":18586,"Ward":"Đông Kinh","Ward_Alt":"Đông Kinh","Ward_Upper":"ĐÔNG KINH","Ward_Full":"Xã Đông Kinh","Ward_Full_Alt":"Xã Đông Kinh","Ward_Full_Upper_Alt":"XÃ ĐÔNG KINH","Ward_Type":"Xã","Province_Code":"42","Province":"Hà Tĩnh","Province_Upper_Alt":"HÀ TĨNH"},"geometry":{"type":"MultiPolygon","coordinates":[[[[105.8442,18.46488],[105.84502,18.46488],[105.84644,18.46422],[105.84673,18.46338],[105.84743,18.46298],[105.84838,18.46141],[105.84958,18.46101],[105.84935,18.45973],[105.84982,18.45816],[105.84833,18.45636],[105.84897,18.45521],[105.84845,18.45378],[105.84875,18.45082],[105.84734,18.4497],[105.84498,18.44676],[105.8458,18.44475],[105.84549,18.44102],[105.84583,18.44022],[105.84728,18.43898],[105.84622,18.43604],[105.84628,18.43433],[105.84734,18.43244],[105.84509,18.43176],[105.84332,18.43059],[105.84191,18.42911],[105.84158,18.42821],[105.84226,18.42698],[105.84305,18.42631],[105.844,18.42582],[105.84484,18.42604],[105.84622,18.42558],[105.84784,18.42339],[105.84858,18.42121],[105.84858,18.41843],[105.84756,18.41628],[105.84687,18.41569],[105.84529,18.41513],[105.84332,18.41554],[105.84281,18.41604],[105.84224,18.41811],[105.84087,18.41758],[105.83863,18.41769],[105.83816,18.41585],[105.837,18.41508],[105.83646,18.41385],[105.83365,18.41304],[105.83347,18.41224],[105.83513,18.41116],[105.8349,18.41028],[105.83586,18.40896],[105.83469,18.40744],[105.83447,18.4066],[105.8375,18.40695],[105.83775,18.40714],[105.83767,18.40887],[105.838,18.40922],[105.83892,18.4093],[105.84016,18.40735],[105.83957,18.40478],[105.83891,18.40446],[105.83749,18.40469],[105.83686,18.4041],[105.83671,18.40329],[105.83454,18.40338],[105.83482,18.40211],[105.83455,18.40192],[105.83416,18.40204],[105.83414,18.4027],[105.8336,18.40294],[105.83236,18.40162],[105.82992,18.4016],[105.82928,18.40326],[105.82948,18.4038],[105.82927,18.40432],[105.82854,18.4043],[105.82666999999999,18.40566],[105.82486,18.40642],[105.82405,18.40628],[105.82259,18.40771],[105.819,18.40586],[105.81971,18.40524],[105.81737,18.39723],[105.81679,18.3966],[105.81483,18.39593],[105.81397,18.39738],[105.81162,18.3968],[105.811,18.39731],[105.8107,18.39863],[105.80993,18.3985],[105.80884,18.39894],[105.80832,18.39766],[105.80515,18.3964],[105.80475,18.39698],[105.80422,18.39678],[105.80351,18.39759],[105.80342,18.39815],[105.80134,18.39726],[105.80069,18.3976],[105.80069,18.39953],[105.79905,18.3996],[105.79621,18.39802],[105.79516,18.3981],[105.79478,18.39893],[105.79528,18.40121],[105.7948,18.4019],[105.79205,18.40051],[105.79167,18.39928],[105.79063,18.39839],[105.79014,18.39839],[105.78672,18.40062],[105.78683,18.40236],[105.7864,18.40605],[105.78693,18.40652],[105.78891,18.40699],[105.78945,18.40775],[105.78928,18.4085],[105.7887,18.40895],[105.78747,18.40912],[105.78565,18.40814],[105.78482,18.40803],[105.78426,18.40883],[105.78477,18.41061],[105.78399,18.41126],[105.78307,18.41076],[105.78166,18.40814],[105.78048,18.40787],[105.77989,18.40836],[105.77926,18.4107],[105.77741,18.41156],[105.77701,18.41229],[105.77721,18.41319],[105.77934,18.41631],[105.78035,18.41652],[105.78212,18.41616],[105.78266,18.41663],[105.78288,18.41806],[105.78264,18.41878],[105.78032,18.41944],[105.77997,18.41997],[105.78028,18.4208],[105.78138,18.42125],[105.78392,18.42102],[105.78499,18.42211],[105.78535,18.42433],[105.78399,18.42575],[105.78372,18.42662],[105.78458,18.43064],[105.78552,18.43094],[105.78745,18.43028],[105.78808,18.42973],[105.78802,18.42595],[105.7888,18.42457],[105.78922,18.42445],[105.79143,18.42523],[105.7923,18.42499],[105.80252,18.41768],[105.80342,18.4173],[105.80434,18.41759],[105.80466,18.41806],[105.80394,18.4211],[105.80417,18.42188],[105.80495,18.42233],[105.80771,18.42275],[105.80849,18.42332],[105.80912,18.42446],[105.80885,18.42591],[105.80775,18.42699],[105.80417,18.42726],[105.80348,18.42768],[105.8036,18.42821],[105.80531,18.42924],[105.80602,18.43021],[105.80601,18.43095],[105.8051,18.43268],[105.805,18.43402],[105.80554,18.43594],[105.80645,18.43737],[105.80696,18.43756],[105.80805,18.43722],[105.81002,18.43718],[105.8159,18.43815],[105.82124,18.43763],[105.82361,18.4369],[105.82439,18.43795],[105.82798,18.44118],[105.83013,18.44142],[105.83062,18.44173],[105.82899,18.44369],[105.82867,18.4446],[105.8291,18.44512],[105.83092,18.44553],[105.83192,18.44671],[105.83168,18.44724],[105.82958,18.44809],[105.82905,18.45022],[105.82911,18.45108],[105.83069,18.45229],[105.83102,18.45324],[105.82994,18.45372],[105.82799,18.45344],[105.82715,18.45532],[105.82666999999999,18.45571],[105.82582,18.45551],[105.82525,18.45497],[105.82525,18.45441],[105.82626,18.45323],[105.82583,18.45268],[105.82331,18.45204],[105.82187,18.4532],[105.82069,18.45352],[105.82002,18.45696],[105.82084,18.45721],[105.8217,18.45954],[105.82187,18.46125],[105.82254,18.46164],[105.82428,18.46123],[105.82558,18.46227],[105.82869,18.46236],[105.82981,18.4612],[105.83106,18.46087],[105.83154,18.45943],[105.83548,18.45853],[105.83835,18.45843],[105.83862,18.45879],[105.83803,18.45937],[105.83867,18.45972],[105.83873,18.4605],[105.8394,18.46077],[105.83886,18.46284],[105.84028,18.46334],[105.84056,18.46415],[105.84255,18.46442],[105.84312,18.4652],[105.8442,18.46488]]]]}},
{"type":"Feature","id":"18601","properties":{"Ward_Code":"18601","Ward_Code_Num":18601,"Ward":"Việt Xuyên","Ward_Alt":"Việt Xuyên","Ward_Upper":"VIỆT XUYÊN","Ward_Full":"Xã Việt Xuyên","Ward_Full_Alt":"Xã Việt Xuyên","Ward_Full_Upper_Alt":"XÃ VIỆT XUYÊN","Ward_Type":"Xã","Province_Code":"42","Province":"Hà Tĩnh","Province_Upper_Alt":"HÀ TĨNH"},"geometry":{"type":"MultiPolygon","coordinates":[[[[105.82388,18.40642],[105.82486,18.40642],[105.82666999999999,18.40566],[105.82854,18.4043],[105.82927,18.40432],[105.82948,18.4038],[105.82928,18.40326],[105.82992,18.4016],[105.83236,18.40162],[105.8336,18.40294],[105.83414,18.4027],[105.83416,18.40204],[105.83455,18.40192],[105.83482,18.40211],[105.83454,18.40338],[105.83689,18.40338],[105.83731,18.40309],[105.83925,18.40405],[105.83981,18.40388],[105.84025,18.40189],[105.84073,18.40164],[105.84171,18.40236],[105.84106,18.40333],[105.84174,18.40482],[105.84249,18.405],[105.84311,18.40439],[105.84218,18.4035],[105.84274,18.40135],[105.84187,18.40041],[105.84169,18.39965],[105.84183,18.39916],[105.84224,18.39898],[105.8425,18.3974],[105.84154,18.39594],[105.8422,18.39335],[105.84108,18.39289],[105.84147,18.39228],[105.84133,18.39101],[105.84208,18.39088],[105.84302,18.3899],[105.84132,18.3895],[105.8402,18.38982],[105.83937,18.38899],[105.83821,18.38959],[105.83733,18.39054],[105.83656,18.38951],[105.83642,18.38855],[105.83566,18.38882],[105.83509,18.38823],[105.83641,18.38644],[105.83615,18.3861],[105.83666,18.38566],[105.83644,18.38533],[105.83669,18.38517],[105.83614,18.38449],[105.83666,18.38408],[105.83616,18.38328],[105.83637,18.38302],[105.83568,18.3824],[105.83662,18.38185],[105.83702,18.38239],[105.83736,18.38215],[105.83722,18.3811],[105.83755,18.37991],[105.8372,18.37874],[105.83771,18.37744],[105.8238,18.37626],[105.82298,18.3745],[105.82304,18.37363],[105.82341,18.37312],[105.82618,18.37318],[105.82665,18.37295],[105.82632,18.36935],[105.82648,18.36806],[105.82577,18.36676],[105.82475,18.36587],[105.82466,18.36527],[105.82676,18.3633],[105.82965,18.36341],[105.83023,18.363],[105.83093,18.36118],[105.83076,18.35938],[105.82941,18.35874],[105.83022,18.35624],[105.82338,18.35344],[105.8215,18.35295],[105.82004,18.35321],[105.81812,18.35232],[105.81628,18.35122],[105.81343,18.34835],[105.80485,18.34388],[105.80416,18.34244],[105.80275,18.34431],[105.80257,18.34517],[105.80124,18.34601],[105.79836,18.34425],[105.7976,18.3432],[105.79523,18.34247],[105.79331,18.34327],[105.79199,18.34681],[105.78734,18.34525],[105.78705,18.34501],[105.78736,18.34434],[105.78906,18.3426],[105.78953,18.34171],[105.78955,18.34035],[105.78904,18.33926],[105.78911,18.33767],[105.78883,18.33717],[105.78949,18.33666],[105.78777,18.33572],[105.78767,18.3329],[105.78584,18.33228],[105.78579,18.33312],[105.78632,18.33361],[105.78571,18.33424],[105.78567,18.33503],[105.78644,18.33492],[105.78578,18.33585],[105.78646,18.33647],[105.78681,18.33743],[105.78599,18.33885],[105.78517,18.33951],[105.78373,18.33923],[105.78281,18.33961],[105.78216,18.3395],[105.78188,18.33984],[105.78154,18.33942],[105.78103,18.33957],[105.78083,18.34011],[105.78038,18.34029],[105.7796,18.34223],[105.77786,18.34267],[105.77779,18.34322],[105.77496,18.34493],[105.77355,18.34494],[105.77206,18.34773],[105.77217,18.34866],[105.77151,18.35048],[105.77071,18.35158],[105.76985,18.35187],[105.76907,18.35348],[105.76838,18.35382],[105.76986,18.35375],[105.77025,18.35414],[105.77011,18.35465],[105.7706,18.35553],[105.77165,18.35554],[105.77207,18.3562],[105.77303,18.35631],[105.77182,18.35731],[105.77238,18.35853],[105.77328,18.35935],[105.77259,18.35986],[105.77326,18.36125],[105.7747,18.3602],[105.77495,18.35958],[105.77461,18.35907],[105.77489,18.35877],[105.7777,18.35974],[105.77802,18.36084],[105.77626,18.36182],[105.77638,18.36251],[105.77584,18.36292],[105.77598,18.36338],[105.77666,18.36353],[105.77695,18.36442],[105.77673,18.36632],[105.77627,18.36697],[105.7766,18.36851],[105.7772,18.3688],[105.77756,18.36976],[105.77803,18.36928],[105.78031,18.36887],[105.78229,18.36894],[105.78215,18.36949],[105.78304,18.3706],[105.78232,18.37211],[105.78189,18.37241],[105.78188,18.37318],[105.78116,18.37372],[105.78178,18.37413],[105.78159,18.37473],[105.78298,18.3757],[105.78757,18.37451],[105.78697,18.37573],[105.78797,18.37695],[105.78712,18.37822],[105.78693,18.3801],[105.78772,18.38224],[105.78913,18.38269],[105.79215,18.38038],[105.79513,18.38165],[105.79535,18.38297],[105.79617,18.38482],[105.79608,18.38532],[105.7945,18.3852],[105.79366,18.38585],[105.79335,18.38857],[105.79129,18.39138],[105.78996,18.39141],[105.78866,18.39196],[105.78824,18.39351],[105.7884,18.39467],[105.78953,18.39526],[105.79107,18.39446],[105.79014,18.39839],[105.79112,18.39865],[105.79176,18.39943],[105.79205,18.40051],[105.7948,18.4019],[105.79528,18.40121],[105.79478,18.39893],[105.79516,18.3981],[105.79621,18.39802],[105.79905,18.3996],[105.80069,18.39953],[105.80069,18.3976],[105.80134,18.39726],[105.80342,18.39815],[105.80351,18.39759],[105.80422,18.39678],[105.80475,18.39698],[105.80515,18.3964],[105.80832,18.39766],[105.80884,18.39894],[105.80993,18.3985],[105.8107,18.39863],[105.811,18.39731],[105.81162,18.3968],[105.81397,18.39738],[105.81483,18.39593],[105.81679,18.3966],[105.81737,18.39723],[105.81971,18.40524],[105.819,18.40586],[105.82259,18.40771],[105.82388,18.40642]]]]}},
{"type":"Feature","id":"18604","properties":{"Ward_Code":"18604","Ward_Code_Num":18604,"Ward":"Thạch Khê","Ward_Alt":"Thạch Khê","Ward_Upper":"THẠCH KHÊ","Ward_Full":"Xã Thạch Khê","Ward_Full_Alt":"Xã Thạch Khê","Ward_Full_Upper_Alt":"XÃ THẠCH KHÊ","Ward_Type":"Xã","Province_Code":"42","Province":"Hà Tĩnh","Province_Upper_Alt":"HÀ TĨNH"},"geometry":{"type":"MultiPolygon","coordinates":[[[[105.9424,18.47146],[105.94311,18.4708],[105.94358,18.46956],[105.94304,18.46753],[105.9413,18.4666],[105.94003,18.46663],[105.93978,18.46574],[105.93899,18.46513],[105.93912,18.4633],[105.94034,18.46027],[105.95004,18.44345],[105.9639,18.42235],[105.96419,18.42163],[105.96349,18.42144],[105.96381,18.42119],[105.9646,18.42131],[105.97447,18.40766],[105.98096,18.39948],[105.98258,18.39687],[105.98171,18.3964],[105.98099,18.39679],[105.98068,18.39666],[105.98003,18.39551],[105.97721,18.39392],[105.97167,18.38921],[105.96685,18.38181],[105.96469,18.38001],[105.96438,18.38017],[105.96359,18.37985],[105.96354,18.37859],[105.96404,18.37818],[105.9626,18.377],[105.96259,18.37605],[105.96198,18.37532],[105.96072,18.3747],[105.95784,18.37403],[105.95534,18.37392],[105.95315,18.37333],[105.95199,18.3723],[105.9497,18.37252],[105.94945,18.37237],[105.94948,18.37158],[105.94907,18.37122],[105.94813,18.37152],[105.94684,18.37118],[105.94547,18.3715],[105.94497,18.37204],[105.94321,18.37119],[105.94241,18.37126],[105.94292,18.3733],[105.9409,18.37377],[105.93897,18.37289],[105.93901,18.36977],[105.93846,18.36861],[105.93509,18.36724],[105.93496,18.36807],[105.93438,18.36883],[105.93243,18.37009],[105.93116,18.37151],[105.92978,18.37398],[105.92938,18.37577],[105.92946,18.3781],[105.93131,18.38403],[105.9317,18.38679],[105.93149,18.38893],[105.93078,18.39031],[105.92984,18.39096],[105.92629,18.39228],[105.92375,18.39465],[105.9217,18.39594],[105.91859,18.39685],[105.91626,18.39698],[105.91484,18.39656],[105.91045,18.39363],[105.90844,18.39364],[105.90723,18.39428],[105.90561,18.39579],[105.9027,18.4011],[105.90743,18.40655],[105.91705,18.41394],[105.91882,18.41644],[105.91974,18.41891],[105.92009,18.4212],[105.91927,18.42336],[105.91506,18.42905],[105.91055,18.43917],[105.9104,18.44027],[105.91109,18.44282],[105.91293,18.44513],[105.91528,18.44682],[105.91749,18.44738],[105.91986,18.44664],[105.92095,18.44677],[105.92408,18.44917],[105.92359,18.44798],[105.92534,18.44579],[105.92532,18.4468],[105.92608,18.44843],[105.92716,18.45014],[105.92885,18.45158],[105.93096,18.45576],[105.93098,18.4569],[105.93204,18.45887],[105.93188,18.45979],[105.93108,18.46039],[105.93109,18.461],[105.93155,18.46149],[105.93305,18.46163],[105.93353,18.46196],[105.93373,18.46304],[105.93442,18.46413],[105.93574,18.46532],[105.93618,18.46658],[105.93684,18.466919999999998],[105.93885,18.46656],[105.93925,18.46674],[105.93872,18.46953],[105.93947,18.47063],[105.94056,18.47098],[105.94049,18.47143],[105.94102,18.47182],[105.94195,18.47203],[105.9424,18.47146]]]]}},
{"type":"Feature","id":"18619","properties":{"Ward_Code":"18619","Ward_Code_Num":18619,"Ward":"Đồng Tiến","Ward_Alt":"Đồng Tiến","Ward_Upper":"ĐỒNG TIẾN","Ward_Full":"Xã Đồng Tiến","Ward_Full_Alt":"Xã Đồng Tiến","Ward_Full_Upper_Alt":"XÃ ĐỒNG TIẾN","Ward_Type":"Xã","Province_Code":"42","Province":"Hà Tĩnh","Province_Upper_Alt":"HÀ TĨNH"},"geometry":{"type":"MultiPolygon","coordinates":[[[[105.99612,18.3798],[105.9973,18.379],[106.01243,18.36085],[106.01382,18.35875],[106.01553,18.35728],[106.01641,18.35595],[106.01739,18.35528],[106.02622,18.34517],[106.02405,18.34385],[106.02391,18.34232],[106.02147,18.34262],[106.01605,18.3395],[106.01409,18.33669],[106.01456,18.33599],[106.01151,18.33366],[106.0111,18.33229],[106.01142,18.3322],[106.01125,18.33132],[106.0107,18.33145],[106.01071,18.33186],[106.01004,18.33237],[106.00736,18.3306],[106.00776,18.32975],[106.00701,18.32879],[106.00681,18.32779],[106.00574,18.32772],[106.00384,18.32681],[106.00342,18.32757],[106.00158,18.32604],[105.99815,18.32213],[105.99686,18.32323],[105.99618,18.32153],[105.9965,18.3212],[105.99608,18.32071],[105.99666,18.32042],[105.99124,18.31388],[105.99096,18.31405],[105.99034,18.31354],[105.98987,18.3139],[105.98965,18.31361],[105.98986,18.31335],[105.98911,18.31236],[105.98954,18.31173],[105.98756,18.30929],[105.98522,18.30506],[105.98472,18.30508],[105.9835,18.30327],[105.97912,18.30656],[105.97543,18.31056],[105.97485,18.31009],[105.97249,18.311889999999998],[105.9719,18.31264],[105.97213,18.31285],[105.97028,18.31454],[105.96959,18.31667],[105.96977,18.31713],[105.96863,18.31869],[105.96929,18.31945],[105.96804,18.32061],[105.96951,18.32201],[105.96932,18.32218],[105.97109,18.32442],[105.97183,18.32766],[105.97262,18.3295],[105.97205,18.33067],[105.97232,18.33112],[105.97179,18.33178],[105.97237,18.33235],[105.97159,18.3333],[105.97094,18.33584],[105.96963,18.3364],[105.96999,18.33724],[105.96949,18.33773],[105.96944,18.33867],[105.97019,18.34016],[105.96816,18.341],[105.96783,18.34158],[105.96592,18.34121],[105.96531,18.34171],[105.96614,18.34248],[105.96573,18.34318],[105.96582,18.34373],[105.96688,18.34316],[105.96786,18.34312],[105.9683,18.34483],[105.96742,18.34495],[105.96773,18.34659],[105.96706,18.34724],[105.96522,18.34655],[105.96557,18.348],[105.96495,18.34984],[105.96525,18.35222],[105.96405,18.35278],[105.96406,18.35318],[105.96529,18.35363],[105.965,18.35413],[105.96531,18.35438],[105.96438,18.3549],[105.96571,18.35626],[105.96374,18.35845],[105.96461,18.35917],[105.96439,18.35987],[105.9638,18.36028],[105.96358,18.36188],[105.96246,18.36358],[105.96557,18.36645],[105.96479,18.36733],[105.96946,18.37081],[105.96895,18.37236],[105.96966,18.37434],[105.97461,18.37862],[105.98489,18.38037],[105.9857,18.37967],[105.99326,18.38368],[105.99612,18.3798]]]]}},
{"type":"Feature","id":"18628","properties":{"Ward_Code":"18628","Ward_Code_Num":18628,"Ward":"Thạch Lạc","Ward_Alt":"Thạch Lạc","Ward_Upper":"THẠCH LẠC","Ward_Full":"Xã Thạch Lạc","Ward_Full_Alt":"Xã Thạch Lạc","Ward_Full_Upper_Alt":"XÃ THẠCH LẠC","Ward_Type":"Xã","Province_Code":"42","Province":"Hà Tĩnh","Province_Upper_Alt":"HÀ TĨNH"},"geometry":{"type":"MultiPolygon","coordinates":[[[[105.98291,18.39654],[105.99326,18.38368],[105.9857,18.37967],[105.98489,18.38037],[105.97461,18.37862],[105.96966,18.37434],[105.96895,18.37236],[105.96946,18.37081],[105.96479,18.36733],[105.96557,18.36645],[105.96246,18.36358],[105.96358,18.36188],[105.9638,18.36028],[105.96439,18.35987],[105.96461,18.35917],[105.96374,18.35845],[105.96571,18.35626],[105.96438,18.3549],[105.96531,18.35438],[105.965,18.35413],[105.96529,18.35363],[105.96406,18.35318],[105.96405,18.35278],[105.96525,18.35222],[105.96495,18.34984],[105.96557,18.348],[105.96522,18.34655],[105.96706,18.34724],[105.96773,18.34659],[105.96742,18.34495],[105.9683,18.34483],[105.96786,18.34312],[105.96688,18.34316],[105.96582,18.34373],[105.96573,18.34318],[105.96614,18.34248],[105.96531,18.34171],[105.96592,18.34121],[105.96783,18.34158],[105.96816,18.341],[105.97019,18.34016],[105.96944,18.33867],[105.96949,18.33773],[105.96999,18.33724],[105.96963,18.3364],[105.97094,18.33584],[105.97159,18.3333],[105.97237,18.33235],[105.97179,18.33178],[105.97232,18.33112],[105.97205,18.33067],[105.97262,18.3295],[105.97183,18.32766],[105.97109,18.32442],[105.96932,18.32218],[105.96951,18.32201],[105.96804,18.32061],[105.96929,18.31945],[105.96863,18.31869],[105.96977,18.31713],[105.96959,18.31667],[105.96867,18.31604],[105.9671,18.31683],[105.96686,18.31652],[105.96439,18.31676],[105.96408,18.31639],[105.96145,18.31636],[105.96096,18.31642],[105.9609,18.3168],[105.95828,18.317],[105.9583,18.31802],[105.95717,18.31874],[105.95749,18.31962],[105.95724,18.32008],[105.95407,18.31955],[105.95224,18.31889],[105.95202,18.31732],[105.94892,18.31579],[105.94829,18.31578],[105.94737,18.31631],[105.94536,18.31638],[105.94529,18.31593],[105.94406,18.31614],[105.94284,18.31678],[105.94242,18.31667],[105.9434,18.31806],[105.94179,18.31933],[105.9421,18.31975],[105.94144,18.32],[105.94121,18.3205],[105.94215,18.32261],[105.94335,18.323],[105.9425,18.32415],[105.9432,18.3266],[105.94248,18.32654],[105.94190999999999,18.32521],[105.94136,18.32501],[105.94078,18.32661],[105.93945,18.32624],[105.93808,18.32726],[105.93618,18.32784],[105.93546,18.32884],[105.93164,18.32992],[105.93065,18.33087],[105.93392,18.33315],[105.93432,18.33412],[105.93392,18.33504],[105.92916,18.33729],[105.92813,18.33751],[105.92724,18.33723],[105.92559,18.33494],[105.92477,18.33467],[105.92356,18.3349],[105.92219,18.33618],[105.91926,18.3411],[105.91929,18.34306],[105.92037,18.34418],[105.9224,18.34494],[105.92484,18.34534],[105.92589,18.34597],[105.92581,18.34687],[105.9246,18.34831],[105.92408,18.34964],[105.9241,18.35205],[105.92451,18.35375],[105.92576,18.35462],[105.92674,18.35448],[105.92888,18.35309],[105.93087,18.35113],[105.93184,18.35083],[105.93611,18.35101],[105.93807,18.35187],[105.93869,18.35272],[105.93876,18.35389],[105.93681,18.35675],[105.93453,18.35859],[105.9315,18.35902],[105.93084,18.35985],[105.93303,18.36192],[105.93509,18.36724],[105.93804,18.36825],[105.93878,18.36904],[105.93905,18.37298],[105.94151,18.37379],[105.94292,18.3733],[105.94241,18.37126],[105.94321,18.37119],[105.94497,18.37204],[105.94547,18.3715],[105.94684,18.37118],[105.94813,18.37152],[105.94907,18.37122],[105.94948,18.37158],[105.94945,18.37237],[105.9497,18.37252],[105.95199,18.3723],[105.95315,18.37333],[105.95534,18.37392],[105.95784,18.37403],[105.96072,18.3747],[105.96198,18.37532],[105.96259,18.37605],[105.9626,18.377],[105.96404,18.37818],[105.96354,18.37859],[105.96359,18.37985],[105.96438,18.38017],[105.96469,18.38001],[105.96685,18.38181],[105.97167,18.38921],[105.97721,18.39392],[105.98003,18.39551],[105.98068,18.39666],[105.98099,18.39679],[105.98171,18.3964],[105.98258,18.39687],[105.98291,18.39654]]]]}},
{"type":"Feature","id":"18634","properties":{"Ward_Code":"18634","Ward_Code_Num":18634,"Ward":"Toàn Lưu","Ward_Alt":"Toàn Lưu","Ward_Upper":"TOÀN LƯU","Ward_Full":"Xã Toàn Lưu","Ward_Full_Alt":"Xã Toàn Lưu","Ward_Full_Upper_Alt":"XÃ TOÀN LƯU","Ward_Type":"Xã","Province_Code":"42","Province":"Hà Tĩnh","Province_Upper_Alt":"HÀ TĨNH"},"geometry":{"type":"MultiPolygon","coordinates":[[[[105.75482,18.35105],[105.75578,18.35572],[105.76226,18.3557],[105.763,18.35695],[105.76792,18.35427],[105.76907,18.35348],[105.76985,18.35187],[105.77108,18.35121],[105.77217,18.34866],[105.77229,18.34713],[105.77355,18.34494],[105.77496,18.34493],[105.77779,18.34322],[105.77786,18.34267],[105.7796,18.34223],[105.78038,18.34029],[105.78083,18.34011],[105.78103,18.33957],[105.78154,18.33942],[105.78188,18.33984],[105.78216,18.3395],[105.78281,18.33961],[105.78373,18.33923],[105.78517,18.33951],[105.78599,18.33885],[105.78681,18.33743],[105.78646,18.33647],[105.78578,18.33585],[105.78644,18.33492],[105.78567,18.33503],[105.78571,18.33424],[105.78632,18.33361],[105.78579,18.33312],[105.78584,18.33228],[105.78767,18.3329],[105.78777,18.33572],[105.78949,18.33666],[105.78883,18.33717],[105.78911,18.33767],[105.78904,18.33926],[105.78955,18.34035],[105.78953,18.34171],[105.78906,18.3426],[105.78736,18.34434],[105.78705,18.34501],[105.78734,18.34525],[105.79199,18.34681],[105.79331,18.34327],[105.79523,18.34247],[105.7976,18.3432],[105.79836,18.34425],[105.80124,18.34601],[105.80257,18.34517],[105.80275,18.34431],[105.80416,18.34244],[105.80485,18.34388],[105.81343,18.34835],[105.81628,18.35122],[105.81956,18.35305],[105.8215,18.35295],[105.82338,18.35344],[105.83111,18.35658],[105.83159,18.35631],[105.83241,18.35421],[105.83292,18.35374],[105.83397,18.35382],[105.83455,18.35448],[105.83834,18.35503],[105.83831,18.35618],[105.84118,18.35702],[105.84104,18.35881],[105.84133,18.35959],[105.84412,18.36031],[105.84561,18.35874],[105.84978,18.35898],[105.85062,18.35929],[105.85198,18.35898],[105.85287,18.35801],[105.85325,18.35652],[105.8531,18.35081],[105.8525,18.34815],[105.85197,18.34722],[105.85094,18.34681],[105.85132,18.34565],[105.8506,18.34511],[105.85056,18.34475],[105.85102,18.34433],[105.85225,18.34402],[105.85259,18.34336],[105.8536,18.34309],[105.85405,18.34232],[105.85466,18.34366],[105.8568,18.34457],[105.85763,18.34378],[105.85695,18.33975],[105.85775,18.33938],[105.85731,18.33863],[105.85699,18.33846],[105.85618,18.33891],[105.85594,18.33788],[105.85533,18.33794],[105.85541,18.33722],[105.85616,18.33677],[105.85641,18.33589],[105.85548,18.33343],[105.85436,18.3319],[105.85311,18.33185],[105.85103,18.33234],[105.85085,18.32817],[105.85109,18.3265],[105.85142,18.32647],[105.85049,18.32306],[105.84428,18.31962],[105.84213,18.31665],[105.83941,18.31177],[105.83231,18.30426],[105.8301,18.30288],[105.82704,18.30211],[105.82627,18.30073],[105.82504,18.30097],[105.82326,18.29966],[105.82046,18.29563],[105.82002,18.29398],[105.82023,18.29287],[105.81938,18.29015],[105.81854,18.28898],[105.81614,18.28833],[105.81406,18.28553],[105.81154,18.28732],[105.81092,18.28716],[105.81033,18.2865],[105.80894,18.28578],[105.80736,18.28377],[105.80633,18.2819],[105.80584,18.27966],[105.80504,18.27912],[105.80247,18.27918],[105.8001,18.27977],[105.80002,18.28031],[105.79931,18.28078],[105.79854,18.28216],[105.79735,18.28275],[105.79698,18.28358],[105.79567,18.28454],[105.79569,18.28521],[105.79495,18.28603],[105.7961,18.2881],[105.7949,18.29197],[105.79245,18.29235],[105.79134,18.29546],[105.79074,18.29632],[105.79057,18.29741],[105.79016,18.2976],[105.78828,18.29778],[105.78513,18.29898],[105.78247,18.29949],[105.78126,18.29795],[105.78013,18.29772],[105.77919,18.29699],[105.7784,18.29691],[105.77642,18.29765],[105.77487,18.29716],[105.77236,18.29744],[105.77117,18.29684],[105.7709,18.29743],[105.76656,18.2992],[105.76563,18.29898],[105.76499,18.29801],[105.76416999999999,18.29747],[105.76238,18.29741],[105.76075,18.29598],[105.76021,18.29415],[105.75662,18.29399],[105.75586,18.29424],[105.75364,18.29615],[105.75106,18.29747],[105.75248,18.30021],[105.75501,18.3025],[105.75601,18.30621],[105.75905,18.30804],[105.75909,18.30916],[105.75948,18.30972],[105.75926,18.3106],[105.76031,18.31223],[105.76046,18.31352],[105.76108,18.31427],[105.761,18.31459],[105.76045,18.31477],[105.76066,18.31566],[105.75582,18.31765],[105.75436,18.31923],[105.75294,18.32014],[105.7503,18.32085],[105.7519,18.32166],[105.75186,18.32277],[105.75257,18.3256],[105.75379,18.32724],[105.75344,18.33432],[105.75549,18.33932],[105.75248,18.34458],[105.75348,18.34629],[105.75482,18.35105]]]]}},
{"type":"Feature","id":"18652","properties":{"Ward_Code":"18652","Ward_Code_Num":18652,"Ward":"Hà Huy Tập","Ward_Alt":"Hà Huy Tập","Ward_Upper":"HÀ HUY TẬP","Ward_Full":"Phường Hà Huy Tập","Ward_Full_Alt":"Phường Hà Huy Tập","Ward_Full_Upper_Alt":"PHƯỜNG HÀ HUY TẬP","Ward_Type":"Phường","Province_Code":"42","Province":"Hà Tĩnh","Province_Upper_Alt":"HÀ TĨNH"},"geometry":{"type":"MultiPolygon","coordinates":[[[[105.85947,18.3418],[105.86035,18.34223],[105.86113,18.34207],[105.8607,18.34031],[105.86122,18.34039],[105.86148,18.33844],[105.86286,18.33848],[105.86591,18.33727],[105.86481,18.33715],[105.86409,18.33672],[105.86386,18.33571],[105.86621,18.33415],[105.86831,18.33135],[105.86758,18.33011],[105.86999,18.3297],[105.87153,18.32766],[105.87257,18.32705],[105.87404,18.32707],[105.87583,18.32793],[105.87684,18.32883],[105.87779,18.32863],[105.87767,18.32814],[105.87852,18.32806],[105.87888,18.32845],[105.88183,18.3279],[105.88183,18.32681],[105.88293,18.32675],[105.88384,18.32755],[105.88419,18.32753],[105.88462,18.32843],[105.885,18.32831],[105.88534,18.32865],[105.88548,18.32943],[105.88706,18.3297],[105.88713,18.32876],[105.88794,18.32878],[105.88832,18.32824],[105.88979,18.32828],[105.89043,18.32812],[105.89054,18.32772],[105.89206,18.32761],[105.89244,18.32703],[105.89746,18.32516],[105.89704,18.32411],[105.89783,18.32376],[105.89774,18.32343],[105.9004,18.32393],[105.90051,18.32339],[105.90157,18.32334],[105.90204,18.3228],[105.90391,18.32269],[105.90486,18.32223],[105.90501,18.3216],[105.90283,18.32121],[105.90284,18.32069],[105.90611,18.32068],[105.90728,18.31582],[105.90706,18.31504],[105.90554,18.31567],[105.9049,18.31274],[105.90581,18.31243],[105.90552,18.31152],[105.90577,18.31143],[105.90504,18.30937],[105.90412,18.3082],[105.90479,18.30808],[105.90428,18.30442],[105.9056,18.30266],[105.90663,18.30248],[105.90837,18.30484],[105.90997,18.30584],[105.91138,18.30612],[105.91271,18.30559],[105.91515,18.30284],[105.91607,18.30229],[105.922,18.30178],[105.92194,18.30093],[105.92134,18.29986],[105.91923,18.29868],[105.91742,18.29602],[105.91724,18.29314],[105.91922,18.29142],[105.9196,18.29066],[105.9198,18.28628],[105.9189,18.28566],[105.91793,18.28586],[105.9162,18.28452],[105.91546,18.28352],[105.91456,18.28374],[105.91431,18.28349],[105.91452,18.28198],[105.91518,18.28201],[105.91644,18.28052],[105.91533,18.27774],[105.91417,18.27588],[105.91351,18.27601],[105.91344,18.27547],[105.91193,18.2756],[105.91166,18.27538],[105.91133,18.2766],[105.91089,18.27585],[105.91052,18.27605],[105.91048,18.27544],[105.90986,18.27454],[105.90827,18.27466],[105.90767,18.2752],[105.90791,18.27692],[105.9057,18.27643],[105.90571,18.27862],[105.90531,18.27879],[105.90561,18.27962],[105.90516,18.27973],[105.90528,18.28115],[105.90445,18.28135],[105.90456,18.28164],[105.90124,18.28258],[105.90084,18.27983],[105.89801,18.28099],[105.89706,18.27903],[105.8941,18.28024],[105.89371,18.27927],[105.89159,18.27948],[105.89006,18.27917],[105.88974,18.27848],[105.88475,18.27829],[105.88234,18.27735],[105.88163,18.27746],[105.88154,18.27573],[105.88056,18.27508],[105.87858,18.27495],[105.8787,18.27373],[105.86406,18.28067],[105.8659,18.28295],[105.8678,18.28202],[105.86862,18.28349],[105.86907,18.28341],[105.87065,18.28623],[105.8715,18.28604],[105.87181,18.28625],[105.87384,18.28993],[105.87594,18.29193],[105.8763,18.29186],[105.87652,18.29221],[105.87718,18.29202],[105.8774,18.29286],[105.87702,18.29313],[105.8769,18.29436],[105.87773,18.29406],[105.87914,18.2945],[105.87934,18.29551],[105.87981,18.29555],[105.8798,18.29597],[105.87946,18.29602],[105.87937,18.29699],[105.87884,18.29722],[105.87843,18.29947],[105.87602,18.29941],[105.87517,18.29891],[105.87416,18.29941],[105.8717,18.30132],[105.87205,18.30176],[105.87123,18.30398],[105.86797,18.30562],[105.8678,18.30609],[105.86656,18.30632],[105.86646,18.30707],[105.86576,18.30704],[105.86691,18.30801],[105.86638,18.30834],[105.86608,18.30785],[105.86476,18.30874],[105.86439,18.30955],[105.8649,18.31019],[105.86425,18.31119],[105.86474,18.31133],[105.86466,18.31177],[105.86367,18.31265],[105.86264,18.31267],[105.86272,18.31337],[105.86097,18.31336],[105.8609,18.31211],[105.85909,18.31196],[105.85916,18.31072],[105.85689,18.31023],[105.85696,18.30891],[105.85491,18.3089],[105.8543,18.30716],[105.85376,18.30655],[105.85157,18.30701],[105.84965,18.30559],[105.84788,18.30546],[105.84737,18.30513],[105.84645,18.3055],[105.84543,18.30519],[105.84205,18.30517],[105.84175,18.30601],[105.84095,18.30561],[105.84,18.30604],[105.83842,18.30543],[105.83671,18.30549],[105.83488,18.30706],[105.83964,18.31207],[105.84213,18.31665],[105.84428,18.31962],[105.85049,18.32306],[105.85142,18.32647],[105.85109,18.3265],[105.85085,18.32817],[105.85103,18.33234],[105.85311,18.33185],[105.85436,18.3319],[105.85548,18.33343],[105.85641,18.33589],[105.85616,18.33677],[105.85541,18.33722],[105.85533,18.33794],[105.85594,18.33788],[105.85618,18.33891],[105.85699,18.33846],[105.85731,18.33863],[105.85775,18.33938],[105.85695,18.33975],[105.85763,18.34378],[105.85943,18.34394],[105.85964,18.34351],[105.85947,18.3418]]]]}},
{"type":"Feature","id":"18667","properties":{"Ward_Code":"18667","Ward_Code_Num":18667,"Ward":"Thạch Xuân","Ward_Alt":"Thạch Xuân","Ward_Upper":"THẠCH XUÂN","Ward_Full":"Xã Thạch Xuân","Ward_Full_Alt":"Xã Thạch Xuân","Ward_Full_Upper_Alt":"XÃ THẠCH XUÂN","Ward_Type":"Xã","Province_Code":"42","Province":"Hà Tĩnh","Province_Upper_Alt":"HÀ TĨNH"},"geometry":{"type":"MultiPolygon","coordinates":[[[[105.8647,18.31162],[105.86474,18.31133],[105.86425,18.31119],[105.8649,18.31019],[105.86439,18.30955],[105.86476,18.30874],[105.86608,18.30785],[105.86638,18.30834],[105.86691,18.30801],[105.86576,18.30704],[105.86646,18.30707],[105.86656,18.30632],[105.8678,18.30609],[105.86797,18.30562],[105.87123,18.30398],[105.87205,18.30176],[105.8717,18.30132],[105.87416,18.29941],[105.87517,18.29891],[105.87602,18.29941],[105.87843,18.29947],[105.87884,18.29722],[105.87937,18.29699],[105.87981,18.29555],[105.87934,18.29551],[105.87914,18.2945],[105.87829,18.29414],[105.8769,18.29436],[105.87702,18.29313],[105.8774,18.29286],[105.87718,18.29202],[105.87652,18.29221],[105.8763,18.29186],[105.87594,18.29193],[105.87384,18.28993],[105.87181,18.28625],[105.8715,18.28604],[105.87065,18.28623],[105.86907,18.28341],[105.86862,18.28349],[105.8678,18.28202],[105.8659,18.28295],[105.86406,18.28067],[105.8787,18.27373],[105.87858,18.27495],[105.88056,18.27508],[105.88154,18.27573],[105.88163,18.27746],[105.88234,18.27735],[105.88475,18.27829],[105.88974,18.27848],[105.89006,18.27917],[105.89159,18.27948],[105.89371,18.27927],[105.8941,18.28024],[105.89706,18.27903],[105.89801,18.28099],[105.90084,18.27983],[105.90124,18.28258],[105.90456,18.28164],[105.90445,18.28135],[105.90528,18.28115],[105.90516,18.27973],[105.90561,18.27962],[105.90531,18.27879],[105.90571,18.27862],[105.9057,18.27643],[105.90791,18.27692],[105.90767,18.2752],[105.90827,18.27466],[105.90986,18.27454],[105.91048,18.27544],[105.91052,18.27605],[105.91089,18.27585],[105.91133,18.2766],[105.91166,18.27538],[105.91193,18.2756],[105.91311,18.27543],[105.91379,18.27333],[105.91324,18.27298],[105.91258,18.27316],[105.91222,18.27275],[105.91269,18.2721],[105.91354,18.27187],[105.91397,18.27213],[105.91962,18.26753],[105.9122,18.25972],[105.90873,18.2625],[105.90795,18.26086],[105.90689,18.26116],[105.906,18.26057],[105.90449,18.26085],[105.90185,18.25807],[105.90008,18.25858],[105.89874,18.25615],[105.89946,18.25594],[105.8995,18.2554],[105.90055,18.25473],[105.89956,18.25405],[105.89873,18.25272],[105.89822,18.25303],[105.89802,18.25284],[105.89826,18.25269],[105.89787,18.25207],[105.89816,18.25184],[105.89754,18.251],[105.89585,18.25084],[105.8969,18.24905],[105.89637,18.24871],[105.89595,18.24929],[105.89494,18.24875],[105.88838,18.2427],[105.88808,18.24199],[105.88821,18.24144],[105.88982,18.24074],[105.89231,18.23473],[105.89321,18.23361],[105.89289,18.23225],[105.89093,18.2313],[105.89122,18.22651],[105.89067,18.22448],[105.88984,18.22321],[105.88926,18.22311],[105.88835,18.2235],[105.88704,18.22281],[105.88618,18.22313],[105.8853,18.22239],[105.88498,18.22113],[105.88341,18.22177],[105.88311,18.22243],[105.88272,18.22244],[105.88241,18.22217],[105.88237,18.22114],[105.88161,18.2211],[105.88092,18.22036],[105.88044,18.21862],[105.87793,18.21771],[105.87721,18.21373],[105.87756,18.21221],[105.87645,18.21088],[105.87675,18.20845],[105.87584,18.20659],[105.87617,18.20472],[105.87679,18.20423],[105.87684,18.20238],[105.87808,18.20113],[105.87841,18.20007],[105.88068,18.19804],[105.87998,18.19718],[105.87969,18.19583],[105.87998,18.19567],[105.88015,18.19477],[105.88079,18.19471],[105.8806,18.19424],[105.88084,18.19383],[105.88034,18.19258],[105.88072,18.19218],[105.88048,18.19145],[105.88089,18.19057],[105.88075,18.19024],[105.88181,18.18947],[105.88194,18.1883],[105.88138,18.18762],[105.88187,18.18747],[105.88248,18.18591],[105.8819,18.18582],[105.87852,18.18365],[105.87613,18.18322],[105.87416,18.1818],[105.87212,18.18148],[105.87139,18.1809],[105.87028,18.17912],[105.86824,18.17758],[105.86521,18.17698],[105.86261,18.17561],[105.8593,18.1712],[105.86256,18.17958],[105.8667,18.18715],[105.86838,18.19176],[105.86953,18.19397],[105.86863,18.19545],[105.86843,18.19663],[105.86757,18.1975],[105.86661,18.19981],[105.86457,18.20226],[105.8643,18.20339],[105.8637,18.20382],[105.86326,18.20485],[105.86195,18.20593],[105.862,18.20689],[105.86143,18.20815],[105.86022,18.20918],[105.85875,18.21128],[105.85727,18.21201],[105.85591,18.214],[105.85442,18.214],[105.8533,18.21455],[105.85094,18.21659],[105.84952,18.2171],[105.84863,18.21811],[105.84759,18.21846],[105.84708,18.2193],[105.84603,18.21999],[105.84179,18.22073],[105.84061,18.22162],[105.83844,18.22412],[105.83962,18.22573],[105.83911,18.22664],[105.8397,18.23122],[105.83618,18.23374],[105.8334,18.23444],[105.83271,18.23529],[105.83251,18.23669],[105.83361,18.23924],[105.83505,18.24009],[105.8351,18.24133],[105.83638,18.24191],[105.83707,18.24264],[105.837,18.24344],[105.83662,18.24386],[105.83665,18.24615],[105.83772,18.24901],[105.83854,18.24955],[105.83998,18.25194],[105.84006,18.25277],[105.83955,18.25415],[105.83764,18.25646],[105.83624,18.257],[105.83565,18.25768],[105.83356,18.25744],[105.83152,18.2565],[105.82945,18.25646],[105.82914,18.25866],[105.82798,18.25956],[105.8278,18.26051],[105.82616,18.26105],[105.82489,18.26249],[105.82232,18.26306],[105.82204,18.26339],[105.82216,18.26442],[105.82188,18.265],[105.81988,18.26611],[105.81685,18.26696],[105.81552,18.267],[105.81328,18.27034],[105.8109,18.27187],[105.8101,18.27172],[105.80922,18.27232],[105.80879,18.27371],[105.80744,18.27524],[105.80624,18.2755],[105.80478,18.27655],[105.80392,18.27675],[105.80306,18.27882],[105.80247,18.27918],[105.80504,18.27912],[105.80584,18.27966],[105.80633,18.2819],[105.80736,18.28377],[105.80894,18.28578],[105.81033,18.2865],[105.81092,18.28716],[105.81154,18.28732],[105.81406,18.28553],[105.81614,18.28833],[105.81854,18.28898],[105.81938,18.29015],[105.82023,18.29287],[105.82002,18.29398],[105.82046,18.29563],[105.82326,18.29966],[105.82504,18.30097],[105.82627,18.30073],[105.82706,18.30212],[105.83002,18.30285],[105.83139,18.30367],[105.83231,18.30426],[105.83488,18.30706],[105.83671,18.30549],[105.83842,18.30543],[105.84,18.30604],[105.84095,18.30561],[105.84175,18.30601],[105.84205,18.30517],[105.84543,18.30519],[105.84645,18.3055],[105.84737,18.30513],[105.84788,18.30546],[105.84965,18.30559],[105.85157,18.30701],[105.85376,18.30655],[105.8543,18.30716],[105.85491,18.3089],[105.85696,18.30891],[105.85689,18.31023],[105.85916,18.31072],[105.85909,18.31196],[105.8609,18.31211],[105.86097,18.31336],[105.86272,18.31337],[105.86264,18.31267],[105.86367,18.31265],[105.8647,18.31162]]]]}},
{"type":"Feature","id":"18673","properties":{"Ward_Code":"18673","Ward_Code_Num":18673,"Ward":"Cẩm Xuyên","Ward_Alt":"Cẩm Xuyên","Ward_Upper":"CẨM XUYÊN","Ward_Full":"Xã Cẩm Xuyên","Ward_Full_Alt":"Xã Cẩm Xuyên","Ward_Full_Upper_Alt":"XÃ CẨM XUYÊN","Ward_Type":"Xã","Province_Code":"42","Province":"Hà Tĩnh","Province_Upper_Alt":"HÀ TĨNH"},"geometry":{"type":"MultiPolygon","coordinates":[[[[105.99122,18.29591],[105.99214,18.29608],[105.99621,18.29324],[105.99822,18.29502],[106.00095,18.29274],[106.00184,18.29309],[106.00336,18.29208],[106.00416,18.29286],[106.00665,18.29088],[106.00681,18.29028],[106.00755,18.28955],[106.00764,18.28831],[106.01059,18.28806],[106.01223,18.28661],[106.01455,18.28851],[106.01659,18.2859],[106.01632,18.2857],[106.01775,18.28444],[106.01675,18.28336],[106.01827,18.28186],[106.01588,18.2799],[106.01664,18.27871],[106.01276,18.27563],[106.01228,18.27606],[106.01096,18.27489],[106.01072,18.27511],[106.01014,18.27468],[106.00978,18.27513],[106.00849,18.2724],[106.00936,18.27174],[106.00913,18.27146],[106.00974,18.27114],[106.00945,18.27013],[106.01086,18.26966],[106.01182,18.2702],[106.01327,18.26929],[106.01299,18.26895],[106.01348,18.26841],[106.0153,18.2676],[106.01508,18.26715],[106.01584,18.26275],[106.0144,18.26234],[106.01473,18.26004],[106.01368,18.25906],[106.01432,18.25722],[106.015,18.25123],[106.016,18.25032],[106.01532,18.24762],[106.01479,18.24683],[106.01374,18.24697],[106.01323,18.24674],[106.01271,18.2456],[106.01319,18.2443],[106.01443,18.24258],[106.0145,18.24178],[106.01387,18.241],[106.01319,18.24076],[106.00779,18.24236],[106.00706,18.24162],[106.00616,18.24172],[106.00665,18.23971],[106.0076,18.2395],[106.00783,18.23757],[106.00685,18.23607],[106.00715,18.23538],[106.00695,18.23377],[106.00816,18.23337],[106.00728,18.23204],[106.00819,18.23118],[106.00702,18.23051],[106.00676,18.22983],[106.00709,18.22769],[106.00553,18.22712],[106.00494,18.22731],[106.00438,18.22693],[106.00404,18.22344],[106.00184,18.22053],[106.00053,18.2196],[105.99899,18.21602],[105.994,18.2155],[105.99532,18.21126],[105.99615,18.21073],[105.99695,18.20925],[105.99953,18.20763],[106.00201,18.20532],[106.00209,18.20332],[106.00171,18.20296],[106.00146,18.20181],[106.00184,18.19947],[106.0034,18.19829],[106.00529,18.19533],[106.00839,18.19267],[106.00904,18.19149],[106.00929,18.18853],[106.01006,18.18701],[106.0122,18.18429],[106.01268,18.184],[106.01357,18.18408],[106.01369,18.17927],[106.01507,18.17692],[106.01502,18.17653],[106.01449,18.17621],[106.01386,18.17305],[106.01503,18.17209],[106.0156,18.17061],[106.01538,18.17015],[106.014,18.16934],[106.01221,18.1667],[106.01072,18.16652],[106.00884,18.16411],[106.00669,18.16073],[106.00688,18.15951],[106.00582,18.15801],[106.0048,18.15516],[106.00468,18.15277],[106.00564,18.14805],[106.00739,18.14482],[106.00722,18.14398],[106.00601,18.14293],[106.00601,18.14177],[106.00554,18.1413],[106.00526,18.13952],[106.00441,18.13924],[106.00377,18.13839],[106.0024,18.13813],[106.00163,18.13844],[106.00114,18.13925],[105.99996,18.13909],[105.99978,18.1386],[106.00021,18.1365],[105.99977,18.13645],[105.9989,18.13708],[105.99826,18.13704],[105.99596,18.13422],[105.99507,18.13621],[105.99229,18.1387],[105.99135,18.13901],[105.99016,18.14094],[105.98914,18.14152],[105.98582,18.14232],[105.98276,18.14427],[105.98217,18.14582],[105.98018,18.14701],[105.97877,18.14864],[105.97851,18.14971],[105.97734,18.15018],[105.97613,18.15267],[105.97519,18.15289],[105.97407,18.15392],[105.97231,18.15626],[105.96965,18.15774],[105.96894,18.15756],[105.96786,18.15804],[105.96694,18.15861],[105.96595,18.16003],[105.96409,18.1608],[105.96415,18.1626],[105.96383,18.16308],[105.96254,18.16367],[105.96386,18.1648],[105.96328,18.16726],[105.96462,18.16664],[105.9658,18.16803],[105.96669,18.16805],[105.9671,18.16732],[105.96753,18.16751],[105.96804,18.16933],[105.96921,18.17024],[105.96954,18.1735],[105.96709,18.17538],[105.96569,18.1757],[105.96418,18.17785],[105.96418,18.17866],[105.9629,18.17923],[105.963,18.18058],[105.96213,18.18083],[105.96097,18.18231],[105.96077,18.18322],[105.96145,18.18424],[105.96314,18.18533],[105.96475,18.18572],[105.96634,18.18685],[105.97042,18.18816],[105.97211,18.18908],[105.97214,18.18951],[105.97116,18.19095],[105.97131,18.19298],[105.9702,18.19579],[105.96643,18.19888],[105.96492,18.20072],[105.96223,18.20223],[105.95939,18.20433],[105.95666,18.20763],[105.95389,18.20788],[105.95321,18.20842],[105.95278,18.20951],[105.95405,18.21073],[105.95396,18.21468],[105.95308,18.216],[105.95215,18.21636],[105.95194,18.21904],[105.95144,18.21898],[105.95088,18.21941],[105.95063,18.22024],[105.95012,18.2202],[105.95036,18.22124],[105.94974,18.2213],[105.9511,18.2224],[105.95094,18.22314],[105.95149,18.22359],[105.95036,18.22429],[105.95077,18.22487],[105.95056,18.22586],[105.95095,18.2261],[105.95001,18.22645],[105.94988,18.22687],[105.9505,18.22813],[105.95125,18.22799],[105.9531,18.22874],[105.95391,18.23234],[105.95419,18.23528],[105.95388,18.24016],[105.95514,18.24661],[105.95365,18.24676],[105.95288,18.25319],[105.95436,18.25762],[105.96357,18.25768],[105.96224,18.25929],[105.9621,18.26034],[105.96293,18.261],[105.96444,18.26136],[105.96508,18.262],[105.96532,18.26306],[105.96505,18.26447],[105.96473,18.26477],[105.9641,18.26433],[105.9627,18.26466],[105.96238,18.26446],[105.96213,18.26455],[105.96224,18.26503],[105.96149,18.26524],[105.96125,18.26574],[105.96084,18.26566],[105.96001,18.26803],[105.96039,18.26823],[105.96038,18.26892],[105.95992,18.26967],[105.96047,18.26977],[105.96027,18.27038],[105.95832,18.27197],[105.96303,18.27737],[105.9614,18.27857],[105.96373,18.28012],[105.96155,18.28232],[105.96381,18.28484],[105.96425,18.2845],[105.96454,18.28484],[105.96523,18.28418],[105.96643,18.28502],[105.96675,18.28448],[105.96727,18.28474],[105.96868,18.28614],[105.96862,18.28678],[105.96804,18.2872],[105.96849,18.28768],[105.96905,18.28772],[105.96982,18.28705],[105.97018,18.28745],[105.97014,18.28829],[105.96849,18.28974],[105.96905,18.29037],[105.97098,18.28887],[105.97246,18.29024],[105.97246,18.29128],[105.97446,18.29385],[105.97546,18.29397],[105.97555,18.2935],[105.97626,18.29325],[105.97669,18.29344],[105.97724,18.29236],[105.98309,18.2938],[105.98321,18.29524],[105.98645,18.29979],[105.99093,18.29675],[105.99122,18.29591]]]]}},
{"type":"Feature","id":"18676","properties":{"Ward_Code":"18676","Ward_Code_Num":18676,"Ward":"Thiên Cầm","Ward_Alt":"Thiên Cầm","Ward_Upper":"THIÊN CẦM","Ward_Full":"Xã Thiên Cầm","Ward_Full_Alt":"Xã Thiên Cầm","Ward_Full_Upper_Alt":"XÃ THIÊN CẦM","Ward_Type":"Xã","Province_Code":"42","Province":"Hà Tĩnh","Province_Upper_Alt":"HÀ TĨNH"},"geometry":{"type":"MultiPolygon","coordinates":[[[[106.11871,18.28001],[106.11845,18.27964],[106.11791,18.27967],[106.11599,18.28071],[106.11582,18.28125],[106.11618,18.28157],[106.11718,18.28161],[106.11836,18.28087],[106.11871,18.28001]]],[[[106.02556,18.29786],[106.03162,18.2909],[106.03353,18.29206],[106.03491,18.29044],[106.03636,18.29126],[106.03791,18.29042],[106.03658,18.2894],[106.04025,18.28452],[106.0409,18.28518],[106.04568,18.28103],[106.04601,18.28157],[106.04642,18.28122],[106.0471,18.2815],[106.04788,18.28097],[106.04964,18.28036],[106.04985,18.28054],[106.0598,18.27169],[106.06049,18.27182],[106.06404,18.27977],[106.06674,18.28296],[106.07171,18.28816],[106.07246,18.28802],[106.07839,18.29328],[106.0898,18.2834],[106.09198,18.28205],[106.09276,18.282],[106.09553,18.27914],[106.10002,18.27583],[106.10366,18.27373],[106.10784,18.27234],[106.11014,18.27196],[106.1126,18.27076],[106.11551,18.26695],[106.11545,18.26539],[106.1142,18.2638],[106.11828,18.26229],[106.11804,18.26149],[106.11675,18.26031],[106.11412,18.25964],[106.1118,18.25978],[106.11,18.26034],[106.10754,18.2595],[106.10328,18.2595],[106.09865,18.25844],[106.09754,18.2585],[106.09457,18.25955],[106.09375,18.25947],[106.0929,18.25768],[106.09291,18.25695],[106.09361,18.25462],[106.0939,18.24901],[106.09203,18.24736],[106.091,18.24691],[106.08992,18.2469],[106.08613,18.24881],[106.08426,18.24915],[106.08151,18.24898],[106.07616,18.24691],[106.07385,18.2469],[106.06973,18.24758],[106.06822,18.24628],[106.06781,18.24334],[106.06737,18.24232],[106.06607,18.24093],[106.06488,18.2405],[106.06338,18.24062],[106.06104,18.2414],[106.0593,18.24333],[106.05862,18.24362],[106.05783,18.2436],[106.0557,18.24255],[106.0541,18.2427],[106.05146,18.24669],[106.05214,18.24976],[106.0519,18.25046],[106.05116,18.25057],[106.04914,18.24963],[106.04814,18.24955],[106.0471,18.25007],[106.04623,18.25169],[106.04555,18.25209],[106.04473,18.25198],[106.04428,18.25141],[106.04432,18.24777],[106.04372,18.24676],[106.04225,18.24677],[106.04061,18.24821],[106.03986,18.24845],[106.03922,18.2483],[106.0377,18.24705],[106.03698,18.24694],[106.03511,18.24979],[106.03289,18.252],[106.03295,18.25477],[106.03125,18.25567],[106.02783,18.25497],[106.02689,18.25421],[106.02643,18.25322],[106.02577,18.24989],[106.02617,18.2491],[106.02805,18.24761],[106.02823,18.24694],[106.02799,18.24637],[106.02718,18.24614],[106.02617,18.24643],[106.02543,18.24721],[106.024,18.24984],[106.02252,18.25025],[106.0218,18.24947],[106.02164,18.24762],[106.02118,18.24677],[106.01826,18.24425],[106.01734,18.24404],[106.01479,18.24683],[106.01532,18.24762],[106.016,18.2504],[106.015,18.25123],[106.01432,18.25722],[106.01368,18.25906],[106.01473,18.26004],[106.0144,18.26234],[106.01584,18.26275],[106.01508,18.26715],[106.0153,18.2676],[106.01348,18.26841],[106.01299,18.26895],[106.01327,18.26929],[106.01182,18.2702],[106.01086,18.26966],[106.00945,18.27013],[106.00974,18.27114],[106.00913,18.27146],[106.00936,18.27174],[106.00849,18.2724],[106.00978,18.27513],[106.01014,18.27468],[106.01072,18.27511],[106.01096,18.27489],[106.01228,18.27606],[106.01276,18.27563],[106.01664,18.27871],[106.01588,18.2799],[106.01827,18.28186],[106.01675,18.28336],[106.01775,18.28444],[106.01632,18.2857],[106.01659,18.2859],[106.01455,18.28851],[106.02556,18.29786]]]]}},
{"type":"Feature","id":"18682","properties":{"Ward_Code":"18682","Ward_Code_Num":18682,"Ward":"Yên Hoà","Ward_Alt":"Yên Hòa","Ward_Upper":"YÊN HOÀ","Ward_Full":"Xã Yên Hoà","Ward_Full_Alt":"Xã Yên Hòa","Ward_Full_Upper_Alt":"XÃ YÊN HÒA","Ward_Type":"Xã","Province_Code":"42","Province":"Hà Tĩnh","Province_Upper_Alt":"HÀ TĨNH"},"geometry":{"type":"MultiPolygon","coordinates":[[[[106.02851,18.34273],[106.03447,18.33627],[106.03472,18.33472],[106.03562,18.33493],[106.03716,18.3335],[106.04196,18.32791],[106.05794,18.31187],[106.05889,18.30977],[106.05922,18.30971],[106.05917,18.31026],[106.0597,18.31021],[106.0698,18.30063],[106.07839,18.29328],[106.07246,18.28802],[106.07171,18.28816],[106.06404,18.27977],[106.06049,18.27182],[106.05963,18.27178],[106.04985,18.28054],[106.04964,18.28036],[106.04788,18.28097],[106.0471,18.2815],[106.04642,18.28122],[106.04601,18.28157],[106.04568,18.28103],[106.0409,18.28518],[106.04025,18.28452],[106.03658,18.2894],[106.03791,18.29042],[106.03636,18.29126],[106.03491,18.29044],[106.03353,18.29206],[106.03162,18.2909],[106.02556,18.29786],[106.01223,18.28661],[106.01059,18.28806],[106.00764,18.28831],[106.00755,18.28955],[106.00681,18.29028],[106.00665,18.29088],[106.00416,18.29286],[106.00336,18.29208],[106.00184,18.29309],[106.00095,18.29274],[105.99822,18.29502],[105.99621,18.29324],[105.99214,18.29608],[105.99124,18.29584],[105.99093,18.29675],[105.98434,18.30132],[105.98492,18.30209],[105.9835,18.30327],[105.98472,18.30508],[105.98522,18.30506],[105.98756,18.30929],[105.98954,18.31173],[105.98911,18.31236],[105.98986,18.31335],[105.98965,18.31361],[105.98987,18.3139],[105.99034,18.31354],[105.99096,18.31405],[105.99124,18.31388],[105.99666,18.32042],[105.99608,18.32071],[105.9965,18.3212],[105.99618,18.32153],[105.99686,18.32323],[105.99815,18.32213],[106.00158,18.32604],[106.00342,18.32757],[106.00384,18.32681],[106.00574,18.32772],[106.00681,18.32779],[106.00701,18.32879],[106.00776,18.32975],[106.00736,18.3306],[106.01004,18.33237],[106.01071,18.33186],[106.0107,18.33145],[106.01125,18.33132],[106.01142,18.3322],[106.0111,18.33229],[106.01151,18.33366],[106.01456,18.33599],[106.01409,18.33669],[106.01605,18.3395],[106.02147,18.34262],[106.02391,18.34232],[106.02405,18.34385],[106.02622,18.34517],[106.02851,18.34273]]]]}},
{"type":"Feature","id":"18685","properties":{"Ward_Code":"18685","Ward_Code_Num":18685,"Ward":"Cẩm Bình","Ward_Alt":"Cẩm Bình","Ward_Upper":"CẨM BÌNH","Ward_Full":"Xã Cẩm Bình","Ward_Full_Alt":"Xã Cẩm Bình","Ward_Full_Upper_Alt":"XÃ CẨM BÌNH","Ward_Type":"Xã","Province_Code":"42","Province":"Hà Tĩnh","Province_Upper_Alt":"HÀ TĨNH"},"geometry":{"type":"MultiPolygon","coordinates":[[[[105.93964,18.32618],[105.94078,18.32661],[105.9415,18.32499],[105.94190999999999,18.32521],[105.94248,18.32654],[105.9432,18.3266],[105.9425,18.32415],[105.94335,18.323],[105.94215,18.32261],[105.94121,18.3205],[105.94144,18.32],[105.9421,18.31975],[105.94179,18.31933],[105.9434,18.31806],[105.94242,18.31667],[105.94284,18.31678],[105.94406,18.31614],[105.94529,18.31593],[105.94536,18.31638],[105.94737,18.31631],[105.94829,18.31578],[105.94892,18.31579],[105.95202,18.31732],[105.95224,18.31889],[105.95407,18.31955],[105.95724,18.32008],[105.95749,18.31962],[105.95717,18.31874],[105.9583,18.31802],[105.95828,18.317],[105.9609,18.3168],[105.96096,18.31642],[105.96145,18.31636],[105.96408,18.31639],[105.96439,18.31676],[105.96686,18.31652],[105.9671,18.31683],[105.96867,18.31604],[105.96959,18.31667],[105.97028,18.31454],[105.97213,18.31285],[105.9719,18.31264],[105.97249,18.311889999999998],[105.97485,18.31009],[105.97543,18.31056],[105.97912,18.30656],[105.98492,18.30209],[105.98434,18.30132],[105.98645,18.29979],[105.98321,18.29524],[105.98309,18.2938],[105.97724,18.29236],[105.97669,18.29344],[105.97626,18.29325],[105.97555,18.2935],[105.97546,18.29397],[105.97446,18.29385],[105.97246,18.29128],[105.97246,18.29024],[105.97098,18.28887],[105.96905,18.29037],[105.96849,18.28974],[105.97014,18.28829],[105.97018,18.28745],[105.96982,18.28705],[105.96905,18.28772],[105.96849,18.28768],[105.96804,18.2872],[105.96862,18.28678],[105.96868,18.28614],[105.96727,18.28474],[105.96675,18.28448],[105.96643,18.28502],[105.96523,18.28418],[105.96454,18.28484],[105.96425,18.2845],[105.96381,18.28484],[105.96155,18.28232],[105.96373,18.28012],[105.9614,18.27857],[105.96303,18.27737],[105.95832,18.27197],[105.96027,18.27038],[105.96047,18.26977],[105.95992,18.26967],[105.96038,18.26892],[105.96039,18.26823],[105.96001,18.26803],[105.96084,18.26566],[105.96125,18.26574],[105.96149,18.26524],[105.96224,18.26503],[105.96213,18.26455],[105.96238,18.26446],[105.9627,18.26466],[105.9641,18.26433],[105.96473,18.26477],[105.96505,18.26447],[105.96533,18.26359],[105.96508,18.262],[105.96444,18.26136],[105.96293,18.261],[105.9621,18.26034],[105.96224,18.25929],[105.96357,18.25768],[105.95436,18.25762],[105.95426,18.25731],[105.95295,18.25773],[105.9527,18.25697],[105.94936,18.25799],[105.94843,18.26085],[105.9478,18.26071],[105.9474,18.26229],[105.94584,18.26227],[105.94577,18.26263],[105.94512,18.26274],[105.94537,18.2636],[105.94516,18.26474],[105.94424,18.26447],[105.94385,18.26731],[105.94433,18.2674],[105.94416,18.2681],[105.94485,18.26858],[105.94472,18.26968],[105.94034,18.27214],[105.9389,18.26979],[105.93594,18.26852],[105.93537,18.26866],[105.93425,18.27068],[105.93266,18.27051],[105.93224,18.27004],[105.93142,18.26738],[105.93084,18.26667],[105.93035,18.26675],[105.92935,18.26871],[105.92817,18.27337],[105.92627,18.2763],[105.92464,18.27795],[105.92226,18.27843],[105.92168,18.27904],[105.92012,18.28359],[105.91955,18.28788],[105.9196,18.29066],[105.91922,18.29142],[105.91724,18.29314],[105.91758,18.29648],[105.91923,18.29868],[105.92134,18.29986],[105.92194,18.30093],[105.922,18.30178],[105.91607,18.30229],[105.91515,18.30284],[105.91271,18.30559],[105.91138,18.30612],[105.90997,18.30584],[105.90837,18.30484],[105.90663,18.30248],[105.9056,18.30266],[105.90428,18.30442],[105.90487,18.30836],[105.90615,18.30947],[105.90805,18.30969],[105.9164,18.30933],[105.91739,18.3096],[105.91805,18.31026],[105.9188,18.31162],[105.91871,18.31284],[105.913,18.31768],[105.91231,18.3189],[105.91283,18.3198],[105.91687,18.32016],[105.92232,18.31967],[105.92457,18.31869],[105.92693,18.31656],[105.92836,18.31635],[105.92902,18.31702],[105.93033,18.32068],[105.9312,18.32152],[105.93419,18.32332],[105.93518,18.32437],[105.93614,18.3264],[105.93618,18.32784],[105.93808,18.32726],[105.93964,18.32618]]]]}},
{"type":"Feature","id":"18736","properties":{"Ward_Code":"18736","Ward_Code_Num":18736,"Ward":"Cẩm Hưng","Ward_Alt":"Cẩm Hưng","Ward_Upper":"CẨM HƯNG","Ward_Full":"Xã Cẩm Hưng","Ward_Full_Alt":"Xã Cẩm Hưng","Ward_Full_Upper_Alt":"XÃ CẨM HƯNG","Ward_Type":"Xã","Province_Code":"42","Province":"Hà Tĩnh","Province_Upper_Alt":"HÀ TĨNH"},"geometry":{"type":"MultiPolygon","coordinates":[[[[106.03709,18.24691],[106.03986,18.24845],[106.04061,18.24821],[106.04225,18.24677],[106.04372,18.24676],[106.04432,18.24777],[106.04428,18.25141],[106.04473,18.25198],[106.04536,18.25213],[106.04623,18.25169],[106.0471,18.25007],[106.04814,18.24955],[106.04914,18.24963],[106.05116,18.25057],[106.0519,18.25046],[106.05214,18.24976],[106.05146,18.24669],[106.0541,18.2427],[106.0557,18.24255],[106.05783,18.2436],[106.05862,18.24362],[106.0593,18.24333],[106.06104,18.2414],[106.06338,18.24062],[106.06526,18.24058],[106.06662,18.24138],[106.06781,18.24334],[106.06822,18.24628],[106.06973,18.24758],[106.07385,18.2469],[106.07616,18.24691],[106.08163,18.24901],[106.08539,18.24901],[106.08767,18.24799],[106.08838,18.24415],[106.08814,18.24351],[106.0874,18.24294],[106.08202,18.24036],[106.08198,18.23799],[106.08424,18.23557],[106.0825,18.23429],[106.08074,18.234],[106.08162,18.22738],[106.08312,18.22776],[106.08383,18.22552],[106.0823,18.22422],[106.08262,18.22318],[106.08335,18.22274],[106.08337,18.22241],[106.07986,18.22276],[106.07879,18.22458],[106.07693,18.22575],[106.07465,18.2254],[106.0744,18.22481],[106.07476,18.22386],[106.07059,18.2238],[106.06875,18.22421],[106.06786,18.22488],[106.06784,18.22662],[106.05965,18.22924],[106.05214,18.21437],[106.05135,18.208],[106.04782,18.20079],[106.04488,18.18699],[106.04394,18.18578],[106.04054,18.18451],[106.04003,18.18363],[106.04009,18.17943],[106.04045,18.17837],[106.04308,18.17435],[106.04229,18.17215],[106.04046,18.17037],[106.04019,18.1671],[106.04035,18.16504],[106.03974,18.16468],[106.03873,18.16467],[106.03795,18.16294],[106.03826,18.16226],[106.03957,18.16136],[106.03942,18.16035],[106.0408,18.15842],[106.0415,18.15869],[106.04186,18.15838],[106.04205,18.15784],[106.04183,18.15686],[106.04333,18.15516],[106.0426,18.15251],[106.0429,18.15079],[106.04154,18.14971],[106.041,18.1474],[106.04545,18.1409],[106.04634,18.14155],[106.0467,18.14144],[106.04696,18.14005],[106.04605,18.13838],[106.04141,18.13591],[106.03913,18.13382],[106.03728,18.13277],[106.03717,18.13217],[106.03758,18.13147],[106.03805,18.13126],[106.03875,18.13168],[106.04096,18.12977],[106.04262,18.12646],[106.04198,18.12566],[106.04048,18.12467],[106.0404,18.12385],[106.03979,18.12328],[106.0386,18.1228],[106.03785,18.12294],[106.03722,18.12215],[106.03656,18.1219],[106.0362,18.12107],[106.03775,18.11988],[106.03815,18.11881],[106.0372,18.11754],[106.03744,18.11683],[106.03677,18.116],[106.03716,18.1141],[106.03787,18.11338],[106.03806,18.10707],[106.04124,18.10478],[106.04162,18.09861],[106.04121,18.09446],[106.04249,18.09187],[106.04331,18.09092],[106.04197,18.09021],[106.04079,18.0891],[106.03966,18.0889],[106.03796,18.0873],[106.03776,18.08626],[106.03803,18.08517],[106.03769,18.08384],[106.03853,18.08294],[106.03775,18.08204],[106.03798,18.07888],[106.03774,18.07855],[106.03596,18.07802],[106.0355,18.07829],[106.03392,18.07823],[106.03356,18.07759],[106.03466,18.0762],[106.03379,18.07536],[106.03286,18.07544],[106.03276,18.07514],[106.03339,18.07482],[106.03294,18.07409],[106.0316,18.07384],[106.03,18.07451],[106.02858,18.07362],[106.029,18.07304],[106.02956,18.07314],[106.02969,18.07288],[106.02741,18.07191],[106.02786,18.07035],[106.02878,18.06972],[106.02752,18.06795],[106.02754,18.06717],[106.02689,18.06735],[106.0268,18.06595],[106.02528,18.06522],[106.02478,18.06553],[106.02394,18.06493],[106.0238,18.06442],[106.02294,18.06475],[106.02234,18.0644],[106.02266,18.06351],[106.02211,18.06165],[106.02125,18.06086],[106.02134,18.06],[106.02196,18.05952],[106.02228,18.05872],[106.02405,18.05884],[106.02431,18.0585],[106.0256,18.05895],[106.02527,18.05792],[106.0257,18.05692],[106.02461,18.05253],[106.0246,18.05126],[106.02414,18.04975],[106.02326,18.04926],[106.02264,18.0483],[106.0233,18.04752],[106.0237,18.04624],[106.02304,18.04618],[106.02223,18.04662],[106.02153,18.04517],[106.01933,18.04477],[106.01697,18.04639],[106.01636,18.04526],[106.01469,18.04464],[106.01464,18.04336],[106.01416,18.04262],[106.01506,18.04238],[106.01538,18.04157],[106.01603,18.04149],[106.01669,18.04051],[106.01753,18.04037],[106.0177,18.04004],[106.01697,18.03638],[106.01613,18.03534],[106.0158,18.03436],[106.01453,18.03481],[106.01178,18.03702],[106.00802,18.04117],[106.00725,18.04271],[106.00399,18.04493],[106.00214,18.04576],[105.99858,18.04971],[105.99483,18.05104],[105.99475,18.05378],[105.99396,18.05463],[105.99267,18.05772],[105.99204,18.05844],[105.99018,18.05953],[105.98943,18.06077],[105.98681,18.06162],[105.98614,18.06279],[105.98626,18.06371],[105.98817,18.06626],[105.98858,18.06823],[105.98853,18.07084],[105.98658,18.07077],[105.9861,18.07135],[105.98613,18.07255],[105.98507,18.07331],[105.98361,18.07371],[105.98324,18.07477],[105.98385,18.07645],[105.98505,18.07833],[105.9851,18.07973],[105.98849,18.08113],[105.98868,18.082],[105.99066,18.08517],[105.992,18.08665],[105.99386,18.08774],[105.99697,18.0881],[105.99852,18.09046],[106.00062,18.0904],[106.00223,18.09647],[106.00301,18.0972],[106.00337,18.09821],[106.00456,18.09978],[106.00439,18.10113],[106.00501,18.10276],[106.00471,18.10861],[106.0032,18.1095],[106.00255,18.11165],[106.00184,18.11214],[106.0018,18.11279],[106.00131,18.11304],[106.00129,18.11436],[106.00072,18.11537],[105.99912,18.11626],[105.99904,18.11678],[105.99812,18.11727],[105.99821,18.11817],[105.9967,18.11881],[105.99596,18.12032],[105.99461,18.12072],[105.99382,18.12231],[105.9942,18.124],[105.99555,18.12722],[105.99533,18.12809],[105.99406,18.12894],[105.99428,18.13054],[105.99364,18.1318],[105.99392,18.13291],[105.99279,18.13529],[105.99132,18.13632],[105.99144,18.13696],[105.98992,18.13785],[105.99016,18.14094],[105.99135,18.13901],[105.99229,18.1387],[105.99507,18.13621],[105.99596,18.13422],[105.99826,18.13704],[105.9989,18.13708],[105.99977,18.13645],[106.00021,18.1365],[105.99978,18.1386],[105.99996,18.13909],[106.00114,18.13925],[106.00163,18.13844],[106.0024,18.13813],[106.00377,18.13839],[106.00441,18.13924],[106.00526,18.13952],[106.00554,18.1413],[106.00601,18.14177],[106.00601,18.14293],[106.00722,18.14398],[106.00739,18.14482],[106.00564,18.14805],[106.00468,18.15277],[106.0048,18.15516],[106.00582,18.15801],[106.00688,18.15951],[106.00669,18.16073],[106.00884,18.16411],[106.01072,18.16652],[106.01221,18.1667],[106.014,18.16934],[106.01538,18.17015],[106.0156,18.17061],[106.01503,18.17209],[106.01386,18.17305],[106.01449,18.17621],[106.01502,18.17653],[106.01507,18.17692],[106.01369,18.17927],[106.01357,18.18408],[106.01268,18.184],[106.0122,18.18429],[106.01006,18.18701],[106.00929,18.18853],[106.00904,18.19149],[106.00839,18.19267],[106.00529,18.19533],[106.0034,18.19829],[106.00184,18.19947],[106.00146,18.20181],[106.00171,18.20296],[106.00209,18.20332],[106.00201,18.20532],[105.99953,18.20763],[105.99695,18.20925],[105.99615,18.21073],[105.99532,18.21126],[105.994,18.2155],[105.99899,18.21602],[106.00053,18.2196],[106.00184,18.22053],[106.00404,18.22344],[106.00438,18.22693],[106.00494,18.22731],[106.00553,18.22712],[106.00709,18.22769],[106.00676,18.22983],[106.00702,18.23051],[106.00819,18.23118],[106.00728,18.23204],[106.00816,18.23337],[106.00695,18.23377],[106.00715,18.23538],[106.00685,18.23607],[106.00783,18.23757],[106.0076,18.2395],[106.00665,18.23971],[106.00622,18.24177],[106.00706,18.24162],[106.00779,18.24236],[106.0124,18.24084],[106.01372,18.2409],[106.01432,18.24145],[106.01454,18.24216],[106.0128,18.2451],[106.01302,18.24653],[106.01374,18.24697],[106.01479,18.24683],[106.01695,18.2443],[106.01782,18.24401],[106.02131,18.24693],[106.0218,18.24947],[106.02252,18.25025],[106.024,18.24984],[106.02598,18.24657],[106.02686,18.24617],[106.02783,18.24626],[106.0282,18.24672],[106.02805,18.24761],[106.02627,18.249],[106.02582,18.24973],[106.02606,18.25188],[106.02718,18.25454],[106.03023,18.25565],[106.03184,18.25554],[106.03287,18.25489],[106.03289,18.252],[106.03511,18.24979],[106.03633,18.24759],[106.03709,18.24691]]]]}},
{"type":"Feature","id":"18739","properties":{"Ward_Code":"18739","Ward_Code_Num":18739,"Ward":"Cẩm Duệ","Ward_Alt":"Cẩm Duệ","Ward_Upper":"CẨM DUỆ","Ward_Full":"Xã Cẩm Duệ","Ward_Full_Alt":"Xã Cẩm Duệ","Ward_Full_Upper_Alt":"XÃ CẨM DUỆ","Ward_Type":"Xã","Province_Code":"42","Province":"Hà Tĩnh","Province_Upper_Alt":"HÀ TĨNH"},"geometry":{"type":"MultiPolygon","coordinates":[[[[105.9198,18.28628],[105.92012,18.28359],[105.92168,18.27904],[105.92226,18.27843],[105.92464,18.27795],[105.92627,18.2763],[105.92817,18.27337],[105.92935,18.26871],[105.93035,18.26675],[105.93084,18.26667],[105.93142,18.26738],[105.93224,18.27004],[105.93266,18.27051],[105.93425,18.27068],[105.93537,18.26866],[105.93594,18.26852],[105.93874,18.26966],[105.94014,18.27207],[105.94048,18.2721],[105.94472,18.26968],[105.94485,18.26858],[105.94416,18.2681],[105.94433,18.2674],[105.94385,18.26731],[105.94424,18.26447],[105.94516,18.26474],[105.94537,18.2636],[105.94512,18.26274],[105.94577,18.26263],[105.94584,18.26227],[105.9474,18.26229],[105.9478,18.26071],[105.94843,18.26085],[105.94936,18.25799],[105.9527,18.25697],[105.95295,18.25773],[105.95426,18.25731],[105.95288,18.25319],[105.95365,18.24676],[105.95514,18.24661],[105.95388,18.24016],[105.95419,18.23528],[105.95391,18.23234],[105.9531,18.22874],[105.95125,18.22799],[105.9504,18.22807],[105.94985,18.22674],[105.95095,18.2261],[105.95056,18.22586],[105.95077,18.22487],[105.95034,18.22437],[105.95149,18.22359],[105.95094,18.22314],[105.9511,18.2224],[105.94974,18.2213],[105.95036,18.22124],[105.95012,18.2202],[105.95063,18.22024],[105.95088,18.21941],[105.95144,18.21898],[105.95194,18.21904],[105.95215,18.21636],[105.95308,18.216],[105.95396,18.21468],[105.95405,18.21073],[105.95278,18.20951],[105.95321,18.20842],[105.95389,18.20788],[105.95666,18.20763],[105.95939,18.20433],[105.96223,18.20223],[105.96492,18.20072],[105.96643,18.19888],[105.9702,18.19579],[105.97131,18.19298],[105.97116,18.19095],[105.97217,18.18929],[105.97042,18.18816],[105.96634,18.18685],[105.96475,18.18572],[105.96314,18.18533],[105.96145,18.18424],[105.96077,18.18322],[105.96097,18.18231],[105.96213,18.18083],[105.963,18.18058],[105.9629,18.17923],[105.96418,18.17866],[105.96418,18.17785],[105.96569,18.1757],[105.96709,18.17538],[105.96954,18.1735],[105.96921,18.17024],[105.96804,18.16933],[105.96753,18.16751],[105.9671,18.16732],[105.96669,18.16805],[105.9658,18.16803],[105.96462,18.16664],[105.96328,18.16726],[105.96386,18.1648],[105.96254,18.16367],[105.96383,18.16308],[105.96415,18.1626],[105.96409,18.1608],[105.96595,18.16003],[105.96694,18.15861],[105.96786,18.15804],[105.96894,18.15756],[105.96965,18.15774],[105.97231,18.15626],[105.97407,18.15392],[105.97519,18.15289],[105.97613,18.15267],[105.97734,18.15018],[105.97851,18.14971],[105.97877,18.14864],[105.98018,18.14701],[105.98217,18.14582],[105.98276,18.14427],[105.98582,18.14232],[105.98914,18.14152],[105.99016,18.14094],[105.98992,18.13785],[105.99144,18.13696],[105.99132,18.13632],[105.99279,18.13529],[105.99392,18.13291],[105.99364,18.1318],[105.99428,18.13054],[105.99406,18.12894],[105.99533,18.12809],[105.99555,18.12722],[105.9942,18.124],[105.99382,18.12231],[105.99461,18.12072],[105.99596,18.12032],[105.9967,18.11881],[105.99821,18.11817],[105.99812,18.11727],[105.99904,18.11678],[105.99912,18.11626],[106.00072,18.11537],[106.00129,18.11436],[106.00131,18.11304],[106.0018,18.11279],[106.00184,18.11214],[106.00255,18.11165],[106.0032,18.1095],[106.00471,18.10861],[106.00501,18.10276],[106.00439,18.10113],[106.00456,18.09978],[106.00337,18.09821],[106.00301,18.0972],[106.00223,18.09647],[106.00062,18.0904],[105.99852,18.09046],[105.99697,18.0881],[105.99386,18.08774],[105.992,18.08665],[105.99066,18.08517],[105.98868,18.082],[105.98849,18.08113],[105.9851,18.07973],[105.98505,18.07833],[105.98385,18.07645],[105.98324,18.07477],[105.98361,18.07371],[105.98507,18.07331],[105.98613,18.07255],[105.9861,18.07135],[105.98658,18.07077],[105.98853,18.07084],[105.98858,18.06823],[105.98813,18.06616],[105.98626,18.06371],[105.98575,18.06407],[105.98268,18.06434],[105.98124,18.06382],[105.97828,18.06352],[105.97507,18.06213],[105.97223,18.05906],[105.97068,18.05815],[105.97038,18.0574],[105.96882,18.05604],[105.96816,18.05497],[105.96404,18.05655],[105.96365,18.05703],[105.96372,18.05893],[105.9633,18.05952],[105.95984,18.05895],[105.95714,18.05891],[105.95288,18.05758],[105.95045,18.05826],[105.94989,18.05919],[105.94999,18.06235],[105.94935,18.06312],[105.95045,18.06466],[105.95038,18.06598],[105.94722,18.06909],[105.94709,18.07086],[105.94606,18.07156],[105.94611,18.07299],[105.94508,18.07419],[105.94248,18.07538],[105.94169,18.0768],[105.93897,18.07917],[105.93876,18.08025],[105.93767,18.08218],[105.93575,18.08318],[105.93522,18.0847],[105.93503,18.08685],[105.9344,18.08806],[105.93232,18.0892],[105.93074,18.08965],[105.93019,18.09026],[105.92927,18.09246],[105.9253,18.09472],[105.92407,18.09921],[105.9229,18.10132],[105.91787,18.1035],[105.91725,18.10835],[105.91628,18.1091],[105.91593,18.1099],[105.91423,18.11176],[105.91383,18.11438],[105.90949,18.11618],[105.90783,18.11816],[105.90472,18.11853],[105.90425,18.11927],[105.90414,18.12152],[105.90373,18.12204],[105.90127,18.12315],[105.89988,18.12321],[105.89737,18.12415],[105.89526,18.12448],[105.89387,18.12528],[105.89239,18.12684],[105.89177,18.12871],[105.89047,18.12893],[105.89009,18.13013],[105.89022,18.1328],[105.88731,18.13609],[105.88358,18.13667],[105.88261,18.13873],[105.88096,18.13975],[105.88028,18.14122],[105.87987,18.14147],[105.87684,18.14068],[105.87555,18.13977],[105.87266,18.13974],[105.87154,18.13843],[105.86778,18.13694],[105.86685,18.13617],[105.86596,18.13761],[105.865,18.13824],[105.86342,18.13794],[105.86215,18.1383],[105.86065,18.13743],[105.85989,18.13754],[105.85826,18.13886],[105.85816,18.13947],[105.8563,18.14015],[105.8558,18.14121],[105.85632,18.14328],[105.8547,18.14768],[105.86384,18.15397],[105.86475,18.15515],[105.8593,18.1712],[105.86011,18.17261],[105.86261,18.17561],[105.86521,18.17698],[105.86824,18.17758],[105.87028,18.17912],[105.87139,18.1809],[105.87212,18.18148],[105.87416,18.1818],[105.87613,18.18322],[105.87852,18.18365],[105.8819,18.18582],[105.88248,18.18591],[105.88187,18.18747],[105.88138,18.18762],[105.88194,18.1883],[105.88181,18.18947],[105.88075,18.19024],[105.88089,18.19057],[105.88048,18.19145],[105.88072,18.19218],[105.88034,18.19258],[105.88084,18.19383],[105.8806,18.19424],[105.88079,18.19471],[105.88015,18.19477],[105.87998,18.19567],[105.87969,18.19583],[105.87998,18.19718],[105.88068,18.19804],[105.87841,18.20007],[105.87808,18.20113],[105.87684,18.20238],[105.87679,18.20423],[105.87617,18.20472],[105.87584,18.20659],[105.87675,18.20845],[105.87645,18.21088],[105.87756,18.21221],[105.87721,18.21373],[105.87793,18.21771],[105.88044,18.21862],[105.88092,18.22036],[105.88161,18.2211],[105.88237,18.22114],[105.88241,18.22217],[105.88272,18.22244],[105.88311,18.22243],[105.88341,18.22177],[105.88498,18.22113],[105.8853,18.22239],[105.88618,18.22313],[105.88704,18.22281],[105.88835,18.2235],[105.88926,18.22311],[105.88984,18.22321],[105.89067,18.22448],[105.89122,18.22651],[105.89093,18.2313],[105.89289,18.23225],[105.89321,18.23361],[105.89231,18.23473],[105.88982,18.24074],[105.88821,18.24144],[105.88808,18.24199],[105.88838,18.2427],[105.89494,18.24875],[105.89595,18.24929],[105.89637,18.24871],[105.8969,18.24905],[105.89585,18.25084],[105.89754,18.251],[105.89816,18.25184],[105.89787,18.25207],[105.89826,18.25269],[105.89802,18.25284],[105.89822,18.25303],[105.89873,18.25272],[105.89956,18.25405],[105.90055,18.25473],[105.8995,18.2554],[105.89946,18.25594],[105.89874,18.25615],[105.90008,18.25858],[105.90185,18.25807],[105.90449,18.26085],[105.906,18.26057],[105.90689,18.26116],[105.90795,18.26086],[105.90873,18.2625],[105.9122,18.25972],[105.91962,18.26753],[105.91397,18.27213],[105.91295,18.27196],[105.91222,18.27275],[105.91267,18.27322],[105.91324,18.27298],[105.91379,18.27333],[105.91309,18.27539],[105.91351,18.2755],[105.91351,18.27601],[105.9143,18.27601],[105.91639,18.28026],[105.9164,18.28075],[105.91518,18.28201],[105.91452,18.28198],[105.91431,18.28349],[105.91456,18.28374],[105.91546,18.28352],[105.9162,18.28452],[105.91793,18.28586],[105.9189,18.28566],[105.9198,18.28628]]]]}},
{"type":"Feature","id":"18742","properties":{"Ward_Code":"18742","Ward_Code_Num":18742,"Ward":"Cẩm Trung","Ward_Alt":"Cẩm Trung","Ward_Upper":"CẨM TRUNG","Ward_Full":"Xã Cẩm Trung","Ward_Full_Alt":"Xã Cẩm Trung","Ward_Full_Upper_Alt":"XÃ CẨM TRUNG","Ward_Type":"Xã","Province_Code":"42","Province":"Hà Tĩnh","Province_Upper_Alt":"HÀ TĨNH"},"geometry":{"type":"MultiPolygon","coordinates":[[[[106.15229,18.2682],[106.15251,18.26806],[106.15154,18.26063],[106.15187,18.25961],[106.15169,18.25823],[106.15219,18.25742],[106.14839,18.25571],[106.14669,18.25461],[106.14573,18.248],[106.14641,18.24516],[106.14563,18.24359],[106.14453,18.24273],[106.14146,18.24163],[106.1409,18.24076],[106.14047,18.23909],[106.13837,18.23769],[106.13307,18.23644],[106.13165,18.23541],[106.12998,18.23273],[106.12599,18.22936],[106.12597,18.22705],[106.12672,18.22421],[106.12929,18.22296],[106.12962,18.22214],[106.13116,18.221],[106.13123,18.21947],[106.13305,18.218139999999998],[106.12982,18.21645],[106.12889,18.21531],[106.12763,18.2145],[106.1278,18.21167],[106.12658,18.21108],[106.12631,18.21012],[106.12562,18.20971],[106.12542,18.20853],[106.12581,18.20675],[106.12724,18.20558],[106.12757,18.20488],[106.12,18.20837],[106.11762,18.21004],[106.11644,18.20936],[106.11424,18.20917],[106.11367,18.20872],[106.11315,18.20911],[106.11277,18.20865],[106.1117,18.2088],[106.1105,18.20851],[106.1093,18.20887],[106.10844,18.20953],[106.10699,18.20917],[106.10557,18.21007],[106.10457,18.20992],[106.10322,18.21025],[106.1026,18.21122],[106.10175,18.21126],[106.10113,18.21185],[106.1004,18.211],[106.09949,18.21086],[106.0991,18.21022],[106.0987,18.21132],[106.09779,18.21197],[106.09638,18.21185],[106.09604,18.21233],[106.09554,18.21237],[106.09314,18.21169],[106.09273,18.21114],[106.0912,18.21061],[106.08992,18.21079],[106.08893,18.21025],[106.08866,18.20973],[106.08788,18.20996],[106.08515,18.20909],[106.08378,18.20966],[106.08252,18.20925],[106.08109,18.21255],[106.08096,18.21358],[106.08211,18.21456],[106.08155,18.21535],[106.08163,18.21684],[106.08424,18.21708],[106.08388,18.2207],[106.08439,18.22191],[106.08337,18.22241],[106.0824,18.22364],[106.08236,18.22441],[106.08383,18.22552],[106.08312,18.22776],[106.08162,18.22738],[106.08074,18.234],[106.0825,18.23429],[106.08424,18.23557],[106.08198,18.23799],[106.08202,18.24036],[106.08475,18.24151],[106.08814,18.24351],[106.08838,18.24415],[106.08767,18.24799],[106.08941,18.24706],[106.091,18.24691],[106.09203,18.24736],[106.0939,18.24901],[106.09361,18.25462],[106.09291,18.25695],[106.0929,18.25768],[106.09375,18.25947],[106.09457,18.25955],[106.09754,18.2585],[106.09865,18.25844],[106.10328,18.2595],[106.10754,18.2595],[106.11,18.26034],[106.1118,18.25978],[106.11412,18.25964],[106.1153,18.2598],[106.11751,18.26077],[106.11828,18.26229],[106.12293,18.26056],[106.12343,18.26114],[106.12345,18.26209],[106.1229,18.26506],[106.12211,18.26556],[106.12234,18.26647],[106.12302,18.266],[106.12435,18.26574],[106.12465,18.26611],[106.12536,18.26592],[106.12631,18.26652],[106.12733,18.26618],[106.1284,18.26713],[106.12891,18.26673],[106.13019,18.26728],[106.13026,18.2667],[106.13055,18.26688],[106.13206,18.26638],[106.13258,18.26667],[106.13273,18.26725],[106.13349,18.26724],[106.13382,18.26761],[106.13476,18.2668],[106.1367,18.26688],[106.13877,18.26598],[106.14109,18.26594],[106.14553,18.26753],[106.14665,18.26691],[106.14802,18.26713],[106.14899,18.26666],[106.15118,18.26675],[106.15168,18.26739],[106.15138,18.26812],[106.15229,18.2682]]],[[[106.1454,18.26776],[106.14533,18.26816],[106.14563,18.26839],[106.1454,18.26776]]]]}},
{"type":"Feature","id":"18748","properties":{"Ward_Code":"18748","Ward_Code_Num":18748,"Ward":"Cẩm Lạc","Ward_Alt":"Cẩm Lạc","Ward_Upper":"CẨM LẠC","Ward_Full":"Xã Cẩm Lạc","Ward_Full_Alt":"Xã Cẩm Lạc","Ward_Full_Upper_Alt":"XÃ CẨM LẠC","Ward_Type":"Xã","Province_Code":"42","Province":"Hà Tĩnh","Province_Upper_Alt":"HÀ TĨNH"},"geometry":{"type":"MultiPolygon","coordinates":[[[[106.13756,18.18281],[106.13688,18.17412],[106.14054,18.16473],[106.13944,18.16004],[106.14025,18.15823],[106.14038,18.156],[106.14113,18.15351],[106.14279,18.15002],[106.14319,18.14832],[106.14287,18.14728],[106.14164,18.14624],[106.13535,18.1326],[106.13522,18.13089],[106.13382,18.1297],[106.13339,18.12813],[106.13359,18.12702],[106.13303,18.12326],[106.13344,18.12197],[106.13071,18.11868],[106.12524,18.11725],[106.12387,18.1181],[106.12345,18.11929],[106.12226,18.11988],[106.11986,18.11907],[106.11615,18.11893],[106.11452,18.11788],[106.11386,18.11936],[106.11264,18.12046],[106.11216,18.12203],[106.11006,18.12313],[106.10946,18.1242],[106.10904,18.124389999999998],[106.10706,18.12321],[106.10583,18.12],[106.10277,18.11855],[106.10048,18.11877],[106.09823,18.11677],[106.09574,18.11886],[106.09257,18.12025],[106.09159,18.12039],[106.0896,18.12179],[106.08425,18.12041],[106.08242,18.11789],[106.08278,18.11661],[106.08202,18.11586],[106.08193,18.11395],[106.07975,18.11014],[106.07404,18.10504],[106.07209,18.09859],[106.06607,18.09994],[106.06322,18.09955],[106.05478,18.09028],[106.05416,18.09126],[106.05234,18.09015],[106.05144,18.09014],[106.05104,18.09096],[106.04966,18.09149],[106.04919,18.09216],[106.04659,18.09258],[106.04452,18.09129],[106.04331,18.09092],[106.04249,18.09187],[106.04121,18.09446],[106.04162,18.09861],[106.04124,18.10478],[106.03806,18.10707],[106.03787,18.11338],[106.03716,18.1141],[106.03677,18.116],[106.03744,18.11683],[106.0372,18.11754],[106.03815,18.11881],[106.03775,18.11988],[106.0362,18.12107],[106.03656,18.1219],[106.03722,18.12215],[106.03785,18.12294],[106.0386,18.1228],[106.03979,18.12328],[106.0404,18.12385],[106.04048,18.12467],[106.04198,18.12566],[106.04262,18.12646],[106.04096,18.12977],[106.03875,18.13168],[106.03805,18.13126],[106.03758,18.13147],[106.03717,18.13217],[106.03728,18.13277],[106.03913,18.13382],[106.04141,18.13591],[106.04605,18.13838],[106.04696,18.14005],[106.0467,18.14144],[106.04634,18.14155],[106.04545,18.1409],[106.041,18.1474],[106.04154,18.14971],[106.0429,18.15079],[106.0426,18.15251],[106.04333,18.15516],[106.04183,18.15686],[106.04205,18.15784],[106.04186,18.15838],[106.0415,18.15869],[106.0408,18.15842],[106.03942,18.16035],[106.03957,18.16136],[106.03826,18.16226],[106.03795,18.16294],[106.03873,18.16467],[106.03974,18.16468],[106.04035,18.16504],[106.04019,18.1671],[106.04046,18.17037],[106.04229,18.17215],[106.04308,18.17435],[106.04045,18.17837],[106.04009,18.17943],[106.04003,18.18363],[106.04054,18.18451],[106.04394,18.18578],[106.04488,18.18699],[106.04782,18.20079],[106.05135,18.208],[106.05214,18.21437],[106.05965,18.22924],[106.06784,18.22662],[106.06786,18.22488],[106.06875,18.22421],[106.07059,18.2238],[106.07476,18.22386],[106.0744,18.22481],[106.07465,18.2254],[106.07693,18.22575],[106.07879,18.22458],[106.07986,18.22276],[106.08337,18.22241],[106.08439,18.22191],[106.08388,18.2207],[106.08424,18.21708],[106.08163,18.21684],[106.08155,18.21535],[106.08211,18.21456],[106.08096,18.21358],[106.08109,18.21255],[106.08252,18.20925],[106.08378,18.20966],[106.08515,18.20909],[106.08788,18.20996],[106.08866,18.20973],[106.08893,18.21025],[106.08992,18.21079],[106.0912,18.21061],[106.09273,18.21114],[106.09314,18.21169],[106.09576,18.21237],[106.09638,18.21185],[106.09779,18.21197],[106.0987,18.21132],[106.09898,18.21022],[106.09949,18.21086],[106.1004,18.211],[106.10113,18.21185],[106.10175,18.21126],[106.1026,18.21122],[106.10322,18.21025],[106.10457,18.20992],[106.10557,18.21007],[106.10699,18.20917],[106.10844,18.20953],[106.1093,18.20887],[106.1105,18.20851],[106.1117,18.2088],[106.11277,18.20865],[106.11315,18.20911],[106.11367,18.20872],[106.11424,18.20917],[106.11644,18.20936],[106.11762,18.21004],[106.12,18.20837],[106.12684,18.20514],[106.12757,18.20488],[106.12763,18.20545],[106.1313,18.19655],[106.13334,18.19464],[106.13533,18.19352],[106.13558,18.19254],[106.13456,18.19149],[106.13711,18.19021],[106.138,18.19018],[106.13756,18.18281]]]]}},
{"type":"Feature","id":"18754","properties":{"Ward_Code":"18754","Ward_Code_Num":18754,"Ward":"Sông Trí","Ward_Alt":"Sông Trí","Ward_Upper":"SÔNG TRÍ","Ward_Full":"Phường Sông Trí","Ward_Full_Alt":"Phường Sông Trí","Ward_Full_Upper_Alt":"PHƯỜNG SÔNG TRÍ","Ward_Type":"Phường","Province_Code":"42","Province":"Hà Tĩnh","Province_Upper_Alt":"HÀ TĨNH"},"geometry":{"type":"MultiPolygon","coordinates":[[[[106.34914,18.08297],[106.34993,18.08354],[106.35053,18.08645],[106.35182,18.08742],[106.35306,18.08909],[106.35579,18.09068],[106.36105,18.09227],[106.36431,18.09403],[106.36593,18.09364],[106.3671,18.09384],[106.3685,18.0953],[106.36916,18.09556],[106.37061,18.0956],[106.37537,18.08992],[106.37606,18.08986],[106.37459,18.08835],[106.37376,18.08686],[106.37077,18.08322],[106.36767999999999,18.0803],[106.36784,18.07986],[106.36646,18.07924],[106.36728,18.07486],[106.36474,18.07302],[106.36412,18.07207],[106.36431,18.07142],[106.36657,18.06884],[106.36684,18.06792],[106.36623,18.06644],[106.36358,18.06423],[106.36152,18.06135],[106.35675,18.04964],[106.35487,18.04333],[106.35623,18.04074],[106.35728,18.0401],[106.35646,18.03794],[106.35505,18.03654],[106.3557,18.03534],[106.35482,18.03413],[106.35514,18.03364],[106.35465,18.02783],[106.35406,18.0265],[106.35404,18.02438],[106.35335,18.02062],[106.35302,18.02055],[106.35309,18.0194],[106.3524,18.01775],[106.35092,18.0171],[106.35115,18.01554],[106.34997,18.01394],[106.3507,18.01294],[106.34993,18.0117],[106.34909,18.01119],[106.34878,18.00943],[106.34751,18.00637],[106.34429,18.00031],[106.34202,17.99393],[106.34179,17.99166],[106.34069,17.99178],[106.33981,17.99122],[106.33839,17.99134],[106.33788,17.99111],[106.33606,17.99156],[106.33326,17.99277],[106.32967,17.99499],[106.32671,17.99591],[106.32237,17.99823],[106.32025,17.99886],[106.31391,17.99793],[106.31152,17.997],[106.30986,17.99677],[106.30778,17.99696],[106.30331,17.99845],[106.30022,17.99832],[106.2953,17.99578],[106.29505,17.99703],[106.2952,17.99857],[106.29763,18.0066],[106.29931,18.01583],[106.29731,18.01693],[106.29689,18.01798],[106.29577,18.0178],[106.29551,18.0181],[106.29563,18.02266],[106.29643,18.02266],[106.29666,18.0231],[106.29544,18.02423],[106.29655,18.02695],[106.29485,18.02789],[106.29464,18.02858],[106.2942,18.02796],[106.2939,18.02801],[106.29402,18.02854],[106.29349,18.02945],[106.29306,18.02901],[106.2927,18.02926],[106.29249,18.03073],[106.29215,18.03112],[106.29227,18.03157],[106.29184,18.03234],[106.29129,18.03188],[106.29036,18.03206],[106.28982,18.03068],[106.28946,18.03114],[106.28896,18.03109],[106.2886,18.03061],[106.28816,18.03112],[106.28782,18.03081],[106.28742,18.03102],[106.28743,18.03198],[106.28794,18.03289],[106.28749,18.03426],[106.28779,18.03442],[106.28633,18.03794],[106.28624,18.03887],[106.28584,18.03943],[106.28534,18.03945],[106.2858,18.04074],[106.2857,18.04185],[106.28682,18.04391],[106.28715,18.04372],[106.28692,18.04639],[106.28722,18.04819],[106.28951,18.05072],[106.28934,18.05558],[106.28956,18.05675],[106.28781,18.05868],[106.29196,18.06207],[106.29205,18.06419],[106.29148,18.06545],[106.2914,18.06685],[106.28978,18.0692],[106.2897,18.07009],[106.29028,18.07088],[106.28946,18.0716],[106.28872,18.07159],[106.28743,18.0727],[106.2884,18.0733],[106.28759,18.07424],[106.28621,18.07315],[106.28563,18.07331],[106.28563,18.07416],[106.2825,18.07453],[106.2828,18.07566],[106.28436,18.07567],[106.28413,18.07857],[106.28597,18.07877],[106.28677,18.07928],[106.28708,18.07998],[106.28695,18.08058],[106.28594,18.08095],[106.28675,18.08185],[106.28642,18.08234],[106.28714,18.08268],[106.28551,18.08472],[106.28604,18.08761],[106.28748,18.08752],[106.28865,18.08861],[106.29129,18.09013],[106.2922,18.09205],[106.29318,18.09278],[106.2941,18.09337],[106.29578,18.0936],[106.29703,18.09425],[106.29764,18.09353],[106.29821,18.09386],[106.29922,18.09385],[106.3005,18.09246],[106.30095,18.09254],[106.30135,18.09197],[106.30173,18.09196],[106.30213,18.09018],[106.30152,18.08867],[106.30556,18.0862],[106.30785,18.08724],[106.31142,18.08758],[106.31206,18.08816],[106.31312,18.09029],[106.31546,18.09162],[106.31604,18.09096],[106.31629,18.08999],[106.31708,18.08932],[106.31716,18.0869],[106.31782,18.0856],[106.31997,18.08547],[106.32534,18.08371],[106.32643,18.08385],[106.32954,18.08591],[106.3307,18.08595],[106.3318,18.08553],[106.33774,18.08284],[106.33684,18.08189],[106.33669,18.08126],[106.33736,18.07836],[106.34092,18.08012],[106.34297,18.08046],[106.3449,18.08173],[106.34914,18.08297]]]]}},
{"type":"Feature","id":"18766","properties":{"Ward_Code":"18766","Ward_Code_Num":18766,"Ward":"Kỳ Xuân","Ward_Alt":"Kỳ Xuân","Ward_Upper":"KỲ XUÂN","Ward_Full":"Xã Kỳ Xuân","Ward_Full_Alt":"Xã Kỳ Xuân","Ward_Full_Upper_Alt":"XÃ KỲ XUÂN","Ward_Type":"Xã","Province_Code":"42","Province":"Hà Tĩnh","Province_Upper_Alt":"HÀ TĨNH"},"geometry":{"type":"MultiPolygon","coordinates":[[[[106.13756,18.18281],[106.138,18.19018],[106.13711,18.19021],[106.13456,18.19149],[106.13558,18.19254],[106.13529,18.19359],[106.13334,18.19464],[106.1313,18.19655],[106.12763,18.20545],[106.12757,18.20488],[106.12724,18.20558],[106.12578,18.20685],[106.12553,18.20935],[106.1258,18.20993],[106.12631,18.21012],[106.1265,18.211],[106.1278,18.21167],[106.12763,18.2145],[106.12889,18.21531],[106.12982,18.21645],[106.13305,18.218139999999998],[106.13123,18.21947],[106.13116,18.221],[106.12962,18.22214],[106.12929,18.22296],[106.12672,18.22421],[106.12597,18.22705],[106.12591,18.22915],[106.12632,18.22978],[106.12998,18.23273],[106.13165,18.23541],[106.13307,18.23644],[106.13837,18.23769],[106.14047,18.23909],[106.1409,18.24076],[106.14146,18.24163],[106.14453,18.24273],[106.14563,18.24359],[106.14641,18.24516],[106.14573,18.248],[106.14669,18.25461],[106.14839,18.25571],[106.15219,18.25742],[106.15169,18.25823],[106.15187,18.25961],[106.15156,18.26137],[106.15251,18.26806],[106.15344,18.26827],[106.15508,18.26736],[106.15552,18.26756],[106.15576,18.26814],[106.15619,18.26781],[106.1586,18.2681],[106.15928,18.26734],[106.15982,18.26722],[106.16075,18.26772],[106.16088,18.26702],[106.16183,18.2658],[106.16281,18.26519],[106.16421,18.26475],[106.16518,18.26482],[106.16624,18.26416],[106.16672,18.26456],[106.1672,18.26377],[106.16958,18.26228],[106.1707,18.26274],[106.17079,18.26217],[106.17117,18.26209],[106.17106,18.2618],[106.17244,18.26066],[106.1736,18.2608],[106.17499,18.26009],[106.17673,18.25788],[106.18039,18.25681],[106.18391,18.25406],[106.18597,18.25314],[106.18989,18.2488],[106.19283,18.24607],[106.19519,18.24413],[106.19649,18.24404],[106.19673,18.24367],[106.1981,18.24346],[106.19867,18.24265],[106.19988,18.24182],[106.20053,18.24055],[106.20199,18.23883],[106.20375,18.23757],[106.20459,18.23745],[106.20463,18.23694],[106.20534,18.23617],[106.20744,18.23522],[106.20762,18.23463],[106.20999,18.23329],[106.2105,18.23363],[106.21256,18.23391],[106.21306,18.2345],[106.21249,18.2348],[106.21285,18.23538],[106.21404,18.23426],[106.2143,18.23291],[106.21481,18.23209],[106.22186,18.22525],[106.22566,18.22373],[106.2265,18.22384],[106.22763,18.22292],[106.22875,18.2231],[106.22924,18.22266],[106.22814,18.22186],[106.22716,18.22218],[106.22615,18.22143],[106.22544,18.22145],[106.22453,18.21786],[106.22414,18.2176],[106.22125,18.21653],[106.21882,18.21719],[106.21728,18.216919999999998],[106.21537,18.2156],[106.21349,18.21497],[106.21199,18.21341],[106.20974,18.2126],[106.20822,18.21242],[106.20813,18.21202],[106.20849,18.21174],[106.20976,18.21155],[106.21006,18.21059],[106.20813,18.21013],[106.20846,18.20888],[106.20678,18.20787],[106.20317,18.20708],[106.20143,18.20819],[106.20104,18.20792],[106.2004,18.20827],[106.19838,18.20604],[106.19464,18.20867],[106.1891,18.2113],[106.18892,18.21183],[106.18794,18.21248],[106.18789,18.21293],[106.18907,18.21394],[106.1892,18.21442],[106.18822,18.21454],[106.18757,18.21505],[106.18802,18.21572],[106.18798,18.21642],[106.18746,18.21761],[106.18668,18.21803],[106.18636,18.21948],[106.1852,18.22016],[106.18402,18.2202],[106.18217,18.2192],[106.18189,18.2188],[106.18257,18.21854],[106.18214,18.21717],[106.18208,18.21443],[106.18163,18.21192],[106.18072,18.21019],[106.18117,18.20857],[106.18075,18.20784],[106.18194,18.20777],[106.18219,18.20688],[106.1826,18.20658],[106.18214,18.20617],[106.18226,18.20571],[106.18458,18.20523],[106.18524,18.20453],[106.18532,18.20374],[106.18487,18.20273],[106.1846,18.2027],[106.18437,18.20139],[106.18179,18.2012],[106.18095,18.20058],[106.18016,18.20157],[106.17942,18.20193],[106.17842,18.19989],[106.17871,18.1998],[106.17809,18.19887],[106.17764,18.19922],[106.17721,18.1986],[106.17797,18.19814],[106.17628,18.19658],[106.17778,18.19516],[106.17804,18.19361],[106.17836,18.19338],[106.17826,18.19196],[106.17919,18.19113],[106.17953,18.19032],[106.18051,18.18961],[106.17933,18.18872],[106.17933,18.18803],[106.17885,18.18785],[106.18015,18.18657],[106.1797,18.18585],[106.17898,18.18594],[106.17846,18.18486],[106.17803,18.18501],[106.17648,18.18456],[106.1765,18.18367],[106.17597,18.18287],[106.17552,18.18029],[106.17401,18.17933],[106.17281,18.17903],[106.17231,18.17849],[106.17341,18.17476],[106.17365,18.17167],[106.17432,18.16999],[106.17318,18.16584],[106.17316,18.16466],[106.17431,18.16182],[106.17635,18.15968],[106.17404,18.1594],[106.17186,18.15953],[106.16884,18.15867],[106.16712,18.15736],[106.16598,18.15765],[106.16534,18.15734],[106.16455,18.15593],[106.1634,18.15238],[106.16253,18.15174],[106.16136,18.14834],[106.1582,18.13282],[106.14486,18.13338],[106.13534,18.13251],[106.14164,18.14624],[106.14287,18.14728],[106.14323,18.14876],[106.14113,18.15351],[106.14038,18.156],[106.14025,18.15823],[106.13944,18.16004],[106.14054,18.16473],[106.13688,18.17412],[106.13756,18.18281]]],[[[106.15502,18.26874],[106.15468,18.26962],[106.15499,18.26952],[106.15502,18.26874]]],[[[106.16975,18.3085],[106.16919,18.30868],[106.16909,18.30933],[106.1699,18.30917],[106.17012,18.3087],[106.16975,18.3085]]],[[[106.16494,18.30906],[106.1643,18.30909],[106.16403,18.30988],[106.16406,18.31082],[106.16464,18.31159],[106.16589,18.30979],[106.16556,18.30922],[106.16494,18.30906]]]]}},
{"type":"Feature","id":"18775","properties":{"Ward_Code":"18775","Ward_Code_Num":18775,"Ward":"Kỳ Anh","Ward_Alt":"Kỳ Anh","Ward_Upper":"KỲ ANH","Ward_Full":"Xã Kỳ Anh","Ward_Full_Alt":"Xã Kỳ Anh","Ward_Full_Upper_Alt":"XÃ KỲ ANH","Ward_Type":"Xã","Province_Code":"42","Province":"Hà Tĩnh","Province_Upper_Alt":"HÀ TĨNH"},"geometry":{"type":"MultiPolygon","coordinates":[[[[106.22926,18.22264],[106.23118,18.21973],[106.23465,18.21678],[106.23572,18.21621],[106.23678,18.21622],[106.23791,18.21739],[106.24027,18.2174],[106.24124,18.21686],[106.24255,18.2176],[106.24306,18.21691],[106.24409,18.21771],[106.2443,18.21741],[106.24385,18.21679],[106.24412,18.21612],[106.24763,18.21584],[106.24894,18.21527],[106.24954,18.21583],[106.25239,18.21502],[106.25253,18.2134],[106.26951,18.19428],[106.27274,18.19019],[106.28027,18.18242],[106.27671,18.18034],[106.27083,18.17868],[106.27047,18.17917],[106.26932,18.17866],[106.2695,18.17812],[106.26783,18.1776],[106.26787,18.17612],[106.26293,18.17365],[106.26321,18.17248],[106.26054,18.17253],[106.26104,18.17054],[106.2594,18.16946],[106.26033,18.16662],[106.26241,18.16525],[106.2599,18.16129],[106.25798,18.16128],[106.24851,18.15695],[106.2478,18.15534],[106.24994,18.15398],[106.24951,18.15309],[106.2489,18.15265],[106.24801,18.15298],[106.24781,18.15249],[106.24674,18.15304],[106.2431,18.1512],[106.24104,18.15226],[106.23948,18.14758],[106.23668,18.14774],[106.236,18.14888],[106.23464,18.15018],[106.2319,18.15138],[106.22853,18.15141],[106.22745,18.15111],[106.22495,18.15213],[106.22342,18.1514],[106.22321,18.15056],[106.22201,18.14983],[106.22145,18.14862],[106.22028,18.14813],[106.21956,18.14735],[106.21913,18.14727],[106.21565,18.14891],[106.21253,18.1471],[106.21065,18.14801],[106.20742,18.14838],[106.20307,18.15173],[106.20235,18.15157],[106.19918,18.15237],[106.19605,18.15119],[106.19378,18.15249],[106.19258,18.1526],[106.19137,18.15345],[106.18904,18.15352],[106.18826,18.15389],[106.1869,18.15356],[106.18509,18.15464],[106.18339,18.15361],[106.18259,18.15389],[106.18132,18.155],[106.17993,18.15536],[106.17689,18.15852],[106.17611,18.16007],[106.17488,18.16101],[106.17316,18.16466],[106.17318,18.16584],[106.17432,18.16999],[106.17365,18.17167],[106.17341,18.17476],[106.17231,18.17849],[106.17281,18.17903],[106.17401,18.17933],[106.17552,18.18029],[106.17597,18.18287],[106.1765,18.18367],[106.17648,18.18456],[106.17803,18.18501],[106.17846,18.18486],[106.17898,18.18594],[106.1797,18.18585],[106.18015,18.18657],[106.17885,18.18785],[106.17933,18.18803],[106.17933,18.18872],[106.18051,18.18961],[106.17953,18.19032],[106.17919,18.19113],[106.17826,18.19196],[106.17836,18.19338],[106.17804,18.19361],[106.17778,18.19516],[106.17628,18.19658],[106.17797,18.19814],[106.17721,18.1986],[106.17764,18.19922],[106.17809,18.19887],[106.17871,18.1998],[106.17842,18.19989],[106.17942,18.20193],[106.18016,18.20157],[106.18095,18.20058],[106.18179,18.2012],[106.18437,18.20139],[106.1846,18.2027],[106.18487,18.20273],[106.18532,18.20374],[106.18524,18.20453],[106.18458,18.20523],[106.18226,18.20571],[106.18214,18.20617],[106.1826,18.20658],[106.18219,18.20688],[106.18194,18.20777],[106.18075,18.20784],[106.18117,18.20857],[106.18072,18.21019],[106.18163,18.21192],[106.18208,18.21443],[106.18214,18.21717],[106.18257,18.21854],[106.18189,18.2188],[106.18217,18.2192],[106.18402,18.2202],[106.1852,18.22016],[106.18636,18.21948],[106.18668,18.21803],[106.18746,18.21761],[106.18798,18.21642],[106.18802,18.21572],[106.18757,18.21505],[106.18822,18.21454],[106.1892,18.21442],[106.18907,18.21394],[106.18789,18.21293],[106.18794,18.21248],[106.18892,18.21183],[106.1891,18.2113],[106.19464,18.20867],[106.19838,18.20604],[106.2004,18.20827],[106.20104,18.20792],[106.20143,18.20819],[106.20317,18.20708],[106.20678,18.20787],[106.20846,18.20888],[106.20813,18.21013],[106.21006,18.21059],[106.20976,18.21155],[106.20849,18.21174],[106.20813,18.21202],[106.20822,18.21242],[106.20974,18.2126],[106.21199,18.21341],[106.21349,18.21497],[106.21537,18.2156],[106.21728,18.216919999999998],[106.21882,18.21719],[106.22125,18.21653],[106.22414,18.2176],[106.22453,18.21786],[106.22544,18.22145],[106.22615,18.22143],[106.22716,18.22218],[106.22814,18.22186],[106.22926,18.22264]]]]}},
{"type":"Feature","id":"18781","properties":{"Ward_Code":"18781","Ward_Code_Num":18781,"Ward":"Hải Ninh","Ward_Alt":"Hải Ninh","Ward_Upper":"HẢI NINH","Ward_Full":"Phường Hải Ninh","Ward_Full_Alt":"Phường Hải Ninh","Ward_Full_Upper_Alt":"PHƯỜNG HẢI NINH","Ward_Type":"Phường","Province_Code":"42","Province":"Hà Tĩnh","Province_Upper_Alt":"HÀ TĨNH"},"geometry":{"type":"MultiPolygon","coordinates":[[[[106.3117,18.15108],[106.32517,18.13899],[106.35216,18.11664],[106.35602,18.11307],[106.3569,18.1109],[106.35613,18.1085],[106.36087,18.10529],[106.36142,18.10637],[106.36318,18.10823],[106.36402,18.1085],[106.36571,18.10812],[106.36936,18.10798],[106.37057,18.10747],[106.37294,18.10574],[106.36939,18.10397],[106.36978,18.10058],[106.3719,18.09785],[106.37112,18.096],[106.37061,18.0956],[106.36984,18.09573],[106.3685,18.0953],[106.3671,18.09384],[106.36593,18.09364],[106.36431,18.09403],[106.36105,18.09227],[106.35579,18.09068],[106.35306,18.08909],[106.35182,18.08742],[106.35053,18.08645],[106.34973,18.08328],[106.3449,18.08173],[106.34297,18.08046],[106.34092,18.08012],[106.33736,18.07836],[106.33669,18.08126],[106.33684,18.08189],[106.33774,18.08284],[106.33741,18.08313],[106.3307,18.08595],[106.32954,18.08591],[106.32643,18.08385],[106.32534,18.08371],[106.31997,18.08547],[106.31782,18.0856],[106.31716,18.0869],[106.31708,18.08932],[106.31629,18.08999],[106.31604,18.09096],[106.31546,18.09162],[106.31312,18.09029],[106.31206,18.08816],[106.31142,18.08758],[106.30785,18.08724],[106.30556,18.0862],[106.30152,18.08867],[106.3021,18.08973],[106.30186,18.09172],[106.30095,18.09254],[106.3005,18.09246],[106.29956,18.09367],[106.29821,18.09386],[106.29764,18.09353],[106.29703,18.09425],[106.29578,18.0936],[106.29637,18.09755],[106.29117,18.10545],[106.29303,18.10598],[106.29432,18.1068],[106.29581,18.10865],[106.29617,18.10999],[106.29967,18.10977],[106.30106,18.11025],[106.3019,18.11211],[106.30449,18.11441],[106.30594,18.1146],[106.30755,18.11379],[106.30672,18.11668],[106.30713,18.11874],[106.30925,18.12132],[106.31151,18.1227],[106.31206,18.12371],[106.31209,18.12467],[106.31068,18.13115],[106.3086,18.1317],[106.30569,18.13446],[106.30137,18.13594],[106.30076,18.13574],[106.29985,18.1344],[106.29674,18.132],[106.29275,18.13167],[106.28919,18.13281],[106.2876,18.13273],[106.28633,18.13142],[106.28654,18.12937],[106.28593,18.12891],[106.28291,18.13063],[106.28384,18.13402],[106.28172,18.13447],[106.28253,18.13776],[106.28282,18.13875],[106.28567,18.13876],[106.28799,18.14084],[106.28915,18.14262],[106.29336,18.15204],[106.29634,18.15203],[106.29855,18.15153],[106.30004,18.15073],[106.30179,18.15185],[106.30315,18.15338],[106.30621,18.15584],[106.30718,18.15497],[106.31026,18.15348],[106.3117,18.15108]]]]}},
{"type":"Feature","id":"18787","properties":{"Ward_Code":"18787","Ward_Code_Num":18787,"Ward":"Kỳ Văn","Ward_Alt":"Kỳ Văn","Ward_Upper":"KỲ VĂN","Ward_Full":"Xã Kỳ Văn","Ward_Full_Alt":"Xã Kỳ Văn","Ward_Full_Upper_Alt":"XÃ KỲ VĂN","Ward_Type":"Xã","Province_Code":"42","Province":"Hà Tĩnh","Province_Upper_Alt":"HÀ TĨNH"},"geometry":{"type":"MultiPolygon","coordinates":[[[[106.17645,18.15941],[106.17719,18.15816],[106.17993,18.15536],[106.18132,18.155],[106.18297,18.15372],[106.18389,18.15368],[106.18509,18.15464],[106.1869,18.15356],[106.18826,18.15389],[106.18904,18.15352],[106.19137,18.15345],[106.19258,18.1526],[106.19378,18.15249],[106.19605,18.15119],[106.19918,18.15237],[106.20235,18.15157],[106.20307,18.15173],[106.20742,18.14838],[106.21065,18.14801],[106.21253,18.1471],[106.21539,18.14887],[106.21738,18.14827],[106.21913,18.14727],[106.21956,18.14735],[106.21999,18.14661],[106.21953,18.14109],[106.22358,18.13729],[106.22464,18.13706],[106.22569,18.13734],[106.22857,18.13634],[106.23048,18.13707],[106.23255,18.13592],[106.23516,18.13542],[106.23652,18.13424],[106.24013,18.13512],[106.2397,18.13363],[106.23868,18.13232],[106.23933,18.13021],[106.2389,18.12934],[106.23908,18.12794],[106.23879,18.12713],[106.23809,18.1273],[106.23685,18.12617],[106.23568,18.12538],[106.23497,18.12526],[106.23225,18.12322],[106.23366,18.12131],[106.23567,18.11962],[106.24,18.11941],[106.24201,18.11725],[106.24464,18.1163],[106.24757,18.11648],[106.25129,18.11611],[106.25269,18.11514],[106.25382,18.11486],[106.25466,18.11259],[106.25753,18.1125],[106.25761,18.11307],[106.25991,18.1148],[106.25969,18.11564],[106.26393,18.11686],[106.26652,18.11116],[106.27182,18.11278],[106.27213,18.11154],[106.27489,18.11244],[106.27549,18.1103],[106.27248,18.10977],[106.27335,18.10631],[106.27316,18.10567],[106.27079,18.10448],[106.27082,18.10385],[106.26948,18.10159],[106.26892,18.10119],[106.26882,18.10014],[106.26926,18.09787],[106.27354,18.09717],[106.27857,18.09057],[106.27907,18.08958],[106.27862,18.08621],[106.27884,18.08538],[106.27503,18.08412],[106.27376,18.08422],[106.27304,18.08383],[106.27261,18.083],[106.27283,18.07966],[106.27106,18.07969],[106.27095,18.07938],[106.27042,18.07931],[106.2701,18.07977],[106.2697,18.07945],[106.26857,18.0805],[106.26779,18.07971],[106.26637,18.07988],[106.26591,18.08056],[106.26517,18.08053],[106.26377,18.07968],[106.26365,18.08056],[106.26079,18.08104],[106.25555,18.08073],[106.2549,18.08037],[106.25448,18.07959],[106.2471,18.07622],[106.24029,18.07388],[106.2398,18.07441],[106.236,18.07608],[106.23462,18.07727],[106.23197,18.07785],[106.22947,18.07909],[106.22312,18.07886],[106.22179,18.07798],[106.22099,18.07784],[106.21866,18.07822],[106.21091,18.07834],[106.20803,18.08025],[106.20428,18.08154],[106.20197,18.0812],[106.20042,18.07939],[106.1949,18.07682],[106.19281,18.07528],[106.1871,18.07546],[106.18364,18.07659],[106.18256,18.07601],[106.17972,18.07622],[106.17937,18.07604],[106.1804,18.0729],[106.1803,18.07216],[106.18054,18.07201],[106.18044,18.07123],[106.18147,18.06662],[106.18207,18.0615],[106.17992,18.05892],[106.17925,18.0467],[106.17849,18.04568],[106.17604,18.04507],[106.17369,18.04715],[106.17079,18.04851],[106.15444,18.03653],[106.1531,18.03523],[106.15072,18.03716],[106.14816,18.0399],[106.14507,18.04071],[106.14388,18.04153],[106.1412,18.04178],[106.13858,18.04343],[106.13674,18.04526],[106.13318,18.04686],[106.12989,18.04907],[106.12772,18.0493],[106.12554,18.05052],[106.12466,18.05148],[106.12186,18.05306],[106.11736,18.05674],[106.11548,18.05764],[106.11488,18.05825],[106.11481,18.05884],[106.11164,18.06018],[106.10907,18.0634],[106.10818,18.06375],[106.10621,18.06959],[106.10691,18.07019],[106.10709,18.07498],[106.10737,18.07532],[106.10675,18.07582],[106.10852,18.07631],[106.10825,18.0773],[106.10722,18.0788],[106.10799,18.07885],[106.10862,18.07955],[106.10889,18.08057],[106.10922,18.09213],[106.10864,18.0919],[106.10834,18.09231],[106.1085,18.09258],[106.10898,18.09252],[106.10932,18.09449],[106.10982,18.09489],[106.10903,18.09505],[106.10897,18.09607],[106.1099,18.09754],[106.10942,18.09801],[106.10996,18.09907],[106.10982,18.10323],[106.10868,18.10534],[106.10904,18.1062],[106.10894,18.107],[106.10766,18.10907],[106.10778,18.10984],[106.10975,18.1123],[106.10967,18.11388],[106.10882,18.1148],[106.10965,18.11536],[106.11035,18.11528],[106.11019,18.11919],[106.111,18.11981],[106.1093,18.12165],[106.10925,18.12433],[106.11006,18.12313],[106.11216,18.12203],[106.11264,18.12046],[106.11386,18.11936],[106.11432,18.11794],[106.11474,18.11792],[106.11615,18.11893],[106.11986,18.11907],[106.12226,18.11988],[106.12345,18.11929],[106.12405,18.11792],[106.12556,18.11721],[106.13061,18.1186],[106.13149,18.11983],[106.13303,18.12117],[106.13345,18.12209],[106.13303,18.12326],[106.13359,18.12702],[106.13339,18.12813],[106.13382,18.1297],[106.13522,18.13089],[106.13534,18.13251],[106.14486,18.13338],[106.1582,18.13282],[106.16136,18.14834],[106.16253,18.15174],[106.1634,18.15238],[106.16455,18.15593],[106.16534,18.15734],[106.16598,18.15765],[106.16712,18.15736],[106.16884,18.15867],[106.17186,18.15953],[106.17404,18.1594],[106.17635,18.15968],[106.17645,18.15941]]]]}},
{"type":"Feature","id":"18790","properties":{"Ward_Code":"18790","Ward_Code_Num":18790,"Ward":"Kỳ Khang","Ward_Alt":"Kỳ Khang","Ward_Upper":"KỲ KHANG","Ward_Full":"Xã Kỳ Khang","Ward_Full_Alt":"Xã Kỳ Khang","Ward_Full_Upper_Alt":"XÃ KỲ KHANG","Ward_Type":"Xã","Province_Code":"42","Province":"Hà Tĩnh","Province_Upper_Alt":"HÀ TĨNH"},"geometry":{"type":"MultiPolygon","coordinates":[[[[106.28031,18.18238],[106.29958,18.16226],[106.3027,18.15955],[106.30435,18.15706],[106.30621,18.15584],[106.30315,18.15338],[106.30179,18.15185],[106.30004,18.15073],[106.29855,18.15153],[106.29634,18.15203],[106.29336,18.15204],[106.28915,18.14262],[106.28799,18.14084],[106.28567,18.13876],[106.28282,18.13875],[106.28172,18.13447],[106.28384,18.13402],[106.28291,18.13063],[106.28556,18.12905],[106.2862,18.12895],[106.28655,18.12946],[106.28628,18.13129],[106.2876,18.13273],[106.28919,18.13281],[106.29275,18.13167],[106.29674,18.132],[106.29985,18.1344],[106.30076,18.13574],[106.30166,18.13589],[106.30569,18.13446],[106.3086,18.1317],[106.31068,18.13115],[106.31213,18.124389999999998],[106.31162,18.12282],[106.30925,18.12132],[106.30713,18.11874],[106.30672,18.11668],[106.30755,18.11379],[106.30594,18.1146],[106.30449,18.11441],[106.3019,18.11211],[106.30106,18.11025],[106.29967,18.10977],[106.29617,18.10999],[106.29581,18.10865],[106.29432,18.1068],[106.29303,18.10598],[106.29117,18.10545],[106.29637,18.09755],[106.29578,18.0936],[106.2941,18.09337],[106.29318,18.09278],[106.2922,18.09205],[106.29129,18.09013],[106.28865,18.08861],[106.28748,18.08752],[106.28484,18.08759],[106.28461,18.08625],[106.28387,18.08591],[106.28242,18.08774],[106.2817,18.08711],[106.28106,18.08761],[106.27888,18.08798],[106.27891,18.09002],[106.27354,18.09717],[106.26926,18.09787],[106.26882,18.10014],[106.26892,18.10119],[106.26952,18.10165],[106.27082,18.10385],[106.27072,18.10434],[106.27103,18.10475],[106.27309,18.10551],[106.27335,18.10631],[106.27248,18.10977],[106.27549,18.1103],[106.27489,18.11244],[106.27213,18.11154],[106.27182,18.11278],[106.26652,18.11116],[106.26393,18.11686],[106.25969,18.11564],[106.25991,18.1148],[106.25761,18.11307],[106.25753,18.1125],[106.25466,18.11259],[106.25382,18.11486],[106.25269,18.11514],[106.25129,18.11611],[106.24757,18.11648],[106.24464,18.1163],[106.24201,18.11725],[106.24,18.11941],[106.23567,18.11962],[106.23366,18.12131],[106.23225,18.12322],[106.23497,18.12526],[106.23568,18.12538],[106.23685,18.12617],[106.23809,18.1273],[106.23879,18.12713],[106.23908,18.12794],[106.2389,18.12934],[106.23933,18.13021],[106.23868,18.13232],[106.2397,18.13363],[106.24013,18.13512],[106.23652,18.13424],[106.23516,18.13542],[106.23255,18.13592],[106.23048,18.13707],[106.22857,18.13634],[106.22569,18.13734],[106.22464,18.13706],[106.22358,18.13729],[106.22079,18.13971],[106.2195,18.14131],[106.22,18.14651],[106.21963,18.14757],[106.22145,18.14862],[106.22201,18.14983],[106.22321,18.15056],[106.22342,18.1514],[106.22461,18.152],[106.22495,18.15213],[106.22745,18.15111],[106.22853,18.15141],[106.2319,18.15138],[106.23464,18.15018],[106.236,18.14888],[106.23668,18.14774],[106.23822,18.14749],[106.23965,18.14768],[106.23986,18.14931],[106.24104,18.15226],[106.2431,18.1512],[106.2467,18.15303],[106.24781,18.15249],[106.24801,18.15298],[106.24879,18.15262],[106.24943,18.153],[106.24994,18.15398],[106.2478,18.15534],[106.24851,18.15695],[106.25798,18.16128],[106.2599,18.16129],[106.26241,18.16525],[106.26033,18.16662],[106.2594,18.16946],[106.26104,18.17054],[106.26054,18.17253],[106.26321,18.17248],[106.26293,18.17365],[106.26787,18.17612],[106.26783,18.1776],[106.2695,18.17812],[106.26932,18.17866],[106.27047,18.17917],[106.27083,18.17868],[106.27671,18.18034],[106.28031,18.18238]]]]}},
{"type":"Feature","id":"18814","properties":{"Ward_Code":"18814","Ward_Code_Num":18814,"Ward":"Kỳ Hoa","Ward_Alt":"Kỳ Hoa","Ward_Upper":"KỲ HOA","Ward_Full":"Xã Kỳ Hoa","Ward_Full_Alt":"Xã Kỳ Hoa","Ward_Full_Upper_Alt":"XÃ KỲ HOA","Ward_Type":"Xã","Province_Code":"42","Province":"Hà Tĩnh","Province_Upper_Alt":"HÀ TĨNH"},"geometry":{"type":"MultiPolygon","coordinates":[[[[106.28145,18.08732],[106.2817,18.08711],[106.28242,18.08774],[106.28387,18.08591],[106.28461,18.08625],[106.28484,18.08759],[106.28604,18.08761],[106.28551,18.08472],[106.28714,18.08268],[106.28642,18.08234],[106.28675,18.08185],[106.28594,18.08095],[106.28695,18.08058],[106.2869,18.07946],[106.28597,18.07877],[106.28413,18.07857],[106.28436,18.07567],[106.2828,18.07566],[106.2825,18.07453],[106.28563,18.07416],[106.28563,18.07331],[106.28621,18.07315],[106.28759,18.07424],[106.2884,18.0733],[106.28743,18.0727],[106.28872,18.07159],[106.28946,18.0716],[106.29028,18.07088],[106.2897,18.07009],[106.28978,18.0692],[106.2914,18.06685],[106.29148,18.06545],[106.29205,18.0643],[106.29196,18.06207],[106.28781,18.05868],[106.28956,18.05675],[106.28934,18.05558],[106.28951,18.05072],[106.28722,18.04819],[106.28692,18.04639],[106.28715,18.04372],[106.28682,18.04391],[106.2857,18.04185],[106.2858,18.04074],[106.28532,18.03965],[106.28624,18.03887],[106.28633,18.03794],[106.28779,18.03442],[106.28749,18.03426],[106.28794,18.03289],[106.28743,18.03198],[106.28742,18.03102],[106.28782,18.03081],[106.28816,18.03112],[106.2886,18.03061],[106.28896,18.03109],[106.28946,18.03114],[106.28982,18.03068],[106.29036,18.03206],[106.29129,18.03188],[106.29184,18.03234],[106.29227,18.03157],[106.29215,18.03112],[106.29249,18.03073],[106.2927,18.02926],[106.29306,18.02901],[106.29349,18.02945],[106.29402,18.02854],[106.2939,18.02801],[106.2942,18.02796],[106.29464,18.02858],[106.29485,18.02789],[106.29655,18.02695],[106.29544,18.02423],[106.29666,18.0231],[106.29643,18.02266],[106.29563,18.02266],[106.29551,18.0181],[106.29577,18.0178],[106.29689,18.01798],[106.29731,18.01693],[106.29931,18.01583],[106.29763,18.0066],[106.2952,17.99857],[106.29505,17.99703],[106.2953,17.99578],[106.2925,17.99437],[106.2911,17.9925],[106.29072,17.99148],[106.291,17.98755],[106.28878,17.98519],[106.28801,17.98389],[106.28725,17.98337],[106.28723,17.9815],[106.28671,17.98071],[106.28666,17.9795],[106.28584,17.97767],[106.28396,17.9758],[106.28344,17.9746],[106.28305,17.9719],[106.28233,17.97075],[106.28167,17.9704],[106.27658,17.97069],[106.27597,17.97188],[106.27822,17.97251],[106.27819,17.97299],[106.27659,17.97409],[106.2758,17.97319],[106.27459,17.97348],[106.27331,17.97511],[106.272,17.97564],[106.27276,17.97694],[106.27481,17.97713],[106.27524,17.97755],[106.2742,17.97822],[106.27346,17.97943],[106.2729,17.97975],[106.27132,17.97888],[106.27074,17.97893],[106.27091,17.9812],[106.2715,17.98299],[106.26612,17.98235],[106.26461,17.98256],[106.26254,17.98393],[106.25939,17.98458],[106.2566,17.98622],[106.2556,17.98639],[106.25577,17.98744],[106.25523,17.99033],[106.255,17.99558],[106.25562,17.999],[106.25569,18.00551],[106.25209,18.00509],[106.2455,18.00812],[106.2405,18.01008],[106.23904,18.01027],[106.23725,18.00977],[106.23624,18.00613],[106.23345,18.0056],[106.23279,18.00582],[106.23211,18.00666],[106.23078,18.00654],[106.22881,18.0075],[106.22745,18.01001],[106.22642,18.01116],[106.22322,18.01198],[106.22068,18.01149],[106.21963,18.01182],[106.21838,18.01177],[106.21697,18.01312],[106.21471,18.01345],[106.21365,18.01599],[106.21231,18.01733],[106.21159,18.01738],[106.21014,18.01665],[106.20904,18.01652],[106.21114,18.02011],[106.21428,18.0228],[106.2155,18.02452],[106.2158,18.02573],[106.21578,18.03008],[106.21639,18.03191],[106.21566,18.03288],[106.21658,18.03486],[106.21657,18.03573],[106.2171,18.03628],[106.21918,18.03531],[106.21958,18.03658],[106.21814,18.0378],[106.21736,18.03784],[106.21712,18.0385],[106.21814,18.03876],[106.21814,18.03924],[106.2191,18.03971],[106.21978,18.04077],[106.22068,18.04059],[106.2214,18.04093],[106.21989,18.04247],[106.22071,18.04325],[106.22053,18.04417],[106.22155,18.0443],[106.22175,18.04464],[106.22145,18.04527],[106.22176,18.04633],[106.22062,18.04645],[106.2201,18.047],[106.22038,18.04867],[106.2211,18.04957],[106.21995,18.04958],[106.21928,18.05051],[106.22053,18.05201],[106.22112,18.05379],[106.22238,18.05568],[106.22483,18.05703],[106.2239,18.05794],[106.22436,18.05875],[106.22389,18.05913],[106.22396,18.0598],[106.2233,18.06064],[106.22355,18.0617],[106.22303,18.06485],[106.22382,18.06811],[106.2246,18.0694],[106.22462,18.07044],[106.22368,18.07135],[106.22478,18.07881],[106.22681,18.07909],[106.23029,18.07887],[106.23197,18.07785],[106.23462,18.07727],[106.236,18.07608],[106.2398,18.07441],[106.24029,18.07388],[106.2471,18.07622],[106.25448,18.07959],[106.2549,18.08037],[106.25555,18.08073],[106.26079,18.08104],[106.26365,18.08056],[106.26377,18.07968],[106.26517,18.08053],[106.26591,18.08056],[106.26637,18.07988],[106.26779,18.07971],[106.26857,18.0805],[106.2697,18.07945],[106.2701,18.07977],[106.27042,18.07931],[106.27095,18.07938],[106.27106,18.07969],[106.27283,18.07966],[106.27261,18.083],[106.27304,18.08383],[106.27376,18.08422],[106.27503,18.08412],[106.27879,18.0853],[106.27862,18.08621],[106.27888,18.08798],[106.28145,18.08732]]]]}},
{"type":"Feature","id":"18823","properties":{"Ward_Code":"18823","Ward_Code_Num":18823,"Ward":"Vũng Áng","Ward_Alt":"Vũng Áng","Ward_Upper":"VŨNG ÁNG","Ward_Full":"Phường Vũng Áng","Ward_Full_Alt":"Phường Vũng Áng","Ward_Full_Upper_Alt":"PHƯỜNG VŨNG ÁNG","Ward_Type":"Phường","Province_Code":"42","Province":"Hà Tĩnh","Province_Upper_Alt":"HÀ TĨNH"},"geometry":{"type":"MultiPolygon","coordinates":[[[[106.45833,18.10044],[106.45615,18.10041],[106.45253,18.09964],[106.45192,18.1001],[106.45234,18.10107],[106.4546,18.10319],[106.46024,18.10529],[106.46061,18.10611],[106.46116,18.10645],[106.46328,18.10666],[106.46378,18.10558],[106.46362,18.10386],[106.46426,18.10193],[106.46232,18.10113],[106.45833,18.10044]]],[[[106.48867,18.11705],[106.48852,18.1164],[106.48764,18.11681],[106.4878,18.1171],[106.48867,18.11705]]],[[[106.48935,18.11763],[106.49008,18.1172],[106.48945,18.11661],[106.48887,18.11657],[106.48884,18.11737],[106.48935,18.11763]]],[[[106.37061,18.0956],[106.37126,18.09619],[106.3719,18.09785],[106.36978,18.10058],[106.36939,18.10397],[106.37294,18.10574],[106.37458,18.105],[106.37506,18.10592],[106.37609,18.10615],[106.37618,18.10573],[106.37527,18.10566],[106.3752,18.10455],[106.37545,18.10429],[106.37575,18.10516],[106.3766,18.10493],[106.37891,18.10629],[106.37953,18.10709],[106.37993,18.10706],[106.38006,18.10662],[106.37940999999999,18.10431],[106.37989,18.1036],[106.38377,18.10187],[106.3842,18.10116],[106.38443,18.10138],[106.38927,18.09972],[106.39463,18.09876],[106.39968,18.09872],[106.40454,18.09984],[106.40719,18.10104],[106.40764,18.10047],[106.40679,18.0997],[106.40702,18.09959],[106.40806,18.10058],[106.40727,18.10241],[106.40748,18.10379],[106.40821,18.10485],[106.40871,18.10722],[106.40696,18.10809],[106.40806,18.11083],[106.4058,18.11123],[106.4055,18.11158],[106.40643,18.11302],[106.40731,18.11279],[106.40834,18.11332],[106.40896,18.11405],[106.4093,18.114],[106.40903,18.1142],[106.40941,18.11431],[106.40911,18.11489],[106.40906,18.11665],[106.4095,18.11802],[106.41081,18.12041],[106.4129,18.12243],[106.41738,18.12543],[106.42012,18.12574],[106.42151,18.12544],[106.42185,18.12445],[106.42139,18.12357],[106.42136,18.12217],[106.42253,18.12104],[106.42557,18.12118],[106.42692,18.12175],[106.42999,18.12186],[106.43066,18.12148],[106.43155,18.12153],[106.43447,18.12242],[106.43518,18.12218],[106.43407,18.12021],[106.43427,18.1199],[106.43402,18.11937],[106.4344,18.11928],[106.4344,18.11893],[106.43354,18.11772],[106.43334,18.1169],[106.4308,18.11539],[106.43002,18.11304],[106.4283,18.11156],[106.42782,18.11038],[106.42675,18.10916],[106.42317,18.10651],[106.42243,18.10556],[106.42215,18.10392],[106.42071,18.10262],[106.42147,18.1013],[106.42239,18.10048],[106.42256,18.0977],[106.42319,18.0975],[106.42305,18.09652],[106.42352,18.09622],[106.42335,18.09534],[106.4207,18.09204],[106.42112,18.09039],[106.42695,18.08151],[106.43451,18.06738],[106.43278,18.06645],[106.43322,18.06567],[106.41386,18.05606],[106.41424,18.055],[106.41536,18.05423],[106.41517,18.05345],[106.41606,18.05321],[106.41582,18.05212],[106.41648,18.0516],[106.41664,18.05063],[106.41763,18.05041],[106.41796,18.04907],[106.42103,18.05015],[106.4238,18.04888],[106.42361,18.04715],[106.4261,18.0401],[106.41983,18.03723],[106.41225,18.03293],[106.41003,18.03273],[106.40982,18.03209],[106.40922,18.03185],[106.40811,18.03222],[106.40784,18.03196],[106.40793,18.03097],[106.40685,18.03132],[106.40694,18.02995],[106.40776,18.02974],[106.40748,18.02871],[106.40689,18.02831],[106.40509,18.02865],[106.40408,18.02825],[106.40171,18.02535],[106.40193,18.02516],[106.39692,18.01929],[106.39613,18.01787],[106.39459,18.01696],[106.39414,18.0157],[106.39479,18.01256],[106.39477,18.01122],[106.39538,18.01129],[106.39529,18.00894],[106.39631,18.00661],[106.39647,18.00081],[106.39824,17.99668],[106.39924,17.98478],[106.40039,17.9817],[106.39616,17.98124],[106.39406,17.98189],[106.39216,17.98183],[106.38703,17.98244],[106.38402,17.98393],[106.38116,17.98604],[106.37974,17.98625],[106.37891,17.98576],[106.37535,17.98533],[106.3732,17.98652],[106.36858,17.98823],[106.36553,17.98834],[106.36417,17.98876],[106.36315,17.99012],[106.36096,17.99093],[106.35671,17.99068],[106.35293,17.98933],[106.34931,17.98889],[106.34555,17.99001],[106.34178,17.99165],[106.34202,17.99393],[106.34429,18.00031],[106.34751,18.00637],[106.34878,18.00943],[106.34909,18.01119],[106.34993,18.0117],[106.3507,18.01294],[106.34997,18.01394],[106.35115,18.01554],[106.35092,18.0171],[106.3524,18.01775],[106.35309,18.0194],[106.35302,18.02055],[106.35335,18.02062],[106.35404,18.02438],[106.35406,18.0265],[106.35465,18.02783],[106.35514,18.03364],[106.35482,18.03413],[106.3557,18.03534],[106.35505,18.03654],[106.35646,18.03794],[106.35728,18.0401],[106.35623,18.04074],[106.35487,18.04333],[106.35675,18.04964],[106.36152,18.06135],[106.36358,18.06423],[106.36623,18.06644],[106.36684,18.06792],[106.36657,18.06884],[106.36431,18.07142],[106.36412,18.07207],[106.36474,18.07302],[106.36728,18.07486],[106.36646,18.07924],[106.36784,18.07986],[106.36767999999999,18.0803],[106.37077,18.08322],[106.37376,18.08686],[106.37459,18.08835],[106.37606,18.08986],[106.37537,18.08992],[106.37061,18.0956]]]]}},
{"type":"Feature","id":"18832","properties":{"Ward_Code":"18832","Ward_Code_Num":18832,"Ward":"Hoành Sơn","Ward_Alt":"Hoành Sơn","Ward_Upper":"HOÀNH SƠN","Ward_Full":"Phường Hoành Sơn","Ward_Full_Alt":"Phường Hoành Sơn","Ward_Full_Upper_Alt":"PHƯỜNG HOÀNH SƠN","Ward_Type":"Phường","Province_Code":"42","Province":"Hà Tĩnh","Province_Upper_Alt":"HÀ TĨNH"},"geometry":{"type":"MultiPolygon","coordinates":[[[[106.43555,18.05879],[106.43835,18.06014],[106.43855,18.05977],[106.43952,18.05791],[106.43674,18.05657],[106.44004,18.05025],[106.45153,18.05579],[106.45163,18.05615],[106.45254,18.05591],[106.45233,18.05484],[106.44929,18.0534],[106.44905,18.05176],[106.44744,18.05196],[106.44696,18.05229],[106.44508,18.05139],[106.4456,18.05053],[106.44649,18.05144],[106.44709,18.05154],[106.44843,18.05019],[106.45042,18.05013],[106.4507,18.04897],[106.45011,18.04761],[106.45091,18.04712],[106.45108,18.04637],[106.4507,18.04604],[106.45161,18.04538],[106.45219,18.04437],[106.45265,18.04196],[106.44503,18.03825],[106.44947,18.03003],[106.45136,18.02934],[106.45262,18.02981],[106.45348,18.02821],[106.45291,18.02787],[106.45279,18.02686],[106.45365,18.02313],[106.4548,18.02044],[106.46,18.01098],[106.46267,18.00706],[106.46319,18.00677],[106.46408,18.00704],[106.46436,18.00464],[106.46483,18.00427],[106.46558,18.00452],[106.46779,18.00016],[106.4691,17.99843],[106.47004,17.99764],[106.47158,17.99755],[106.4721,17.99782],[106.47279,17.99751],[106.47522,17.9928],[106.47788,17.9897],[106.47707,17.98984],[106.47619,17.991],[106.47557,17.9911],[106.47678,17.9896],[106.47806,17.98947],[106.47991,17.98818],[106.48126,17.98921],[106.48282,17.98928],[106.48206,17.98815],[106.48259,17.98805],[106.48152,17.98719],[106.48221,17.9841],[106.48761,17.9752],[106.48865,17.97388],[106.48892,17.97421],[106.49156,17.96983],[106.49425,17.96635],[106.49482,17.96502],[106.49407,17.96451],[106.49362,17.96468],[106.49383,17.96427],[106.49702,17.9649],[106.49879,17.96447],[106.49907,17.964],[106.50088,17.9646],[106.50377,17.96408],[106.50636,17.96301],[106.50732,17.96155],[106.50866,17.96117],[106.50847,17.96027],[106.50954,17.9607],[106.51071,17.95991],[106.50844,17.95997],[106.5058,17.96139],[106.50487,17.96158],[106.49968,17.96069],[106.4955,17.96062],[106.49169,17.95946],[106.48877,17.95747],[106.48666,17.95683],[106.48576,17.95618],[106.48129,17.95438],[106.48074,17.95363],[106.4793,17.95325],[106.4768,17.95428],[106.47568,17.95526],[106.47304,17.95582],[106.46982,17.95624],[106.46494,17.95593],[106.46368,17.95528],[106.46039,17.95486],[106.45908,17.9544],[106.45467,17.95163],[106.45102,17.95017],[106.45021,17.94955],[106.44737,17.95124],[106.44465,17.95178],[106.44408,17.95574],[106.44402,17.96693],[106.44426,17.96884],[106.43883,17.96985],[106.43566,17.97282],[106.43394,17.97206],[106.43225,17.97205],[106.43024,17.97106],[106.42665,17.97079],[106.42442,17.96969],[106.4228,17.9695],[106.42138,17.97032],[106.42098,17.97116],[106.41863,17.97279],[106.41715,17.97471],[106.41301,17.97344],[106.41113,17.97322],[106.40995,17.97262],[106.40767,17.97399],[106.40612,17.97598],[106.40261,17.97831],[106.40096,17.98014],[106.39924,17.98478],[106.39824,17.99668],[106.39647,18.00081],[106.39631,18.00661],[106.39529,18.00894],[106.39538,18.01129],[106.39477,18.01122],[106.39452,18.01434],[106.39409,18.01547],[106.39459,18.01696],[106.39613,18.01787],[106.39692,18.01929],[106.40193,18.02516],[106.40171,18.02535],[106.40408,18.02825],[106.40509,18.02865],[106.40689,18.02831],[106.40748,18.02871],[106.40776,18.02974],[106.40701,18.02985],[106.40672,18.03113],[106.40715,18.03134],[106.40793,18.03097],[106.40794,18.03213],[106.40922,18.03185],[106.40982,18.03209],[106.41003,18.03273],[106.41225,18.03293],[106.41983,18.03723],[106.4261,18.0401],[106.42361,18.04715],[106.4238,18.04888],[106.42103,18.05015],[106.41796,18.04907],[106.41763,18.05041],[106.41656,18.05071],[106.41648,18.0516],[106.41582,18.05212],[106.41606,18.05321],[106.41517,18.05345],[106.41536,18.05423],[106.41424,18.055],[106.41388,18.05622],[106.43322,18.06567],[106.43278,18.06645],[106.43541,18.06782],[106.43581,18.06706],[106.43654,18.06741],[106.43716,18.06618],[106.43279,18.06407],[106.43306,18.06356],[106.43287,18.06346],[106.4326,18.06398],[106.43085,18.06313],[106.43213,18.06071],[106.43329,18.06128],[106.43261,18.06258],[106.43338,18.06296],[106.43555,18.05879]]]]}},
{"type":"Feature","id":"18838","properties":{"Ward_Code":"18838","Ward_Code_Num":18838,"Ward":"Kỳ Lạc","Ward_Alt":"Kỳ Lạc","Ward_Upper":"KỲ LẠC","Ward_Full":"Xã Kỳ Lạc","Ward_Full_Alt":"Xã Kỳ Lạc","Ward_Full_Upper_Alt":"XÃ KỲ LẠC","Ward_Type":"Xã","Province_Code":"42","Province":"Hà Tĩnh","Province_Upper_Alt":"HÀ TĨNH"},"geometry":{"type":"MultiPolygon","coordinates":[[[[106.28024,17.91575],[106.27774,17.9167],[106.27673,17.91864],[106.27548,17.91946],[106.27251,17.91983],[106.26841,17.91806],[106.26608,17.91622],[106.26565,17.91513],[106.26494,17.91439],[106.26418,17.91383],[106.26316,17.91382],[106.26235,17.91566],[106.2601,17.91585],[106.25944,17.91628],[106.25852,17.91754],[106.25886,17.91842],[106.25832,17.91881],[106.2566,17.91977],[106.25253,17.92041],[106.25065,17.9228],[106.2494,17.92338],[106.24909,17.9246],[106.24861,17.9249],[106.24838,17.92567],[106.24758,17.92561],[106.24702,17.92607],[106.24606,17.92553],[106.24531,17.92642],[106.24517,17.9275],[106.24458,17.92716],[106.24383,17.92754],[106.24358,17.92719],[106.24325,17.92759],[106.24211,17.92763],[106.24257,17.92844],[106.24259,17.92931],[106.24138,17.92933],[106.24074,17.93045],[106.23991,17.93007],[106.23972,17.92944],[106.23913,17.92896],[106.23847,17.9288],[106.23824,17.92779],[106.23727,17.92758],[106.2375,17.92808],[106.23742,17.92849],[106.23712,17.92852],[106.2368,17.92756],[106.23602,17.92706],[106.23486,17.92786],[106.234,17.92792],[106.2339,17.92918],[106.23295,17.92843],[106.23157,17.92879],[106.23076,17.92798],[106.22912,17.92926],[106.22755,17.92909],[106.22543,17.9297],[106.22271,17.92976],[106.22046,17.92743],[106.21819,17.928],[106.21251,17.92606],[106.20947,17.9262],[106.2085,17.92539],[106.20731,17.9255],[106.2062,17.92432],[106.20457,17.9217],[106.20401,17.92019],[106.20283,17.91892],[106.20091,17.91769],[106.2,17.91635],[106.19774,17.91657],[106.19535,17.91804],[106.19361,17.92031],[106.1937,17.92214],[106.18985,17.92356],[106.18921,17.92319],[106.18739,17.92049],[106.18619,17.92028],[106.18325,17.92101],[106.1818,17.92077],[106.18099,17.91988],[106.17883,17.91871],[106.17776,17.9189],[106.17634,17.9167],[106.17227,17.9144],[106.16933,17.91487],[106.16816,17.91473],[106.16464,17.91683],[106.16392,17.91694],[106.16348,17.91886],[106.16402,17.92234],[106.1636,17.92302],[106.16254,17.92367],[106.16272,17.92572],[106.1624,17.92654],[106.16046,17.92844],[106.16165,17.9293],[106.16198,17.92999],[106.16187,17.93101],[106.16081,17.93363],[106.16101,17.93489],[106.16057,17.9365],[106.16149,17.94229],[106.16134,17.94563],[106.16327,17.94908],[106.16238,17.94996],[106.16198,17.95112],[106.16247,17.95176],[106.16268,17.95342],[106.16303,17.95374],[106.16266,17.95438],[106.16299,17.95546],[106.16362,17.95624],[106.16422,17.95609],[106.16435,17.95661],[106.16512,17.9569],[106.16486,17.95759],[106.16787,17.96313],[106.17112,17.9664],[106.17614,17.96928],[106.18069,17.96984],[106.18206,17.96957],[106.1842,17.96981],[106.18652,17.97054],[106.18737,17.97174],[106.19142,17.98143],[106.19307,17.98421],[106.19309,17.98599],[106.19436,17.98602],[106.19623,17.98487],[106.1975,17.98667],[106.19793,17.98797],[106.19784,17.98887],[106.19748,17.98942],[106.19672,17.9897],[106.19468,17.98951],[106.19388,17.98872],[106.19302,17.98842],[106.19195,17.98852],[106.19074,17.98923],[106.1921,17.99255],[106.19294,17.99348],[106.19462,17.99433],[106.19499,17.99541],[106.19458,17.99649],[106.19188,17.99736],[106.19095,17.99879],[106.19057,18.0007],[106.1892,18.00215],[106.1878,18.0024],[106.18675,18.00155],[106.18567,18.00127],[106.182,18.00195],[106.1797,18.0035],[106.1775,18.00706],[106.17634,18.00727],[106.17531,18.00669],[106.17448,18.00695],[106.17208,18.01069],[106.17107,18.01045],[106.1704,18.00957],[106.16757,18.00782],[106.16633,18.00762],[106.16444,18.00821],[106.16318,18.00953],[106.16102,18.00968],[106.15933,18.01067],[106.15869,18.01073],[106.15681,18.01193],[106.15479,18.01454],[106.1519,18.01404],[106.14734,18.01745],[106.14564,18.01735],[106.14427,18.01772],[106.14373,18.01866],[106.14357,18.02123],[106.14299,18.02225],[106.1435,18.0235],[106.14286,18.02447],[106.14159,18.02527],[106.14066,18.02638],[106.13519,18.02808],[106.13538,18.02881],[106.14018,18.03489],[106.14646,18.04048],[106.14816,18.0399],[106.15072,18.03716],[106.15321,18.03522],[106.15444,18.03653],[106.17079,18.04851],[106.17369,18.04715],[106.17604,18.04507],[106.17849,18.04568],[106.17925,18.0467],[106.17934,18.04738],[106.1794,18.05283],[106.17992,18.05892],[106.18207,18.0615],[106.18147,18.06662],[106.18044,18.07123],[106.18054,18.07201],[106.1803,18.07216],[106.1804,18.0729],[106.17937,18.07604],[106.18022,18.07625],[106.18256,18.07601],[106.18364,18.07659],[106.1871,18.07546],[106.19281,18.07528],[106.1949,18.07682],[106.20042,18.07939],[106.20197,18.0812],[106.2034,18.08149],[106.20487,18.08139],[106.20803,18.08025],[106.21091,18.07834],[106.21866,18.07822],[106.22099,18.07784],[106.22179,18.07798],[106.22312,18.07886],[106.22478,18.07881],[106.22368,18.07135],[106.22462,18.07044],[106.2246,18.0694],[106.22382,18.06811],[106.22303,18.06485],[106.22355,18.0617],[106.2233,18.06064],[106.22396,18.0598],[106.22389,18.05913],[106.22436,18.05875],[106.2239,18.05794],[106.22483,18.05703],[106.22238,18.05568],[106.22112,18.05379],[106.22053,18.05201],[106.21928,18.05051],[106.21995,18.04958],[106.2211,18.04957],[106.22038,18.04867],[106.2201,18.047],[106.22062,18.04645],[106.22176,18.04633],[106.22145,18.04527],[106.22175,18.04464],[106.22155,18.0443],[106.22053,18.04417],[106.22071,18.04325],[106.21989,18.04247],[106.2214,18.04093],[106.22068,18.04059],[106.21978,18.04077],[106.2191,18.03971],[106.21814,18.03924],[106.21814,18.03876],[106.21712,18.0385],[106.21736,18.03784],[106.21814,18.0378],[106.21958,18.03658],[106.21918,18.03531],[106.2171,18.03628],[106.21657,18.03573],[106.21658,18.03486],[106.21566,18.03288],[106.21639,18.03191],[106.21578,18.03008],[106.2158,18.02573],[106.2155,18.02452],[106.21428,18.0228],[106.21114,18.02011],[106.20904,18.01652],[106.21014,18.01665],[106.21159,18.01738],[106.21231,18.01733],[106.21365,18.01599],[106.21471,18.01345],[106.21697,18.01312],[106.21838,18.01177],[106.21963,18.01182],[106.22068,18.01149],[106.22322,18.01198],[106.22642,18.01116],[106.22745,18.01001],[106.22881,18.0075],[106.23078,18.00654],[106.23211,18.00666],[106.23279,18.00582],[106.23345,18.0056],[106.23624,18.00613],[106.23725,18.00977],[106.23904,18.01027],[106.2405,18.01008],[106.2455,18.00812],[106.25209,18.00509],[106.25569,18.00551],[106.25562,17.999],[106.255,17.99558],[106.25523,17.99033],[106.25577,17.98744],[106.2556,17.98639],[106.2566,17.98622],[106.25939,17.98458],[106.26254,17.98393],[106.26461,17.98256],[106.26612,17.98235],[106.2715,17.98299],[106.27091,17.9812],[106.27074,17.97893],[106.27132,17.97888],[106.2729,17.97975],[106.27346,17.97943],[106.2742,17.97822],[106.27524,17.97755],[106.27481,17.97713],[106.2729,17.97702],[106.27196,17.97569],[106.27331,17.97511],[106.27459,17.97348],[106.2758,17.97319],[106.27659,17.97409],[106.27827,17.97287],[106.27786,17.97235],[106.27597,17.97188],[106.27658,17.97069],[106.28167,17.9704],[106.28233,17.97075],[106.28305,17.9719],[106.28344,17.9746],[106.28396,17.9758],[106.28584,17.97767],[106.28666,17.9795],[106.28671,17.98071],[106.28723,17.9815],[106.28725,17.98337],[106.28801,17.98389],[106.28878,17.98519],[106.291,17.98755],[106.29072,17.99148],[106.2911,17.9925],[106.29226,17.99412],[106.2936,17.99514],[106.30022,17.99832],[106.30331,17.99845],[106.30778,17.99696],[106.30986,17.99677],[106.31615,17.99834],[106.31987,17.99888],[106.32085,17.99875],[106.32671,17.99591],[106.32967,17.99499],[106.33504,17.99197],[106.33788,17.99111],[106.33774,17.98791],[106.33606,17.9855],[106.33412,17.98432],[106.33082,17.98113],[106.32856,17.97981],[106.32777,17.97364],[106.32565,17.96923],[106.32498,17.96711],[106.32514,17.96562],[106.32441,17.96474],[106.32384,17.96276],[106.32231,17.96248],[106.3174,17.96363],[106.31248,17.96338],[106.31167,17.96258],[106.31075,17.96226],[106.30513,17.96276],[106.30445,17.96142],[106.30416,17.95889],[106.30354,17.95861],[106.30258,17.95714],[106.2997,17.95426],[106.2984,17.95428],[106.2977,17.95366],[106.29747,17.94957],[106.29631,17.94713],[106.29621,17.94528],[106.29346,17.94346],[106.29006,17.94306],[106.28462,17.93906],[106.2809,17.93362],[106.28211,17.92976],[106.28504,17.92521],[106.28521,17.92183],[106.28477,17.91933],[106.28337,17.91849],[106.28024,17.91575]]]]}},
{"type":"Feature","id":"18844","properties":{"Ward_Code":"18844","Ward_Code_Num":18844,"Ward":"Kỳ Thượng","Ward_Alt":"Kỳ Thượng","Ward_Upper":"KỲ THƯỢNG","Ward_Full":"Xã Kỳ Thượng","Ward_Full_Alt":"Xã Kỳ Thượng","Ward_Full_Upper_Alt":"XÃ KỲ THƯỢNG","Ward_Type":"Xã","Province_Code":"42","Province":"Hà Tĩnh","Province_Upper_Alt":"HÀ TĨNH"},"geometry":{"type":"MultiPolygon","coordinates":[[[[106.05796,18.09371],[106.06322,18.09955],[106.06607,18.09994],[106.07209,18.09859],[106.07404,18.10504],[106.07975,18.11014],[106.08193,18.11395],[106.08202,18.11586],[106.08278,18.11661],[106.08242,18.11789],[106.08425,18.12041],[106.0896,18.12179],[106.09159,18.12039],[106.09257,18.12025],[106.09574,18.11886],[106.09823,18.11677],[106.10048,18.11877],[106.10277,18.11855],[106.10583,18.12],[106.10706,18.12321],[106.10925,18.12433],[106.1093,18.12165],[106.111,18.11981],[106.11019,18.11919],[106.11035,18.11528],[106.10965,18.11536],[106.10882,18.1148],[106.10967,18.11388],[106.10975,18.1123],[106.10778,18.10984],[106.10766,18.10907],[106.10894,18.107],[106.10904,18.1062],[106.10868,18.10534],[106.10982,18.10323],[106.10996,18.09907],[106.10942,18.09801],[106.1099,18.09754],[106.10897,18.09607],[106.10903,18.09505],[106.10982,18.09489],[106.10932,18.09449],[106.10898,18.09252],[106.1085,18.09258],[106.10834,18.09231],[106.10864,18.0919],[106.10922,18.09213],[106.10889,18.08057],[106.10862,18.07955],[106.10799,18.07885],[106.10722,18.0788],[106.10825,18.0773],[106.10852,18.07631],[106.10675,18.07582],[106.10737,18.07532],[106.10709,18.07498],[106.10691,18.07019],[106.10621,18.06959],[106.10818,18.06375],[106.10907,18.0634],[106.11164,18.06018],[106.11481,18.05884],[106.11488,18.05825],[106.11548,18.05764],[106.11736,18.05674],[106.12186,18.05306],[106.12466,18.05148],[106.12554,18.05052],[106.12772,18.0493],[106.12989,18.04907],[106.13318,18.04686],[106.13674,18.04526],[106.13858,18.04343],[106.1412,18.04178],[106.14388,18.04153],[106.14507,18.04071],[106.14646,18.04048],[106.14018,18.03489],[106.13538,18.02881],[106.13519,18.02808],[106.14066,18.02638],[106.14159,18.02527],[106.14286,18.02447],[106.1435,18.0235],[106.14299,18.02225],[106.14357,18.02123],[106.14373,18.01866],[106.14427,18.01772],[106.14564,18.01735],[106.14734,18.01745],[106.1519,18.01404],[106.15479,18.01454],[106.15675,18.01199],[106.15816,18.01104],[106.16102,18.00968],[106.16318,18.00953],[106.16444,18.00821],[106.16613,18.00764],[106.16757,18.00782],[106.1704,18.00957],[106.17107,18.01045],[106.17208,18.01069],[106.17448,18.00695],[106.17531,18.00669],[106.17634,18.00727],[106.1775,18.00706],[106.1797,18.0035],[106.182,18.00195],[106.18567,18.00127],[106.18675,18.00155],[106.1878,18.0024],[106.18898,18.00226],[106.19057,18.0007],[106.19095,17.99879],[106.19188,17.99736],[106.19482,17.99622],[106.19485,17.9946],[106.19225,17.99275],[106.19112,17.99066],[106.19074,17.98923],[106.19195,17.98852],[106.19302,17.98842],[106.19518,17.98968],[106.19678,17.98969],[106.19764,17.98926],[106.19791,17.98788],[106.19746,17.98659],[106.19623,17.98487],[106.19436,17.98602],[106.19309,17.98599],[106.19307,17.98421],[106.19142,17.98143],[106.18691,17.97092],[106.18652,17.97054],[106.1842,17.96981],[106.18206,17.96957],[106.18069,17.96984],[106.17614,17.96928],[106.17112,17.9664],[106.16787,17.96313],[106.16486,17.95759],[106.16512,17.9569],[106.16435,17.95661],[106.16422,17.95609],[106.16341,17.95609],[106.16268,17.9547],[106.16303,17.95374],[106.16268,17.95342],[106.16247,17.95176],[106.16198,17.95112],[106.16238,17.94996],[106.16327,17.94908],[106.16134,17.94563],[106.16149,17.94229],[106.16057,17.9365],[106.16101,17.93489],[106.16081,17.93363],[106.16187,17.93101],[106.16198,17.92999],[106.16165,17.9293],[106.16046,17.92844],[106.1624,17.92654],[106.16272,17.92572],[106.16254,17.92367],[106.1636,17.92302],[106.16402,17.92234],[106.16348,17.91886],[106.16384,17.9171],[106.15938,17.91713],[106.15783,17.91657],[106.15253,17.9176],[106.15052,17.91895],[106.1481,17.919],[106.14634,17.91825],[106.14421,17.91825],[106.14254,17.91892],[106.14016,17.91862],[106.1386,17.91908],[106.1387,17.92053],[106.13814,17.92149],[106.13773,17.92161],[106.13501,17.92139],[106.13406,17.92054],[106.13231,17.92076],[106.13112,17.92041],[106.12963,17.92106],[106.12923,17.92184],[106.12697,17.92336],[106.12064,17.92571],[106.12041,17.92666],[106.11918,17.92752],[106.1173,17.9279],[106.1144,17.92692],[106.11379,17.9272],[106.11229,17.92701],[106.11147,17.92747],[106.10923,17.92791],[106.1062,17.92746],[106.10518,17.92912],[106.10236,17.92895],[106.10161,17.92957],[106.0996,17.93019],[106.09705,17.93043],[106.09628,17.93124],[106.09486,17.93144],[106.09098,17.93295],[106.08993,17.93241],[106.08629,17.93188],[106.08382,17.93266],[106.07854,17.93296],[106.07641,17.93275],[106.07534,17.9331],[106.07432,17.93428],[106.07409,17.93576],[106.073,17.93566],[106.07179,17.93628],[106.07022,17.93586],[106.06906,17.93698],[106.06798,17.93741],[106.06668,17.93742],[106.06577,17.93708],[106.06322,17.93784],[106.06155,17.9389],[106.05941,17.93934],[106.05907,17.9398],[106.05908,17.94051],[106.05796,17.9414],[106.05625,17.9419],[106.05583,17.94304],[106.05453,17.94391],[106.05192,17.94465],[106.04877,17.94479],[106.04798,17.94649],[106.04564,17.94613],[106.04587,17.94773],[106.0472,17.94969],[106.04709,17.95079],[106.0477,17.95456],[106.04888,17.95644],[106.04945,17.95821],[106.04895,17.9594],[106.04797,17.95978],[106.04874,17.96034],[106.04936,17.9621],[106.04756,17.96336],[106.0475,17.96433],[106.04849,17.96463],[106.04875,17.9659],[106.05058,17.96741],[106.05077,17.96857],[106.05321,17.96856],[106.05436,17.97197],[106.05661,17.97233],[106.05854,17.97438],[106.05917,17.97527],[106.05977,17.97828],[106.06106,17.97987],[106.0618,17.98174],[106.06192,17.98315],[106.06167,17.98378],[106.06205,17.98484],[106.06395,17.98687],[106.06479,17.98722],[106.06684,17.98724],[106.06653,17.98825],[106.06768,17.99158],[106.07026,17.99324],[106.07122,17.9945],[106.07129,17.99516],[106.06911,17.99887],[106.06663,17.99882],[106.06644,17.99958],[106.06537,18.00031],[106.06436,18.00159],[106.06338,18.00361],[106.06198,18.00484],[106.06076,18.00705],[106.05958,18.00799],[106.05312,18.01965],[106.0503,18.02019],[106.0493,18.02074],[106.0493,18.02234],[106.0488,18.02395],[106.04915,18.02594],[106.04772,18.02614],[106.04727,18.02674],[106.04532,18.0273],[106.04434,18.02621],[106.04168,18.02641],[106.03974,18.02724],[106.03816,18.02598],[106.0372,18.02594],[106.03608,18.02498],[106.03386,18.02415],[106.03054,18.0244],[106.02954,18.02277],[106.02843,18.02249],[106.02174,18.02441],[106.02061,18.02496],[106.01838,18.02716],[106.01752,18.02752],[106.01646,18.0288],[106.01654,18.02964],[106.01562,18.0313],[106.01617,18.03348],[106.0158,18.03436],[106.01613,18.03534],[106.01697,18.03638],[106.0177,18.04004],[106.01753,18.04037],[106.01669,18.04051],[106.01603,18.04149],[106.01538,18.04157],[106.01506,18.04238],[106.01416,18.04262],[106.01464,18.04336],[106.01469,18.04464],[106.01636,18.04526],[106.01697,18.04639],[106.01933,18.04477],[106.02153,18.04517],[106.02223,18.04662],[106.02368,18.04617],[106.02342,18.04728],[106.02264,18.0483],[106.02326,18.04926],[106.02414,18.04975],[106.0246,18.05126],[106.02461,18.05253],[106.0257,18.05692],[106.02527,18.05792],[106.0256,18.05895],[106.02431,18.0585],[106.02405,18.05884],[106.02228,18.05872],[106.02196,18.05952],[106.02134,18.06],[106.02125,18.06086],[106.02211,18.06165],[106.02266,18.06351],[106.02234,18.0644],[106.02294,18.06475],[106.0238,18.06442],[106.02394,18.06493],[106.02478,18.06553],[106.02528,18.06522],[106.0268,18.06595],[106.02689,18.06735],[106.02754,18.06717],[106.02752,18.06795],[106.02878,18.06972],[106.02786,18.07035],[106.02741,18.07191],[106.02969,18.07288],[106.02956,18.07314],[106.029,18.07304],[106.02858,18.07362],[106.03,18.07451],[106.0316,18.07384],[106.03294,18.07409],[106.03339,18.07482],[106.03276,18.07514],[106.03286,18.07544],[106.03379,18.07536],[106.03466,18.0762],[106.03356,18.07759],[106.03392,18.07823],[106.0361,18.07804],[106.03755,18.07842],[106.03798,18.07888],[106.0377,18.08168],[106.03794,18.08242],[106.03853,18.08294],[106.03769,18.08384],[106.03803,18.08517],[106.03778,18.08657],[106.03813,18.08753],[106.03966,18.0889],[106.04079,18.0891],[106.04197,18.09021],[106.04388,18.09129],[106.04492,18.0915],[106.04631,18.09254],[106.04919,18.09216],[106.04966,18.09149],[106.05104,18.09096],[106.05144,18.09014],[106.05234,18.09015],[106.05416,18.09126],[106.05478,18.09028],[106.05796,18.09371]]]]}}]}