{"type":"FeatureCollection","name":"VN_Wards_44","crs":{"type":"name","properties":{"name":"urn:ogc:def:crs:OGC:1.3:CRS84"}},"features":[{"type":"Feature","id":"18859","properties":{"Ward_Code":"18859","Ward_Code_Num":18859,"Ward":"Đồng Thuận","Ward_Alt":"Đồng Thuận","Ward_Upper":"ĐỒNG THUẬN","Ward_Full":"Phường Đồng Thuận","Ward_Full_Alt":"Phường Đồng Thuận","Ward_Full_Upper_Alt":"PHƯỜNG ĐỒNG THUẬN","Ward_Type":"Phường","Province_Code":"44","Province":"Quảng Trị","Province_Upper_Alt":"QUẢNG TRỊ"},"geometry":{"type":"MultiPolygon","coordinates":[[[[106.5941,17.52054],[106.60015,17.53003],[106.60522,17.52443],[106.61379,17.51212],[106.61584,17.50994],[106.62094,17.50302],[106.61471,17.49825],[106.6145,17.49754],[106.6157,17.49534],[106.61559,17.492],[106.61519,17.49153],[106.61135,17.49026],[106.60729,17.48989],[106.60733,17.48833],[106.60766,17.48802],[106.60706,17.48745],[106.60709,17.48685],[106.60775,17.48591],[106.60721,17.48565],[106.60876,17.48362],[106.6093,17.48141],[106.6089,17.47907],[106.6,17.47884],[106.5997,17.47741],[106.59874,17.47727],[106.59813,17.47678],[106.59747,17.4751],[106.59824,17.47286],[106.59582,17.47168],[106.59631,17.47127],[106.5946,17.46938],[106.59494,17.46908],[106.59471,17.46867],[106.58726,17.46073],[106.58668,17.46148],[106.58606,17.46527],[106.58499,17.46664],[106.58119,17.47101],[106.57566,17.47511],[106.57144,17.47564],[106.56904,17.47478],[106.56433,17.47191],[106.56414,17.47286],[106.56355,17.4729],[106.56364,17.4738],[106.56313,17.47612],[106.56224,17.47806],[106.5627,17.47859],[106.56285,17.48095],[106.56174,17.48489],[106.56505,17.48627],[106.5663,17.48643],[106.56234,17.4951],[106.56317,17.49719],[106.56883,17.50574],[106.57497,17.50959],[106.57534,17.51086],[106.57777,17.51062],[106.57825,17.51139],[106.57854,17.51333],[106.58141,17.51681],[106.582,17.51672],[106.58362,17.52014],[106.58697,17.52408],[106.58737,17.52374],[106.5873,17.52291],[106.58616,17.52099],[106.58825,17.52176],[106.58914,17.52158],[106.58971,17.5206],[106.58975,17.51974],[106.5889,17.51785],[106.58958,17.51756],[106.59144,17.51891],[106.59197,17.51979],[106.59326,17.51998],[106.5941,17.52054]]]]}},
{"type":"Feature","id":"18871","properties":{"Ward_Code":"18871","Ward_Code_Num":18871,"Ward":"Đồng Sơn","Ward_Alt":"Đồng Sơn","Ward_Upper":"ĐỒNG SƠN","Ward_Full":"Phường Đồng Sơn","Ward_Full_Alt":"Phường Đồng Sơn","Ward_Full_Upper_Alt":"PHƯỜNG ĐỒNG SƠN","Ward_Type":"Phường","Province_Code":"44","Province":"Quảng Trị","Province_Upper_Alt":"QUẢNG TRỊ"},"geometry":{"type":"MultiPolygon","coordinates":[[[[106.56234,17.4951],[106.5663,17.48643],[106.56505,17.48627],[106.56174,17.48489],[106.56285,17.48095],[106.5627,17.47859],[106.56224,17.47806],[106.56313,17.47612],[106.56364,17.4738],[106.56355,17.4729],[106.56414,17.47286],[106.56433,17.47191],[106.56904,17.47478],[106.57064,17.47544],[106.57174,17.47563],[106.57566,17.47511],[106.58119,17.47101],[106.58499,17.46664],[106.58606,17.46527],[106.58668,17.46148],[106.58756,17.46039],[106.59177,17.45823],[106.59342,17.4606],[106.59772,17.45812],[106.59918,17.45645],[106.59706,17.45469],[106.59841,17.45305],[106.59874,17.45119],[106.5975,17.45096],[106.59765,17.4504],[106.59714,17.44984],[106.59833,17.44829],[106.6007,17.44743],[106.60136,17.44534],[106.60244,17.44551],[106.60286,17.44526],[106.60322,17.4442],[106.60315,17.44228],[106.6049,17.44105],[106.60647,17.43758],[106.6083,17.43672],[106.6084,17.43363],[106.60805,17.43319],[106.60686,17.43285],[106.6068,17.43196],[106.61036,17.4303],[106.61323,17.42675],[106.61706,17.42775],[106.61813,17.42772],[106.61866,17.42713],[106.61921,17.42534],[106.61815,17.42527],[106.61234,17.42349],[106.60955,17.42423],[106.6069,17.42557],[106.60274,17.4255],[106.59825,17.4249],[106.5969,17.4215],[106.59481,17.42088],[106.59538,17.41831],[106.59522,17.41766],[106.59204,17.41859],[106.59104,17.41791],[106.5912,17.41719],[106.59071,17.41667],[106.59052,17.41532],[106.59141,17.41483],[106.59161,17.41413],[106.59116,17.41356],[106.58952,17.41331],[106.58842,17.41253],[106.58791,17.41172],[106.58788,17.41072],[106.58718,17.41006],[106.58683,17.40892],[106.58632,17.40836],[106.58675,17.407],[106.58395,17.40297],[106.5831,17.40333],[106.58185,17.40319],[106.58078,17.4025],[106.57937,17.40242],[106.57867,17.40291],[106.57752,17.40238],[106.57583,17.40236],[106.57419,17.40354],[106.57386,17.40435],[106.5728,17.40488],[106.57218,17.40587],[106.57051,17.40597],[106.57002,17.40693],[106.56788,17.40686],[106.5665,17.40773],[106.564,17.40744],[106.56211,17.40772],[106.5624,17.40702],[106.5617,17.40594],[106.55916,17.40426],[106.5563,17.40455],[106.55413,17.40604],[106.5557,17.40271],[106.55548,17.40015],[106.55465,17.39862],[106.55277,17.39656],[106.55293,17.39589],[106.55158,17.39511],[106.55097,17.39402],[106.54907,17.39371],[106.54809,17.39312],[106.54678,17.39174],[106.54545,17.39107],[106.54488,17.38974],[106.54298,17.38797],[106.53953,17.38637],[106.5376,17.38487],[106.53332,17.38362],[106.5324,17.38094],[106.53063,17.37824],[106.52967,17.37784],[106.52905,17.37663],[106.52731,17.37552],[106.52666,17.37331],[106.52664,17.37212],[106.52634,17.37184],[106.52262,17.37016],[106.52173,17.37074],[106.5191,17.37032],[106.51644,17.36785],[106.51446,17.36754],[106.51206,17.36564],[106.51097,17.36569],[106.50709,17.36829],[106.50618,17.36931],[106.50361,17.36981],[106.50274,17.3706],[106.50222,17.37239],[106.5002,17.3753],[106.49977,17.37657],[106.49783,17.37806],[106.49624,17.37993],[106.49393,17.38099],[106.493,17.38404],[106.49237,17.38484],[106.49405,17.38607],[106.49426,17.38908],[106.4957,17.39388],[106.49672,17.39507],[106.49791,17.39577],[106.49832,17.39648],[106.49725,17.39961],[106.49762,17.40125],[106.49846,17.40191],[106.50093,17.40279],[106.50318,17.40574],[106.50396,17.40628],[106.50533,17.40657],[106.50567,17.40865],[106.50627,17.40966],[106.50593,17.41134],[106.50612,17.41457],[106.50726,17.41514],[106.50733,17.41577],[106.50892,17.41861],[106.51167,17.4216],[106.50917,17.42231],[106.50748,17.42437],[106.50623,17.42511],[106.50599,17.42597],[106.50782,17.42702],[106.50732,17.42994],[106.50897,17.42995],[106.50991,17.4304],[106.51065,17.4322],[106.51385,17.43489],[106.51397,17.43607],[106.51536,17.43735],[106.51671,17.43983],[106.51794,17.44129],[106.51873,17.44157],[106.52011,17.44057],[106.52251,17.44045],[106.52408,17.44216],[106.52636,17.4426],[106.52708,17.44329],[106.5272,17.44598],[106.52777,17.44704],[106.52761,17.4486],[106.52661,17.44935],[106.52501,17.44953],[106.52395,17.45105],[106.52404,17.45292],[106.52441,17.45321],[106.52461,17.45462],[106.52447,17.45559],[106.52384,17.45573],[106.52314,17.45728],[106.52308,17.45965],[106.5215,17.46111],[106.5206,17.46355],[106.52262,17.46598],[106.5234,17.46838],[106.52451,17.47018],[106.5262,17.47004],[106.52734,17.47146],[106.52928,17.47177],[106.53055,17.47164],[106.53246,17.47258],[106.53657,17.47923],[106.54035,17.48107],[106.54112,17.48205],[106.54221,17.48169],[106.54399,17.48258],[106.54183,17.48441],[106.53995,17.48506],[106.54026,17.48606],[106.54221,17.48702],[106.5435,17.48836],[106.54533,17.48867],[106.54725,17.48819],[106.54761,17.49015],[106.54884,17.48969],[106.55136,17.48994],[106.55222,17.49084],[106.55324,17.49132],[106.55531,17.49358],[106.55653,17.49386],[106.55981,17.49357],[106.56234,17.4951]]]]}},
{"type":"Feature","id":"18880","properties":{"Ward_Code":"18880","Ward_Code_Num":18880,"Ward":"Đồng Hới","Ward_Alt":"Đồng Hới","Ward_Upper":"ĐỒNG HỚI","Ward_Full":"Phường Đồng Hới","Ward_Full_Alt":"Phường Đồng Hới","Ward_Full_Upper_Alt":"PHƯỜNG ĐỒNG HỚI","Ward_Type":"Phường","Province_Code":"44","Province":"Quảng Trị","Province_Upper_Alt":"QUẢNG TRỊ"},"geometry":{"type":"MultiPolygon","coordinates":[[[[106.61562,17.49279],[106.6157,17.49534],[106.6145,17.49754],[106.61471,17.49825],[106.62094,17.50302],[106.62403,17.49899],[106.628,17.49286],[106.62918,17.49333],[106.62897,17.49274],[106.62801,17.49243],[106.6278,17.49177],[106.6285,17.48534],[106.63083,17.48469],[106.63152,17.48483],[106.63279,17.48418],[106.63483,17.47968],[106.63757,17.4751],[106.64371,17.46637],[106.64726,17.46189],[106.64896,17.45907],[106.65314,17.45432],[106.65615,17.4502],[106.66428,17.44091],[106.67406,17.43052],[106.67582,17.42823],[106.68444,17.41886],[106.68514,17.41762],[106.68573,17.41751],[106.68681,17.41596],[106.6843,17.4145],[106.68416,17.41246],[106.68235,17.41153],[106.67892,17.41154],[106.67737,17.41124],[106.66691,17.42249],[106.65818,17.41703],[106.6562,17.4187],[106.65396,17.41953],[106.65296,17.42162],[106.65182,17.42225],[106.65019,17.42165],[106.64956,17.41984],[106.64897,17.41935],[106.64913,17.41909],[106.64734,17.41767],[106.64559,17.42097],[106.63923,17.43077],[106.63807,17.43364],[106.63761,17.43588],[106.63472,17.43554],[106.62887,17.43604],[106.62794,17.43589],[106.62768,17.43493],[106.62726,17.43463],[106.62455,17.43396],[106.62384,17.43316],[106.62348,17.43198],[106.62447,17.42904],[106.62444,17.42777],[106.62311,17.42637],[106.62087,17.42531],[106.6192,17.42534],[106.6186,17.42725],[106.61786,17.4278],[106.61318,17.42677],[106.61036,17.4303],[106.60683,17.43192],[106.60686,17.43285],[106.60805,17.43319],[106.6084,17.43363],[106.6083,17.43672],[106.60647,17.43758],[106.6049,17.44105],[106.60315,17.44228],[106.60322,17.4442],[106.60286,17.44526],[106.60244,17.44551],[106.60136,17.44534],[106.6007,17.44743],[106.59833,17.44829],[106.59714,17.44984],[106.59765,17.4504],[106.5975,17.45096],[106.59874,17.45119],[106.59841,17.45305],[106.59706,17.45469],[106.59918,17.45645],[106.59772,17.45812],[106.59342,17.4606],[106.59177,17.45823],[106.58726,17.46073],[106.59471,17.46867],[106.59494,17.46908],[106.5946,17.46938],[106.59631,17.47127],[106.59582,17.47168],[106.59824,17.47286],[106.59747,17.4751],[106.59813,17.47678],[106.59874,17.47727],[106.5997,17.47741],[106.6,17.47884],[106.6089,17.47907],[106.6093,17.48141],[106.60876,17.48362],[106.60721,17.48565],[106.60775,17.48591],[106.60709,17.48685],[106.60706,17.48745],[106.60766,17.48802],[106.60733,17.48833],[106.60729,17.48989],[106.61135,17.49026],[106.61519,17.49153],[106.61559,17.492],[106.61562,17.49279]]]]}},
{"type":"Feature","id":"18901","properties":{"Ward_Code":"18901","Ward_Code_Num":18901,"Ward":"Minh Hoá","Ward_Alt":"Minh Hóa","Ward_Upper":"MINH HOÁ","Ward_Full":"Xã Minh Hoá","Ward_Full_Alt":"Xã Minh Hóa","Ward_Full_Upper_Alt":"XÃ MINH HÓA","Ward_Type":"Xã","Province_Code":"44","Province":"Quảng Trị","Province_Upper_Alt":"QUẢNG TRỊ"},"geometry":{"type":"MultiPolygon","coordinates":[[[[105.90052,17.93599],[105.90332,17.93595],[105.90429,17.93545],[105.90616,17.9355],[105.90764,17.93363],[105.90958,17.93219],[105.91131,17.93234],[105.9127,17.93194],[105.91657,17.93214],[105.91928,17.92983],[105.9199,17.92818],[105.92148,17.92618],[105.92308,17.92628],[105.92605,17.92518],[105.92719,17.92513],[105.92838,17.92255],[105.92894,17.91993],[105.93031,17.91746],[105.92924,17.9143],[105.92704,17.91345],[105.92582,17.91241],[105.92503,17.91232],[105.92594,17.90943],[105.92576,17.90802],[105.92646,17.90736],[105.92784,17.90678],[105.92891,17.9056],[105.93025,17.90506],[105.9326,17.90295],[105.93824,17.90002],[105.94129,17.89657],[105.94437,17.8945],[105.9479,17.89413],[105.95008,17.89499],[105.95271,17.89484],[105.95473,17.8945],[105.95715,17.89346],[105.96131,17.89306],[105.96396,17.89428],[105.96476,17.89521],[105.96267,17.89853],[105.96706,17.89668],[105.96832,17.89704],[105.9737,17.89474],[105.97475,17.89512],[105.97518,17.89695],[105.97606,17.89706],[105.97784,17.8955],[105.97849,17.89303],[105.98022,17.89247],[105.98207,17.89056],[105.98354,17.89013],[105.98354,17.88965],[105.98296,17.88938],[105.98287,17.88851],[105.98331,17.8861],[105.98425,17.88515],[105.98585,17.88434],[105.98675,17.88452],[105.98845,17.88253],[105.98926,17.88106],[105.99076,17.87984],[105.99153,17.87733],[105.99298,17.87528],[105.99328,17.87372],[105.99432,17.87274],[105.99631,17.87244],[105.99952,17.87004],[106.00054,17.86773],[106.00009,17.8666],[106.00155,17.86466],[106.00355,17.86455],[106.00404,17.86354],[106.00388,17.86293],[106.00566,17.86137],[106.0069,17.86084],[106.00764,17.86115],[106.01216,17.85727],[106.01301,17.85687],[106.01531,17.85423],[106.02049,17.85131],[106.02361,17.84762],[106.02229,17.84498],[106.01802,17.83836],[106.01818,17.83718],[106.01926,17.83533],[106.01875,17.83406],[106.02003,17.83353],[106.0209,17.83186],[106.02181,17.83123],[106.02253,17.83021],[106.0258,17.8285],[106.02686,17.82862],[106.02794,17.82739],[106.02974,17.82702],[106.03089,17.82609],[106.03114,17.82577],[106.03097,17.82448],[106.03294,17.82181],[106.03156,17.81955],[106.02971,17.81686],[106.02667,17.81489],[106.02534,17.81261],[106.02218,17.81334],[106.02092,17.81221],[106.01929,17.81294],[106.01072,17.81854],[106.00707,17.818],[106.00359,17.81816],[106.00184,17.81858],[105.99971,17.81769],[105.99806,17.81512],[105.99759,17.81044],[105.9958,17.80868],[105.99484,17.80568],[105.99481,17.80425],[105.99752,17.79584],[105.99742,17.79314],[105.99398,17.78572],[105.99285,17.78511],[105.98959,17.78229],[105.98982,17.78174],[105.98919,17.78135],[105.98865,17.7816],[105.98826,17.78127],[105.98854,17.7809],[105.98787,17.78051],[105.98768,17.78067],[105.98577,17.77888],[105.98458,17.77755],[105.98416,17.77634],[105.98336,17.77529],[105.98247,17.77486],[105.98197,17.77581],[105.98079,17.7757],[105.9804,17.77516],[105.98147,17.77444],[105.97871,17.77428],[105.97676,17.77336],[105.9749,17.77093],[105.97412,17.77044],[105.97317,17.77006],[105.96491,17.76954],[105.96399,17.7691],[105.96279,17.77013],[105.96152,17.77017],[105.96074,17.77068],[105.96003,17.77069],[105.95956,17.77122],[105.95652,17.77166],[105.95579,17.7726],[105.95419,17.77308],[105.95316,17.77459],[105.95165,17.77487],[105.9512,17.77532],[105.94872,17.77573],[105.94581,17.77801],[105.94427,17.77843],[105.94309,17.7792],[105.94121,17.77875],[105.9386,17.77962],[105.93806,17.78038],[105.9368,17.78121],[105.93572,17.78333],[105.93726,17.78509],[105.9376,17.78714],[105.93859,17.78762],[105.93884,17.78855],[105.93933,17.78887],[105.9383,17.79149],[105.93746,17.79224],[105.93722,17.79347],[105.93676,17.79402],[105.9358,17.79428],[105.93597,17.79268],[105.93465,17.79303],[105.93446,17.79359],[105.93396,17.79357],[105.93402,17.79462],[105.93287,17.79596],[105.93152,17.79391],[105.93078,17.79388],[105.92994,17.79303],[105.92749,17.79368],[105.92738,17.7943],[105.92669,17.7943],[105.92691,17.79505],[105.92618,17.79475],[105.92589,17.79422],[105.92531,17.79428],[105.92495,17.79476],[105.92417,17.79501],[105.92364,17.79584],[105.92307,17.79547],[105.92284,17.7944],[105.92218,17.79475],[105.92159,17.79443],[105.9207,17.79624],[105.91954,17.7964],[105.91734,17.79775],[105.91748,17.79934],[105.91784,17.79971],[105.91833,17.80165],[105.91822,17.80421],[105.91846,17.80513],[105.91787,17.80758],[105.91693,17.80868],[105.91697,17.80982],[105.9165,17.81026],[105.91533,17.81346],[105.91485,17.81567],[105.91439,17.81631],[105.9137,17.81656],[105.91391,17.81778],[105.91061,17.81633],[105.90922,17.81492],[105.90823,17.81485],[105.90717,17.81416],[105.90461,17.81343],[105.90488,17.81533],[105.9044,17.81727],[105.90372,17.81785],[105.9038,17.82008],[105.90228,17.8223],[105.9022,17.82317],[105.90084,17.82478],[105.90063,17.82709],[105.89936,17.82946],[105.89949,17.8309],[105.89799,17.83186],[105.89761,17.83389],[105.89561,17.83525],[105.89496,17.83698],[105.89525,17.83846],[105.89631,17.83986],[105.8952,17.8408],[105.89521,17.8422],[105.89432,17.84586],[105.89388,17.84654],[105.89434,17.84965],[105.89403,17.85114],[105.89518,17.85178],[105.89451,17.85381],[105.8949,17.85651],[105.8948,17.8583],[105.8969,17.86035],[105.89774,17.86032],[105.90052,17.8613],[105.90217,17.86256],[105.90061,17.86301],[105.89897,17.86588],[105.89943,17.86827],[105.89928,17.86894],[105.8999,17.87062],[105.89974,17.87171],[105.9005,17.87228],[105.90066,17.87283],[105.90025,17.8736],[105.90037,17.874],[105.89872,17.87543],[105.89878,17.876],[105.89812,17.87702],[105.89963,17.88017],[105.89308,17.8795],[105.89203,17.88014],[105.89043,17.88259],[105.8891,17.88262],[105.8876,17.88368],[105.8895,17.88851],[105.89112,17.88936],[105.89229,17.89113],[105.89187,17.8936],[105.89214,17.89648],[105.89178,17.89832],[105.892,17.8992],[105.89004,17.90189],[105.88968,17.90336],[105.8898,17.90557],[105.88848,17.90824],[105.88845,17.91017],[105.88948,17.91098],[105.88945,17.91284],[105.88998,17.9148],[105.88952,17.91715],[105.88873,17.91868],[105.88816,17.91911],[105.88611,17.91869],[105.8861,17.9195],[105.88465,17.92243],[105.88541,17.92492],[105.88521,17.92566],[105.88825,17.92898],[105.88724,17.93102],[105.88589,17.93252],[105.88611,17.93326],[105.88831,17.93565],[105.8913,17.93681],[105.89241,17.93829],[105.89309,17.94106],[105.89318,17.94305],[105.89406,17.94498],[105.89474,17.94554],[105.89703,17.94644],[105.8981,17.94732],[105.89936,17.94758],[105.89886,17.94545],[105.8997,17.94385],[105.89975,17.94232],[105.89857,17.93781],[105.8987,17.9374],[105.90052,17.93599]]]]}},
{"type":"Feature","id":"18904","properties":{"Ward_Code":"18904","Ward_Code_Num":18904,"Ward":"Dân Hoá","Ward_Alt":"Dân Hóa","Ward_Upper":"DÂN HOÁ","Ward_Full":"Xã Dân Hoá","Ward_Full_Alt":"Xã Dân Hóa","Ward_Full_Upper_Alt":"XÃ DÂN HÓA","Ward_Type":"Xã","Province_Code":"44","Province":"Quảng Trị","Province_Upper_Alt":"QUẢNG TRỊ"},"geometry":{"type":"MultiPolygon","coordinates":[[[[105.64218,17.95891],[105.64224,17.95841],[105.64317,17.95731],[105.64594,17.95523],[105.65371,17.95349],[105.65667,17.95391],[105.65878,17.95264],[105.65978,17.95136],[105.66127,17.95097],[105.66286,17.95002],[105.66326,17.94836],[105.66375,17.94787],[105.66462,17.94804],[105.66659,17.94755],[105.6679,17.94666],[105.66868,17.94545],[105.66979,17.94486],[105.67365,17.94425],[105.67604,17.94502],[105.67884,17.9449],[105.67976,17.94196],[105.67888,17.94037],[105.67907,17.93731],[105.6785,17.93615],[105.67866,17.93438],[105.67816,17.93345],[105.67801,17.93193],[105.67934,17.92909],[105.68113,17.92825],[105.68187,17.92699],[105.68302,17.92662],[105.68418,17.92564],[105.68444,17.92505],[105.68634,17.92482],[105.68663,17.92408],[105.68774,17.9236],[105.6904,17.92347],[105.69188,17.92246],[105.69401,17.92184],[105.69774,17.92196],[105.7002,17.92263],[105.70127,17.9212],[105.70291,17.91988],[105.70332,17.9188],[105.70478,17.91844],[105.70407,17.91715],[105.70319,17.91646],[105.70469,17.91426],[105.70557,17.91231],[105.70797,17.91213],[105.70946,17.91289],[105.71142,17.91306],[105.71229,17.91425],[105.71353,17.91351],[105.71469,17.91346],[105.71602,17.91274],[105.71651,17.91348],[105.72189,17.91795],[105.72463,17.9181],[105.72704,17.91681],[105.72769,17.9143],[105.72991,17.91186],[105.73016,17.91106],[105.72989,17.90911],[105.73016,17.90828],[105.73212,17.90824],[105.73328,17.90781],[105.73598,17.90819],[105.73899,17.90651],[105.74169,17.90853],[105.74328,17.90824],[105.74553,17.90544],[105.74727,17.90485],[105.74738,17.90291],[105.74811,17.90217],[105.74828,17.90124],[105.75131,17.90057],[105.75174,17.90018],[105.75121,17.89938],[105.75115,17.89714],[105.75139,17.89591],[105.75195,17.89526],[105.75440999999999,17.89538],[105.75706,17.89289],[105.75807,17.89241],[105.75885,17.89243],[105.76043,17.89141],[105.76304,17.89087],[105.7645,17.89099],[105.76633,17.88709],[105.76897,17.88516],[105.76979,17.88512],[105.77076,17.88567],[105.77219,17.88762],[105.77319,17.88803],[105.77392999999999,17.88889],[105.77544,17.88852],[105.77933,17.88888],[105.78016,17.88846],[105.78267,17.88829],[105.78335,17.88784],[105.78407,17.88842],[105.78501,17.88789],[105.787,17.88767],[105.78797,17.88718],[105.78785,17.88674],[105.78832,17.88675],[105.78844,17.88614],[105.78908,17.8857],[105.78981,17.88612],[105.79146,17.8857],[105.79229,17.88614],[105.79244,17.88578],[105.79209,17.88565],[105.79213,17.885],[105.7916,17.88419],[105.79181,17.88377],[105.79275,17.884],[105.79326,17.88378],[105.79405,17.88422],[105.79448,17.8839],[105.79502,17.88428],[105.79553,17.88347],[105.79646,17.88357],[105.79656,17.88285],[105.79694,17.88317],[105.7977,17.88313],[105.79742,17.88165],[105.79568,17.8803],[105.79497,17.87931],[105.79497,17.87852],[105.79627,17.87652],[105.79629,17.87577],[105.79578,17.87448],[105.79335,17.87168],[105.79333,17.87008],[105.79474,17.86943],[105.79867,17.87025],[105.79949,17.86965],[105.80212,17.86909],[105.80242,17.86834],[105.80283,17.86855],[105.80587,17.86835],[105.80869,17.86927],[105.80951,17.8692],[105.81153,17.86974],[105.81395,17.8713],[105.81497,17.87096],[105.81567,17.87023],[105.81695,17.86772],[105.81817,17.86379],[105.81823,17.86326],[105.81771,17.86242],[105.81804,17.86113],[105.81785,17.85993],[105.81888,17.85872],[105.81912,17.85539],[105.81835,17.85292],[105.81851,17.8521],[105.81992,17.85004],[105.82684,17.84582],[105.82854,17.84275],[105.83032,17.84201],[105.83181,17.84055],[105.8336,17.83551],[105.83501,17.83425],[105.83508,17.83241],[105.83452,17.83123],[105.83486,17.82978],[105.8339,17.82806],[105.83396,17.82558],[105.83478,17.82312],[105.83523,17.82267],[105.83579,17.82234],[105.83725,17.8226],[105.83632,17.82172],[105.83408,17.81778],[105.83073,17.81619],[105.83141,17.81362],[105.83051,17.81272],[105.83048,17.81164],[105.83186,17.80934],[105.83201,17.80545],[105.83284,17.80254],[105.83918,17.80367],[105.8393,17.80277],[105.83764,17.79765],[105.83766,17.79435],[105.83723,17.79252],[105.83528,17.78974],[105.83448,17.78771],[105.83285,17.78524],[105.83297,17.78427],[105.83242,17.78314],[105.83121,17.78188],[105.82944,17.78113],[105.8288,17.78028],[105.82849,17.77914],[105.82695,17.7776],[105.82598,17.77605],[105.81984,17.77461],[105.81893,17.77364],[105.81797,17.77186],[105.81846,17.77029],[105.81818,17.76983],[105.81805,17.76623],[105.81879,17.76548],[105.81988,17.76316],[105.82035,17.76057],[105.82032,17.75706],[105.82109,17.75497],[105.82089,17.75232],[105.81902,17.74999],[105.81881,17.74804],[105.81775,17.74522],[105.8166,17.74458],[105.81641,17.74412],[105.81681,17.74206],[105.81641,17.74068],[105.8167,17.73979],[105.81727,17.73957],[105.81689,17.73794],[105.81705,17.7365],[105.81558,17.73374],[105.81476,17.73132],[105.81575,17.73025],[105.81626,17.73037],[105.81773,17.729],[105.81425,17.72901],[105.81347,17.72714],[105.81147,17.72763],[105.8107,17.72598],[105.80941,17.72548],[105.80858,17.72543],[105.80723,17.72681],[105.80602,17.72682],[105.80386,17.72545],[105.8036,17.72472],[105.8039,17.72409],[105.80214,17.72271],[105.80066,17.72321],[105.80016,17.72192],[105.79961,17.72149],[105.79828,17.72257],[105.79758,17.72228],[105.79553,17.71817],[105.79428,17.71772],[105.79326,17.7155],[105.79156,17.7134],[105.78938,17.71204],[105.78841,17.70968],[105.78926,17.70782],[105.78938,17.70667],[105.78778,17.70518],[105.78597,17.70447],[105.78366,17.70017],[105.78304,17.69959],[105.78178,17.69918],[105.78155,17.69726],[105.78208,17.69539],[105.78074,17.69286],[105.78064,17.69123],[105.77965,17.69004],[105.77942,17.68912],[105.78008,17.68542],[105.78128,17.68359],[105.78136,17.68213],[105.7822,17.67908],[105.7816,17.67621],[105.77959,17.67455],[105.77464,17.67395],[105.77415,17.67437],[105.77264,17.67433],[105.77103,17.67396],[105.76944,17.67481],[105.76601,17.67241],[105.76548,17.67185],[105.76481,17.67011],[105.76382,17.67011],[105.76313,17.66733],[105.76073,17.66653],[105.75956,17.66699],[105.75089,17.66845],[105.75085,17.66947],[105.75017,17.67112],[105.75062,17.67262],[105.74995,17.67664],[105.75026,17.67829],[105.74926,17.6841],[105.74833,17.68578],[105.74837,17.68927],[105.74762,17.69316],[105.74776,17.69557],[105.74704,17.69896],[105.74748,17.70136],[105.74573,17.70666],[105.74394,17.71546],[105.74406,17.7182],[105.74336,17.72054],[105.74351,17.72262],[105.74154,17.72104],[105.73648,17.71952],[105.73525,17.72],[105.73344,17.72134],[105.73058,17.72116],[105.7293,17.72276],[105.72867,17.72467],[105.72861,17.72702],[105.72803,17.73032],[105.72801,17.73188],[105.72843,17.73346],[105.72808,17.73561],[105.72861,17.73773],[105.73043,17.73957],[105.7303,17.74502],[105.72642,17.7465],[105.72383,17.74901],[105.72216,17.7498],[105.72079,17.75176],[105.71992,17.75421],[105.71859,17.7549],[105.71842,17.75658],[105.71476,17.7576],[105.71269,17.75596],[105.71195,17.75598],[105.71069,17.75781],[105.70838,17.75969],[105.70706,17.75892],[105.70533,17.75873],[105.70469,17.75903],[105.70352,17.76041],[105.70242,17.76063],[105.69926,17.76384],[105.69836,17.76688],[105.69709,17.76776],[105.69547,17.76782],[105.69328,17.76984],[105.693,17.77051],[105.69317,17.77219],[105.69175,17.77397],[105.6921,17.77535],[105.692,17.77633],[105.69037,17.77825],[105.68967,17.77948],[105.68961,17.78021],[105.68843,17.78109],[105.68852,17.78316],[105.68909,17.78462],[105.68795,17.78497],[105.68734,17.78614],[105.68595,17.78633],[105.6808,17.78953],[105.67817,17.79244],[105.67732,17.79261],[105.67524,17.79491],[105.67532,17.79761],[105.67653,17.80052],[105.67646,17.80244],[105.67713,17.80365],[105.67748,17.80546],[105.68096,17.81107],[105.67985,17.81343],[105.68051,17.81334],[105.68266,17.815],[105.68286,17.81788],[105.68433,17.81891],[105.68442,17.82229],[105.68369,17.82399],[105.6832,17.82672],[105.68358,17.82922],[105.68274,17.8311],[105.68342,17.8322],[105.68338,17.83385],[105.68304,17.83455],[105.68116,17.83513],[105.67754,17.83502],[105.67683,17.8377],[105.67497,17.83995],[105.67531,17.84076],[105.67464,17.84157],[105.67459,17.8421],[105.67504,17.84474],[105.67441,17.84655],[105.67403,17.84677],[105.67267,17.84663],[105.67058,17.84933],[105.66946,17.84948],[105.66594,17.85096],[105.66418,17.85246],[105.66195,17.8559],[105.66103,17.85516],[105.65878,17.85492],[105.65781,17.85441],[105.65569,17.8545],[105.6539,17.85551],[105.65158,17.85522],[105.64716,17.85772],[105.64592,17.85796],[105.64457,17.85922],[105.64306,17.85923],[105.64065,17.85782],[105.63981,17.85794],[105.63714,17.86083],[105.63694,17.86216],[105.63589,17.86266],[105.63645,17.86562],[105.63485,17.86707],[105.63029,17.87014],[105.62796,17.87037],[105.62797,17.87214],[105.6273,17.8729],[105.62743,17.87614],[105.6259,17.87633],[105.62402,17.87733],[105.62105,17.87741],[105.62041,17.87783],[105.62031,17.87877],[105.61997,17.87904],[105.61788,17.87998],[105.61712,17.87972],[105.61562,17.88017],[105.61505,17.88071],[105.61416,17.88306],[105.61166,17.88445],[105.61084,17.88683],[105.61203,17.88913],[105.61084,17.88983],[105.60885,17.89042],[105.60902,17.89336],[105.60873,17.89442],[105.60803,17.89536],[105.60925,17.89704],[105.61062,17.89994],[105.61188,17.9007],[105.61311,17.90206],[105.61702,17.90432],[105.6175,17.90609],[105.61747,17.90774],[105.61818,17.90943],[105.61912,17.91392],[105.61909,17.91534],[105.62106,17.91673],[105.6224,17.91878],[105.62264,17.91965],[105.62249,17.9214],[105.6237,17.92438],[105.62255,17.92924],[105.62307,17.93002],[105.6231,17.93118],[105.62408,17.93474],[105.62391,17.93664],[105.62447,17.93951],[105.62419,17.94061],[105.62291,17.94204],[105.62479,17.94377],[105.62671,17.94372],[105.62793,17.94487],[105.62812,17.94561],[105.62783,17.94821],[105.62866,17.95039],[105.62867,17.95243],[105.6303,17.95346],[105.63354,17.95662],[105.63524,17.95692],[105.63553,17.96037],[105.63678,17.96],[105.63822,17.95858],[105.63906,17.95859],[105.64238,17.96181],[105.64218,17.95891]]]]}},
{"type":"Feature","id":"18919","properties":{"Ward_Code":"18919","Ward_Code_Num":18919,"Ward":"Tân Thành","Ward_Alt":"Tân Thành","Ward_Upper":"TÂN THÀNH","Ward_Full":"Xã Tân Thành","Ward_Full_Alt":"Xã Tân Thành","Ward_Full_Upper_Alt":"XÃ TÂN THÀNH","Ward_Type":"Xã","Province_Code":"44","Province":"Quảng Trị","Province_Upper_Alt":"QUẢNG TRỊ"},"geometry":{"type":"MultiPolygon","coordinates":[[[[105.87774,17.95117],[105.87796,17.94954],[105.87965,17.94645],[105.88138,17.94641],[105.88066,17.94589],[105.88046,17.94515],[105.88215,17.94265],[105.88416,17.94055],[105.88712,17.93976],[105.88856,17.93651],[105.88942,17.93607],[105.88799,17.93538],[105.88592,17.93277],[105.886,17.93231],[105.88732,17.9309],[105.88825,17.92898],[105.88521,17.92566],[105.88541,17.92492],[105.88465,17.92243],[105.8861,17.9195],[105.88611,17.91869],[105.88828,17.91905],[105.88959,17.91688],[105.88998,17.9148],[105.88945,17.91284],[105.88948,17.91098],[105.88845,17.91017],[105.88844,17.9086],[105.8898,17.90557],[105.88968,17.90336],[105.89004,17.90189],[105.892,17.8992],[105.89178,17.89832],[105.89214,17.89648],[105.89187,17.8936],[105.89229,17.89113],[105.89112,17.88936],[105.8895,17.88851],[105.88843,17.8854],[105.88707,17.88299],[105.88255,17.88128],[105.88124,17.8814],[105.88056,17.88237],[105.87997,17.88262],[105.87876,17.88241],[105.87808,17.88317],[105.87707,17.88354],[105.87591,17.88344],[105.87684,17.88169],[105.87867,17.87629],[105.88029,17.874],[105.88027,17.87155],[105.87956,17.87037],[105.87548,17.86992],[105.87441,17.86908],[105.87367,17.86963],[105.87227,17.86938],[105.87185,17.86982],[105.872,17.870729999999998],[105.87154,17.87047],[105.87028,17.87196],[105.86976,17.87187],[105.86872,17.87251],[105.86879,17.87124],[105.86999,17.86868],[105.86953,17.86727],[105.8716,17.86477],[105.87084,17.86374],[105.87062,17.86283],[105.87085,17.86254],[105.86061,17.85967],[105.85703,17.85991],[105.85765,17.85842],[105.85752,17.85742],[105.85798,17.85531],[105.85769,17.85455],[105.85798,17.85319],[105.85897,17.85294],[105.85879,17.85231],[105.85913,17.85125],[105.86094,17.85166],[105.8625,17.85036],[105.86027,17.84677],[105.86115,17.8449],[105.86273,17.8437],[105.86281,17.84321],[105.86242,17.84249],[105.86163,17.83642],[105.86081,17.83605],[105.86066,17.83555],[105.86159,17.83305],[105.86409,17.83136],[105.85665,17.8298],[105.85618,17.82996],[105.85554,17.82929],[105.85411,17.82888],[105.85372,17.8281],[105.85257,17.82791],[105.85217,17.82844],[105.85219,17.82937],[105.85106,17.83028],[105.85087,17.83106],[105.84882,17.83323],[105.84802,17.8334],[105.84704,17.83178],[105.84559,17.83267],[105.84611,17.83172],[105.84566,17.83106],[105.84573,17.83032],[105.84434,17.82941],[105.84307,17.82746],[105.84175,17.82632],[105.84032,17.82562],[105.83725,17.8226],[105.83579,17.82234],[105.83457,17.82363],[105.83396,17.82558],[105.8338,17.82746],[105.83482,17.82958],[105.83452,17.83123],[105.83508,17.83241],[105.83517,17.83384],[105.83441,17.83501],[105.8336,17.83551],[105.83181,17.84055],[105.83032,17.84201],[105.82854,17.84275],[105.82684,17.84582],[105.81992,17.85004],[105.81836,17.85238],[105.81912,17.85539],[105.81888,17.85872],[105.81785,17.85993],[105.81804,17.86113],[105.81771,17.86242],[105.81823,17.86326],[105.81817,17.86379],[105.81695,17.86772],[105.81567,17.87023],[105.81497,17.87096],[105.81395,17.8713],[105.81153,17.86974],[105.80951,17.8692],[105.80869,17.86927],[105.80587,17.86835],[105.80283,17.86855],[105.80242,17.86834],[105.80212,17.86909],[105.79949,17.86965],[105.79867,17.87025],[105.79419,17.86952],[105.79323,17.87026],[105.79329,17.87155],[105.79584,17.87457],[105.79633,17.87617],[105.79505,17.87832],[105.79497,17.87931],[105.79568,17.8803],[105.79742,17.88165],[105.7977,17.88313],[105.79694,17.88317],[105.79656,17.88285],[105.79646,17.88357],[105.79553,17.88347],[105.79502,17.88428],[105.79448,17.8839],[105.79405,17.88422],[105.79326,17.88378],[105.79275,17.884],[105.79181,17.88377],[105.7916,17.88419],[105.79213,17.885],[105.79209,17.88565],[105.79244,17.88578],[105.79229,17.88614],[105.79146,17.8857],[105.78981,17.88612],[105.78908,17.8857],[105.78844,17.88614],[105.78832,17.88675],[105.78785,17.88674],[105.78797,17.88718],[105.787,17.88767],[105.78501,17.88789],[105.78407,17.88842],[105.78335,17.88784],[105.78267,17.88829],[105.78016,17.88846],[105.77933,17.88888],[105.77544,17.88852],[105.77392999999999,17.88889],[105.77319,17.88803],[105.77219,17.88762],[105.77076,17.88567],[105.76979,17.88512],[105.7691,17.8851],[105.76633,17.88709],[105.7645,17.89099],[105.76672,17.89165],[105.77032,17.89385],[105.77123,17.89486],[105.77229,17.89474],[105.77367,17.89512],[105.77673,17.89481],[105.77892,17.89504],[105.78124,17.89712],[105.78264,17.89749],[105.78348,17.90407],[105.78282,17.90701],[105.783,17.90828],[105.78391,17.90968],[105.7851,17.91032],[105.7867,17.91359],[105.78756,17.91468],[105.78781,17.91659],[105.78958,17.91659],[105.79467,17.92024],[105.79712,17.91999],[105.80222,17.92032],[105.80482,17.91984],[105.80952,17.92155],[105.81274,17.92099],[105.81392,17.92002],[105.81462,17.9189],[105.81519,17.91867],[105.816,17.91872],[105.81928,17.92108],[105.82039,17.92073],[105.82336,17.91858],[105.8243,17.91832],[105.8263,17.91877],[105.82887,17.91881],[105.82913,17.91731],[105.83005,17.91571],[105.83194,17.91423],[105.83226,17.91364],[105.83259,17.91205],[105.83414,17.90897],[105.83718,17.90643],[105.83915,17.90538],[105.83991,17.90523],[105.84169,17.90619],[105.84295,17.9063],[105.84442,17.91063],[105.85058,17.91404],[105.85142,17.91485],[105.85026,17.91704],[105.84933,17.91745],[105.84809,17.91884],[105.84736,17.91915],[105.84589,17.91905],[105.84456,17.92012],[105.84448,17.92097],[105.84502,17.92264],[105.84472,17.92353],[105.84394,17.92438],[105.84404,17.92624],[105.84152,17.93028],[105.83994,17.93012],[105.83809,17.93082],[105.83732,17.93153],[105.83705,17.93477],[105.83883,17.93707],[105.83935,17.93959],[105.83906,17.9406],[105.84026,17.9395],[105.84081,17.93945],[105.84433,17.93944],[105.84594,17.93976],[105.85481,17.93944],[105.85513,17.94045],[105.8545,17.94266],[105.85494,17.94341],[105.85522,17.94573],[105.855,17.94746],[105.85464,17.9479],[105.85635,17.95008],[105.85798,17.95025],[105.85965,17.95177],[105.8613,17.95178],[105.86364,17.9511],[105.86761,17.95183],[105.86971,17.95442],[105.87336,17.95566],[105.87648,17.95756],[105.87707,17.95571],[105.87774,17.95117]]]]}},
{"type":"Feature","id":"18922","properties":{"Ward_Code":"18922","Ward_Code_Num":18922,"Ward":"Kim Điền","Ward_Alt":"Kim Điền","Ward_Upper":"KIM ĐIỀN","Ward_Full":"Xã Kim Điền","Ward_Full_Alt":"Xã Kim Điền","Ward_Full_Upper_Alt":"XÃ KIM ĐIỀN","Ward_Type":"Xã","Province_Code":"44","Province":"Quảng Trị","Province_Upper_Alt":"QUẢNG TRỊ"},"geometry":{"type":"MultiPolygon","coordinates":[[[[105.8891,17.88262],[105.89043,17.88259],[105.89203,17.88014],[105.89308,17.8795],[105.89963,17.88017],[105.89812,17.87702],[105.89878,17.876],[105.89872,17.87543],[105.90037,17.874],[105.90025,17.8736],[105.90066,17.87283],[105.9005,17.87228],[105.89974,17.87171],[105.8999,17.87062],[105.89928,17.86894],[105.89943,17.86827],[105.89897,17.86588],[105.90061,17.86301],[105.90217,17.86256],[105.90052,17.8613],[105.89774,17.86032],[105.8969,17.86035],[105.8948,17.8583],[105.8949,17.85651],[105.89451,17.85381],[105.89518,17.85178],[105.89403,17.85114],[105.89434,17.84965],[105.89388,17.84654],[105.89432,17.84586],[105.89521,17.8422],[105.8952,17.8408],[105.89631,17.83986],[105.89525,17.83846],[105.89496,17.83698],[105.89561,17.83525],[105.89761,17.83389],[105.89799,17.83186],[105.89949,17.8309],[105.89936,17.82946],[105.90063,17.82709],[105.90084,17.82478],[105.9022,17.82317],[105.90228,17.8223],[105.9038,17.82008],[105.90372,17.81785],[105.9044,17.81727],[105.90488,17.81533],[105.90461,17.81343],[105.90717,17.81416],[105.90823,17.81485],[105.90922,17.81492],[105.91061,17.81633],[105.91391,17.81778],[105.9137,17.81656],[105.91439,17.81631],[105.91485,17.81567],[105.91533,17.81346],[105.9165,17.81026],[105.91697,17.80982],[105.91693,17.80868],[105.91787,17.80758],[105.91846,17.80513],[105.91822,17.80421],[105.91833,17.80165],[105.91784,17.79971],[105.91748,17.79934],[105.91734,17.79775],[105.91954,17.7964],[105.9207,17.79624],[105.92159,17.79443],[105.92218,17.79475],[105.92284,17.7944],[105.92307,17.79547],[105.92364,17.79584],[105.92417,17.79501],[105.92495,17.79476],[105.92531,17.79428],[105.92589,17.79422],[105.92618,17.79475],[105.92691,17.79505],[105.92669,17.7943],[105.92738,17.7943],[105.92749,17.79368],[105.92994,17.79303],[105.93078,17.79388],[105.93152,17.79391],[105.93287,17.79596],[105.93402,17.79462],[105.93396,17.79357],[105.93446,17.79359],[105.93465,17.79303],[105.93597,17.79268],[105.9358,17.79428],[105.93676,17.79402],[105.93722,17.79347],[105.93746,17.79224],[105.9383,17.79149],[105.93933,17.78887],[105.93884,17.78855],[105.93859,17.78762],[105.9376,17.78714],[105.93726,17.78509],[105.93597,17.78387],[105.93575,17.78321],[105.9368,17.78121],[105.93884,17.77948],[105.94121,17.77875],[105.94309,17.7792],[105.9421,17.7781],[105.93633,17.77587],[105.93527,17.77561],[105.93439,17.77587],[105.93402,17.77458],[105.92955,17.77256],[105.92952,17.7712],[105.93005,17.76993],[105.92978,17.76915],[105.92618,17.76705],[105.92154,17.76486],[105.91861,17.76155],[105.91814,17.76032],[105.91489,17.75803],[105.91511,17.75754],[105.91808,17.75527],[105.92101,17.75494],[105.92815,17.75289],[105.9303,17.75123],[105.93064,17.75001],[105.93016,17.749389999999998],[105.93006,17.74844],[105.93073,17.74678],[105.93026,17.74498],[105.93033,17.74357],[105.92988,17.74248],[105.92818,17.74162],[105.92715,17.74154],[105.92666,17.74065],[105.92505,17.73933],[105.92378,17.739],[105.92279,17.73791],[105.92106,17.73697],[105.92021,17.73462],[105.91904,17.73309],[105.91865,17.73189],[105.91789,17.73215],[105.9169,17.73357],[105.91303,17.73723],[105.91102,17.73736],[105.90937,17.73683],[105.9081,17.73575],[105.90689,17.73394],[105.90392,17.72592],[105.89938,17.72271],[105.89653,17.7216],[105.89644,17.72068],[105.89576,17.71998],[105.89654,17.7189],[105.8966,17.71821],[105.89829,17.71678],[105.89866,17.71538],[105.89951,17.71449],[105.90079,17.71201],[105.90056,17.71128],[105.9014,17.71073],[105.90333,17.71064],[105.90365,17.70889],[105.9042,17.70841],[105.9049,17.70874],[105.90666,17.70684],[105.90622,17.70279],[105.90655,17.70204],[105.90616,17.70088],[105.90677,17.69985],[105.90613,17.6992],[105.90636,17.698],[105.89437,17.69879],[105.88744,17.69503],[105.88642,17.69412],[105.88457,17.69159],[105.88169,17.69028],[105.88155,17.68991],[105.88225,17.68903],[105.88199,17.68695],[105.88315,17.68564],[105.88408,17.68243],[105.88548,17.68112],[105.8872,17.67557],[105.88746,17.67381],[105.88704,17.6725],[105.88718,17.67175],[105.88599,17.67162],[105.88454,17.67039],[105.88481,17.66924],[105.8829,17.66628],[105.88301,17.665],[105.88255,17.664],[105.88257,17.66271],[105.88297,17.66139],[105.88525,17.65888],[105.88491,17.65741],[105.88372,17.65704],[105.88395,17.65626],[105.88489,17.65482],[105.88645,17.65412],[105.88792,17.65236],[105.88783,17.65058],[105.88651,17.64948],[105.88534,17.64914],[105.88528,17.64825],[105.88482,17.64771],[105.88502,17.64626],[105.88473,17.64601],[105.88515,17.64552],[105.88441,17.6441],[105.8846,17.64332],[105.88382,17.64085],[105.88387,17.63958],[105.88184,17.63729],[105.88206,17.63585],[105.8815,17.63395],[105.88024,17.6328],[105.87759,17.63189],[105.87388,17.62939],[105.87293,17.63019],[105.8714,17.63084],[105.87011,17.63274],[105.86811,17.63277],[105.86761,17.63306],[105.86751,17.63377],[105.86797,17.63515],[105.86898,17.63611],[105.86863,17.63741],[105.86725,17.6397],[105.8653,17.64066],[105.86434,17.64233],[105.86188,17.6447],[105.86081,17.64459],[105.86028,17.64529],[105.85832,17.64542],[105.85722,17.64585],[105.85552,17.64468],[105.8551,17.64285],[105.85368,17.64221],[105.85409,17.64],[105.85539,17.6391],[105.85414,17.63502],[105.85253,17.63438],[105.84999,17.63435],[105.84705,17.63177],[105.84487,17.63139],[105.8442,17.63175],[105.84308,17.63344],[105.84069,17.6351],[105.84013,17.63234],[105.83975,17.63173],[105.83716,17.63002],[105.83626,17.62992],[105.83441,17.63297],[105.83229,17.63407],[105.83229,17.6359],[105.83145,17.63784],[105.83241,17.63977],[105.83076,17.64128],[105.8305,17.64208],[105.83055,17.64402],[105.83163,17.64489],[105.8316,17.64636],[105.82877,17.65033],[105.82898,17.65204],[105.82945,17.65258],[105.82935,17.65427],[105.82329,17.65318],[105.82254,17.65017],[105.82135,17.64898],[105.82144,17.6484],[105.81906,17.64455],[105.8182,17.64428],[105.81687,17.64438],[105.81604,17.64557],[105.81372,17.64674],[105.81287,17.6477],[105.81144,17.64845],[105.81061,17.65069],[105.80908,17.65231],[105.80807,17.65286],[105.80612,17.65518],[105.80603,17.65618],[105.80659,17.65689],[105.80656,17.65735],[105.80614,17.65878],[105.80496,17.6603],[105.80448,17.66043],[105.80372,17.65919],[105.80118,17.65758],[105.79912,17.65785],[105.79894,17.6598],[105.7982,17.66142],[105.79745,17.66217],[105.79503,17.66294],[105.79393,17.66419],[105.79403,17.6664],[105.79146,17.67033],[105.79,17.6706],[105.78703,17.67026],[105.78354,17.67071],[105.78178,17.67351],[105.78154,17.6766],[105.78218,17.67926],[105.78136,17.68213],[105.78128,17.68359],[105.78008,17.68542],[105.77944,17.68962],[105.78064,17.69123],[105.78074,17.69286],[105.78208,17.69539],[105.78155,17.69726],[105.78178,17.69918],[105.78304,17.69959],[105.78366,17.70017],[105.78597,17.70447],[105.78778,17.70518],[105.78938,17.70667],[105.78926,17.70782],[105.78841,17.70968],[105.78938,17.71204],[105.79156,17.7134],[105.79326,17.7155],[105.79428,17.71772],[105.79553,17.71817],[105.79758,17.72228],[105.79828,17.72257],[105.79961,17.72149],[105.80016,17.72192],[105.80066,17.72321],[105.80214,17.72271],[105.8039,17.72409],[105.8036,17.72472],[105.80386,17.72545],[105.80602,17.72682],[105.80723,17.72681],[105.80858,17.72543],[105.80941,17.72548],[105.8107,17.72598],[105.81147,17.72763],[105.81347,17.72714],[105.81425,17.72901],[105.81773,17.729],[105.81626,17.73037],[105.81575,17.73025],[105.81476,17.73132],[105.81558,17.73374],[105.81705,17.7365],[105.81689,17.73794],[105.81727,17.73957],[105.8167,17.73979],[105.81641,17.74068],[105.81681,17.74206],[105.81641,17.74412],[105.8166,17.74458],[105.81775,17.74522],[105.81881,17.74804],[105.81902,17.74999],[105.82089,17.75232],[105.82109,17.75497],[105.82032,17.75706],[105.82035,17.76057],[105.81988,17.76316],[105.81879,17.76548],[105.81805,17.76623],[105.81818,17.76983],[105.81846,17.77029],[105.81797,17.77186],[105.81893,17.77364],[105.81984,17.77461],[105.82598,17.77605],[105.82695,17.7776],[105.82849,17.77914],[105.8288,17.78028],[105.82944,17.78113],[105.83121,17.78188],[105.83242,17.78314],[105.83297,17.78427],[105.83285,17.78524],[105.83448,17.78771],[105.83528,17.78974],[105.83723,17.79252],[105.83766,17.79435],[105.83764,17.79765],[105.83934,17.80303],[105.83918,17.80367],[105.83284,17.80254],[105.83201,17.80545],[105.83186,17.80934],[105.83048,17.81164],[105.83051,17.81272],[105.83141,17.81362],[105.83073,17.81619],[105.83408,17.81778],[105.83632,17.82172],[105.83789,17.82345],[105.84032,17.82562],[105.84206,17.82653],[105.84307,17.82746],[105.84434,17.82941],[105.84573,17.83032],[105.84566,17.83106],[105.84611,17.83172],[105.84559,17.83267],[105.84704,17.83178],[105.84802,17.8334],[105.84882,17.83323],[105.85087,17.83106],[105.85106,17.83028],[105.85219,17.82937],[105.85217,17.82844],[105.85257,17.82791],[105.85372,17.8281],[105.85411,17.82888],[105.85554,17.82929],[105.85618,17.82996],[105.85665,17.8298],[105.86409,17.83136],[105.86159,17.83305],[105.86066,17.83555],[105.86081,17.83605],[105.86163,17.83642],[105.86242,17.84249],[105.86281,17.84321],[105.86273,17.8437],[105.86115,17.8449],[105.86027,17.84677],[105.8625,17.85036],[105.86094,17.85166],[105.85913,17.85125],[105.85879,17.85231],[105.85897,17.85294],[105.85798,17.85319],[105.85769,17.85455],[105.85798,17.85531],[105.85752,17.85742],[105.85765,17.85842],[105.85703,17.85991],[105.86061,17.85967],[105.87085,17.86254],[105.87062,17.86283],[105.87084,17.86374],[105.8716,17.86477],[105.86953,17.86727],[105.86999,17.86868],[105.86879,17.87124],[105.86872,17.87251],[105.86976,17.87187],[105.87028,17.87196],[105.87154,17.87047],[105.872,17.870729999999998],[105.87185,17.86982],[105.87245,17.86932],[105.87367,17.86963],[105.87455,17.86907],[105.87548,17.86992],[105.87834,17.87012],[105.87988,17.87065],[105.88037,17.87234],[105.88029,17.874],[105.87867,17.87629],[105.87684,17.88169],[105.87591,17.88344],[105.87707,17.88354],[105.87808,17.88317],[105.87876,17.88241],[105.87997,17.88262],[105.88056,17.88237],[105.88124,17.8814],[105.88255,17.88128],[105.88707,17.88299],[105.8876,17.88368],[105.8891,17.88262]]]]}},
{"type":"Feature","id":"18943","properties":{"Ward_Code":"18943","Ward_Code_Num":18943,"Ward":"Kim Phú","Ward_Alt":"Kim Phú","Ward_Upper":"KIM PHÚ","Ward_Full":"Xã Kim Phú","Ward_Full_Alt":"Xã Kim Phú","Ward_Full_Upper_Alt":"XÃ KIM PHÚ","Ward_Type":"Xã","Province_Code":"44","Province":"Quảng Trị","Province_Upper_Alt":"QUẢNG TRỊ"},"geometry":{"type":"MultiPolygon","coordinates":[[[[105.96857,17.50488],[105.96547,17.50326],[105.85833,17.62375],[105.85678,17.62267],[105.85651,17.621],[105.8536,17.62026],[105.85329,17.62041],[105.8523,17.62203],[105.85203,17.62394],[105.85241,17.62654],[105.85312,17.62711],[105.85401,17.62864],[105.85415,17.63134],[105.85522,17.63425],[105.85414,17.63502],[105.85541,17.63863],[105.85537,17.63929],[105.85408,17.64002],[105.85368,17.64221],[105.8551,17.64285],[105.85552,17.64468],[105.85712,17.64582],[105.86028,17.64529],[105.86081,17.64459],[105.86188,17.6447],[105.86434,17.64233],[105.8653,17.64066],[105.86725,17.6397],[105.86863,17.63741],[105.86898,17.63611],[105.86797,17.63515],[105.8675,17.6337],[105.86767,17.63297],[105.87011,17.63274],[105.8714,17.63084],[105.87293,17.63019],[105.87388,17.62939],[105.87759,17.63189],[105.88024,17.6328],[105.8815,17.63395],[105.88206,17.63585],[105.88184,17.63729],[105.88387,17.63958],[105.88382,17.64085],[105.8846,17.64332],[105.88441,17.6441],[105.88515,17.64552],[105.88473,17.64601],[105.88502,17.64626],[105.88482,17.64771],[105.88528,17.64825],[105.88534,17.64914],[105.88651,17.64948],[105.88783,17.65058],[105.88792,17.65236],[105.88645,17.65412],[105.88489,17.65482],[105.88395,17.65626],[105.88372,17.65704],[105.88491,17.65741],[105.88525,17.65888],[105.88297,17.66139],[105.88257,17.66271],[105.88255,17.664],[105.88301,17.665],[105.8829,17.66628],[105.88481,17.66924],[105.88454,17.67039],[105.88599,17.67162],[105.88718,17.67175],[105.88704,17.6725],[105.88746,17.67381],[105.8872,17.67557],[105.88548,17.68112],[105.88408,17.68243],[105.88315,17.68564],[105.88199,17.68695],[105.88225,17.68903],[105.88155,17.68991],[105.88229,17.69066],[105.88457,17.69159],[105.88642,17.69412],[105.88744,17.69503],[105.89437,17.69879],[105.90636,17.698],[105.90613,17.6992],[105.90677,17.69985],[105.90616,17.70088],[105.90655,17.70204],[105.90622,17.70279],[105.90666,17.70684],[105.9049,17.70874],[105.9042,17.70841],[105.90365,17.70889],[105.90333,17.71064],[105.9014,17.71073],[105.90056,17.71128],[105.90079,17.71201],[105.89951,17.71449],[105.89866,17.71538],[105.89829,17.71678],[105.8966,17.71821],[105.89654,17.7189],[105.89576,17.71998],[105.89644,17.72068],[105.89653,17.7216],[105.89938,17.72271],[105.90392,17.72592],[105.90689,17.73394],[105.9081,17.73575],[105.90937,17.73683],[105.91102,17.73736],[105.91303,17.73723],[105.9169,17.73357],[105.91789,17.73215],[105.91865,17.73189],[105.91904,17.73309],[105.92021,17.73462],[105.92106,17.73697],[105.92279,17.73791],[105.92378,17.739],[105.92505,17.73933],[105.92666,17.74065],[105.92715,17.74154],[105.92912,17.74198],[105.9301,17.74279],[105.93073,17.74678],[105.93006,17.74844],[105.93016,17.749389999999998],[105.93064,17.75001],[105.9303,17.75123],[105.92815,17.75289],[105.92101,17.75494],[105.91808,17.75527],[105.91486,17.75785],[105.9172,17.7599],[105.91814,17.76032],[105.91861,17.76155],[105.92154,17.76486],[105.92618,17.76705],[105.92978,17.76915],[105.93005,17.76993],[105.92952,17.7712],[105.92955,17.77256],[105.93402,17.77458],[105.93434,17.77584],[105.93527,17.77561],[105.93633,17.77587],[105.9421,17.7781],[105.94309,17.7792],[105.94427,17.77843],[105.94581,17.77801],[105.94872,17.77573],[105.9512,17.77532],[105.95165,17.77487],[105.95316,17.77459],[105.95419,17.77308],[105.95579,17.7726],[105.95652,17.77166],[105.95956,17.77122],[105.96003,17.77069],[105.96074,17.77068],[105.96152,17.77017],[105.96279,17.77013],[105.96399,17.7691],[105.96491,17.76954],[105.97317,17.77006],[105.97457,17.77065],[105.97676,17.77336],[105.97871,17.77428],[105.98147,17.77444],[105.9804,17.77516],[105.98079,17.7757],[105.98197,17.77581],[105.98247,17.77486],[105.98336,17.77529],[105.98416,17.77634],[105.98458,17.77755],[105.98577,17.77888],[105.98768,17.78067],[105.98787,17.78051],[105.98854,17.7809],[105.98826,17.78127],[105.98865,17.7816],[105.98919,17.78135],[105.98982,17.78174],[105.98959,17.78229],[105.99285,17.78511],[105.99398,17.78572],[105.99742,17.79314],[105.99752,17.79584],[105.99481,17.80425],[105.99484,17.80568],[105.9958,17.80868],[105.99759,17.81044],[105.99806,17.81512],[105.99971,17.81769],[106.00184,17.81858],[106.00359,17.81816],[106.00707,17.818],[106.01038,17.81862],[106.01224,17.8177],[106.0204,17.81233],[106.02114,17.8123],[106.02218,17.81334],[106.02534,17.81261],[106.02667,17.81489],[106.02983,17.817],[106.03294,17.82181],[106.03768,17.81828],[106.03976,17.81742],[106.04066,17.81602],[106.04293,17.8149],[106.04446,17.81354],[106.04567,17.81362],[106.04721,17.81282],[106.04835,17.81284],[106.04984,17.81235],[106.05042,17.81304],[106.05164,17.8137],[106.05297,17.81308],[106.05488,17.81285],[106.05602,17.81345],[106.05585,17.81265],[106.05876,17.81085],[106.06006,17.81075],[106.06351,17.80959],[106.06642,17.80903],[106.07261,17.80663],[106.07373,17.80698],[106.07535,17.80596],[106.07712,17.80569],[106.07905,17.8048],[106.07969,17.80397],[106.0807,17.8041],[106.08175,17.80344],[106.08302,17.80384],[106.08497,17.8031],[106.08632,17.80156],[106.089,17.80074],[106.0896,17.80015],[106.08996,17.79907],[106.09269,17.79747],[106.09357,17.79602],[106.09474,17.79578],[106.09615,17.79479],[106.09917,17.7942],[106.1011,17.79416],[106.10249,17.79291],[106.10344,17.7927],[106.10447,17.79197],[106.10704,17.79145],[106.10799,17.79171],[106.10807,17.79014],[106.10735,17.78887],[106.10767,17.78786],[106.10839,17.78722],[106.11149,17.78666],[106.11084,17.78543],[106.11024,17.78094],[106.10675,17.78032],[106.10617,17.77994],[106.10515,17.77794],[106.10176,17.77631],[106.10095,17.77654],[106.10128,17.77263],[106.10032,17.77131],[106.10019,17.77049],[106.09934,17.76969],[106.10023,17.76811],[106.10204,17.76673],[106.10236,17.76616],[106.10098,17.76285],[106.10127,17.76116],[106.1012,17.75814],[106.10176,17.75576],[106.10141,17.75056],[106.10387,17.75002],[106.10659,17.75008],[106.10748,17.74964],[106.10967,17.74958],[106.11095,17.74912],[106.11355,17.74916],[106.11384,17.74871],[106.1127,17.73844],[106.11422,17.72983],[106.11298,17.72768],[106.1124,17.72497],[106.11284,17.72345],[106.11544,17.72213],[106.11486,17.72116],[106.11265,17.72006],[106.111,17.7186],[106.10955,17.71504],[106.10859,17.71456],[106.10614,17.71424],[106.09978,17.71218],[106.09817,17.71069],[106.08301,17.70902],[106.08262,17.70837],[106.08225,17.70475],[106.07806,17.70012],[106.07787,17.69902],[106.07918,17.69421],[106.08173,17.69424],[106.08366,17.69215],[106.08573,17.69136],[106.08753,17.69127],[106.09035,17.69038],[106.09272,17.69043],[106.09552,17.68589],[106.09916,17.68451],[106.10249,17.68399],[106.10591,17.6827],[106.10723,17.68111],[106.10824,17.67881],[106.11074,17.67697],[106.1133,17.67557],[106.11622,17.67309],[106.12246,17.66863],[106.12113,17.6662],[106.1185,17.66496],[106.11777,17.6643],[106.11696,17.66238],[106.11433,17.66228],[106.11158,17.66257],[106.11036,17.66302],[106.10931,17.66269],[106.10733,17.66269],[106.10558,17.66121],[106.10458,17.65987],[106.10428,17.65907],[106.10452,17.65734],[106.10411,17.65609],[106.1034,17.65527],[106.10008,17.65403],[106.09737,17.6536],[106.09636,17.65383],[106.09473,17.65364],[106.09393,17.65213],[106.09266,17.65121],[106.09248,17.64949],[106.09044,17.64903],[106.08921,17.64822],[106.08875,17.6467],[106.0879,17.64561],[106.08064,17.64647],[106.07835,17.64712],[106.07001,17.65071],[106.06655,17.65281],[106.06537,17.65296],[106.05969,17.647],[106.05892,17.64525],[106.05945,17.64426],[106.05945,17.64351],[106.05776,17.64345],[106.05645,17.64217],[106.05574,17.64072],[106.05431,17.63972],[106.05415,17.63904],[106.05332,17.63818],[106.05226,17.6376],[106.05114,17.63794],[106.0495,17.63707],[106.04324,17.63615],[106.04073,17.63496],[106.03987,17.63493],[106.03911,17.63287],[106.0385,17.63207],[106.03608,17.63024],[106.03447,17.62995],[106.03391,17.62934],[106.03298,17.62931],[106.0318,17.62866],[106.03125,17.6271],[106.03032,17.62654],[106.02822,17.6272],[106.02816,17.62666],[106.02731,17.62603],[106.02739,17.62505],[106.02645,17.62453],[106.02607,17.62501],[106.02585,17.62384],[106.02237,17.62169],[106.02018,17.61853],[106.01942,17.61664],[106.01761,17.61473],[106.01696,17.61246],[106.01736,17.61116],[106.01888,17.61056],[106.01912,17.6089],[106.02007,17.60848],[106.0206,17.60767],[106.02173,17.60734],[106.02385,17.6059],[106.0234,17.60352],[106.02408,17.60181],[106.02425,17.59992],[106.02882,17.59553],[106.02777,17.59418],[106.02796,17.59319],[106.02964,17.59173],[106.0302,17.59082],[106.02847,17.58908],[106.02876,17.58782],[106.02804,17.58677],[106.02926,17.58503],[106.02976,17.58332],[106.02916,17.58251],[106.02899,17.58065],[106.0352,17.58148],[106.03806,17.58061],[106.03936,17.57874],[106.03886,17.57654],[106.03898,17.57586],[106.03843,17.57471],[106.03876,17.57453],[106.03901,17.57264],[106.03867,17.57105],[106.04025,17.56851],[106.04129,17.56828],[106.04144,17.56795],[106.03999,17.56552],[106.04132,17.5626],[106.04098,17.55958],[106.03996,17.55804],[106.0401,17.55492],[106.03934,17.55362],[106.03636,17.55013],[106.0348,17.54964],[106.03298,17.54969],[106.03309,17.5463],[106.03398,17.54432],[106.03383,17.54383],[106.03269,17.54286],[106.03027,17.54206],[106.0284,17.53987],[106.02475,17.53701],[106.02355,17.53501],[106.01961,17.53318],[106.01929,17.53228],[106.01997,17.53133],[106.01972,17.5299],[106.01821,17.52916],[106.01562,17.52963],[106.01382,17.52928],[106.01224,17.52842],[106.01007,17.52853],[106.00675,17.52682],[106.00562,17.5271],[106.00459,17.52695],[106.00305,17.52796],[106.00208,17.52769],[106.00186,17.52665],[106.00343,17.52592],[106.00385,17.52495],[106.00428,17.521],[106.00352,17.51964],[105.99917,17.51641],[105.99123,17.51211],[105.98783,17.50969],[105.98603,17.50798],[105.9833,17.508],[105.98029,17.509],[105.97641,17.50649],[105.97434,17.50632],[105.97235,17.50534],[105.96857,17.50488]]]]}},
{"type":"Feature","id":"18949","properties":{"Ward_Code":"18949","Ward_Code_Num":18949,"Ward":"Đồng Lê","Ward_Alt":"Đồng Lê","Ward_Upper":"ĐỒNG LÊ","Ward_Full":"Xã Đồng Lê","Ward_Full_Alt":"Xã Đồng Lê","Ward_Full_Upper_Alt":"XÃ ĐỒNG LÊ","Ward_Type":"Xã","Province_Code":"44","Province":"Quảng Trị","Province_Upper_Alt":"QUẢNG TRỊ"},"geometry":{"type":"MultiPolygon","coordinates":[[[[105.99753,18.05026],[105.9996,18.04878],[106.00214,18.04576],[106.00399,18.04493],[106.00725,18.04271],[106.00802,18.04117],[106.01178,18.03702],[106.01453,18.03481],[106.0158,18.03436],[106.01617,18.03348],[106.01562,18.0313],[106.01654,18.02964],[106.01655,18.02861],[106.02061,18.02496],[106.02174,18.02441],[106.02843,18.02249],[106.02954,18.02277],[106.03054,18.0244],[106.03386,18.02415],[106.03608,18.02498],[106.0372,18.02594],[106.03816,18.02598],[106.03974,18.02724],[106.04168,18.02641],[106.04434,18.02621],[106.04532,18.0273],[106.04727,18.02674],[106.04772,18.02614],[106.04915,18.02594],[106.0488,18.02395],[106.0493,18.02234],[106.0493,18.02074],[106.0503,18.02019],[106.05312,18.01965],[106.05958,18.00799],[106.06076,18.00705],[106.06198,18.00484],[106.06338,18.00361],[106.06436,18.00159],[106.06537,18.00031],[106.06644,17.99958],[106.06663,17.99882],[106.06911,17.99887],[106.07129,17.99516],[106.07122,17.9945],[106.07026,17.99324],[106.06768,17.99158],[106.06653,17.98825],[106.06684,17.98724],[106.06479,17.98722],[106.06395,17.98687],[106.06205,17.98484],[106.06167,17.98378],[106.06192,17.98315],[106.0618,17.98174],[106.06106,17.97987],[106.05977,17.97828],[106.05917,17.97527],[106.05854,17.97438],[106.05661,17.97233],[106.05436,17.97197],[106.05321,17.96856],[106.05077,17.96857],[106.05058,17.96741],[106.04875,17.9659],[106.04849,17.96463],[106.0475,17.96433],[106.04756,17.96336],[106.04936,17.9621],[106.04874,17.96034],[106.04797,17.95978],[106.04895,17.9594],[106.04945,17.95821],[106.04888,17.95644],[106.0477,17.95456],[106.04711,17.94939],[106.04608,17.94817],[106.04557,17.9465],[106.04564,17.94613],[106.04812,17.94643],[106.04877,17.94479],[106.05192,17.94465],[106.05453,17.94391],[106.05583,17.94304],[106.05625,17.9419],[106.05796,17.9414],[106.05908,17.94051],[106.05907,17.9398],[106.05941,17.93934],[106.06142,17.93895],[106.06322,17.93784],[106.06457,17.93758],[106.06377,17.93703],[106.0632,17.93596],[106.06309,17.93422],[106.06194,17.93184],[106.06186,17.93056],[106.06037,17.92969],[106.05783,17.92534],[106.0598,17.92118],[106.05997,17.91956],[106.06107,17.9179],[106.06125,17.91687],[106.05895,17.91217],[106.05816,17.90869],[106.06148,17.90763],[106.06366,17.90785],[106.06546,17.9062],[106.0665,17.90599],[106.06906,17.9047],[106.0684,17.90282],[106.069,17.9],[106.06857,17.89746],[106.06707,17.89518],[106.06574,17.89131],[106.06534,17.89094],[106.06446,17.89101],[106.06435,17.89052],[106.06347,17.89009],[106.06276,17.88762],[106.06226,17.88767],[106.06203,17.88732],[106.06068,17.88683],[106.0596,17.88511],[106.06029,17.882],[106.06094,17.8821],[106.06222,17.88148],[106.0622,17.87914],[106.06267,17.87852],[106.06216,17.87401],[106.0624,17.87274],[106.06162,17.87006],[106.06349,17.86924],[106.06446,17.86773],[106.06566,17.86667],[106.06674,17.86643],[106.06774,17.86566],[106.06865,17.86576],[106.07033,17.86463],[106.07105,17.86259],[106.07099,17.86128],[106.07188,17.85974],[106.07164,17.85736],[106.07431,17.8527],[106.07552,17.85219],[106.07591,17.85057],[106.07557,17.84854],[106.07584,17.84731],[106.07547,17.84618],[106.07471,17.84566],[106.07239,17.84508],[106.07104,17.84336],[106.06759,17.84054],[106.06662,17.84081],[106.06612,17.84156],[106.06572,17.84144],[106.06441,17.83963],[106.06442,17.83817],[106.06276,17.83879],[106.06222,17.83838],[106.06176,17.8364],[106.06068,17.83533],[106.06051,17.83408],[106.06089,17.83332],[106.06037,17.83295],[106.06,17.83208],[106.05996,17.83051],[106.0607,17.82974],[106.05955,17.82961],[106.05834,17.82856],[106.0566,17.82888],[106.05521,17.82713],[106.05534,17.82644],[106.05341,17.82623],[106.05184,17.82473],[106.05213,17.82323],[106.05312,17.82235],[106.05647,17.821],[106.0589,17.81946],[106.05839,17.81707],[106.05753,17.81552],[106.05627,17.81431],[106.05602,17.81345],[106.05488,17.81285],[106.05297,17.81308],[106.05164,17.8137],[106.05042,17.81304],[106.04984,17.81235],[106.04835,17.81284],[106.04721,17.81282],[106.04567,17.81362],[106.04436,17.81358],[106.04293,17.8149],[106.04066,17.81602],[106.03976,17.81742],[106.03768,17.81828],[106.03294,17.82181],[106.03097,17.82448],[106.03114,17.82577],[106.03012,17.8268],[106.02794,17.82739],[106.02686,17.82862],[106.0258,17.8285],[106.02253,17.83021],[106.02181,17.83123],[106.0209,17.83186],[106.02003,17.83353],[106.01881,17.83395],[106.01926,17.83533],[106.01818,17.83718],[106.01802,17.83836],[106.02325,17.84665],[106.02361,17.84762],[106.02345,17.84792],[106.02112,17.85079],[106.01531,17.85423],[106.01301,17.85687],[106.01216,17.85727],[106.00764,17.86115],[106.0069,17.86084],[106.00566,17.86137],[106.00388,17.86293],[106.00404,17.86354],[106.00355,17.86455],[106.00155,17.86466],[106.00009,17.8666],[106.00054,17.86773],[105.99952,17.87004],[105.99631,17.87244],[105.99432,17.87274],[105.99328,17.87372],[105.99298,17.87528],[105.99153,17.87733],[105.99076,17.87984],[105.98926,17.88106],[105.98845,17.88253],[105.98675,17.88452],[105.98585,17.88434],[105.98425,17.88515],[105.98331,17.8861],[105.98287,17.88851],[105.98296,17.88938],[105.98354,17.88965],[105.98354,17.89013],[105.98207,17.89056],[105.98022,17.89247],[105.97849,17.89303],[105.97784,17.8955],[105.97606,17.89706],[105.97518,17.89695],[105.97475,17.89512],[105.9737,17.89474],[105.96832,17.89704],[105.96706,17.89668],[105.96267,17.89853],[105.96476,17.89521],[105.96396,17.89428],[105.96131,17.89306],[105.95715,17.89346],[105.95473,17.8945],[105.95271,17.89484],[105.95008,17.89499],[105.9479,17.89413],[105.94437,17.8945],[105.94129,17.89657],[105.93824,17.90002],[105.9326,17.90295],[105.93025,17.90506],[105.92891,17.9056],[105.92784,17.90678],[105.92646,17.90736],[105.92576,17.90802],[105.92594,17.90943],[105.92503,17.91232],[105.92582,17.91241],[105.92704,17.91345],[105.92924,17.9143],[105.93031,17.91746],[105.92894,17.91993],[105.92838,17.92255],[105.92719,17.92513],[105.92605,17.92518],[105.92308,17.92628],[105.92148,17.92618],[105.9199,17.92818],[105.91928,17.92983],[105.91657,17.93214],[105.9127,17.93194],[105.91131,17.93234],[105.90958,17.93219],[105.90764,17.93363],[105.90616,17.9355],[105.90429,17.93545],[105.90332,17.93595],[105.90015,17.93612],[105.89857,17.93781],[105.89975,17.94232],[105.8997,17.94385],[105.89886,17.94545],[105.89901,17.94686],[105.89942,17.94758],[105.8981,17.94732],[105.89703,17.94644],[105.89474,17.94554],[105.89406,17.94498],[105.89318,17.94305],[105.89309,17.94106],[105.89249,17.93843],[105.8913,17.93681],[105.88942,17.93607],[105.88856,17.93651],[105.88712,17.93976],[105.88639,17.94011],[105.88476,17.94023],[105.88341,17.94106],[105.88046,17.94515],[105.88066,17.94589],[105.88138,17.94641],[105.8798,17.94629],[105.87796,17.94954],[105.87707,17.95571],[105.87648,17.95756],[105.87753,17.95828],[105.87897,17.96013],[105.88122,17.96156],[105.88093,17.96283],[105.88152,17.96485],[105.88254,17.96539],[105.88295,17.96641],[105.88406,17.96758],[105.8852,17.96805],[105.88461,17.97246],[105.88531,17.97482],[105.88826,17.97829],[105.88806,17.97988],[105.88838,17.98],[105.88902,17.97944],[105.89015,17.97983],[105.89015,17.98054],[105.89101,17.98069],[105.89078,17.98182],[105.8932,17.98084],[105.89399,17.98275],[105.89466,17.98291],[105.89506,17.98371],[105.89588,17.98362],[105.89546,17.98434],[105.89649,17.98403],[105.89647,17.98479],[105.89857,17.98763],[105.8998,17.99372],[105.89943,17.99435],[105.89842,17.99477],[105.89517,17.99377],[105.89259,17.99115],[105.89134,17.98812],[105.88983,17.98737],[105.88863,17.988],[105.88771,17.99026],[105.88734,17.99207],[105.88771,17.99313],[105.88854,17.99456],[105.89112,17.99622],[105.89271,17.99814],[105.89268,17.99884],[105.89332,18.00026],[105.89519,18.00239],[105.89592,18.00427],[105.89598,18.00533],[105.89756,18.00708],[105.89853,18.0053],[105.9001,18.00433],[105.90122,18.00297],[105.90319,18.00216],[105.90618,17.99945],[105.9076,17.99909],[105.90923,17.99813],[105.91186,18.00294],[105.91312,18.00453],[105.91369,18.00602],[105.91312,18.00636],[105.91268,18.0072],[105.91261,18.00802],[105.91331,18.01015],[105.91245,18.01239],[105.91161,18.01365],[105.91122,18.01496],[105.91147,18.01591],[105.91348,18.01725],[105.91508,18.0178],[105.91737,18.02108],[105.91792,18.02236],[105.92069,18.02466],[105.92156,18.02875],[105.92305,18.02899],[105.92668,18.03084],[105.92819,18.03101],[105.93029,18.02996],[105.93218,18.02732],[105.93472,18.0258],[105.93728,18.0249],[105.93949,18.02454],[105.94096,18.02464],[105.94453,18.02266],[105.9461,18.02072],[105.94872,18.01914],[105.95019,18.01767],[105.95116,18.01655],[105.95126,18.01535],[105.95166,18.01562],[105.95224,18.01746],[105.95295,18.0176],[105.95486,18.01508],[105.95739,18.01324],[105.95817,18.01168],[105.96111,18.01206],[105.9625,18.01132],[105.96296,18.01059],[105.96354,18.0105],[105.9646,18.01142],[105.96551,18.01128],[105.9657,18.01158],[105.96567,18.01283],[105.96673,18.01343],[105.96719,18.01422],[105.96668,18.01471],[105.96684,18.01519],[105.96656,18.0157],[105.96886,18.01782],[105.96892,18.01818],[105.96819,18.01826],[105.96875,18.01923],[105.96997,18.02015],[105.97006,18.02134],[105.97046,18.02207],[105.97297,18.02209],[105.97688,18.02446],[105.97865,18.02595],[105.97983,18.02623],[105.9817,18.02763],[105.98334,18.02701],[105.98403,18.0262],[105.98574,18.02658],[105.98637,18.02892],[105.98798,18.03004],[105.98822,18.03182],[105.98916,18.03311],[105.98936,18.0347],[105.99041,18.03577],[105.99248,18.03684],[105.99285,18.03824],[105.99346,18.0387],[105.99259,18.04047],[105.99183,18.04506],[105.99168,18.05006],[105.9936,18.05027],[105.99483,18.05104],[105.99753,18.05026]]]]}},
{"type":"Feature","id":"18952","properties":{"Ward_Code":"18952","Ward_Code_Num":18952,"Ward":"Tuyên Sơn","Ward_Alt":"Tuyên Sơn","Ward_Upper":"TUYÊN SƠN","Ward_Full":"Xã Tuyên Sơn","Ward_Full_Alt":"Xã Tuyên Sơn","Ward_Full_Upper_Alt":"XÃ TUYÊN SƠN","Ward_Type":"Xã","Province_Code":"44","Province":"Quảng Trị","Province_Upper_Alt":"QUẢNG TRỊ"},"geometry":{"type":"MultiPolygon","coordinates":[[[[105.89608,18.08989],[105.89788,18.09003],[105.89924,18.08956],[105.90429,18.08976],[105.90589,18.08922],[105.9083,18.08922],[105.91019,18.08869],[105.91093,18.08808],[105.91124,18.08729],[105.91219,18.08754],[105.91339,18.08716],[105.91832,18.08072],[105.91946,18.08109],[105.92009,18.08232],[105.92236,18.0835],[105.92413,18.08504],[105.92821,18.08675],[105.93069,18.08935],[105.93232,18.0892],[105.93414,18.08829],[105.93503,18.08685],[105.93522,18.0847],[105.93575,18.08318],[105.93767,18.08218],[105.93876,18.08025],[105.93897,18.07917],[105.94169,18.0768],[105.94248,18.07538],[105.94537,18.07396],[105.94611,18.07299],[105.94606,18.07156],[105.94709,18.07086],[105.94722,18.06909],[105.95038,18.06598],[105.95045,18.06466],[105.94935,18.06312],[105.94999,18.06235],[105.9499,18.05911],[105.95045,18.05826],[105.95218,18.05762],[105.95529,18.05813],[105.95714,18.05891],[105.95984,18.05895],[105.9633,18.05952],[105.96372,18.05893],[105.96365,18.05703],[105.96404,18.05655],[105.96816,18.05497],[105.96882,18.05604],[105.97038,18.0574],[105.97068,18.05815],[105.97223,18.05906],[105.97507,18.06213],[105.97828,18.06352],[105.98124,18.06382],[105.98268,18.06434],[105.986,18.06396],[105.98661,18.06178],[105.98943,18.06077],[105.99018,18.05953],[105.99204,18.05844],[105.99267,18.05772],[105.99396,18.05463],[105.99475,18.05378],[105.99483,18.05104],[105.99395,18.05038],[105.99176,18.05019],[105.99166,18.04984],[105.99183,18.04506],[105.99259,18.04047],[105.99346,18.0387],[105.99285,18.03824],[105.99248,18.03684],[105.99041,18.03577],[105.98936,18.0347],[105.98916,18.03311],[105.98822,18.03182],[105.98798,18.03004],[105.98637,18.02892],[105.98574,18.02658],[105.98403,18.0262],[105.98334,18.02701],[105.9817,18.02763],[105.97983,18.02623],[105.97865,18.02595],[105.97688,18.02446],[105.97297,18.02209],[105.97046,18.02207],[105.97006,18.02134],[105.96997,18.02015],[105.96875,18.01923],[105.96819,18.01826],[105.96892,18.01818],[105.96886,18.01782],[105.96656,18.0157],[105.96684,18.01519],[105.96668,18.01471],[105.96719,18.01422],[105.96673,18.01343],[105.96567,18.01283],[105.9657,18.01158],[105.96551,18.01128],[105.9646,18.01142],[105.96345,18.01048],[105.96111,18.01206],[105.95817,18.01168],[105.95739,18.01324],[105.95486,18.01508],[105.95295,18.0176],[105.95224,18.01746],[105.95166,18.01562],[105.95126,18.01535],[105.95116,18.01655],[105.95019,18.01767],[105.94872,18.01914],[105.9461,18.02072],[105.94453,18.02266],[105.94096,18.02464],[105.93949,18.02454],[105.93728,18.0249],[105.93472,18.0258],[105.93218,18.02732],[105.93029,18.02996],[105.92819,18.03101],[105.92668,18.03084],[105.92305,18.02899],[105.92156,18.02875],[105.92069,18.02466],[105.91792,18.02236],[105.91737,18.02108],[105.91508,18.0178],[105.91348,18.01725],[105.91147,18.01591],[105.91122,18.01496],[105.91161,18.01365],[105.91245,18.01239],[105.91331,18.01015],[105.91261,18.00802],[105.91268,18.0072],[105.91312,18.00636],[105.91369,18.00602],[105.91312,18.00453],[105.91186,18.00294],[105.90923,17.99813],[105.9076,17.99909],[105.90618,17.99945],[105.90319,18.00216],[105.90122,18.00297],[105.9001,18.00433],[105.89853,18.0053],[105.89756,18.00708],[105.89598,18.00533],[105.89592,18.00427],[105.89519,18.00239],[105.89332,18.00026],[105.89268,17.99884],[105.89271,17.99814],[105.89112,17.99622],[105.88843,17.99439],[105.88735,17.99177],[105.8884,17.98841],[105.88941,17.98741],[105.89002,17.98739],[105.89134,17.98812],[105.89266,17.99125],[105.89477,17.99348],[105.89618,17.99425],[105.89842,17.99477],[105.89962,17.9942],[105.8998,17.99361],[105.89932,17.9907],[105.8985,17.98744],[105.89647,17.98479],[105.89649,17.98403],[105.89546,17.98434],[105.89588,17.98362],[105.89506,17.98371],[105.89466,17.98291],[105.89399,17.98275],[105.8932,17.98084],[105.89078,17.98182],[105.89101,17.98069],[105.89015,17.98054],[105.89015,17.97983],[105.88902,17.97944],[105.88838,17.98],[105.88806,17.97988],[105.88826,17.97829],[105.88531,17.97482],[105.88461,17.97246],[105.8852,17.96805],[105.88406,17.96758],[105.88295,17.96641],[105.88254,17.96539],[105.88152,17.96485],[105.88093,17.96283],[105.88122,17.96156],[105.87897,17.96013],[105.87753,17.95828],[105.87625,17.9574],[105.87336,17.95566],[105.86971,17.95442],[105.86761,17.95183],[105.86364,17.9511],[105.8613,17.95178],[105.85965,17.95177],[105.85798,17.95025],[105.85666,17.95022],[105.85623,17.9518],[105.85501,17.95317],[105.85415,17.95329],[105.85262,17.95264],[105.84943,17.9565],[105.84816,17.95632],[105.8473,17.95572],[105.84448,17.95694],[105.84382,17.95798],[105.84413,17.95902],[105.8433,17.9611],[105.84332,17.96308],[105.84219,17.9643],[105.84146,17.96643],[105.84004,17.96765],[105.83995,17.97226],[105.84058,17.9731],[105.84292,17.97132],[105.84574,17.97148],[105.84719,17.97048],[105.84961,17.97055],[105.84986,17.97111],[105.851,17.9713],[105.85253,17.97342],[105.85354,17.9741],[105.85426,17.97649],[105.85636,17.9804],[105.85635,17.98207],[105.85586,17.98267],[105.85448,17.98688],[105.85567,17.98932],[105.85776,17.99058],[105.85707,17.99175],[105.85477,17.99293],[105.85474,17.99371],[105.85628,17.99553],[105.85888,17.99636],[105.85961,17.99761],[105.85844,17.99791],[105.85637,17.99983],[105.85483,17.9995],[105.85343,18.0011],[105.8511,18.00192],[105.84926,18.00332],[105.84956,18.00377],[105.84884,18.0055],[105.84953,18.00716],[105.84939,18.0088],[105.84986,18.01086],[105.84882,18.01338],[105.84903,18.01423],[105.84881,18.01516],[105.84979,18.01613],[105.84996,18.01671],[105.84992,18.01784],[105.84942,18.01886],[105.84954,18.02017],[105.84983,18.02046],[105.85067,18.02039],[105.85224,18.01871],[105.8533,18.01874],[105.85269,18.01933],[105.85216,18.02102],[105.85008,18.02301],[105.84831,18.02285],[105.84749,18.0222],[105.84674,18.02207],[105.84296,18.0226],[105.83824,18.02391],[105.83779,18.02418],[105.83682,18.02668],[105.835,18.02692],[105.83388,18.02853],[105.83105,18.0292],[105.82898,18.03171],[105.83004,18.03284],[105.83152,18.03538],[105.83338,18.03668],[105.83413,18.03762],[105.83411,18.03837],[105.83531,18.04111],[105.8279,18.04727],[105.8243,18.04782],[105.82148,18.05016],[105.81941,18.05124],[105.81301,18.05265],[105.82145,18.05937],[105.82313,18.06006],[105.82584,18.06278],[105.82751,18.0636],[105.83066,18.0643],[105.83076,18.06492],[105.83185,18.06529],[105.83231,18.06497],[105.833,18.06533],[105.83378,18.0652],[105.83448,18.06402],[105.83571,18.06402],[105.83694,18.06338],[105.83829,18.06314],[105.83918,18.06343],[105.83947,18.06399],[105.84066,18.06447],[105.8409,18.06487],[105.8425,18.0655],[105.84444,18.06419],[105.84861,18.06404],[105.8499,18.06675],[105.85224,18.06761],[105.85462,18.06768],[105.86952,18.06653],[105.874,18.06827],[105.87523,18.0695],[105.8751,18.07053],[105.87564,18.07178],[105.87545,18.07315],[105.87774,18.07392],[105.87868,18.07547],[105.8801,18.0759],[105.88048,18.07673],[105.88115,18.07679],[105.88141,18.07914],[105.88233,18.08022],[105.8822,18.08224],[105.8831,18.08332],[105.8844,18.0841],[105.88623,18.08428],[105.8875,18.08548],[105.8913,18.08643],[105.892,18.08785],[105.89324,18.08903],[105.89527,18.09014],[105.89608,18.08989]]]]}},
{"type":"Feature","id":"18958","properties":{"Ward_Code":"18958","Ward_Code_Num":18958,"Ward":"Tuyên Lâm","Ward_Alt":"Tuyên Lâm","Ward_Upper":"TUYÊN LÂM","Ward_Full":"Xã Tuyên Lâm","Ward_Full_Alt":"Xã Tuyên Lâm","Ward_Full_Upper_Alt":"XÃ TUYÊN LÂM","Ward_Type":"Xã","Province_Code":"44","Province":"Quảng Trị","Province_Upper_Alt":"QUẢNG TRỊ"},"geometry":{"type":"MultiPolygon","coordinates":[[[[105.822,18.03346],[105.82323,18.03347],[105.82612,18.03209],[105.82897,18.03168],[105.83133,18.02902],[105.83388,18.02853],[105.835,18.02692],[105.83682,18.02668],[105.83779,18.02418],[105.83824,18.02391],[105.84296,18.0226],[105.84674,18.02207],[105.84749,18.0222],[105.84831,18.02285],[105.85008,18.02301],[105.8513,18.02201],[105.85216,18.02102],[105.85269,18.01933],[105.8533,18.01874],[105.85224,18.01871],[105.85067,18.02039],[105.84983,18.02046],[105.84954,18.02017],[105.84942,18.01886],[105.84992,18.01784],[105.84996,18.01671],[105.8488,18.01502],[105.84895,18.01269],[105.84986,18.01086],[105.84939,18.0088],[105.84953,18.00716],[105.84884,18.00571],[105.84956,18.00377],[105.84926,18.00332],[105.85171,18.00158],[105.85343,18.0011],[105.85483,17.9995],[105.85637,17.99983],[105.85844,17.99791],[105.85961,17.99761],[105.85888,17.99636],[105.85628,17.99553],[105.85474,17.99371],[105.85477,17.99293],[105.85707,17.99175],[105.85776,17.99058],[105.85567,17.98932],[105.85455,17.98722],[105.85487,17.98543],[105.85586,17.98267],[105.85635,17.98207],[105.85636,17.9804],[105.85426,17.97649],[105.85354,17.9741],[105.85253,17.97342],[105.851,17.9713],[105.84986,17.97111],[105.84927,17.97045],[105.84719,17.97048],[105.84574,17.97148],[105.84292,17.97132],[105.84069,17.97313],[105.84,17.9726],[105.84004,17.96765],[105.84146,17.96643],[105.84219,17.9643],[105.84332,17.96308],[105.84323,17.96152],[105.84413,17.95902],[105.84382,17.95798],[105.84431,17.95713],[105.84483,17.95662],[105.84572,17.95656],[105.8473,17.95572],[105.84816,17.95632],[105.84943,17.9565],[105.85262,17.95264],[105.85415,17.95329],[105.85501,17.95317],[105.85623,17.9518],[105.85666,17.95022],[105.85464,17.9479],[105.855,17.94746],[105.85522,17.94573],[105.85494,17.94341],[105.8545,17.94266],[105.85513,17.94045],[105.85481,17.93944],[105.84594,17.93976],[105.84433,17.93944],[105.84081,17.93945],[105.84026,17.9395],[105.83909,17.94063],[105.83935,17.93959],[105.83883,17.93707],[105.83705,17.93477],[105.83732,17.93153],[105.83809,17.93082],[105.83994,17.93012],[105.84152,17.93028],[105.84378,17.92686],[105.84407,17.92608],[105.84394,17.92438],[105.84472,17.92353],[105.84502,17.92264],[105.84448,17.92097],[105.84456,17.92012],[105.84589,17.91905],[105.84736,17.91915],[105.84809,17.91884],[105.84933,17.91745],[105.85026,17.91704],[105.85142,17.91485],[105.85058,17.91404],[105.84442,17.91063],[105.84295,17.9063],[105.84169,17.90619],[105.83991,17.90523],[105.83915,17.90538],[105.83718,17.90643],[105.83414,17.90897],[105.83259,17.91205],[105.83226,17.91364],[105.83194,17.91423],[105.83005,17.91571],[105.82913,17.91731],[105.82887,17.91881],[105.8263,17.91877],[105.8243,17.91832],[105.82336,17.91858],[105.82039,17.92073],[105.81928,17.92108],[105.816,17.91872],[105.81519,17.91867],[105.81462,17.9189],[105.81392,17.92002],[105.81274,17.92099],[105.80952,17.92155],[105.80482,17.91984],[105.80222,17.92032],[105.79712,17.91999],[105.79467,17.92024],[105.78958,17.91659],[105.78781,17.91659],[105.78756,17.91468],[105.7867,17.91359],[105.7851,17.91032],[105.78391,17.90968],[105.783,17.90828],[105.78282,17.90701],[105.78348,17.90407],[105.78264,17.89749],[105.78124,17.89712],[105.77892,17.89504],[105.77673,17.89481],[105.77367,17.89512],[105.77229,17.89474],[105.77123,17.89486],[105.77032,17.89385],[105.76592,17.89128],[105.76362,17.89085],[105.76043,17.89141],[105.75885,17.89243],[105.75807,17.89241],[105.75706,17.89289],[105.75481,17.89519],[105.75427,17.8954],[105.75227,17.89516],[105.75154,17.89564],[105.75118,17.8966],[105.7512,17.89925],[105.75174,17.90018],[105.75131,17.90057],[105.74828,17.90124],[105.74811,17.90217],[105.74738,17.90291],[105.74727,17.90485],[105.74553,17.90544],[105.74328,17.90824],[105.74169,17.90853],[105.73899,17.90651],[105.73598,17.90819],[105.73328,17.90781],[105.73212,17.90824],[105.73016,17.90828],[105.72989,17.90911],[105.73016,17.91106],[105.72991,17.91186],[105.72769,17.9143],[105.72704,17.91681],[105.72463,17.9181],[105.72189,17.91795],[105.71651,17.91348],[105.71602,17.91274],[105.71469,17.91346],[105.71353,17.91351],[105.71229,17.91425],[105.71142,17.91306],[105.70946,17.91289],[105.70797,17.91213],[105.70557,17.91231],[105.70469,17.91426],[105.70319,17.91646],[105.70407,17.91715],[105.70478,17.91844],[105.70332,17.9188],[105.70291,17.91988],[105.70127,17.9212],[105.7002,17.92263],[105.69774,17.92196],[105.69401,17.92184],[105.69188,17.92246],[105.6904,17.92347],[105.68774,17.9236],[105.68663,17.92408],[105.68634,17.92482],[105.68444,17.92505],[105.68418,17.92564],[105.68302,17.92662],[105.68187,17.92699],[105.68113,17.92825],[105.67934,17.92909],[105.67801,17.93193],[105.67816,17.93345],[105.67866,17.93438],[105.6785,17.93615],[105.67907,17.93731],[105.67888,17.94037],[105.67976,17.94196],[105.67884,17.9449],[105.67604,17.94502],[105.67365,17.94425],[105.66979,17.94486],[105.66868,17.94545],[105.6679,17.94666],[105.66659,17.94755],[105.66462,17.94804],[105.66375,17.94787],[105.66326,17.94836],[105.66286,17.95002],[105.66127,17.95097],[105.65978,17.95136],[105.65878,17.95264],[105.65667,17.95391],[105.65371,17.95349],[105.64594,17.95523],[105.64383,17.95671],[105.64224,17.95841],[105.64238,17.96181],[105.64307,17.96471],[105.64273,17.96987],[105.64204,17.97167],[105.64384,17.97549],[105.64375,17.97717],[105.6429,17.97868],[105.64278,17.97998],[105.64351,17.98379],[105.64327,17.9868],[105.64359,17.98972],[105.64322,17.99109],[105.64354,17.99246],[105.706,17.99244],[105.70693,17.9935],[105.70762,17.99493],[105.71104,17.99642],[105.71182,17.99767],[105.71308,17.99863],[105.71252,18.00174],[105.71383,18.00254],[105.71501,18.00436],[105.71734,18.00436],[105.71871,18.00523],[105.71998,18.00547],[105.72137,18.00728],[105.72222,18.00791],[105.72144,18.00812],[105.72048,18.00985],[105.72131,18.01138],[105.72139,18.01227],[105.72044,18.01365],[105.71998,18.015],[105.72007,18.01704],[105.71977,18.01883],[105.72004,18.02028],[105.72142,18.0221],[105.72271,18.02302],[105.72393,18.02343],[105.7248,18.02596],[105.72674,18.02754],[105.72713,18.0287],[105.72766,18.02902],[105.72849,18.02898],[105.7293,18.0322],[105.73016,18.03365],[105.73127,18.03453],[105.73389,18.03512],[105.73478,18.03594],[105.73543,18.03554],[105.73633,18.03558],[105.7399,18.03723],[105.74016,18.03678],[105.74229,18.03544],[105.74537,18.03551],[105.74623,18.03471],[105.74753,18.03423],[105.75026,18.03401],[105.75132,18.03199],[105.7526,18.03134],[105.75328,18.03043],[105.754,18.02825],[105.75837,18.02563],[105.76052,18.02469],[105.76453,18.02476],[105.76997,18.02346],[105.77294,18.02014],[105.77498,18.01846],[105.7754,18.01738],[105.77756,18.01697],[105.77879,18.01724],[105.78009,18.0184],[105.78176,18.01903],[105.78325,18.02163],[105.78397,18.02185],[105.78453,18.02272],[105.78533,18.02306],[105.78719,18.02477],[105.78838,18.02522],[105.79011,18.02554],[105.79091,18.02534],[105.79162,18.02472],[105.79349,18.02503],[105.79742,18.02377],[105.79889,18.02399],[105.80226,18.02585],[105.80383,18.02611],[105.80904,18.02583],[105.81003,18.02604],[105.81069,18.02728],[105.81004,18.02847],[105.80777,18.03084],[105.80765,18.03162],[105.81082,18.03364],[105.81578,18.0362],[105.81662,18.03799],[105.81878,18.03705],[105.82025,18.03434],[105.822,18.03346]]]]}},
{"type":"Feature","id":"18985","properties":{"Ward_Code":"18985","Ward_Code_Num":18985,"Ward":"Tuyên Phú","Ward_Alt":"Tuyên Phú","Ward_Upper":"TUYÊN PHÚ","Ward_Full":"Xã Tuyên Phú","Ward_Full_Alt":"Xã Tuyên Phú","Ward_Full_Upper_Alt":"XÃ TUYÊN PHÚ","Ward_Type":"Xã","Province_Code":"44","Province":"Quảng Trị","Province_Upper_Alt":"QUẢNG TRỊ"},"geometry":{"type":"MultiPolygon","coordinates":[[[[106.16968,17.88114],[106.16962,17.8793],[106.17014,17.87875],[106.17012,17.87801],[106.17142,17.87661],[106.17137,17.87476],[106.17066,17.87254],[106.16957,17.87165],[106.16862,17.86937],[106.16828,17.86733],[106.16675,17.86664],[106.16673,17.86565],[106.16545,17.86474],[106.16368,17.86215],[106.16353,17.8586],[106.16232,17.85834],[106.16188,17.85776],[106.1618,17.85724],[106.16301,17.85771],[106.1638,17.85755],[106.16591,17.85617],[106.16539,17.8541],[106.16474,17.85299],[106.16472,17.85198],[106.16414,17.85163],[106.16395,17.85085],[106.16316,17.84996],[106.1625,17.8498],[106.1625,17.84893],[106.16149,17.84766],[106.15972,17.84631],[106.16002,17.84596],[106.16108,17.84581],[106.16142,17.84485],[106.16124,17.84406],[106.16052,17.84373],[106.16008,17.84386],[106.1598,17.84324],[106.15914,17.84309],[106.15822,17.84411],[106.15741,17.84431],[106.15706,17.84493],[106.15606,17.84502],[106.15538,17.84366],[106.15521,17.8422],[106.15316,17.83934],[106.15336,17.83882],[106.15406,17.83865],[106.15888,17.83943],[106.15921,17.83868],[106.15783,17.8379],[106.15405,17.83676],[106.15042,17.83384],[106.14812,17.8311],[106.14883,17.83008],[106.14862,17.82881],[106.14803,17.82797],[106.14686,17.82761],[106.14638,17.8268],[106.14725,17.826],[106.1466,17.82548],[106.14498,17.82555],[106.14507,17.82492],[106.14438,17.82496],[106.14209,17.8226],[106.1423,17.82059],[106.14506,17.81974],[106.14499,17.81627],[106.14565,17.81165],[106.14337,17.81014],[106.1422,17.80733],[106.14055,17.80745],[106.1387,17.80654],[106.13834,17.80603],[106.13725,17.79981],[106.13541,17.79701],[106.13756,17.79611],[106.13886,17.79389],[106.13506,17.79119],[106.13301,17.79188],[106.13069,17.79051],[106.12968,17.79091],[106.12615,17.79103],[106.12426,17.79043],[106.12328,17.79107],[106.12208,17.79132],[106.12018,17.79124],[106.11918,17.79062],[106.11663,17.79156],[106.11513,17.79164],[106.11363,17.79084],[106.111,17.79078],[106.10897,17.79116],[106.10842,17.79166],[106.10704,17.79145],[106.10447,17.79197],[106.10344,17.7927],[106.10249,17.79291],[106.1011,17.79416],[106.09917,17.7942],[106.09615,17.79479],[106.09474,17.79578],[106.09357,17.79602],[106.09269,17.79747],[106.08996,17.79907],[106.0896,17.80015],[106.089,17.80074],[106.08632,17.80156],[106.08497,17.8031],[106.08302,17.80384],[106.08175,17.80344],[106.0807,17.8041],[106.07969,17.80397],[106.07905,17.8048],[106.07712,17.80569],[106.07535,17.80596],[106.07373,17.80698],[106.07261,17.80663],[106.06642,17.80903],[106.06351,17.80959],[106.06006,17.81075],[106.05876,17.81085],[106.05578,17.81274],[106.05627,17.81431],[106.05728,17.81514],[106.05839,17.81707],[106.0589,17.81946],[106.05647,17.821],[106.05312,17.82235],[106.05213,17.82323],[106.05184,17.82473],[106.05341,17.82623],[106.05534,17.82644],[106.05521,17.82713],[106.0566,17.82888],[106.05834,17.82856],[106.05955,17.82961],[106.0607,17.82974],[106.05996,17.83051],[106.06,17.83208],[106.06037,17.83295],[106.06089,17.83332],[106.06051,17.83408],[106.06068,17.83533],[106.06176,17.8364],[106.06189,17.83765],[106.06248,17.83869],[106.06442,17.83817],[106.06441,17.83963],[106.06572,17.84144],[106.06612,17.84156],[106.06668,17.84077],[106.06765,17.84057],[106.07104,17.84336],[106.07239,17.84508],[106.07471,17.84566],[106.07539,17.84611],[106.07584,17.84731],[106.07557,17.84854],[106.07591,17.85057],[106.07552,17.85219],[106.07431,17.8527],[106.07164,17.85736],[106.07188,17.85974],[106.07099,17.86128],[106.07105,17.86259],[106.07033,17.86463],[106.06865,17.86576],[106.06774,17.86566],[106.06674,17.86643],[106.06566,17.86667],[106.06446,17.86773],[106.06349,17.86924],[106.06162,17.87006],[106.0624,17.87274],[106.06216,17.87401],[106.06267,17.87852],[106.0622,17.87914],[106.06222,17.88148],[106.06094,17.8821],[106.06029,17.882],[106.0596,17.88511],[106.06068,17.88683],[106.06203,17.88732],[106.06226,17.88767],[106.06276,17.88762],[106.06347,17.89009],[106.06435,17.89052],[106.06446,17.89101],[106.06534,17.89094],[106.06574,17.89131],[106.06707,17.89518],[106.06857,17.89746],[106.069,17.9],[106.0684,17.90282],[106.06906,17.9047],[106.0665,17.90599],[106.06546,17.9062],[106.06366,17.90785],[106.06148,17.90763],[106.05816,17.90869],[106.05895,17.91217],[106.06125,17.91687],[106.06107,17.9179],[106.05997,17.91956],[106.0598,17.92118],[106.05783,17.92534],[106.06037,17.92969],[106.06186,17.93056],[106.06194,17.93184],[106.06309,17.93422],[106.06309,17.93562],[106.06398,17.93725],[106.06457,17.93758],[106.06577,17.93708],[106.06787,17.93744],[106.06906,17.93698],[106.07022,17.93586],[106.07179,17.93628],[106.073,17.93566],[106.07409,17.93576],[106.07432,17.93428],[106.07534,17.9331],[106.07641,17.93275],[106.07854,17.93296],[106.08382,17.93266],[106.08629,17.93188],[106.08993,17.93241],[106.09098,17.93295],[106.09486,17.93144],[106.09628,17.93124],[106.09705,17.93043],[106.0996,17.93019],[106.10161,17.92957],[106.10236,17.92895],[106.10518,17.92912],[106.1062,17.92746],[106.10923,17.92791],[106.11147,17.92747],[106.11229,17.92701],[106.11379,17.9272],[106.1144,17.92692],[106.1173,17.9279],[106.11898,17.92757],[106.12041,17.92666],[106.12064,17.92571],[106.12697,17.92336],[106.12923,17.92184],[106.12963,17.92106],[106.13021,17.92071],[106.13146,17.92037],[106.13231,17.92076],[106.13406,17.92054],[106.13501,17.92139],[106.13773,17.92161],[106.13814,17.92149],[106.1387,17.92053],[106.1386,17.91908],[106.14016,17.91862],[106.14254,17.91892],[106.14421,17.91825],[106.14634,17.91825],[106.1481,17.919],[106.15052,17.91895],[106.15253,17.9176],[106.15783,17.91657],[106.15938,17.91713],[106.16189,17.91698],[106.16316,17.91727],[106.16464,17.91683],[106.16816,17.91473],[106.16933,17.91487],[106.172,17.91435],[106.17634,17.9167],[106.17793,17.91883],[106.17917,17.91775],[106.17967,17.91451],[106.18095,17.91252],[106.18435,17.90997],[106.18533,17.90882],[106.18616,17.90658],[106.18736,17.90519],[106.188,17.90388],[106.18839,17.90048],[106.19129,17.89841],[106.19423,17.8969],[106.19449,17.8949],[106.19539,17.8938],[106.19648,17.89148],[106.19805,17.89],[106.19876,17.88764],[106.19883,17.88604],[106.19956,17.88474],[106.2035,17.88157],[106.20406,17.87694],[106.20339,17.87556],[106.20397,17.87467],[106.20474,17.87433],[106.20424,17.87337],[106.20294,17.87359],[106.20121,17.87451],[106.19928,17.87651],[106.19846,17.87692],[106.19664,17.8769],[106.19547,17.87637],[106.19532,17.87582],[106.19458,17.87593],[106.19409,17.8769],[106.19352,17.87642],[106.19186,17.87615],[106.19157,17.87678],[106.19153,17.87858],[106.19068,17.87959],[106.1896,17.87962],[106.18946,17.88102],[106.1886,17.88136],[106.18801,17.88095],[106.18756,17.88202],[106.187,17.88235],[106.18551,17.88106],[106.18443,17.88088],[106.18306,17.88126],[106.18214,17.88081],[106.18134,17.88109],[106.17996,17.88057],[106.17941,17.88103],[106.17779,17.88122],[106.17677,17.88173],[106.17376,17.882],[106.16965,17.88496],[106.1693,17.88475],[106.16918,17.88296],[106.16968,17.88114]]]]}},
{"type":"Feature","id":"18991","properties":{"Ward_Code":"18991","Ward_Code_Num":18991,"Ward":"Tuyên Bình","Ward_Alt":"Tuyên Bình","Ward_Upper":"TUYÊN BÌNH","Ward_Full":"Xã Tuyên Bình","Ward_Full_Alt":"Xã Tuyên Bình","Ward_Full_Upper_Alt":"XÃ TUYÊN BÌNH","Ward_Type":"Xã","Province_Code":"44","Province":"Quảng Trị","Province_Upper_Alt":"QUẢNG TRỊ"},"geometry":{"type":"MultiPolygon","coordinates":[[[[106.2773,17.90552],[106.27623,17.90515],[106.27548,17.90333],[106.27208,17.90194],[106.27109,17.90028],[106.27097,17.89953],[106.2714,17.8975],[106.27093,17.89637],[106.27138,17.89519],[106.27104,17.8946],[106.2711,17.89364],[106.26822,17.89204],[106.26795,17.88769],[106.26696,17.88516],[106.26777,17.88479],[106.26924,17.88301],[106.26913,17.8816],[106.27014,17.88093],[106.27027,17.88045],[106.27024,17.87815],[106.27306,17.87756],[106.27416,17.8746],[106.27294,17.87145],[106.27001,17.86998],[106.26976,17.86784],[106.27084,17.86691],[106.2716,17.86544],[106.27096,17.86396],[106.26987,17.86369],[106.26966,17.86245],[106.26998,17.86089],[106.26894,17.86082],[106.26676,17.86141],[106.26402,17.85965],[106.26274,17.85709],[106.26253,17.85574],[106.26181,17.85496],[106.26113,17.85189],[106.25842,17.852],[106.25643,17.85145],[106.25598,17.85202],[106.25582,17.85529],[106.2535,17.85604],[106.24931,17.8543],[106.24623,17.85374],[106.24413,17.85379],[106.24204,17.85456],[106.24128,17.8531],[106.23998,17.85291],[106.23842,17.85181],[106.23522,17.85153],[106.23282,17.85061],[106.23423,17.84831],[106.23568,17.84769],[106.23818,17.84726],[106.23897,17.84574],[106.24056,17.84576],[106.24198,17.84501],[106.24098,17.84281],[106.24097,17.84115],[106.23956,17.83737],[106.23944,17.83572],[106.23729,17.83243],[106.23748,17.83086],[106.23626,17.82887],[106.235,17.82575],[106.23348,17.82412],[106.23348,17.82309],[106.23197,17.82261],[106.23175,17.82213],[106.22935,17.82069],[106.22749,17.81739],[106.2251,17.81206],[106.22367,17.81277],[106.22285,17.8112],[106.22244,17.81117],[106.21972,17.8129],[106.21825,17.81343],[106.21804,17.813],[106.21847,17.81274],[106.21824,17.8121],[106.21773,17.81203],[106.21786,17.8109],[106.2203,17.80879],[106.22055,17.80828],[106.22014,17.80789],[106.22044,17.80727],[106.22109,17.80696],[106.22063,17.80663],[106.22166,17.8058],[106.22243,17.80569],[106.22227,17.80508],[106.22257,17.80358],[106.22355,17.80173],[106.21696,17.80151],[106.21273,17.80225],[106.2108,17.80342],[106.20707,17.80678],[106.20425,17.80879],[106.19881,17.8115],[106.19073,17.81303],[106.18331,17.81571],[106.18228,17.81493],[106.18234,17.81245],[106.18119,17.81162],[106.18388,17.8092],[106.182,17.80634],[106.18278,17.8043],[106.18079,17.80169],[106.18041,17.80053],[106.17887,17.79951],[106.17712,17.80005],[106.17631,17.80102],[106.17473,17.80105],[106.17347,17.80201],[106.17183,17.80224],[106.17032,17.80301],[106.16944,17.80384],[106.16678,17.80498],[106.16435,17.80503],[106.16351,17.80562],[106.1603,17.80625],[106.1568,17.8077],[106.155,17.80802],[106.15245,17.80788],[106.14565,17.81165],[106.14499,17.81627],[106.14506,17.81974],[106.1423,17.82059],[106.14209,17.8226],[106.14438,17.82496],[106.14507,17.82492],[106.14498,17.82555],[106.1466,17.82548],[106.14725,17.826],[106.14638,17.8268],[106.14686,17.82761],[106.14803,17.82797],[106.14862,17.82881],[106.14883,17.83008],[106.14812,17.8311],[106.15042,17.83384],[106.15405,17.83676],[106.15783,17.8379],[106.15927,17.83876],[106.15888,17.83943],[106.15406,17.83865],[106.15336,17.83882],[106.15316,17.83934],[106.15521,17.8422],[106.15538,17.84366],[106.15606,17.84502],[106.15706,17.84493],[106.15741,17.84431],[106.15822,17.84411],[106.15914,17.84309],[106.1598,17.84324],[106.16008,17.84386],[106.16052,17.84373],[106.16124,17.84406],[106.16142,17.84485],[106.16108,17.84581],[106.16002,17.84596],[106.15972,17.84631],[106.16149,17.84766],[106.1625,17.84893],[106.1625,17.8498],[106.16316,17.84996],[106.16395,17.85085],[106.16414,17.85163],[106.16472,17.85198],[106.16474,17.85299],[106.16539,17.8541],[106.16591,17.85617],[106.1638,17.85755],[106.16301,17.85771],[106.1618,17.85724],[106.16212,17.85823],[106.16362,17.85876],[106.1634,17.86012],[106.16368,17.86215],[106.16545,17.86474],[106.16673,17.86565],[106.16675,17.86664],[106.16828,17.86733],[106.16866,17.8695],[106.16965,17.87182],[106.17066,17.87254],[106.17137,17.87476],[106.17142,17.87661],[106.17012,17.87801],[106.17014,17.87875],[106.16962,17.8793],[106.16973,17.88094],[106.16918,17.88296],[106.1693,17.88475],[106.16992,17.88493],[106.17376,17.882],[106.17677,17.88173],[106.17779,17.88122],[106.17941,17.88103],[106.17996,17.88057],[106.18134,17.88109],[106.18214,17.88081],[106.18306,17.88126],[106.18443,17.88088],[106.18551,17.88106],[106.187,17.88235],[106.18756,17.88202],[106.18801,17.88095],[106.1886,17.88136],[106.18946,17.88102],[106.1896,17.87962],[106.19068,17.87959],[106.19153,17.87858],[106.19157,17.87678],[106.19186,17.87615],[106.19352,17.87642],[106.19409,17.8769],[106.19458,17.87593],[106.19532,17.87582],[106.19547,17.87637],[106.19664,17.8769],[106.19846,17.87692],[106.19928,17.87651],[106.20121,17.87451],[106.20294,17.87359],[106.20424,17.87337],[106.20474,17.87433],[106.20397,17.87467],[106.20339,17.87556],[106.20406,17.87694],[106.20363,17.88133],[106.20245,17.88264],[106.19956,17.88474],[106.19883,17.88604],[106.19876,17.88764],[106.19805,17.89],[106.19648,17.89148],[106.19539,17.8938],[106.19449,17.8949],[106.19423,17.8969],[106.19129,17.89841],[106.18839,17.90048],[106.188,17.90388],[106.18736,17.90519],[106.18616,17.90658],[106.18533,17.90882],[106.18435,17.90997],[106.18095,17.91252],[106.17967,17.91451],[106.17917,17.91775],[106.17776,17.9189],[106.17883,17.91871],[106.18099,17.91988],[106.18196,17.92083],[106.18325,17.92101],[106.18619,17.92028],[106.18739,17.92049],[106.18921,17.92319],[106.18985,17.92356],[106.1937,17.92214],[106.19361,17.92031],[106.19535,17.91804],[106.19774,17.91657],[106.2,17.91635],[106.20091,17.91769],[106.20283,17.91892],[106.20401,17.92019],[106.20457,17.9217],[106.2062,17.92432],[106.20731,17.9255],[106.2085,17.92539],[106.20947,17.9262],[106.21251,17.92606],[106.21819,17.928],[106.22046,17.92743],[106.22271,17.92976],[106.22543,17.9297],[106.22755,17.92909],[106.22912,17.92926],[106.23076,17.92798],[106.23157,17.92879],[106.23295,17.92843],[106.2339,17.92918],[106.234,17.92792],[106.23486,17.92786],[106.23602,17.92706],[106.2368,17.92756],[106.23712,17.92852],[106.23742,17.92849],[106.2375,17.92808],[106.23727,17.92758],[106.23824,17.92779],[106.23847,17.9288],[106.23913,17.92896],[106.23972,17.92944],[106.23991,17.93007],[106.24074,17.93045],[106.24138,17.92933],[106.24259,17.92931],[106.24257,17.92844],[106.24211,17.92763],[106.24325,17.92759],[106.24358,17.92719],[106.24383,17.92754],[106.24458,17.92716],[106.24517,17.9275],[106.24531,17.92642],[106.24606,17.92553],[106.24702,17.92607],[106.24758,17.92561],[106.24838,17.92567],[106.24861,17.9249],[106.24909,17.9246],[106.2494,17.92338],[106.25065,17.9228],[106.25253,17.92041],[106.2566,17.91977],[106.25832,17.91881],[106.25886,17.91842],[106.25852,17.91754],[106.25944,17.91628],[106.2601,17.91585],[106.26235,17.91566],[106.26316,17.91382],[106.26418,17.91383],[106.26494,17.91439],[106.26565,17.91513],[106.26608,17.91622],[106.26841,17.91806],[106.27212,17.91978],[106.27528,17.91956],[106.27673,17.91864],[106.27774,17.9167],[106.28044,17.9157],[106.27956,17.91354],[106.28087,17.911],[106.28064,17.9102],[106.27959,17.90906],[106.27947,17.90659],[106.27849,17.9062],[106.27837,17.90559],[106.2773,17.90552]]]]}},
{"type":"Feature","id":"18997","properties":{"Ward_Code":"18997","Ward_Code_Num":18997,"Ward":"Tuyên Hoá","Ward_Alt":"Tuyên Hóa","Ward_Upper":"TUYÊN HOÁ","Ward_Full":"Xã Tuyên Hoá","Ward_Full_Alt":"Xã Tuyên Hóa","Ward_Full_Upper_Alt":"XÃ TUYÊN HÓA","Ward_Type":"Xã","Province_Code":"44","Province":"Quảng Trị","Province_Upper_Alt":"QUẢNG TRỊ"},"geometry":{"type":"MultiPolygon","coordinates":[[[[106.25367,17.85604],[106.25582,17.85529],[106.25598,17.85202],[106.25663,17.85136],[106.25842,17.852],[106.26113,17.85189],[106.26451,17.85115],[106.26583,17.84982],[106.26735,17.85057],[106.26952,17.85109],[106.27263,17.85263],[106.27305,17.85008],[106.27502,17.84896],[106.27655,17.84867],[106.27904,17.847],[106.27939,17.84556],[106.28053,17.84448],[106.28472,17.84412],[106.28791,17.84438],[106.28827,17.84279],[106.28814,17.84072],[106.28651,17.840699999999998],[106.28466,17.84005],[106.2836,17.8386],[106.2823,17.83768],[106.28377,17.8365],[106.28451,17.83412],[106.28344,17.83071],[106.28375,17.82992],[106.2845,17.82949],[106.28348,17.82778],[106.2826,17.82715],[106.28181,17.82556],[106.28142,17.82458],[106.28194,17.82322],[106.2819,17.8224],[106.28053,17.82095],[106.2812,17.81977],[106.28195,17.81937],[106.28126,17.81679],[106.28064,17.816],[106.28319,17.8149],[106.2834,17.8123],[106.28456,17.81072],[106.28453,17.80938],[106.28257,17.80819],[106.2809,17.80846],[106.27781,17.80777],[106.2772,17.80726],[106.27699,17.80572],[106.27733,17.80344],[106.2767,17.80251],[106.27665,17.80166],[106.27591,17.80135],[106.27458,17.79855],[106.2741,17.79653],[106.27404,17.79437],[106.27246,17.79424],[106.2717,17.78844],[106.27402,17.78851],[106.27698,17.78808],[106.28114,17.78683],[106.28345,17.78579],[106.29066,17.78067],[106.2923,17.7793],[106.29297,17.77831],[106.29424,17.7753],[106.29414,17.77215],[106.29512,17.76528],[106.29644,17.76247],[106.29706,17.76178],[106.29861,17.76112],[106.30316,17.76072],[106.30248,17.75858],[106.29775,17.75732],[106.29744,17.75644],[106.29784,17.75625],[106.29672,17.75437],[106.29641,17.75459],[106.2961,17.75378],[106.29591,17.75292],[106.29635,17.75231],[106.29676,17.75235],[106.2965,17.75102],[106.29684,17.74955],[106.29772,17.74887],[106.29923,17.74834],[106.29851,17.74539],[106.29709,17.74457],[106.29568,17.7455],[106.29483,17.74524],[106.29268,17.74589],[106.29086,17.74562],[106.28918,17.74634],[106.2885,17.74731],[106.28638,17.74805],[106.28457,17.74795],[106.28366,17.74938],[106.28278,17.74872],[106.28079,17.74945],[106.27979,17.74716],[106.277,17.74502],[106.27603,17.7437],[106.27493,17.74313],[106.27154,17.74337],[106.27033,17.74389],[106.26864,17.74391],[106.26713,17.74457],[106.26446,17.74237],[106.25956,17.74226],[106.25966,17.74148],[106.26072,17.73994],[106.25973,17.7388],[106.25672,17.73865],[106.25789,17.73787],[106.25802,17.73716],[106.25484,17.73838],[106.25522,17.7369],[106.25513,17.7353],[106.25552,17.73458],[106.2554,17.73345],[106.25634,17.73242],[106.25451,17.73185],[106.25366,17.73087],[106.25336,17.72761],[106.25479,17.72663],[106.25677,17.72623],[106.25704,17.72441],[106.25572,17.72342],[106.25434,17.72371],[106.25244,17.72261],[106.25095,17.72237],[106.25044,17.72175],[106.24997,17.72015],[106.24632,17.71923],[106.24564,17.71805],[106.24417,17.71751],[106.24366,17.71437],[106.24372,17.71148],[106.24251,17.71162],[106.2415,17.71106],[106.24009,17.71193],[106.23868,17.71155],[106.23732,17.71203],[106.23548,17.7096],[106.22976,17.71149],[106.22834,17.71152],[106.22722,17.71194],[106.22618,17.71177],[106.22528,17.71224],[106.22233,17.71286],[106.22254,17.71389],[106.22197,17.71483],[106.22198,17.71542],[106.22115,17.7164],[106.21878,17.71695],[106.21819,17.71799],[106.2158,17.71887],[106.21476,17.71858],[106.21385,17.71735],[106.21264,17.71713],[106.21189,17.71741],[106.21051,17.716919999999998],[106.20925,17.71748],[106.20785,17.719],[106.20656,17.71909],[106.20555,17.71839],[106.20366,17.71955],[106.20237,17.71865],[106.20179,17.71877],[106.2011,17.7181],[106.20096,17.71666],[106.19954,17.71708],[106.19796,17.71711],[106.19683,17.71806],[106.1949,17.718],[106.19292,17.71852],[106.19035,17.71853],[106.18844,17.71902],[106.18663,17.71873],[106.18587,17.71754],[106.18573,17.71868],[106.18525,17.71927],[106.18433,17.71924],[106.18318,17.7185],[106.18214,17.71953],[106.18055,17.71956],[106.17835,17.7206],[106.17634,17.72114],[106.17012,17.72157],[106.16839,17.72225],[106.16656,17.72195],[106.16153,17.72231],[106.16072,17.72271],[106.15937,17.72422],[106.15743,17.72405],[106.15474,17.72487],[106.15338,17.72665],[106.15195,17.7277],[106.1515,17.72906],[106.1517,17.72974],[106.15137,17.72964],[106.15058,17.72801],[106.14842,17.72704],[106.14686,17.72718],[106.14555,17.72666],[106.14398,17.72668],[106.14348,17.7262],[106.14106,17.72545],[106.13886,17.72384],[106.13687,17.72398],[106.1353,17.7232],[106.13388,17.72335],[106.13266,17.7239],[106.13101,17.72365],[106.12854,17.72412],[106.12124,17.72385],[106.1188,17.72311],[106.11701,17.72311],[106.11544,17.72213],[106.11284,17.72345],[106.1124,17.72497],[106.11268,17.72662],[106.11317,17.72815],[106.11422,17.72983],[106.1127,17.73844],[106.11384,17.74871],[106.11355,17.74916],[106.11095,17.74912],[106.10967,17.74958],[106.10748,17.74964],[106.10659,17.75008],[106.10387,17.75002],[106.10141,17.75056],[106.10176,17.75576],[106.1012,17.75814],[106.10127,17.76116],[106.10098,17.76285],[106.10236,17.76616],[106.10204,17.76673],[106.10023,17.76811],[106.09934,17.76969],[106.10019,17.77049],[106.10032,17.77131],[106.10128,17.77263],[106.10095,17.77654],[106.10176,17.77631],[106.10515,17.77794],[106.10617,17.77994],[106.10675,17.78032],[106.11024,17.78094],[106.11084,17.78543],[106.11149,17.78666],[106.10839,17.78722],[106.10767,17.78786],[106.10735,17.78887],[106.10807,17.79014],[106.10799,17.79171],[106.10897,17.79116],[106.111,17.79078],[106.11363,17.79084],[106.11513,17.79164],[106.11663,17.79156],[106.11918,17.79062],[106.12018,17.79124],[106.12208,17.79132],[106.12328,17.79107],[106.12426,17.79043],[106.12615,17.79103],[106.12968,17.79091],[106.13069,17.79051],[106.13301,17.79188],[106.13506,17.79119],[106.13886,17.79389],[106.13756,17.79611],[106.13541,17.79701],[106.13725,17.79981],[106.13834,17.80603],[106.1387,17.80654],[106.14055,17.80745],[106.1422,17.80733],[106.14337,17.81014],[106.14565,17.81165],[106.15245,17.80788],[106.155,17.80802],[106.1568,17.8077],[106.1603,17.80625],[106.16351,17.80562],[106.16435,17.80503],[106.16678,17.80498],[106.16944,17.80384],[106.17032,17.80301],[106.17183,17.80224],[106.17347,17.80201],[106.17473,17.80105],[106.17631,17.80102],[106.17712,17.80005],[106.17887,17.79951],[106.18041,17.80053],[106.18079,17.80169],[106.18278,17.8043],[106.182,17.80634],[106.18388,17.8092],[106.18119,17.81162],[106.18234,17.81245],[106.18228,17.81493],[106.18331,17.81571],[106.19073,17.81303],[106.19881,17.8115],[106.20425,17.80879],[106.20707,17.80678],[106.2108,17.80342],[106.21273,17.80225],[106.21696,17.80151],[106.22355,17.80173],[106.22257,17.80358],[106.22227,17.80508],[106.22243,17.80569],[106.22166,17.8058],[106.22063,17.80663],[106.22109,17.80696],[106.22044,17.80727],[106.22014,17.80789],[106.22055,17.80828],[106.2203,17.80879],[106.21786,17.8109],[106.21773,17.81203],[106.21824,17.8121],[106.21847,17.81274],[106.21804,17.813],[106.21825,17.81343],[106.21972,17.8129],[106.22244,17.81117],[106.22285,17.8112],[106.22367,17.81277],[106.2251,17.81206],[106.22749,17.81739],[106.22935,17.82069],[106.23175,17.82213],[106.23197,17.82261],[106.23348,17.82309],[106.23348,17.82412],[106.235,17.82575],[106.23626,17.82887],[106.23748,17.83086],[106.23729,17.83243],[106.23944,17.83572],[106.23956,17.83737],[106.24097,17.84115],[106.24098,17.84281],[106.24198,17.84501],[106.24056,17.84576],[106.23897,17.84574],[106.23818,17.84726],[106.23568,17.84769],[106.23423,17.84831],[106.23282,17.85061],[106.23522,17.85153],[106.23842,17.85181],[106.23998,17.85291],[106.24128,17.8531],[106.24204,17.85456],[106.24413,17.85379],[106.24623,17.85374],[106.24931,17.8543],[106.25367,17.85604]]]]}},
{"type":"Feature","id":"19009","properties":{"Ward_Code":"19009","Ward_Code_Num":19009,"Ward":"Ba Đồn","Ward_Alt":"Ba Đồn","Ward_Upper":"BA ĐỒN","Ward_Full":"Phường Ba Đồn","Ward_Full_Alt":"Phường Ba Đồn","Ward_Full_Upper_Alt":"PHƯỜNG BA ĐỒN","Ward_Type":"Phường","Province_Code":"44","Province":"Quảng Trị","Province_Upper_Alt":"QUẢNG TRỊ"},"geometry":{"type":"MultiPolygon","coordinates":[[[[106.3999,17.76481],[106.40456,17.76358],[106.40687,17.7676],[106.40765,17.7711],[106.41821,17.77954],[106.4158,17.79471],[106.42488,17.79693],[106.42666,17.79267],[106.42961,17.78741],[106.43979,17.7711],[106.44075,17.76492],[106.43916,17.76178],[106.43646,17.76039],[106.43527,17.75913],[106.43024,17.76006],[106.43002,17.75913],[106.43095,17.75421],[106.43274,17.75433],[106.43298,17.75392],[106.43249,17.75271],[106.43206,17.75231],[106.42971,17.75302],[106.42899,17.75285],[106.42824,17.75119],[106.42669,17.75158],[106.42572,17.75143],[106.4238,17.74839],[106.42424,17.74499],[106.4213,17.74483],[106.41768,17.74216],[106.40828,17.74606],[106.39827,17.74873],[106.3971,17.74778],[106.3912,17.74523],[106.38898,17.74468],[106.38719,17.74474],[106.37649,17.74904],[106.36855,17.75073],[106.36101,17.75334],[106.35382,17.75509],[106.35266,17.7568],[106.34912,17.76036],[106.3546,17.7592],[106.35758,17.75914],[106.3593,17.7598],[106.36184,17.76171],[106.36262,17.76194],[106.37079,17.7588],[106.37852,17.75687],[106.38499,17.75687],[106.38832,17.75656],[106.3913,17.75419],[106.39218,17.75534],[106.39242,17.75658],[106.39202,17.75672],[106.39211,17.75715],[106.39425,17.76445],[106.39714,17.76588],[106.3999,17.76481]]]]}},
{"type":"Feature","id":"19021","properties":{"Ward_Code":"19021","Ward_Code_Num":19021,"Ward":"Phú Trạch","Ward_Alt":"Phú Trạch","Ward_Upper":"PHÚ TRẠCH","Ward_Full":"Xã Phú Trạch","Ward_Full_Alt":"Xã Phú Trạch","Ward_Full_Upper_Alt":"XÃ PHÚ TRẠCH","Ward_Type":"Xã","Province_Code":"44","Province":"Quảng Trị","Province_Upper_Alt":"QUẢNG TRỊ"},"geometry":{"type":"MultiPolygon","coordinates":[[[[106.4963,17.90719],[106.49534,17.90722],[106.4955,17.90908],[106.49288,17.91172],[106.49274,17.91234],[106.49371,17.91421],[106.49479,17.91496],[106.49541,17.91478],[106.49664,17.9128],[106.49732,17.91094],[106.49722,17.9095],[106.49812,17.90904],[106.49764,17.90811],[106.4963,17.90719]]],[[[106.67092,17.91147],[106.67017,17.9118],[106.6713,17.91302],[106.67379,17.91357],[106.67439,17.91318],[106.67431,17.9125],[106.67201,17.91157],[106.67092,17.91147]]],[[[106.53122,17.93584],[106.53237,17.935669999999998],[106.53439,17.93624],[106.53468,17.93605],[106.5347,17.93495],[106.53385,17.93224],[106.53347,17.93169],[106.53248,17.93146],[106.52982,17.9313],[106.5283,17.93156],[106.52636,17.93257],[106.52633,17.93297],[106.52699,17.93339],[106.52726,17.93406],[106.52726,17.93549],[106.5267,17.93634],[106.52538,17.93706],[106.52561,17.93776],[106.52612,17.938],[106.52995,17.93737],[106.53007,17.93662],[106.53122,17.93584]]],[[[106.52378,17.941],[106.52345,17.94011],[106.52253,17.93964],[106.52146,17.94099],[106.51885,17.93877],[106.51712,17.94104],[106.51725,17.94152],[106.51783,17.94192],[106.5199,17.94269],[106.5215,17.94392],[106.5235,17.94302],[106.52378,17.941]]],[[[106.27495,17.90304],[106.27581,17.90378],[106.2764,17.90535],[106.27837,17.90559],[106.27849,17.9062],[106.27947,17.90659],[106.27959,17.90906],[106.28064,17.9102],[106.28087,17.911],[106.27956,17.91354],[106.27984,17.91467],[106.28044,17.9157],[106.28337,17.91849],[106.28477,17.91933],[106.28521,17.92183],[106.28504,17.92521],[106.28211,17.92976],[106.2809,17.93362],[106.28462,17.93906],[106.29006,17.94306],[106.29346,17.94346],[106.29621,17.94528],[106.29631,17.94713],[106.29747,17.94957],[106.2977,17.95366],[106.2984,17.95428],[106.2997,17.95426],[106.30258,17.95714],[106.30354,17.95861],[106.30416,17.95889],[106.30445,17.96142],[106.30513,17.96276],[106.31075,17.96226],[106.31167,17.96258],[106.31248,17.96338],[106.3174,17.96363],[106.32231,17.96248],[106.32384,17.96276],[106.32441,17.96474],[106.32514,17.96562],[106.32498,17.96711],[106.32565,17.96923],[106.32777,17.97364],[106.32862,17.97992],[106.33082,17.98113],[106.33412,17.98432],[106.33606,17.9855],[106.33774,17.98791],[106.3379,17.99113],[106.33981,17.99122],[106.34069,17.99178],[106.34161,17.99173],[106.34555,17.99001],[106.34931,17.98889],[106.35293,17.98933],[106.35671,17.99068],[106.36096,17.99093],[106.36315,17.99012],[106.36417,17.98876],[106.36553,17.98834],[106.36858,17.98823],[106.3732,17.98652],[106.37535,17.98533],[106.37891,17.98576],[106.37974,17.98625],[106.38116,17.98604],[106.38402,17.98393],[106.38703,17.98244],[106.39216,17.98183],[106.39406,17.98189],[106.39616,17.98124],[106.40039,17.9817],[106.40076,17.98041],[106.40261,17.97831],[106.40612,17.97598],[106.40767,17.97399],[106.4094,17.97291],[106.40995,17.97262],[106.41113,17.97322],[106.41301,17.97344],[106.41715,17.97471],[106.41863,17.97279],[106.42098,17.97116],[106.42138,17.97032],[106.4228,17.9695],[106.42442,17.96969],[106.42665,17.97079],[106.43024,17.97106],[106.43225,17.97205],[106.43394,17.97206],[106.43504,17.97272],[106.43588,17.97278],[106.4365,17.97184],[106.43883,17.96985],[106.44426,17.96884],[106.44402,17.96693],[106.44408,17.95574],[106.44465,17.95178],[106.44737,17.95124],[106.45021,17.94955],[106.45102,17.95017],[106.45467,17.95163],[106.45908,17.9544],[106.46039,17.95486],[106.46368,17.95528],[106.46494,17.95593],[106.46982,17.95624],[106.47304,17.95582],[106.47568,17.95526],[106.4768,17.95428],[106.4793,17.95325],[106.48074,17.95363],[106.48129,17.95438],[106.48576,17.95618],[106.48666,17.95683],[106.48877,17.95747],[106.49169,17.95946],[106.49583,17.96067],[106.49968,17.96069],[106.50386,17.96158],[106.50547,17.96151],[106.50844,17.95997],[106.51071,17.95991],[106.50965,17.95935],[106.5064,17.95893],[106.50543,17.95846],[106.50496,17.95581],[106.50534,17.9526],[106.50734,17.94771],[106.50964,17.94439],[106.51146,17.94273],[106.51042,17.94246],[106.51016,17.9427],[106.50955,17.94238],[106.51127,17.94241],[106.51309,17.94295],[106.51512,17.94257],[106.51608,17.94141],[106.51558,17.94128],[106.51577,17.94088],[106.51529,17.94108],[106.51448,17.94067],[106.51328,17.93938],[106.50958,17.93724],[106.50619,17.933229999999998],[106.50432,17.9304],[106.50211,17.9259],[106.50213,17.92449],[106.50249,17.92395],[106.49698,17.92122],[106.49605,17.92134],[106.49485,17.92259],[106.49413,17.92286],[106.49339,17.92261],[106.49275,17.92126],[106.49194,17.922],[106.49123,17.92174],[106.49162,17.92125],[106.49132,17.9211],[106.49044,17.92127],[106.4907,17.92172],[106.48833,17.92159],[106.48776,17.92206],[106.48593,17.92243],[106.48478,17.92198],[106.48336,17.9209],[106.48122,17.91537],[106.47741,17.91127],[106.47785,17.91253],[106.47758,17.91307],[106.4776,17.91239],[106.47688,17.91109],[106.47575,17.9104],[106.47445,17.90862],[106.47237,17.90679],[106.47172,17.90477],[106.46998,17.90245],[106.46932,17.90062],[106.46893,17.89901],[106.46869,17.89498],[106.46767,17.89355],[106.46554,17.89246],[106.46468,17.89167],[106.46382,17.89026],[106.4632,17.88899],[106.46171,17.88344],[106.45991,17.87904],[106.45844,17.87838],[106.45718,17.87856],[106.45648,17.87809],[106.45556,17.8787],[106.45472,17.87868],[106.4519,17.87642],[106.45014,17.8758],[106.4487,17.87577],[106.44754,17.8762],[106.44497,17.87756],[106.44356,17.87889],[106.44242,17.87921],[106.43992,17.87858],[106.43791,17.87652],[106.43649,17.87565],[106.43493,17.87549],[106.43333,17.876],[106.42951,17.87966],[106.42768,17.88355],[106.42728,17.88647],[106.42659,17.88855],[106.42489,17.89097],[106.42303,17.89188],[106.42054,17.89152],[106.4179,17.88942],[106.41537,17.88935],[106.41356,17.8898],[106.4127,17.89245],[106.41207,17.89314],[106.41132,17.89332],[106.40803,17.89089],[106.40654,17.89023],[106.40529,17.89025],[106.40603,17.89229],[106.40575,17.89296],[106.4027,17.89351],[106.40286,17.89408],[106.40208,17.89473],[106.4007,17.89515],[106.40074,17.89581],[106.39974,17.89619],[106.40063,17.89734],[106.40009,17.90176],[106.40089,17.90239],[106.40094,17.90465],[106.4015,17.90582],[106.40188,17.90835],[106.4012,17.91025],[106.39914,17.91338],[106.39869,17.91601],[106.39909,17.91774],[106.39832,17.91957],[106.39662,17.91834],[106.39596,17.91747],[106.39616,17.91408],[106.39579,17.91297],[106.39512,17.91218],[106.39221,17.91096],[106.39035,17.90643],[106.39124,17.9045],[106.38948,17.90195],[106.38772,17.90153],[106.38804,17.90066],[106.38739,17.8997],[106.38683,17.89984],[106.38587,17.90088],[106.38592,17.90011],[106.38488,17.90002],[106.38389,17.89935],[106.38254,17.89744],[106.38225,17.8962],[106.38252,17.89561],[106.3822,17.89499],[106.37982,17.89275],[106.37728,17.89101],[106.37297,17.88934],[106.37102,17.88891],[106.36564,17.89228],[106.36388,17.89261],[106.36276,17.89252],[106.36161,17.892],[106.35983,17.89033],[106.35628,17.89083],[106.35246,17.89277],[106.35169,17.8952],[106.35097,17.89541],[106.34965,17.89479],[106.34836,17.89501],[106.34483,17.89622],[106.34329,17.89719],[106.34189,17.89858],[106.33944,17.89898],[106.33858,17.89966],[106.3378,17.89932],[106.33411,17.89898],[106.33247,17.90003],[106.33224,17.90105],[106.33155,17.90165],[106.33033,17.90138],[106.32809,17.90266],[106.32458,17.90316],[106.32218,17.90299],[106.32136,17.90259],[106.31882,17.90267],[106.31956,17.90138],[106.31956,17.90006],[106.32012,17.89948],[106.3202,17.89847],[106.32071,17.89749],[106.31883,17.89519],[106.31878,17.89442],[106.3174,17.89353],[106.31557,17.89325],[106.31374,17.89429],[106.31224,17.89374],[106.31062,17.89492],[106.30872,17.89379],[106.30773,17.8942],[106.30548,17.89407],[106.30479,17.89577],[106.30337,17.8972],[106.30242,17.89654],[106.30097,17.89658],[106.29599,17.89473],[106.2956,17.89272],[106.29681,17.88854],[106.2969,17.88701],[106.2936,17.88662],[106.29236,17.88552],[106.29264,17.88404],[106.29204,17.88346],[106.2919,17.88268],[106.29109,17.88213],[106.29045,17.88062],[106.2894,17.8799],[106.28794,17.87759],[106.2855,17.87756],[106.28406,17.87848],[106.28253,17.87875],[106.28115,17.87835],[106.28013,17.87713],[106.2791,17.8777],[106.27714,17.87796],[106.27587,17.87779],[106.2748,17.87857],[106.27362,17.8784],[106.27306,17.87756],[106.27024,17.87815],[106.27027,17.88045],[106.27014,17.88093],[106.26913,17.8816],[106.26924,17.88301],[106.26777,17.88479],[106.26696,17.88516],[106.26795,17.88769],[106.26816,17.89186],[106.2711,17.89364],[106.27104,17.8946],[106.27138,17.89519],[106.27093,17.89637],[106.2714,17.8975],[106.27094,17.89981],[106.27178,17.90158],[106.27208,17.90194],[106.27495,17.90304]]]]}},
{"type":"Feature","id":"19030","properties":{"Ward_Code":"19030","Ward_Code_Num":19030,"Ward":"Trung Thuần","Ward_Alt":"Trung Thuần","Ward_Upper":"TRUNG THUẦN","Ward_Full":"Xã Trung Thuần","Ward_Full_Alt":"Xã Trung Thuần","Ward_Full_Upper_Alt":"XÃ TRUNG THUẦN","Ward_Type":"Xã","Province_Code":"44","Province":"Quảng Trị","Province_Upper_Alt":"QUẢNG TRỊ"},"geometry":{"type":"MultiPolygon","coordinates":[[[[106.40621,17.85971],[106.40662,17.85981],[106.40699,17.85528],[106.40743,17.85469],[106.40763,17.85243],[106.40891,17.84921],[106.41381,17.84833],[106.41646,17.84878],[106.41856,17.84877],[106.41878,17.84719],[106.41852,17.84397],[106.41556,17.82084],[106.41101,17.8227],[106.4085,17.8229],[106.40157,17.8248],[106.40118,17.8207],[106.40105,17.81],[106.39582,17.8079],[106.39532,17.80822],[106.39372,17.80594],[106.39286,17.80543],[106.38534,17.80654],[106.3855,17.8055],[106.38371,17.80553],[106.38357,17.8044],[106.38211,17.80422],[106.38159,17.79822],[106.38041,17.79809],[106.38031,17.79676],[106.37811,17.79632],[106.37789,17.79548],[106.37724,17.79587],[106.37569,17.79481],[106.375,17.79605],[106.37353,17.796],[106.37245,17.79734],[106.36792,17.796],[106.36647,17.7963],[106.36592,17.79609],[106.36519,17.79512],[106.36245,17.79446],[106.36143,17.79459],[106.35973,17.79353],[106.35752,17.79306],[106.35377,17.79017],[106.35297,17.79013],[106.35125,17.7893],[106.34766,17.79256],[106.34561,17.79248],[106.34533,17.79304],[106.34481,17.79292],[106.34376,17.79372],[106.34364,17.79511],[106.34547,17.79732],[106.34831,17.79884],[106.34872,17.80042],[106.34789,17.80109],[106.34725,17.80136],[106.34677,17.8012],[106.34613,17.80173],[106.34553,17.80175],[106.3451,17.80227],[106.34334,17.80136],[106.34226,17.80176],[106.3414,17.80318],[106.34018,17.8041],[106.3396,17.80408],[106.33836,17.80483],[106.3377,17.80666],[106.33565,17.80584],[106.3328,17.80405],[106.33091,17.80366],[106.33096,17.80293],[106.32876,17.80456],[106.3288,17.80595],[106.32978,17.80618],[106.3307,17.80808],[106.3308,17.81053],[106.33024,17.81296],[106.32876,17.81439],[106.32515,17.81468],[106.32375,17.81436],[106.32318,17.81356],[106.32268,17.8117],[106.32176,17.81104],[106.32165,17.81003],[106.32078,17.80974],[106.31985,17.80892],[106.32021,17.8078],[106.3199,17.80703],[106.31674,17.80824],[106.31584,17.80809],[106.31232,17.80978],[106.31099,17.81005],[106.30985,17.80968],[106.30859,17.8099],[106.306,17.81076],[106.30557,17.81152],[106.30495,17.81186],[106.30438,17.81124],[106.30177,17.8112],[106.30062,17.81076],[106.29671,17.80805],[106.29563,17.80938],[106.29606,17.81126],[106.29578,17.81261],[106.29628,17.81395],[106.2963,17.81499],[106.29733,17.81669],[106.29758,17.81797],[106.29458,17.81868],[106.29394,17.81938],[106.29282,17.81967],[106.29183,17.82058],[106.28576,17.81938],[106.28195,17.81937],[106.2812,17.81977],[106.28053,17.82095],[106.2819,17.8224],[106.28194,17.82322],[106.28142,17.82458],[106.28181,17.82556],[106.2826,17.82715],[106.28348,17.82778],[106.2845,17.82949],[106.28375,17.82992],[106.28344,17.83071],[106.28451,17.83412],[106.28377,17.8365],[106.2823,17.83768],[106.2836,17.8386],[106.28466,17.84005],[106.28651,17.840699999999998],[106.28814,17.84072],[106.28827,17.84279],[106.28791,17.84438],[106.28472,17.84412],[106.28053,17.84448],[106.27939,17.84556],[106.27904,17.847],[106.27655,17.84867],[106.27502,17.84896],[106.27305,17.85008],[106.27263,17.85263],[106.26952,17.85109],[106.26735,17.85057],[106.26583,17.84982],[106.26451,17.85115],[106.26113,17.85189],[106.26181,17.85496],[106.26253,17.85574],[106.26274,17.85709],[106.26402,17.85965],[106.26676,17.86141],[106.26894,17.86082],[106.26998,17.86089],[106.26966,17.86245],[106.26987,17.86369],[106.27096,17.86396],[106.2716,17.86544],[106.27084,17.86691],[106.26976,17.86784],[106.26992,17.86965],[106.27038,17.87037],[106.27186,17.87069],[106.27294,17.87145],[106.27385,17.87326],[106.27416,17.8746],[106.27306,17.87756],[106.27333,17.87809],[106.27382,17.87849],[106.2748,17.87857],[106.27587,17.87779],[106.27714,17.87796],[106.2791,17.8777],[106.28013,17.87713],[106.28115,17.87835],[106.28253,17.87875],[106.28406,17.87848],[106.2855,17.87756],[106.28806,17.87761],[106.2894,17.8799],[106.29045,17.88062],[106.29109,17.88213],[106.29182,17.88258],[106.29204,17.88346],[106.29245,17.88368],[106.29266,17.88437],[106.29236,17.88552],[106.2936,17.88662],[106.2969,17.88701],[106.29681,17.88854],[106.2956,17.89272],[106.29586,17.89458],[106.30097,17.89658],[106.30242,17.89654],[106.30337,17.8972],[106.30479,17.89577],[106.30548,17.89407],[106.30773,17.8942],[106.30872,17.89379],[106.31062,17.89492],[106.31198,17.8938],[106.31407,17.89425],[106.31557,17.89325],[106.3174,17.89353],[106.31878,17.89442],[106.32028,17.89168],[106.32109,17.89094],[106.32124,17.88978],[106.32207,17.88868],[106.32211,17.88712],[106.3215,17.88567],[106.32183,17.8842],[106.32461,17.88207],[106.32637,17.88165],[106.32875,17.8816],[106.32956,17.88086],[106.32946,17.87957],[106.3298,17.87846],[106.33075,17.87719],[106.33064,17.87563],[106.32975,17.87429],[106.33218,17.87322],[106.33259,17.87272],[106.33254,17.87196],[106.3337,17.87158],[106.33428,17.869],[106.33484,17.86798],[106.33492,17.86563],[106.33622,17.86396],[106.34148,17.8615],[106.34395,17.86126],[106.34661,17.8616],[106.34777,17.86131],[106.34777,17.86104],[106.34831,17.86083],[106.35,17.86102],[106.35171,17.85904],[106.35236,17.85918],[106.35379,17.85846],[106.35581,17.85803],[106.3575,17.8581],[106.36325,17.85653],[106.3687,17.84642],[106.37157,17.84617],[106.3716,17.84673],[106.37338,17.84911],[106.37348,17.84982],[106.37281,17.84994],[106.37266,17.85034],[106.37445,17.85099],[106.37529,17.85375],[106.37586,17.85403],[106.37678,17.85374],[106.37703,17.85467],[106.37812,17.85489],[106.37933,17.8558],[106.38069,17.85603],[106.38342,17.85392],[106.38436,17.85075],[106.38747,17.8484],[106.38939,17.84917],[106.39271,17.84784],[106.3964,17.84869],[106.40379,17.85846],[106.40442,17.85906],[106.40621,17.85971]]]]}},
{"type":"Feature","id":"19033","properties":{"Ward_Code":"19033","Ward_Code_Num":19033,"Ward":"Hoà Trạch","Ward_Alt":"Hòa Trạch","Ward_Upper":"HOÀ TRẠCH","Ward_Full":"Xã Hoà Trạch","Ward_Full_Alt":"Xã Hòa Trạch","Ward_Full_Upper_Alt":"XÃ HÒA TRẠCH","Ward_Type":"Xã","Province_Code":"44","Province":"Quảng Trị","Province_Upper_Alt":"QUẢNG TRỊ"},"geometry":{"type":"MultiPolygon","coordinates":[[[[106.40009,17.90176],[106.40063,17.89734],[106.39981,17.89599],[106.40074,17.89581],[106.4007,17.89515],[106.40208,17.89473],[106.40286,17.89408],[106.4027,17.89351],[106.40575,17.89296],[106.40603,17.89229],[106.40534,17.89022],[106.40654,17.89023],[106.40803,17.89089],[106.41132,17.89332],[106.41256,17.89267],[106.41356,17.8898],[106.41537,17.88935],[106.41803,17.88947],[106.41996,17.8912],[106.42169,17.89185],[106.42303,17.89188],[106.42489,17.89097],[106.42692,17.88783],[106.42768,17.88355],[106.42944,17.87978],[106.43234,17.87671],[106.43372,17.8758],[106.43534,17.87545],[106.43662,17.8757],[106.43791,17.87652],[106.43992,17.87858],[106.44219,17.8792],[106.44356,17.87889],[106.44535,17.87733],[106.44901,17.87573],[106.4519,17.87642],[106.45472,17.87868],[106.45556,17.8787],[106.45648,17.87809],[106.45563,17.87752],[106.45571,17.87703],[106.45517,17.87575],[106.45314,17.87307],[106.45082,17.86846],[106.44786,17.86117],[106.44644,17.8559],[106.44299,17.85618],[106.44263,17.85373],[106.43912,17.85476],[106.43554,17.85476],[106.43605,17.85813],[106.43406,17.85738],[106.43118,17.85727],[106.42986,17.8569],[106.42639,17.85828],[106.42432,17.85847],[106.42106,17.86029],[106.41706,17.85949],[106.41143,17.86051],[106.40969,17.86056],[106.40442,17.85906],[106.3964,17.84869],[106.39271,17.84784],[106.38939,17.84917],[106.38747,17.8484],[106.38436,17.85075],[106.38342,17.85392],[106.38069,17.85603],[106.37933,17.8558],[106.37812,17.85489],[106.37703,17.85467],[106.37678,17.85374],[106.37586,17.85403],[106.37529,17.85375],[106.37445,17.85099],[106.37266,17.85034],[106.37281,17.84994],[106.37348,17.84982],[106.37338,17.84911],[106.3716,17.84673],[106.37157,17.84617],[106.3687,17.84642],[106.36325,17.85653],[106.3575,17.8581],[106.35581,17.85803],[106.35379,17.85846],[106.35236,17.85918],[106.35171,17.85904],[106.35,17.86102],[106.34831,17.86083],[106.34777,17.86104],[106.34777,17.86131],[106.34661,17.8616],[106.34395,17.86126],[106.34148,17.8615],[106.33622,17.86396],[106.33492,17.86563],[106.33484,17.86798],[106.33428,17.869],[106.3337,17.87158],[106.33254,17.87196],[106.33259,17.87272],[106.33218,17.87322],[106.32975,17.87429],[106.33064,17.87563],[106.33075,17.87719],[106.3298,17.87846],[106.32946,17.87957],[106.32956,17.88086],[106.32875,17.8816],[106.32637,17.88165],[106.32461,17.88207],[106.32183,17.8842],[106.3215,17.88567],[106.32211,17.88712],[106.32207,17.88868],[106.32124,17.88978],[106.32109,17.89094],[106.32028,17.89168],[106.31874,17.89476],[106.32071,17.89749],[106.3202,17.89847],[106.32012,17.89948],[106.31956,17.90006],[106.31956,17.90138],[106.3187,17.90265],[106.32136,17.90259],[106.32218,17.90299],[106.32479,17.90315],[106.32841,17.90257],[106.33033,17.90138],[106.33155,17.90165],[106.33224,17.90105],[106.33247,17.90003],[106.33411,17.89898],[106.33792,17.89934],[106.33841,17.8997],[106.33944,17.89898],[106.34189,17.89858],[106.34329,17.89719],[106.34483,17.89622],[106.34836,17.89501],[106.34965,17.89479],[106.35128,17.89537],[106.35189,17.89501],[106.35246,17.89277],[106.35628,17.89083],[106.35983,17.89033],[106.36226,17.8923],[106.36322,17.89259],[106.36474,17.89252],[106.36564,17.89228],[106.37046,17.88912],[106.372,17.889],[106.37728,17.89101],[106.37982,17.89275],[106.3822,17.89499],[106.38252,17.89561],[106.38225,17.8962],[106.38254,17.89744],[106.38389,17.89935],[106.38488,17.90002],[106.38592,17.90011],[106.38587,17.90088],[106.38683,17.89984],[106.38739,17.8997],[106.38804,17.90066],[106.38772,17.90153],[106.38948,17.90195],[106.39124,17.9045],[106.39035,17.90643],[106.39221,17.91096],[106.39512,17.91218],[106.39579,17.91297],[106.39616,17.91408],[106.39596,17.91747],[106.39662,17.91834],[106.39832,17.91957],[106.39909,17.91774],[106.39869,17.91601],[106.39914,17.91338],[106.4012,17.91025],[106.40188,17.90835],[106.4015,17.90582],[106.40094,17.90465],[106.40089,17.90239],[106.40009,17.90176]]]]}},
{"type":"Feature","id":"19051","properties":{"Ward_Code":"19051","Ward_Code_Num":19051,"Ward":"Tân Gianh","Ward_Alt":"Tân Gianh","Ward_Upper":"TÂN GIANH","Ward_Full":"Xã Tân Gianh","Ward_Full_Alt":"Xã Tân Gianh","Ward_Full_Upper_Alt":"XÃ TÂN GIANH","Ward_Type":"Xã","Province_Code":"44","Province":"Quảng Trị","Province_Upper_Alt":"QUẢNG TRỊ"},"geometry":{"type":"MultiPolygon","coordinates":[[[[106.38448,17.76937],[106.38628,17.76947],[106.39233,17.76781],[106.39614,17.76799],[106.39715,17.76589],[106.39425,17.76445],[106.39211,17.75715],[106.39202,17.75672],[106.39242,17.75658],[106.39218,17.75534],[106.3913,17.75419],[106.38832,17.75656],[106.38499,17.75687],[106.37852,17.75687],[106.37079,17.7588],[106.36262,17.76194],[106.36184,17.76171],[106.3593,17.7598],[106.35676,17.75906],[106.3546,17.7592],[106.34782,17.76067],[106.33374,17.76652],[106.3297,17.76882],[106.32635,17.77017],[106.32198,17.77044],[106.32064,17.77008],[106.31423,17.76454],[106.31169,17.76186],[106.30978,17.76058],[106.30776,17.76023],[106.29912,17.761],[106.29669,17.76208],[106.2953,17.76475],[106.29414,17.77215],[106.29424,17.7753],[106.2923,17.7793],[106.28628,17.7839],[106.28227,17.78634],[106.27698,17.78808],[106.27402,17.78851],[106.2717,17.78844],[106.27237,17.7939],[106.27261,17.79438],[106.27404,17.79437],[106.2741,17.79653],[106.27458,17.79855],[106.27591,17.80135],[106.27665,17.80166],[106.2767,17.80251],[106.27733,17.80344],[106.27698,17.80607],[106.27736,17.8075],[106.2809,17.80846],[106.28257,17.80819],[106.28453,17.80938],[106.28456,17.81072],[106.2834,17.8123],[106.28319,17.8149],[106.28064,17.816],[106.28126,17.81679],[106.28195,17.81937],[106.28576,17.81938],[106.29183,17.82058],[106.29282,17.81967],[106.29394,17.81938],[106.29458,17.81868],[106.29758,17.81797],[106.29733,17.81669],[106.2963,17.81499],[106.29628,17.81395],[106.29578,17.81261],[106.29606,17.81126],[106.29563,17.80938],[106.29671,17.80805],[106.30062,17.81076],[106.30177,17.8112],[106.30438,17.81124],[106.30495,17.81186],[106.30557,17.81152],[106.306,17.81076],[106.30859,17.8099],[106.30985,17.80968],[106.31099,17.81005],[106.31232,17.80978],[106.31584,17.80809],[106.31674,17.80824],[106.3199,17.80703],[106.32021,17.8078],[106.31985,17.80892],[106.32078,17.80974],[106.32165,17.81003],[106.32176,17.81104],[106.32268,17.8117],[106.32318,17.81356],[106.32375,17.81436],[106.32515,17.81468],[106.32876,17.81439],[106.33009,17.81324],[106.3308,17.81059],[106.33073,17.80825],[106.33034,17.80708],[106.32978,17.80618],[106.32872,17.80577],[106.32868,17.80468],[106.32955,17.80383],[106.33096,17.80293],[106.33091,17.80366],[106.3328,17.80405],[106.33565,17.80584],[106.3377,17.80666],[106.33836,17.80483],[106.3396,17.80408],[106.34018,17.8041],[106.3414,17.80318],[106.34226,17.80176],[106.34334,17.80136],[106.3451,17.80227],[106.34553,17.80175],[106.34613,17.80173],[106.34677,17.8012],[106.34771,17.80117],[106.34872,17.80042],[106.34831,17.79884],[106.34547,17.79732],[106.34378,17.79534],[106.34324,17.79355],[106.34116,17.79218],[106.3383,17.79171],[106.33797,17.79092],[106.33688,17.7903],[106.33534,17.78847],[106.33576,17.78757],[106.33566,17.78675],[106.33754,17.78632],[106.33835,17.7854],[106.34022,17.78454],[106.34206,17.78419],[106.34392,17.78277],[106.34576,17.7824],[106.34722,17.78127],[106.34835,17.78108],[106.34915,17.77995],[106.3488,17.77853],[106.34786,17.77763],[106.35101,17.77597],[106.35397,17.77573],[106.35559,17.77467],[106.35639,17.77474],[106.35739,17.77413],[106.35852,17.7741],[106.35939,17.77344],[106.36087,17.77391],[106.3653,17.77408],[106.36589,17.77291],[106.36659,17.77239],[106.36896,17.77281],[106.37003,17.77192],[106.37086,17.77171],[106.37198,17.77044],[106.37485,17.77112],[106.37684,17.77258],[106.37768,17.77459],[106.37808,17.77467],[106.37948,17.77398],[106.37976,17.77337],[106.38066,17.77338],[106.38094,17.77114],[106.38176,17.76925],[106.38448,17.76937]]]]}},
{"type":"Feature","id":"19057","properties":{"Ward_Code":"19057","Ward_Code_Num":19057,"Ward":"Quảng Trạch","Ward_Alt":"Quảng Trạch","Ward_Upper":"QUẢNG TRẠCH","Ward_Full":"Xã Quảng Trạch","Ward_Full_Alt":"Xã Quảng Trạch","Ward_Full_Upper_Alt":"XÃ QUẢNG TRẠCH","Ward_Type":"Xã","Province_Code":"44","Province":"Quảng Trị","Province_Upper_Alt":"QUẢNG TRỊ"},"geometry":{"type":"MultiPolygon","coordinates":[[[[106.38448,17.76937],[106.38176,17.76925],[106.38094,17.77114],[106.38066,17.77338],[106.37976,17.77337],[106.37948,17.77398],[106.37808,17.77467],[106.37768,17.77459],[106.37684,17.77258],[106.37485,17.77112],[106.37198,17.77044],[106.37086,17.77171],[106.37003,17.77192],[106.36896,17.77281],[106.36659,17.77239],[106.36589,17.77291],[106.3653,17.77408],[106.36087,17.77391],[106.35939,17.77344],[106.35852,17.7741],[106.35739,17.77413],[106.35639,17.77474],[106.35559,17.77467],[106.35397,17.77573],[106.35101,17.77597],[106.34786,17.77763],[106.3488,17.77853],[106.34915,17.77995],[106.34835,17.78108],[106.34722,17.78127],[106.34576,17.7824],[106.34392,17.78277],[106.34206,17.78419],[106.34022,17.78454],[106.33835,17.7854],[106.33754,17.78632],[106.33604,17.78653],[106.33566,17.78675],[106.33576,17.78757],[106.33534,17.78847],[106.33688,17.7903],[106.33797,17.79092],[106.3383,17.79171],[106.34116,17.79218],[106.34324,17.79355],[106.34361,17.79434],[106.34415,17.79326],[106.34481,17.79292],[106.34533,17.79304],[106.34558,17.79249],[106.34766,17.79256],[106.35125,17.7893],[106.35297,17.79013],[106.35377,17.79017],[106.35752,17.79306],[106.35973,17.79353],[106.36143,17.79459],[106.36245,17.79446],[106.36519,17.79512],[106.36592,17.79609],[106.36647,17.7963],[106.36792,17.796],[106.37245,17.79734],[106.37353,17.796],[106.375,17.79605],[106.37569,17.79481],[106.37724,17.79587],[106.37789,17.79548],[106.37811,17.79632],[106.38031,17.79676],[106.38041,17.79809],[106.38159,17.79822],[106.38211,17.80422],[106.38357,17.8044],[106.38371,17.80553],[106.3855,17.8055],[106.38534,17.80654],[106.39286,17.80543],[106.39372,17.80594],[106.39532,17.80822],[106.39582,17.8079],[106.40105,17.81],[106.40118,17.8207],[106.40157,17.8248],[106.4085,17.8229],[106.41101,17.8227],[106.41556,17.82084],[106.41852,17.84397],[106.41878,17.84719],[106.41856,17.84877],[106.41646,17.84878],[106.41381,17.84833],[106.40891,17.84921],[106.40763,17.85243],[106.40743,17.85469],[106.40699,17.85528],[106.40662,17.85981],[106.41038,17.86061],[106.41706,17.85949],[106.42106,17.86029],[106.42432,17.85847],[106.42639,17.85828],[106.42986,17.8569],[106.43118,17.85727],[106.43406,17.85738],[106.43605,17.85813],[106.43554,17.85476],[106.43912,17.85476],[106.44263,17.85373],[106.44299,17.85618],[106.44644,17.8559],[106.44478,17.84859],[106.4443,17.84114],[106.44471,17.83203],[106.44624,17.82023],[106.4479,17.8115],[106.45114,17.79819],[106.45737,17.77741],[106.44527,17.77206],[106.44501,17.77101],[106.44043,17.76961],[106.44047,17.769],[106.44,17.76888],[106.43979,17.7711],[106.42961,17.78741],[106.42666,17.79267],[106.42488,17.79693],[106.4158,17.79471],[106.41821,17.77954],[106.40765,17.7711],[106.40687,17.7676],[106.40456,17.76358],[106.40162,17.76416],[106.39729,17.76569],[106.39614,17.76799],[106.39233,17.76781],[106.38628,17.76947],[106.38448,17.76937]]]]}},
{"type":"Feature","id":"19066","properties":{"Ward_Code":"19066","Ward_Code_Num":19066,"Ward":"Bắc Gianh","Ward_Alt":"Bắc Gianh","Ward_Upper":"BẮC GIANH","Ward_Full":"Phường Bắc Gianh","Ward_Full_Alt":"Phường Bắc Gianh","Ward_Full_Upper_Alt":"PHƯỜNG BẮC GIANH","Ward_Type":"Phường","Province_Code":"44","Province":"Quảng Trị","Province_Upper_Alt":"QUẢNG TRỊ"},"geometry":{"type":"MultiPolygon","coordinates":[[[[106.41768,17.74216],[106.4213,17.74483],[106.42424,17.74499],[106.4238,17.74839],[106.42572,17.75143],[106.42669,17.75158],[106.42824,17.75119],[106.42899,17.75285],[106.42971,17.75302],[106.43206,17.75231],[106.43249,17.75271],[106.43298,17.75392],[106.43274,17.75433],[106.43095,17.75421],[106.43002,17.75913],[106.43024,17.76006],[106.4337,17.7596],[106.43513,17.75907],[106.43646,17.76039],[106.43916,17.76178],[106.44073,17.76472],[106.44,17.76888],[106.44047,17.769],[106.44043,17.76961],[106.44501,17.77101],[106.44527,17.77206],[106.45732,17.7776],[106.46441,17.75823],[106.47175,17.74188],[106.47447,17.73664],[106.47489,17.73634],[106.47671,17.7324],[106.48507,17.71934],[106.48753,17.71494],[106.48957,17.70776],[106.48939,17.70563],[106.48879,17.7049],[106.48919,17.70424],[106.48683,17.7038],[106.48094,17.70442],[106.46017,17.70898],[106.44861,17.71099],[106.43951,17.71399],[106.4355,17.71737],[106.4342,17.72807],[106.43319,17.7323],[106.42373,17.73945],[106.41768,17.74216]]]]}},
{"type":"Feature","id":"19075","properties":{"Ward_Code":"19075","Ward_Code_Num":19075,"Ward":"Nam Ba Đồn","Ward_Alt":"Nam Ba Đồn","Ward_Upper":"NAM BA ĐỒN","Ward_Full":"Xã Nam Ba Đồn","Ward_Full_Alt":"Xã Nam Ba Đồn","Ward_Full_Upper_Alt":"XÃ NAM BA ĐỒN","Ward_Type":"Xã","Province_Code":"44","Province":"Quảng Trị","Province_Upper_Alt":"QUẢNG TRỊ"},"geometry":{"type":"MultiPolygon","coordinates":[[[[106.36077,17.69884],[106.36043,17.69826],[106.35934,17.69759],[106.35927,17.6963],[106.35834,17.69447],[106.35767,17.69396],[106.35501,17.69329],[106.35212,17.69333],[106.35016,17.69411],[106.34455,17.69553],[106.34413,17.69664],[106.34363,17.69702],[106.34373,17.70121],[106.34221,17.7032],[106.34244,17.70284],[106.34222,17.70213],[106.34076,17.70098],[106.33803,17.70028],[106.33535,17.70059],[106.33343,17.69879],[106.32982,17.69759],[106.32809,17.69733],[106.32485,17.69584],[106.32318,17.69555],[106.32159,17.6955],[106.32077,17.69582],[106.31951,17.6956],[106.31849,17.69432],[106.31686,17.69411],[106.31537,17.69344],[106.31435,17.69372],[106.31394,17.69433],[106.31231,17.69402],[106.31142,17.69331],[106.30969,17.69393],[106.30597,17.69764],[106.30105,17.69631],[106.29798,17.69653],[106.29528,17.7007],[106.2929,17.70214],[106.29026,17.70181],[106.28929,17.69935],[106.2876,17.69931],[106.28595,17.69829],[106.28296,17.69831],[106.28049,17.6978],[106.27988,17.69796],[106.27914,17.69989],[106.27963,17.70232],[106.27895,17.70283],[106.27603,17.7034],[106.27512,17.70313],[106.27197,17.70352],[106.26836,17.70275],[106.26367,17.70317],[106.26267,17.70298],[106.26195,17.70399],[106.2603,17.70415],[106.25782,17.70502],[106.25708,17.70466],[106.25668,17.70376],[106.25508,17.70443],[106.25396,17.707],[106.25323,17.70643],[106.25116,17.70352],[106.25002,17.70473],[106.24985,17.70639],[106.2481,17.7062],[106.24704,17.70567],[106.24629,17.70483],[106.24575,17.70353],[106.2415,17.70328],[106.2384,17.70468],[106.23672,17.70618],[106.23556,17.70784],[106.23548,17.7096],[106.23732,17.71203],[106.23868,17.71155],[106.24009,17.71193],[106.2415,17.71106],[106.24251,17.71162],[106.24372,17.71148],[106.24366,17.71437],[106.24417,17.71751],[106.24564,17.71805],[106.24632,17.71923],[106.24997,17.72015],[106.25044,17.72175],[106.25095,17.72237],[106.25244,17.72261],[106.25434,17.72371],[106.25572,17.72342],[106.25704,17.72441],[106.25677,17.72623],[106.25479,17.72663],[106.25336,17.72761],[106.25366,17.73087],[106.25451,17.73185],[106.25634,17.73242],[106.2554,17.73345],[106.25552,17.73458],[106.25513,17.7353],[106.25522,17.7369],[106.25484,17.73838],[106.25802,17.73716],[106.25789,17.73787],[106.25672,17.73865],[106.25973,17.7388],[106.26072,17.73994],[106.25966,17.74148],[106.25956,17.74226],[106.26446,17.74237],[106.26713,17.74457],[106.26864,17.74391],[106.27033,17.74389],[106.27154,17.74337],[106.27493,17.74313],[106.27603,17.7437],[106.277,17.74502],[106.27979,17.74716],[106.28079,17.74945],[106.28278,17.74872],[106.28366,17.74938],[106.28457,17.74795],[106.28638,17.74805],[106.2885,17.74731],[106.28918,17.74634],[106.29049,17.74572],[106.29149,17.74557],[106.29281,17.74588],[106.29483,17.74524],[106.29568,17.7455],[106.29709,17.74457],[106.29851,17.74539],[106.29923,17.74834],[106.29772,17.74887],[106.29684,17.74955],[106.2965,17.75102],[106.29676,17.75235],[106.29635,17.75231],[106.2959,17.75298],[106.29639,17.75456],[106.29672,17.75437],[106.29784,17.75625],[106.29744,17.75644],[106.29775,17.75732],[106.30248,17.75858],[106.30316,17.76072],[106.30868,17.76025],[106.31078,17.76107],[106.31423,17.76454],[106.32064,17.77008],[106.32198,17.77044],[106.32635,17.77017],[106.3297,17.76882],[106.33374,17.76652],[106.34479,17.76184],[106.34912,17.76036],[106.35266,17.7568],[106.35382,17.75509],[106.36101,17.75334],[106.36855,17.75073],[106.372,17.7499],[106.37083,17.74714],[106.36757,17.7448],[106.36586,17.74293],[106.36573,17.74142],[106.3642,17.7414],[106.36314,17.74179],[106.36198,17.74273],[106.36114,17.74251],[106.36084,17.74146],[106.36151,17.73754],[106.36261,17.73629],[106.36237,17.73334],[106.35964,17.73156],[106.35774,17.731],[106.35903,17.72681],[106.35987,17.72708],[106.36083,17.72472],[106.36241,17.72541],[106.36399,17.72216],[106.36635,17.72341],[106.36766,17.723],[106.37051,17.72292],[106.3716,17.72084],[106.37036,17.71936],[106.36852,17.71849],[106.36872,17.71632],[106.36979,17.7136],[106.36858,17.71026],[106.37238,17.70874],[106.37204,17.70357],[106.36904,17.70407],[106.36903,17.70371],[106.36343,17.70521],[106.3609,17.70487],[106.36018,17.70323],[106.36077,17.69884]]]]}},
{"type":"Feature","id":"19093","properties":{"Ward_Code":"19093","Ward_Code_Num":19093,"Ward":"Nam Gianh","Ward_Alt":"Nam Gianh","Ward_Upper":"NAM GIANH","Ward_Full":"Xã Nam Gianh","Ward_Full_Alt":"Xã Nam Gianh","Ward_Full_Upper_Alt":"XÃ NAM GIANH","Ward_Type":"Xã","Province_Code":"44","Province":"Quảng Trị","Province_Upper_Alt":"QUẢNG TRỊ"},"geometry":{"type":"MultiPolygon","coordinates":[[[[106.36903,17.70371],[106.36904,17.70407],[106.37204,17.70357],[106.37238,17.70874],[106.36858,17.71026],[106.36979,17.7136],[106.36872,17.71632],[106.36852,17.71849],[106.37036,17.71936],[106.3716,17.72084],[106.37051,17.72292],[106.36766,17.723],[106.36635,17.72341],[106.36399,17.72216],[106.36241,17.72541],[106.36083,17.72472],[106.35987,17.72708],[106.35903,17.72681],[106.35774,17.731],[106.35964,17.73156],[106.36237,17.73334],[106.36261,17.73629],[106.36151,17.73754],[106.36084,17.74146],[106.36114,17.74251],[106.36198,17.74273],[106.36314,17.74179],[106.3642,17.7414],[106.36573,17.74142],[106.36586,17.74293],[106.36757,17.7448],[106.37083,17.74714],[106.372,17.7499],[106.37649,17.74904],[106.38772,17.74464],[106.39003,17.74488],[106.39192,17.74549],[106.3971,17.74778],[106.39827,17.74873],[106.40828,17.74606],[106.42373,17.73945],[106.43284,17.73274],[106.43336,17.73203],[106.4342,17.72807],[106.4355,17.71737],[106.4251,17.72464],[106.42037,17.72658],[106.41285,17.72473],[106.41116,17.72357],[106.40834,17.72235],[106.40032,17.71948],[106.39566,17.71611],[106.39097,17.71175],[106.3902,17.70959],[106.39012,17.70778],[106.39226,17.70246],[106.39282,17.6996],[106.394,17.69809],[106.40133,17.6923],[106.40363,17.68771],[106.3981,17.68693],[106.396,17.68702],[106.39479,17.68636],[106.39355,17.68645],[106.39013,17.68586],[106.38928,17.68508],[106.38736,17.68518],[106.38572,17.68355],[106.38364,17.68263],[106.38136,17.68275],[106.37862,17.6824],[106.37726,17.68148],[106.37407,17.68155],[106.37023,17.68063],[106.3688,17.68122],[106.36648,17.68082],[106.36546,17.67996],[106.36409,17.67942],[106.36351,17.6786],[106.36217,17.67857],[106.36056,17.67702],[106.35989,17.67575],[106.35803,17.67704],[106.35534,17.67681],[106.3545,17.67764],[106.35363,17.68077],[106.35144,17.6844],[106.35131,17.68742],[106.35304,17.69087],[106.35208,17.69257],[106.35212,17.69333],[106.35501,17.69329],[106.35767,17.69396],[106.35834,17.69447],[106.35932,17.69641],[106.35934,17.69759],[106.36079,17.69872],[106.36018,17.70323],[106.3609,17.70487],[106.36343,17.70521],[106.36903,17.70371]]]]}},
{"type":"Feature","id":"19111","properties":{"Ward_Code":"19111","Ward_Code_Num":19111,"Ward":"Hoàn Lão","Ward_Alt":"Hoàn Lão","Ward_Upper":"HOÀN LÃO","Ward_Full":"Xã Hoàn Lão","Ward_Full_Alt":"Xã Hoàn Lão","Ward_Full_Upper_Alt":"XÃ HOÀN LÃO","Ward_Type":"Xã","Province_Code":"44","Province":"Quảng Trị","Province_Upper_Alt":"QUẢNG TRỊ"},"geometry":{"type":"MultiPolygon","coordinates":[[[[106.54911,17.61417],[106.55352,17.60521],[106.55733,17.59896],[106.56516,17.58374],[106.5757,17.56653],[106.57202,17.56445],[106.57332,17.56206],[106.57376,17.56039],[106.57863,17.55171],[106.57472,17.55082],[106.5732,17.5499],[106.57203,17.54778],[106.57083,17.54266],[106.57018,17.54161],[106.56914,17.54134],[106.567,17.54206],[106.56337,17.54387],[106.56213,17.54521],[106.5613,17.54546],[106.55849,17.54514],[106.55743,17.54318],[106.55649,17.54261],[106.55498,17.54302],[106.55393,17.54401],[106.55374,17.54536],[106.55474,17.55043],[106.55362,17.55152],[106.55242,17.5515],[106.55088,17.55079],[106.54898,17.54882],[106.54653,17.54724],[106.5446,17.54478],[106.54146,17.54263],[106.53966,17.54094],[106.53938,17.54006],[106.53789,17.53928],[106.53488,17.53874],[106.5342,17.53827],[106.53176,17.53551],[106.53086,17.53377],[106.52858,17.53193],[106.52478,17.53128],[106.51913,17.53428],[106.51797,17.53328],[106.5171,17.53303],[106.51532,17.53287],[106.51447,17.53383],[106.51058,17.53066],[106.50894,17.52833],[106.50575,17.52566],[106.50371,17.52335],[106.50578,17.52193],[106.50446,17.52098],[106.50514,17.52004],[106.50519,17.51914],[106.50461,17.51679],[106.50491,17.51647],[106.50478,17.51538],[106.5039,17.51416],[106.50081,17.51411],[106.4994,17.51478],[106.49749,17.51398],[106.4956,17.51893],[106.49198,17.52093],[106.49107,17.52207],[106.48963,17.52698],[106.48946,17.52842],[106.49206,17.52987],[106.49272,17.53178],[106.4927,17.53279],[106.48826,17.53159],[106.48726,17.53088],[106.48628,17.52905],[106.48541,17.52904],[106.48372,17.52758],[106.48251,17.5272],[106.48162,17.52764],[106.48086,17.52878],[106.4804,17.52876],[106.48031,17.5292],[106.47924,17.5296],[106.47845,17.52948],[106.47795,17.52985],[106.47778,17.5306],[106.47662,17.53102],[106.47586,17.53081],[106.47525,17.52936],[106.47212,17.52997],[106.47145,17.52983],[106.46983,17.53129],[106.46919,17.53144],[106.46575,17.53044],[106.46442,17.53036],[106.46335,17.53069],[106.46299,17.53027],[106.46193,17.53135],[106.46183,17.53405],[106.4602,17.53517],[106.45821,17.53463],[106.45545,17.53507],[106.45512,17.53537],[106.4533,17.53517],[106.45134,17.53714],[106.44974,17.53742],[106.44944,17.53838],[106.44674,17.54024],[106.44535,17.54198],[106.44226,17.54208],[106.4403,17.54182],[106.43858,17.5412],[106.43599,17.54246],[106.43636,17.54441],[106.4349,17.54656],[106.43554,17.54933],[106.43478,17.55265],[106.4365,17.55476],[106.43718,17.55465],[106.43786,17.55501],[106.44284,17.55571],[106.44357,17.5564],[106.44434,17.55799],[106.44687,17.5596],[106.44763,17.56095],[106.44711,17.56132],[106.45257,17.56988],[106.45242,17.57284],[106.45275,17.57455],[106.45235,17.57724],[106.45401,17.57989],[106.45779,17.58323],[106.4618,17.58404],[106.46729,17.58638],[106.46948,17.58646],[106.47188,17.58804],[106.47342,17.58858],[106.47516,17.58881],[106.47529,17.58762],[106.47755,17.58734],[106.47798,17.5878],[106.47886,17.58778],[106.48052,17.58749],[106.48092,17.58812],[106.48209,17.58809],[106.4824,17.5889],[106.48325,17.5893],[106.48293,17.58953],[106.48205,17.58921],[106.48151,17.58981],[106.48178,17.59012],[106.48228,17.58945],[106.48267,17.58976],[106.48566,17.59001],[106.48725,17.58882],[106.48794,17.58892],[106.48828,17.59012],[106.48868,17.59009],[106.48873,17.58911],[106.48838,17.58839],[106.48913,17.58815],[106.48924,17.58892],[106.48983,17.58848],[106.48985,17.5891],[106.49012,17.58908],[106.491,17.59088],[106.49273,17.59294],[106.49837,17.59699],[106.50056,17.59896],[106.5001,17.599],[106.49563,17.60192],[106.49542,17.60285],[106.49564,17.60313],[106.49406,17.60427],[106.4947,17.60467],[106.49406,17.60611],[106.49348,17.60668],[106.49393,17.60744],[106.49266,17.60777],[106.49258,17.60826],[106.48843,17.60935],[106.48854,17.61004],[106.48736,17.61017],[106.48668,17.6106],[106.4869,17.61128],[106.48649,17.61141],[106.48639,17.61091],[106.48602,17.61096],[106.4865,17.61873],[106.49045,17.61911],[106.49066,17.6145],[106.49134,17.6145],[106.4914,17.61383],[106.49381,17.61364],[106.49383,17.61572],[106.49634,17.61545],[106.4964,17.62249],[106.4961,17.62411],[106.49364,17.62372],[106.49319,17.62543],[106.50114,17.62747],[106.50096,17.62206],[106.50358,17.61964],[106.5052,17.61906],[106.51079,17.6211],[106.51118,17.62166],[106.51259,17.62091],[106.51302,17.62169],[106.51386,17.62045],[106.51385,17.61114],[106.51517,17.60984],[106.52066,17.60754],[106.52237,17.60599],[106.52348,17.60542],[106.52468,17.60408],[106.52491,17.60341],[106.52685,17.60354],[106.5292,17.60499],[106.53132,17.60569],[106.53244,17.60659],[106.53315,17.60615],[106.53373,17.60618],[106.53524,17.60687],[106.53732,17.6087],[106.5382,17.60897],[106.53843,17.61392],[106.53972,17.61336],[106.5425,17.61356],[106.54266,17.61333],[106.54478,17.61328],[106.54911,17.61417]]]]}},
{"type":"Feature","id":"19126","properties":{"Ward_Code":"19126","Ward_Code_Num":19126,"Ward":"Bắc Trạch","Ward_Alt":"Bắc Trạch","Ward_Upper":"BẮC TRẠCH","Ward_Full":"Xã Bắc Trạch","Ward_Full_Alt":"Xã Bắc Trạch","Ward_Full_Upper_Alt":"XÃ BẮC TRẠCH","Ward_Type":"Xã","Province_Code":"44","Province":"Quảng Trị","Province_Upper_Alt":"QUẢNG TRỊ"},"geometry":{"type":"MultiPolygon","coordinates":[[[[106.48458,17.70391],[106.48683,17.7038],[106.48919,17.70424],[106.49008,17.70278],[106.49164,17.70354],[106.49299,17.70365],[106.49594,17.70201],[106.49868,17.69059],[106.50219,17.68201],[106.50752,17.67202],[106.51346,17.662],[106.5142,17.66119],[106.51604,17.66053],[106.51745,17.65777],[106.51821,17.65727],[106.51914,17.65495],[106.51828,17.6542],[106.51655,17.65452],[106.51467,17.65415],[106.51258,17.65569],[106.51274,17.65655],[106.51372,17.65807],[106.51367,17.6588],[106.51243,17.65785],[106.51053,17.65747],[106.50903,17.65602],[106.50821,17.65573],[106.50776,17.65467],[106.50797,17.6537],[106.50761,17.65301],[106.50643,17.65322],[106.5052,17.65288],[106.50418,17.65158],[106.50449,17.64974],[106.50417,17.6492],[106.50023,17.6482],[106.49851,17.64706],[106.49757,17.64707],[106.49374,17.64901],[106.48983,17.64922],[106.48744,17.64871],[106.48509,17.64908],[106.48441,17.65034],[106.48291,17.65106],[106.48218,17.65185],[106.48136,17.65201],[106.48017,17.65182],[106.47924,17.65087],[106.4776,17.65068],[106.47492,17.65212],[106.47343,17.65152],[106.46912,17.65145],[106.4687,17.65154],[106.46776,17.65263],[106.46353,17.65262],[106.45535,17.65354],[106.45428,17.65322],[106.45373,17.65387],[106.45233,17.65413],[106.45059,17.65329],[106.44589,17.6527],[106.44331,17.65366],[106.44366,17.656],[106.4421,17.65819],[106.43971,17.65761],[106.43566,17.65752],[106.4333,17.65481],[106.43039,17.65343],[106.42095,17.65387],[106.41917,17.65464],[106.41552,17.65858],[106.41394,17.65913],[106.41183,17.6613],[106.41104,17.66155],[106.40973,17.66116],[106.40435,17.66385],[106.40207,17.66385],[106.40129,17.66325],[106.40104,17.66137],[106.39824,17.66071],[106.39755,17.65955],[106.39647,17.65856],[106.39514,17.65228],[106.39213,17.6487],[106.39045,17.64835],[106.38853,17.64977],[106.38572,17.64982],[106.38475,17.64914],[106.38022,17.64842],[106.37784,17.64599],[106.37684,17.64659],[106.37529,17.64646],[106.3743,17.6476],[106.37339,17.64776],[106.37207,17.64864],[106.37133,17.65002],[106.36792,17.65016],[106.36594,17.64951],[106.36394,17.6496],[106.36279,17.64895],[106.36201,17.64798],[106.36241,17.64704],[106.36238,17.64593],[106.35983,17.64546],[106.35758,17.6446],[106.35735,17.64397],[106.35809,17.64235],[106.35788,17.64178],[106.35719,17.64134],[106.35594,17.64134],[106.35489,17.64273],[106.35399,17.64316],[106.35331,17.64308],[106.35225,17.64084],[106.35076,17.63979],[106.34988,17.64019],[106.34827,17.64018],[106.34717,17.64081],[106.34586,17.64459],[106.34391,17.64663],[106.34271,17.64708],[106.34151,17.64704],[106.33927,17.64806],[106.33842,17.64962],[106.33807,17.65155],[106.33677,17.65241],[106.33544,17.65463],[106.33496,17.65496],[106.33645,17.6561],[106.33733,17.65869],[106.33831,17.6593],[106.33873,17.66018],[106.34059,17.66096],[106.34194,17.66245],[106.3422,17.66415],[106.34167,17.66728],[106.34079,17.66895],[106.33968,17.66987],[106.33911,17.67112],[106.34157,17.67174],[106.34235,17.67149],[106.34549,17.67234],[106.34672,17.6719],[106.34565,17.67381],[106.34715,17.67567],[106.34693,17.67763],[106.35029,17.68128],[106.3516,17.68336],[106.35156,17.68414],[106.35323,17.68165],[106.3548,17.67722],[106.35568,17.67675],[106.35692,17.67713],[106.35803,17.67704],[106.35989,17.67575],[106.36056,17.67702],[106.36217,17.67857],[106.36351,17.6786],[106.36409,17.67942],[106.36546,17.67996],[106.36648,17.68082],[106.3688,17.68122],[106.37023,17.68063],[106.37407,17.68155],[106.37726,17.68148],[106.37862,17.6824],[106.38136,17.68275],[106.38364,17.68263],[106.38572,17.68355],[106.38736,17.68518],[106.38928,17.68508],[106.39013,17.68586],[106.39355,17.68645],[106.39479,17.68636],[106.396,17.68702],[106.3981,17.68693],[106.40363,17.68771],[106.40133,17.6923],[106.39536,17.69693],[106.39313,17.69905],[106.39226,17.70246],[106.39012,17.70778],[106.39046,17.71072],[106.39097,17.71175],[106.39354,17.71427],[106.39783,17.71783],[106.40032,17.71948],[106.40834,17.72235],[106.41116,17.72357],[106.41285,17.72473],[106.42037,17.72658],[106.42352,17.72544],[106.42595,17.72411],[106.43604,17.71698],[106.43931,17.7141],[106.44236,17.71284],[106.44861,17.71099],[106.46017,17.70898],[106.47742,17.70512],[106.48458,17.70391]]]]}},
{"type":"Feature","id":"19138","properties":{"Ward_Code":"19138","Ward_Code_Num":19138,"Ward":"Phong Nha","Ward_Alt":"Phong Nha","Ward_Upper":"PHONG NHA","Ward_Full":"Xã Phong Nha","Ward_Full_Alt":"Xã Phong Nha","Ward_Full_Upper_Alt":"XÃ PHONG NHA","Ward_Type":"Xã","Province_Code":"44","Province":"Quảng Trị","Province_Upper_Alt":"QUẢNG TRỊ"},"geometry":{"type":"MultiPolygon","coordinates":[[[[106.23336,17.59142],[106.23334,17.5926],[106.23582,17.59551],[106.2361,17.59815],[106.23697,17.5986],[106.23715,17.59921],[106.2391,17.60019],[106.23996,17.60103],[106.24202,17.60431],[106.24373,17.60498],[106.24403,17.60616],[106.24502,17.60709],[106.24506,17.60949],[106.24666,17.61302],[106.24824,17.61422],[106.24906,17.61431],[106.25141,17.61737],[106.25292,17.61738],[106.25491,17.6192],[106.25477,17.62018],[106.25383,17.62048],[106.25391,17.62089],[106.25294,17.62105],[106.25253,17.62191],[106.25147,17.62199],[106.25079,17.62274],[106.25152,17.62459],[106.24963,17.62718],[106.24914,17.62846],[106.24873,17.62894],[106.24755,17.62869],[106.24666,17.62766],[106.24608,17.62759],[106.24343,17.62596],[106.23995,17.6232],[106.23928,17.62187],[106.23896,17.62214],[106.2373,17.62192],[106.23674,17.62264],[106.23454,17.62393],[106.23248,17.62223],[106.22891,17.62202],[106.2286,17.62258],[106.22753,17.62258],[106.22587,17.62319],[106.22602,17.62496],[106.22488,17.62469],[106.22264,17.62593],[106.22013,17.62633],[106.22004,17.62735],[106.22047,17.62801],[106.21599,17.6272],[106.21378,17.6274],[106.21252,17.62825],[106.21091,17.62794],[106.20978,17.62569],[106.20811,17.62424],[106.20636,17.62333],[106.20498,17.62389],[106.20396,17.62532],[106.20131,17.62706],[106.20134,17.62799],[106.20002,17.62797],[106.19339,17.63529],[106.19461,17.63727],[106.19542,17.63798],[106.19442,17.6413],[106.19238,17.64446],[106.19102,17.64443],[106.19083,17.64492],[106.18984,17.64563],[106.18794,17.6439],[106.18804,17.64244],[106.18692,17.64131],[106.18669,17.64031],[106.18588,17.64001],[106.1821,17.64208],[106.18085,17.64363],[106.17809,17.64253],[106.17646,17.64013],[106.17384,17.63988],[106.1717,17.64082],[106.16779,17.63837],[106.16673,17.63737],[106.16552,17.6372],[106.16513,17.63857],[106.16449,17.638],[106.16147,17.63665],[106.16094,17.63694],[106.15913,17.63699],[106.15864,17.63639],[106.15405,17.63405],[106.15245,17.63425],[106.14808,17.63336],[106.14749,17.63241],[106.14784,17.63017],[106.14756,17.6287],[106.14672,17.62679],[106.14524,17.62523],[106.14471,17.6251],[106.14451,17.62356],[106.14285,17.62241],[106.14214,17.62083],[106.13844,17.61804],[106.13578,17.61794],[106.13114,17.62019],[106.12745,17.62094],[106.12557,17.61953],[106.12536,17.61815],[106.1225,17.61763],[106.12224,17.61665],[106.1212,17.61636],[106.11939,17.61452],[106.1153,17.61378],[106.11297,17.6151],[106.10794,17.61597],[106.10402,17.61711],[106.10216,17.61693],[106.10132,17.61726],[106.10005,17.61955],[106.09877,17.62026],[106.0973,17.62202],[106.09493,17.62309],[106.09484,17.62387],[106.09386,17.62499],[106.09316,17.62528],[106.09268,17.62508],[106.09185,17.62583],[106.09114,17.62764],[106.08931,17.62861],[106.09056,17.62991],[106.09097,17.63147],[106.09194,17.64016],[106.09369,17.64583],[106.09259,17.64639],[106.09218,17.64728],[106.09099,17.64699],[106.09046,17.64772],[106.08929,17.64749],[106.08899,17.64798],[106.09044,17.64903],[106.09248,17.64949],[106.09266,17.65121],[106.09393,17.65213],[106.09473,17.65364],[106.09636,17.65383],[106.09737,17.6536],[106.10008,17.65403],[106.1034,17.65527],[106.10411,17.65609],[106.10452,17.65734],[106.10428,17.65907],[106.10458,17.65987],[106.10558,17.66121],[106.10733,17.66269],[106.10931,17.66269],[106.11036,17.66302],[106.11158,17.66257],[106.11433,17.66228],[106.11696,17.66238],[106.11777,17.6643],[106.1185,17.66496],[106.12113,17.6662],[106.12246,17.66863],[106.11622,17.67309],[106.1133,17.67557],[106.11074,17.67697],[106.10824,17.67881],[106.10723,17.68111],[106.10591,17.6827],[106.10249,17.68399],[106.09916,17.68451],[106.09552,17.68589],[106.09272,17.69043],[106.09035,17.69038],[106.08753,17.69127],[106.08573,17.69136],[106.08366,17.69215],[106.08173,17.69424],[106.07918,17.69421],[106.0779,17.69887],[106.07793,17.69966],[106.07806,17.70012],[106.08197,17.70422],[106.08246,17.7055],[106.08284,17.7089],[106.09817,17.71069],[106.09978,17.71218],[106.10614,17.71424],[106.10859,17.71456],[106.10955,17.71504],[106.11044,17.71768],[106.11193,17.71957],[106.11454,17.72092],[106.11544,17.72213],[106.11701,17.72311],[106.1188,17.72311],[106.12124,17.72385],[106.12756,17.72415],[106.13101,17.72365],[106.13266,17.7239],[106.13449,17.72322],[106.1353,17.7232],[106.13687,17.72398],[106.13886,17.72384],[106.14106,17.72545],[106.14348,17.7262],[106.14398,17.72668],[106.14555,17.72666],[106.14686,17.72718],[106.1481,17.72696],[106.15058,17.72801],[106.15154,17.72975],[106.15195,17.7277],[106.15338,17.72665],[106.15474,17.72487],[106.15743,17.72405],[106.15937,17.72422],[106.1612,17.72241],[106.16656,17.72195],[106.16839,17.72225],[106.17012,17.72157],[106.17634,17.72114],[106.17835,17.7206],[106.18055,17.71956],[106.18214,17.71953],[106.18318,17.7185],[106.18433,17.71924],[106.18525,17.71927],[106.18573,17.71868],[106.18587,17.71754],[106.18663,17.71873],[106.18844,17.71902],[106.19035,17.71853],[106.19292,17.71852],[106.1949,17.718],[106.19683,17.71806],[106.19796,17.71711],[106.19954,17.71708],[106.20096,17.71666],[106.2011,17.7181],[106.20179,17.71877],[106.20237,17.71865],[106.20366,17.71955],[106.20555,17.71839],[106.20656,17.71909],[106.20785,17.719],[106.20925,17.71748],[106.21051,17.716919999999998],[106.21189,17.71741],[106.21264,17.71713],[106.21385,17.71735],[106.21518,17.71883],[106.21672,17.71861],[106.21829,17.71791],[106.21878,17.71695],[106.22115,17.7164],[106.22198,17.71542],[106.22197,17.71483],[106.22254,17.71389],[106.22233,17.71286],[106.22528,17.71224],[106.22618,17.71177],[106.22722,17.71194],[106.22834,17.71152],[106.22976,17.71149],[106.23548,17.7096],[106.23556,17.70784],[106.23672,17.70618],[106.2384,17.70468],[106.2415,17.70328],[106.24575,17.70353],[106.24629,17.70483],[106.24704,17.70567],[106.2481,17.7062],[106.24985,17.70639],[106.25002,17.70473],[106.25116,17.70352],[106.25323,17.70643],[106.25396,17.707],[106.25508,17.70443],[106.25668,17.70376],[106.25708,17.70466],[106.25782,17.70502],[106.2603,17.70415],[106.26195,17.70399],[106.26267,17.70298],[106.26367,17.70317],[106.26836,17.70275],[106.27197,17.70352],[106.27512,17.70313],[106.27603,17.7034],[106.27895,17.70283],[106.27963,17.70232],[106.27914,17.69989],[106.27988,17.69796],[106.28049,17.6978],[106.28296,17.69831],[106.28595,17.69829],[106.2876,17.69931],[106.28929,17.69935],[106.29026,17.70181],[106.2929,17.70214],[106.29528,17.7007],[106.29798,17.69653],[106.30105,17.69631],[106.30597,17.69764],[106.30969,17.69393],[106.31142,17.69331],[106.31231,17.69402],[106.31394,17.69433],[106.31435,17.69372],[106.31537,17.69344],[106.31686,17.69411],[106.31849,17.69432],[106.31951,17.6956],[106.32077,17.69582],[106.32159,17.6955],[106.32318,17.69555],[106.32485,17.69584],[106.32809,17.69733],[106.32982,17.69759],[106.33343,17.69879],[106.33535,17.70059],[106.33803,17.70028],[106.34076,17.70098],[106.34222,17.70213],[106.34244,17.70284],[106.34221,17.7032],[106.34373,17.70121],[106.34363,17.69702],[106.34413,17.69664],[106.34455,17.69553],[106.35016,17.69411],[106.35212,17.69333],[106.35208,17.69257],[106.35304,17.69087],[106.35131,17.68742],[106.35164,17.68348],[106.35029,17.68128],[106.34693,17.67763],[106.34715,17.67567],[106.34565,17.67381],[106.34672,17.6719],[106.34549,17.67234],[106.34235,17.67149],[106.34157,17.67174],[106.33911,17.67112],[106.33968,17.66987],[106.34079,17.66895],[106.34167,17.66728],[106.3422,17.66415],[106.34194,17.66245],[106.34059,17.66096],[106.33873,17.66018],[106.33831,17.6593],[106.33733,17.65869],[106.33645,17.6561],[106.33496,17.65496],[106.33544,17.65463],[106.33677,17.65241],[106.33807,17.65155],[106.33842,17.64962],[106.33927,17.64806],[106.34151,17.64704],[106.34271,17.64708],[106.34391,17.64663],[106.34586,17.64459],[106.3469,17.64215],[106.34686,17.64114],[106.34544,17.63966],[106.34369,17.63993],[106.34036,17.64176],[106.33912,17.64175],[106.33902,17.64076],[106.33817,17.63919],[106.33612,17.63765],[106.33513,17.63625],[106.33443,17.63446],[106.33449,17.63322],[106.33486,17.63254],[106.33571,17.63181],[106.33697,17.63164],[106.33822,17.62973],[106.33947,17.62903],[106.3393,17.62644],[106.33826,17.62528],[106.33875,17.62288],[106.33852,17.62027],[106.34365,17.61994],[106.34538,17.62031],[106.3453,17.61955],[106.34416,17.61778],[106.34294,17.61764],[106.34173,17.61803],[106.34139,17.61728],[106.34173,17.61663],[106.34115,17.61608],[106.34047,17.61589],[106.33994,17.61637],[106.33856,17.61582],[106.33891,17.61512],[106.3375,17.614],[106.3371,17.61454],[106.33629,17.61452],[106.3364,17.61344],[106.33548,17.61246],[106.3353,17.61058],[106.33552,17.6101],[106.335,17.60873],[106.33567,17.6063],[106.33617,17.60611],[106.33652,17.60551],[106.3365,17.60482],[106.33527,17.60451],[106.33434,17.60372],[106.33445,17.6034],[106.33294,17.60259],[106.33201,17.60102],[106.33144,17.60066],[106.33053,17.59862],[106.33097,17.59685],[106.3338,17.59461],[106.33448,17.59313],[106.33543,17.59219],[106.3359,17.59092],[106.33499,17.58978],[106.33334,17.58964],[106.33252,17.5889],[106.33158,17.5856],[106.33046,17.58483],[106.3308,17.58226],[106.32907,17.58115],[106.32905,17.58022],[106.32843,17.57923],[106.32805,17.57886],[106.3246,17.57833],[106.32358,17.57705],[106.32369,17.5748],[106.32333,17.57406],[106.32036,17.57251],[106.31898,17.57097],[106.31897,17.56991],[106.318,17.56887],[106.31871,17.56881],[106.32004,17.56771],[106.32198,17.56715],[106.32298,17.56628],[106.32292,17.56526],[106.32405,17.56392],[106.3269,17.56339],[106.32791,17.56271],[106.32822,17.56224],[106.32823,17.56105],[106.32982,17.55943],[106.33201,17.55947],[106.33377,17.55834],[106.33627,17.55894],[106.33794,17.55785],[106.33887,17.55812],[106.34064,17.55603],[106.34088,17.55134],[106.34066,17.55018],[106.34123,17.54888],[106.34121,17.54682],[106.34152,17.5456],[106.34216,17.54463],[106.34247,17.54205],[106.34207,17.5381],[106.3414,17.53738],[106.34139,17.53687],[106.34168,17.53544],[106.3425,17.53391],[106.34287,17.5311],[106.34325,17.53011],[106.34421,17.52898],[106.3443,17.52784],[106.34415,17.52716],[106.34271,17.52581],[106.34187,17.52394],[106.34024,17.51958],[106.34057,17.51872],[106.3403,17.51804],[106.33931,17.51741],[106.33856,17.51601],[106.33579,17.51442],[106.3352,17.5135],[106.33531,17.51251],[106.33392,17.51297],[106.33227,17.51246],[106.33081,17.51263],[106.33044,17.51097],[106.32882,17.51028],[106.32848,17.50926],[106.32746,17.50842],[106.32717,17.50772],[106.3259,17.50747],[106.32401,17.51167],[106.32268,17.51174],[106.31443,17.50731],[106.31217,17.50731],[106.30863,17.51827],[106.30372,17.52885],[106.30204,17.53114],[106.30043,17.53226],[106.29945,17.53438],[106.29801,17.53517],[106.29788,17.53837],[106.29532,17.54094],[106.29419,17.54497],[106.29298,17.54686],[106.29208,17.54756],[106.29162,17.54601],[106.29049,17.54486],[106.28825,17.5436],[106.28768,17.54226],[106.28749,17.54057],[106.28606,17.53932],[106.28524,17.5393],[106.28457,17.5389],[106.28069,17.53956],[106.2793,17.53918],[106.2771,17.53735],[106.27113,17.53836],[106.26818,17.53808],[106.26551,17.53931],[106.26432,17.53915],[106.26337,17.53766],[106.26324,17.53615],[106.26149,17.53408],[106.26031,17.53454],[106.25725,17.53153],[106.25609,17.53233],[106.25534,17.53217],[106.25514,17.53116],[106.25536,17.5307],[106.25404,17.52917],[106.2521,17.52567],[106.24808,17.52109],[106.24578,17.52051],[106.24183,17.52114],[106.23925,17.52017],[106.23816,17.51885],[106.23615,17.5186],[106.2318,17.51917],[106.2274,17.51783],[106.22666,17.5157],[106.22389,17.51473],[106.22275,17.51488],[106.22005,17.51403],[106.21889,17.51101],[106.21675,17.51038],[106.21569,17.51056],[106.21574,17.50949],[106.21532,17.50888],[106.21485,17.50908],[106.21438,17.50987],[106.21382,17.50962],[106.21345,17.50854],[106.21422,17.5077],[106.21353,17.50692],[106.21256,17.50719],[106.2123,17.5076],[106.21099,17.50768],[106.21074,17.50689],[106.20962,17.50597],[106.20921,17.50486],[106.2079,17.50483],[106.20661,17.50674],[106.20864,17.5075],[106.21047,17.51017],[106.21164,17.51036],[106.21229,17.5113],[106.21271,17.51396],[106.21379,17.51643],[106.21252,17.51809],[106.21285,17.5194],[106.2127,17.52051],[106.21457,17.52394],[106.21464,17.52523],[106.21576,17.52616],[106.21604,17.52706],[106.21684,17.52758],[106.2181,17.52638],[106.21976,17.52761],[106.22127,17.52713],[106.22274,17.52722],[106.22432,17.52841],[106.22557,17.52987],[106.22676,17.53016],[106.22928,17.53168],[106.22909,17.53435],[106.2293,17.53534],[106.23064,17.53626],[106.2315,17.5375],[106.23196,17.53969],[106.23378,17.53992],[106.23381,17.54286],[106.23464,17.54345],[106.23478,17.54443],[106.2339,17.54576],[106.2348,17.54698],[106.23488,17.54821],[106.2367,17.55269],[106.23776,17.55405],[106.23788,17.55586],[106.2391,17.55909],[106.24092,17.56182],[106.24133,17.56332],[106.23746,17.56402],[106.23537,17.566],[106.23557,17.57485],[106.23359,17.5801],[106.23464,17.58554],[106.23336,17.59142]]]]}},
{"type":"Feature","id":"19141","properties":{"Ward_Code":"19141","Ward_Code_Num":19141,"Ward":"Bố Trạch","Ward_Alt":"Bố Trạch","Ward_Upper":"BỐ TRẠCH","Ward_Full":"Xã Bố Trạch","Ward_Full_Alt":"Xã Bố Trạch","Ward_Full_Upper_Alt":"XÃ BỐ TRẠCH","Ward_Type":"Xã","Province_Code":"44","Province":"Quảng Trị","Province_Upper_Alt":"QUẢNG TRỊ"},"geometry":{"type":"MultiPolygon","coordinates":[[[[106.40973,17.66116],[106.41104,17.66155],[106.41183,17.6613],[106.41394,17.65913],[106.41552,17.65858],[106.41917,17.65464],[106.42095,17.65387],[106.43039,17.65343],[106.4333,17.65481],[106.43566,17.65752],[106.43651,17.65396],[106.43485,17.65204],[106.43414,17.64984],[106.43442,17.64288],[106.43424,17.63753],[106.43209,17.63356],[106.43626,17.63194],[106.44068,17.62813],[106.44072,17.6292],[106.44174,17.62903],[106.44207,17.62987],[106.4426,17.63002],[106.44383,17.62971],[106.4456,17.63095],[106.44618,17.63192],[106.44568,17.6327],[106.44604,17.63389],[106.44741,17.63405],[106.44811,17.6351],[106.44866,17.63492],[106.44879,17.63416],[106.4497,17.63307],[106.44924,17.63143],[106.45032,17.63075],[106.45181,17.63123],[106.45202,17.6315],[106.45151,17.63215],[106.45146,17.63288],[106.45202,17.63375],[106.45209,17.63496],[106.45434,17.6358],[106.45775,17.63475],[106.45884,17.6337],[106.45726,17.63036],[106.45743,17.62952],[106.45792,17.62901],[106.45842,17.62927],[106.45901,17.62901],[106.46084,17.62906],[106.46398,17.62961],[106.46544,17.62878],[106.46766,17.62612],[106.47063,17.62526],[106.47249,17.62431],[106.47301,17.62371],[106.47396,17.62374],[106.47516,17.62479],[106.47805,17.62643],[106.48169,17.62453],[106.4839,17.62448],[106.48738,17.62573],[106.48771,17.62545],[106.48984,17.62518],[106.49021,17.62477],[106.49319,17.62543],[106.49364,17.62372],[106.4961,17.62411],[106.4964,17.62249],[106.49634,17.61545],[106.49383,17.61572],[106.49381,17.61364],[106.4914,17.61383],[106.49134,17.6145],[106.49066,17.6145],[106.49045,17.61911],[106.4865,17.61873],[106.48602,17.61096],[106.48639,17.61091],[106.48649,17.61141],[106.4869,17.61128],[106.48668,17.6106],[106.48736,17.61017],[106.48854,17.61004],[106.48843,17.60935],[106.49258,17.60826],[106.49266,17.60777],[106.49393,17.60744],[106.49348,17.60668],[106.49406,17.60611],[106.4947,17.60467],[106.49406,17.60427],[106.49564,17.60313],[106.49542,17.60285],[106.49563,17.60192],[106.5001,17.599],[106.50056,17.59896],[106.49837,17.59699],[106.49273,17.59294],[106.491,17.59088],[106.49012,17.58908],[106.48985,17.5891],[106.48983,17.58848],[106.48924,17.58892],[106.48913,17.58815],[106.48838,17.58839],[106.48877,17.58943],[106.48868,17.59009],[106.48828,17.59012],[106.48794,17.58892],[106.48725,17.58882],[106.48566,17.59001],[106.48267,17.58976],[106.48228,17.58945],[106.48178,17.59012],[106.48151,17.58981],[106.48205,17.58921],[106.48293,17.58953],[106.48325,17.5893],[106.4824,17.5889],[106.48209,17.58809],[106.48092,17.58812],[106.48052,17.58749],[106.47886,17.58778],[106.47798,17.5878],[106.47755,17.58734],[106.47529,17.58762],[106.47516,17.58881],[106.47342,17.58858],[106.47188,17.58804],[106.46948,17.58646],[106.46729,17.58638],[106.4618,17.58404],[106.45999,17.58353],[106.45805,17.58341],[106.45401,17.57989],[106.45235,17.57724],[106.45275,17.57455],[106.45242,17.57284],[106.45257,17.56988],[106.44711,17.56132],[106.44763,17.56095],[106.44687,17.5596],[106.44434,17.55799],[106.44357,17.5564],[106.44284,17.55571],[106.43786,17.55501],[106.43718,17.55465],[106.4365,17.55476],[106.43478,17.55265],[106.43554,17.54933],[106.4349,17.54656],[106.43621,17.54488],[106.43639,17.54357],[106.43583,17.54225],[106.43475,17.54169],[106.43355,17.54019],[106.4337,17.53846],[106.43309,17.53801],[106.43253,17.53695],[106.43055,17.53634],[106.43038,17.53576],[106.43065,17.53401],[106.43206,17.53181],[106.43299,17.53097],[106.43303,17.52999],[106.43372,17.52956],[106.43446,17.52779],[106.4353,17.52357],[106.43695,17.52016],[106.43701,17.51698],[106.4384,17.51491],[106.4382,17.51406],[106.43841,17.51318],[106.44031,17.51076],[106.44042,17.5087],[106.44165,17.50629],[106.44334,17.50492],[106.44387,17.5022],[106.44318,17.50094],[106.44394,17.49734],[106.44324,17.496],[106.44328,17.49488],[106.44384,17.49384],[106.44642,17.49152],[106.44675,17.49075],[106.44665,17.48987],[106.44813,17.48879],[106.4483,17.48592],[106.44954,17.4851],[106.44979,17.48347],[106.45022,17.48285],[106.44943,17.48053],[106.44987,17.47884],[106.45142,17.47845],[106.45173,17.47674],[106.45274,17.47558],[106.45789,17.47121],[106.45922,17.46952],[106.46146,17.4681],[106.46223,17.46794],[106.46216,17.46727],[106.46409,17.46648],[106.46614,17.46494],[106.46899,17.46191],[106.47121,17.45717],[106.471,17.45158],[106.47159,17.44877],[106.47156,17.44679],[106.47251,17.44493],[106.47211,17.44257],[106.47109,17.44084],[106.47076,17.44093],[106.47036,17.43969],[106.47052,17.43794],[106.47106,17.43725],[106.47314,17.43601],[106.47539,17.43258],[106.47696,17.43229],[106.4779,17.43106],[106.47879,17.43092],[106.47868,17.42955],[106.48101,17.42633],[106.48617,17.42378],[106.48765,17.42227],[106.48754,17.42072],[106.4888,17.41576],[106.48803,17.41405],[106.48868,17.41256],[106.49064,17.41088],[106.49059,17.40813],[106.48889,17.40637],[106.48627,17.40492],[106.48364,17.40422],[106.48404,17.39672],[106.48595,17.394],[106.48739,17.39311],[106.48812,17.39085],[106.48927,17.3897],[106.49237,17.38484],[106.49143,17.38482],[106.48785,17.38323],[106.4832,17.3821],[106.48119,17.38239],[106.47916,17.38175],[106.47307,17.38364],[106.46903,17.3844],[106.46564,17.38296],[106.46201,17.38215],[106.4616,17.38385],[106.46059,17.38584],[106.45906,17.38747],[106.45785,17.38826],[106.45678,17.3898],[106.45464,17.39151],[106.45401,17.3924],[106.45355,17.39251],[106.45118,17.39264],[106.4484,17.39204],[106.44587,17.39014],[106.44345,17.39032],[106.44206,17.38957],[106.43852,17.38924],[106.43729,17.38794],[106.434,17.38643],[106.43346,17.38648],[106.4319,17.38915],[106.42896,17.3916],[106.42715,17.39823],[106.42573,17.39974],[106.42435,17.40045],[106.42245,17.40358],[106.42077,17.40896],[106.42199,17.41091],[106.42208,17.41394],[106.41896,17.41566],[106.41831,17.4171],[106.4181,17.41874],[106.41757,17.41927],[106.41702,17.42092],[106.41543,17.42161],[106.41243,17.42424],[106.41077,17.42635],[106.41056,17.42795],[106.40874,17.42857],[106.4069,17.42972],[106.40583,17.43138],[106.40514,17.43344],[106.4041,17.43482],[106.40426,17.43596],[106.40317,17.43749],[106.40271,17.44098],[106.4019,17.44136],[106.39769,17.44511],[106.39744,17.44763],[106.39539,17.44881],[106.39463,17.45027],[106.39292,17.45132],[106.39145,17.45149],[106.38943,17.45242],[106.38742,17.45364],[106.38681,17.45518],[106.38773,17.45681],[106.38511,17.45875],[106.38131,17.45846],[106.38006,17.46013],[106.37537,17.4645],[106.37499,17.466],[106.37441,17.46644],[106.37536,17.46768],[106.37543,17.46888],[106.37491,17.47179],[106.37519,17.47287],[106.3764,17.47403],[106.37642,17.47438],[106.37526,17.4765],[106.37458,17.47706],[106.37473,17.4785],[106.37408,17.47927],[106.37544,17.48109],[106.37515,17.48272],[106.37684,17.48408],[106.37747,17.48687],[106.37919,17.49037],[106.38304,17.49255],[106.38335,17.49362],[106.38235,17.49595],[106.38356,17.49777],[106.38371,17.4991],[106.38361,17.49999],[106.38301,17.5005],[106.38268,17.50141],[106.38303,17.50177],[106.3843,17.50193],[106.38481,17.5024],[106.37977,17.50469],[106.37766,17.50509],[106.37359,17.50775],[106.37233,17.50784],[106.36861,17.5111],[106.36764,17.51293],[106.36771,17.51397],[106.36642,17.51472],[106.36345,17.51406],[106.36199,17.51493],[106.35678,17.51598],[106.35484,17.51497],[106.35386,17.51485],[106.35296,17.51408],[106.34754,17.51261],[106.34504,17.51267],[106.34308,17.51391],[106.34027,17.51812],[106.34057,17.51872],[106.34024,17.51958],[106.34187,17.52394],[106.34271,17.52581],[106.34415,17.52716],[106.34434,17.52825],[106.34421,17.52898],[106.34325,17.53011],[106.34287,17.5311],[106.3425,17.53391],[106.34168,17.53544],[106.34139,17.53687],[106.3414,17.53738],[106.34207,17.5381],[106.34247,17.54205],[106.34216,17.54463],[106.34152,17.5456],[106.34121,17.54682],[106.34123,17.54888],[106.34066,17.55018],[106.34088,17.55134],[106.34061,17.55611],[106.33887,17.55812],[106.33794,17.55785],[106.33627,17.55894],[106.33377,17.55834],[106.33201,17.55947],[106.32982,17.55943],[106.32823,17.56105],[106.32822,17.56224],[106.32791,17.56271],[106.3269,17.56339],[106.32405,17.56392],[106.32292,17.56526],[106.32298,17.56628],[106.32198,17.56715],[106.32004,17.56771],[106.31871,17.56881],[106.318,17.56887],[106.31897,17.56991],[106.31898,17.57097],[106.32036,17.57251],[106.32333,17.57406],[106.32369,17.5748],[106.32358,17.57705],[106.3246,17.57833],[106.32805,17.57886],[106.32843,17.57923],[106.32905,17.58022],[106.32907,17.58115],[106.3308,17.58226],[106.33046,17.58483],[106.33158,17.5856],[106.33252,17.5889],[106.33334,17.58964],[106.33499,17.58978],[106.3359,17.59092],[106.33543,17.59219],[106.33448,17.59313],[106.3338,17.59461],[106.33097,17.59685],[106.33053,17.59862],[106.33144,17.60066],[106.33201,17.60102],[106.33294,17.60259],[106.33445,17.6034],[106.33434,17.60372],[106.33527,17.60451],[106.3365,17.60482],[106.33652,17.60551],[106.33617,17.60611],[106.33567,17.6063],[106.335,17.60873],[106.33552,17.6101],[106.3353,17.61058],[106.33548,17.61246],[106.3364,17.61344],[106.33629,17.61452],[106.3371,17.61454],[106.3375,17.614],[106.33891,17.61512],[106.33856,17.61582],[106.33994,17.61637],[106.34047,17.61589],[106.34115,17.61608],[106.34173,17.61663],[106.34139,17.61719],[106.34173,17.61803],[106.34294,17.61764],[106.34416,17.61778],[106.3453,17.61955],[106.34538,17.62031],[106.34365,17.61994],[106.33852,17.62027],[106.33875,17.62288],[106.33826,17.62528],[106.3393,17.62644],[106.33947,17.62903],[106.33822,17.62973],[106.33703,17.63159],[106.33558,17.63188],[106.33449,17.63322],[106.33443,17.63446],[106.33513,17.63625],[106.33625,17.63781],[106.33817,17.63919],[106.33902,17.64076],[106.33912,17.64175],[106.34036,17.64176],[106.34369,17.63993],[106.34544,17.63966],[106.34686,17.64114],[106.34827,17.64018],[106.34967,17.64022],[106.351,17.6398],[106.35225,17.64084],[106.35328,17.64305],[106.35372,17.64315],[106.35489,17.64273],[106.35588,17.64137],[106.35719,17.64134],[106.3581,17.64221],[106.35739,17.64374],[106.35749,17.64448],[106.35983,17.64546],[106.36238,17.64593],[106.36241,17.64704],[106.36201,17.64798],[106.36279,17.64895],[106.36394,17.6496],[106.36594,17.64951],[106.36775,17.65015],[106.37146,17.64997],[106.37207,17.64864],[106.37339,17.64776],[106.3743,17.6476],[106.37529,17.64646],[106.37684,17.64659],[106.37784,17.64599],[106.38022,17.64842],[106.38475,17.64914],[106.38572,17.64982],[106.38853,17.64977],[106.39017,17.64845],[106.39122,17.64842],[106.39267,17.64916],[106.39514,17.65228],[106.39647,17.65856],[106.39755,17.65955],[106.39824,17.66071],[106.40104,17.66137],[106.40139,17.66345],[106.40207,17.66385],[106.40435,17.66385],[106.40973,17.66116]]]]}},
{"type":"Feature","id":"19147","properties":{"Ward_Code":"19147","Ward_Code_Num":19147,"Ward":"Thượng Trạch","Ward_Alt":"Thượng Trạch","Ward_Upper":"THƯỢNG TRẠCH","Ward_Full":"Xã Thượng Trạch","Ward_Full_Alt":"Xã Thượng Trạch","Ward_Full_Upper_Alt":"XÃ THƯỢNG TRẠCH","Ward_Type":"Xã","Province_Code":"44","Province":"Quảng Trị","Province_Upper_Alt":"QUẢNG TRỊ"},"geometry":{"type":"MultiPolygon","coordinates":[[[[106.23336,17.59142],[106.23464,17.58554],[106.23359,17.5801],[106.23557,17.57485],[106.23537,17.566],[106.23746,17.56402],[106.24133,17.56332],[106.24082,17.56148],[106.2391,17.55909],[106.23788,17.55586],[106.23776,17.55405],[106.2367,17.55269],[106.23488,17.54821],[106.2348,17.54698],[106.2339,17.54576],[106.23478,17.54443],[106.23464,17.54345],[106.23381,17.54286],[106.23378,17.53992],[106.23196,17.53969],[106.2315,17.5375],[106.23064,17.53626],[106.2293,17.53534],[106.22909,17.53435],[106.22928,17.53168],[106.22676,17.53016],[106.22557,17.52987],[106.22432,17.52841],[106.22274,17.52722],[106.22127,17.52713],[106.21976,17.52761],[106.2181,17.52638],[106.21684,17.52758],[106.21604,17.52706],[106.21576,17.52616],[106.21464,17.52523],[106.21457,17.52394],[106.2127,17.52051],[106.21285,17.5194],[106.21252,17.51809],[106.21379,17.51643],[106.21271,17.51396],[106.21229,17.5113],[106.21164,17.51036],[106.21047,17.51017],[106.20864,17.5075],[106.20661,17.50674],[106.20774,17.50497],[106.20921,17.50486],[106.20962,17.50597],[106.21074,17.50689],[106.21099,17.50768],[106.2123,17.5076],[106.21256,17.50719],[106.21353,17.50692],[106.21422,17.5077],[106.21345,17.50854],[106.21382,17.50962],[106.21438,17.50987],[106.21485,17.50908],[106.21532,17.50888],[106.21574,17.50949],[106.21569,17.51056],[106.21675,17.51038],[106.21889,17.51101],[106.22005,17.51403],[106.22275,17.51488],[106.22389,17.51473],[106.22666,17.5157],[106.2274,17.51783],[106.2318,17.51917],[106.23615,17.5186],[106.23816,17.51885],[106.23925,17.52017],[106.24183,17.52114],[106.24578,17.52051],[106.24808,17.52109],[106.2521,17.52567],[106.25404,17.52917],[106.25536,17.5307],[106.25514,17.53116],[106.25534,17.53217],[106.25609,17.53233],[106.25725,17.53153],[106.26031,17.53454],[106.26149,17.53408],[106.26324,17.53615],[106.26337,17.53766],[106.26432,17.53915],[106.26551,17.53931],[106.26818,17.53808],[106.27113,17.53836],[106.2771,17.53735],[106.2793,17.53918],[106.28069,17.53956],[106.28457,17.5389],[106.28524,17.5393],[106.28606,17.53932],[106.28749,17.54057],[106.28768,17.54226],[106.28825,17.5436],[106.29049,17.54486],[106.29162,17.54601],[106.292,17.54754],[106.29224,17.54754],[106.29419,17.54497],[106.29532,17.54094],[106.29788,17.53837],[106.29801,17.53517],[106.29945,17.53438],[106.30043,17.53226],[106.30204,17.53114],[106.30372,17.52885],[106.30863,17.51827],[106.31217,17.50731],[106.31443,17.50731],[106.32268,17.51174],[106.32401,17.51167],[106.3259,17.50747],[106.32717,17.50772],[106.32746,17.50842],[106.32848,17.50926],[106.32882,17.51028],[106.33044,17.51097],[106.33081,17.51263],[106.33227,17.51246],[106.33392,17.51297],[106.33531,17.51251],[106.3352,17.5135],[106.33579,17.51442],[106.33856,17.51601],[106.33931,17.51741],[106.3403,17.51804],[106.34293,17.51406],[106.34536,17.5126],[106.34754,17.51261],[106.35211,17.51381],[106.35296,17.51408],[106.35386,17.51485],[106.35484,17.51497],[106.35678,17.51598],[106.36199,17.51493],[106.36345,17.51406],[106.36642,17.51472],[106.36771,17.51397],[106.36764,17.51293],[106.36861,17.5111],[106.37233,17.50784],[106.37359,17.50775],[106.37766,17.50509],[106.37977,17.50469],[106.38481,17.5024],[106.3843,17.50193],[106.38303,17.50177],[106.38268,17.50141],[106.38301,17.5005],[106.38361,17.49999],[106.38371,17.4991],[106.38356,17.49777],[106.38235,17.49595],[106.38335,17.49362],[106.38304,17.49255],[106.37919,17.49037],[106.37747,17.48687],[106.37684,17.48408],[106.37515,17.48272],[106.37544,17.48109],[106.37408,17.47927],[106.37473,17.4785],[106.37458,17.47706],[106.37526,17.4765],[106.37642,17.47438],[106.3764,17.47403],[106.37519,17.47287],[106.37491,17.47179],[106.37543,17.46888],[106.37536,17.46768],[106.37441,17.46644],[106.37499,17.466],[106.37537,17.4645],[106.38006,17.46013],[106.38131,17.45846],[106.3847,17.45879],[106.38584,17.45844],[106.38773,17.45681],[106.38681,17.45518],[106.38742,17.45364],[106.39145,17.45149],[106.3934,17.4511],[106.39482,17.45009],[106.39539,17.44881],[106.39744,17.44763],[106.39769,17.44511],[106.40278,17.44088],[106.40303,17.43798],[106.40429,17.43559],[106.40375,17.43441],[106.40086,17.43311],[106.38999,17.43146],[106.38738,17.43148],[106.38423,17.43006],[106.38383,17.42964],[106.38369,17.4278],[106.38208,17.42715],[106.38143,17.42602],[106.37974,17.42601],[106.37883,17.42468],[106.37489,17.42385],[106.37416,17.42303],[106.37334,17.4228],[106.37157,17.4202],[106.37033,17.41932],[106.37018,17.41847],[106.36835,17.41507],[106.3658,17.41421],[106.36543,17.40878],[106.36576,17.40752],[106.36487,17.40353],[106.36579,17.40085],[106.36498,17.3995],[106.3657,17.3977],[106.36525,17.3956],[106.36644,17.39282],[106.36684,17.39268],[106.36738,17.3906],[106.36528,17.38755],[106.36344,17.38691],[106.35849,17.38333],[106.35818,17.38192],[106.35665,17.37994],[106.35428,17.37936],[106.35389,17.37893],[106.3523,17.37871],[106.35124,17.38],[106.34945,17.37954],[106.34738,17.3801],[106.34692,17.38132],[106.34745,17.38332],[106.34728,17.38414],[106.34818,17.38553],[106.34756,17.38797],[106.34442,17.38743],[106.34378,17.38765],[106.34329,17.38844],[106.34086,17.38804],[106.33716,17.38978],[106.3358,17.3912],[106.33572,17.38971],[106.33528,17.38904],[106.33573,17.38717],[106.33566,17.38577],[106.33373,17.38312],[106.33465,17.37993],[106.33462,17.37834],[106.33296,17.37669],[106.33348,17.3761],[106.33319,17.374],[106.33228,17.37341],[106.33012,17.37292],[106.32935,17.37214],[106.32756,17.3717],[106.32555,17.37183],[106.32448,17.37098],[106.32362,17.36954],[106.32149,17.36962],[106.32035,17.36872],[106.31882,17.36823],[106.3179,17.36755],[106.31623,17.36489],[106.31574,17.36154],[106.31486,17.36052],[106.3157,17.35806],[106.31505,17.35616],[106.31502,17.35252],[106.31325,17.35138],[106.31211,17.34978],[106.31121,17.34911],[106.30916,17.3484],[106.30805,17.34848],[106.30661,17.34924],[106.30439,17.34976],[106.30175,17.34771],[106.29998,17.34764],[106.29732,17.34644],[106.29253,17.34771],[106.29206,17.34734],[106.29032,17.34367],[106.29014,17.34234],[106.28771,17.33729],[106.28726,17.33451],[106.28783,17.33234],[106.28822,17.33187],[106.28922,17.3318],[106.2882,17.32898],[106.28814,17.3272],[106.28975,17.32503],[106.28985,17.32382],[106.2907,17.32271],[106.29127,17.32095],[106.2916,17.3207],[106.29229,17.32141],[106.29368,17.32195],[106.29439,17.32132],[106.29494,17.31939],[106.29768,17.31872],[106.29955,17.31648],[106.30137,17.31716],[106.3019,17.31602],[106.30341,17.31453],[106.30418,17.31319],[106.30549,17.31311],[106.30654,17.31009],[106.30742,17.30907],[106.30736,17.30746],[106.30983,17.30648],[106.31205,17.30674],[106.31317,17.30729],[106.31354,17.3059],[106.31511,17.30388],[106.31485,17.30259],[106.31359,17.30112],[106.31132,17.29947],[106.31068,17.2976],[106.30752,17.29757],[106.30672,17.29672],[106.30371,17.29518],[106.30262,17.29415],[106.30088,17.29355],[106.30014,17.29375],[106.29967,17.29431],[106.29761,17.29495],[106.29686,17.29545],[106.29681,17.29616],[106.29427,17.29573],[106.29125,17.297],[106.28954,17.29671],[106.28835,17.29603],[106.28712,17.29604],[106.28545,17.29666],[106.28293,17.29632],[106.28046,17.29552],[106.27529,17.2959],[106.27554,17.29519],[106.27566,17.28986],[106.27492,17.28729],[106.27517,17.28576],[106.27651,17.28379],[106.27669,17.28266],[106.27748,17.28187],[106.27841,17.27948],[106.28106,17.27698],[106.2805,17.27457],[106.28069,17.27359],[106.28038,17.27148],[106.27914,17.2704],[106.2796,17.26888],[106.27913,17.26835],[106.27884,17.26693],[106.27793,17.26591],[106.2779,17.26522],[106.27685,17.26316],[106.27572,17.26177],[106.26923,17.25999],[106.2666,17.2571],[106.26374,17.25572],[106.26214,17.25354],[106.26095,17.25385],[106.25966,17.25332],[106.2576,17.25347],[106.25732,17.25268],[106.25614,17.25254],[106.25526,17.25321],[106.2542,17.25333],[106.25383,17.25308],[106.25348,17.2521],[106.25103,17.25038],[106.25121,17.24861],[106.25094,17.24731],[106.25159,17.24583],[106.25136,17.24447],[106.25091,17.24428],[106.24957,17.24443],[106.24826,17.24521],[106.24792,17.24663],[106.24719,17.24741],[106.24707,17.24877],[106.2452,17.25014],[106.24166,17.24963],[106.2381,17.24975],[106.23601,17.2503],[106.2348,17.2513],[106.23205,17.25156],[106.2313,17.25349],[106.23035,17.25415],[106.22941,17.25561],[106.22628,17.25675],[106.22407,17.26064],[106.22148,17.26106],[106.21613,17.26491],[106.21548,17.26581],[106.21343,17.26658],[106.21162,17.26848],[106.20915,17.26964],[106.20797,17.2712],[106.20214,17.27233],[106.20059,17.27296],[106.19866,17.27427],[106.19737,17.27441],[106.19694,17.27602],[106.19548,17.27749],[106.19411,17.27747],[106.1926,17.27874],[106.1908,17.27904],[106.18978,17.27964],[106.18906,17.28231],[106.18784,17.28413],[106.18425,17.28723],[106.18324,17.28922],[106.17856,17.29343],[106.17715,17.2942],[106.17565,17.29425],[106.17461,17.2949],[106.17348,17.29632],[106.17176,17.29749],[106.17152,17.29819],[106.16902,17.29823],[106.16746,17.29721],[106.16691,17.29724],[106.16592,17.29879],[106.1644,17.29898],[106.16368,17.29944],[106.16359,17.29981],[106.16492,17.30226],[106.16449,17.30274],[106.16298,17.30332],[106.16152,17.30491],[106.15802,17.30555],[106.15688,17.30659],[106.15584,17.30815],[106.1541,17.30917],[106.153,17.30915],[106.15155,17.31053],[106.14856,17.31194],[106.14571,17.31143],[106.14488,17.31391],[106.14307,17.31516],[106.14336,17.31627],[106.1457,17.31796],[106.14237,17.32115],[106.14251,17.32237],[106.14469,17.325],[106.14314,17.3269],[106.1404,17.32558],[106.14054,17.32695],[106.13609,17.32915],[106.13548,17.33051],[106.13583,17.3317],[106.13572,17.33389],[106.1344,17.33554],[106.13278,17.33571],[106.1312,17.33676],[106.13016,17.33818],[106.12828,17.33826],[106.12756,17.33994],[106.12585,17.34001],[106.12491,17.339479999999998],[106.12396,17.33947],[106.12337,17.34109],[106.11986,17.34507],[106.11758,17.34602],[106.11589,17.34724],[106.11317,17.3477],[106.11,17.35082],[106.1107,17.35334],[106.10948,17.35329],[106.10865,17.35186],[106.10734,17.35304],[106.1047,17.3524],[106.10387,17.35295],[106.10286,17.35468],[106.10099,17.35644],[106.09945,17.35638],[106.09785,17.35795],[106.09399,17.35877],[106.09349,17.35934],[106.09351,17.36005],[106.09214,17.36019],[106.09194,17.36088],[106.08572,17.36791],[105.96547,17.50326],[105.9687,17.50497],[105.97235,17.50534],[105.97434,17.50632],[105.97641,17.50649],[105.98029,17.509],[105.9833,17.508],[105.98603,17.50798],[105.98783,17.50969],[105.99123,17.51211],[105.99917,17.51641],[106.00352,17.51964],[106.00428,17.521],[106.00387,17.52486],[106.00343,17.52592],[106.00186,17.52665],[106.00208,17.52769],[106.00305,17.52796],[106.00459,17.52695],[106.00562,17.5271],[106.00675,17.52682],[106.01007,17.52853],[106.01224,17.52842],[106.01382,17.52928],[106.01562,17.52963],[106.01792,17.52915],[106.01867,17.52934],[106.01972,17.5299],[106.01997,17.53133],[106.01929,17.53228],[106.01961,17.53318],[106.02355,17.53501],[106.02475,17.53701],[106.0284,17.53987],[106.03027,17.54206],[106.03269,17.54286],[106.03383,17.54383],[106.03398,17.54432],[106.03309,17.5463],[106.03298,17.54969],[106.0348,17.54964],[106.03636,17.55013],[106.03934,17.55362],[106.04018,17.55516],[106.03996,17.55804],[106.04109,17.56002],[106.04132,17.5626],[106.03999,17.56552],[106.04109,17.56707],[106.0414,17.56817],[106.04025,17.56851],[106.03867,17.57105],[106.03901,17.57264],[106.03876,17.57453],[106.03843,17.57471],[106.03898,17.57586],[106.03886,17.57654],[106.03936,17.57874],[106.03806,17.58061],[106.0352,17.58148],[106.02899,17.58065],[106.02916,17.58251],[106.02976,17.58332],[106.02926,17.58503],[106.02804,17.58677],[106.02876,17.58782],[106.02847,17.58908],[106.0302,17.59082],[106.02964,17.59173],[106.02796,17.59319],[106.02777,17.59418],[106.02882,17.59553],[106.02425,17.59992],[106.02408,17.60181],[106.0234,17.60352],[106.02385,17.6059],[106.02173,17.60734],[106.0206,17.60767],[106.02007,17.60848],[106.01912,17.6089],[106.01888,17.61056],[106.01736,17.61116],[106.01694,17.6127],[106.01761,17.61473],[106.01942,17.61664],[106.02018,17.61853],[106.02237,17.62169],[106.02585,17.62384],[106.02607,17.62501],[106.02645,17.62453],[106.02739,17.62505],[106.02731,17.62603],[106.02816,17.62666],[106.02815,17.62715],[106.02875,17.62719],[106.02964,17.62657],[106.03032,17.62654],[106.03125,17.6271],[106.0318,17.62866],[106.03298,17.62931],[106.03391,17.62934],[106.03447,17.62995],[106.03608,17.63024],[106.03895,17.6326],[106.03987,17.63493],[106.04073,17.63496],[106.04324,17.63615],[106.0495,17.63707],[106.05114,17.63794],[106.05226,17.6376],[106.05332,17.63818],[106.05415,17.63904],[106.05431,17.63972],[106.05574,17.64072],[106.05645,17.64217],[106.05776,17.64345],[106.05945,17.64351],[106.05945,17.64426],[106.05892,17.64525],[106.05969,17.647],[106.06537,17.65296],[106.06738,17.65243],[106.07001,17.65071],[106.07538,17.64829],[106.08036,17.64652],[106.0875,17.64553],[106.08849,17.6463],[106.08901,17.64773],[106.08929,17.64749],[106.09046,17.64772],[106.09099,17.64699],[106.09218,17.64728],[106.09259,17.64639],[106.09369,17.64583],[106.09194,17.64016],[106.09097,17.63147],[106.09056,17.62991],[106.08931,17.62861],[106.09114,17.62764],[106.09185,17.62583],[106.09268,17.62508],[106.09316,17.62528],[106.09386,17.62499],[106.09484,17.62387],[106.09493,17.62309],[106.0973,17.62202],[106.09877,17.62026],[106.10005,17.61955],[106.10095,17.61766],[106.10151,17.61713],[106.10402,17.61711],[106.10794,17.61597],[106.11297,17.6151],[106.1153,17.61378],[106.11939,17.61452],[106.1212,17.61636],[106.12224,17.61665],[106.1225,17.61763],[106.12536,17.61815],[106.12557,17.61953],[106.12745,17.62094],[106.13114,17.62019],[106.13578,17.61794],[106.13844,17.61804],[106.14214,17.62083],[106.14285,17.62241],[106.14451,17.62356],[106.14471,17.6251],[106.14524,17.62523],[106.14672,17.62679],[106.14756,17.6287],[106.14784,17.63017],[106.14749,17.63241],[106.14808,17.63336],[106.15245,17.63425],[106.15405,17.63405],[106.15864,17.63639],[106.15913,17.63699],[106.16094,17.63694],[106.16147,17.63665],[106.16449,17.638],[106.16513,17.63857],[106.16552,17.6372],[106.16673,17.63737],[106.16779,17.63837],[106.1717,17.64082],[106.17384,17.63988],[106.17646,17.64013],[106.17809,17.64253],[106.18085,17.64363],[106.1821,17.64208],[106.18588,17.64001],[106.18669,17.64031],[106.18692,17.64131],[106.18804,17.64244],[106.18794,17.6439],[106.18984,17.64563],[106.19083,17.64492],[106.19102,17.64443],[106.19238,17.64446],[106.19442,17.6413],[106.19542,17.63798],[106.19461,17.63727],[106.19339,17.63529],[106.20002,17.62797],[106.20134,17.62799],[106.20131,17.62706],[106.20396,17.62532],[106.20498,17.62389],[106.20636,17.62333],[106.20811,17.62424],[106.20978,17.62569],[106.21091,17.62794],[106.21252,17.62825],[106.21378,17.6274],[106.21599,17.6272],[106.22047,17.62801],[106.22004,17.62735],[106.22013,17.62633],[106.22264,17.62593],[106.22488,17.62469],[106.22602,17.62496],[106.22587,17.62319],[106.22753,17.62258],[106.2286,17.62258],[106.22891,17.62202],[106.23248,17.62223],[106.23454,17.62393],[106.23674,17.62264],[106.2373,17.62192],[106.23896,17.62214],[106.23928,17.62187],[106.23995,17.6232],[106.24343,17.62596],[106.24608,17.62759],[106.24666,17.62766],[106.24755,17.62869],[106.24873,17.62894],[106.25152,17.62459],[106.25079,17.62274],[106.25147,17.62199],[106.25253,17.62191],[106.25294,17.62105],[106.25391,17.62089],[106.25383,17.62048],[106.25477,17.62018],[106.25491,17.6192],[106.25292,17.61738],[106.25141,17.61737],[106.24906,17.61431],[106.24824,17.61422],[106.24666,17.61302],[106.24506,17.60949],[106.24502,17.60709],[106.24403,17.60616],[106.24373,17.60498],[106.24202,17.60431],[106.23996,17.60103],[106.2391,17.60019],[106.23715,17.59921],[106.23697,17.5986],[106.2361,17.59815],[106.23582,17.59551],[106.23334,17.5926],[106.23336,17.59142]]]]}},
{"type":"Feature","id":"19159","properties":{"Ward_Code":"19159","Ward_Code_Num":19159,"Ward":"Đông Trạch","Ward_Alt":"Đông Trạch","Ward_Upper":"ĐÔNG TRẠCH","Ward_Full":"Xã Đông Trạch","Ward_Full_Alt":"Xã Đông Trạch","Ward_Full_Upper_Alt":"XÃ ĐÔNG TRẠCH","Ward_Type":"Xã","Province_Code":"44","Province":"Quảng Trị","Province_Upper_Alt":"QUẢNG TRỊ"},"geometry":{"type":"MultiPolygon","coordinates":[[[[106.51346,17.65754],[106.51274,17.65655],[106.51258,17.65569],[106.51447,17.65421],[106.51664,17.65452],[106.51813,17.65413],[106.51914,17.65495],[106.52156,17.65005],[106.52569,17.64322],[106.52941,17.63748],[106.53515,17.63013],[106.53578,17.6288],[106.53732,17.6276],[106.54115,17.6225],[106.54249,17.62189],[106.54454,17.62234],[106.5454,17.6221],[106.54653,17.62003],[106.54784,17.61918],[106.54815,17.61624],[106.54911,17.61417],[106.54478,17.61328],[106.54266,17.61333],[106.5425,17.61356],[106.53972,17.61336],[106.53843,17.61392],[106.5382,17.60897],[106.53732,17.6087],[106.53524,17.60687],[106.53373,17.60618],[106.53315,17.60615],[106.53244,17.60659],[106.53132,17.60569],[106.5292,17.60499],[106.52685,17.60354],[106.52491,17.60341],[106.52468,17.60408],[106.52348,17.60542],[106.52237,17.60599],[106.52066,17.60754],[106.51517,17.60984],[106.51385,17.61114],[106.51386,17.62045],[106.51302,17.62169],[106.51259,17.62091],[106.51118,17.62166],[106.51079,17.6211],[106.50534,17.61908],[106.50384,17.61951],[106.50092,17.62217],[106.50114,17.62747],[106.49021,17.62477],[106.48984,17.62518],[106.48771,17.62545],[106.48738,17.62573],[106.48357,17.62444],[106.48128,17.62467],[106.47805,17.62643],[106.47516,17.62479],[106.47396,17.62374],[106.47321,17.62369],[106.47063,17.62526],[106.46766,17.62612],[106.46544,17.62878],[106.46398,17.62961],[106.46084,17.62906],[106.45901,17.62901],[106.45842,17.62927],[106.45792,17.62901],[106.45743,17.62952],[106.45726,17.63036],[106.45884,17.6337],[106.45775,17.63475],[106.45514,17.63573],[106.45395,17.63572],[106.4522,17.63511],[106.45202,17.63375],[106.45146,17.63288],[106.45151,17.63215],[106.45202,17.63139],[106.45058,17.63074],[106.44916,17.63152],[106.4497,17.63307],[106.44879,17.63416],[106.44866,17.63492],[106.44811,17.6351],[106.44741,17.63405],[106.44604,17.63389],[106.44568,17.6327],[106.44618,17.63192],[106.4456,17.63095],[106.44383,17.62971],[106.4426,17.63002],[106.44207,17.62987],[106.44174,17.62903],[106.44072,17.6292],[106.44068,17.62813],[106.43626,17.63194],[106.43209,17.63356],[106.43424,17.63753],[106.43442,17.64288],[106.43414,17.64984],[106.43485,17.65204],[106.43651,17.65396],[106.43566,17.65752],[106.43971,17.65761],[106.4421,17.65819],[106.44366,17.656],[106.44331,17.65366],[106.44589,17.6527],[106.45059,17.65329],[106.45233,17.65413],[106.45373,17.65387],[106.45428,17.65322],[106.45535,17.65354],[106.46353,17.65262],[106.46776,17.65263],[106.4687,17.65154],[106.46912,17.65145],[106.47343,17.65152],[106.47492,17.65212],[106.4776,17.65068],[106.47924,17.65087],[106.48017,17.65182],[106.48136,17.65201],[106.48218,17.65185],[106.48291,17.65106],[106.48441,17.65034],[106.48509,17.64908],[106.48744,17.64871],[106.48983,17.64922],[106.49374,17.64901],[106.4972,17.64717],[106.49837,17.64705],[106.50023,17.6482],[106.50417,17.6492],[106.50449,17.64974],[106.50427,17.65184],[106.50545,17.65307],[106.50772,17.65309],[106.50797,17.6537],[106.50776,17.65467],[106.50811,17.6556],[106.50903,17.65602],[106.51037,17.65737],[106.51243,17.65785],[106.51367,17.6588],[106.51346,17.65754]]]]}},
{"type":"Feature","id":"19198","properties":{"Ward_Code":"19198","Ward_Code_Num":19198,"Ward":"Nam Trạch","Ward_Alt":"Nam Trạch","Ward_Upper":"NAM TRẠCH","Ward_Full":"Xã Nam Trạch","Ward_Full_Alt":"Xã Nam Trạch","Ward_Full_Upper_Alt":"XÃ NAM TRẠCH","Ward_Type":"Xã","Province_Code":"44","Province":"Quảng Trị","Province_Upper_Alt":"QUẢNG TRỊ"},"geometry":{"type":"MultiPolygon","coordinates":[[[[106.59222,17.5409],[106.59512,17.53654],[106.60015,17.53003],[106.5942,17.52061],[106.59326,17.51998],[106.59197,17.51979],[106.59144,17.51891],[106.58958,17.51756],[106.5889,17.51785],[106.58975,17.51974],[106.58971,17.5206],[106.58914,17.52158],[106.58825,17.52176],[106.58616,17.52099],[106.5873,17.52291],[106.58737,17.52374],[106.58697,17.52408],[106.58362,17.52014],[106.582,17.51672],[106.58141,17.51681],[106.57854,17.51333],[106.57825,17.51139],[106.57777,17.51062],[106.57534,17.51086],[106.57497,17.50959],[106.56883,17.50574],[106.56317,17.49719],[106.56234,17.4951],[106.55981,17.49357],[106.55653,17.49386],[106.55531,17.49358],[106.55324,17.49132],[106.55222,17.49084],[106.55136,17.48994],[106.54884,17.48969],[106.54761,17.49015],[106.54725,17.48819],[106.54533,17.48867],[106.5435,17.48836],[106.54221,17.48702],[106.54026,17.48606],[106.53995,17.48506],[106.54183,17.48441],[106.54399,17.48258],[106.54221,17.48169],[106.54112,17.48205],[106.54035,17.48107],[106.53657,17.47923],[106.53246,17.47258],[106.53055,17.47164],[106.52928,17.47177],[106.52734,17.47146],[106.5262,17.47004],[106.52486,17.47024],[106.52431,17.46993],[106.5234,17.46838],[106.52262,17.46598],[106.5206,17.46355],[106.5215,17.46111],[106.52308,17.45965],[106.52314,17.45728],[106.52384,17.45573],[106.52447,17.45559],[106.52461,17.45462],[106.52441,17.45321],[106.52404,17.45292],[106.52395,17.45105],[106.52501,17.44953],[106.52661,17.44935],[106.52761,17.4486],[106.52777,17.44704],[106.5272,17.44598],[106.52708,17.44329],[106.52636,17.4426],[106.52408,17.44216],[106.52251,17.44045],[106.52011,17.44057],[106.51873,17.44157],[106.51794,17.44129],[106.51671,17.43983],[106.51536,17.43735],[106.51397,17.43607],[106.51385,17.43489],[106.51065,17.4322],[106.50991,17.4304],[106.50897,17.42995],[106.50732,17.42994],[106.50782,17.42702],[106.50599,17.42597],[106.50623,17.42511],[106.50748,17.42437],[106.50917,17.42231],[106.51167,17.4216],[106.50892,17.41861],[106.50733,17.41577],[106.50726,17.41514],[106.50612,17.41457],[106.50593,17.41134],[106.50627,17.40966],[106.50567,17.40865],[106.50533,17.40657],[106.50396,17.40628],[106.50318,17.40574],[106.50093,17.40279],[106.49846,17.40191],[106.49762,17.40125],[106.49725,17.39961],[106.49832,17.39648],[106.49791,17.39577],[106.49672,17.39507],[106.4957,17.39388],[106.49426,17.38908],[106.49405,17.38607],[106.49237,17.38484],[106.48927,17.3897],[106.48812,17.39085],[106.48739,17.39311],[106.48595,17.394],[106.48404,17.39672],[106.48364,17.40422],[106.48627,17.40492],[106.48889,17.40637],[106.49059,17.40813],[106.49064,17.41088],[106.48868,17.41256],[106.48803,17.41405],[106.4888,17.41576],[106.48754,17.42072],[106.48765,17.42227],[106.48617,17.42378],[106.48101,17.42633],[106.47868,17.42955],[106.47879,17.43092],[106.4779,17.43106],[106.47696,17.43229],[106.47539,17.43258],[106.47314,17.43601],[106.47106,17.43725],[106.47052,17.43794],[106.47036,17.43969],[106.47076,17.44093],[106.47109,17.44084],[106.47211,17.44257],[106.47251,17.44493],[106.47156,17.44679],[106.47159,17.44877],[106.471,17.45158],[106.47121,17.45717],[106.46899,17.46191],[106.46614,17.46494],[106.46409,17.46648],[106.46216,17.46727],[106.46223,17.46794],[106.46146,17.4681],[106.45922,17.46952],[106.45789,17.47121],[106.45274,17.47558],[106.45173,17.47674],[106.45142,17.47845],[106.44987,17.47884],[106.44943,17.48053],[106.45022,17.48285],[106.44979,17.48347],[106.44954,17.4851],[106.4483,17.48592],[106.44813,17.48879],[106.44665,17.48987],[106.44675,17.49075],[106.44642,17.49152],[106.44384,17.49384],[106.44328,17.49488],[106.44324,17.496],[106.44394,17.49734],[106.44318,17.50094],[106.44387,17.5022],[106.44334,17.50492],[106.44165,17.50629],[106.44042,17.5087],[106.44031,17.51076],[106.43841,17.51318],[106.4382,17.51406],[106.4384,17.51491],[106.43701,17.51698],[106.43695,17.52016],[106.4353,17.52357],[106.43446,17.52779],[106.43372,17.52956],[106.43303,17.52999],[106.43299,17.53097],[106.43206,17.53181],[106.43065,17.53401],[106.43046,17.53623],[106.43253,17.53695],[106.43377,17.53866],[106.43364,17.54034],[106.43475,17.54169],[106.43599,17.54246],[106.43858,17.5412],[106.44082,17.54191],[106.4447,17.54214],[106.44558,17.54186],[106.44674,17.54024],[106.44869,17.53909],[106.44959,17.5382],[106.44974,17.53742],[106.45134,17.53714],[106.4533,17.53517],[106.45512,17.53537],[106.45545,17.53507],[106.45821,17.53463],[106.4602,17.53517],[106.46183,17.53405],[106.46193,17.53135],[106.46299,17.53027],[106.46335,17.53069],[106.46442,17.53036],[106.46575,17.53044],[106.46919,17.53144],[106.46983,17.53129],[106.47145,17.52983],[106.47212,17.52997],[106.47525,17.52936],[106.47586,17.53081],[106.47662,17.53102],[106.47778,17.5306],[106.47795,17.52985],[106.47845,17.52948],[106.47924,17.5296],[106.48031,17.5292],[106.4804,17.52876],[106.48086,17.52878],[106.48162,17.52764],[106.48251,17.5272],[106.48372,17.52758],[106.48541,17.52904],[106.48628,17.52905],[106.48726,17.53088],[106.48826,17.53159],[106.4927,17.53279],[106.49272,17.53178],[106.49206,17.52987],[106.49158,17.5294],[106.48973,17.52878],[106.48941,17.52814],[106.49107,17.52207],[106.49198,17.52093],[106.4956,17.51893],[106.49749,17.51398],[106.4994,17.51478],[106.50081,17.51411],[106.5039,17.51416],[106.50478,17.51538],[106.50491,17.51647],[106.50461,17.51679],[106.50519,17.51914],[106.50514,17.52004],[106.50446,17.52098],[106.50578,17.52193],[106.50371,17.52335],[106.50575,17.52566],[106.50894,17.52833],[106.51058,17.53066],[106.51447,17.53383],[106.51532,17.53287],[106.5171,17.53303],[106.51797,17.53328],[106.51913,17.53428],[106.52478,17.53128],[106.52858,17.53193],[106.53086,17.53377],[106.53176,17.53551],[106.5342,17.53827],[106.53488,17.53874],[106.53789,17.53928],[106.53938,17.54006],[106.53966,17.54094],[106.54146,17.54263],[106.5446,17.54478],[106.54653,17.54724],[106.54898,17.54882],[106.55088,17.55079],[106.55242,17.5515],[106.55362,17.55152],[106.55474,17.55043],[106.55374,17.54536],[106.55393,17.54401],[106.55498,17.54302],[106.55649,17.54261],[106.55743,17.54318],[106.55849,17.54514],[106.5613,17.54546],[106.56213,17.54521],[106.56337,17.54387],[106.567,17.54206],[106.56914,17.54134],[106.57018,17.54161],[106.57083,17.54266],[106.57203,17.54778],[106.5732,17.5499],[106.57472,17.55082],[106.57863,17.55171],[106.57376,17.56039],[106.57332,17.56206],[106.57202,17.56445],[106.5757,17.56653],[106.5832,17.5554],[106.58268,17.55496],[106.58166,17.5569],[106.58135,17.55697],[106.58121,17.55647],[106.58204,17.55502],[106.58267,17.55287],[106.5828,17.55367],[106.58381,17.55377],[106.58412,17.55434],[106.58968,17.54406],[106.59222,17.5409]]]]}},
{"type":"Feature","id":"19204","properties":{"Ward_Code":"19204","Ward_Code_Num":19204,"Ward":"Trường Sơn","Ward_Alt":"Trường Sơn","Ward_Upper":"TRƯỜNG SƠN","Ward_Full":"Xã Trường Sơn","Ward_Full_Alt":"Xã Trường Sơn","Ward_Full_Upper_Alt":"XÃ TRƯỜNG SƠN","Ward_Type":"Xã","Province_Code":"44","Province":"Quảng Trị","Province_Upper_Alt":"QUẢNG TRỊ"},"geometry":{"type":"MultiPolygon","coordinates":[[[[106.63637,17.25295],[106.63526,17.2518],[106.62683,17.24701],[106.62511,17.24551],[106.61158,17.2382],[106.61323,17.23511],[106.61382,17.23227],[106.61304,17.2282],[106.61092,17.22414],[106.61316,17.22178],[106.61409,17.22],[106.6153,17.21907],[106.61708,17.21588],[106.61613,17.21193],[106.6164,17.21103],[106.61461,17.20663],[106.61327,17.20586],[106.61071,17.2055],[106.60688,17.20627],[106.60505,17.2053],[106.60464,17.20459],[106.60273,17.2038],[106.60202,17.20378],[106.60072,17.20458],[106.60008,17.20442],[106.59974,17.20395],[106.60065,17.20176],[106.60141,17.20162],[106.6026,17.1999],[106.60263,17.19929],[106.60388,17.1991],[106.60355,17.19833],[106.60561,17.19614],[106.60552,17.19548],[106.60598,17.19443],[106.6035,17.19192],[106.60348,17.19101],[106.6025,17.19003],[106.60307,17.1885],[106.60323,17.18676],[106.60394,17.1862],[106.60437,17.18496],[106.6039,17.18459],[106.60382,17.18347],[106.6031,17.18245],[106.60319,17.18149],[106.60214,17.18089],[106.60088,17.18069],[106.60039,17.17995],[106.59876,17.17901],[106.59672,17.17908],[106.59708,17.17621],[106.59305,17.17277],[106.59196,17.17113],[106.59198,17.1694],[106.59278,17.16862],[106.59209,17.16704],[106.59324,17.16528],[106.59423,17.16488],[106.5945,17.16238],[106.59327,17.15894],[106.59244,17.15779],[106.59121,17.15705],[106.59134,17.1556],[106.5921,17.15415],[106.5911,17.15199],[106.58999,17.15198],[106.58882,17.15128],[106.58724,17.15262],[106.58443,17.15224],[106.58138,17.15375],[106.57934,17.1535],[106.57876,17.15439],[106.57715,17.15546],[106.57552,17.15597],[106.57259,17.15503],[106.57012,17.15375],[106.56845,17.1543],[106.56568,17.15403],[106.56462,17.15253],[106.5621,17.15072],[106.55997,17.14976],[106.55924,17.14887],[106.55796,17.14871],[106.55632,17.14769],[106.55437,17.14738],[106.55308,17.14796],[106.5507,17.14821],[106.54795,17.14788],[106.54352,17.14553],[106.54086,17.14522],[106.54001,17.14325],[106.53919,17.14255],[106.53612,17.14197],[106.53365,17.14206],[106.53066,17.13819],[106.52977,17.13794],[106.52926,17.13706],[106.52963,17.13636],[106.52941,17.13445],[106.52989,17.13308],[106.52978,17.13176],[106.52892,17.13034],[106.52776,17.12684],[106.52756,17.12238],[106.52665,17.12037],[106.52682,17.11943],[106.52652,17.11849],[106.5247,17.118],[106.52325,17.11809],[106.5219,17.11668],[106.51296,17.12115],[106.51052,17.12183],[106.5093,17.12095],[106.50757,17.12037],[106.50528,17.12079],[106.50283,17.12033],[106.50129,17.12043],[106.49927,17.11948],[106.49755,17.1196],[106.49512,17.11685],[106.49834,17.11282],[106.49785,17.11035],[106.4972,17.10899],[106.49734,17.10692],[106.49809,17.1061],[106.49766,17.10536],[106.49796,17.10235],[106.49714,17.10159],[106.49606,17.10119],[106.49619,17.09768],[106.49396,17.09477],[106.4929,17.09121],[106.49041,17.09026],[106.48823,17.09075],[106.4872,17.09022],[106.48569,17.08869],[106.48382,17.08878],[106.48291999999999,17.08923],[106.48049,17.08875],[106.47964,17.0878],[106.47655,17.08745],[106.47621,17.0867],[106.47152,17.08377],[106.4698,17.08333],[106.46526,17.07978],[106.46392,17.07989],[106.46217,17.07875],[106.46051,17.07869],[106.45868,17.07911],[106.45638,17.07866],[106.45379,17.07918],[106.44715,17.07941],[106.4466,17.07913],[106.44505,17.07723],[106.44037,17.0758],[106.43705,17.07134],[106.43568,17.07162],[106.43385,17.0708],[106.4305,17.07074],[106.42918,17.07145],[106.42791,17.07161],[106.42613,17.07371],[106.42529999999999,17.07356],[106.42443,17.07395],[106.42225,17.0738],[106.42076,17.07566],[106.41972,17.07616],[106.41946,17.07695],[106.41816,17.07804],[106.40967,17.08153],[106.41021,17.08248],[106.4102,17.08357],[106.40944,17.08508],[106.40819,17.08585],[106.40782,17.08642],[106.40757,17.08719],[106.4077,17.08877],[106.40609,17.0901],[106.40444,17.09076],[106.40178,17.09278],[106.39955,17.09392],[106.39872,17.09532],[106.39846,17.09671],[106.39636,17.09676],[106.39557,17.09768],[106.39329,17.09889],[106.39205,17.1024],[106.39116,17.10348],[106.39002,17.10398],[106.38761,17.10372],[106.38446,17.10407],[106.38267,17.10558],[106.38045,17.10648],[106.37956,17.10725],[106.37713,17.10773],[106.3757,17.10934],[106.37334,17.11101],[106.37272,17.1127],[106.37284,17.11554],[106.37167,17.11804],[106.37203,17.12046],[106.37117,17.12273],[106.37057,17.12346],[106.37054,17.124389999999998],[106.36906,17.12571],[106.36672,17.12858],[106.36568,17.12886],[106.36456,17.13113],[106.36216,17.13155],[106.36176,17.13244],[106.3601,17.13221],[106.35956,17.13324],[106.35651,17.13463],[106.35592,17.13678],[106.35666,17.13842],[106.3558,17.13979],[106.35595,17.14122],[106.35565,17.14343],[106.35529,17.14397],[106.35437,17.14417],[106.35308,17.14535],[106.35362,17.14606],[106.35338,17.14693],[106.34861,17.14738],[106.34759,17.14799],[106.34925,17.14861],[106.34948,17.14967],[106.35025,17.15021],[106.35063,17.15218],[106.35284,17.15322],[106.35381,17.15406],[106.35556,17.15644],[106.35621,17.15878],[106.35474,17.15943],[106.3539,17.16017],[106.35184,17.16058],[106.34829,17.16207],[106.34712,17.16443],[106.34554,17.1646],[106.34473,17.16563],[106.34378,17.16604],[106.34361,17.16673],[106.34314,17.16707],[106.34158,17.16733],[106.33971,17.16711],[106.33862,17.16771],[106.33747,17.16967],[106.33552,17.17131],[106.33434,17.17379],[106.33267,17.17548],[106.33145,17.17842],[106.32992,17.17951],[106.32801,17.18006],[106.32665,17.18103],[106.3271,17.18311],[106.32585,17.18419],[106.32571,17.18518],[106.32514,17.1855],[106.32464,17.18641],[106.32551,17.18812],[106.32554,17.18877],[106.32289,17.19085],[106.32108,17.19163],[106.32147,17.19311],[106.32318,17.19409],[106.32473,17.19592],[106.32556,17.19755],[106.32692,17.19805],[106.32804,17.19754],[106.32654,17.19914],[106.31789,17.20235],[106.31622,17.20374],[106.31597,17.20463],[106.3132,17.20438],[106.3105,17.20568],[106.30868,17.20562],[106.30716,17.20678],[106.30488,17.20721],[106.30285,17.20891],[106.3031,17.21009],[106.30517,17.21077],[106.30586,17.21178],[106.30704,17.21242],[106.30785,17.21392],[106.30851,17.21678],[106.30822,17.21781],[106.30701,17.21823],[106.30827,17.218139999999998],[106.31025,17.21713],[106.31158,17.21712],[106.31237,17.2175],[106.31382,17.21954],[106.31447,17.21989],[106.31792,17.21848],[106.32075,17.21844],[106.32252,17.21743],[106.32321,17.21602],[106.32408,17.21564],[106.32508,17.21593],[106.32626,17.2175],[106.32596,17.2198],[106.3285,17.22172],[106.32808,17.22338],[106.32894,17.22484],[106.33115,17.22644],[106.33332,17.22621],[106.33421,17.22674],[106.33409,17.23054],[106.33291,17.23204],[106.33286,17.23262],[106.33322,17.2329],[106.33435,17.2329],[106.33449,17.23326],[106.33338,17.23552],[106.33215,17.23568],[106.32947,17.2347],[106.32923,17.2362],[106.3285,17.23663],[106.32742,17.23662],[106.3269,17.2358],[106.32574,17.23638],[106.32472,17.23646],[106.3241,17.23828],[106.32284,17.23782],[106.3208,17.23769],[106.3178,17.23552],[106.31732,17.23546],[106.31556,17.23659],[106.31352,17.23939],[106.31164,17.23951],[106.30796,17.23893],[106.30893,17.24056],[106.30814,17.24167],[106.30852,17.24238],[106.30983,17.24279],[106.31269,17.24229],[106.31385,17.24293],[106.31511,17.24293],[106.31778,17.24513],[106.31821,17.24597],[106.31763,17.24748],[106.31861,17.249],[106.31556,17.25165],[106.31432,17.25352],[106.31141,17.25161],[106.30858,17.25271],[106.3088,17.25319],[106.30999,17.25387],[106.30872,17.25756],[106.3077,17.25749],[106.3059,17.25634],[106.30534,17.25718],[106.30701,17.2591],[106.30702,17.26143],[106.30634,17.26253],[106.30617,17.26553],[106.30674,17.26662],[106.30682,17.26875],[106.3085,17.27082],[106.30732,17.27235],[106.30814,17.27737],[106.30703,17.27876],[106.30687,17.28044],[106.30719,17.28402],[106.30537,17.28782],[106.30614,17.28994],[106.30523,17.29116],[106.30391,17.29524],[106.30672,17.29672],[106.30752,17.29757],[106.31068,17.2976],[106.31132,17.29947],[106.31383,17.30138],[106.31485,17.30259],[106.31511,17.30388],[106.31354,17.3059],[106.31317,17.30729],[106.31205,17.30674],[106.30983,17.30648],[106.30736,17.30746],[106.30742,17.30907],[106.30654,17.31009],[106.30549,17.31311],[106.30418,17.31319],[106.30341,17.31453],[106.3019,17.31602],[106.30137,17.31716],[106.29955,17.31648],[106.29768,17.31872],[106.29494,17.31939],[106.29439,17.32132],[106.29368,17.32195],[106.29229,17.32141],[106.2916,17.3207],[106.29127,17.32095],[106.2907,17.32271],[106.28985,17.32382],[106.28975,17.32503],[106.28814,17.3272],[106.2882,17.32898],[106.28922,17.3318],[106.28822,17.33187],[106.28772,17.33259],[106.28726,17.33451],[106.28766,17.33712],[106.29014,17.34234],[106.29032,17.34367],[106.29154,17.34634],[106.29253,17.34771],[106.29732,17.34644],[106.29998,17.34764],[106.30175,17.34771],[106.30439,17.34976],[106.30661,17.34924],[106.30805,17.34848],[106.30916,17.3484],[106.31121,17.34911],[106.31211,17.34978],[106.31325,17.35138],[106.31502,17.35252],[106.31505,17.35616],[106.3157,17.35806],[106.31486,17.36052],[106.31574,17.36154],[106.31623,17.36489],[106.3179,17.36755],[106.31882,17.36823],[106.32035,17.36872],[106.32149,17.36962],[106.32362,17.36954],[106.32448,17.37098],[106.32555,17.37183],[106.32756,17.3717],[106.32935,17.37214],[106.33012,17.37292],[106.33228,17.37341],[106.33319,17.374],[106.33348,17.3761],[106.33296,17.37669],[106.33462,17.37834],[106.33465,17.37993],[106.33373,17.38312],[106.33566,17.38577],[106.33573,17.38717],[106.33528,17.38904],[106.33572,17.38971],[106.3358,17.3912],[106.33716,17.38978],[106.34086,17.38804],[106.34329,17.38844],[106.34378,17.38765],[106.34442,17.38743],[106.34756,17.38797],[106.34818,17.38553],[106.34728,17.38414],[106.34745,17.38332],[106.34692,17.38132],[106.34738,17.3801],[106.34945,17.37954],[106.35124,17.38],[106.3523,17.37871],[106.35389,17.37893],[106.35428,17.37936],[106.35665,17.37994],[106.35818,17.38192],[106.35849,17.38333],[106.36344,17.38691],[106.36528,17.38755],[106.36738,17.3906],[106.36684,17.39268],[106.36644,17.39282],[106.36525,17.3956],[106.3657,17.3977],[106.36498,17.3995],[106.36579,17.40085],[106.36487,17.40353],[106.36576,17.40752],[106.36543,17.40878],[106.3658,17.41421],[106.36835,17.41507],[106.37018,17.41847],[106.37033,17.41932],[106.37157,17.4202],[106.37334,17.4228],[106.37416,17.42303],[106.37489,17.42385],[106.37883,17.42468],[106.37974,17.42601],[106.38143,17.42602],[106.38208,17.42715],[106.38369,17.4278],[106.38383,17.42964],[106.38423,17.43006],[106.38738,17.43148],[106.38999,17.43146],[106.3954,17.43248],[106.4007,17.43307],[106.40346,17.43421],[106.4041,17.43482],[106.40514,17.43344],[106.40583,17.43138],[106.4069,17.42972],[106.40927,17.42832],[106.41041,17.4281],[106.41077,17.42635],[106.41243,17.42424],[106.41543,17.42161],[106.41702,17.42092],[106.41757,17.41927],[106.4181,17.41874],[106.41831,17.4171],[106.41896,17.41566],[106.42208,17.41394],[106.42199,17.41091],[106.42077,17.40896],[106.42245,17.40358],[106.42435,17.40045],[106.42573,17.39974],[106.42715,17.39823],[106.42896,17.3916],[106.4319,17.38915],[106.43346,17.38648],[106.434,17.38643],[106.43729,17.38794],[106.43852,17.38924],[106.44206,17.38957],[106.44345,17.39032],[106.44587,17.39014],[106.4484,17.39204],[106.45118,17.39264],[106.45401,17.3924],[106.45464,17.39151],[106.45678,17.3898],[106.45785,17.38826],[106.45906,17.38747],[106.46059,17.38584],[106.46219,17.38211],[106.46564,17.38296],[106.46903,17.3844],[106.47307,17.38364],[106.47874,17.38178],[106.48132,17.3824],[106.4832,17.3821],[106.48785,17.38323],[106.49143,17.38482],[106.49237,17.38484],[106.493,17.38404],[106.49393,17.38099],[106.49624,17.37993],[106.49783,17.37806],[106.49977,17.37657],[106.5002,17.3753],[106.50222,17.37239],[106.50274,17.3706],[106.50361,17.36981],[106.50618,17.36931],[106.50709,17.36829],[106.51116,17.36562],[106.51206,17.36564],[106.51446,17.36754],[106.51644,17.36785],[106.5191,17.37032],[106.52151,17.37075],[106.52262,17.37016],[106.52664,17.37212],[106.52752,17.37184],[106.52994,17.3701],[106.531,17.3689],[106.53176,17.36859],[106.53289,17.36714],[106.53506,17.36715],[106.53748,17.36584],[106.54006,17.36519],[106.54335,17.36571],[106.54492,17.36529],[106.54835,17.3624],[106.55416,17.36306],[106.55681,17.36192],[106.55935,17.36141],[106.56107,17.36178],[106.56244,17.36287],[106.56412,17.36189],[106.56551,17.36267],[106.56762,17.36294],[106.57117,17.36105],[106.57211,17.36148],[106.57472,17.36166],[106.57689,17.36363],[106.5794,17.36358],[106.57965,17.36215],[106.58055,17.36038],[106.58327,17.35763],[106.58336,17.35598],[106.58407,17.35384],[106.58487,17.35326],[106.58707,17.35253],[106.5881,17.34891],[106.59003,17.34664],[106.5919,17.34726],[106.59345,17.34708],[106.59556,17.3454],[106.59716,17.34501],[106.59994,17.34543],[106.60274,17.3452],[106.60454,17.34627],[106.60756,17.34544],[106.60809,17.34341],[106.60901,17.3425],[106.6084,17.34121],[106.60982,17.34096],[106.61063,17.34009],[106.60996,17.33892],[106.61036,17.33641],[106.60979,17.33563],[106.6126,17.33011],[106.6141,17.32879],[106.6162,17.3253],[106.61765,17.32433],[106.61802,17.32327],[106.61897,17.32225],[106.62075,17.32065],[106.62203,17.32034],[106.62223,17.3192],[106.6245,17.31514],[106.62461,17.31409],[106.62416,17.31287],[106.62645,17.31074],[106.62768,17.30276],[106.62822,17.30183],[106.62889,17.30157],[106.62873,17.29983],[106.63197,17.295],[106.6321,17.29069],[106.63313,17.28783],[106.63304,17.28727],[106.63427,17.28652],[106.63452,17.28552],[106.63406,17.28504],[106.63558,17.28435],[106.63604,17.28364],[106.63678,17.28387],[106.63666,17.28213],[106.63624,17.2815],[106.63661,17.27928],[106.63676,17.27901],[106.63746,17.27897],[106.63827,17.27945],[106.63967,17.27643],[106.64096,17.27542],[106.64284,17.27317],[106.64208,17.27275],[106.64122,17.27153],[106.64142,17.2705],[106.64052,17.26797],[106.64112,17.26623],[106.64086,17.266],[106.64106,17.26542],[106.63884,17.2651],[106.63554,17.25737],[106.63668,17.25308],[106.63637,17.25295]]]]}},
{"type":"Feature","id":"19207","properties":{"Ward_Code":"19207","Ward_Code_Num":19207,"Ward":"Quảng Ninh","Ward_Alt":"Quảng Ninh","Ward_Upper":"QUẢNG NINH","Ward_Full":"Xã Quảng Ninh","Ward_Full_Alt":"Xã Quảng Ninh","Ward_Full_Upper_Alt":"XÃ QUẢNG NINH","Ward_Type":"Xã","Province_Code":"44","Province":"Quảng Trị","Province_Upper_Alt":"QUẢNG TRỊ"},"geometry":{"type":"MultiPolygon","coordinates":[[[[106.68528,17.374],[106.6787,17.37147],[106.67312,17.36859],[106.67023,17.36775],[106.66893,17.36885],[106.66757,17.37119],[106.66718,17.37119],[106.66647,17.3726],[106.66668,17.37304],[106.6652,17.37558],[106.66401,17.37653],[106.6604,17.37356],[106.65878,17.37465],[106.65786,17.37385],[106.65876,17.37288],[106.65495,17.37155],[106.65514,17.37092],[106.65216,17.3697],[106.65252,17.36884],[106.64689,17.3665],[106.64778,17.3604],[106.64858,17.36052],[106.64962,17.35511],[106.64399,17.35433],[106.6446,17.35092],[106.64412,17.35074],[106.64271,17.34804],[106.64075,17.34864],[106.63858,17.34866],[106.63712,17.34911],[106.63521,17.35046],[106.63413,17.35054],[106.63518,17.34743],[106.63106,17.3475],[106.63104,17.34979],[106.63054,17.35123],[106.62904,17.35112],[106.62873,17.35138],[106.62842,17.35094],[106.62797,17.35105],[106.6275,17.35062],[106.62614,17.35058],[106.62622,17.34832],[106.62388,17.34877],[106.62196,17.34835],[106.6185,17.34874],[106.61233,17.34739],[106.60888,17.34771],[106.60841,17.34727],[106.60854,17.34584],[106.60756,17.34544],[106.60454,17.34627],[106.60274,17.3452],[106.59994,17.34543],[106.59716,17.34501],[106.59556,17.3454],[106.59345,17.34708],[106.5919,17.34726],[106.5903,17.34657],[106.58935,17.34727],[106.5881,17.34891],[106.58707,17.35253],[106.58487,17.35326],[106.58407,17.35384],[106.58336,17.35598],[106.58327,17.35763],[106.58055,17.36038],[106.57965,17.36215],[106.5794,17.36358],[106.57689,17.36363],[106.57472,17.36166],[106.57211,17.36148],[106.57117,17.36105],[106.56762,17.36294],[106.56551,17.36267],[106.56412,17.36189],[106.56244,17.36287],[106.56107,17.36178],[106.55935,17.36141],[106.55681,17.36192],[106.55416,17.36306],[106.54835,17.3624],[106.54492,17.36529],[106.54335,17.36571],[106.54006,17.36519],[106.53748,17.36584],[106.53506,17.36715],[106.53289,17.36714],[106.53176,17.36859],[106.531,17.3689],[106.52994,17.3701],[106.52752,17.37184],[106.52664,17.37212],[106.52663,17.37302],[106.52731,17.37552],[106.52905,17.37663],[106.52967,17.37784],[106.53063,17.37824],[106.5324,17.38094],[106.53332,17.38362],[106.5376,17.38487],[106.53953,17.38637],[106.54298,17.38797],[106.54488,17.38974],[106.54545,17.39107],[106.54678,17.39174],[106.54867,17.39353],[106.55086,17.39394],[106.55158,17.39511],[106.55283,17.39576],[106.55277,17.39656],[106.55465,17.39862],[106.55548,17.40015],[106.5557,17.40271],[106.55413,17.40604],[106.5563,17.40455],[106.55916,17.40426],[106.5617,17.40594],[106.5624,17.40702],[106.56211,17.40772],[106.564,17.40744],[106.5665,17.40773],[106.56788,17.40686],[106.57002,17.40693],[106.57051,17.40597],[106.57218,17.40587],[106.5728,17.40488],[106.57386,17.40435],[106.57419,17.40354],[106.57583,17.40236],[106.57752,17.40238],[106.57867,17.40291],[106.57937,17.40242],[106.58078,17.4025],[106.58185,17.40319],[106.5831,17.40333],[106.58395,17.40297],[106.58675,17.407],[106.58632,17.40836],[106.58683,17.40892],[106.58718,17.41006],[106.58788,17.41072],[106.58791,17.41172],[106.58842,17.41253],[106.58952,17.41331],[106.59116,17.41356],[106.59161,17.41413],[106.59141,17.41483],[106.59052,17.41532],[106.59067,17.41656],[106.5912,17.41719],[106.59104,17.41791],[106.59204,17.41859],[106.59522,17.41766],[106.59538,17.41831],[106.59481,17.42088],[106.5969,17.4215],[106.59802,17.42474],[106.59905,17.42515],[106.60274,17.4255],[106.6069,17.42557],[106.60955,17.42423],[106.61234,17.42349],[106.61819,17.42528],[106.62015,17.42522],[106.62188,17.4256],[106.62367,17.42681],[106.62454,17.42807],[106.62348,17.43198],[106.62384,17.43316],[106.62455,17.43396],[106.62726,17.43463],[106.62768,17.43493],[106.62794,17.43589],[106.62902,17.43606],[106.63472,17.43554],[106.63761,17.43588],[106.63807,17.43364],[106.63923,17.43077],[106.64559,17.42097],[106.64734,17.41767],[106.64913,17.41909],[106.64897,17.41935],[106.64956,17.41984],[106.65019,17.42165],[106.65182,17.42225],[106.65296,17.42162],[106.65396,17.41953],[106.6562,17.4187],[106.65818,17.41703],[106.66691,17.42249],[106.67737,17.41124],[106.68609,17.39995],[106.68499,17.39661],[106.68479,17.39349],[106.69776,17.37946],[106.69556,17.37796],[106.68528,17.374]]]]}},
{"type":"Feature","id":"19225","properties":{"Ward_Code":"19225","Ward_Code_Num":19225,"Ward":"Ninh Châu","Ward_Alt":"Ninh Châu","Ward_Upper":"NINH CHÂU","Ward_Full":"Xã Ninh Châu","Ward_Full_Alt":"Xã Ninh Châu","Ward_Full_Upper_Alt":"XÃ NINH CHÂU","Ward_Type":"Xã","Province_Code":"44","Province":"Quảng Trị","Province_Upper_Alt":"QUẢNG TRỊ"},"geometry":{"type":"MultiPolygon","coordinates":[[[[106.68528,17.374],[106.69556,17.37796],[106.69776,17.37946],[106.68479,17.39349],[106.68499,17.39661],[106.68609,17.39995],[106.67737,17.41124],[106.68264,17.41164],[106.68416,17.41246],[106.6843,17.4145],[106.68681,17.41596],[106.68766,17.41491],[106.6877,17.41534],[106.68792,17.41526],[106.6884,17.4143],[106.6909,17.41141],[106.69336,17.40915],[106.69978,17.40207],[106.70046,17.40179],[106.70279,17.39899],[106.70516,17.39689],[106.70699,17.39461],[106.70896,17.39301],[106.71122,17.39033],[106.7135,17.38843],[106.71598,17.38554],[106.7164,17.38558],[106.71736,17.38422],[106.71787,17.38409],[106.71979,17.38192],[106.72008,17.38222],[106.72308,17.37844],[106.72356,17.37856],[106.72404,17.3776],[106.72584,17.37623],[106.72695,17.37478],[106.73394,17.36834],[106.73728,17.36467],[106.74299,17.35926],[106.75894,17.3444],[106.763,17.34122],[106.76393,17.33988],[106.7667,17.33805],[106.7693,17.33526],[106.77165,17.33321],[106.77301,17.33243],[106.77502,17.33019],[106.77663,17.32927],[106.77886,17.32692],[106.7835,17.3233],[106.78558,17.32114],[106.79402,17.3146],[106.79683,17.31193],[106.79081,17.30407],[106.78531,17.29182],[106.78537,17.29114],[106.78382,17.29163],[106.77852,17.29511],[106.77641,17.29573],[106.77556,17.2966],[106.77328,17.29745],[106.77214,17.2985],[106.7706,17.30173],[106.7676,17.30414],[106.767,17.30594],[106.76316,17.30898],[106.76277,17.31033],[106.76218,17.31103],[106.75546,17.31476],[106.75591,17.31914],[106.73512,17.33351],[106.72631,17.31875],[106.72456,17.31856],[106.7243,17.31668],[106.72293,17.31499],[106.72365,17.31454],[106.72139,17.31151],[106.71978,17.31001],[106.72193,17.30632],[106.72123,17.30573],[106.72026,17.30581],[106.71951,17.3053],[106.71884,17.30404],[106.71881,17.30299],[106.71433,17.29509],[106.70774,17.29954],[106.69593,17.30338],[106.69662,17.30699],[106.69738,17.30714],[106.69824,17.30877],[106.6968,17.31079],[106.69667,17.31243],[106.69264,17.31276],[106.68371,17.31438],[106.68365,17.3164],[106.68339,17.3167],[106.6836,17.31741],[106.68285,17.31862],[106.68351,17.32149],[106.68254,17.32187],[106.68163,17.32181],[106.68147,17.32296],[106.67851,17.3231],[106.67736,17.32367],[106.6763,17.32369],[106.6765,17.32309],[106.67049,17.32302],[106.67051,17.324],[106.66888,17.32408],[106.66885,17.32478],[106.66841,17.32493],[106.66599,17.32428],[106.66577,17.32484],[106.6676,17.32574],[106.66717,17.32739],[106.66782,17.32821],[106.66629,17.33396],[106.66573,17.33524],[106.66519,17.33567],[106.66275,17.33644],[106.65998,17.33818],[106.65971,17.34027],[106.66123,17.34153],[106.6585,17.34737],[106.65412,17.34581],[106.65186,17.34552],[106.64956,17.34578],[106.64514,17.347],[106.64271,17.34804],[106.64412,17.35074],[106.6446,17.35092],[106.64399,17.35433],[106.64962,17.35511],[106.64858,17.36052],[106.64778,17.3604],[106.64689,17.3665],[106.65252,17.36884],[106.65216,17.3697],[106.65514,17.37092],[106.65495,17.37155],[106.65876,17.37288],[106.65786,17.37385],[106.65878,17.37465],[106.6604,17.37356],[106.66401,17.37653],[106.6652,17.37558],[106.66668,17.37304],[106.66647,17.3726],[106.66718,17.37119],[106.66757,17.37119],[106.66893,17.36885],[106.67023,17.36775],[106.67312,17.36859],[106.6787,17.37147],[106.68528,17.374]]]]}},
{"type":"Feature","id":"19237","properties":{"Ward_Code":"19237","Ward_Code_Num":19237,"Ward":"Trường Ninh","Ward_Alt":"Trường Ninh","Ward_Upper":"TRƯỜNG NINH","Ward_Full":"Xã Trường Ninh","Ward_Full_Alt":"Xã Trường Ninh","Ward_Full_Upper_Alt":"XÃ TRƯỜNG NINH","Ward_Type":"Xã","Province_Code":"44","Province":"Quảng Trị","Province_Upper_Alt":"QUẢNG TRỊ"},"geometry":{"type":"MultiPolygon","coordinates":[[[[106.64271,17.34804],[106.64514,17.347],[106.64956,17.34578],[106.65186,17.34552],[106.65412,17.34581],[106.6585,17.34737],[106.66123,17.34153],[106.65971,17.34027],[106.65998,17.33818],[106.66275,17.33644],[106.66519,17.33567],[106.66573,17.33524],[106.66629,17.33396],[106.66782,17.32821],[106.66717,17.32739],[106.6676,17.32574],[106.66577,17.32484],[106.66599,17.32428],[106.66841,17.32493],[106.66885,17.32478],[106.66888,17.32408],[106.67051,17.324],[106.67049,17.32302],[106.6765,17.32309],[106.6763,17.32369],[106.67736,17.32367],[106.67851,17.3231],[106.68147,17.32296],[106.68163,17.32181],[106.68254,17.32187],[106.68351,17.32149],[106.68285,17.31862],[106.6836,17.31741],[106.68339,17.3167],[106.68365,17.3164],[106.68371,17.31438],[106.69264,17.31276],[106.69667,17.31243],[106.6968,17.31079],[106.69824,17.30877],[106.69738,17.30714],[106.69662,17.30699],[106.69593,17.30338],[106.70774,17.29954],[106.71433,17.29509],[106.71363,17.28711],[106.71236,17.2807],[106.70602,17.27969],[106.70537,17.28036],[106.70173,17.27995],[106.69844,17.27783],[106.69876,17.2766],[106.69619,17.2743],[106.69511,17.27471],[106.69452,17.27456],[106.69386,17.27496],[106.6929,17.27408],[106.69217,17.27057],[106.69115,17.26858],[106.68788,17.26722],[106.68833,17.26655],[106.68752,17.26534],[106.68323,17.26555],[106.68218,17.26479],[106.68511,17.26079],[106.68109,17.25767],[106.68012,17.25618],[106.67519,17.24729],[106.67389,17.24144],[106.672,17.2423],[106.67031,17.24367],[106.67,17.24285],[106.6697,17.24294],[106.66956,17.24258],[106.66866,17.2428],[106.66907,17.24393],[106.66738,17.24446],[106.6676,17.24492],[106.66806,17.24458],[106.66886,17.24542],[106.6694,17.24647],[106.66948,17.24758],[106.66823,17.24716],[106.66723,17.25259],[106.65885,17.25053],[106.65653,17.249],[106.65431,17.24607],[106.65274,17.24694],[106.64613,17.23745],[106.645,17.23796],[106.64488,17.23914],[106.644,17.24066],[106.64266,17.24209],[106.64115,17.24285],[106.63712,17.24767],[106.63616,17.25011],[106.63661,17.25277],[106.63637,17.25295],[106.63668,17.25308],[106.63554,17.25737],[106.63884,17.2651],[106.64106,17.26542],[106.64086,17.266],[106.64112,17.26623],[106.64052,17.26797],[106.64142,17.2705],[106.64122,17.27153],[106.64208,17.27275],[106.64284,17.27317],[106.64096,17.27542],[106.63967,17.27643],[106.63827,17.27945],[106.63746,17.27897],[106.63676,17.27901],[106.63661,17.27928],[106.63624,17.2815],[106.63666,17.28213],[106.63678,17.28387],[106.63604,17.28364],[106.63558,17.28435],[106.63406,17.28504],[106.63452,17.28552],[106.63427,17.28652],[106.63304,17.28727],[106.63313,17.28783],[106.6321,17.29069],[106.63197,17.295],[106.62873,17.29983],[106.62889,17.30157],[106.62822,17.30183],[106.62768,17.30276],[106.62645,17.31074],[106.62416,17.31287],[106.62461,17.31409],[106.6245,17.31514],[106.62223,17.3192],[106.62203,17.32034],[106.62075,17.32065],[106.61897,17.32225],[106.61802,17.32327],[106.61765,17.32433],[106.6162,17.3253],[106.6141,17.32879],[106.6126,17.33011],[106.60979,17.33563],[106.61036,17.33641],[106.60996,17.33892],[106.61063,17.34009],[106.60982,17.34096],[106.6084,17.34121],[106.60901,17.3425],[106.60809,17.34341],[106.60756,17.34544],[106.60854,17.34584],[106.60841,17.34727],[106.60888,17.34771],[106.61233,17.34739],[106.6185,17.34874],[106.62196,17.34835],[106.62388,17.34877],[106.62622,17.34832],[106.62614,17.35058],[106.6275,17.35062],[106.62797,17.35105],[106.62842,17.35094],[106.62873,17.35138],[106.62904,17.35112],[106.63054,17.35123],[106.63104,17.34979],[106.63106,17.3475],[106.63518,17.34743],[106.63413,17.35054],[106.63521,17.35046],[106.63712,17.34911],[106.63858,17.34866],[106.64075,17.34864],[106.64271,17.34804]]]]}},
{"type":"Feature","id":"19246","properties":{"Ward_Code":"19246","Ward_Code_Num":19246,"Ward":"Lệ Ninh","Ward_Alt":"Lệ Ninh","Ward_Upper":"LỆ NINH","Ward_Full":"Xã Lệ Ninh","Ward_Full_Alt":"Xã Lệ Ninh","Ward_Full_Upper_Alt":"XÃ LỆ NINH","Ward_Type":"Xã","Province_Code":"44","Province":"Quảng Trị","Province_Upper_Alt":"QUẢNG TRỊ"},"geometry":{"type":"MultiPolygon","coordinates":[[[[106.71353,17.2866],[106.71363,17.28711],[106.73187,17.2768],[106.73449,17.27622],[106.73427,17.27321],[106.73469,17.26867],[106.72894,17.25404],[106.72943,17.25198],[106.73349,17.24085],[106.73183,17.23989],[106.72927,17.23702],[106.72969,17.23535],[106.72943,17.23528],[106.72937,17.23175],[106.72828,17.23132],[106.73221,17.22206],[106.72544,17.21832],[106.72437,17.21885],[106.72364,17.22076],[106.71565,17.21823],[106.71493,17.21914],[106.7147,17.21817],[106.71128,17.21502],[106.71102,17.2153],[106.70894,17.21526],[106.7079,17.2147],[106.70731,17.21545],[106.70606,17.21562],[106.70416,17.21454],[106.70252,17.21444],[106.70033,17.21372],[106.6989,17.21218],[106.7016,17.20977],[106.70215,17.20881],[106.70276,17.20628],[106.70056,17.20307],[106.70292,17.20335],[106.70296,17.20315],[106.70271,17.20234],[106.70212,17.20225],[106.70184,17.20182],[106.70135,17.20189],[106.70157,17.20128],[106.70124,17.2013],[106.70042,17.20034],[106.69953,17.20031],[106.69913,17.19981],[106.69953,17.19963],[106.69874,17.19906],[106.69887,17.19877],[106.69972,17.19883],[106.70047,17.19814],[106.70019,17.19661],[106.70067,17.19582],[106.7003,17.1949],[106.69924,17.19457],[106.6998,17.19409],[106.69928,17.1931],[106.69962,17.19305],[106.69956,17.19272],[106.69889,17.19204],[106.69846,17.19246],[106.69826,17.19214],[106.69873,17.1903],[106.69916,17.19021],[106.69939,17.19069],[106.69961,17.19047],[106.69832,17.18861],[106.69787,17.18688],[106.69534,17.18554],[106.69531,17.18515],[106.69585,17.18492],[106.69552,17.1842],[106.69571,17.18361],[106.69434,17.18298],[106.69352,17.18198],[106.69263,17.18302],[106.69194,17.18332],[106.69184,17.18294],[106.69104,17.18316],[106.69044,17.18251],[106.69007,17.18277],[106.6898,17.18214],[106.68944,17.18205],[106.68895,17.18374],[106.68805,17.18356],[106.68804,17.18416],[106.6865,17.18382],[106.68625,17.18317],[106.68485,17.18269],[106.68464,17.18228],[106.6831,17.18219],[106.68236,17.18279],[106.68151,17.18421],[106.67982,17.18407],[106.67556,17.18742],[106.67366,17.18817],[106.6726,17.19045],[106.67387,17.19209],[106.67399,17.19302],[106.67368,17.19348],[106.67235,17.19398],[106.67104,17.19608],[106.66993,17.19665],[106.66914,17.19764],[106.66807,17.19808],[106.6782,17.20645],[106.67744,17.20645],[106.6765,17.20775],[106.67578,17.2076],[106.67503,17.21025],[106.67357,17.21041],[106.67162,17.20969],[106.67122,17.20988],[106.67099,17.21062],[106.6713,17.21087],[106.67126,17.21457],[106.67287,17.21531],[106.67042,17.22127],[106.66961,17.2214],[106.67088,17.22318],[106.66946,17.2231],[106.66765,17.22351],[106.66701,17.22414],[106.66582,17.22442],[106.66417,17.22572],[106.66331,17.22551],[106.66305,17.22505],[106.66247,17.22516],[106.66219,17.22417],[106.66208,17.22489],[106.66343,17.22707],[106.65808,17.22922],[106.65334,17.23364],[106.6484,17.23415],[106.64984,17.23484],[106.65044,17.23688],[106.65049,17.23936],[106.65152,17.24037],[106.65188,17.24268],[106.6535,17.24418],[106.65483,17.24705],[106.65653,17.249],[106.65885,17.25053],[106.66723,17.25259],[106.66823,17.24716],[106.66948,17.24758],[106.6694,17.24647],[106.66886,17.24542],[106.66806,17.24458],[106.6676,17.24492],[106.66738,17.24446],[106.66907,17.24393],[106.66866,17.2428],[106.66956,17.24258],[106.6697,17.24294],[106.67,17.24285],[106.67031,17.24367],[106.672,17.2423],[106.67389,17.24144],[106.67519,17.24729],[106.68012,17.25618],[106.68109,17.25767],[106.68511,17.26079],[106.68218,17.26479],[106.68323,17.26555],[106.68752,17.26534],[106.68833,17.26655],[106.68788,17.26722],[106.69115,17.26858],[106.69217,17.27057],[106.6929,17.27408],[106.69386,17.27496],[106.69452,17.27456],[106.69511,17.27471],[106.69619,17.2743],[106.69876,17.2766],[106.69844,17.27783],[106.70173,17.27995],[106.70537,17.28036],[106.70602,17.27969],[106.71236,17.2807],[106.71353,17.2866]]]]}},
{"type":"Feature","id":"19249","properties":{"Ward_Code":"19249","Ward_Code_Num":19249,"Ward":"Lệ Thuỷ","Ward_Alt":"Lệ Thủy","Ward_Upper":"LỆ THUỶ","Ward_Full":"Xã Lệ Thuỷ","Ward_Full_Alt":"Xã Lệ Thủy","Ward_Full_Upper_Alt":"XÃ LỆ THỦY","Ward_Type":"Xã","Province_Code":"44","Province":"Quảng Trị","Province_Upper_Alt":"QUẢNG TRỊ"},"geometry":{"type":"MultiPolygon","coordinates":[[[[106.73436,17.27392],[106.73449,17.27622],[106.74101,17.27586],[106.74701,17.27882],[106.74805,17.2771],[106.75274,17.27167],[106.75634,17.26488],[106.75797,17.26524],[106.76088,17.26439],[106.77743,17.25696],[106.79069,17.24885],[106.79522,17.24843],[106.79712,17.25137],[106.79743,17.25116],[106.80415,17.24601],[106.80543,17.24465],[106.80499,17.24414],[106.80626,17.24253],[106.80986,17.23981],[106.81282,17.23683],[106.81291,17.23648],[106.81169,17.23498],[106.81667,17.23026],[106.81392,17.22859],[106.82121,17.22612],[106.8164,17.21977],[106.81793,17.21983],[106.81746,17.21519],[106.81512,17.21486],[106.81344,17.21535],[106.80919,17.21007],[106.81013,17.2093],[106.80915,17.20802],[106.79665,17.21349],[106.79274,17.21825],[106.79057,17.2177],[106.78818,17.20618],[106.78602,17.2043],[106.78036,17.20544],[106.77234,17.20341],[106.7691,17.20386],[106.76398,17.20663],[106.75975,17.19834],[106.72783,17.21935],[106.73221,17.22206],[106.72828,17.23132],[106.72937,17.23175],[106.72943,17.23528],[106.72969,17.23535],[106.72927,17.23702],[106.73183,17.23989],[106.73349,17.24085],[106.72943,17.25198],[106.72894,17.25404],[106.73469,17.26867],[106.73436,17.27392]]]]}},
{"type":"Feature","id":"19255","properties":{"Ward_Code":"19255","Ward_Code_Num":19255,"Ward":"Cam Hồng","Ward_Alt":"Cam Hồng","Ward_Upper":"CAM HỒNG","Ward_Full":"Xã Cam Hồng","Ward_Full_Alt":"Xã Cam Hồng","Ward_Full_Upper_Alt":"XÃ CAM HỒNG","Ward_Type":"Xã","Province_Code":"44","Province":"Quảng Trị","Province_Upper_Alt":"QUẢNG TRỊ"},"geometry":{"type":"MultiPolygon","coordinates":[[[[106.75274,17.27167],[106.74805,17.2771],[106.74701,17.27882],[106.74101,17.27586],[106.73449,17.27622],[106.73187,17.2768],[106.71363,17.28711],[106.71433,17.29509],[106.71881,17.30299],[106.71884,17.30404],[106.71951,17.3053],[106.72026,17.30581],[106.72123,17.30573],[106.72193,17.30632],[106.71978,17.31001],[106.72139,17.31151],[106.72365,17.31454],[106.72293,17.31499],[106.7243,17.31668],[106.72456,17.31856],[106.72631,17.31875],[106.73512,17.33351],[106.75591,17.31914],[106.75546,17.31476],[106.76218,17.31103],[106.76277,17.31033],[106.76316,17.30898],[106.767,17.30594],[106.7676,17.30414],[106.7706,17.30173],[106.77214,17.2985],[106.77328,17.29745],[106.77556,17.2966],[106.77641,17.29573],[106.77852,17.29511],[106.78418,17.29146],[106.78537,17.29114],[106.78531,17.29182],[106.79081,17.30407],[106.79683,17.31193],[106.8006,17.30904],[106.81195,17.29929],[106.81406,17.29767],[106.81479,17.29745],[106.82067,17.29221],[106.83474,17.28169],[106.84185,17.27598],[106.84648,17.27317],[106.85071,17.2694],[106.85344,17.26787],[106.85688,17.2651],[106.85759,17.26416],[106.85745,17.263],[106.85777,17.26311],[106.8578,17.2644],[106.86438,17.25912],[106.86561,17.25875],[106.86926,17.25572],[106.87326,17.25279],[106.87386,17.25272],[106.88771,17.24213],[106.8856,17.23848],[106.88548,17.2368],[106.88491,17.23596],[106.88403,17.23302],[106.88324,17.23166],[106.8823,17.23103],[106.8821,17.23035],[106.88072,17.22928],[106.88082,17.22823],[106.88023,17.22771],[106.87852,17.22406],[106.85402,17.24088],[106.84514,17.22593],[106.83632,17.21828],[106.83631,17.21965],[106.83024,17.22474],[106.8291,17.22451],[106.82796,17.22488],[106.82635,17.22649],[106.8242,17.22755],[106.82347,17.22756],[106.82131,17.2261],[106.81392,17.22859],[106.81667,17.23026],[106.81169,17.23498],[106.81291,17.23648],[106.81282,17.23683],[106.80986,17.23981],[106.80626,17.24253],[106.80499,17.24414],[106.80543,17.24465],[106.80415,17.24601],[106.79712,17.25137],[106.79522,17.24843],[106.79069,17.24885],[106.77743,17.25696],[106.76088,17.26439],[106.75797,17.26524],[106.75634,17.26488],[106.75274,17.27167]]]]}},
{"type":"Feature","id":"19288","properties":{"Ward_Code":"19288","Ward_Code_Num":19288,"Ward":"Sen Ngư","Ward_Alt":"Sen Ngư","Ward_Upper":"SEN NGƯ","Ward_Full":"Xã Sen Ngư","Ward_Full_Alt":"Xã Sen Ngư","Ward_Full_Upper_Alt":"XÃ SEN NGƯ","Ward_Type":"Xã","Province_Code":"44","Province":"Quảng Trị","Province_Upper_Alt":"QUẢNG TRỊ"},"geometry":{"type":"MultiPolygon","coordinates":[[[[106.90349,17.2301],[106.90716,17.22699],[106.91121,17.22419],[106.91325,17.22225],[106.91403,17.222],[106.9191,17.21827],[106.92345,17.21463],[106.925,17.21376],[106.93916,17.2027],[106.94127,17.20154],[106.94516,17.19831],[106.94758,17.19691],[106.95477,17.19122],[106.96343,17.18507],[106.96823,17.18192],[106.96974,17.18125],[106.97338,17.17826],[106.97844,17.17473],[106.98117,17.17226],[106.98429,17.17029],[106.98672,17.1681],[106.9911,17.16548],[106.9868,17.16071],[106.98446,17.15552],[106.97136,17.14353],[106.969,17.13786],[106.96805,17.13693],[106.96744,17.13734],[106.96655,17.1361],[106.96582,17.13573],[106.9654,17.13456],[106.96448,17.13403],[106.96226,17.13097],[106.95759,17.12798],[106.95685,17.1262],[106.95388,17.12386],[106.95416,17.12099],[106.95368,17.11989],[106.95101,17.11912],[106.94901,17.11978],[106.92718,17.10846],[106.9239,17.10848],[106.92283,17.10677],[106.92082,17.10603],[106.91387,17.1021],[106.91136,17.1003],[106.91024,17.0991],[106.90581,17.09638],[106.90474,17.09481],[106.90376,17.09466],[106.90312,17.09547],[106.90256,17.09557],[106.90117,17.09543],[106.89999,17.0932],[106.89402,17.08942],[106.89332,17.08935],[106.89187,17.09085],[106.89426,17.09606],[106.89329,17.09703],[106.89128,17.09776],[106.89001,17.09983],[106.88855,17.10035],[106.88733,17.10023],[106.89119,17.10555],[106.89122,17.10736],[106.89205,17.10913],[106.89065,17.11117],[106.8918,17.11309],[106.8912,17.11501],[106.89039,17.11584],[106.89034,17.11651],[106.89149,17.12015],[106.89158,17.12131],[106.89215,17.12195],[106.89073,17.12343],[106.8884,17.12716],[106.89002,17.12823],[106.89022,17.12897],[106.8908,17.12922],[106.89373,17.13393],[106.89381,17.13591],[106.89434,17.1362],[106.89523,17.13611],[106.89764,17.13795],[106.89731,17.1395],[106.89784,17.14039],[106.88884,17.15669],[106.88833,17.15708],[106.88703,17.15702],[106.88578,17.1583],[106.88376,17.15904],[106.8823,17.16014],[106.88054,17.15998],[106.87999,17.15953],[106.879,17.1604],[106.88222,17.16223],[106.8817,17.16343],[106.88222,17.16798],[106.88439,17.16984],[106.88201,17.17226],[106.8825,17.17299],[106.88375,17.17338],[106.8842,17.17383],[106.88428,17.17563],[106.88498,17.17664],[106.88379,17.17813],[106.88284,17.17836],[106.8811,17.17958],[106.87853,17.18069],[106.87827,17.18183],[106.87904,17.18479],[106.87826,17.18748],[106.87752,17.18823],[106.87632,17.18838],[106.87532,17.18935],[106.87525,17.19072],[106.87457,17.19084],[106.87234,17.19226],[106.87145,17.19342],[106.87168,17.19422],[106.87107,17.19499],[106.86875,17.19527],[106.86688,17.19658],[106.86638,17.19775],[106.86537,17.19829],[106.86427,17.1985],[106.86384,17.19818],[106.86094,17.19899],[106.86078,17.20024],[106.86142,17.20196],[106.85643,17.20392],[106.85621,17.20415],[106.85657,17.20477],[106.85492,17.20606],[106.85243,17.2061],[106.85251,17.20645],[106.8508,17.20713],[106.84978,17.20695],[106.84947,17.20759],[106.84867,17.20732],[106.84748,17.20568],[106.84739,17.20511],[106.84586,17.20525],[106.84271,17.20968],[106.8428,17.21039],[106.84394,17.21202],[106.8389,17.2165],[106.83748,17.21816],[106.83632,17.21828],[106.84514,17.22593],[106.85402,17.24088],[106.87852,17.22406],[106.88023,17.22771],[106.88082,17.22823],[106.88072,17.22928],[106.8821,17.23035],[106.8823,17.23103],[106.88324,17.23166],[106.88403,17.23302],[106.88491,17.23596],[106.88548,17.2368],[106.8856,17.23848],[106.88771,17.24213],[106.89031,17.23982],[106.8951,17.23667],[106.89818,17.2339],[106.90142,17.2319],[106.90349,17.2301]]]]}},
{"type":"Feature","id":"19291","properties":{"Ward_Code":"19291","Ward_Code_Num":19291,"Ward":"Tân Mỹ","Ward_Alt":"Tân Mỹ","Ward_Upper":"TÂN MỸ","Ward_Full":"Xã Tân Mỹ","Ward_Full_Alt":"Xã Tân Mỹ","Ward_Full_Upper_Alt":"XÃ TÂN MỸ","Ward_Type":"Xã","Province_Code":"44","Province":"Quảng Trị","Province_Upper_Alt":"QUẢNG TRỊ"},"geometry":{"type":"MultiPolygon","coordinates":[[[[106.8268,17.22607],[106.82796,17.22488],[106.8291,17.22451],[106.83024,17.22474],[106.83631,17.21965],[106.83629,17.2183],[106.83748,17.21816],[106.8389,17.2165],[106.84394,17.21202],[106.8428,17.21039],[106.84271,17.20968],[106.84586,17.20525],[106.84739,17.20511],[106.84748,17.20568],[106.84867,17.20732],[106.84947,17.20759],[106.84978,17.20695],[106.8508,17.20713],[106.85251,17.20645],[106.85243,17.2061],[106.85492,17.20606],[106.85657,17.20477],[106.85621,17.20415],[106.85643,17.20392],[106.86142,17.20196],[106.86078,17.20024],[106.86094,17.19899],[106.86384,17.19818],[106.86427,17.1985],[106.86537,17.19829],[106.86638,17.19775],[106.8667,17.19678],[106.86799,17.19571],[106.86935,17.19502],[106.8705,17.19523],[106.87107,17.19499],[106.87168,17.19422],[106.87145,17.19342],[106.87234,17.19226],[106.87457,17.19084],[106.87525,17.19072],[106.87532,17.18935],[106.87632,17.18838],[106.87752,17.18823],[106.87826,17.18748],[106.87904,17.18479],[106.87827,17.18183],[106.87853,17.18069],[106.8811,17.17958],[106.88284,17.17836],[106.88379,17.17813],[106.88498,17.17664],[106.88428,17.17563],[106.8842,17.17383],[106.88375,17.17338],[106.8825,17.17299],[106.88201,17.17226],[106.88439,17.16984],[106.88222,17.16798],[106.8817,17.16343],[106.88222,17.16223],[106.879,17.1604],[106.87999,17.15953],[106.88054,17.15998],[106.8823,17.16014],[106.88376,17.15904],[106.88578,17.1583],[106.88703,17.15702],[106.88833,17.15708],[106.88884,17.15669],[106.89784,17.14039],[106.89731,17.1395],[106.89764,17.13795],[106.89523,17.13611],[106.89434,17.1362],[106.89381,17.13591],[106.89373,17.13393],[106.8908,17.12922],[106.89022,17.12897],[106.89002,17.12823],[106.8884,17.12716],[106.89073,17.12343],[106.89215,17.12195],[106.89158,17.12131],[106.89149,17.12015],[106.89034,17.11651],[106.89039,17.11584],[106.8912,17.11501],[106.8918,17.11309],[106.89065,17.11117],[106.89205,17.10913],[106.89122,17.10736],[106.89119,17.10555],[106.88733,17.10023],[106.88855,17.10035],[106.89001,17.09983],[106.89128,17.09776],[106.89329,17.09703],[106.89406,17.09641],[106.89425,17.09581],[106.89359,17.09499],[106.89187,17.09085],[106.89117,17.09124],[106.88937,17.09013],[106.88835,17.0899],[106.88301,17.08244],[106.86774,17.08121],[106.86531,17.08019],[106.86233,17.07827],[106.86109,17.07709],[106.85085,17.08068],[106.82989,17.10656],[106.82697,17.11402],[106.82872,17.11551],[106.82835,17.11713],[106.8288,17.11809],[106.82763,17.11867],[106.83134,17.12295],[106.83047,17.12488],[106.83054,17.12711],[106.83353,17.12854],[106.83386,17.12959],[106.83356,17.13058],[106.83396,17.13166],[106.83381,17.13433],[106.83474,17.13655],[106.8336,17.13798],[106.83359,17.1392],[106.83241,17.14043],[106.83226,17.14122],[106.83092,17.14278],[106.83122,17.14362],[106.82679,17.14582],[106.82442,17.14621],[106.82323,17.14589],[106.82445,17.14747],[106.82408,17.14879],[106.82237,17.14924],[106.82157,17.15052],[106.82069,17.1509],[106.81958,17.15279],[106.81953,17.15395],[106.81636,17.15508],[106.81516,17.1561],[106.81476,17.15719],[106.81323,17.15788],[106.81289,17.15884],[106.8118,17.15943],[106.81114,17.16082],[106.8101,17.16157],[106.80755,17.1622],[106.80413,17.16113],[106.7967,17.16898],[106.79642,17.17031],[106.79842,17.17619],[106.79895,17.18173],[106.79875,17.18347],[106.797,17.18741],[106.7974,17.18952],[106.79992,17.19212],[106.80284,17.19699],[106.80423,17.19847],[106.80575,17.19946],[106.80958,17.20088],[106.81224,17.20273],[106.81277,17.20429],[106.8126,17.20566],[106.81178,17.20675],[106.80915,17.20802],[106.81013,17.2093],[106.80919,17.21007],[106.81344,17.21535],[106.81512,17.21486],[106.81746,17.21519],[106.81793,17.21983],[106.8164,17.21977],[106.82121,17.22612],[106.82383,17.2277],[106.8268,17.22607]]]]}},
{"type":"Feature","id":"19309","properties":{"Ward_Code":"19309","Ward_Code_Num":19309,"Ward":"Trường Phú","Ward_Alt":"Trường Phú","Ward_Upper":"TRƯỜNG PHÚ","Ward_Full":"Xã Trường Phú","Ward_Full_Alt":"Xã Trường Phú","Ward_Full_Upper_Alt":"XÃ TRƯỜNG PHÚ","Ward_Type":"Xã","Province_Code":"44","Province":"Quảng Trị","Province_Upper_Alt":"QUẢNG TRỊ"},"geometry":{"type":"MultiPolygon","coordinates":[[[[106.76791,17.20454],[106.7691,17.20386],[106.77234,17.20341],[106.78036,17.20544],[106.78602,17.2043],[106.78818,17.20618],[106.79057,17.2177],[106.79274,17.21825],[106.79665,17.21349],[106.81092,17.20723],[106.81231,17.20628],[106.81277,17.20429],[106.81209,17.20253],[106.80958,17.20088],[106.80575,17.19946],[106.80423,17.19847],[106.80284,17.19699],[106.79992,17.19212],[106.7974,17.18952],[106.797,17.18741],[106.79885,17.183],[106.79882,17.17884],[106.79842,17.17619],[106.79642,17.16992],[106.79696,17.16865],[106.80413,17.16113],[106.80755,17.1622],[106.8101,17.16157],[106.81114,17.16082],[106.8118,17.15943],[106.81289,17.15884],[106.81323,17.15788],[106.81476,17.15719],[106.81516,17.1561],[106.81636,17.15508],[106.81953,17.15395],[106.81958,17.15279],[106.82069,17.1509],[106.82157,17.15052],[106.82237,17.14924],[106.82408,17.14879],[106.82445,17.14747],[106.82323,17.14589],[106.82442,17.14621],[106.82679,17.14582],[106.83113,17.14372],[106.83092,17.14278],[106.83226,17.14122],[106.83241,17.14043],[106.83359,17.1392],[106.8336,17.13798],[106.83474,17.13655],[106.83381,17.13433],[106.83396,17.13166],[106.83356,17.13058],[106.83376,17.12899],[106.83353,17.12854],[106.83054,17.12711],[106.83047,17.12488],[106.83134,17.12295],[106.82763,17.11867],[106.8288,17.11809],[106.82835,17.11713],[106.82872,17.11551],[106.82697,17.11402],[106.82989,17.10656],[106.81914,17.11297],[106.80938,17.11651],[106.8014,17.11741],[106.7975,17.11892],[106.79255,17.12136],[106.78697,17.12327],[106.78495,17.12123],[106.78379,17.11772],[106.78316,17.11459],[106.78204,17.11372],[106.78083,17.11429],[106.77978,17.11421],[106.77785,17.11292],[106.77514,17.11512],[106.77474,17.11603],[106.77428,17.11614],[106.77265,17.11778],[106.77258,17.11859],[106.77147,17.11941],[106.7701,17.11457],[106.76875,17.11556],[106.76662,17.11627],[106.76342,17.11821],[106.76004,17.11881],[106.75407,17.12072],[106.75498,17.12284],[106.75625,17.12399],[106.75818,17.1245],[106.75809,17.125],[106.75727,17.12582],[106.75627,17.12944],[106.75474,17.13163],[106.75671,17.13224],[106.7573,17.13274],[106.7553,17.13427],[106.75519,17.13625],[106.75763,17.13932],[106.75818,17.14093],[106.75898,17.14212],[106.75893,17.14333],[106.75786,17.14544],[106.75854,17.14673],[106.75592,17.14851],[106.75577,17.14986],[106.75506,17.15105],[106.75296,17.15204],[106.75023,17.1541],[106.74904,17.154419999999998],[106.74454,17.15977],[106.74304,17.16218],[106.7396,17.16932],[106.73825,17.17461],[106.73215,17.17259],[106.73257,17.17151],[106.73253,17.16966],[106.73168,17.16837],[106.73255,17.16763],[106.73263,17.16684],[106.7322,17.16597],[106.73288,17.16371],[106.73044,17.16449],[106.72613,17.16714],[106.72092,17.1688],[106.71883,17.16899],[106.7171,17.16765],[106.71594,17.16465],[106.71398,17.16241],[106.71103,17.15967],[106.70865,17.15803],[106.7082,17.15736],[106.70744,17.15726],[106.70673,17.15796],[106.70584,17.15783],[106.70382,17.15673],[106.69982,17.15662],[106.69964,17.15603],[106.69816,17.15605],[106.69349,17.15724],[106.69298,17.15791],[106.69273,17.15901],[106.69174,17.15964],[106.68989,17.15981],[106.68812,17.15943],[106.68631,17.16002],[106.68574,17.15967],[106.68507,17.15808],[106.68411,17.15735],[106.68388,17.15805],[106.6812,17.1601],[106.68151,17.16124],[106.68231,17.16171],[106.68233,17.16255],[106.68412,17.16414],[106.68406,17.16472],[106.682,17.16738],[106.68205,17.16879],[106.68131,17.17007],[106.68234,17.17073],[106.68329,17.17266],[106.68257,17.17348],[106.68229,17.17602],[106.68037,17.17705],[106.68011,17.17777],[106.67941,17.17821],[106.67904,17.17992],[106.67824,17.18075],[106.67826,17.18142],[106.67688,17.18236],[106.67576,17.18267],[106.67548,17.18373],[106.67576,17.1859],[106.67548,17.18635],[106.67474,17.18662],[106.67366,17.18817],[106.67556,17.18742],[106.67982,17.18407],[106.68151,17.18421],[106.68236,17.18279],[106.68314,17.18218],[106.68464,17.18228],[106.68485,17.18269],[106.68625,17.18317],[106.6865,17.18382],[106.68802,17.18416],[106.68805,17.18356],[106.68895,17.18374],[106.68944,17.18205],[106.6898,17.18214],[106.69007,17.18277],[106.69044,17.18251],[106.69104,17.18316],[106.69172,17.18291],[106.69194,17.18332],[106.69263,17.18302],[106.69352,17.18198],[106.69434,17.18298],[106.69564,17.18349],[106.69554,17.18436],[106.69585,17.18492],[106.69531,17.18515],[106.69534,17.18554],[106.69787,17.18688],[106.69832,17.18861],[106.69961,17.19047],[106.69939,17.19069],[106.69916,17.19021],[106.69873,17.1903],[106.69826,17.19214],[106.69846,17.19246],[106.69889,17.19204],[106.69956,17.19272],[106.69962,17.19305],[106.69928,17.1931],[106.6998,17.19409],[106.69924,17.19457],[106.70023,17.19484],[106.70059,17.19532],[106.70067,17.19595],[106.70017,17.19706],[106.70047,17.19814],[106.69972,17.19883],[106.69887,17.19877],[106.69874,17.19906],[106.69953,17.19963],[106.69913,17.19975],[106.69953,17.20031],[106.70042,17.20034],[106.70124,17.2013],[106.70157,17.20128],[106.70135,17.20189],[106.70184,17.20182],[106.70212,17.20225],[106.70271,17.20234],[106.70296,17.20315],[106.70292,17.20335],[106.70056,17.20307],[106.70276,17.20628],[106.70215,17.20881],[106.7016,17.20977],[106.6989,17.21218],[106.70033,17.21372],[106.70252,17.21444],[106.70416,17.21454],[106.70606,17.21562],[106.70731,17.21545],[106.7079,17.2147],[106.70894,17.21526],[106.71102,17.2153],[106.71128,17.21502],[106.7147,17.21817],[106.71493,17.21914],[106.71565,17.21823],[106.72364,17.22076],[106.72467,17.21859],[106.72544,17.21832],[106.72771,17.21946],[106.75975,17.19834],[106.76398,17.20663],[106.76791,17.20454]]]]}},
{"type":"Feature","id":"19318","properties":{"Ward_Code":"19318","Ward_Code_Num":19318,"Ward":"Kim Ngân","Ward_Alt":"Kim Ngân","Ward_Upper":"KIM NGÂN","Ward_Full":"Xã Kim Ngân","Ward_Full_Alt":"Xã Kim Ngân","Ward_Full_Upper_Alt":"XÃ KIM NGÂN","Ward_Type":"Xã","Province_Code":"44","Province":"Quảng Trị","Province_Upper_Alt":"QUẢNG TRỊ"},"geometry":{"type":"MultiPolygon","coordinates":[[[[106.81596,17.0364],[106.8139,17.03446],[106.81275,17.03487],[106.81143,17.0348],[106.81027,17.03389],[106.8101,17.03286],[106.80951,17.03188],[106.81184,17.0294],[106.8114,17.02912],[106.81069,17.02772],[106.80972,17.02694],[106.80923,17.02436],[106.80819,17.0243],[106.80572,17.02127],[106.80357,17.02052],[106.80316,17.01784],[106.80507,17.01639],[106.80465,17.01388],[106.80658,17.00986],[106.80727,17.00682],[106.80847,17.0048],[106.80825,17.00412],[106.80913,17.00322],[106.80928,17.00225],[106.80887,17.00123],[106.80889,17.00028],[106.80802,16.99966],[106.80813,16.999],[106.80633,16.99797],[106.8058,16.99717],[106.80604,16.99581],[106.80506,16.99497],[106.8051,16.99298],[106.80377,16.99176],[106.80039,16.99131],[106.79754,16.98951],[106.79654,16.98951],[106.79544,16.98858],[106.79468,16.98719],[106.79261,16.98624],[106.78866,16.98623],[106.78637,16.98711],[106.78446,16.98677],[106.78289,16.98514],[106.78217,16.9838],[106.7822,16.98327],[106.78115,16.98213],[106.7809,16.98147],[106.78149,16.97968],[106.78145,16.97852],[106.78076,16.97797],[106.77968,16.97776],[106.77919,16.97662],[106.77941,16.97585],[106.77903,16.97504],[106.77972,16.97342],[106.77982,16.97218],[106.78091,16.97132],[106.78153,16.97023],[106.78152,16.96902],[106.78076,16.96681],[106.77789,16.96417],[106.77598,16.9641],[106.77486,16.96307],[106.77346,16.9629],[106.77258,16.96091],[106.77276,16.95908],[106.77529,16.95748],[106.77742,16.95714],[106.77625,16.95566],[106.77442,16.9544],[106.77505,16.95286],[106.77462,16.95085],[106.77557,16.95044],[106.7753,16.94934],[106.77555,16.94739],[106.77641,16.94608],[106.77369,16.94411],[106.77148,16.94358],[106.771,16.94282],[106.77132,16.94152],[106.77006,16.93961],[106.7714,16.93499],[106.77227,16.93344],[106.77214,16.93047],[106.77077,16.92919],[106.76695,16.92797],[106.7661,16.92694],[106.76313,16.92732],[106.76213,16.92842],[106.75913,16.92866],[106.75727,16.927],[106.75629,16.92504],[106.75331,16.92473],[106.75241,16.92522],[106.7493,16.92528],[106.74674,16.92299],[106.74648,16.92234],[106.7453,16.92249],[106.74352,16.92095],[106.74085,16.92259],[106.7396,16.92518],[106.73839,16.92615],[106.73763,16.9257],[106.73681,16.92638],[106.73566,16.92623],[106.73514,16.9267],[106.73503,16.92743],[106.73331,16.92776],[106.73186,16.92719],[106.73067,16.92731],[106.72995,16.92869],[106.72744,16.92973],[106.72349,16.92988],[106.7215,16.93291],[106.7219,16.93508],[106.72139,16.93604],[106.7198,16.9374],[106.71827,16.93961],[106.71723,16.94032],[106.71715,16.94075],[106.71316,16.94286],[106.71147,16.94337],[106.70802,16.94159],[106.70512,16.94165],[106.70242,16.94112],[106.70193,16.94259],[106.70042,16.94474],[106.6973,16.94661],[106.69612,16.94775],[106.69406,16.95212],[106.69391,16.95427],[106.69331,16.95551],[106.69253,16.95575],[106.69166,16.95547],[106.69017,16.95582],[106.68888,16.95541],[106.6871,16.95644],[106.68545,16.95623],[106.68465,16.9557],[106.68375,16.95394],[106.68254,16.9534],[106.68121,16.952],[106.67768,16.9515],[106.67455,16.94964],[106.67248,16.94897],[106.66988,16.94722],[106.6681,16.94764],[106.6667,16.947],[106.66483,16.94496],[106.66447,16.94238],[106.66333,16.94149],[106.66275,16.93938],[106.66211,16.93874],[106.66201,16.93788],[106.66065,16.93663],[106.65509,16.93677],[106.65061,16.93591],[106.64468,16.93944],[106.64393,16.93866],[106.6429,16.93835],[106.64002,16.93946],[106.6355,16.94],[106.63111,16.94142],[106.62926,16.94122],[106.62683,16.93908],[106.62466,16.93833],[106.62299,16.93832],[106.62217,16.93907],[106.61995,16.93949],[106.61593,16.93849],[106.61426,16.93929],[106.61276,16.93889],[106.61103,16.93947],[106.60729,16.93906],[106.60636,16.94002],[106.60487,16.9407],[106.60349,16.94211],[106.60318,16.94283],[106.60177,16.94389],[106.60165,16.94466],[106.5998,16.94666],[106.59968,16.94973],[106.60024,16.95644],[106.59746,16.95704],[106.59732,16.9578],[106.59619,16.95832],[106.59337,16.95881],[106.59303,16.95971],[106.59308,16.96329],[106.59202,16.96588],[106.59137,16.96714],[106.58973,16.96856],[106.58948,16.96991],[106.58808,16.97068],[106.5868,16.97189],[106.58733,16.9758],[106.58715,16.97753],[106.58981,16.97882],[106.59088,16.97981],[106.59384,16.9814],[106.59417,16.98192],[106.59386,16.98454],[106.59225,16.98748],[106.58794,16.98893],[106.58596,16.99005],[106.57984,16.98905],[106.57704,16.98946],[106.57502,16.98895],[106.57365,16.98937],[106.57109,16.98917],[106.57016,16.98882],[106.56859,16.9891],[106.56459,16.98767],[106.56272,16.98757],[106.56179,16.99068],[106.55953,16.99267],[106.55816,16.99309],[106.55622,16.99308],[106.55451,16.99389],[106.552,16.99416],[106.55113,16.99617],[106.54989,16.99764],[106.55021,17.00772],[106.54778,17.00976],[106.54672,17.00947],[106.54598,17.00831],[106.54487,17.00317],[106.54334,16.9988],[106.54421,16.99764],[106.54364,16.99555],[106.54303,16.99488],[106.53765,16.99357],[106.53688,16.99287],[106.53633,16.99194],[106.53627,16.99067],[106.53475,16.98909],[106.53431,16.98601],[106.53328,16.9842],[106.53313,16.98213],[106.53158,16.97973],[106.53129,16.97831],[106.52901,16.97848],[106.52532,16.97595],[106.52327,16.97549],[106.52198,16.97464],[106.51957,16.97374],[106.51655,16.97187],[106.51459,16.97138],[106.51082,16.97248],[106.50969,16.97329],[106.50853,16.97309],[106.50558,16.97355],[106.50331,16.97738],[106.50147,16.97804],[106.49827,16.98012],[106.49778,16.98017],[106.49731,16.97953],[106.49454,16.97787],[106.49141,16.9809],[106.48805,16.98223],[106.48791,16.98279],[106.48747,16.98299],[106.48569,16.98257],[106.48394,16.98282],[106.48174,16.9823],[106.48092,16.98257],[106.4797,16.98181],[106.47805,16.9814],[106.47711,16.98263],[106.4769,16.98361],[106.4717,16.98306],[106.47085,16.98404],[106.47024,16.98629],[106.46865,16.98584],[106.4672,16.98635],[106.46725,16.9872],[106.46613,16.98793],[106.46539,16.98926],[106.4633,16.98953],[106.46351,16.99065],[106.4626,16.99203],[106.46229,16.99325],[106.46292,16.99698],[106.46276,16.99892],[106.46048,17.00085],[106.45702,17.0007],[106.45612,16.999],[106.45346,16.99802],[106.45036,16.99799],[106.44725,16.99644],[106.4435,16.99581],[106.4405,16.99476],[106.43919,16.99517],[106.43779,16.99638],[106.43645,16.99914],[106.4354,16.99981],[106.43447,17.00234],[106.43376,17.00322],[106.43118,17.0043],[106.4299,17.00448],[106.42878,17.00548],[106.42739,17.00617],[106.42761,17.00841],[106.42825,17.00979],[106.42741,17.0105],[106.42684,17.01238],[106.42695,17.01394],[106.42755,17.01588],[106.42747,17.01912],[106.42665,17.02133],[106.42589,17.02224],[106.42334,17.02964],[106.42355,17.03049],[106.42576,17.03201],[106.42358,17.0323],[106.41918,17.03442],[106.41526,17.03715],[106.41357,17.03918],[106.41186,17.04019],[106.41063,17.0427],[106.40958,17.04324],[106.40607,17.04636],[106.40552,17.04782],[106.40354,17.04963],[106.40287,17.05099],[106.40216,17.05159],[106.40239,17.05373],[106.40307,17.05586],[106.40434,17.05782],[106.4056,17.0591],[106.40547,17.05998],[106.40576,17.06074],[106.40764,17.06341],[106.40994,17.06493],[106.41294,17.0681],[106.41422,17.07184],[106.41391,17.07439],[106.41484,17.07554],[106.41551,17.07728],[106.41619,17.07789],[106.41806,17.0781],[106.41946,17.07695],[106.41972,17.07616],[106.42076,17.07566],[106.42225,17.0738],[106.42443,17.07395],[106.42529999999999,17.07356],[106.42613,17.07371],[106.42791,17.07161],[106.42918,17.07145],[106.4305,17.07074],[106.43385,17.0708],[106.43568,17.07162],[106.43694,17.07129],[106.44037,17.0758],[106.44505,17.07723],[106.4466,17.07913],[106.44715,17.07941],[106.45379,17.07918],[106.45638,17.07866],[106.45868,17.07911],[106.46051,17.07869],[106.46217,17.07875],[106.46392,17.07989],[106.46526,17.07978],[106.4698,17.08333],[106.47152,17.08377],[106.47621,17.0867],[106.47655,17.08745],[106.47964,17.0878],[106.48049,17.08875],[106.48291999999999,17.08923],[106.48382,17.08878],[106.48569,17.08869],[106.4872,17.09022],[106.48823,17.09075],[106.49041,17.09026],[106.4929,17.09121],[106.49396,17.09477],[106.49619,17.09768],[106.49606,17.10119],[106.49714,17.10159],[106.49796,17.10235],[106.49766,17.10536],[106.49809,17.1061],[106.49734,17.10692],[106.4972,17.10899],[106.49785,17.11035],[106.49834,17.11282],[106.49512,17.11685],[106.49755,17.1196],[106.49927,17.11948],[106.50129,17.12043],[106.50283,17.12033],[106.50528,17.12079],[106.50757,17.12037],[106.5093,17.12095],[106.51052,17.12183],[106.51296,17.12115],[106.5219,17.11668],[106.52325,17.11809],[106.5247,17.118],[106.52652,17.11849],[106.52682,17.11943],[106.52665,17.12037],[106.52756,17.12238],[106.52776,17.12684],[106.52892,17.13034],[106.52978,17.13176],[106.52989,17.13308],[106.52941,17.13445],[106.52963,17.13636],[106.52926,17.13706],[106.52977,17.13794],[106.53066,17.13819],[106.53365,17.14206],[106.53612,17.14197],[106.53919,17.14255],[106.54001,17.14325],[106.54086,17.14522],[106.54352,17.14553],[106.54795,17.14788],[106.5507,17.14821],[106.55308,17.14796],[106.55437,17.14738],[106.55632,17.14769],[106.55796,17.14871],[106.55924,17.14887],[106.55997,17.14976],[106.5621,17.15072],[106.56462,17.15253],[106.56568,17.15403],[106.56845,17.1543],[106.57012,17.15375],[106.57259,17.15503],[106.57552,17.15597],[106.57715,17.15546],[106.57876,17.15439],[106.57934,17.1535],[106.58138,17.15375],[106.58443,17.15224],[106.58724,17.15262],[106.58882,17.15128],[106.58999,17.15198],[106.5911,17.15199],[106.5921,17.15415],[106.59134,17.1556],[106.59121,17.15705],[106.59244,17.15779],[106.59327,17.15894],[106.5945,17.16238],[106.59423,17.16488],[106.59324,17.16528],[106.59209,17.16704],[106.59278,17.16862],[106.59198,17.1694],[106.59196,17.17113],[106.59305,17.17277],[106.59708,17.17621],[106.59672,17.17908],[106.59876,17.17901],[106.60039,17.17995],[106.60088,17.18069],[106.60214,17.18089],[106.60319,17.18149],[106.6031,17.18245],[106.60382,17.18347],[106.6039,17.18459],[106.60437,17.18496],[106.60394,17.1862],[106.60323,17.18676],[106.60307,17.1885],[106.6025,17.19003],[106.60348,17.19101],[106.6035,17.19192],[106.60598,17.19443],[106.60552,17.19548],[106.60561,17.19614],[106.60355,17.19833],[106.60388,17.1991],[106.60263,17.19929],[106.6026,17.1999],[106.60141,17.20162],[106.60065,17.20176],[106.59974,17.20395],[106.60008,17.20442],[106.60072,17.20458],[106.60202,17.20378],[106.60273,17.2038],[106.60464,17.20459],[106.60505,17.2053],[106.60688,17.20627],[106.61071,17.2055],[106.61327,17.20586],[106.61461,17.20663],[106.6164,17.21103],[106.61613,17.21193],[106.61708,17.21588],[106.6153,17.21907],[106.61409,17.22],[106.61316,17.22178],[106.61092,17.22414],[106.61304,17.2282],[106.61382,17.23227],[106.61323,17.23511],[106.61158,17.2382],[106.62511,17.24551],[106.62683,17.24701],[106.63526,17.2518],[106.63637,17.25295],[106.63661,17.25277],[106.63616,17.25011],[106.63712,17.24767],[106.64115,17.24285],[106.64266,17.24209],[106.644,17.24066],[106.64488,17.23914],[106.645,17.23796],[106.64555,17.23758],[106.64619,17.23752],[106.65274,17.24694],[106.65431,17.24607],[106.6535,17.24418],[106.65188,17.24268],[106.65137,17.24002],[106.65049,17.23936],[106.65044,17.23688],[106.64984,17.23484],[106.6484,17.23415],[106.65334,17.23364],[106.65808,17.22922],[106.66343,17.22707],[106.66208,17.22489],[106.66219,17.22417],[106.66247,17.22516],[106.66305,17.22505],[106.66331,17.22551],[106.66417,17.22572],[106.66582,17.22442],[106.66701,17.22414],[106.66765,17.22351],[106.66946,17.2231],[106.67088,17.22318],[106.66961,17.2214],[106.67042,17.22127],[106.67287,17.21531],[106.67126,17.21457],[106.6713,17.21087],[106.67099,17.21062],[106.67122,17.20988],[106.67162,17.20969],[106.67357,17.21041],[106.67503,17.21025],[106.67578,17.2076],[106.6765,17.20775],[106.67744,17.20645],[106.6782,17.20645],[106.66807,17.19808],[106.66914,17.19764],[106.66976,17.19679],[106.67124,17.1959],[106.67235,17.19398],[106.67386,17.19325],[106.67387,17.19209],[106.6726,17.19045],[106.67416,17.18736],[106.67576,17.1859],[106.67548,17.18373],[106.67576,17.18267],[106.67688,17.18236],[106.67826,17.18142],[106.67824,17.18075],[106.67904,17.17992],[106.67941,17.17821],[106.68011,17.17777],[106.68037,17.17705],[106.68231,17.17597],[106.68257,17.17348],[106.68329,17.1726],[106.68234,17.17073],[106.68131,17.17007],[106.68205,17.16879],[106.682,17.16738],[106.68406,17.16472],[106.68413,17.16421],[106.68233,17.16255],[106.68231,17.16171],[106.68151,17.16124],[106.68117,17.16021],[106.68388,17.15805],[106.68411,17.15735],[106.68507,17.15808],[106.68574,17.15967],[106.68631,17.16002],[106.68812,17.15943],[106.68989,17.15981],[106.69174,17.15964],[106.69273,17.15901],[106.69298,17.15791],[106.69349,17.15724],[106.69816,17.15605],[106.69964,17.15603],[106.69982,17.15662],[106.70382,17.15673],[106.70584,17.15783],[106.70673,17.15796],[106.70744,17.15726],[106.7082,17.15736],[106.70865,17.15803],[106.71103,17.15967],[106.71398,17.16241],[106.71594,17.16465],[106.71667,17.16694],[106.71739,17.16803],[106.71835,17.16884],[106.71924,17.16905],[106.72092,17.1688],[106.72613,17.16714],[106.73044,17.16449],[106.73288,17.16371],[106.7322,17.16597],[106.73263,17.16684],[106.73255,17.16763],[106.73168,17.16837],[106.73253,17.16966],[106.73257,17.17151],[106.73215,17.17259],[106.73825,17.17461],[106.7396,17.16932],[106.74304,17.16218],[106.74454,17.15977],[106.74904,17.154419999999998],[106.75023,17.1541],[106.75296,17.15204],[106.75506,17.15105],[106.75577,17.14986],[106.75592,17.14851],[106.75854,17.14673],[106.75786,17.14544],[106.75893,17.14333],[106.75898,17.14212],[106.75818,17.14093],[106.75763,17.13932],[106.75519,17.13625],[106.7553,17.13427],[106.7573,17.13274],[106.75671,17.13224],[106.75474,17.13163],[106.75627,17.12944],[106.75727,17.12582],[106.75809,17.125],[106.75818,17.1245],[106.75625,17.12399],[106.75498,17.12284],[106.75407,17.12072],[106.76004,17.11881],[106.76342,17.11821],[106.76662,17.11627],[106.76875,17.11556],[106.7701,17.11457],[106.77147,17.11941],[106.77258,17.11859],[106.77265,17.11778],[106.77428,17.11614],[106.77474,17.11603],[106.77514,17.11512],[106.77785,17.11292],[106.77978,17.11421],[106.78083,17.11429],[106.78204,17.11372],[106.78316,17.11459],[106.78379,17.11772],[106.78495,17.12123],[106.78697,17.12327],[106.79255,17.12136],[106.7975,17.11892],[106.8014,17.11741],[106.80938,17.11651],[106.81914,17.11297],[106.82989,17.10656],[106.85116,17.08039],[106.86109,17.07709],[106.86054,17.07485],[106.85901,17.07412],[106.85878,17.07235],[106.8577,17.07105],[106.85772,17.07068],[106.85841,17.06985],[106.85979,17.06932],[106.86211,17.06749],[106.86338,17.06596],[106.86438,17.06541],[106.86587,17.0628],[106.86778,17.06171],[106.8695,17.06126],[106.87064,17.06032],[106.87271,17.05737],[106.87433,17.05633],[106.8748,17.05568],[106.87471,17.05466],[106.87289,17.05141],[106.87082,17.04931],[106.86957,17.04945],[106.86891,17.04874],[106.86838,17.04675],[106.86838,17.04595],[106.86877,17.04526],[106.86835,17.04432],[106.86616,17.04282],[106.86486,17.04145],[106.86224,17.04066],[106.86234,17.03699],[106.86135,17.03635],[106.85891,17.03588],[106.85578,17.03596],[106.85507,17.03567],[106.85409,17.03595],[106.85281,17.03488],[106.85228,17.03371],[106.85121,17.03263],[106.84987,17.03251],[106.84833,17.03348],[106.84426,17.03468],[106.84336,17.03524],[106.84326,17.03458],[106.83964,17.03529],[106.83772,17.03475],[106.83707,17.0352],[106.83463,17.03376],[106.82233,17.03892],[106.81995,17.04095],[106.81793,17.0405],[106.81585,17.0393],[106.81596,17.0364]]]]}},
{"type":"Feature","id":"19333","properties":{"Ward_Code":"19333","Ward_Code_Num":19333,"Ward":"Đông Hà","Ward_Alt":"Đông Hà","Ward_Upper":"ĐÔNG HÀ","Ward_Full":"Phường Đông Hà","Ward_Full_Alt":"Phường Đông Hà","Ward_Full_Upper_Alt":"PHƯỜNG ĐÔNG HÀ","Ward_Type":"Phường","Province_Code":"44","Province":"Quảng Trị","Province_Upper_Alt":"QUẢNG TRỊ"},"geometry":{"type":"MultiPolygon","coordinates":[[[[107.10604,16.81653],[107.1055,16.81699],[107.10556,16.81648],[107.1047,16.81568],[107.09591,16.81162],[107.09553,16.81108],[107.09578,16.80975],[107.09518,16.80818],[107.09433,16.80797],[107.09356,16.80839],[107.09246,16.81127],[107.09062,16.81113],[107.08958,16.81041],[107.08903,16.81061],[107.087,16.81027],[107.08598,16.80808],[107.08574,16.80089],[107.08624,16.79893],[107.08504,16.79879],[107.08067,16.79587],[107.07914,16.79425],[107.07458,16.79221],[107.07395,16.79142],[107.07378,16.7899],[107.07147,16.78783],[107.06935,16.78744],[107.06628,16.78773],[107.06452,16.78518],[107.06302,16.78181],[107.06115,16.78004],[107.06084,16.7786],[107.06038,16.77806],[107.0607,16.77595],[107.05892,16.77261],[107.0581,16.77227],[107.05773,16.76972],[107.0587,16.76676],[107.06039,16.76624],[107.06145,16.76477],[107.06271,16.76378],[107.06397,16.76377],[107.06526,16.76322],[107.06319,16.76189],[107.06343,16.7612],[107.06518,16.75948],[107.06491,16.75912],[107.06291,16.75887],[107.06289,16.75625],[107.06176,16.75512],[107.06316,16.754],[107.06314,16.75341],[107.06242,16.75288],[107.06266,16.75229],[107.06223,16.75104],[107.0615,16.75124],[107.0604,16.75296],[107.05956,16.75271],[107.05888,16.75149],[107.05632,16.75218],[107.05496,16.75207],[107.05455,16.75174],[107.05292,16.74686],[107.05064,16.74621],[107.04914,16.7465],[107.04582,16.74356],[107.04491,16.74396],[107.0448,16.74512],[107.04434,16.74549],[107.04288,16.74419],[107.04112,16.7438],[107.04049,16.74385],[107.03849,16.74498],[107.03707,16.74531],[107.03626,16.74514],[107.03544,16.74556],[107.0353,16.74712],[107.0341,16.74803],[107.03302,16.74739],[107.03254,16.74566],[107.03197,16.74584],[107.03143,16.74689],[107.03062,16.75136],[107.03,16.75175],[107.02976,16.75281],[107.02875,16.75322],[107.02908,16.75461],[107.02862,16.75519],[107.02844,16.75627],[107.02919,16.75792],[107.03102,16.7606],[107.03091,16.76212],[107.03192,16.76262],[107.0324,16.7642],[107.03359,16.76584],[107.03362,16.76765],[107.03461,16.76904],[107.03436,16.771],[107.035,16.77176],[107.03524,16.77298],[107.03657,16.77505],[107.03888,16.77624],[107.03899,16.77753],[107.04031,16.78026],[107.04224,16.78261],[107.04387,16.78389],[107.04654,16.78422],[107.04779,16.78479],[107.04976,16.78511],[107.05434,16.78472],[107.05568,16.7854],[107.05306,16.79129],[107.0537,16.79271],[107.0557,16.79486],[107.05628,16.79677],[107.04823,16.79764],[107.0484,16.79978],[107.04928,16.80104],[107.04906,16.80146],[107.04845,16.8016],[107.0482,16.80216],[107.04851,16.8045],[107.04809,16.8057],[107.04825,16.80619],[107.05367,16.8079],[107.05895,16.81247],[107.06136,16.81516],[107.06008,16.81692],[107.05799,16.82273],[107.05909,16.82376],[107.05974,16.82305],[107.06076,16.8232],[107.0614,16.82265],[107.0612,16.82777],[107.0617,16.82812],[107.0609,16.82905],[107.06039,16.82914],[107.0601,16.82998],[107.06164,16.8312],[107.06274,16.83145],[107.06422,16.83159],[107.06599,16.83129],[107.06659,16.8315],[107.06764,16.83091],[107.07035,16.8317],[107.07248,16.83162],[107.0754,16.83338],[107.0762,16.83317],[107.07668,16.83252],[107.07835,16.83231],[107.0796,16.83415],[107.08059,16.83425],[107.08195,16.83505],[107.08402,16.83524],[107.08572,16.83667],[107.08677,16.83669],[107.08774,16.8381],[107.08901,16.8384],[107.0887,16.8392],[107.08907,16.83953],[107.08926,16.8412],[107.09006,16.84169],[107.0908,16.84138],[107.09214,16.84175],[107.09214,16.84288],[107.09298,16.84385],[107.09438,16.84436],[107.09804,16.84665],[107.09989,16.84742],[107.1012,16.84704],[107.10152,16.84721],[107.10163,16.84928],[107.10385,16.85005],[107.10305,16.86018],[107.10373,16.86033],[107.10402,16.86073],[107.10393,16.86152],[107.10444,16.86173],[107.10613,16.86153],[107.10703,16.86076],[107.10716,16.86096],[107.10663,16.8616],[107.10696,16.86205],[107.1078,16.85996],[107.1083,16.85944],[107.10866,16.85944],[107.11092,16.86124],[107.11168,16.8611],[107.11245,16.86027],[107.11247,16.8592],[107.1121,16.85857],[107.11063,16.85833],[107.10982,16.85773],[107.10814,16.85721],[107.10765,16.85663],[107.10828,16.8551],[107.10916,16.85102],[107.10987,16.84978],[107.1107,16.84921],[107.11168,16.84927],[107.11325,16.85172],[107.11407,16.85204],[107.11488,16.85186],[107.11586,16.85099],[107.11679,16.8472],[107.11776,16.84507],[107.11894,16.84446],[107.12016,16.84441],[107.12486,16.84688],[107.12566,16.84224],[107.12356,16.83851],[107.12239,16.8373],[107.11958,16.83589],[107.1175,16.83534],[107.11506,16.83534],[107.11326,16.83626],[107.11135,16.83673],[107.1105,16.83668],[107.10908,16.83594],[107.10635,16.83345],[107.10385,16.8293],[107.10224,16.82794],[107.10104,16.82626],[107.09998,16.82569],[107.10107,16.82336],[107.10808,16.81713],[107.10662,16.81603],[107.10604,16.81653]]]]}},
{"type":"Feature","id":"19351","properties":{"Ward_Code":"19351","Ward_Code_Num":19351,"Ward":"Nam Đông Hà","Ward_Alt":"Nam Đông Hà","Ward_Upper":"NAM ĐÔNG HÀ","Ward_Full":"Phường Nam Đông Hà","Ward_Full_Alt":"Phường Nam Đông Hà","Ward_Full_Upper_Alt":"PHƯỜNG NAM ĐÔNG HÀ","Ward_Type":"Phường","Province_Code":"44","Province":"Quảng Trị","Province_Upper_Alt":"QUẢNG TRỊ"},"geometry":{"type":"MultiPolygon","coordinates":[[[[107.12806,16.83451],[107.12804,16.83218],[107.12962,16.8291],[107.13605,16.82298],[107.13898,16.82079],[107.1403,16.81851],[107.14391,16.80924],[107.14511,16.80788],[107.14672,16.80687],[107.14728,16.80555],[107.14854,16.80432],[107.14848,16.80361],[107.14733,16.80315],[107.14518,16.80327],[107.14357,16.80295],[107.1408,16.80044],[107.13911,16.79935],[107.13368,16.79816],[107.13224,16.79548],[107.12861,16.79279],[107.12724,16.79104],[107.12592,16.78825],[107.12607,16.78603],[107.12472,16.78377],[107.12389,16.78162],[107.12166,16.77886],[107.12005,16.77773],[107.11854,16.7772],[107.11694,16.77719],[107.1156,16.77664],[107.10985,16.77291],[107.10818,16.77258],[107.10728,16.773],[107.10654,16.77403],[107.10612,16.77662],[107.10426,16.77741],[107.10072,16.77696],[107.09939,16.77643],[107.09901,16.77595],[107.09916,16.77321],[107.09742,16.77296],[107.09688,16.77431],[107.09705,16.77776],[107.0958,16.77848],[107.09373,16.77798],[107.09342,16.77829],[107.09318,16.78077],[107.09281,16.78128],[107.09211,16.78143],[107.09151,16.78123],[107.09069,16.77992],[107.08933,16.77874],[107.08833,16.7787],[107.08715,16.77958],[107.08634,16.77975],[107.08552,16.77869],[107.08469,16.77818],[107.0819,16.77772],[107.0814,16.7763],[107.08084,16.77573],[107.08098,16.77478],[107.08048,16.77384],[107.07872,16.77453],[107.07565,16.77344],[107.07436,16.77355],[107.07325,16.77246],[107.0715,16.77192],[107.07116,16.77132],[107.07124,16.77075],[107.07274,16.77062],[107.07324,16.77022],[107.07316,16.7679],[107.07205,16.76622],[107.07345,16.76487],[107.07317,16.76342],[107.07264,16.76354],[107.07029,16.7656],[107.06953,16.76575],[107.06868,16.76534],[107.06898,16.76441],[107.06885,16.76373],[107.06661,16.76488],[107.06526,16.76322],[107.06397,16.76377],[107.06282,16.76374],[107.0618,16.7644],[107.06039,16.76624],[107.0587,16.76676],[107.05773,16.7696],[107.0581,16.77227],[107.05892,16.77261],[107.0607,16.77595],[107.06038,16.77806],[107.06084,16.7786],[107.06115,16.78004],[107.06302,16.78181],[107.06452,16.78518],[107.06619,16.78766],[107.06935,16.78744],[107.07147,16.78783],[107.07378,16.7899],[107.07395,16.79142],[107.07458,16.79221],[107.07914,16.79425],[107.08067,16.79587],[107.08504,16.79879],[107.08624,16.79893],[107.08574,16.80089],[107.08598,16.80808],[107.087,16.81027],[107.08903,16.81061],[107.08958,16.81041],[107.09062,16.81113],[107.09246,16.81127],[107.09356,16.80839],[107.09433,16.80797],[107.09518,16.80818],[107.09578,16.80975],[107.09553,16.81108],[107.09591,16.81162],[107.1047,16.81568],[107.10556,16.81648],[107.1055,16.81699],[107.10662,16.81603],[107.10804,16.81707],[107.10107,16.82336],[107.09998,16.82569],[107.10104,16.82626],[107.10212,16.82781],[107.10407,16.82956],[107.10667,16.83379],[107.10908,16.83594],[107.1105,16.83668],[107.11233,16.83657],[107.11506,16.83534],[107.11623,16.83526],[107.11867,16.83562],[107.1209,16.8364],[107.12239,16.8373],[107.12356,16.83851],[107.12566,16.84224],[107.12784,16.83666],[107.12806,16.83451]]]]}},
{"type":"Feature","id":"19360","properties":{"Ward_Code":"19360","Ward_Code_Num":19360,"Ward":"Quảng Trị","Ward_Alt":"Quảng Trị","Ward_Upper":"QUẢNG TRỊ","Ward_Full":"Phường Quảng Trị","Ward_Full_Alt":"Phường Quảng Trị","Ward_Full_Upper_Alt":"PHƯỜNG QUẢNG TRỊ","Ward_Type":"Phường","Province_Code":"44","Province":"Quảng Trị","Province_Upper_Alt":"QUẢNG TRỊ"},"geometry":{"type":"MultiPolygon","coordinates":[[[[107.15901,16.72751],[107.16006,16.7286],[107.16182,16.72891],[107.16101,16.73088],[107.16192,16.7311],[107.16189,16.73178],[107.16351,16.73317],[107.16616,16.73251],[107.1691,16.7329],[107.17014,16.73265],[107.17285,16.73422],[107.17389,16.73333],[107.17561,16.73553],[107.17749,16.74427],[107.17744,16.7466],[107.17622,16.75025],[107.17611,16.75259],[107.17738,16.75503],[107.1785,16.75483],[107.18037,16.75876],[107.18106,16.75894],[107.18213,16.75843],[107.1826,16.75903],[107.1863,16.75757],[107.18698,16.7589],[107.18791,16.75816],[107.19009,16.75741],[107.19024,16.75796],[107.19086,16.75828],[107.19177,16.75808],[107.19173,16.75776],[107.19288,16.75762],[107.19306,16.75821],[107.1928,16.75898],[107.19408,16.75925],[107.19453,16.75803],[107.19367,16.75742],[107.19411,16.75675],[107.19915,16.75997],[107.2012,16.75887],[107.2029,16.7586],[107.20393,16.75642],[107.20186,16.75593],[107.20246,16.75465],[107.20022,16.75307],[107.19831,16.75249],[107.19782,16.75191],[107.19884,16.74853],[107.19656,16.73956],[107.19394,16.74095],[107.19193,16.7412],[107.19179,16.73847],[107.191,16.73732],[107.19086,16.73332],[107.19253,16.72732],[107.19065,16.7261],[107.19051,16.72502],[107.19163,16.72504],[107.1911,16.72458],[107.19153,16.72391],[107.19224,16.72361],[107.19234,16.72238],[107.19118,16.72091],[107.19073,16.71759],[107.18899,16.717],[107.1895,16.71366],[107.18796,16.71279],[107.18752,16.71218],[107.1869,16.70979],[107.18565,16.70934],[107.18427,16.70954],[107.18353,16.70843],[107.18217,16.70724],[107.18223,16.70627],[107.18137,16.70582],[107.18081,16.70654],[107.17969,16.70606],[107.17868,16.70453],[107.18022,16.70229],[107.17995,16.70054],[107.18325,16.69908],[107.18427,16.69562],[107.18485,16.69514],[107.18523,16.69412],[107.18482,16.69307],[107.18454,16.68952],[107.18559,16.68823],[107.1858,16.68719],[107.18434,16.68505],[107.18404,16.68402],[107.18502,16.68292],[107.18544,16.68073],[107.1839,16.67928],[107.18297,16.67915],[107.18222,16.67849],[107.17974,16.67792],[107.17937,16.67732],[107.17949,16.67606],[107.18166,16.67501],[107.18178,16.67354],[107.18151,16.67252],[107.18084,16.67211],[107.18021,16.6706],[107.18069,16.66903],[107.17984,16.66838],[107.17775,16.66553],[107.17773,16.66439],[107.17814,16.6632],[107.1772,16.66014],[107.1758,16.65847],[107.17588,16.65767],[107.17518,16.65682],[107.1754,16.656],[107.17517,16.65541],[107.17465,16.65473],[107.17262,16.65423],[107.17073,16.65288],[107.17009,16.65114],[107.16898,16.6496],[107.16828,16.64634],[107.16788,16.64594],[107.16829,16.64519],[107.16742,16.64419],[107.16887,16.64229],[107.16847,16.64012],[107.16529,16.63904],[107.16316,16.63935],[107.1619,16.6404],[107.16065,16.64081],[107.15907,16.6409],[107.15684,16.64047],[107.15589,16.64102],[107.15435,16.641],[107.15333,16.64143],[107.152,16.64087],[107.1509,16.63952],[107.14828,16.6384],[107.14757,16.63733],[107.14649,16.63749],[107.14335,16.63599],[107.14315,16.635],[107.14133,16.6358],[107.13923,16.63769],[107.13848,16.63783],[107.13784,16.63691],[107.13611,16.63607],[107.13302,16.63722],[107.13223,16.63724],[107.12725,16.63542],[107.12639,16.63439],[107.12252,16.63632],[107.12094,16.63653],[107.12045,16.63749],[107.11595,16.637],[107.11424,16.63649],[107.11291,16.63645],[107.11199,16.63703],[107.11086,16.63536],[107.11019,16.63513],[107.11035,16.63461],[107.10935,16.63385],[107.10841,16.63207],[107.10747,16.6317],[107.10628,16.63217],[107.10439,16.63192],[107.10403,16.63238],[107.10238,16.63312],[107.10069,16.63505],[107.09994,16.635],[107.09872,16.63573],[107.09754,16.63438],[107.09535,16.63311],[107.09284,16.6336],[107.09055,16.63242],[107.08771,16.63276],[107.08688,16.63227],[107.08678,16.63102],[107.08592,16.62944],[107.085,16.62867],[107.08225,16.6286],[107.08182,16.6282],[107.07787,16.6286],[107.07779,16.62944],[107.07697,16.63105],[107.07808,16.63317],[107.0761,16.63429],[107.07481,16.63659],[107.0737,16.63785],[107.07302,16.63785],[107.07342,16.63824],[107.0734,16.63887],[107.07446,16.63942],[107.07328,16.64035],[107.07374,16.64059],[107.07282,16.64069],[107.07288,16.64127],[107.07229,16.64162],[107.07319,16.64249],[107.0745,16.64477],[107.0745,16.64634],[107.07317,16.64676],[107.07064,16.64615],[107.06826,16.64655],[107.06758,16.647],[107.06717,16.64753],[107.0672,16.649],[107.06845,16.65106],[107.0695,16.6521],[107.07057,16.6524],[107.07286,16.65214],[107.07907,16.65238],[107.08176,16.65575],[107.08244,16.65609],[107.08321,16.6561],[107.08685,16.654419999999998],[107.08825,16.65449],[107.08883,16.65485],[107.08972,16.65636],[107.09141,16.66274],[107.09185,16.66358],[107.09302,16.6644],[107.09452,16.66437],[107.09909,16.66084],[107.1014,16.65959],[107.10218,16.65972],[107.10284,16.66046],[107.10387,16.66526],[107.10468,16.6659],[107.10562,16.66573],[107.10778,16.66426],[107.10999,16.66354],[107.11203,16.66354],[107.11318,16.66425],[107.11775,16.67143],[107.11892,16.67456],[107.1192,16.67769],[107.11888,16.68149],[107.11705,16.6852],[107.11708,16.68644],[107.11799,16.68774],[107.12282,16.69093],[107.12772,16.69354],[107.13374,16.69833],[107.13594,16.70059],[107.137,16.70119],[107.13904,16.70142],[107.14357,16.70022],[107.14555,16.70041],[107.14735,16.70165],[107.14839,16.70371],[107.14994,16.70474],[107.16178,16.70745],[107.16348,16.7082],[107.16483,16.70939],[107.16774,16.71632],[107.16866,16.72366],[107.17017,16.7266],[107.16907,16.7275],[107.16958,16.72808],[107.16914,16.72844],[107.16941,16.72931],[107.16886,16.72965],[107.1682,16.72887],[107.16731,16.72933],[107.16811,16.73004],[107.16752,16.73058],[107.16524,16.72957],[107.16576,16.72591],[107.16438,16.72466],[107.1631,16.72413],[107.16141,16.72289],[107.16016,16.72255],[107.15872,16.72642],[107.15901,16.72751]]]]}},
{"type":"Feature","id":"19363","properties":{"Ward_Code":"19363","Ward_Code_Num":19363,"Ward":"Vĩnh Linh","Ward_Alt":"Vĩnh Linh","Ward_Upper":"VĨNH LINH","Ward_Full":"Xã Vĩnh Linh","Ward_Full_Alt":"Xã Vĩnh Linh","Ward_Full_Upper_Alt":"XÃ VĨNH LINH","Ward_Type":"Xã","Province_Code":"44","Province":"Quảng Trị","Province_Upper_Alt":"QUẢNG TRỊ"},"geometry":{"type":"MultiPolygon","coordinates":[[[[106.91073,17.05096],[106.91345,17.05287],[106.91812,17.05163],[106.92335,17.05325],[106.92684,17.05497],[106.92656,17.05637],[106.92763,17.06048],[106.92564,17.06034],[106.92257,17.05744],[106.92188,17.05714],[106.91972,17.0572],[106.91908,17.05763],[106.91892,17.05814],[106.91979,17.05898],[106.91992,17.0603],[106.91942,17.06129],[106.91825,17.06226],[106.90409,17.06462],[106.90014,17.06622],[106.89747,17.06684],[106.89619,17.06812],[106.89705,17.07015],[106.89654,17.0714],[106.89554,17.07241],[106.89288,17.07352],[106.89243,17.07325],[106.89224,17.07202],[106.89147,17.07196],[106.89137,17.07242],[106.88988,17.07242],[106.88861,17.07164],[106.88768,17.0721],[106.88759,17.07279],[106.88592,17.0744],[106.88506,17.07459],[106.88407,17.07395],[106.88346,17.07431],[106.88242,17.07434],[106.88202,17.07488],[106.88121,17.07452],[106.88047,17.07514],[106.87975,17.07492],[106.87834,17.07566],[106.87834,17.0764],[106.87808,17.07654],[106.87709,17.07585],[106.87639,17.07602],[106.87591,17.07666],[106.87526,17.07658],[106.87407,17.07753],[106.87391,17.0781],[106.87285,17.07876],[106.87249,17.0796],[106.87192,17.07973],[106.87163,17.07947],[106.87126,17.07997],[106.87021,17.08033],[106.86883,17.08036],[106.86774,17.08121],[106.88301,17.08244],[106.88835,17.0899],[106.88937,17.09013],[106.89117,17.09124],[106.89332,17.08935],[106.89402,17.08942],[106.89999,17.0932],[106.90117,17.09543],[106.90256,17.09557],[106.90312,17.09547],[106.90376,17.09466],[106.90474,17.09481],[106.90581,17.09638],[106.91024,17.0991],[106.91136,17.1003],[106.91387,17.1021],[106.92082,17.10603],[106.92283,17.10677],[106.9239,17.10848],[106.92718,17.10846],[106.94901,17.11978],[106.95101,17.11912],[106.95368,17.11989],[106.95416,17.12099],[106.95388,17.12386],[106.95685,17.1262],[106.95759,17.12798],[106.96226,17.13097],[106.96448,17.13403],[106.9654,17.13456],[106.96582,17.13573],[106.96655,17.1361],[106.96744,17.13734],[106.96805,17.13693],[106.969,17.13786],[106.97197,17.13723],[106.97759,17.131],[106.98556,17.12541],[106.98566,17.12323],[106.98863,17.11521],[106.9881,17.1088],[106.97943,17.09896],[106.99706,17.07493],[106.99877,17.07607],[106.99727,17.07744],[106.99677,17.07943],[106.99724,17.08028],[106.99842,17.08125],[107.00234,17.08314],[107.00425,17.08237],[107.00572,17.08135],[107.00864,17.08116],[107.00926,17.08137],[107.01166,17.08031],[107.01277,17.08156],[107.0145,17.08157],[107.01652,17.08092],[107.01498,17.07559],[107.01935,17.07656],[107.0206,17.07347],[107.02128,17.07353],[107.0222,17.07229],[107.02284,17.07043],[107.02436,17.06994],[107.02471,17.06626],[107.02265,17.0651],[107.02624,17.06051],[107.02704,17.06038],[107.03069,17.05477],[107.0328,17.05772],[107.03401,17.05698],[107.03581,17.0574],[107.03583,17.05663],[107.03633,17.05599],[107.03377,17.05593],[107.03316,17.0552],[107.03301,17.05355],[107.03212,17.053],[107.032,17.0515],[107.03029,17.05105],[107.02993,17.05007],[107.0304,17.04887],[107.02842,17.04661],[107.02822,17.04495],[107.02874,17.04435],[107.02823,17.04182],[107.02561,17.03646],[107.01904,17.03957],[107.01271,17.04402],[107.01023,17.0451],[107.00503,17.04361],[107.00326,17.04346],[107.00191,17.0438],[106.99854,17.04571],[106.99479,17.04679],[106.99214,17.04525],[106.98699,17.04384],[106.98496,17.04563],[106.98284,17.04688],[106.97982,17.04774],[106.97609,17.0494],[106.97425,17.0509],[106.97207,17.05359],[106.97043,17.05413],[106.96966,17.05384],[106.9658,17.05078],[106.96459,17.05033],[106.9634,17.05047],[106.96054,17.05181],[106.95732,17.05169],[106.95202,17.04775],[106.94485,17.04578],[106.94316,17.045],[106.93885,17.04492],[106.93844,17.04639],[106.93802,17.04659],[106.93489,17.0461],[106.93418,17.04562],[106.93306,17.04393],[106.93109,17.04282],[106.92892,17.04097],[106.92572,17.03549],[106.92322,17.03502],[106.92024,17.03569],[106.91833,17.03484],[106.91588,17.03286],[106.91497,17.03293],[106.91469,17.03366],[106.91409,17.03397],[106.91383,17.03322],[106.91422,17.03246],[106.91364,17.03227],[106.91369,17.03164],[106.91303,17.03114],[106.91258,17.0313],[106.91204,17.030639999999998],[106.91172,17.03119],[106.91119,17.03096],[106.91054,17.03142],[106.9106,17.03086],[106.90992,17.03036],[106.90855,17.03062],[106.90702,17.03044],[106.9051,17.03185],[106.90617,17.03216],[106.90564,17.03262],[106.90542,17.03338],[106.9047,17.03308],[106.90394,17.03335],[106.90391,17.03451],[106.90357,17.0347],[106.90408,17.0349],[106.90362,17.03553],[106.9026,17.03525],[106.90262,17.03563],[106.90198,17.0356],[106.90197,17.03659],[106.90014,17.0379],[106.89996,17.0384],[106.90462,17.04333],[106.90682,17.04477],[106.90672,17.0458],[106.90731,17.04723],[106.91008,17.04989],[106.91073,17.05096]]]]}},
{"type":"Feature","id":"19366","properties":{"Ward_Code":"19366","Ward_Code_Num":19366,"Ward":"Bến Quan","Ward_Alt":"Bến Quan","Ward_Upper":"BẾN QUAN","Ward_Full":"Xã Bến Quan","Ward_Full_Alt":"Xã Bến Quan","Ward_Full_Upper_Alt":"XÃ BẾN QUAN","Ward_Type":"Xã","Province_Code":"44","Province":"Quảng Trị","Province_Upper_Alt":"QUẢNG TRỊ"},"geometry":{"type":"MultiPolygon","coordinates":[[[[106.91073,17.05096],[106.91008,17.04989],[106.90731,17.04723],[106.90672,17.0458],[106.90682,17.04477],[106.90462,17.04333],[106.89996,17.0384],[106.90014,17.0379],[106.90197,17.03659],[106.90198,17.0356],[106.90262,17.03563],[106.9026,17.03525],[106.90362,17.03553],[106.90408,17.0349],[106.90357,17.0347],[106.90391,17.03451],[106.90394,17.03335],[106.9047,17.03308],[106.90542,17.03338],[106.90564,17.03262],[106.90617,17.03216],[106.9051,17.03185],[106.90702,17.03044],[106.90855,17.03062],[106.90992,17.03036],[106.9106,17.03086],[106.91054,17.03142],[106.91119,17.03096],[106.91172,17.03119],[106.91204,17.030639999999998],[106.91258,17.0313],[106.91303,17.03114],[106.91369,17.03164],[106.91364,17.03227],[106.91422,17.03246],[106.91383,17.03322],[106.91409,17.03397],[106.91469,17.03366],[106.91497,17.03293],[106.91588,17.03286],[106.91833,17.03484],[106.92024,17.03569],[106.92322,17.03502],[106.92572,17.03549],[106.92892,17.04097],[106.93109,17.04282],[106.93306,17.04393],[106.93418,17.04562],[106.93489,17.0461],[106.93802,17.04659],[106.93844,17.04639],[106.93876,17.04495],[106.9427,17.04494],[106.94276,17.04421],[106.94229,17.04306],[106.93958,17.04075],[106.93948,17.03861],[106.93849,17.0381],[106.93753,17.03831],[106.93663,17.0374],[106.93667,17.037],[106.93577,17.03561],[106.93398,17.03483],[106.93165,17.03306],[106.93147,17.03086],[106.93032,17.02871],[106.93029,17.0275],[106.92941,17.02521],[106.92794,17.02291],[106.92639,17.02189],[106.92468,17.01868],[106.92447,17.01785],[106.92485,17.01557],[106.9235,17.0139],[106.92362,17.01275],[106.9254,17.00891],[106.92486,17.00825],[106.9223,17.00667],[106.92159,17.00516],[106.92205,17.00404],[106.92363,17.0043],[106.92345,17.00512],[106.92372,17.00532],[106.92298,17.00574],[106.9233,17.00596],[106.92322,17.00664],[106.9245,17.00649],[106.92477,17.00715],[106.9252,17.00698],[106.92552,17.00752],[106.92608,17.00768],[106.92655,17.00728],[106.92679,17.00622],[106.92836,17.01002],[106.92963,17.0101],[106.9292,17.0089],[106.92934,17.00855],[106.93015,17.00959],[106.92995,17.01004],[106.93032,17.01031],[106.93022,17.01079],[106.93086,17.01113],[106.93139,17.01098],[106.93105,17.01157],[106.93076,17.01149],[106.93065,17.01205],[106.93144,17.0126],[106.93163,17.0131],[106.93216,17.0131],[106.93253,17.01246],[106.93308,17.01228],[106.93309,17.0113],[106.93416,17.01109],[106.9336,17.01187],[106.93388,17.0128],[106.93347,17.01351],[106.93441,17.01391],[106.93464,17.01443],[106.93509,17.01437],[106.93593,17.01302],[106.93602,17.01511],[106.93678,17.01563],[106.93725,17.0156],[106.93763,17.01491],[106.93825,17.01465],[106.93827,17.0159],[106.93948,17.01643],[106.94022,17.01755],[106.9407,17.01751],[106.94079,17.01723],[106.94009,17.01673],[106.94002,17.01573],[106.93911,17.01394],[106.93785,17.01329],[106.93737,17.01376],[106.93719,17.01279],[106.93653,17.01209],[106.93472,17.01128],[106.93715,17.01147],[106.93713,17.01093],[106.93649,17.01084],[106.93685,17.01027],[106.93657,17.00961],[106.93585,17.00983],[106.93601,17.00926],[106.93559,17.00883],[106.93317,17.00907],[106.93234,17.00882],[106.93247,17.00773],[106.93306,17.00858],[106.93381,17.00847],[106.9339,17.00813],[106.93442,17.00827],[106.93459,17.00739],[106.9342,17.0067],[106.93499,17.00706],[106.93507,17.00811],[106.93634,17.00826],[106.93671,17.008],[106.93739,17.00859],[106.93776,17.00786],[106.93831,17.00777],[106.93814,17.00747],[106.9372,17.00746],[106.9363,17.00699],[106.93678,17.00519],[106.93578,17.00524],[106.93396,17.00472],[106.93324,17.00488],[106.93312,17.00543],[106.93267,17.00499],[106.93163,17.00552],[106.93321,17.00387],[106.93289,17.00348],[106.93097,17.00317],[106.93096,17.00271],[106.93263,17.00258],[106.93307,17.00224],[106.93489,16.99926],[106.93486,16.99877],[106.93362,16.99839],[106.93278,16.9976],[106.93115,16.99477],[106.93043,16.99448],[106.93024,16.99373],[106.9296,16.99328],[106.92992,16.99258],[106.93008,16.98964],[106.93072,16.98874],[106.93055,16.98823],[106.9313,16.98728],[106.93113,16.98593],[106.93048,16.9861],[106.9302,16.98584],[106.93032,16.98515],[106.92954,16.98478],[106.9295,16.98392],[106.92888,16.98384],[106.92791,16.983],[106.92742,16.9829],[106.92701,16.98322],[106.92626,16.98206],[106.92551,16.98196],[106.92548,16.98131],[106.9245,16.98102],[106.92418,16.97998],[106.92361,16.98057],[106.92371,16.98119],[106.92204,16.98037],[106.92202,16.97818],[106.9227,16.97765],[106.9221,16.97684],[106.92225,16.9762],[106.92146,16.97674],[106.92037,16.97647],[106.91972,16.97508],[106.92038,16.97352],[106.91812,16.97216],[106.91818,16.97021],[106.91968,16.96837],[106.92372,16.96798],[106.92475,16.96723],[106.92421,16.96571],[106.92437,16.96459],[106.92513,16.96381],[106.92757,16.9633],[106.92894,16.96162],[106.92928,16.96037],[106.93123,16.95731],[106.93067,16.95667],[106.93105,16.9563],[106.93148,16.95439],[106.93308,16.953],[106.93369,16.95173],[106.9343,16.95124],[106.93546,16.95139],[106.93708,16.95218],[106.93906,16.95223],[106.94105,16.95301],[106.94342,16.95101],[106.94296,16.9495],[106.94324,16.94862],[106.94618,16.94878],[106.9458,16.94683],[106.94456,16.9456],[106.94214,16.94564],[106.942,16.94435],[106.94267,16.94395],[106.94696,16.94392],[106.94705,16.94165],[106.94659,16.94113],[106.9448,16.94031],[106.94452,16.93862],[106.9456,16.93752],[106.94616,16.93735],[106.94777,16.93887],[106.94823,16.93894],[106.9494,16.93795],[106.94969,16.93713],[106.94676,16.93386],[106.94594,16.93362],[106.94385,16.93384],[106.94269,16.9325],[106.94266,16.93187],[106.94405,16.93116],[106.94428,16.93006],[106.94287,16.9276],[106.94069,16.92572],[106.94032,16.92322],[106.93907,16.92326],[106.93521,16.92434],[106.93418,16.92667],[106.93351,16.927],[106.93259,16.92647],[106.93184,16.92487],[106.93053,16.92376],[106.9298,16.92401],[106.92845,16.92356],[106.92686,16.92478],[106.92516,16.92555],[106.92438,16.92544],[106.92233,16.92389],[106.9206,16.92377],[106.92055,16.92258],[106.9211,16.92123],[106.92075,16.92077],[106.91895,16.92131],[106.91855,16.92196],[106.9186,16.92318],[106.91654,16.92407],[106.91492,16.92229],[106.91468,16.92147],[106.91503,16.91997],[106.91107,16.91867],[106.90647,16.91843],[106.90595,16.91762],[106.90613,16.91565],[106.90544,16.91465],[106.89975,16.91514],[106.89883,16.91509],[106.89818,16.9146],[106.89798,16.91376],[106.89973,16.91231],[106.89997,16.91129],[106.89964,16.91008],[106.89786,16.9076],[106.89633,16.90782],[106.8949,16.90983],[106.89311,16.9098],[106.89154,16.91164],[106.88877,16.91144],[106.88787,16.91004],[106.88655,16.90937],[106.88501,16.90695],[106.88474,16.906],[106.88559,16.90437],[106.88328,16.90346],[106.88239,16.90366],[106.88255,16.90586],[106.8821,16.90647],[106.88157,16.90646],[106.87937,16.90512],[106.87889,16.90518],[106.87768,16.90617],[106.87596,16.90619],[106.87605,16.90729],[106.87567,16.90812],[106.87411,16.90903],[106.87277,16.9092],[106.87244,16.9106],[106.8728,16.91232],[106.8727,16.91358],[106.87202,16.91467],[106.87089,16.91488],[106.87043,16.91418],[106.87072,16.912],[106.86915,16.90991],[106.86856,16.90993],[106.86849,16.91092],[106.86778,16.91202],[106.86722,16.91177],[106.86671,16.91072],[106.86569,16.91066],[106.86502,16.9102],[106.8644,16.91026],[106.86327,16.91116],[106.8625,16.91096],[106.86223,16.91024],[106.86283,16.90889],[106.86394,16.9087],[106.86438,16.90806],[106.86406,16.9076],[106.862,16.9078],[106.86101,16.90753],[106.86073,16.90607],[106.85954,16.9064],[106.85908,16.90818],[106.85738,16.90881],[106.85627,16.90855],[106.85645,16.90788],[106.85778,16.90626],[106.8573,16.90566],[106.85543,16.90572],[106.85355,16.90673],[106.85256,16.90687],[106.8529,16.90544],[106.85107,16.90366],[106.85014,16.90317],[106.84938,16.90331],[106.84881,16.90435],[106.84696,16.90441],[106.84554,16.90541],[106.84502,16.90535],[106.8447,16.90472],[106.8454,16.9038],[106.84563,16.90286],[106.84474,16.90214],[106.8431,16.90211],[106.84195,16.90336],[106.84119,16.90345],[106.83891,16.90223],[106.8372,16.90264],[106.83679,16.90134],[106.83556,16.89938],[106.83064,16.90056],[106.8299,16.90036],[106.83005,16.89898],[106.8321,16.89806],[106.8327,16.89725],[106.8312,16.89646],[106.82953,16.89797],[106.82886,16.89747],[106.82833,16.89592],[106.82786,16.89575],[106.8274,16.89616],[106.82714,16.89884],[106.82669,16.89941],[106.82565,16.89959],[106.82418,16.89803],[106.82304,16.899],[106.82174,16.89878],[106.82147,16.89862],[106.82221,16.89496],[106.82205,16.89466],[106.82033,16.89445],[106.81997,16.89488],[106.82033,16.8956],[106.82018,16.8966],[106.81885,16.89697],[106.81808,16.89636],[106.81838,16.89479],[106.81819,16.8936],[106.81751,16.89318],[106.81682,16.8932],[106.81609,16.89424],[106.81425,16.89557],[106.81346,16.89495],[106.81394,16.89395],[106.81361,16.89354],[106.81248,16.89351],[106.81102,16.894],[106.81075,16.8921],[106.80948,16.89002],[106.80852,16.889],[106.80797,16.88885],[106.8071,16.88914],[106.80483,16.89142],[106.80544,16.89297],[106.80527,16.89373],[106.80459,16.89432],[106.80086,16.89507],[106.7989,16.8949],[106.79836,16.8947],[106.79824,16.8943],[106.79934,16.89264],[106.79707,16.89151],[106.79541999999999,16.89123],[106.79431,16.89125],[106.79333,16.89179],[106.79313,16.89394],[106.79195,16.89402],[106.79069,16.89342],[106.79074,16.89262],[106.79016,16.89193],[106.78897,16.8916],[106.78853,16.89233],[106.78888,16.89392],[106.78853,16.89483],[106.78535,16.89316],[106.78306,16.89449],[106.7797,16.89516],[106.77882,16.89594],[106.77752,16.8984],[106.7769,16.89874],[106.77583,16.8986],[106.776,16.89533],[106.77538,16.89514],[106.77102,16.89668],[106.76686,16.89674],[106.76185,16.89554],[106.76131,16.89592],[106.76148,16.89694],[106.76079,16.89712],[106.75799,16.89738],[106.75679,16.89669],[106.75633,16.897],[106.7568,16.89836],[106.75643,16.89917],[106.75295,16.90044],[106.75213,16.90024],[106.75138,16.89938],[106.75031,16.89985],[106.74953,16.89931],[106.74826,16.9],[106.7469,16.89876],[106.74644,16.89996],[106.74567,16.90008],[106.74541,16.89911],[106.74387,16.89886],[106.74179,16.89714],[106.7414,16.8973],[106.7414,16.89857],[106.74093,16.89947],[106.73957,16.89991],[106.73841,16.89955],[106.73883,16.89792],[106.73807,16.89694],[106.73278,16.89674],[106.73116,16.89706],[106.73017,16.89642],[106.7273,16.8971],[106.72447,16.89672],[106.71978,16.89668],[106.7183,16.89782],[106.71576,16.89717],[106.71233,16.89926],[106.71197,16.8997],[106.71187,16.90083],[106.71079,16.90031],[106.71032,16.90102],[106.70679,16.90065],[106.70581,16.89892],[106.70439,16.89879],[106.70292,16.8993],[106.7026,16.90034],[106.70049,16.89989],[106.69942,16.89998],[106.69917,16.90015],[106.69929,16.901],[106.69902,16.90113],[106.69786,16.90044],[106.69696,16.9012],[106.69624,16.90135],[106.69601,16.90214],[106.69476,16.902],[106.6944,16.90169],[106.69454,16.9011],[106.694,16.90105],[106.69282,16.9012],[106.68891,16.90274],[106.68737,16.90264],[106.68645,16.90371],[106.68074,16.90832],[106.68085,16.90895],[106.68204,16.91012],[106.68536,16.91207],[106.68636,16.91795],[106.68707,16.91943],[106.68933,16.92056],[106.69137,16.92066],[106.69252,16.92216],[106.69286,16.92352],[106.69537,16.92479],[106.69795,16.92833],[106.69722,16.93134],[106.69589,16.93237],[106.6955,16.93345],[106.69648,16.93406],[106.69874,16.93711],[106.69981,16.93782],[106.70049,16.93946],[106.70242,16.94112],[106.70512,16.94165],[106.70802,16.94159],[106.71147,16.94337],[106.71316,16.94286],[106.71683,16.94094],[106.7175,16.93999],[106.71827,16.93961],[106.7198,16.9374],[106.72125,16.93621],[106.72186,16.9353],[106.7215,16.93291],[106.72349,16.92988],[106.72744,16.92973],[106.72995,16.92869],[106.73067,16.92731],[106.73186,16.92719],[106.73331,16.92776],[106.73503,16.92743],[106.73514,16.9267],[106.73566,16.92623],[106.73681,16.92638],[106.73763,16.9257],[106.73839,16.92615],[106.7396,16.92518],[106.74085,16.92259],[106.74352,16.92095],[106.7453,16.92249],[106.74648,16.92234],[106.74674,16.92299],[106.7493,16.92528],[106.75241,16.92522],[106.75331,16.92473],[106.75629,16.92504],[106.75727,16.927],[106.75913,16.92866],[106.76213,16.92842],[106.76313,16.92732],[106.7661,16.92694],[106.76695,16.92797],[106.77077,16.92919],[106.77201,16.93034],[106.77227,16.93344],[106.7714,16.93499],[106.77006,16.93961],[106.77132,16.94152],[106.771,16.94282],[106.77148,16.94358],[106.77369,16.94411],[106.77641,16.94608],[106.77555,16.94739],[106.7753,16.94934],[106.77557,16.95044],[106.77462,16.95085],[106.77505,16.95286],[106.77442,16.9544],[106.77625,16.95566],[106.77742,16.95714],[106.77529,16.95748],[106.77276,16.95908],[106.77258,16.96091],[106.77346,16.9629],[106.77486,16.96307],[106.77598,16.9641],[106.77789,16.96417],[106.78076,16.96681],[106.78152,16.96902],[106.78153,16.97023],[106.78091,16.97132],[106.77982,16.97218],[106.77972,16.97342],[106.77903,16.97504],[106.77941,16.97585],[106.77919,16.97662],[106.77968,16.97776],[106.78076,16.97797],[106.78145,16.97852],[106.78149,16.97968],[106.7809,16.98147],[106.78115,16.98213],[106.7822,16.98327],[106.78217,16.9838],[106.78289,16.98514],[106.78446,16.98677],[106.78637,16.98711],[106.78866,16.98623],[106.79251,16.98621],[106.79468,16.98719],[106.79544,16.98858],[106.79654,16.98951],[106.79754,16.98951],[106.80039,16.99131],[106.80397,16.99186],[106.8051,16.99298],[106.80503,16.99487],[106.80604,16.99581],[106.80578,16.99696],[106.80612,16.99775],[106.80803,16.99889],[106.80808,16.99979],[106.80889,17.00028],[106.80919,17.00304],[106.80825,17.00412],[106.80847,17.0048],[106.80727,17.00682],[106.80658,17.00986],[106.80465,17.01388],[106.80507,17.01639],[106.80345,17.01745],[106.80315,17.01808],[106.80361,17.02062],[106.80572,17.02127],[106.80819,17.0243],[106.80923,17.02436],[106.80972,17.02694],[106.81069,17.02772],[106.8114,17.02912],[106.81184,17.0294],[106.80951,17.03188],[106.8101,17.03286],[106.81027,17.03389],[106.81143,17.0348],[106.81275,17.03487],[106.8139,17.03446],[106.81597,17.03641],[106.81585,17.0393],[106.81793,17.0405],[106.81995,17.04095],[106.82233,17.03892],[106.83463,17.03376],[106.83707,17.0352],[106.83772,17.03475],[106.83964,17.03529],[106.84326,17.03458],[106.84336,17.03524],[106.84426,17.03468],[106.84833,17.03348],[106.84987,17.03251],[106.85087,17.03252],[106.85176,17.033],[106.85281,17.03488],[106.85409,17.03595],[106.85507,17.03567],[106.85578,17.03596],[106.85891,17.03588],[106.86205,17.03673],[106.86249,17.03758],[106.86224,17.04066],[106.86486,17.04145],[106.86616,17.04282],[106.86835,17.04432],[106.86877,17.04526],[106.86838,17.04595],[106.86838,17.04675],[106.86891,17.04874],[106.86957,17.04945],[106.87082,17.04931],[106.87133,17.04966],[106.87402,17.05316],[106.87488,17.05519],[106.87468,17.05595],[106.87271,17.05737],[106.87064,17.06032],[106.8695,17.06126],[106.86778,17.06171],[106.86587,17.0628],[106.86438,17.06541],[106.86338,17.06596],[106.86211,17.06749],[106.85979,17.06932],[106.85841,17.06985],[106.85772,17.07068],[106.8577,17.07105],[106.85878,17.07235],[106.85901,17.07412],[106.86054,17.07485],[106.86109,17.07709],[106.86233,17.07827],[106.86531,17.08019],[106.86774,17.08121],[106.86883,17.08036],[106.87021,17.08033],[106.87126,17.07997],[106.87163,17.07947],[106.87192,17.07973],[106.87249,17.0796],[106.87285,17.07876],[106.87391,17.0781],[106.87407,17.07753],[106.87526,17.07658],[106.87591,17.07666],[106.87639,17.07602],[106.87709,17.07585],[106.87808,17.07654],[106.87834,17.0764],[106.87834,17.07566],[106.87975,17.07492],[106.88047,17.07514],[106.88121,17.07452],[106.88202,17.07488],[106.88242,17.07434],[106.88346,17.07431],[106.88407,17.07395],[106.88506,17.07459],[106.88592,17.0744],[106.88759,17.07279],[106.88768,17.0721],[106.88861,17.07164],[106.88998,17.07243],[106.89137,17.07242],[106.89147,17.07196],[106.892,17.07192],[106.89236,17.0722],[106.8925,17.07341],[106.89358,17.07329],[106.89585,17.07224],[106.89654,17.0714],[106.89707,17.06973],[106.89619,17.06812],[106.89747,17.06684],[106.90014,17.06622],[106.90409,17.06462],[106.91825,17.06226],[106.91942,17.06129],[106.91992,17.0603],[106.91979,17.05898],[106.91892,17.05814],[106.91908,17.05763],[106.91972,17.0572],[106.92188,17.05714],[106.92257,17.05744],[106.92564,17.06034],[106.92763,17.06048],[106.92656,17.05637],[106.92684,17.05497],[106.92335,17.05325],[106.91812,17.05163],[106.91345,17.05287],[106.91073,17.05096]]]]}},
{"type":"Feature","id":"19372","properties":{"Ward_Code":"19372","Ward_Code_Num":19372,"Ward":"Vĩnh Hoàng","Ward_Alt":"Vĩnh Hoàng","Ward_Upper":"VĨNH HOÀNG","Ward_Full":"Xã Vĩnh Hoàng","Ward_Full_Alt":"Xã Vĩnh Hoàng","Ward_Full_Upper_Alt":"XÃ VĨNH HOÀNG","Ward_Type":"Xã","Province_Code":"44","Province":"Quảng Trị","Province_Upper_Alt":"QUẢNG TRỊ"},"geometry":{"type":"MultiPolygon","coordinates":[[[[106.99379,17.07947],[106.97943,17.09896],[106.9881,17.1088],[106.98863,17.11521],[106.98566,17.12323],[106.98556,17.12541],[106.97759,17.131],[106.97197,17.13723],[106.969,17.13786],[106.97136,17.14353],[106.98446,17.15552],[106.9868,17.16071],[106.99116,17.16542],[106.99462,17.1627],[106.99757,17.16096],[107.00081,17.15807],[107.00607,17.15452],[107.01272,17.14942],[107.01771,17.14629],[107.01825,17.1465],[107.01854,17.14593],[107.0199,17.14531],[107.02254,17.14288],[107.02696,17.14021],[107.03024,17.13759],[107.03104,17.1374],[107.0326,17.13594],[107.03774,17.1325],[107.04119,17.13071],[107.04507,17.12784],[107.04581,17.12781],[107.04644,17.12698],[107.04848,17.12562],[107.04854,17.12497],[107.04966,17.12472],[107.05011,17.12399],[107.04917,17.12374],[107.04568,17.12583],[107.04571,17.12537],[107.0463,17.12486],[107.04806,17.12423],[107.04927,17.12338],[107.05009,17.12356],[107.05026,17.12425],[107.04984,17.12478],[107.04863,17.12523],[107.05025,17.12483],[107.05093,17.12399],[107.05424,17.1224],[107.05743,17.12038],[107.05928,17.11881],[107.06404,17.11657],[107.07038,17.11226],[107.08004,17.10682],[107.07906,17.1044],[107.07747,17.10355],[107.0773,17.10306],[107.07621,17.09799],[107.07708,17.09452],[107.0749,17.08912],[107.07131,17.08824],[107.07339,17.08433],[107.07168,17.08291],[107.07099,17.0813],[107.07128,17.07891],[107.07043,17.0769],[107.07054,17.07563],[107.0701,17.07426],[107.07028,17.07321],[107.07006,17.07233],[107.06975,17.07219],[107.07012,17.07004],[107.07115,17.06794],[107.06971,17.06601],[107.07127,17.0631],[107.06922,17.06038],[107.07117,17.05903],[107.06867,17.05624],[107.06626,17.05487],[107.06614,17.05375],[107.06482,17.05216],[107.06205,17.05001],[107.0614,17.04882],[107.06044,17.04803],[107.06028,17.04459],[107.06068,17.04193],[107.06022,17.0408],[107.05971,17.04055],[107.05482,17.04312],[107.05405,17.03448],[107.053,17.03038],[107.05383,17.02964],[107.05127,17.02345],[107.04507,17.02583],[107.04325,17.02343],[107.03955,17.02729],[107.03756,17.02332],[107.03719,17.02295],[107.03674,17.02314],[107.03349,17.02503],[107.03204,17.0264],[107.02765,17.03402],[107.02561,17.03646],[107.02823,17.04182],[107.02874,17.04435],[107.02822,17.04495],[107.02842,17.04661],[107.0304,17.04887],[107.02993,17.05007],[107.03029,17.05105],[107.032,17.0515],[107.03212,17.053],[107.03301,17.05355],[107.03316,17.0552],[107.03377,17.05593],[107.03633,17.05599],[107.03583,17.05663],[107.03581,17.0574],[107.03401,17.05698],[107.0328,17.05772],[107.03069,17.05477],[107.02704,17.06038],[107.02624,17.06051],[107.02265,17.0651],[107.02471,17.06626],[107.02436,17.06994],[107.02284,17.07043],[107.0222,17.07229],[107.02128,17.07353],[107.0206,17.07347],[107.01935,17.07656],[107.01498,17.07559],[107.01652,17.08092],[107.0145,17.08157],[107.01277,17.08156],[107.01166,17.08031],[107.00926,17.08137],[107.00864,17.08116],[107.00572,17.08135],[107.00425,17.08237],[107.00234,17.08314],[106.99842,17.08125],[106.99724,17.08028],[106.99677,17.07943],[106.99727,17.07744],[106.99877,17.07607],[106.99706,17.07493],[106.99379,17.07947]]]]}},
{"type":"Feature","id":"19405","properties":{"Ward_Code":"19405","Ward_Code_Num":19405,"Ward":"Vĩnh Thuỷ","Ward_Alt":"Vĩnh Thủy","Ward_Upper":"VĨNH THUỶ","Ward_Full":"Xã Vĩnh Thuỷ","Ward_Full_Alt":"Xã Vĩnh Thủy","Ward_Full_Upper_Alt":"XÃ VĨNH THỦY","Ward_Type":"Xã","Province_Code":"44","Province":"Quảng Trị","Province_Upper_Alt":"QUẢNG TRỊ"},"geometry":{"type":"MultiPolygon","coordinates":[[[[106.95076,16.95653],[106.95141,16.95477],[106.95118,16.95407],[106.9504,16.95357],[106.94788,16.95747],[106.94521,16.95417],[106.94506,16.95172],[106.94412,16.95197],[106.94294,16.95298],[106.94062,16.95301],[106.93906,16.95223],[106.93708,16.95218],[106.93645,16.95168],[106.9343,16.95124],[106.93369,16.95173],[106.93308,16.953],[106.93148,16.95439],[106.93105,16.9563],[106.93067,16.95667],[106.93123,16.95731],[106.92928,16.96037],[106.92894,16.96162],[106.92757,16.9633],[106.92513,16.96381],[106.92437,16.96459],[106.92421,16.96571],[106.92475,16.96723],[106.92372,16.96798],[106.91968,16.96837],[106.91812,16.97044],[106.91813,16.97228],[106.92038,16.97352],[106.91972,16.97508],[106.92037,16.97647],[106.92146,16.97674],[106.92228,16.97627],[106.92206,16.97671],[106.9227,16.97765],[106.92202,16.97818],[106.92204,16.98037],[106.92371,16.98119],[106.92361,16.98057],[106.92418,16.97998],[106.9245,16.98102],[106.92548,16.98131],[106.92551,16.98196],[106.92626,16.98206],[106.92701,16.98322],[106.92742,16.9829],[106.92791,16.983],[106.92888,16.98384],[106.9295,16.98392],[106.92954,16.98478],[106.93032,16.98515],[106.9302,16.98584],[106.93048,16.9861],[106.93113,16.98593],[106.9313,16.98728],[106.93055,16.98823],[106.93072,16.98874],[106.93008,16.98964],[106.92992,16.99258],[106.9296,16.99328],[106.93024,16.99373],[106.93043,16.99448],[106.93115,16.99477],[106.93278,16.9976],[106.93362,16.99839],[106.93486,16.99877],[106.93489,16.99926],[106.93307,17.00224],[106.93263,17.00258],[106.93096,17.00271],[106.93097,17.00317],[106.93289,17.00348],[106.93321,17.00387],[106.93163,17.00552],[106.93267,17.00499],[106.93312,17.00543],[106.93324,17.00488],[106.93396,17.00472],[106.93578,17.00524],[106.93678,17.00519],[106.9363,17.00699],[106.9372,17.00746],[106.93814,17.00747],[106.93831,17.00777],[106.93776,17.00786],[106.93739,17.00859],[106.93671,17.008],[106.93634,17.00826],[106.93507,17.00811],[106.93499,17.00706],[106.9342,17.0067],[106.93459,17.00739],[106.93442,17.00827],[106.9339,17.00813],[106.93381,17.00847],[106.93306,17.00858],[106.93247,17.00773],[106.93234,17.00882],[106.93317,17.00907],[106.93559,17.00883],[106.93601,17.00926],[106.93585,17.00983],[106.93657,17.00961],[106.93685,17.01027],[106.93649,17.01084],[106.93713,17.01093],[106.93715,17.01147],[106.93472,17.01128],[106.93653,17.01209],[106.93719,17.01279],[106.93737,17.01376],[106.93785,17.01329],[106.93911,17.01394],[106.94002,17.01573],[106.94009,17.01673],[106.94079,17.01723],[106.9407,17.01751],[106.94022,17.01755],[106.93948,17.01643],[106.93827,17.0159],[106.93825,17.01465],[106.93763,17.01491],[106.93725,17.0156],[106.93678,17.01563],[106.93602,17.01511],[106.93593,17.01302],[106.93509,17.01437],[106.93464,17.01443],[106.93441,17.01391],[106.93347,17.01351],[106.93388,17.0128],[106.9336,17.01187],[106.93416,17.01109],[106.93309,17.0113],[106.93308,17.01228],[106.93253,17.01246],[106.93216,17.0131],[106.93163,17.0131],[106.93144,17.0126],[106.93065,17.01205],[106.93076,17.01149],[106.93105,17.01157],[106.93139,17.01098],[106.93086,17.01113],[106.93022,17.01079],[106.93032,17.01031],[106.92995,17.01004],[106.93015,17.00959],[106.92934,17.00855],[106.9292,17.0089],[106.92963,17.0101],[106.92836,17.01002],[106.92679,17.00622],[106.92655,17.00728],[106.92608,17.00768],[106.92552,17.00752],[106.9252,17.00698],[106.92477,17.00715],[106.9245,17.00649],[106.92322,17.00664],[106.9233,17.00596],[106.92298,17.00574],[106.92372,17.00532],[106.92345,17.00512],[106.92363,17.0043],[106.92205,17.00404],[106.92159,17.00516],[106.9223,17.00667],[106.92486,17.00825],[106.9254,17.00891],[106.92362,17.01275],[106.9235,17.0139],[106.92485,17.01557],[106.92447,17.01785],[106.92468,17.01868],[106.92639,17.02189],[106.92794,17.02291],[106.92941,17.02521],[106.93029,17.0275],[106.93032,17.02871],[106.93147,17.03086],[106.93165,17.03306],[106.93398,17.03483],[106.93577,17.03561],[106.93667,17.037],[106.93663,17.0374],[106.93753,17.03831],[106.93849,17.0381],[106.93948,17.03861],[106.93958,17.04075],[106.94229,17.04306],[106.94276,17.04421],[106.9427,17.04494],[106.95202,17.04775],[106.95732,17.05169],[106.96054,17.05181],[106.9634,17.05047],[106.96512,17.05046],[106.97043,17.05413],[106.97207,17.05359],[106.97425,17.0509],[106.97609,17.0494],[106.97982,17.04774],[106.98284,17.04688],[106.98496,17.04563],[106.98699,17.04384],[106.99214,17.04525],[106.99479,17.04679],[106.99854,17.04571],[107.00191,17.0438],[107.00326,17.04346],[107.00503,17.04361],[107.00969,17.04505],[107.01081,17.04498],[107.01271,17.04402],[107.01904,17.03957],[107.02587,17.03627],[107.02765,17.03402],[107.03146,17.0272],[107.03274,17.02561],[107.03572,17.02366],[107.03886,17.02215],[107.04192,17.01957],[107.0462,17.01788],[107.04753,17.0168],[107.04781,17.01598],[107.04761,17.01535],[107.0448,17.01309],[107.04305,17.01079],[107.04244,17.00904],[107.04251,17.00728],[107.04345,17.00581],[107.04507,17.00474],[107.0509,17.00335],[107.04998,17.00134],[107.04941,16.99833],[107.04941,16.99412],[107.05094,16.99164],[107.05411,16.98889],[107.05466,16.9876],[107.05504,16.98514],[107.05504,16.98262],[107.05415,16.98071],[107.05312,16.97952],[107.04961,16.9769],[107.04662,16.97521],[107.04321,16.97408],[107.03495,16.97244],[107.03147,16.9724],[107.02882,16.9729],[107.02174,16.97534],[107.01258,16.97966],[107.01106,16.97994],[107.00859,16.97971],[107.00274,16.97728],[106.99745,16.97559],[106.9966,16.97513],[106.99332,16.9718],[106.98915,16.97185],[106.98597,16.97004],[106.98223,16.96706],[106.9789,16.96685],[106.978,16.96573],[106.97754,16.96364],[106.97698,16.96274],[106.97539,16.96212],[106.97378,16.96271],[106.9733,16.96261],[106.97198,16.95973],[106.97136,16.95995],[106.97064,16.96094],[106.97019,16.96432],[106.96784,16.96474],[106.96744,16.96509],[106.96824,16.96688],[106.96785,16.96773],[106.96456,16.96815],[106.96428,16.96764],[106.96436,16.96452],[106.96204,16.96377],[106.96113,16.9641],[106.9605,16.96486],[106.96068,16.96618],[106.96129,16.96707],[106.96103,16.96801],[106.95982,16.96917],[106.95906,16.96922],[106.95703,16.96777],[106.95619,16.96637],[106.9525,16.96376],[106.94886,16.96198],[106.94868,16.96101],[106.95013,16.96013],[106.94995,16.95841],[106.95076,16.95653]]]]}},
{"type":"Feature","id":"19414","properties":{"Ward_Code":"19414","Ward_Code_Num":19414,"Ward":"Cửa Tùng","Ward_Alt":"Cửa Tùng","Ward_Upper":"CỬA TÙNG","Ward_Full":"Xã Cửa Tùng","Ward_Full_Alt":"Xã Cửa Tùng","Ward_Full_Upper_Alt":"XÃ CỬA TÙNG","Ward_Type":"Xã","Province_Code":"44","Province":"Quảng Trị","Province_Upper_Alt":"QUẢNG TRỊ"},"geometry":{"type":"MultiPolygon","coordinates":[[[[107.05337,17.02846],[107.05381,17.02981],[107.053,17.03038],[107.05405,17.03448],[107.05482,17.04312],[107.05971,17.04055],[107.06022,17.0408],[107.06068,17.04193],[107.06028,17.04459],[107.06044,17.04803],[107.0614,17.04882],[107.06205,17.05001],[107.06482,17.05216],[107.06614,17.05375],[107.06626,17.05487],[107.06867,17.05624],[107.07117,17.05903],[107.06922,17.06038],[107.07127,17.0631],[107.06971,17.06601],[107.07115,17.06794],[107.07012,17.07004],[107.06975,17.07219],[107.07006,17.07233],[107.07028,17.07321],[107.0701,17.07426],[107.07054,17.07563],[107.07043,17.0769],[107.07128,17.07891],[107.07099,17.0813],[107.07168,17.08291],[107.07339,17.08433],[107.07131,17.08824],[107.0749,17.08912],[107.07708,17.09452],[107.07621,17.09799],[107.0773,17.10306],[107.07747,17.10355],[107.07906,17.1044],[107.08004,17.10682],[107.08748,17.10317],[107.09036,17.10202],[107.09256,17.10155],[107.09431,17.09984],[107.09508,17.1004],[107.09629,17.09979],[107.09713,17.09862],[107.09947,17.09654],[107.10066,17.09586],[107.10242,17.09547],[107.10562,17.09311],[107.10843,17.09037],[107.10981,17.08944],[107.11296,17.08579],[107.11486,17.08539],[107.11538,17.08496],[107.11597,17.08567],[107.11672,17.0856],[107.11702,17.08521],[107.1177,17.08549],[107.11722,17.08486],[107.11758,17.08446],[107.116,17.08387],[107.1146,17.0813],[107.11482,17.07947],[107.1156,17.07723],[107.11632,17.07666],[107.11706,17.07675],[107.11724,17.07644],[107.11762,17.07666],[107.11785,17.07627],[107.11707,17.07502],[107.11602,17.07439],[107.1148,17.07469],[107.11366,17.07409],[107.11267,17.07266],[107.11224,17.07135],[107.1122,17.06867],[107.11278,17.06532],[107.11338,17.06419],[107.1145,17.06336],[107.11364,17.06256],[107.11363,17.05984],[107.11452,17.05852],[107.11539,17.05859],[107.11562,17.05806],[107.115,17.05805],[107.1147,17.05761],[107.11381,17.05474],[107.11413,17.04964],[107.11607,17.0445],[107.1157,17.04379],[107.11457,17.044],[107.11339,17.04372],[107.11149,17.04214],[107.11068,17.04111],[107.10978,17.03819],[107.10985,17.03547],[107.11081,17.02967],[107.11204,17.0276],[107.11376,17.02563],[107.11149,17.02531],[107.11087,17.0241],[107.11068,17.02242],[107.11091,17.02023],[107.11106,17.01979],[107.11162,17.01957],[107.11189,17.01759],[107.11074,17.01632],[107.11004,17.01627],[107.10964,17.01584],[107.10865,17.01592],[107.10664,17.0138],[107.10823,17.01322],[107.10724,17.01208],[107.10643,17.00617],[107.10559,17.00325],[107.10464,17.00188],[107.10307,17.00052],[107.09832,16.99861],[107.09722,16.99783],[107.09648,16.99673],[107.09562,16.99398],[107.09368,16.99148],[107.09173,16.99033],[107.0904,16.99006],[107.08826,16.99],[107.08642999999999,16.99051],[107.08508,16.9919],[107.08422,16.99489],[107.08327,16.99624],[107.08184,16.99723],[107.0761,16.99974],[107.07514,17.00113],[107.07403,17.00374],[107.07315,17.00476],[107.07129,17.00542],[107.06822,17.00554],[107.06438,17.00877],[107.06193,17.0099],[107.05928,17.01027],[107.05673,17.00934],[107.05449,17.00774],[107.0509,17.00335],[107.04581,17.00447],[107.04345,17.00581],[107.04251,17.00728],[107.04237,17.00816],[107.04271,17.01003],[107.0448,17.01309],[107.04761,17.01535],[107.04767,17.01654],[107.0462,17.01788],[107.04192,17.01957],[107.03911,17.02198],[107.03719,17.02295],[107.03955,17.02729],[107.04325,17.02343],[107.04507,17.02583],[107.05127,17.02345],[107.05337,17.02846]]]]}},
{"type":"Feature","id":"19429","properties":{"Ward_Code":"19429","Ward_Code_Num":19429,"Ward":"Khe Sanh","Ward_Alt":"Khe Sanh","Ward_Upper":"KHE SANH","Ward_Full":"Xã Khe Sanh","Ward_Full_Alt":"Xã Khe Sanh","Ward_Full_Upper_Alt":"XÃ KHE SANH","Ward_Type":"Xã","Province_Code":"44","Province":"Quảng Trị","Province_Upper_Alt":"QUẢNG TRỊ"},"geometry":{"type":"MultiPolygon","coordinates":[[[[106.65306,16.69912],[106.65362,16.69926],[106.6591,16.69521],[106.66015,16.69058],[106.66193,16.68978],[106.66527,16.68981],[106.66719,16.68794],[106.66764,16.68692],[106.6699,16.68574],[106.67041,16.68466],[106.67136,16.68469],[106.6711,16.68348],[106.67134,16.68192],[106.67207,16.68176],[106.67336,16.68293],[106.67392,16.68298],[106.67482,16.68077],[106.6757,16.68043],[106.67692,16.67907],[106.67923,16.6798],[106.68023,16.67746],[106.68175,16.67798],[106.68286,16.67788],[106.68379,16.67878],[106.68526,16.67898],[106.68705,16.67726],[106.68915,16.67851],[106.68992,16.67865],[106.69475,16.67864],[106.69725,16.679],[106.69956,16.67864],[106.70072,16.67878],[106.70227,16.6793],[106.70188,16.68004],[106.70206,16.68022],[106.70445,16.68076],[106.7085,16.68311],[106.71406,16.6848],[106.71998,16.68613],[106.72484,16.68872],[106.72774,16.68905],[106.72981,16.68885],[106.73062,16.68842],[106.73386,16.68859],[106.73462,16.68805],[106.73517,16.68675],[106.73648,16.68766],[106.73775,16.6878],[106.73981,16.68682],[106.7401,16.68503],[106.74103,16.6841],[106.74501,16.68273],[106.74694,16.68361],[106.74812,16.68302],[106.74863,16.68308],[106.75004,16.68136],[106.75367,16.67876],[106.75488,16.67702],[106.75641,16.67596],[106.75916,16.67484],[106.76034,16.67358],[106.76504,16.67204],[106.76737,16.67281],[106.77014,16.67308],[106.78326,16.6448],[106.78247,16.64426],[106.78207,16.64312],[106.78014,16.64125],[106.78129,16.63925],[106.78082,16.63844],[106.7763,16.6341],[106.7749,16.62857],[106.77387,16.62687],[106.77312,16.62644],[106.7702,16.62298],[106.77003,16.62154],[106.76922,16.61971],[106.78497,16.62463],[106.78745,16.62417],[106.79076,16.62187],[106.79162,16.62159],[106.79226,16.62039],[106.79746,16.61819],[106.79627,16.6161],[106.79849,16.61569],[106.79895,16.61502],[106.79961,16.6148],[106.79988,16.61421],[106.80083,16.6136],[106.80211,16.61059],[106.80353,16.60995],[106.8039,16.60906],[106.80476,16.60832],[106.80681,16.60809],[106.80845,16.60746],[106.81099,16.60757],[106.81178,16.60653],[106.81277,16.60594],[106.8152,16.60567],[106.81619,16.60419],[106.81834,16.60414],[106.81897,16.60375],[106.81977,16.60067],[106.82077,16.59236],[106.82187,16.591919999999998],[106.8225,16.59046],[106.82334,16.58667],[106.82309,16.58564],[106.8231,16.58],[106.82176,16.57637],[106.82131,16.57423],[106.8219,16.57339],[106.82183,16.57246],[106.82265,16.57119],[106.82388,16.56366],[106.82592,16.56079],[106.82602,16.55998],[106.82288,16.55859],[106.82216,16.55874],[106.82019,16.55836],[106.8192,16.55872],[106.81801,16.55779],[106.81479,16.55689],[106.8136,16.55735],[106.81112,16.55632],[106.80905,16.55629],[106.80725,16.55443],[106.80109,16.55578],[106.79948,16.55531],[106.79846,16.55433],[106.79796,16.55424],[106.79642,16.55489],[106.79492,16.55463],[106.79457,16.55557],[106.79367,16.55623],[106.79148,16.55603],[106.79023,16.55624],[106.78893,16.55613],[106.78839,16.55468],[106.78695,16.55385],[106.7859,16.55363],[106.78352,16.55414],[106.78003,16.55425],[106.77822,16.55635],[106.77603,16.55616],[106.7739,16.55735],[106.77274,16.55857],[106.77149,16.55893],[106.77112,16.55974],[106.7701,16.55993],[106.76915,16.56064],[106.76762,16.56065],[106.76602,16.56193],[106.76436,16.56208],[106.76331,16.56125],[106.76188,16.56072],[106.76101,16.56137],[106.75996,16.56165],[106.7595,16.56111],[106.75951,16.55592],[106.75991,16.55478],[106.76214,16.55133],[106.76179,16.54939],[106.76277,16.54843],[106.76318,16.5463],[106.76398,16.54555],[106.76392,16.5413],[106.76249,16.53951],[106.76066,16.53849],[106.75765,16.53817],[106.7561,16.53727],[106.75366,16.53763],[106.75236,16.53728],[106.75117,16.53834],[106.75056,16.53953],[106.74029,16.56934],[106.74164,16.57267],[106.74201,16.57481],[106.73824,16.57673],[106.72932,16.58396],[106.72801,16.58492],[106.72639,16.58556],[106.725,16.58684],[106.72502,16.58718],[106.72235,16.58877],[106.72833,16.59926],[106.72858,16.60045],[106.72818,16.60326],[106.72881,16.60417],[106.72938,16.60741],[106.72986,16.60813],[106.72955,16.60846],[106.7287,16.60851],[106.72813,16.60955],[106.72634,16.61058],[106.72593,16.60989],[106.72622,16.60943],[106.726,16.60872],[106.72507,16.60843],[106.72482,16.60945],[106.72388,16.60939],[106.72402,16.60991],[106.72304,16.61016],[106.72262,16.61059],[106.72264,16.61108],[106.72329,16.61147],[106.72325,16.61235],[106.72283,16.61303],[106.72159,16.61383],[106.72142,16.61437],[106.72072,16.61436],[106.7199,16.61645],[106.7194,16.61674],[106.71963,16.61746],[106.71916,16.61901],[106.71813,16.62049],[106.71853,16.62049],[106.71868,16.62262],[106.7206,16.62356],[106.72063,16.62464],[106.7211,16.62543],[106.72281,16.62536],[106.72473,16.62661],[106.72619,16.62711],[106.72913,16.6274],[106.72967,16.62711],[106.73008,16.62787],[106.72892,16.62845],[106.72796,16.63038],[106.72807,16.63112],[106.72649,16.63216],[106.72655,16.63314],[106.72425,16.63484],[106.72411,16.63584],[106.72179,16.63614],[106.7213,16.63754],[106.71922,16.63953],[106.71473,16.63958],[106.71068,16.64167],[106.70842,16.64373],[106.70813,16.64328],[106.70834,16.64271],[106.70707,16.64218],[106.70534,16.64047],[106.7042,16.64037],[106.70191,16.64085],[106.7011,16.6405],[106.6995,16.64102],[106.69895,16.64178],[106.69774,16.64149],[106.69668,16.64305],[106.69014,16.64562],[106.68941,16.64699],[106.68874,16.64733],[106.68739,16.6472],[106.68619,16.64876],[106.6827,16.64941],[106.68126,16.65],[106.68026,16.65104],[106.67629,16.65288],[106.6757,16.65332],[106.67492,16.65499],[106.67393,16.65605],[106.67227,16.65648],[106.67168,16.65629],[106.67168,16.65688],[106.67112,16.65753],[106.67028,16.65794],[106.66901,16.65802],[106.66885,16.65903],[106.66769,16.66026],[106.66601,16.66073],[106.66529,16.66156],[106.66353,16.66223],[106.65924,16.66272],[106.65545,16.66722],[106.65182,16.67014],[106.64871,16.672],[106.64944,16.67752],[106.6488,16.67802],[106.65083,16.69256],[106.65306,16.69912]]]]}},
{"type":"Feature","id":"19432","properties":{"Ward_Code":"19432","Ward_Code_Num":19432,"Ward":"Lao Bảo","Ward_Alt":"Lao Bảo","Ward_Upper":"LAO BẢO","Ward_Full":"Xã Lao Bảo","Ward_Full_Alt":"Xã Lao Bảo","Ward_Full_Upper_Alt":"XÃ LAO BẢO","Ward_Type":"Xã","Province_Code":"44","Province":"Quảng Trị","Province_Upper_Alt":"QUẢNG TRỊ"},"geometry":{"type":"MultiPolygon","coordinates":[[[[106.65182,16.67014],[106.65545,16.66722],[106.65924,16.66272],[106.66353,16.66223],[106.66529,16.66156],[106.66601,16.66073],[106.66769,16.66026],[106.66885,16.65903],[106.66901,16.65802],[106.67028,16.65794],[106.67112,16.65753],[106.67168,16.65688],[106.67168,16.65629],[106.67227,16.65648],[106.67393,16.65605],[106.67492,16.65499],[106.6757,16.65332],[106.67629,16.65288],[106.68026,16.65104],[106.68126,16.65],[106.6827,16.64941],[106.68585,16.64894],[106.68739,16.6472],[106.68409,16.64569],[106.68215,16.64556],[106.68109,16.64498],[106.67722,16.64476],[106.67626,16.64413],[106.67503,16.64424],[106.67346,16.64334],[106.67403,16.64201],[106.6756,16.64115],[106.67708,16.63946],[106.67865,16.63685],[106.67787,16.63484],[106.67792,16.63278],[106.67754,16.63221],[106.67717,16.62954],[106.67584,16.62722],[106.67604,16.62574],[106.67518,16.62345],[106.6745,16.62289],[106.673,16.6225],[106.67142,16.62087],[106.67027,16.62066],[106.66981,16.61954],[106.66846,16.61837],[106.66836,16.61276],[106.66897,16.61162],[106.66908,16.61008],[106.67083,16.60888],[106.67169,16.60696],[106.67213,16.60422],[106.67284,16.60301],[106.67389,16.60208],[106.67479,16.60216],[106.67754,16.59779],[106.67946,16.59617],[106.67929,16.59587],[106.67834,16.59588],[106.67732,16.59655],[106.67513,16.59724],[106.67415,16.59702],[106.67137,16.59371],[106.67117,16.59237],[106.67207,16.58938],[106.67146,16.58839],[106.66894,16.58829],[106.66701,16.5875],[106.66652,16.58674],[106.66674,16.58547],[106.66665,16.58438],[106.66633,16.58421],[106.6631,16.58424],[106.66074,16.58326],[106.65782,16.58138],[106.65606,16.58181],[106.65343,16.58408],[106.651,16.58841],[106.64928,16.59272],[106.64792,16.59382],[106.64649,16.59412],[106.64466,16.59391],[106.63961,16.59168],[106.6339,16.59151],[106.63166,16.59102],[106.63043,16.58769],[106.63142,16.58591],[106.63139,16.58365],[106.63036,16.58217],[106.62863,16.58192],[106.62759,16.58246],[106.62563,16.58453],[106.62447,16.58791],[106.62464,16.59304],[106.62419,16.59493],[106.62428,16.59666],[106.62503,16.59866],[106.62627,16.59964],[106.62678,16.60081],[106.62664,16.60128],[106.62579,16.60191],[106.61686,16.60575],[106.61318,16.60656],[106.60721,16.60717],[106.59773,16.6063],[106.59111,16.60215],[106.58736,16.60083],[106.58634,16.60098],[106.58491,16.60208],[106.58292,16.6047],[106.58234,16.60602],[106.5818,16.60849],[106.58197,16.61017],[106.58296,16.61243],[106.58416,16.61376],[106.58939,16.61592],[106.5909,16.6169],[106.59106,16.61793],[106.59021,16.61903],[106.5907,16.62062],[106.58964,16.62189],[106.59013,16.62268],[106.58985,16.6237],[106.58783,16.62632],[106.58633,16.62741],[106.58224,16.62955],[106.58056,16.63086],[106.57898,16.6308],[106.57792,16.63133],[106.577,16.63224],[106.57686,16.63356],[106.57618,16.63449],[106.5744,16.63577],[106.57371,16.63666],[106.57302,16.6369],[106.5727,16.63795],[106.56943,16.64033],[106.56747,16.64037],[106.56532,16.64132],[106.56799,16.64177],[106.58475,16.64196],[106.59978,16.6514],[106.61714,16.65281],[106.61859,16.65609],[106.61829,16.65822],[106.6091,16.66409],[106.60354,16.66489],[106.59883,16.66705],[106.59851,16.67168],[106.59694,16.67356],[106.59762,16.67456],[106.59781,16.67686],[106.59989,16.67923],[106.60093,16.67958],[106.60203,16.67911],[106.60321,16.67918],[106.60423,16.67968],[106.6056,16.68098],[106.60684,16.68151],[106.60837,16.68158],[106.61028,16.67984],[106.61156,16.67993],[106.61248,16.67919],[106.61365,16.67945],[106.61513,16.67868],[106.61757,16.67909],[106.62054,16.68221],[106.62127,16.68426],[106.62314,16.68434],[106.62405,16.68602],[106.62589,16.68669],[106.62663,16.68857],[106.6286,16.6885],[106.62974,16.68938],[106.63059,16.69096],[106.63067,16.69247],[106.63349,16.69409],[106.63356,16.69472],[106.63302,16.69613],[106.63356,16.69705],[106.63709,16.69474],[106.63926,16.69442],[106.6396,16.69547],[106.64174,16.69657],[106.64265,16.6967],[106.64354,16.69615],[106.6455,16.69606],[106.64817,16.69793],[106.65306,16.69912],[106.65083,16.69256],[106.6488,16.67802],[106.64944,16.67752],[106.64871,16.672],[106.65182,16.67014]]]]}},
{"type":"Feature","id":"19435","properties":{"Ward_Code":"19435","Ward_Code_Num":19435,"Ward":"Hướng Lập","Ward_Alt":"Hướng Lập","Ward_Upper":"HƯỚNG LẬP","Ward_Full":"Xã Hướng Lập","Ward_Full_Alt":"Xã Hướng Lập","Ward_Full_Upper_Alt":"XÃ HƯỚNG LẬP","Ward_Type":"Xã","Province_Code":"44","Province":"Quảng Trị","Province_Upper_Alt":"QUẢNG TRỊ"},"geometry":{"type":"MultiPolygon","coordinates":[[[[106.65262,16.86894],[106.65186,16.86957],[106.65066,16.86687],[106.64891,16.86505],[106.64775,16.8643],[106.63923,16.8594],[106.63464,16.85786],[106.63274,16.85544],[106.63364,16.8537],[106.63302,16.84899],[106.63159,16.84716],[106.63157,16.84551],[106.6305,16.84476],[106.62912,16.84273],[106.62683,16.84164],[106.62616,16.8403],[106.62419,16.83926],[106.62327,16.83793],[106.62051,16.8357],[106.62069,16.83465],[106.62014,16.83304],[106.618,16.83027],[106.61703,16.82953],[106.61482,16.82871],[106.61378,16.82778],[106.61396,16.82561],[106.61349,16.82333],[106.61246,16.82201],[106.61215,16.82031],[106.61126,16.81876],[106.6097,16.81374],[106.6099,16.8111],[106.61164,16.80878],[106.6076,16.80775],[106.60252,16.80751],[106.59979,16.80698],[106.5975,16.8077],[106.59395,16.8099],[106.59109,16.81056],[106.58985,16.81168],[106.58874,16.81218],[106.58556,16.81234],[106.57942,16.8105],[106.56851,16.79578],[106.55988,16.80254],[106.55781,16.80182],[106.55616,16.80081],[106.55439,16.8005],[106.55159,16.7988],[106.55116,16.86784],[106.54825,16.86831],[106.54603,16.87034],[106.5431,16.87084],[106.53922,16.87287],[106.53136,16.88306],[106.52782,16.8858],[106.51864,16.88964],[106.51678,16.897],[106.51743,16.89911],[106.51819,16.89988],[106.51869,16.90168],[106.51895,16.90196],[106.52015,16.90178],[106.52038,16.902],[106.51893,16.90485],[106.51641,16.90668],[106.51637,16.90705],[106.51734,16.90782],[106.51621,16.91003],[106.5165,16.91448],[106.51854,16.91669],[106.51983,16.9199],[106.51937,16.922],[106.52094,16.92202],[106.52457,16.92123],[106.5256,16.92186],[106.52541,16.92266],[106.52349,16.92448],[106.52357,16.925],[106.52415,16.92546],[106.52505,16.92555],[106.52552,16.92417],[106.52587,16.92523],[106.52645,16.92561],[106.52754,16.92529],[106.52816,16.92463],[106.52975,16.92612],[106.53131,16.92631],[106.53249,16.92568],[106.53308,16.92488],[106.53575,16.92424],[106.53716,16.92423],[106.53818,16.92515],[106.5401,16.92538],[106.54093,16.92608],[106.5424,16.92651],[106.54577,16.92682],[106.54667,16.9267],[106.54749,16.926],[106.54989,16.99764],[106.55113,16.99617],[106.5521,16.99402],[106.55451,16.99389],[106.55622,16.99308],[106.55816,16.99309],[106.55953,16.99267],[106.56179,16.99068],[106.56272,16.98757],[106.56459,16.98767],[106.56859,16.9891],[106.57016,16.98882],[106.57109,16.98917],[106.57365,16.98937],[106.57502,16.98895],[106.57704,16.98946],[106.57984,16.98905],[106.58596,16.99005],[106.58794,16.98893],[106.59225,16.98748],[106.59386,16.98454],[106.59417,16.98192],[106.59384,16.9814],[106.59088,16.97981],[106.58981,16.97882],[106.58715,16.97753],[106.58733,16.9758],[106.5868,16.97189],[106.58808,16.97068],[106.58948,16.96991],[106.58973,16.96856],[106.59137,16.96714],[106.59202,16.96588],[106.59308,16.96329],[106.59303,16.95971],[106.59337,16.95881],[106.59619,16.95832],[106.59732,16.9578],[106.59746,16.95704],[106.60024,16.95644],[106.59968,16.94973],[106.5998,16.94666],[106.60165,16.94466],[106.60177,16.94389],[106.60318,16.94283],[106.60349,16.94211],[106.60487,16.9407],[106.60636,16.94002],[106.60738,16.93902],[106.61103,16.93947],[106.61276,16.93889],[106.61426,16.93929],[106.61593,16.93849],[106.61995,16.93949],[106.62217,16.93907],[106.62299,16.93832],[106.62466,16.93833],[106.62683,16.93908],[106.62926,16.94122],[106.63111,16.94142],[106.6355,16.94],[106.64002,16.93946],[106.6429,16.93835],[106.64393,16.93866],[106.64468,16.93944],[106.65061,16.93591],[106.65509,16.93677],[106.66065,16.93663],[106.66201,16.93788],[106.66211,16.93874],[106.66275,16.93938],[106.66333,16.94149],[106.66447,16.94238],[106.66483,16.94496],[106.66601,16.94649],[106.66713,16.94725],[106.6681,16.94764],[106.66988,16.94722],[106.67248,16.94897],[106.67455,16.94964],[106.67768,16.9515],[106.68121,16.952],[106.68254,16.9534],[106.68375,16.95394],[106.68465,16.9557],[106.68545,16.95623],[106.6871,16.95644],[106.68888,16.95541],[106.69017,16.95582],[106.69115,16.95552],[106.69253,16.95575],[106.69331,16.95551],[106.69402,16.95391],[106.69406,16.95212],[106.69612,16.94775],[106.6973,16.94661],[106.70042,16.94474],[106.70193,16.94259],[106.70242,16.94112],[106.70049,16.93946],[106.69981,16.93782],[106.69874,16.93711],[106.69648,16.93406],[106.6955,16.93345],[106.69589,16.93237],[106.69722,16.93134],[106.69795,16.92833],[106.69537,16.92479],[106.69286,16.92352],[106.69252,16.92216],[106.69137,16.92066],[106.68933,16.92056],[106.68707,16.91943],[106.68636,16.91795],[106.68536,16.91207],[106.68204,16.91012],[106.68085,16.90895],[106.68074,16.90832],[106.68645,16.90371],[106.68737,16.90264],[106.68672,16.90028],[106.68974,16.89691],[106.68999,16.89604],[106.68966,16.89403],[106.69124,16.8924],[106.69144,16.89123],[106.69266,16.88968],[106.69287,16.8891],[106.69256,16.88711],[106.692,16.88588],[106.69206,16.8853],[106.69315,16.88399],[106.69261,16.8835],[106.69057,16.88309],[106.68657,16.88326],[106.68575,16.8824],[106.68552,16.88121],[106.6826,16.8785],[106.68212,16.87733],[106.68158,16.87701],[106.68102,16.87596],[106.6799,16.87527],[106.67899,16.87557],[106.67673,16.8753],[106.6755,16.87399],[106.6728,16.87259],[106.6716,16.87138],[106.66821,16.87043],[106.6668,16.87092],[106.66504,16.8709],[106.6624,16.87037],[106.66102,16.86953],[106.65592,16.86839],[106.65262,16.86894]]]]}},
{"type":"Feature","id":"19441","properties":{"Ward_Code":"19441","Ward_Code_Num":19441,"Ward":"Hướng Phùng","Ward_Alt":"Hướng Phùng","Ward_Upper":"HƯỚNG PHÙNG","Ward_Full":"Xã Hướng Phùng","Ward_Full_Alt":"Xã Hướng Phùng","Ward_Full_Upper_Alt":"XÃ HƯỚNG PHÙNG","Ward_Type":"Xã","Province_Code":"44","Province":"Quảng Trị","Province_Upper_Alt":"QUẢNG TRỊ"},"geometry":{"type":"MultiPolygon","coordinates":[[[[106.63273,16.84853],[106.63302,16.84899],[106.63364,16.8537],[106.63274,16.85544],[106.63464,16.85786],[106.63923,16.8594],[106.64891,16.86505],[106.65111,16.86753],[106.65186,16.86957],[106.65345,16.86866],[106.65592,16.86839],[106.66102,16.86953],[106.6624,16.87037],[106.66504,16.8709],[106.6668,16.87092],[106.66821,16.87043],[106.6716,16.87138],[106.6728,16.87259],[106.6755,16.87399],[106.67673,16.8753],[106.67899,16.87557],[106.6799,16.87527],[106.68102,16.87596],[106.68158,16.87701],[106.68212,16.87733],[106.6826,16.8785],[106.68552,16.88121],[106.68575,16.8824],[106.68657,16.88326],[106.69057,16.88309],[106.69488,16.88435],[106.69779,16.88272],[106.69973,16.88233],[106.70044,16.88139],[106.70196,16.88052],[106.70459,16.88064],[106.70613,16.87999],[106.70703,16.87923],[106.70884,16.88039],[106.71369,16.88074],[106.71496,16.88186],[106.71701,16.88221],[106.71814,16.88289],[106.72213,16.88101],[106.72318,16.87949],[106.72567,16.87911],[106.72735,16.87818],[106.73028,16.87777],[106.7333,16.87816],[106.73474,16.87963],[106.73502,16.88058],[106.73579,16.87969],[106.73812,16.87909],[106.73992,16.8781],[106.74149,16.87768],[106.74486,16.8775],[106.74701,16.87575],[106.74792,16.87458],[106.75104,16.87462],[106.75183,16.87382],[106.75472,16.87393],[106.75676,16.87336],[106.75623,16.87236],[106.75569,16.87204],[106.75563,16.87036],[106.75673,16.87071],[106.75745,16.86994],[106.75782,16.86868],[106.75759,16.86804],[106.75888,16.86773],[106.75872,16.86676],[106.75914,16.86666],[106.75952,16.86606],[106.75976,16.86467],[106.76104,16.86346],[106.76214,16.86321],[106.762,16.86269],[106.76276,16.86221],[106.76251,16.86166],[106.76271,16.8606],[106.76374,16.85955],[106.76455,16.85777],[106.76554,16.85648],[106.768,16.8544],[106.77064,16.85365],[106.7703,16.85074],[106.77261,16.84816],[106.77321,16.84679],[106.77454,16.84547],[106.77622,16.84165],[106.77693,16.84126],[106.77748,16.84136],[106.77673,16.83974],[106.77643,16.83743],[106.77666,16.83673],[106.77715,16.83663],[106.77722,16.83583],[106.77799,16.8344],[106.77397,16.83204],[106.76937,16.82784],[106.7683,16.8274],[106.76745,16.82598],[106.7668,16.82585],[106.76423,16.82178],[106.76194,16.82006],[106.7609,16.81728],[106.76122,16.81572],[106.76062,16.81489],[106.76018,16.81241],[106.75945,16.81058],[106.75805,16.80875],[106.75699,16.80791],[106.75653,16.80596],[106.75705,16.80401],[106.75542,16.80308],[106.75529,16.80168],[106.75357,16.80019],[106.75138,16.79938],[106.7496,16.79808],[106.74845,16.79853],[106.74492,16.7987],[106.74422,16.79794],[106.7431,16.7981],[106.74134,16.79615],[106.73968,16.79609],[106.7381,16.79526],[106.73768,16.79406],[106.73607,16.79358],[106.73349,16.79186],[106.73195,16.79023],[106.73147,16.7889],[106.72972,16.78801],[106.72817,16.78642],[106.72716,16.78395],[106.72585,16.78236],[106.72557,16.78122],[106.72468,16.78043],[106.72446,16.77923],[106.72209,16.776979999999998],[106.7181,16.77623],[106.71376,16.77605],[106.71214,16.77342],[106.71192,16.77141],[106.7122,16.77043],[106.716,16.76464],[106.72198,16.75989],[106.72393,16.7578],[106.72579,16.75766],[106.72665,16.75638],[106.73273,16.75625],[106.73352,16.75646],[106.73456,16.75622],[106.73987,16.7577],[106.74267,16.75776],[106.74463,16.75547],[106.74557,16.75491],[106.74628,16.75373],[106.7478,16.75357],[106.74894,16.75301],[106.74903,16.75233],[106.75078,16.7507],[106.75266,16.74789],[106.7539,16.74702],[106.75466,16.74733],[106.7562,16.7465],[106.75905,16.74624],[106.7603,16.74516],[106.76184,16.7447],[106.76262,16.74404],[106.76389,16.74504],[106.76504,16.74495],[106.76644,16.74543],[106.77042,16.74267],[106.77238,16.74207],[106.77308,16.74057],[106.77463,16.74036],[106.78813,16.73532],[106.79135,16.735],[106.79288,16.73349],[106.7946,16.73294],[106.79611,16.7312],[106.79638,16.72765],[106.79831,16.72756],[106.79915,16.72807],[106.80038,16.72767],[106.80067,16.72654],[106.80211,16.72554],[106.80209,16.72407],[106.80113,16.72318],[106.80159,16.72146],[106.80186,16.72102],[106.8048,16.72004],[106.80569,16.71596],[106.80487,16.71294],[106.80401,16.71135],[106.80523,16.70937],[106.80572,16.70674],[106.80506,16.70442],[106.80395,16.70321],[106.80383,16.70112],[106.80151,16.69374],[106.80145,16.6801],[106.80104,16.67887],[106.80151,16.67632],[106.77612,16.67158],[106.77238,16.6728],[106.77024,16.67317],[106.76737,16.67281],[106.76504,16.67204],[106.76034,16.67358],[106.75916,16.67484],[106.75573,16.67637],[106.75455,16.67737],[106.75367,16.67876],[106.75004,16.68136],[106.74863,16.68308],[106.74812,16.68302],[106.74694,16.68361],[106.74501,16.68273],[106.74103,16.6841],[106.7401,16.68503],[106.73981,16.68682],[106.73775,16.6878],[106.73648,16.68766],[106.73517,16.68675],[106.73462,16.68805],[106.73386,16.68859],[106.73062,16.68842],[106.72981,16.68885],[106.72774,16.68905],[106.72484,16.68872],[106.71998,16.68613],[106.71406,16.6848],[106.7085,16.68311],[106.70445,16.68076],[106.70206,16.68022],[106.70188,16.68004],[106.70227,16.6793],[106.70072,16.67878],[106.69956,16.67864],[106.69725,16.679],[106.69475,16.67864],[106.68992,16.67865],[106.68915,16.67851],[106.68705,16.67726],[106.68526,16.67898],[106.68379,16.67878],[106.68286,16.67788],[106.68175,16.67798],[106.68023,16.67746],[106.67923,16.6798],[106.67692,16.67907],[106.6757,16.68043],[106.67482,16.68077],[106.67392,16.68298],[106.67336,16.68293],[106.67207,16.68176],[106.67134,16.68192],[106.6711,16.68348],[106.67136,16.68469],[106.67041,16.68466],[106.6699,16.68574],[106.66764,16.68692],[106.66719,16.68794],[106.66527,16.68981],[106.66193,16.68978],[106.66015,16.69058],[106.6591,16.69521],[106.65362,16.69926],[106.64817,16.69793],[106.6455,16.69606],[106.64354,16.69615],[106.64265,16.6967],[106.64174,16.69657],[106.6396,16.69547],[106.63926,16.69442],[106.63709,16.69474],[106.63356,16.69705],[106.63302,16.69613],[106.63356,16.69472],[106.63349,16.69409],[106.63067,16.69247],[106.63059,16.69096],[106.62974,16.68938],[106.6286,16.6885],[106.62663,16.68857],[106.62589,16.68669],[106.62405,16.68602],[106.62314,16.68434],[106.62127,16.68426],[106.62054,16.68221],[106.61757,16.67909],[106.61513,16.67868],[106.61365,16.67945],[106.61248,16.67919],[106.61156,16.67993],[106.61028,16.67984],[106.6086,16.68151],[106.60684,16.68151],[106.6056,16.68098],[106.60423,16.67968],[106.60321,16.67918],[106.60203,16.67911],[106.60093,16.67958],[106.60015,16.67942],[106.59781,16.67686],[106.59762,16.67456],[106.59694,16.67356],[106.59851,16.67168],[106.59883,16.66705],[106.60354,16.66489],[106.6091,16.66409],[106.61829,16.65822],[106.61859,16.65609],[106.61714,16.65281],[106.59978,16.6514],[106.58475,16.64196],[106.56799,16.64177],[106.56516,16.64147],[106.565,16.64264],[106.56427,16.64355],[106.56372,16.6459],[106.56427,16.64733],[106.5669,16.64973],[106.56673,16.65108],[106.56765,16.6525],[106.56684,16.65454],[106.56663,16.65773],[106.56626,16.65842],[106.56668,16.65941],[106.56676,16.66143],[106.56531,16.66229],[106.56507,16.66607],[106.56299,16.66685],[106.56233,16.66792],[106.56138,16.66838],[106.56112,16.66978],[106.55966,16.67123],[106.55818,16.6738],[106.55796,16.67547],[106.55816,16.67691],[106.55683,16.67884],[106.55693,16.68065],[106.55661,16.68196],[106.55732,16.68279],[106.55741,16.6834],[106.55536,16.68587],[106.55449,16.68898],[106.5522,16.69429],[106.55159,16.7988],[106.55439,16.8005],[106.55616,16.80081],[106.55781,16.80182],[106.55988,16.80254],[106.56851,16.79578],[106.57942,16.8105],[106.58556,16.81234],[106.58874,16.81218],[106.58985,16.81168],[106.59109,16.81056],[106.59395,16.8099],[106.5975,16.8077],[106.59979,16.80698],[106.60252,16.80751],[106.6076,16.80775],[106.61164,16.80878],[106.6099,16.8111],[106.6097,16.81374],[106.61126,16.81876],[106.61215,16.82031],[106.61246,16.82201],[106.61349,16.82333],[106.61396,16.82561],[106.61378,16.82778],[106.61482,16.82871],[106.61703,16.82953],[106.618,16.83027],[106.62014,16.83304],[106.62069,16.83465],[106.62051,16.8357],[106.62327,16.83793],[106.62419,16.83926],[106.62616,16.8403],[106.62683,16.84164],[106.62912,16.84273],[106.6305,16.84476],[106.63157,16.84551],[106.63159,16.84716],[106.63273,16.84853]]]]}},
{"type":"Feature","id":"19462","properties":{"Ward_Code":"19462","Ward_Code_Num":19462,"Ward":"Tân Lập","Ward_Alt":"Tân Lập","Ward_Upper":"TÂN LẬP","Ward_Full":"Xã Tân Lập","Ward_Full_Alt":"Xã Tân Lập","Ward_Full_Upper_Alt":"XÃ TÂN LẬP","Ward_Type":"Xã","Province_Code":"44","Province":"Quảng Trị","Province_Upper_Alt":"QUẢNG TRỊ"},"geometry":{"type":"MultiPolygon","coordinates":[[[[106.72891,16.58422],[106.73824,16.57673],[106.74201,16.57481],[106.74164,16.57267],[106.74029,16.56934],[106.75107,16.53854],[106.7509,16.53162],[106.75028,16.53056],[106.74984,16.52761],[106.74748,16.52502],[106.74665,16.52459],[106.74396,16.52512],[106.74321,16.52633],[106.7423,16.52678],[106.73916,16.52663],[106.73851,16.52585],[106.73618,16.52523],[106.73308,16.52302],[106.73246,16.52038],[106.72986,16.51988],[106.72862,16.51886],[106.7276,16.51682],[106.72672,16.51595],[106.72659,16.5145],[106.72607,16.5136],[106.72103,16.51114],[106.71992,16.50939],[106.71757,16.50757],[106.70182,16.51201],[106.688,16.51813],[106.68293,16.52133],[106.68686,16.53744],[106.68414,16.54298],[106.68457,16.54487],[106.68525,16.54724],[106.68745,16.54935],[106.68814,16.55272],[106.68888,16.55336],[106.68989,16.55505],[106.69076,16.55548],[106.69054,16.55599],[106.69086,16.55797],[106.69128,16.55892],[106.69179,16.55919],[106.69066,16.55994],[106.69017,16.56079],[106.68999,16.56261],[106.68873,16.56563],[106.68935,16.56752],[106.68828,16.56839],[106.68728,16.5718],[106.68516,16.57358],[106.68349,16.57418],[106.68253,16.57505],[106.68196,16.57622],[106.68155,16.58194],[106.67766,16.58189],[106.67541,16.58072],[106.67367,16.58046],[106.67371,16.58103],[106.67545,16.58268],[106.6746,16.58298],[106.67409,16.58383],[106.6735,16.58411],[106.67287,16.58391],[106.67208,16.58282],[106.67156,16.58278],[106.67143,16.5831],[106.67204,16.58362],[106.6709,16.58462],[106.6708,16.58506],[106.67156,16.58576],[106.66983,16.58834],[106.67107,16.58821],[106.67194,16.58894],[106.67205,16.58972],[106.67117,16.59237],[106.67128,16.59342],[106.6736,16.59661],[106.6749,16.59727],[106.67732,16.59655],[106.67834,16.59588],[106.67929,16.59587],[106.67946,16.59617],[106.67754,16.59779],[106.67479,16.60216],[106.67389,16.60208],[106.67284,16.60301],[106.67213,16.60422],[106.67134,16.60791],[106.67083,16.60888],[106.66908,16.61008],[106.66897,16.61162],[106.66836,16.61276],[106.66846,16.61837],[106.66981,16.61954],[106.67027,16.62066],[106.67142,16.62087],[106.673,16.6225],[106.6745,16.62289],[106.67518,16.62345],[106.67604,16.62574],[106.67584,16.62722],[106.67717,16.62954],[106.67754,16.63221],[106.67794,16.63289],[106.67794,16.63519],[106.67868,16.63672],[106.67708,16.63946],[106.6756,16.64115],[106.67403,16.64201],[106.67345,16.64315],[106.67358,16.64348],[106.67503,16.64424],[106.67626,16.64413],[106.67722,16.64476],[106.68109,16.64498],[106.68215,16.64556],[106.68398,16.64566],[106.68739,16.6472],[106.68874,16.64733],[106.68954,16.64686],[106.69014,16.64562],[106.69668,16.64305],[106.69774,16.64149],[106.69895,16.64178],[106.6995,16.64102],[106.7011,16.6405],[106.70191,16.64085],[106.7042,16.64037],[106.70534,16.64047],[106.70707,16.64218],[106.70834,16.64271],[106.70813,16.64328],[106.70842,16.64373],[106.71068,16.64167],[106.71473,16.63958],[106.71922,16.63953],[106.7213,16.63754],[106.72179,16.63614],[106.72411,16.63584],[106.72425,16.63484],[106.72655,16.63314],[106.72649,16.63216],[106.72807,16.63112],[106.72796,16.63038],[106.72844,16.62916],[106.73013,16.62758],[106.72967,16.62711],[106.72913,16.6274],[106.726,16.62706],[106.72473,16.62661],[106.72281,16.62536],[106.7211,16.62543],[106.72063,16.62464],[106.7206,16.62356],[106.71868,16.62262],[106.71853,16.62049],[106.71813,16.62049],[106.71916,16.61901],[106.71963,16.61746],[106.7194,16.61674],[106.7199,16.61645],[106.72072,16.61436],[106.72142,16.61437],[106.72159,16.61383],[106.72283,16.61303],[106.72325,16.61235],[106.72329,16.61147],[106.72264,16.61108],[106.72262,16.61059],[106.72304,16.61016],[106.72402,16.60991],[106.72388,16.60939],[106.72482,16.60945],[106.72507,16.60843],[106.726,16.60872],[106.72622,16.60943],[106.72593,16.60989],[106.72634,16.61058],[106.72813,16.60955],[106.7287,16.60851],[106.72982,16.60828],[106.7292,16.60668],[106.72928,16.60576],[106.72881,16.60417],[106.72818,16.60326],[106.72858,16.60045],[106.72833,16.59926],[106.72235,16.58877],[106.72502,16.58718],[106.725,16.58684],[106.72639,16.58556],[106.72891,16.58422]]]]}},
{"type":"Feature","id":"19483","properties":{"Ward_Code":"19483","Ward_Code_Num":19483,"Ward":"A Dơi","Ward_Alt":"A Dơi","Ward_Upper":"A DƠI","Ward_Full":"Xã A Dơi","Ward_Full_Alt":"Xã A Dơi","Ward_Full_Upper_Alt":"XÃ A DƠI","Ward_Type":"Xã","Province_Code":"44","Province":"Quảng Trị","Province_Upper_Alt":"QUẢNG TRỊ"},"geometry":{"type":"MultiPolygon","coordinates":[[[[106.81342,16.55731],[106.8307,16.54882],[106.82994,16.54646],[106.8299,16.54493],[106.8305,16.54368],[106.83064,16.54111],[106.82927,16.53852],[106.8296,16.53686],[106.82822,16.53646],[106.82688,16.5345],[106.82436,16.53284],[106.8227,16.52923],[106.82315,16.52838],[106.82537,16.52702],[106.8255,16.52545],[106.82804,16.52364],[106.82883,16.52175],[106.82744,16.51976],[106.8269,16.51657],[106.82579,16.5144],[106.82406,16.51349],[106.82345,16.51272],[106.82318,16.50955],[106.82277,16.50841],[106.82079,16.50744],[106.82102,16.50628],[106.81917,16.50356],[106.81884,16.5009],[106.81749,16.49656],[106.81672,16.49484],[106.81522,16.49293],[106.81392,16.48664],[106.80817,16.4791],[106.80675,16.47788],[106.80557,16.47551],[106.80576,16.474],[106.80526,16.47062],[106.8042,16.46876],[106.80315,16.46533],[106.80237,16.46475],[106.80211,16.46354],[106.79254,16.4733],[106.79036,16.47363],[106.78769,16.47359],[106.78586,16.4732],[106.78368,16.47222],[106.78285,16.47094],[106.77685,16.47038],[106.77375,16.46957],[106.77272,16.46853],[106.7708,16.46763],[106.77064,16.46625],[106.77421,16.46288],[106.77424,16.46162],[106.7754,16.45904],[106.77271,16.45269],[106.77313,16.44745],[106.77511,16.44433],[106.77526,16.44281],[106.77468,16.44134],[106.77284,16.43851],[106.77231,16.43696],[106.77201,16.43187],[106.77076,16.43056],[106.76768,16.42876],[106.76316,16.42504],[106.76073,16.42481],[106.75724,16.42381],[106.74857,16.42416],[106.74582,16.42399],[106.7454,16.42337],[106.74528,16.42218],[106.74548,16.41997],[106.74609,16.41797],[106.74587,16.41662],[106.7403,16.411],[106.7391,16.41075],[106.73821,16.41237],[106.73827,16.41757],[106.73762,16.41884],[106.73596,16.4207],[106.73474,16.42323],[106.73413,16.42531],[106.73623,16.43664],[106.73604,16.43808],[106.73518,16.43901],[106.73269,16.43988],[106.72628,16.43673],[106.72408,16.43474],[106.72387,16.43415],[106.72415,16.43311],[106.72907,16.43041],[106.73021,16.42875],[106.73023,16.42786],[106.72973,16.42691],[106.7281,16.42555],[106.72695,16.42507],[106.72581,16.42519],[106.72006,16.43034],[106.71575,16.433],[106.71053,16.43368],[106.7053,16.4352],[106.70655,16.43739],[106.70888,16.44008],[106.70938,16.44115],[106.70934,16.44219],[106.70857,16.4435],[106.70851,16.44494],[106.70653,16.44724],[106.71256,16.45508],[106.71434,16.45646],[106.7145,16.4569],[106.71406,16.45711],[106.71465,16.45807],[106.72188,16.4635],[106.72504,16.46229],[106.72884,16.45952],[106.73089,16.45883],[106.73493,16.45436],[106.73854,16.45236],[106.74066,16.45242],[106.74162,16.45314],[106.7423,16.45302],[106.74288,16.45356],[106.74346,16.45353],[106.74409,16.45311],[106.74596,16.45279],[106.74716,16.45209],[106.74989,16.44955],[106.73691,16.46751],[106.7376,16.47242],[106.73635,16.47501],[106.73547,16.47586],[106.73482,16.47601],[106.73333,16.47747],[106.73332,16.47783],[106.73212,16.47862],[106.73145,16.47617],[106.72891,16.47622],[106.7312,16.48108],[106.72949,16.48754],[106.72307,16.50009],[106.71757,16.50757],[106.71992,16.50939],[106.72103,16.51114],[106.72607,16.5136],[106.72659,16.5145],[106.72672,16.51595],[106.7276,16.51682],[106.72862,16.51886],[106.72986,16.51988],[106.73246,16.52038],[106.73308,16.52302],[106.73618,16.52523],[106.73851,16.52585],[106.73916,16.52663],[106.7423,16.52678],[106.74321,16.52633],[106.74396,16.52512],[106.74595,16.52456],[106.74748,16.52502],[106.75004,16.52811],[106.75028,16.53056],[106.7509,16.53162],[106.75107,16.53854],[106.75236,16.53728],[106.75366,16.53763],[106.7561,16.53727],[106.75765,16.53817],[106.76066,16.53849],[106.76249,16.53951],[106.76392,16.5413],[106.76398,16.54555],[106.76318,16.5463],[106.76277,16.54843],[106.76179,16.54939],[106.76214,16.55133],[106.75991,16.55478],[106.75951,16.55592],[106.7595,16.56111],[106.75978,16.56159],[106.76101,16.56137],[106.76188,16.56072],[106.76331,16.56125],[106.76436,16.56208],[106.76602,16.56193],[106.76762,16.56065],[106.76915,16.56064],[106.7701,16.55993],[106.77112,16.55974],[106.77149,16.55893],[106.77274,16.55857],[106.7739,16.55735],[106.77603,16.55616],[106.77822,16.55635],[106.78003,16.55425],[106.78352,16.55414],[106.7859,16.55363],[106.78695,16.55385],[106.78839,16.55468],[106.78869,16.55593],[106.7892,16.55617],[106.79367,16.55623],[106.79457,16.55557],[106.79492,16.55463],[106.79642,16.55489],[106.79796,16.55424],[106.79846,16.55433],[106.79948,16.55531],[106.80109,16.55578],[106.80704,16.55441],[106.80905,16.55629],[106.81112,16.55632],[106.81342,16.55731]]]]}},
{"type":"Feature","id":"19489","properties":{"Ward_Code":"19489","Ward_Code_Num":19489,"Ward":"Lìa","Ward_Alt":"Lìa","Ward_Upper":"LÌA","Ward_Full":"Xã Lìa","Ward_Full_Alt":"Xã Lìa","Ward_Full_Upper_Alt":"XÃ LÌA","Ward_Type":"Xã","Province_Code":"44","Province":"Quảng Trị","Province_Upper_Alt":"QUẢNG TRỊ"},"geometry":{"type":"MultiPolygon","coordinates":[[[[106.67766,16.58189],[106.68155,16.58194],[106.68196,16.57622],[106.68253,16.57505],[106.68349,16.57418],[106.68516,16.57358],[106.68728,16.5718],[106.68828,16.56839],[106.68935,16.56752],[106.68873,16.56563],[106.68999,16.56261],[106.69017,16.56079],[106.69066,16.55994],[106.69179,16.55919],[106.69128,16.55892],[106.69086,16.55797],[106.69054,16.55599],[106.69076,16.55548],[106.68989,16.55505],[106.68888,16.55336],[106.68814,16.55272],[106.68745,16.54935],[106.68525,16.54724],[106.68457,16.54487],[106.68414,16.54298],[106.68686,16.53744],[106.68293,16.52133],[106.688,16.51813],[106.70182,16.51201],[106.71757,16.50757],[106.72307,16.50009],[106.72949,16.48754],[106.7312,16.48108],[106.72891,16.47622],[106.73145,16.47617],[106.73212,16.47862],[106.73332,16.47783],[106.73333,16.47747],[106.73482,16.47601],[106.73547,16.47586],[106.73635,16.47501],[106.7376,16.47242],[106.73691,16.46751],[106.74989,16.44955],[106.74716,16.45209],[106.74596,16.45279],[106.74409,16.45311],[106.74346,16.45353],[106.74288,16.45356],[106.7423,16.45302],[106.74162,16.45314],[106.74066,16.45242],[106.73854,16.45236],[106.73493,16.45436],[106.73089,16.45883],[106.72884,16.45952],[106.72504,16.46229],[106.72188,16.4635],[106.71465,16.45807],[106.71406,16.45711],[106.7145,16.4569],[106.71434,16.45646],[106.71256,16.45508],[106.70653,16.44724],[106.70851,16.44494],[106.70857,16.4435],[106.70934,16.44219],[106.70938,16.44115],[106.70888,16.44008],[106.70655,16.43739],[106.7053,16.4352],[106.70188,16.43578],[106.70076,16.43646],[106.69981,16.43752],[106.69704,16.43927],[106.69543,16.43987],[106.69031,16.43875],[106.68846,16.43869],[106.68742,16.43931],[106.68668,16.44074],[106.68637,16.44227],[106.68677,16.44411],[106.68789,16.44568],[106.69013,16.44624],[106.69228,16.44763],[106.69309,16.44851],[106.69328,16.44922],[106.68848,16.45442],[106.68592,16.45669],[106.68375,16.45801],[106.6828,16.45772],[106.67949,16.45298],[106.67829,16.45173],[106.67776,16.45137],[106.67688,16.45134],[106.67576,16.45234],[106.67427,16.4567],[106.67354,16.46248],[106.67346,16.46432],[106.67468,16.47313],[106.67402,16.47557],[106.67296,16.47648],[106.67177,16.47676],[106.67022,16.47666],[106.66845,16.476],[106.66506,16.47365],[106.66249,16.47229],[106.66155,16.47238],[106.66076,16.47327],[106.6606,16.47413],[106.66143,16.48203],[106.66188,16.48314],[106.66345,16.4849],[106.66407,16.48662],[106.66276,16.48893],[106.66144,16.49028],[106.6598,16.49132],[106.65945,16.49257],[106.66015,16.49371],[106.66324,16.49616],[106.6636,16.50112],[106.66525,16.50232],[106.66544,16.50292],[106.66406,16.50502],[106.6604,16.50602],[106.65477,16.50954],[106.65335,16.51073],[106.65215,16.51263],[106.65335,16.5167],[106.65303,16.51874],[106.65232,16.51963],[106.65051,16.51991],[106.64904,16.52057],[106.6471,16.52205],[106.64812,16.53593],[106.64737,16.54003],[106.6482,16.5413],[106.65031,16.54343],[106.65504,16.54738],[106.65891,16.55293],[106.66063,16.55472],[106.66509,16.55761],[106.66722,16.55843],[106.67142,16.55901],[106.67227,16.55963],[106.67256,16.56203],[106.66549,16.56853],[106.66274,16.57158],[106.66222,16.57267],[106.66209,16.57555],[106.66282,16.57819],[106.66444,16.58051],[106.66729,16.58344],[106.66734,16.58419],[106.66665,16.58438],[106.66652,16.58674],[106.6668,16.58731],[106.66835,16.58815],[106.66983,16.58834],[106.67156,16.58576],[106.6708,16.58506],[106.6709,16.58462],[106.67196,16.58386],[106.67202,16.58342],[106.6714,16.58302],[106.67156,16.58278],[106.67208,16.58282],[106.67287,16.58391],[106.6735,16.58411],[106.67409,16.58383],[106.6746,16.58298],[106.67545,16.58268],[106.67371,16.58103],[106.67367,16.58046],[106.67541,16.58072],[106.67766,16.58189]]]]}},
{"type":"Feature","id":"19495","properties":{"Ward_Code":"19495","Ward_Code_Num":19495,"Ward":"Gio Linh","Ward_Alt":"Gio Linh","Ward_Upper":"GIO LINH","Ward_Full":"Xã Gio Linh","Ward_Full_Alt":"Xã Gio Linh","Ward_Full_Upper_Alt":"XÃ GIO LINH","Ward_Type":"Xã","Province_Code":"44","Province":"Quảng Trị","Province_Upper_Alt":"QUẢNG TRỊ"},"geometry":{"type":"MultiPolygon","coordinates":[[[[107.00087,16.94037],[107.00238,16.94257],[107.00295,16.94458],[107.00546,16.94436],[107.00903,16.94558],[107.01234,16.94568],[107.01442,16.94519],[107.01466,16.94421],[107.01541,16.94412],[107.01685,16.94541],[107.01718,16.94629],[107.01705,16.94715],[107.01807,16.9477],[107.01946,16.94712],[107.01991,16.9485],[107.02048,16.94884],[107.02129,16.9503],[107.0223,16.94974],[107.02307,16.95],[107.02384,16.94805],[107.0247,16.94738],[107.02597,16.94713],[107.02646,16.9457],[107.02717,16.94588],[107.0276,16.94553],[107.02743,16.94453],[107.0263,16.94397],[107.02632,16.94278],[107.02701,16.94228],[107.02764,16.94066],[107.02896,16.94093],[107.03004,16.94017],[107.03068,16.93912],[107.03146,16.93897],[107.03597,16.9402],[107.03648,16.94059],[107.03632,16.94119],[107.03677,16.94227],[107.038,16.94235],[107.03907,16.94331],[107.04041,16.94307],[107.04169,16.94343],[107.043,16.94515],[107.04378,16.94552],[107.04756,16.94961],[107.05182,16.95214],[107.05206,16.95261],[107.0547,16.95269],[107.05481,16.95297],[107.05625,16.9533],[107.05994,16.96815],[107.06197,16.96808],[107.06316,16.96743],[107.0647,16.96555],[107.06546,16.9659],[107.07084,16.96332],[107.07601,16.96743],[107.07823,16.96782],[107.07939,16.96759],[107.08033,16.96687],[107.08279,16.96867],[107.08528,16.96974],[107.08506,16.97121],[107.08572,16.97464],[107.08525,16.97757],[107.0843,16.97989],[107.0839,16.98188],[107.08646,16.9859],[107.08828,16.98708],[107.08978,16.98754],[107.09162,16.98733],[107.09259,16.98669],[107.09412,16.98466],[107.09503,16.98404],[107.09777,16.98359],[107.1004,16.9841],[107.10204,16.98492],[107.1032,16.9859],[107.10454,16.98801],[107.1052,16.98695],[107.1033,16.98495],[107.10433,16.98298],[107.11013,16.98332],[107.11444,16.98172],[107.116,16.97933],[107.11845,16.97367],[107.11922,16.97396],[107.12118,16.97347],[107.12134,16.9726],[107.12194,16.97219],[107.12282,16.97268],[107.12317,16.97237],[107.1235,16.97103],[107.12316,16.97071],[107.12302,16.96828],[107.12392,16.96799],[107.1229,16.96664],[107.12617,16.96573],[107.1307,16.96136],[107.13895,16.94811],[107.1398,16.94571],[107.14352,16.92997],[107.12895,16.92869],[107.12464,16.92635],[107.10929,16.9196],[107.10808,16.91985],[107.10532,16.91933],[107.1014,16.91796],[107.10037,16.91797],[107.09869,16.91574],[107.09742,16.91517],[107.09858,16.90976],[107.10028,16.90603],[107.10918,16.89552],[107.1132,16.88996],[107.115,16.88921],[107.11743,16.88764],[107.11506,16.88688],[107.11584,16.8851],[107.12197,16.87631],[107.1254,16.87008],[107.12612,16.86654],[107.12671,16.85813],[107.12925,16.85726],[107.12683,16.85181],[107.12546,16.84988],[107.12486,16.84688],[107.12069,16.84459],[107.11894,16.84446],[107.1175,16.84534],[107.11608,16.8504],[107.1153,16.85164],[107.11445,16.85202],[107.11357,16.8519],[107.11303,16.85148],[107.11196,16.84946],[107.11146,16.84918],[107.1103,16.84939],[107.10916,16.85102],[107.10828,16.8551],[107.10765,16.85663],[107.10814,16.85721],[107.10982,16.85773],[107.11063,16.85833],[107.1121,16.85857],[107.11251,16.85953],[107.11216,16.86069],[107.11134,16.86125],[107.11079,16.8612],[107.10842,16.85941],[107.1078,16.85996],[107.10706,16.86203],[107.10663,16.8616],[107.10716,16.86096],[107.10703,16.86076],[107.10613,16.86153],[107.10412,16.86168],[107.10384,16.86129],[107.10402,16.86073],[107.10362,16.86025],[107.10159,16.85992],[107.10265,16.85851],[107.1024,16.85796],[107.10169,16.8578],[107.1014,16.85834],[107.10016,16.85795],[107.09979,16.8574],[107.09912,16.85744],[107.09894,16.85814],[107.10015,16.85856],[107.09976,16.85953],[107.09891,16.86003],[107.09938,16.86098],[107.09925,16.86147],[107.09998,16.86154],[107.09935,16.86254],[107.10053,16.86294],[107.10034,16.86394],[107.10093,16.86397],[107.10155,16.8649],[107.10088,16.86568],[107.10044,16.86534],[107.09953,16.86554],[107.09963,16.86637],[107.09899,16.86637],[107.09876,16.86732],[107.098,16.86783],[107.09764,16.86892],[107.09659,16.86867],[107.09526,16.86934],[107.09385,16.86893],[107.09351,16.86966],[107.0921,16.86925],[107.09172,16.87026],[107.09025,16.86931],[107.08922,16.87074],[107.08793,16.87165],[107.08797,16.87248],[107.08706,16.87325],[107.08638,16.87456],[107.08521,16.87448],[107.08531,16.87246],[107.08249,16.87192],[107.08234,16.87013],[107.08182,16.86981],[107.08034,16.86972],[107.0787,16.87033],[107.07766,16.86957],[107.07664,16.87014],[107.07425,16.86966],[107.07394,16.86989],[107.07364,16.87127],[107.07208,16.87268],[107.07099,16.87487],[107.06999,16.87408],[107.0681,16.8737],[107.06684,16.87382],[107.06515,16.87622],[107.06184,16.87712],[107.0635,16.87971],[107.06442,16.88034],[107.06512,16.88034],[107.06684,16.87919],[107.06743,16.88004],[107.06864,16.88087],[107.06755,16.88345],[107.06755,16.88548],[107.06672,16.88682],[107.06978,16.88782],[107.06962,16.88836],[107.06788,16.88922],[107.0678,16.89026],[107.06656,16.89054],[107.06604,16.89156],[107.06457,16.89154],[107.06316,16.89252],[107.06274,16.89215],[107.06284,16.89298],[107.06148,16.89341],[107.06093,16.895],[107.06429,16.89512],[107.06587,16.8991],[107.06078,16.90137],[107.05993,16.90252],[107.06082,16.9046],[107.05989,16.90616],[107.05736,16.90761],[107.05419,16.90757],[107.04911,16.91386],[107.04794,16.91472],[107.04588,16.91556],[107.04381,16.91715],[107.04289,16.91899],[107.04218,16.9194],[107.03965,16.91986],[107.03971,16.92293],[107.03886,16.92466],[107.03885,16.92632],[107.02654,16.92703],[107.02474,16.92665],[107.02449,16.92766],[107.02371,16.92812],[107.02359,16.92915],[107.02286,16.92926],[107.02251,16.92899],[107.02215,16.92927],[107.02134,16.9288],[107.02084,16.92888],[107.02018,16.93001],[107.02045,16.93129],[107.02018,16.93155],[107.01908,16.93026],[107.01813,16.93047],[107.0176,16.93095],[107.01708,16.93033],[107.01625,16.93001],[107.01353,16.92972],[107.01297,16.929],[107.01129,16.9279],[107.01082,16.92801],[107.01008,16.929],[107.00921,16.92929],[107.00824,16.93033],[107.00648,16.93095],[107.00613,16.93157],[107.00333,16.92989],[107.0034,16.93122],[107.00288,16.93175],[107.00095,16.93688],[107.00087,16.94037]]]]}},
{"type":"Feature","id":"19496","properties":{"Ward_Code":"19496","Ward_Code_Num":19496,"Ward":"Cửa Việt","Ward_Alt":"Cửa Việt","Ward_Upper":"CỬA VIỆT","Ward_Full":"Xã Cửa Việt","Ward_Full_Alt":"Xã Cửa Việt","Ward_Full_Upper_Alt":"XÃ CỬA VIỆT","Ward_Type":"Xã","Province_Code":"44","Province":"Quảng Trị","Province_Upper_Alt":"QUẢNG TRỊ"},"geometry":{"type":"MultiPolygon","coordinates":[[[[107.1277,16.85781],[107.12671,16.85813],[107.12612,16.86654],[107.1254,16.87008],[107.12197,16.87631],[107.11905,16.88067],[107.11776,16.88202],[107.11506,16.88688],[107.11743,16.88764],[107.115,16.88921],[107.1132,16.88996],[107.10918,16.89552],[107.10028,16.90603],[107.09858,16.90976],[107.09742,16.91517],[107.09869,16.91574],[107.10037,16.91797],[107.1014,16.91796],[107.10532,16.91933],[107.10808,16.91985],[107.10929,16.9196],[107.12464,16.92635],[107.12895,16.92869],[107.14352,16.92997],[107.1398,16.94571],[107.14209,16.94908],[107.14211,16.94959],[107.14302,16.95024],[107.14339,16.95094],[107.14503,16.9511],[107.14552,16.95168],[107.14628,16.95151],[107.14669,16.95184],[107.14716,16.95279],[107.14669,16.95353],[107.14675,16.95422],[107.14824,16.95672],[107.15781,16.94586],[107.16642,16.93495],[107.17377,16.92689],[107.18292,16.9182],[107.19193,16.91071],[107.19077,16.90996],[107.19151,16.90742],[107.19098,16.90696],[107.19131,16.9056],[107.18984,16.90492],[107.19062,16.90399],[107.18231,16.90002],[107.17138,16.89215],[107.16512,16.88819],[107.16046,16.88398],[107.15537,16.88002],[107.15311,16.87734],[107.15056,16.87001],[107.14874,16.86731],[107.14558,16.86574],[107.14138,16.86519],[107.13684,16.8638],[107.12923,16.85727],[107.1277,16.85781]]]]}},
{"type":"Feature","id":"19501","properties":{"Ward_Code":"19501","Ward_Code_Num":19501,"Ward":"Bến Hải","Ward_Alt":"Bến Hải","Ward_Upper":"BẾN HẢI","Ward_Full":"Xã Bến Hải","Ward_Full_Alt":"Xã Bến Hải","Ward_Full_Upper_Alt":"XÃ BẾN HẢI","Ward_Type":"Xã","Province_Code":"44","Province":"Quảng Trị","Province_Upper_Alt":"QUẢNG TRỊ"},"geometry":{"type":"MultiPolygon","coordinates":[[[[106.98635,16.95035],[106.98188,16.94863],[106.97947,16.94835],[106.97872,16.94805],[106.9783,16.94743],[106.97633,16.94673],[106.97248,16.94656],[106.97006,16.94682],[106.96668,16.94567],[106.96928,16.94928],[106.97167,16.95544],[106.97256,16.95607],[106.97269,16.95664],[106.9717,16.9598],[106.97217,16.95985],[106.9733,16.96261],[106.97378,16.96271],[106.97539,16.96212],[106.97651,16.96238],[106.97732,16.96312],[106.978,16.96573],[106.9789,16.96685],[106.98223,16.96706],[106.98597,16.97004],[106.98915,16.97185],[106.99332,16.9718],[106.9966,16.97513],[106.99745,16.97559],[107.00274,16.97728],[107.00772,16.97947],[107.01057,16.97993],[107.01245,16.9797],[107.02174,16.97534],[107.02882,16.9729],[107.03147,16.9724],[107.03495,16.97244],[107.04321,16.97408],[107.04662,16.97521],[107.04961,16.9769],[107.05362,16.97999],[107.05478,16.98183],[107.0551,16.98314],[107.05494,16.98624],[107.05434,16.98849],[107.05325,16.9899],[107.05094,16.99164],[107.04943,16.99404],[107.04927,16.99701],[107.04998,17.00134],[107.05117,17.00375],[107.05396,17.00718],[107.05749,17.00976],[107.05928,17.01027],[107.06193,17.0099],[107.06438,17.00877],[107.06822,17.00554],[107.07129,17.00542],[107.07315,17.00476],[107.07403,17.00374],[107.07514,17.00113],[107.0761,16.99974],[107.08184,16.99723],[107.0834,16.9961],[107.08422,16.99489],[107.08484,16.99241],[107.08562,16.99118],[107.08736,16.99016],[107.08971,16.98999],[107.09216,16.99053],[107.09452,16.99231],[107.09576,16.99426],[107.09666,16.9971],[107.09771,16.99826],[107.10307,17.00052],[107.10464,17.00188],[107.10559,17.00325],[107.10643,17.00617],[107.10724,17.01208],[107.10823,17.01322],[107.1104,17.01242],[107.11061,17.01269],[107.1119,17.01254],[107.11357,17.01341],[107.11389,17.01076],[107.11639,17.0047],[107.12392,16.99114],[107.12826,16.98409],[107.13543,16.97461],[107.14197,16.96479],[107.14824,16.95672],[107.14675,16.95422],[107.14669,16.95353],[107.14716,16.95279],[107.14669,16.95184],[107.14628,16.95151],[107.14552,16.95168],[107.14503,16.9511],[107.14339,16.95094],[107.14302,16.95024],[107.14211,16.94959],[107.14209,16.94908],[107.1398,16.94571],[107.13816,16.9495],[107.1307,16.96136],[107.12617,16.96573],[107.1229,16.96664],[107.12392,16.96799],[107.12302,16.96828],[107.12316,16.97071],[107.1235,16.97103],[107.12317,16.97237],[107.12282,16.97268],[107.12194,16.97219],[107.12134,16.9726],[107.12118,16.97347],[107.11922,16.97396],[107.11845,16.97367],[107.11749,16.97627],[107.11465,16.98155],[107.11013,16.98332],[107.10433,16.98298],[107.1033,16.98495],[107.1052,16.98695],[107.10454,16.98801],[107.1032,16.9859],[107.10204,16.98492],[107.1004,16.9841],[107.09777,16.98359],[107.09503,16.98404],[107.09412,16.98466],[107.09228,16.98695],[107.09130999999999,16.98743],[107.0901,16.98756],[107.08688,16.98639],[107.08548,16.98464],[107.0849,16.98309],[107.0839,16.98188],[107.0843,16.97989],[107.08525,16.97757],[107.08572,16.97464],[107.08506,16.97121],[107.08528,16.96974],[107.08279,16.96867],[107.08033,16.96687],[107.07939,16.96759],[107.07823,16.96782],[107.07601,16.96743],[107.07084,16.96332],[107.06546,16.9659],[107.0647,16.96555],[107.06316,16.96743],[107.06197,16.96808],[107.05994,16.96815],[107.05625,16.9533],[107.05481,16.95297],[107.0547,16.95269],[107.05206,16.95261],[107.05182,16.95214],[107.04756,16.94961],[107.04378,16.94552],[107.043,16.94515],[107.04169,16.94343],[107.04041,16.94307],[107.03907,16.94331],[107.038,16.94235],[107.03677,16.94227],[107.03632,16.94119],[107.03648,16.94059],[107.03597,16.9402],[107.03146,16.93897],[107.03068,16.93912],[107.03004,16.94017],[107.02896,16.94093],[107.02764,16.94066],[107.02701,16.94228],[107.02632,16.94278],[107.0263,16.94397],[107.02743,16.94453],[107.0276,16.94553],[107.02717,16.94588],[107.02646,16.9457],[107.02597,16.94713],[107.0247,16.94738],[107.02384,16.94805],[107.02298,16.95005],[107.0223,16.94974],[107.02129,16.9503],[107.02048,16.94884],[107.01991,16.9485],[107.01946,16.94712],[107.01833,16.94766],[107.01756,16.9476],[107.01705,16.94715],[107.01718,16.94629],[107.01685,16.94541],[107.01595,16.94446],[107.01495,16.94402],[107.01442,16.94519],[107.01234,16.94568],[107.01002,16.94576],[107.00546,16.94436],[107.00431,16.94427],[107.00097,16.94527],[106.99991,16.9462],[106.99901,16.94643],[106.99581,16.94679],[106.9947,16.94572],[106.99364,16.94568],[106.99183,16.94746],[106.99081,16.94736],[106.98858,16.94806],[106.98769,16.94798],[106.98653,16.95044],[106.98635,16.95035]]]]}},
{"type":"Feature","id":"19537","properties":{"Ward_Code":"19537","Ward_Code_Num":19537,"Ward":"Cồn Tiên","Ward_Alt":"Cồn Tiên","Ward_Upper":"CỒN TIÊN","Ward_Full":"Xã Cồn Tiên","Ward_Full_Alt":"Xã Cồn Tiên","Ward_Full_Upper_Alt":"XÃ CỒN TIÊN","Ward_Type":"Xã","Province_Code":"44","Province":"Quảng Trị","Province_Upper_Alt":"QUẢNG TRỊ"},"geometry":{"type":"MultiPolygon","coordinates":[[[[106.75642,16.89685],[106.7572,16.89677],[106.75799,16.89738],[106.76079,16.89712],[106.76148,16.89694],[106.76131,16.89592],[106.76185,16.89554],[106.76686,16.89674],[106.77102,16.89668],[106.77538,16.89514],[106.776,16.89533],[106.77583,16.8986],[106.7769,16.89874],[106.77752,16.8984],[106.77882,16.89594],[106.7797,16.89516],[106.78306,16.89449],[106.78535,16.89316],[106.78853,16.89483],[106.78888,16.89392],[106.78853,16.89233],[106.78897,16.8916],[106.79054,16.8923],[106.79095,16.89361],[106.79255,16.89412],[106.79313,16.89394],[106.79331,16.89343],[106.7931,16.89228],[106.79333,16.89179],[106.79431,16.89125],[106.79707,16.89151],[106.79903,16.89233],[106.79935,16.89284],[106.79831,16.89395],[106.79836,16.8947],[106.80086,16.89507],[106.80492,16.89415],[106.80544,16.89297],[106.80483,16.89142],[106.8071,16.88914],[106.80797,16.88885],[106.80852,16.889],[106.80948,16.89002],[106.81075,16.8921],[106.81102,16.894],[106.81248,16.89351],[106.81361,16.89354],[106.81394,16.89395],[106.81346,16.89495],[106.81425,16.89557],[106.81609,16.89424],[106.81682,16.8932],[106.81751,16.89318],[106.81819,16.8936],[106.81838,16.89479],[106.81808,16.89636],[106.81885,16.89697],[106.82018,16.8966],[106.82033,16.8956],[106.81997,16.89488],[106.82033,16.89445],[106.82205,16.89466],[106.82221,16.89496],[106.82147,16.89862],[106.82174,16.89878],[106.82304,16.899],[106.82418,16.89803],[106.82565,16.89959],[106.82669,16.89941],[106.82714,16.89884],[106.8274,16.89616],[106.82786,16.89575],[106.82833,16.89592],[106.82886,16.89747],[106.82953,16.89797],[106.8312,16.89646],[106.8327,16.89725],[106.8321,16.89806],[106.83005,16.89898],[106.8299,16.90036],[106.83064,16.90056],[106.83556,16.89938],[106.83679,16.90134],[106.8372,16.90264],[106.83891,16.90223],[106.84119,16.90345],[106.84195,16.90336],[106.8431,16.90211],[106.84474,16.90214],[106.84563,16.90286],[106.8454,16.9038],[106.8447,16.90472],[106.84502,16.90535],[106.84554,16.90541],[106.84696,16.90441],[106.84881,16.90435],[106.84938,16.90331],[106.85014,16.90317],[106.85107,16.90366],[106.8529,16.90544],[106.85256,16.90687],[106.85355,16.90673],[106.85543,16.90572],[106.8573,16.90566],[106.85778,16.90626],[106.85645,16.90788],[106.85627,16.90855],[106.85738,16.90881],[106.85908,16.90818],[106.85954,16.9064],[106.86073,16.90607],[106.86101,16.90753],[106.862,16.9078],[106.86406,16.9076],[106.86438,16.90806],[106.86394,16.9087],[106.86283,16.90889],[106.86223,16.91024],[106.8625,16.91096],[106.86327,16.91116],[106.8644,16.91026],[106.86502,16.9102],[106.86569,16.91066],[106.86671,16.91072],[106.86722,16.91177],[106.86778,16.91202],[106.86849,16.91092],[106.86856,16.90993],[106.86915,16.90991],[106.87072,16.912],[106.87043,16.91418],[106.87089,16.91488],[106.87202,16.91467],[106.8727,16.91358],[106.8728,16.91232],[106.87244,16.9106],[106.87287,16.9091],[106.87411,16.90903],[106.87567,16.90812],[106.87605,16.90729],[106.87596,16.90619],[106.87768,16.90617],[106.87895,16.90515],[106.87978,16.90526],[106.88172,16.90652],[106.88218,16.90643],[106.88255,16.90586],[106.88239,16.90366],[106.88293,16.90345],[106.88559,16.90437],[106.88474,16.906],[106.88501,16.90695],[106.88655,16.90937],[106.88787,16.91004],[106.88877,16.91144],[106.89154,16.91164],[106.89311,16.9098],[106.8949,16.90983],[106.89633,16.90782],[106.89786,16.9076],[106.89964,16.91008],[106.89997,16.91129],[106.89973,16.91231],[106.89798,16.91376],[106.89818,16.9146],[106.89883,16.91509],[106.89975,16.91514],[106.90544,16.91465],[106.90613,16.91565],[106.90595,16.91762],[106.90647,16.91843],[106.91107,16.91867],[106.91503,16.91997],[106.91468,16.92147],[106.91492,16.92229],[106.91654,16.92407],[106.9186,16.92318],[106.91855,16.92196],[106.91895,16.92131],[106.92075,16.92077],[106.9211,16.92123],[106.92055,16.92258],[106.9206,16.92377],[106.92233,16.92389],[106.92438,16.92544],[106.92516,16.92555],[106.92686,16.92478],[106.92845,16.92356],[106.9298,16.92401],[106.93053,16.92376],[106.93184,16.92487],[106.93259,16.92647],[106.93351,16.927],[106.93418,16.92667],[106.93521,16.92434],[106.93907,16.92326],[106.94032,16.92322],[106.94069,16.92572],[106.94287,16.9276],[106.94428,16.93006],[106.94405,16.93116],[106.94266,16.93187],[106.94269,16.9325],[106.94385,16.93384],[106.94594,16.93362],[106.94676,16.93386],[106.94946,16.93672],[106.9497,16.93733],[106.94823,16.93894],[106.94777,16.93887],[106.94616,16.93735],[106.9456,16.93752],[106.94453,16.9386],[106.9448,16.94031],[106.94659,16.94113],[106.94705,16.94165],[106.94696,16.94392],[106.94242,16.944],[106.942,16.94435],[106.94195,16.94536],[106.94236,16.94577],[106.94456,16.9456],[106.94596,16.94702],[106.94618,16.94878],[106.94324,16.94862],[106.94296,16.9495],[106.94342,16.95101],[106.94155,16.95233],[106.94152,16.95281],[106.94294,16.95298],[106.94412,16.95197],[106.94506,16.95172],[106.94521,16.95417],[106.94788,16.95747],[106.9504,16.95357],[106.95093,16.9538],[106.95141,16.95477],[106.95001,16.95814],[106.95013,16.96013],[106.94868,16.96101],[106.94886,16.96198],[106.9525,16.96376],[106.95619,16.96637],[106.95768,16.96841],[106.95951,16.96924],[106.96016,16.96896],[106.96123,16.96764],[106.96129,16.96707],[106.96068,16.96618],[106.9605,16.96486],[106.96164,16.96385],[106.96392,16.96417],[106.96436,16.96452],[106.96428,16.96764],[106.96456,16.96815],[106.96745,16.96787],[106.96811,16.96751],[106.96824,16.96688],[106.96744,16.96509],[106.96784,16.96474],[106.97019,16.96432],[106.97064,16.96094],[106.9717,16.9598],[106.97269,16.95664],[106.97256,16.95607],[106.97167,16.95544],[106.96928,16.94928],[106.96668,16.94567],[106.97006,16.94682],[106.97248,16.94656],[106.97633,16.94673],[106.9783,16.94743],[106.97872,16.94805],[106.97947,16.94835],[106.98188,16.94863],[106.98653,16.95044],[106.98769,16.94798],[106.98858,16.94806],[106.99081,16.94736],[106.99183,16.94746],[106.99364,16.94568],[106.9947,16.94572],[106.99581,16.94679],[106.99901,16.94643],[106.99991,16.9462],[107.00097,16.94527],[107.00295,16.94458],[107.00238,16.94257],[107.00087,16.94037],[107.00095,16.93688],[107.00288,16.93175],[107.0034,16.93122],[107.00333,16.92989],[107.00613,16.93157],[107.00648,16.93095],[107.00824,16.93033],[107.00921,16.92929],[107.01008,16.929],[107.01082,16.92801],[107.01129,16.9279],[107.01297,16.929],[107.01353,16.92972],[107.01625,16.93001],[107.01708,16.93033],[107.0176,16.93095],[107.01813,16.93047],[107.01908,16.93026],[107.02018,16.93155],[107.02045,16.93129],[107.02018,16.93001],[107.02084,16.92888],[107.02134,16.9288],[107.02215,16.92927],[107.02251,16.92899],[107.02286,16.92926],[107.02359,16.92915],[107.02371,16.92812],[107.02449,16.92766],[107.02474,16.92665],[107.02654,16.92703],[107.03885,16.92632],[107.03886,16.92466],[107.03971,16.92293],[107.03965,16.91986],[107.04218,16.9194],[107.04289,16.91899],[107.04381,16.91715],[107.04588,16.91556],[107.04794,16.91472],[107.04911,16.91386],[107.05419,16.90757],[107.05736,16.90761],[107.05973,16.9063],[107.06082,16.9046],[107.05993,16.90252],[107.06078,16.90137],[107.06587,16.8991],[107.06429,16.89512],[107.06093,16.895],[107.06142,16.89353],[107.06284,16.89298],[107.06274,16.89215],[107.06316,16.89252],[107.06457,16.89154],[107.06604,16.89156],[107.06656,16.89054],[107.0678,16.89026],[107.06788,16.88922],[107.06962,16.88836],[107.06978,16.88782],[107.06672,16.88682],[107.06755,16.88548],[107.06755,16.88345],[107.06864,16.88087],[107.06743,16.88004],[107.06684,16.87919],[107.06512,16.88034],[107.06442,16.88034],[107.0635,16.87971],[107.06184,16.87712],[107.05151,16.88344],[107.04958,16.88411],[107.04666,16.88462],[107.04201,16.88479],[107.0363,16.88403],[107.03582,16.88351],[107.03579,16.88295],[107.03694,16.87905],[107.03467,16.87745],[107.03476,16.8752],[107.0341,16.87516],[107.03318,16.87609],[107.03202,16.8753],[107.03076,16.87499],[107.02939,16.87567],[107.02772,16.87554],[107.02713,16.87485],[107.02718,16.87385],[107.0265,16.87332],[107.02694,16.87249],[107.02652,16.87218],[107.02607,16.87234],[107.02584,16.87179],[107.02454,16.87067],[107.02328,16.87055],[107.02228,16.87087],[107.02219,16.87011],[107.02144,16.87029],[107.02038,16.86975],[107.02018,16.86926],[107.02069,16.86835],[107.01983,16.86832],[107.01956,16.86792],[107.01852,16.86763],[107.01868,16.86718],[107.01936,16.86694],[107.01902,16.86596],[107.01853,16.86555],[107.01906,16.86502],[107.0189,16.86427],[107.01808,16.86385],[107.01865,16.86284],[107.01832,16.86263],[107.01701,16.85958],[107.01548,16.85825],[107.01487,16.85668],[107.0138,16.85716],[107.01197,16.85697],[107.01039,16.85843],[107.00861,16.85891],[107.00712,16.85992],[107.00336,16.85968],[107.0037,16.85842],[107.00262,16.85859],[107.00031,16.85775],[106.99445,16.85903],[106.99336,16.85968],[106.99226,16.85937],[106.99096,16.85992],[106.99021,16.85937],[106.98888,16.86084],[106.98777,16.86014],[106.97637,16.86132],[106.97553,16.86074],[106.97368,16.86051],[106.97315999999999,16.8612],[106.9721,16.8615],[106.97128,16.86127],[106.97075,16.85981],[106.96958,16.85852],[106.9675,16.85806],[106.96684,16.85732],[106.96591,16.85706],[106.96562,16.85782],[106.9649,16.85843],[106.96389,16.85845],[106.96264,16.85905],[106.96247,16.85867],[106.96192,16.85888],[106.96017,16.85864],[106.95885,16.85776],[106.95834,16.85693],[106.95744,16.85669],[106.95458,16.85471],[106.95339,16.85527],[106.95215,16.85684],[106.95016,16.8572],[106.94845,16.85666],[106.94477,16.85444],[106.94316,16.85393],[106.9424,16.85436],[106.9421,16.85536],[106.93993,16.85621],[106.93939,16.8597],[106.93848,16.86122],[106.93932,16.86334],[106.93859,16.8639],[106.93863,16.86474],[106.93992,16.86577],[106.94122,16.86764],[106.9408,16.86926],[106.94108,16.8696],[106.9408,16.87189],[106.94127,16.874],[106.94064,16.87462],[106.94037,16.87548],[106.94078,16.87603],[106.94012,16.87828],[106.94032,16.87887],[106.93954,16.88039],[106.93853,16.88151],[106.93942,16.88314],[106.93838,16.88323],[106.9377,16.88279],[106.93584,16.8825],[106.93546,16.88206],[106.93434,16.88182],[106.93401,16.8808],[106.93326,16.88038],[106.93277,16.88069],[106.9322,16.88058],[106.93193,16.88171],[106.93152,16.88214],[106.92969,16.88173],[106.9295,16.88114],[106.92878,16.8808],[106.92757,16.88132],[106.92606,16.88],[106.9261,16.8793],[106.92538,16.87893],[106.9258,16.87792],[106.92499,16.87708],[106.92551,16.87667],[106.92544,16.87629],[106.92397,16.87557],[106.92401,16.8742],[106.9231,16.87379],[106.92286,16.87326],[106.92104,16.87426],[106.92037,16.87402],[106.91974,16.87443],[106.91725,16.8745],[106.91659,16.87425],[106.91655,16.87364],[106.91555,16.8728],[106.91377,16.8723],[106.91285,16.87145],[106.91005,16.87],[106.90888,16.87026],[106.90861,16.86959],[106.90797,16.86948],[106.90776,16.86903],[106.90736,16.8692],[106.90737,16.86869],[106.90702,16.8686],[106.90679,16.86791],[106.90709,16.86699],[106.90774,16.86652],[106.90774,16.86521],[106.90819,16.86473],[106.9077,16.86451],[106.90755,16.86356],[106.9089,16.86191],[106.90945,16.86195],[106.91011,16.86141],[106.91042,16.86177],[106.91152,16.86203],[106.91111,16.86175],[106.9114,16.86094],[106.91083,16.86006],[106.90994,16.86008],[106.90914,16.85968],[106.90964,16.85932],[106.90929,16.85838],[106.90792,16.85838],[106.9075,16.85808],[106.90788,16.8574],[106.90755,16.85672],[106.9091,16.85564],[106.90928,16.85384],[106.90899,16.85276],[106.9082,16.85268],[106.90818,16.85338],[106.90712,16.85315],[106.90649,16.85267],[106.90673,16.85162],[106.90623,16.85158],[106.90518,16.85213],[106.90475,16.85306],[106.90414,16.8531],[106.90212,16.85461],[106.89913,16.85374],[106.89837,16.85293],[106.89808,16.85185],[106.89688,16.85169],[106.89665,16.84847],[106.89605,16.84755],[106.89665,16.84673],[106.89734,16.8464],[106.89799,16.8451],[106.89788,16.84377],[106.89885,16.84227],[106.89999,16.84282],[106.90071,16.84239],[106.90108,16.8387],[106.90263,16.83803],[106.90348,16.83684],[106.9049,16.83664],[106.90491,16.83631],[106.90662,16.83507],[106.90708,16.83531],[106.90752,16.83484],[106.90877,16.83474],[106.91058,16.83581],[106.9096,16.83469],[106.90938,16.83255],[106.906,16.8313],[106.90453,16.82991],[106.90143,16.82951],[106.90024,16.82797],[106.89824,16.82719],[106.89769,16.8271],[106.897,16.82774],[106.89636,16.82772],[106.89585,16.82729],[106.89628,16.82655],[106.89596,16.8261],[106.89474,16.82632],[106.89276,16.82571],[106.8915,16.82622],[106.88984,16.8262],[106.88908,16.82545],[106.889,16.82494],[106.88818,16.82445],[106.88561,16.82489],[106.88468,16.82387],[106.88253,16.82302],[106.88052,16.82267],[106.87983,16.82283],[106.8785,16.82397],[106.87786,16.82389],[106.87635,16.82214],[106.87496,16.82209],[106.87502,16.82148],[106.87362,16.82112],[106.87383,16.82071],[106.87357,16.82056],[106.87226,16.8204],[106.87163,16.81994],[106.87114,16.81899],[106.87005,16.81875],[106.86747,16.81886],[106.86659,16.81846],[106.86626,16.81777],[106.86488,16.81785],[106.86459,16.81748],[106.86298,16.8176],[106.86263,16.81802],[106.86129,16.81819],[106.85927,16.81761],[106.85894,16.81804],[106.85836,16.81655],[106.85754,16.81612],[106.85663,16.81599],[106.85548,16.81628],[106.85451,16.81696],[106.85238,16.81602],[106.85117,16.81599],[106.84916,16.81714],[106.84892,16.81812],[106.84776,16.81796],[106.84723,16.81846],[106.84643,16.81749],[106.84422,16.8182],[106.8422,16.81784],[106.84002,16.81902],[106.83938,16.81882],[106.83856,16.8198],[106.83809,16.81955],[106.83755,16.81847],[106.83709,16.81841],[106.83705,16.81787],[106.83751,16.81748],[106.83746,16.81673],[106.83793,16.81624],[106.83757,16.81506],[106.83879,16.8147],[106.83929,16.81421],[106.83894,16.8139],[106.8381,16.8139],[106.83794,16.8136],[106.8384,16.81296],[106.83808,16.81214],[106.83891,16.81253],[106.83849,16.81116],[106.83882,16.81069],[106.83805,16.81108],[106.83658,16.81121],[106.8357,16.81087],[106.83503,16.81006],[106.83401,16.80969],[106.83281,16.81043],[106.83035,16.811],[106.8301,16.81242],[106.82832,16.81502],[106.82415,16.81501],[106.82294,16.81548],[106.82265,16.81601],[106.82287,16.81728],[106.82249,16.81776],[106.82054,16.81811],[106.81895,16.81528],[106.81858,16.8152],[106.81787,16.81653],[106.81808,16.81857],[106.81725,16.81865],[106.81586,16.81778],[106.8139,16.81793],[106.81288,16.819],[106.81225,16.8207],[106.81083,16.82292],[106.80774,16.82396],[106.80615,16.82423],[106.80417,16.82371],[106.80291,16.82284],[106.80124,16.82292],[106.80057,16.82192],[106.79919,16.82156],[106.79731,16.82264],[106.7952,16.82156],[106.79336,16.82304],[106.79264,16.82418],[106.79221,16.82428],[106.79144,16.82364],[106.79117,16.82224],[106.79042,16.82077],[106.78984,16.82048],[106.7888,16.82159],[106.78739,16.82236],[106.78793,16.82403],[106.7895,16.8263],[106.78962,16.82758],[106.7892,16.82931],[106.78998,16.83053],[106.78768,16.83178],[106.78786,16.83301],[106.78748,16.83341],[106.78512,16.8331],[106.78474,16.83278],[106.78543,16.83151],[106.78558,16.83008],[106.78475,16.82857],[106.78569,16.82702],[106.78675,16.82688],[106.78688,16.82648],[106.78276,16.82276],[106.78254,16.82164],[106.78169,16.82146],[106.78166,16.82295],[106.78054,16.8248],[106.7805,16.82654],[106.7798,16.82942],[106.7809,16.8323],[106.77963,16.83386],[106.77872,16.83371],[106.77812,16.83422],[106.7774,16.83536],[106.77715,16.83663],[106.77666,16.83673],[106.77643,16.83743],[106.77673,16.83974],[106.7775,16.84132],[106.77693,16.84126],[106.77622,16.84165],[106.77454,16.84547],[106.77321,16.84679],[106.77261,16.84816],[106.7703,16.85074],[106.77064,16.85365],[106.768,16.8544],[106.76554,16.85648],[106.76455,16.85777],[106.76374,16.85955],[106.76271,16.8606],[106.76251,16.86166],[106.76276,16.86221],[106.762,16.86269],[106.76214,16.86321],[106.76104,16.86346],[106.75976,16.86467],[106.75952,16.86606],[106.75914,16.86666],[106.75872,16.86676],[106.75888,16.86773],[106.75759,16.86804],[106.75782,16.86868],[106.75745,16.86994],[106.75673,16.87071],[106.75563,16.87036],[106.75569,16.87204],[106.75628,16.87243],[106.75668,16.87344],[106.75472,16.87393],[106.75183,16.87382],[106.75104,16.87462],[106.74792,16.87458],[106.74701,16.87575],[106.74486,16.8775],[106.74149,16.87768],[106.73992,16.8781],[106.73812,16.87909],[106.73579,16.87969],[106.73502,16.88058],[106.73474,16.87963],[106.73288,16.87801],[106.73083,16.87775],[106.72735,16.87818],[106.72567,16.87911],[106.72318,16.87949],[106.72213,16.88101],[106.71814,16.88289],[106.71701,16.88221],[106.71496,16.88186],[106.71369,16.88074],[106.70884,16.88039],[106.70703,16.87923],[106.70613,16.87999],[106.70459,16.88064],[106.70196,16.88052],[106.70044,16.88139],[106.69973,16.88233],[106.69779,16.88272],[106.69495,16.88433],[106.69315,16.88399],[106.69274,16.88434],[106.692,16.88588],[106.69256,16.88711],[106.69287,16.8891],[106.69266,16.88968],[106.69144,16.89123],[106.69124,16.8924],[106.68966,16.89403],[106.68999,16.89604],[106.68974,16.89691],[106.68668,16.90043],[106.68737,16.90264],[106.68891,16.90274],[106.69282,16.9012],[106.694,16.90105],[106.69454,16.9011],[106.6944,16.90169],[106.69476,16.902],[106.69601,16.90214],[106.69624,16.90135],[106.69696,16.9012],[106.69786,16.90044],[106.69902,16.90113],[106.69929,16.901],[106.69917,16.90015],[106.69942,16.89998],[106.70049,16.89989],[106.7026,16.90034],[106.70292,16.8993],[106.70439,16.89879],[106.70581,16.89892],[106.70679,16.90065],[106.71032,16.90102],[106.71079,16.90031],[106.71187,16.90083],[106.71197,16.8997],[106.71233,16.89926],[106.71576,16.89717],[106.7183,16.89782],[106.71978,16.89668],[106.72447,16.89672],[106.7273,16.8971],[106.73017,16.89642],[106.73116,16.89706],[106.73278,16.89674],[106.73807,16.89694],[106.73883,16.89792],[106.73841,16.89955],[106.73957,16.89991],[106.74093,16.89947],[106.7414,16.89857],[106.7414,16.8973],[106.74179,16.89714],[106.74387,16.89886],[106.74541,16.89911],[106.74567,16.90008],[106.74644,16.89996],[106.7469,16.89876],[106.74826,16.9],[106.74953,16.89931],[106.75031,16.89985],[106.75138,16.89938],[106.75213,16.90024],[106.75295,16.90044],[106.75643,16.89917],[106.7568,16.89836],[106.75633,16.89741],[106.75642,16.89685]]]]}},
{"type":"Feature","id":"19555","properties":{"Ward_Code":"19555","Ward_Code_Num":19555,"Ward":"Hướng Hiệp","Ward_Alt":"Hướng Hiệp","Ward_Upper":"HƯỚNG HIỆP","Ward_Full":"Xã Hướng Hiệp","Ward_Full_Alt":"Xã Hướng Hiệp","Ward_Full_Upper_Alt":"XÃ HƯỚNG HIỆP","Ward_Type":"Xã","Province_Code":"44","Province":"Quảng Trị","Province_Upper_Alt":"QUẢNG TRỊ"},"geometry":{"type":"MultiPolygon","coordinates":[[[[106.77864,16.83376],[106.77963,16.83386],[106.7809,16.8323],[106.7798,16.82942],[106.7805,16.82654],[106.78054,16.8248],[106.78166,16.82295],[106.78169,16.82146],[106.78254,16.82164],[106.78276,16.82276],[106.78688,16.82648],[106.78675,16.82688],[106.78569,16.82702],[106.78475,16.82857],[106.78558,16.83008],[106.78543,16.83151],[106.78474,16.83278],[106.78512,16.8331],[106.78731,16.83344],[106.78785,16.83309],[106.78768,16.83178],[106.78998,16.83053],[106.7892,16.82931],[106.78962,16.82758],[106.7895,16.8263],[106.78823,16.82457],[106.78738,16.8227],[106.78754,16.82211],[106.7886,16.82174],[106.78984,16.82048],[106.79042,16.82077],[106.79117,16.82224],[106.79144,16.82364],[106.79221,16.82428],[106.79264,16.82418],[106.79336,16.82304],[106.79494,16.8216],[106.7958,16.82174],[106.79731,16.82264],[106.79905,16.82154],[106.80057,16.82192],[106.80106,16.82286],[106.80291,16.82284],[106.80431,16.82377],[106.80626,16.82422],[106.81083,16.82292],[106.81225,16.8207],[106.81303,16.81876],[106.814,16.81788],[106.81586,16.81778],[106.81725,16.81865],[106.81799,16.81864],[106.81787,16.81653],[106.81858,16.8152],[106.81895,16.81528],[106.82005,16.81762],[106.8208,16.8182],[106.82271,16.81758],[106.82273,16.81568],[106.82364,16.81513],[106.82832,16.81502],[106.8301,16.81242],[106.83045,16.81093],[106.82981,16.8084],[106.82991,16.80715],[106.83147,16.80768],[106.83237,16.80734],[106.83346,16.80565],[106.83405,16.80531],[106.83428,16.80423],[106.83554,16.80323],[106.83543,16.80192],[106.8369,16.80009],[106.83602,16.79956],[106.83586,16.79739],[106.83755,16.79666],[106.83832,16.79502],[106.83911,16.79462],[106.83956,16.79307],[106.84052,16.79178],[106.84075,16.79066],[106.8421,16.78856],[106.84152,16.78732],[106.84218,16.78631],[106.84177,16.78502],[106.84269,16.78402],[106.84363,16.78199],[106.84925,16.78066],[106.85388,16.78015],[106.85564,16.77415],[106.85656,16.77246],[106.85654,16.77194],[106.85736,16.77089],[106.85711,16.76991],[106.85761,16.76967],[106.85801,16.76887],[106.86191,16.7677],[106.86388,16.76781],[106.86449,16.76821],[106.86556,16.76833],[106.86619,16.76786],[106.86698,16.76616],[106.86924,16.76638],[106.86873,16.76358],[106.86941,16.76313],[106.86912,16.76232],[106.87054,16.76204],[106.8713,16.76107],[106.8727,16.76059],[106.87377,16.75952],[106.87413,16.75673],[106.87505,16.75507],[106.87708,16.7556],[106.87788,16.75489],[106.87856,16.75319],[106.87918,16.75266],[106.87954,16.75137],[106.8793,16.75063],[106.87842,16.74982],[106.87828,16.74822],[106.87938,16.74565],[106.88017,16.74466],[106.88042,16.74324],[106.88124,16.74163],[106.88141,16.74021],[106.88202,16.73945],[106.88384,16.73914],[106.88562,16.73801],[106.88568,16.73663],[106.88637,16.73411],[106.88805,16.73069],[106.8888,16.72791],[106.88988,16.72626],[106.88985,16.72506],[106.89106,16.72425],[106.89387,16.7238],[106.89559,16.72194],[106.89606,16.71939],[106.89852,16.71787],[106.89771,16.71587],[106.89764,16.71443],[106.89703,16.71389],[106.89755,16.71282],[106.89759,16.7108],[106.89842,16.7087],[106.89843,16.70725],[106.89886,16.7064],[106.90021,16.70547],[106.90061,16.70481],[106.90209,16.705],[106.90338,16.70387],[106.90436,16.70142],[106.90404,16.70011],[106.90442,16.69824],[106.90579,16.69746],[106.90732,16.6951],[106.91005,16.69319],[106.91041,16.69221],[106.91196,16.69111],[106.91315,16.69075],[106.91459,16.68932],[106.91516,16.68639],[106.91672,16.68636],[106.91936,16.68545],[106.92358,16.686],[106.92672,16.68543],[106.92611,16.68372],[106.92647,16.68228],[106.9261,16.68134],[106.9249,16.68001],[106.92519,16.67836],[106.92804,16.67766],[106.93223,16.67475],[106.93297,16.67311],[106.93242,16.67163],[106.93157,16.67051],[106.93248,16.66852],[106.93254,16.66646],[106.93052,16.66414],[106.92851,16.65792],[106.92717,16.65523],[106.92789,16.65369],[106.92801,16.65217],[106.92759,16.65009],[106.92254,16.64954],[106.91885,16.64696],[106.91706,16.64661],[106.91582,16.64725],[106.91525,16.64723],[106.91327,16.64651],[106.91215,16.64555],[106.90987,16.64507],[106.90813,16.64508],[106.90715,16.64446],[106.90613,16.64446],[106.90484,16.64369],[106.90326,16.64038],[106.90448,16.63652],[106.90392,16.6358],[106.9042,16.63479],[106.90368,16.63427],[106.9023,16.62448],[106.9017,16.62536],[106.89776,16.62785],[106.89189,16.62873],[106.89065,16.62929],[106.88961,16.63108],[106.88818,16.63268],[106.88733,16.6331],[106.88875,16.63383],[106.89004,16.63505],[106.88972,16.6382],[106.89156,16.64047],[106.89184,16.64219],[106.89353,16.64456],[106.89313,16.64588],[106.89316,16.64854],[106.89248,16.64931],[106.88955,16.64988],[106.88923,16.65031],[106.88912,16.65229],[106.88812,16.65309],[106.88825,16.65399],[106.88776,16.65454],[106.88629,16.65875],[106.88636,16.65983],[106.88578,16.66293],[106.88577,16.66492],[106.88621,16.66614],[106.88588,16.66814],[106.88532,16.66872],[106.88526,16.67005],[106.88558,16.67081],[106.88479,16.67158],[106.88428,16.67369],[106.88378,16.67442],[106.8828,16.6749],[106.88232,16.67602],[106.88078,16.6765],[106.88039,16.6769],[106.87816,16.67729],[106.87772,16.67829],[106.87614,16.67942],[106.87312,16.68304],[106.87166,16.68707],[106.87078,16.6884],[106.86756,16.68937],[106.86615,16.68822],[106.86576,16.68748],[106.86479,16.68885],[106.86156,16.68995],[106.86113,16.69084],[106.85978,16.69061],[106.8591,16.69196],[106.85743,16.69233],[106.85646,16.69302],[106.85483,16.69242],[106.84959,16.69195],[106.84698,16.69104],[106.84585,16.69173],[106.84482,16.69371],[106.84395,16.69379],[106.84304,16.69471],[106.84087,16.69516],[106.84076,16.69652],[106.83955,16.69807],[106.8177,16.70627],[106.8147,16.7064],[106.81368,16.70618],[106.81308,16.70565],[106.81136,16.70539],[106.81042,16.7057],[106.80932,16.70666],[106.80771,16.70658],[106.80597,16.70696],[106.80523,16.70937],[106.80401,16.71135],[106.80487,16.71294],[106.80569,16.71566],[106.8048,16.72004],[106.80176,16.72114],[106.80113,16.72318],[106.80209,16.72407],[106.80211,16.72554],[106.80067,16.72654],[106.80038,16.72767],[106.79915,16.72807],[106.79831,16.72756],[106.79638,16.72765],[106.79611,16.7312],[106.79424,16.73322],[106.79288,16.73349],[106.79206,16.73458],[106.79108,16.7351],[106.78813,16.73532],[106.77463,16.74036],[106.77308,16.74057],[106.77238,16.74207],[106.77042,16.74267],[106.76644,16.74543],[106.76504,16.74495],[106.76389,16.74504],[106.76262,16.74404],[106.76184,16.7447],[106.7603,16.74516],[106.75905,16.74624],[106.7562,16.7465],[106.75466,16.74733],[106.7539,16.74702],[106.75266,16.74789],[106.75078,16.7507],[106.74903,16.75233],[106.74894,16.75301],[106.7478,16.75357],[106.74628,16.75373],[106.74557,16.75491],[106.74463,16.75547],[106.74267,16.75776],[106.73987,16.7577],[106.73456,16.75622],[106.73352,16.75646],[106.73273,16.75625],[106.72665,16.75638],[106.72579,16.75766],[106.72393,16.7578],[106.72198,16.75989],[106.716,16.76464],[106.7122,16.77043],[106.71184,16.77178],[106.71214,16.77342],[106.71348,16.77589],[106.71437,16.7762],[106.7181,16.77623],[106.72209,16.776979999999998],[106.72446,16.77923],[106.72468,16.78043],[106.72557,16.78122],[106.72585,16.78236],[106.72716,16.78395],[106.72817,16.78642],[106.72972,16.78801],[106.73147,16.7889],[106.73195,16.79023],[106.73349,16.79186],[106.73607,16.79358],[106.73768,16.79406],[106.73803,16.79521],[106.73968,16.79609],[106.74134,16.79615],[106.7431,16.7981],[106.74422,16.79794],[106.74492,16.7987],[106.74845,16.79853],[106.7496,16.79808],[106.75138,16.79938],[106.75357,16.80019],[106.75529,16.80168],[106.75542,16.80308],[106.75705,16.80401],[106.75653,16.80596],[106.75699,16.80791],[106.75805,16.80875],[106.75945,16.81058],[106.76018,16.81241],[106.76062,16.81489],[106.76122,16.81572],[106.7609,16.81728],[106.76194,16.82006],[106.76423,16.82178],[106.7668,16.82585],[106.76745,16.82598],[106.7683,16.8274],[106.76937,16.82784],[106.77252,16.83096],[106.77775,16.8343],[106.77799,16.8344],[106.77864,16.83376]]]]}},
{"type":"Feature","id":"19564","properties":{"Ward_Code":"19564","Ward_Code_Num":19564,"Ward":"Đakrông","Ward_Alt":"Đakrông","Ward_Upper":"ĐAKRÔNG","Ward_Full":"Xã Đakrông","Ward_Full_Alt":"Xã Đakrông","Ward_Full_Upper_Alt":"XÃ ĐAKRÔNG","Ward_Type":"Xã","Province_Code":"44","Province":"Quảng Trị","Province_Upper_Alt":"QUẢNG TRỊ"},"geometry":{"type":"MultiPolygon","coordinates":[[[[106.82288,16.55859],[106.82606,16.5601],[106.82592,16.56079],[106.82388,16.56366],[106.82265,16.57119],[106.82183,16.57246],[106.8219,16.57339],[106.82131,16.57423],[106.82176,16.57637],[106.8231,16.58],[106.82309,16.58564],[106.82334,16.58667],[106.8225,16.59046],[106.82187,16.591919999999998],[106.82077,16.59236],[106.81977,16.60067],[106.81897,16.60375],[106.81834,16.60414],[106.81619,16.60419],[106.8152,16.60567],[106.81277,16.60594],[106.81178,16.60653],[106.81099,16.60757],[106.80845,16.60746],[106.80681,16.60809],[106.80476,16.60832],[106.8039,16.60906],[106.80353,16.60995],[106.80211,16.61059],[106.80083,16.6136],[106.79988,16.61421],[106.79961,16.6148],[106.79895,16.61502],[106.79849,16.61569],[106.79627,16.6161],[106.79746,16.61819],[106.79226,16.62039],[106.79162,16.62159],[106.79076,16.62187],[106.78745,16.62417],[106.78497,16.62463],[106.76922,16.61971],[106.77003,16.62154],[106.7702,16.62298],[106.77312,16.62644],[106.77387,16.62687],[106.7749,16.62857],[106.7763,16.6341],[106.78082,16.63844],[106.78129,16.63925],[106.78014,16.64125],[106.78207,16.64312],[106.78247,16.64426],[106.78326,16.6448],[106.77015,16.67313],[106.77238,16.6728],[106.77612,16.67158],[106.80151,16.67632],[106.80104,16.67833],[106.80145,16.6801],[106.80151,16.69374],[106.80383,16.70112],[106.80395,16.70321],[106.80506,16.70442],[106.80575,16.70714],[106.80771,16.70658],[106.80932,16.70666],[106.81107,16.70541],[106.81308,16.70565],[106.81368,16.70618],[106.8147,16.7064],[106.8177,16.70627],[106.83955,16.69807],[106.84076,16.69652],[106.84087,16.69516],[106.84304,16.69471],[106.84395,16.69379],[106.84482,16.69371],[106.84585,16.69173],[106.84698,16.69104],[106.84959,16.69195],[106.85483,16.69242],[106.85646,16.69302],[106.85743,16.69233],[106.8591,16.69196],[106.85978,16.69061],[106.86113,16.69084],[106.86156,16.68995],[106.86479,16.68885],[106.86576,16.68748],[106.86615,16.68822],[106.86756,16.68937],[106.87078,16.6884],[106.87166,16.68707],[106.87312,16.68304],[106.87614,16.67942],[106.87772,16.67829],[106.87816,16.67729],[106.88039,16.6769],[106.88078,16.6765],[106.88232,16.67602],[106.8828,16.6749],[106.88378,16.67442],[106.88428,16.67369],[106.88479,16.67158],[106.88558,16.67081],[106.88526,16.67005],[106.88532,16.66872],[106.88588,16.66814],[106.88621,16.66614],[106.88577,16.66492],[106.88578,16.66293],[106.88636,16.65983],[106.88629,16.65875],[106.88776,16.65454],[106.88825,16.65399],[106.88812,16.65309],[106.88912,16.65229],[106.88923,16.65031],[106.88955,16.64988],[106.89248,16.64931],[106.89316,16.64854],[106.89313,16.64588],[106.89353,16.64456],[106.89184,16.64219],[106.89156,16.64047],[106.88972,16.6382],[106.89004,16.63505],[106.88875,16.63383],[106.88733,16.6331],[106.88818,16.63268],[106.88961,16.63108],[106.89065,16.62929],[106.89189,16.62873],[106.89776,16.62785],[106.9017,16.62536],[106.9023,16.62448],[106.90363,16.62399],[106.90380999999999,16.62331],[106.90524,16.6219],[106.90843,16.62197],[106.90941,16.62161],[106.91192,16.61827],[106.91289,16.61656],[106.91325,16.61488],[106.91544,16.61253],[106.91562,16.61212],[106.9151,16.61077],[106.91528,16.60992],[106.91637,16.60881],[106.91818,16.60768],[106.91954,16.60706],[106.92351,16.60615],[106.92494,16.60532],[106.92824,16.60488],[106.92986,16.60415],[106.93102,16.60541],[106.93205,16.60571],[106.93301,16.60568],[106.93457,16.60419],[106.93519,16.6046],[106.93756,16.60487],[106.9387,16.60468],[106.94002,16.60528],[106.94071,16.606],[106.94179,16.60607],[106.94388,16.60739],[106.94656,16.60697],[106.94741,16.60722],[106.94854,16.60667],[106.95016,16.60684],[106.95203,16.60637],[106.95357,16.60664],[106.95414,16.6071],[106.95481,16.60628],[106.95559,16.60616],[106.95654,16.60813],[106.95737,16.6091],[106.95835,16.60993],[106.9601,16.61073],[106.96046,16.61277],[106.96152,16.61472],[106.9614,16.61562],[106.96548,16.61693],[106.96788,16.61723],[106.97032,16.61635],[106.97131,16.61442],[106.97242,16.61365],[106.9742,16.6133],[106.97569,16.61243],[106.97858,16.61246],[106.9787,16.61089],[106.97984,16.61003],[106.98115,16.60971],[106.98276,16.60878],[106.98379,16.60919],[106.98476,16.60914],[106.98579,16.60828],[106.98666,16.60694],[106.98822,16.60635],[106.99096,16.60651],[106.99195,16.60689],[106.99252,16.60658],[106.99338,16.60584],[106.99368,16.60358],[106.99474,16.60297],[106.99712,16.59992],[107.001,16.599],[107.00327,16.5976],[107.00392,16.5967],[107.00527,16.59689],[107.00638,16.59485],[107.00792,16.59393],[107.00922,16.59244],[107.01,16.59044],[107.00984,16.58891],[107.01008,16.58852],[107.0114,16.5879],[107.01284,16.58846],[107.01393,16.58832],[107.01572,16.58698],[107.01612,16.586],[107.0159,16.58364],[107.01704,16.58292],[107.01904,16.5801],[107.01894,16.57725],[107.0181,16.57551],[107.01935,16.57433],[107.02392999999999,16.57346],[107.02672,16.57077],[107.02824,16.57084],[107.02862,16.57],[107.02946,16.56974],[107.03052,16.57106],[107.03251,16.57118],[107.03309,16.57174],[107.03353,16.57338],[107.03434,16.57436],[107.03671,16.57626],[107.03846,16.57689],[107.03994,16.57641],[107.04089,16.57436],[107.04218,16.57375],[107.04353,16.57377],[107.04447,16.57514],[107.04642,16.57579],[107.0474,16.57556],[107.04804,16.57581],[107.05016,16.5751],[107.05094,16.57418],[107.05252,16.57377],[107.0543,16.57194],[107.05517,16.57157],[107.05687,16.56807],[107.05673,16.5676],[107.05596,16.56703],[107.05581,16.5664],[107.05635,16.56389],[107.05811,16.56169],[107.05824,16.55884],[107.05763,16.55638],[107.05982,16.55424],[107.06039,16.55279],[107.05896,16.55074],[107.05866,16.5491],[107.05962,16.54729],[107.06122,16.54578],[107.06095,16.54438],[107.06022,16.54372],[107.06016,16.54207],[107.06111,16.54104],[107.06142,16.54014],[107.0609,16.5385],[107.06215,16.53749],[107.06236,16.5369],[107.0619,16.53558],[107.06012,16.533],[107.0596,16.53034],[107.05793,16.52911],[107.05784,16.52774],[107.057,16.52645],[107.05674,16.52527],[107.05497,16.52392],[107.05354,16.52408],[107.05286,16.52363],[107.05002,16.52551],[107.04904,16.527],[107.04788,16.52724],[107.04782,16.52853],[107.0462,16.52966],[107.0462,16.53039],[107.04535,16.53058],[107.0449,16.53116],[107.04281,16.53096],[107.04104,16.53272],[107.03804,16.5344],[107.03705,16.53441],[107.03491,16.53343],[107.03318,16.53395],[107.03127,16.53491],[107.03034,16.536],[107.02948,16.53612],[107.02716,16.5378],[107.02617,16.53807],[107.02544,16.53989],[107.02448,16.54061],[107.01992,16.54099],[107.01866,16.54165],[107.01834,16.54236],[107.01698,16.54354],[107.01648,16.54363],[107.01451,16.54269],[107.01328,16.54258],[107.01207,16.54192],[107.01127,16.54097],[107.00914,16.53985],[107.00551,16.54175],[107.00316,16.54219],[107.00163,16.54411],[106.99566,16.54516],[106.99175,16.54416],[106.99174,16.5435],[106.99272,16.54194],[106.99274,16.54041],[106.99096,16.53824],[106.99068,16.53702],[106.99087,16.53626],[106.98712,16.53388],[106.98408,16.53356],[106.98263,16.53268],[106.98129,16.53262],[106.98094,16.53232],[106.98081,16.52945],[106.98043,16.52876],[106.97894,16.5276],[106.97876,16.52501],[106.97698,16.52333],[106.9753,16.52334],[106.97476,16.52283],[106.97434,16.51981],[106.97289,16.5196],[106.97097,16.51778],[106.96914,16.51545],[106.97007,16.50965],[106.96989,16.50609],[106.96069,16.49172],[106.96048,16.49083],[106.96034,16.48968],[106.96073,16.48824],[106.96052,16.48669],[106.96096,16.48614],[106.96092,16.4852],[106.96144,16.4845],[106.96039,16.48339],[106.95941,16.48093],[106.95884,16.48025],[106.95884,16.47945],[106.95834,16.47859],[106.95874,16.4775],[106.95767,16.4745],[106.9589,16.47238],[106.95893,16.47113],[106.95951,16.47034],[106.95474,16.4657],[106.9542,16.46465],[106.95234,16.45727],[106.95159,16.45711],[106.95174,16.45632],[106.95055,16.45464],[106.94888,16.45321],[106.94404,16.45281],[106.94286,16.45121],[106.94156,16.45042],[106.93871,16.45213],[106.9362,16.45214],[106.93387,16.45422],[106.93232,16.45416],[106.93082,16.45556],[106.93043,16.45705],[106.92753,16.46043],[106.92036,16.46088],[106.91944,16.46148],[106.91903,16.46221],[106.91641,16.46284],[106.91451,16.46446],[106.91252,16.46506],[106.91161,16.46634],[106.90975,16.46731],[106.90862,16.46648],[106.90778,16.46661],[106.90527,16.46788],[106.90351,16.4692],[106.89847,16.46879],[106.89688,16.46918],[106.89538,16.46878],[106.89327,16.46877],[106.8903,16.46919],[106.8845,16.46776],[106.88329,16.46858],[106.8822,16.46867],[106.88089,16.46937],[106.87773,16.46938],[106.87643,16.47001],[106.87673,16.47126],[106.87666,16.47582],[106.87898,16.47792],[106.87854,16.47873],[106.87856,16.47972],[106.87779,16.48209],[106.87796,16.48298],[106.87904,16.48487],[106.88045,16.48554],[106.88188,16.48718],[106.88361,16.48798],[106.88648,16.49086],[106.88665,16.49173],[106.88597,16.49307],[106.88733,16.49457],[106.88698,16.49534],[106.88702,16.49707],[106.88809,16.50055],[106.88943,16.50152],[106.88969,16.5021],[106.88915,16.50305],[106.88751,16.50428],[106.88711,16.50866],[106.88743,16.50971],[106.88864,16.51073],[106.89082,16.51117],[106.88975,16.51342],[106.8895,16.51485],[106.88841,16.51629],[106.88813,16.51823],[106.88716,16.51948],[106.88714,16.52096],[106.88676,16.5217],[106.88512,16.52212],[106.88492,16.52272],[106.88318,16.52271],[106.88359,16.52447],[106.88032,16.5243],[106.87882,16.52484],[106.87763,16.52692],[106.87762,16.52848],[106.87476,16.5326],[106.87386,16.53299],[106.87219,16.53286],[106.87014,16.5339],[106.86831,16.53309],[106.8674,16.53434],[106.86453,16.53631],[106.86281,16.53917],[106.86266,16.54021],[106.86301,16.54136],[106.86173,16.54069],[106.85886,16.5403],[106.85742,16.54085],[106.85436,16.54299],[106.85058,16.5436],[106.84731,16.54551],[106.84531,16.54603],[106.84427,16.54736],[106.8376,16.54855],[106.83057,16.54888],[106.8136,16.55735],[106.81479,16.55689],[106.81801,16.55779],[106.81933,16.55874],[106.82019,16.55836],[106.82216,16.55874],[106.82288,16.55859]]]]}},
{"type":"Feature","id":"19567","properties":{"Ward_Code":"19567","Ward_Code_Num":19567,"Ward":"Ba Lòng","Ward_Alt":"Ba Lòng","Ward_Upper":"BA LÒNG","Ward_Full":"Xã Ba Lòng","Ward_Full_Alt":"Xã Ba Lòng","Ward_Full_Upper_Alt":"XÃ BA LÒNG","Ward_Type":"Xã","Province_Code":"44","Province":"Quảng Trị","Province_Upper_Alt":"QUẢNG TRỊ"},"geometry":{"type":"MultiPolygon","coordinates":[[[[106.99708,16.69882],[106.9997,16.69784],[107.00051,16.69804],[107.00338,16.69594],[107.00492,16.69691],[107.00593,16.69717],[107.00679,16.69588],[107.00748,16.6955],[107.00832,16.69579],[107.01021,16.69445],[107.01264,16.69429],[107.01529,16.69365],[107.0161,16.69281],[107.01636,16.69093],[107.01804,16.68991],[107.01822,16.68922],[107.01874,16.68902],[107.01953,16.68801],[107.02084,16.68714],[107.02268,16.68714],[107.02369,16.68646],[107.02629,16.68659],[107.02818,16.68601],[107.02967,16.68602],[107.03116,16.68486],[107.03543,16.6843],[107.03738,16.68506],[107.03802,16.68576],[107.03834,16.68672],[107.0393,16.68685],[107.042,16.68857],[107.0437,16.68806],[107.04458,16.68869],[107.04733,16.68944],[107.04899,16.68892],[107.05005,16.68766],[107.05118,16.68777],[107.05297,16.68664],[107.05747,16.68543],[107.05772,16.68421],[107.05736,16.68385],[107.05619,16.68364],[107.05621,16.6824],[107.05549,16.68262],[107.05553,16.68204],[107.05638,16.68151],[107.05692,16.68203],[107.05722,16.68071],[107.05876,16.68065],[107.05917,16.68018],[107.05969,16.68011],[107.0597,16.67923],[107.05856,16.67881],[107.05936,16.67791],[107.05868,16.67756],[107.06122,16.67617],[107.05806,16.66947],[107.0584,16.66855],[107.05758,16.66576],[107.05712,16.66549],[107.05723,16.66417],[107.05675,16.66375],[107.05654,16.66279],[107.05539,16.66219],[107.0558,16.66127],[107.05662,16.66077],[107.05595,16.65982],[107.05674,16.65929],[107.05636,16.65834],[107.05722,16.65735],[107.05607,16.65163],[107.05795,16.65037],[107.05799,16.65089],[107.05873,16.65181],[107.06048,16.64912],[107.0604,16.64766],[107.06081,16.64759],[107.0612,16.64827],[107.06139,16.64794],[107.06115,16.64729],[107.06143,16.64713],[107.06222,16.64754],[107.06232,16.64665],[107.06279,16.64611],[107.06343,16.64648],[107.065,16.64615],[107.06523,16.64537],[107.06574,16.64568],[107.06612,16.64507],[107.06643,16.64521],[107.06628,16.64558],[107.06717,16.64753],[107.06826,16.64655],[107.07064,16.64615],[107.07317,16.64676],[107.0745,16.64634],[107.0745,16.64477],[107.07319,16.64249],[107.07229,16.64162],[107.07288,16.64127],[107.07282,16.64069],[107.07374,16.64059],[107.07328,16.64035],[107.07446,16.63942],[107.0734,16.63887],[107.07342,16.63824],[107.07302,16.63785],[107.0737,16.63785],[107.07481,16.63659],[107.0761,16.63429],[107.07808,16.63317],[107.07697,16.63105],[107.07779,16.62944],[107.07787,16.6286],[107.07899,16.62844],[107.08245,16.62524],[107.08533,16.62311],[107.086,16.62209],[107.08748,16.62109],[107.08988,16.62078],[107.08947,16.62003],[107.08986,16.61901],[107.09113,16.61863],[107.09218,16.61787],[107.09329,16.61792],[107.0926,16.61617],[107.09347,16.61331],[107.09355,16.61057],[107.09439,16.60938],[107.09444,16.60885],[107.09392,16.60795],[107.09626,16.60689],[107.09783,16.60657],[107.09864,16.60523],[107.10005,16.60554],[107.10136,16.60501],[107.1019,16.60349],[107.10312,16.60321],[107.10474,16.60177],[107.10785,16.60172],[107.1111,16.60009],[107.1111,16.5981],[107.10838,16.59624],[107.1071,16.59447],[107.1077,16.59423],[107.10954,16.59154],[107.11012,16.58894],[107.11203,16.58856],[107.11276,16.58725],[107.11358,16.58723],[107.11322,16.58584],[107.11406,16.58559],[107.11559,16.58442],[107.11919,16.58356],[107.12048,16.58202],[107.12236,16.58186],[107.12682,16.58008],[107.1275,16.57955],[107.1277,16.57846],[107.12822,16.57798],[107.13351,16.57787],[107.13458,16.57814],[107.13453,16.57778],[107.13502,16.57726],[107.13693,16.57571],[107.13928,16.57453],[107.14048,16.57278],[107.14083,16.57187],[107.13787,16.56991],[107.13702,16.56854],[107.13203,16.56722],[107.12972,16.56558],[107.12822,16.56571],[107.12562,16.56363],[107.12486,16.56224],[107.12308,16.56054],[107.12449,16.55794],[107.12338,16.5572],[107.1233,16.55646],[107.12231,16.55524],[107.1216,16.55199],[107.11519,16.55256],[107.11372,16.55078],[107.11106,16.55142],[107.10947,16.55072],[107.10768,16.55149],[107.10627,16.55137],[107.10173,16.55272],[107.1001,16.55217],[107.09742,16.55042],[107.09494,16.55015],[107.09212,16.55064],[107.09014,16.54881],[107.0884,16.54809],[107.08948,16.54744],[107.0882,16.54617],[107.08715,16.5457],[107.08384,16.54645],[107.08132,16.54586],[107.08084,16.54635],[107.08002,16.54646],[107.07929,16.54575],[107.07679,16.54626],[107.07624,16.54567],[107.07615,16.54401],[107.07447,16.54238],[107.07366,16.54253],[107.07194,16.54354],[107.06945,16.54407],[107.06778,16.54393],[107.06697,16.54439],[107.06492,16.54462],[107.06291,16.54572],[107.06122,16.54578],[107.05962,16.54729],[107.05866,16.5491],[107.05896,16.55074],[107.06039,16.55279],[107.05982,16.55424],[107.05765,16.5563],[107.05824,16.55884],[107.05811,16.56169],[107.0563,16.56405],[107.05583,16.56672],[107.05687,16.56807],[107.05506,16.57167],[107.0543,16.57194],[107.05234,16.57388],[107.05094,16.57418],[107.05016,16.5751],[107.04804,16.57581],[107.0474,16.57556],[107.04642,16.57579],[107.04447,16.57514],[107.04353,16.57377],[107.04218,16.57375],[107.04089,16.57436],[107.03994,16.57641],[107.03865,16.57691],[107.03671,16.57626],[107.03434,16.57436],[107.03353,16.57338],[107.03309,16.57174],[107.03251,16.57118],[107.03052,16.57106],[107.02946,16.56974],[107.02862,16.57],[107.02824,16.57084],[107.02672,16.57077],[107.02392999999999,16.57346],[107.01935,16.57433],[107.0181,16.57551],[107.01894,16.57725],[107.01904,16.5801],[107.01704,16.58292],[107.0159,16.58364],[107.01612,16.586],[107.01572,16.58698],[107.01393,16.58832],[107.01284,16.58846],[107.0114,16.5879],[107.01008,16.58852],[107.00984,16.58891],[107.01,16.59044],[107.00922,16.59244],[107.00792,16.59393],[107.00638,16.59485],[107.00527,16.59689],[107.00392,16.5967],[107.00327,16.5976],[107.001,16.599],[106.99712,16.59992],[106.99474,16.60297],[106.99368,16.60358],[106.99332,16.60598],[106.99195,16.60689],[106.98914,16.60632],[106.98666,16.60694],[106.98579,16.60828],[106.98476,16.60914],[106.98379,16.60919],[106.98276,16.60878],[106.98115,16.60971],[106.97984,16.61003],[106.9787,16.61089],[106.97858,16.61246],[106.97569,16.61243],[106.9742,16.6133],[106.97242,16.61365],[106.97131,16.61442],[106.97032,16.61635],[106.96737,16.61729],[106.9614,16.61562],[106.96152,16.61472],[106.96046,16.61277],[106.9601,16.61073],[106.95835,16.60993],[106.95737,16.6091],[106.95654,16.60813],[106.95559,16.60616],[106.95481,16.60628],[106.95414,16.6071],[106.95357,16.60664],[106.95203,16.60637],[106.95016,16.60684],[106.94854,16.60667],[106.94741,16.60722],[106.94656,16.60697],[106.94388,16.60739],[106.94179,16.60607],[106.94071,16.606],[106.94002,16.60528],[106.9387,16.60468],[106.93756,16.60487],[106.93519,16.6046],[106.93457,16.60419],[106.93301,16.60568],[106.93205,16.60571],[106.93102,16.60541],[106.92986,16.60415],[106.92824,16.60488],[106.92548,16.60516],[106.92351,16.60615],[106.91954,16.60706],[106.91637,16.60881],[106.91547,16.60962],[106.91511,16.61043],[106.91562,16.61212],[106.91544,16.61253],[106.91325,16.61488],[106.91289,16.61656],[106.91192,16.61827],[106.90941,16.62161],[106.90843,16.62197],[106.90524,16.6219],[106.90380999999999,16.62331],[106.90363,16.62399],[106.9023,16.62448],[106.90368,16.63427],[106.9042,16.63479],[106.90392,16.6358],[106.90448,16.63652],[106.90326,16.64038],[106.90484,16.64369],[106.90613,16.64446],[106.90715,16.64446],[106.90813,16.64508],[106.90987,16.64507],[106.91215,16.64555],[106.91327,16.64651],[106.91525,16.64723],[106.91582,16.64725],[106.91706,16.64661],[106.91885,16.64696],[106.92254,16.64954],[106.92759,16.65009],[106.92801,16.65217],[106.92789,16.65369],[106.92717,16.65523],[106.92851,16.65792],[106.93052,16.66414],[106.93254,16.66646],[106.93248,16.66852],[106.93157,16.67051],[106.93242,16.67163],[106.93297,16.67311],[106.93223,16.67475],[106.92804,16.67766],[106.92519,16.67836],[106.9249,16.68001],[106.9261,16.68134],[106.92647,16.68228],[106.92611,16.68372],[106.92672,16.68543],[106.92949,16.68483],[106.9301,16.68635],[106.93173,16.68664],[106.93334,16.68639],[106.93411,16.68739],[106.93476,16.68771],[106.93524,16.68748],[106.93594,16.6864],[106.9371,16.68589],[106.93789,16.68664],[106.93807,16.68768],[106.9378,16.68922],[106.93816,16.6894],[106.94084,16.68947],[106.94174,16.68829],[106.94442,16.68967],[106.94499,16.68929],[106.94587,16.6893],[106.94626,16.6886],[106.94668,16.68848],[106.94731,16.68928],[106.94736,16.69012],[106.94914,16.69149],[106.9522,16.69159],[106.9544,16.69289],[106.9547,16.69269],[106.9543,16.69168],[106.95498,16.6913],[106.95712,16.69177],[106.9581,16.69248],[106.95948,16.69146],[106.95981,16.69276],[106.96046,16.69351],[106.96336,16.69288],[106.96455,16.69418],[106.96618,16.69365],[106.96696,16.69501],[106.96981,16.69433],[106.96994,16.69495],[106.97133,16.69529],[106.97251,16.69446],[106.97258,16.69325],[106.97334,16.69351],[106.97598,16.69096],[106.97653,16.69091],[106.97719,16.6919],[106.97766,16.69195],[106.979,16.69034],[106.98106,16.69122],[106.98237,16.68987],[106.98367,16.68981],[106.98494,16.69053],[106.98446,16.69246],[106.98571,16.69267],[106.98689,16.69373],[106.98946,16.69396],[106.98948,16.69433],[106.99043,16.69478],[106.992,16.69798],[106.99378,16.69872],[106.99457,16.69844],[106.99522,16.69888],[106.99708,16.69882]]]]}},
{"type":"Feature","id":"19588","properties":{"Ward_Code":"19588","Ward_Code_Num":19588,"Ward":"Tà Rụt","Ward_Alt":"Tà Rụt","Ward_Upper":"TÀ RỤT","Ward_Full":"Xã Tà Rụt","Ward_Full_Alt":"Xã Tà Rụt","Ward_Full_Upper_Alt":"XÃ TÀ RỤT","Ward_Type":"Xã","Province_Code":"44","Province":"Quảng Trị","Province_Upper_Alt":"QUẢNG TRỊ"},"geometry":{"type":"MultiPolygon","coordinates":[[[[106.96675,16.40319],[106.96529,16.40184],[106.96276,16.40061],[106.96205,16.39766],[106.96219,16.39662],[106.96034,16.39394],[106.95927,16.39327],[106.95877,16.3919],[106.959,16.38997],[106.95847,16.38868],[106.95862,16.38737],[106.95984,16.38688],[106.96087,16.38515],[106.95917,16.38509],[106.95757,16.38394],[106.95726,16.38278],[106.95669,16.38223],[106.95654,16.38101],[106.95351,16.38009],[106.95296,16.37955],[106.95202,16.37931],[106.95213,16.37718],[106.95115,16.37661],[106.95049,16.37545],[106.95085,16.37407],[106.95044,16.37318],[106.95063,16.37242],[106.95134,16.37172],[106.95142,16.37105],[106.94957,16.36942],[106.94906,16.36802],[106.94985,16.36619],[106.94986,16.36446],[106.95031,16.36387],[106.95316,16.36298],[106.95496,16.36176],[106.95985,16.362],[106.96466,16.36083],[106.96394,16.35829],[106.96359,16.35725],[106.96334,16.35848],[106.96233,16.35883],[106.95701,16.35801],[106.95264,16.35844],[106.95094,16.35909],[106.94739,16.36135],[106.94632,16.36121],[106.94519,16.36149],[106.94368,16.36226],[106.9429,16.36346],[106.94164,16.36377],[106.93838,16.36546],[106.93549,16.3652],[106.93162,16.36584],[106.93068,16.36726],[106.92889,16.36895],[106.92806,16.37038],[106.92265,16.37023],[106.92014,16.37284],[106.91809,16.37366],[106.91702,16.37564],[106.91503,16.378],[106.91495,16.37992],[106.91376,16.38035],[106.91301,16.38131],[106.9088,16.38314],[106.90771,16.38327],[106.90716,16.38421],[106.90722,16.38516],[106.90444,16.38668],[106.9042,16.38814],[106.90284,16.38896],[106.89943,16.39014],[106.89758,16.39207],[106.89713,16.39499],[106.89644,16.39633],[106.89584,16.3995],[106.89612,16.40182],[106.89321,16.40645],[106.89153,16.40839],[106.89135,16.40933],[106.89143,16.41024],[106.89211,16.41103],[106.89534,16.41258],[106.89532,16.41625],[106.89628,16.42002],[106.89946,16.42243],[106.90009,16.42641],[106.89847,16.42554],[106.89617,16.42553],[106.89516,16.42557],[106.89165,16.42667],[106.89052,16.42583],[106.88756,16.42131],[106.88634,16.4216],[106.88538,16.42238],[106.885,16.42245],[106.88452,16.42196],[106.88286,16.42319],[106.88081,16.42415],[106.87863,16.42451],[106.87753,16.42549],[106.87614,16.42548],[106.87352,16.42641],[106.87309,16.42705],[106.87292,16.42822],[106.87177,16.42884],[106.87146,16.43148],[106.87166,16.43588],[106.87344,16.43589],[106.87633,16.43915],[106.87898,16.44425],[106.88033,16.44519],[106.88178,16.44687],[106.88442,16.44842],[106.8867,16.44882],[106.888,16.45044],[106.88802,16.45114],[106.8886,16.45189],[106.88802,16.4529],[106.88682,16.45367],[106.88663,16.45483],[106.88594,16.45547],[106.88654,16.45656],[106.88501,16.45783],[106.88549,16.45874],[106.88503,16.46066],[106.88687,16.46217],[106.8859,16.4629],[106.88575,16.46416],[106.88445,16.46635],[106.88446,16.46777],[106.88586,16.46828],[106.88787,16.46841],[106.8903,16.46919],[106.89327,16.46877],[106.89538,16.46878],[106.89688,16.46918],[106.89847,16.46879],[106.90319,16.46926],[106.90407,16.469],[106.90527,16.46788],[106.90778,16.46661],[106.90862,16.46648],[106.90975,16.46731],[106.91161,16.46634],[106.91252,16.46506],[106.91451,16.46446],[106.91641,16.46284],[106.91903,16.46221],[106.91944,16.46148],[106.92036,16.46088],[106.92753,16.46043],[106.93043,16.45705],[106.93082,16.45556],[106.93232,16.45416],[106.93387,16.45422],[106.9362,16.45214],[106.93871,16.45213],[106.94156,16.45042],[106.94286,16.45121],[106.94404,16.45281],[106.94868,16.45317],[106.94969,16.45384],[106.95174,16.45632],[106.95159,16.45711],[106.95234,16.45727],[106.9542,16.46465],[106.95474,16.4657],[106.95951,16.47034],[106.95893,16.47113],[106.9589,16.47238],[106.95767,16.4745],[106.95874,16.4775],[106.95834,16.47859],[106.95884,16.47945],[106.95884,16.48025],[106.95941,16.48093],[106.96039,16.48339],[106.96144,16.4845],[106.96092,16.4852],[106.96096,16.48614],[106.96052,16.48669],[106.96073,16.48824],[106.96034,16.48968],[106.96048,16.49083],[106.96069,16.49172],[106.96989,16.50609],[106.97007,16.50965],[106.96914,16.51545],[106.97097,16.51778],[106.97289,16.5196],[106.97434,16.51981],[106.97476,16.52283],[106.9753,16.52334],[106.97698,16.52333],[106.97876,16.52501],[106.97894,16.5276],[106.98043,16.52876],[106.98081,16.52945],[106.98094,16.53232],[106.98129,16.53262],[106.98263,16.53268],[106.98408,16.53356],[106.98712,16.53388],[106.99087,16.53626],[106.99068,16.53702],[106.99096,16.53824],[106.99274,16.54041],[106.99272,16.54194],[106.99174,16.5435],[106.99175,16.54416],[106.99566,16.54516],[107.00163,16.54411],[107.00316,16.54219],[107.00551,16.54175],[107.00914,16.53985],[107.01127,16.54097],[107.01207,16.54192],[107.01328,16.54258],[107.01451,16.54269],[107.01678,16.54359],[107.01834,16.54236],[107.01866,16.54165],[107.01992,16.54099],[107.02448,16.54061],[107.02544,16.53989],[107.02617,16.53807],[107.02716,16.5378],[107.02948,16.53612],[107.03034,16.536],[107.03127,16.53491],[107.03318,16.53395],[107.03491,16.53343],[107.03705,16.53441],[107.03804,16.5344],[107.04104,16.53272],[107.04281,16.53096],[107.0449,16.53116],[107.04535,16.53058],[107.0462,16.53039],[107.0462,16.52966],[107.04782,16.52853],[107.04788,16.52724],[107.04904,16.527],[107.05002,16.52551],[107.05107,16.52468],[107.05286,16.52363],[107.05354,16.52408],[107.0547,16.52387],[107.05549,16.52423],[107.05723,16.52242],[107.05789,16.51952],[107.05944,16.51767],[107.06149,16.51689],[107.06287,16.51519],[107.0647,16.51399],[107.06649,16.51138],[107.0677,16.51053],[107.07052,16.50991],[107.07256,16.51102],[107.07418,16.51105],[107.07616,16.50849],[107.07858,16.50829],[107.0797,16.5089],[107.08031,16.50825],[107.08124,16.5054],[107.08184,16.50466],[107.08183,16.50318],[107.08317,16.50282],[107.08835,16.50278],[107.08971,16.50352],[107.09061,16.50458],[107.09227,16.5037],[107.09428,16.50443],[107.09524,16.50438],[107.09526,16.5038],[107.09451,16.5024],[107.09469,16.50096],[107.09722,16.49705],[107.09762,16.49588],[107.09777,16.49344],[107.09864,16.49113],[107.10015,16.49061],[107.10048,16.49258],[107.10204,16.49488],[107.10354,16.49534],[107.1044,16.49495],[107.10597,16.49518],[107.10796,16.49405],[107.10916,16.49269],[107.11025,16.49247],[107.11259,16.49084],[107.11273,16.49024],[107.11449,16.48852],[107.11525,16.48821],[107.11694,16.48834],[107.11814,16.48772],[107.1197,16.48794],[107.12062,16.48607],[107.12135,16.48595],[107.12146,16.48498],[107.12544,16.48145],[107.1261,16.4769],[107.12871,16.47658],[107.1299,16.47524],[107.13005,16.47389],[107.12917,16.47258],[107.12954,16.47102],[107.12983,16.4704],[107.13075,16.47046],[107.13119,16.46952],[107.1319,16.46914],[107.13287,16.46659],[107.13303,16.46424],[107.13358,16.46369],[107.13379,16.46174],[107.13491,16.46119],[107.13495,16.45967],[107.1357,16.45879],[107.13538,16.45775],[107.1357,16.45626],[107.13509,16.45479],[107.13542,16.45355],[107.1335,16.45245],[107.1316,16.44979],[107.12962,16.44926],[107.13022,16.44849],[107.12959,16.44654],[107.12888,16.44561],[107.12788,16.44503],[107.12741,16.44376],[107.12596,16.44235],[107.12339,16.44193],[107.12215,16.44298],[107.12131,16.4431],[107.11809,16.44196],[107.1148,16.44204],[107.11167,16.44148],[107.11118,16.44112],[107.1091,16.44211],[107.10811,16.44174],[107.10714,16.44064],[107.10608,16.44016],[107.1009,16.44256],[107.09958,16.44351],[107.09874,16.44484],[107.09612,16.4464],[107.09273,16.44639],[107.0909,16.44812],[107.08953,16.44894],[107.08684,16.44243],[107.07878,16.43741],[107.07616,16.4338],[107.06914,16.43213],[107.05805,16.4327],[107.05478,16.43645],[107.05265,16.43572],[107.05154,16.43386],[107.05035,16.4326],[107.05046,16.43135],[107.05107,16.43049],[107.05066,16.42931],[107.0505,16.426],[107.04969,16.42535],[107.04704,16.42513],[107.04694,16.42409],[107.0475,16.42058],[107.04706,16.41868],[107.04959,16.41574],[107.04743,16.41406],[107.04627,16.41385],[107.04549,16.41305],[107.04496,16.41227],[107.04496,16.41049],[107.04417,16.40928],[107.04398,16.40826],[107.04217,16.40651],[107.04099,16.40407],[107.04021,16.40315],[107.04092,16.39995],[107.0426,16.39573],[107.04233,16.39342],[107.04266,16.39254],[107.04214,16.392],[107.0389,16.39201],[107.03802,16.39296],[107.03655,16.39268],[107.0361,16.39207],[107.03384,16.39321],[107.03259,16.39344],[107.03181,16.39322],[107.03045,16.39212],[107.02894,16.39165],[107.02667,16.39487],[107.02496,16.39554],[107.02347,16.3968],[107.02211,16.39697],[107.0212,16.39758],[107.01882,16.39541],[107.01579,16.39367],[107.01522,16.39147],[107.01372,16.38988],[107.0115,16.38959],[107.0094,16.39051],[107.00848,16.38981],[107.00666,16.39007],[107.00628,16.38935],[107.00449,16.3889],[107.00440999999999,16.38817],[107.00403,16.38799],[107.00324,16.388],[107.00209,16.38874],[107.00112,16.38887],[106.99858,16.38776],[106.99773,16.38773],[106.99663,16.3887],[106.9931,16.38931],[106.99013,16.39092],[106.98705,16.39147],[106.98326,16.39137],[106.97989,16.39308],[106.97704,16.39332],[106.97521,16.39385],[106.97354,16.39617],[106.97223,16.39945],[106.96925,16.40448],[106.96675,16.40319]]]]}},
{"type":"Feature","id":"19594","properties":{"Ward_Code":"19594","Ward_Code_Num":19594,"Ward":"La Lay","Ward_Alt":"La Lay","Ward_Upper":"LA LAY","Ward_Full":"Xã La Lay","Ward_Full_Alt":"Xã La Lay","Ward_Full_Upper_Alt":"XÃ LA LAY","Ward_Type":"Xã","Province_Code":"44","Province":"Quảng Trị","Province_Upper_Alt":"QUẢNG TRỊ"},"geometry":{"type":"MultiPolygon","coordinates":[[[[106.96675,16.40319],[106.96925,16.40448],[106.97223,16.39945],[106.97354,16.39617],[106.97521,16.39385],[106.97704,16.39332],[106.97989,16.39308],[106.98326,16.39137],[106.98705,16.39147],[106.99013,16.39092],[106.9931,16.38931],[106.99663,16.3887],[106.99773,16.38773],[106.99858,16.38776],[107.00112,16.38887],[107.00209,16.38874],[107.00324,16.388],[107.00403,16.38799],[107.00440999999999,16.38817],[107.00449,16.3889],[107.00628,16.38935],[107.00666,16.39007],[107.00848,16.38981],[107.0094,16.39051],[107.0115,16.38959],[107.01372,16.38988],[107.01522,16.39147],[107.01579,16.39367],[107.01882,16.39541],[107.0212,16.39758],[107.02211,16.39697],[107.02347,16.3968],[107.02496,16.39554],[107.02667,16.39487],[107.02894,16.39165],[107.03045,16.39212],[107.03181,16.39322],[107.03259,16.39344],[107.03384,16.39321],[107.0361,16.39207],[107.03655,16.39268],[107.03802,16.39296],[107.0389,16.39201],[107.04214,16.392],[107.04266,16.39254],[107.04233,16.39342],[107.0426,16.39573],[107.04092,16.39995],[107.04021,16.40315],[107.04099,16.40407],[107.04217,16.40651],[107.04398,16.40826],[107.04417,16.40928],[107.04496,16.41049],[107.04496,16.41227],[107.04549,16.41305],[107.04627,16.41385],[107.04743,16.41406],[107.04959,16.41574],[107.04706,16.41868],[107.0475,16.42058],[107.04694,16.42409],[107.04704,16.42513],[107.04969,16.42535],[107.0505,16.426],[107.05066,16.42931],[107.05107,16.43049],[107.05046,16.43135],[107.05035,16.4326],[107.05281,16.43584],[107.05478,16.43645],[107.05805,16.4327],[107.06914,16.43213],[107.07616,16.4338],[107.07878,16.43741],[107.08684,16.44243],[107.08953,16.44894],[107.0909,16.44812],[107.09273,16.44639],[107.09612,16.4464],[107.09874,16.44484],[107.09958,16.44351],[107.1009,16.44256],[107.10608,16.44016],[107.10714,16.44064],[107.10811,16.44174],[107.1091,16.44211],[107.11118,16.44112],[107.11167,16.44148],[107.1148,16.44204],[107.11809,16.44196],[107.12131,16.4431],[107.12215,16.44298],[107.12339,16.44193],[107.12596,16.44235],[107.12741,16.44376],[107.12788,16.44503],[107.12888,16.44561],[107.12959,16.44654],[107.13022,16.44849],[107.12962,16.44926],[107.13356,16.44596],[107.1364,16.44441],[107.13813,16.44395],[107.13878,16.44335],[107.13884,16.443],[107.13743,16.44045],[107.13782,16.43989],[107.13907,16.43967],[107.14097,16.43818],[107.14155,16.4381],[107.14226,16.43721],[107.14398,16.43693],[107.14729,16.43763],[107.14817,16.43628],[107.14871,16.43456],[107.14829,16.43324],[107.14695,16.43305],[107.14468,16.42882],[107.14403,16.42823],[107.14461,16.42519],[107.1461,16.42353],[107.14542,16.42094],[107.14497,16.41985],[107.14381,16.41941],[107.14345,16.41854],[107.1415,16.41788],[107.1407,16.41617],[107.14084,16.41496],[107.14358,16.41249],[107.14332,16.41081],[107.14249,16.41054],[107.14224,16.40913],[107.14122,16.40788],[107.14102,16.40612],[107.14228,16.40402],[107.1422,16.40304],[107.14395,16.40051],[107.14773,16.39663],[107.14963,16.39538],[107.15113,16.39267],[107.15259,16.39143],[107.15301,16.38947],[107.15111,16.38853],[107.15034,16.38758],[107.14946,16.38749],[107.14809,16.38615],[107.14678,16.38594],[107.14624,16.3863],[107.14571,16.38737],[107.14419,16.38808],[107.14176,16.38823],[107.14025,16.38943],[107.13939,16.3895],[107.13845,16.38852],[107.13538,16.38773],[107.12943,16.38408],[107.12824,16.38213],[107.12682,16.38368],[107.12529,16.3844],[107.12445,16.38533],[107.12331,16.38591],[107.12152,16.38596],[107.11931,16.38524],[107.11181,16.38567],[107.10966,16.38639],[107.1095,16.38687],[107.10809,16.38796],[107.10672,16.39034],[107.10508,16.39098],[107.10437,16.39205],[107.10514,16.39267],[107.10506,16.39298],[107.10391,16.39397],[107.10298,16.39413],[107.102,16.39548],[107.09992,16.3963],[107.09974,16.39702],[107.09856,16.39855],[107.09745,16.39909],[107.09708,16.40043],[107.09626,16.40098],[107.0958,16.40309],[107.09532,16.40386],[107.094,16.40426],[107.09357,16.40383],[107.09388,16.40298],[107.09356,16.40218],[107.09509,16.40017],[107.09508,16.3993],[107.09538,16.39903],[107.0947,16.39822],[107.09426,16.40019],[107.0928,16.40197],[107.09256,16.40333],[107.09091,16.40409],[107.09062,16.404],[107.09052,16.40336],[107.08993,16.40326],[107.08912,16.4025],[107.08815,16.40269],[107.08754,16.40237],[107.0868,16.40281],[107.08619,16.40253],[107.08522,16.40317],[107.08334,16.40257],[107.08186,16.40265],[107.08174,16.40182],[107.08232,16.40134],[107.08252,16.40067],[107.08236,16.3999],[107.08093,16.40052],[107.07901,16.40052],[107.0753,16.40239],[107.07177,16.40293],[107.07099,16.40391],[107.06952,16.40459],[107.06876,16.40545],[107.0677,16.40577],[107.06542,16.4087],[107.06436,16.4106],[107.06375,16.41089],[107.06247,16.4108],[107.06142,16.41167],[107.06129,16.40954],[107.05888,16.40766],[107.05831,16.40697],[107.05792,16.4056],[107.05858,16.40467],[107.05924,16.40224],[107.05805,16.4012],[107.0562,16.40036],[107.05648,16.39901],[107.05778,16.39847],[107.05906,16.3966],[107.05815,16.39257],[107.05859,16.39126],[107.05777,16.38901],[107.05813,16.38804],[107.05936,16.38723],[107.05838,16.38464],[107.05434,16.3816],[107.05231,16.38147],[107.04936,16.38261],[107.04796,16.38149],[107.04592,16.38076],[107.04515,16.38013],[107.0435,16.37612],[107.04038,16.37277],[107.0398,16.36993],[107.03911,16.36939],[107.03801,16.37025],[107.03688,16.36777],[107.03609,16.36682],[107.03572,16.36528],[107.0366,16.3643],[107.03516,16.36362],[107.03479,16.36198],[107.03518,16.35991],[107.03449,16.35862],[107.03464,16.35721],[107.03706,16.35677],[107.03817,16.35716],[107.03928,16.35682],[107.04014,16.35364],[107.04049,16.3531],[107.04134,16.3528],[107.04088,16.35058],[107.04132,16.34934],[107.04188,16.34952],[107.04415,16.34898],[107.04498,16.34936],[107.0463,16.34942],[107.04735,16.34897],[107.0503,16.34965],[107.05136,16.3496],[107.05329,16.34613],[107.05647,16.34782],[107.06007,16.34734],[107.0606,16.34745],[107.06092,16.34814],[107.06183,16.34793],[107.06201,16.34751],[107.06157,16.34574],[107.06036,16.3456],[107.06014,16.34528],[107.06078,16.34474],[107.06213,16.34431],[107.0617,16.34244],[107.06309,16.34105],[107.06267,16.33893],[107.06382,16.33666],[107.06278,16.33546],[107.06302,16.33224],[107.06517,16.33149],[107.06549,16.33034],[107.06743,16.32877],[107.06838,16.32873],[107.07038,16.32654],[107.0747,16.32514],[107.07703,16.32329],[107.07782,16.32217],[107.07972,16.32204],[107.08097,16.32123],[107.082,16.31969],[107.08219,16.31765],[107.08266,16.31721],[107.08256,16.31508],[107.0821,16.31367],[107.08054,16.3114],[107.07709,16.31019],[107.07556,16.30864],[107.07462,16.30816],[107.07346,16.30673],[107.07327,16.30549],[107.07168,16.30378],[107.07051,16.3041],[107.06903,16.30395],[107.06637,16.30482],[107.06457,16.30443],[107.06196,16.30514],[107.06033,16.30502],[107.05898,16.30579],[107.05798,16.30565],[107.05599,16.30632],[107.05201,16.30667],[107.05117,16.30581],[107.04979,16.30259],[107.04804,16.30002],[107.04672,16.29952],[107.04596,16.29959],[107.0452,16.3002],[107.04302,16.30099],[107.03932,16.304],[107.0367,16.30565],[107.03488,16.30618],[107.03063,16.30868],[107.02803,16.31134],[107.02644,16.3101],[107.02486,16.30982],[107.02489,16.30875],[107.02421,16.30811],[107.02365,16.30648],[107.02061,16.30283],[107.01517,16.30314],[107.01529,16.30553],[107.0158,16.30719],[107.01566,16.30814],[107.01196,16.31077],[107.01041,16.31108],[107.00966,16.31216],[107.00738,16.31337],[107.00597,16.31342],[107.00516,16.31334],[107.00324,16.31236],[107.00025,16.3119],[106.99944,16.31088],[106.99616,16.30866],[106.99537,16.30766],[106.99419,16.30778],[106.99237,16.30879],[106.99044,16.30887],[106.98884,16.30791],[106.98762,16.30621],[106.98547,16.30613],[106.98251,16.30446],[106.97796,16.30398],[106.97552,16.30307],[106.97008,16.30174],[106.96928,16.30205],[106.96865,16.30432],[106.96655,16.30501],[106.96686,16.30725],[106.96768,16.30971],[106.9666,16.31119],[106.96594,16.31454],[106.9662,16.31762],[106.96522,16.31896],[106.96727,16.32294],[106.96726,16.32393],[106.96661,16.32467],[106.9659,16.32678],[106.96617,16.32918],[106.96707,16.33145],[106.96791,16.3363],[106.96781,16.33655],[106.96609,16.33684],[106.9655,16.33752],[106.96615,16.33841],[106.96583,16.33922],[106.96701,16.34064],[106.96669,16.34231],[106.96704,16.3433],[106.96694,16.34478],[106.96742,16.34721],[106.96642,16.35069],[106.96654,16.35178],[106.9653,16.35253],[106.96347,16.35603],[106.96466,16.36083],[106.95985,16.362],[106.95568,16.36172],[106.95447,16.36192],[106.95316,16.36298],[106.95017,16.364],[106.94978,16.36479],[106.94985,16.36619],[106.94906,16.36802],[106.94957,16.36942],[106.95142,16.37105],[106.95134,16.37172],[106.95063,16.37242],[106.95044,16.37318],[106.95085,16.37407],[106.95049,16.37545],[106.95115,16.37661],[106.95213,16.37718],[106.95202,16.37931],[106.95296,16.37955],[106.95351,16.38009],[106.95654,16.38101],[106.95669,16.38223],[106.95726,16.38278],[106.95757,16.38394],[106.95917,16.38509],[106.96087,16.38515],[106.95984,16.38688],[106.95862,16.38737],[106.95847,16.38868],[106.959,16.38997],[106.95877,16.3919],[106.95927,16.39327],[106.96034,16.39394],[106.96219,16.39662],[106.96205,16.39766],[106.96276,16.40061],[106.96529,16.40184],[106.96675,16.40319]]]]}},
{"type":"Feature","id":"19597","properties":{"Ward_Code":"19597","Ward_Code_Num":19597,"Ward":"Cam Lộ","Ward_Alt":"Cam Lộ","Ward_Upper":"CAM LỘ","Ward_Full":"Xã Cam Lộ","Ward_Full_Alt":"Xã Cam Lộ","Ward_Full_Upper_Alt":"XÃ CAM LỘ","Ward_Type":"Xã","Province_Code":"44","Province":"Quảng Trị","Province_Upper_Alt":"QUẢNG TRỊ"},"geometry":{"type":"MultiPolygon","coordinates":[[[[107.01299,16.73842],[107.01109,16.73808],[107.00972,16.73738],[107.00815,16.73754],[107.00511,16.73653],[107.00384,16.73667],[107.00261,16.7353],[107.00221,16.73294],[107.00243,16.72901],[107.00458,16.72762],[107.00451,16.72625],[107.0031,16.72493],[107.00262,16.72235],[107.00318,16.7215],[107.00536,16.71999],[107.00545,16.71965],[107.00472,16.7183],[107.00284,16.71641],[107.00508,16.71267],[107.00614,16.71224],[107.00654,16.71017],[107.00558,16.70954],[107.00512,16.70737],[107.0061,16.70502],[107.00574,16.70447],[107.0057,16.70209],[107.00538,16.70133],[107.00444,16.70027],[107.00042,16.69924],[107.00031,16.69788],[106.99767,16.6984],[106.99666,16.69891],[106.99522,16.69888],[106.99457,16.69844],[106.99378,16.69872],[106.99213,16.69805],[106.99043,16.69478],[106.98948,16.69433],[106.98946,16.69396],[106.98689,16.69373],[106.98571,16.69267],[106.98446,16.69246],[106.98494,16.69053],[106.9836,16.6898],[106.98237,16.68987],[106.98106,16.69122],[106.979,16.69034],[106.97766,16.69195],[106.97719,16.6919],[106.97653,16.69091],[106.97598,16.69096],[106.97334,16.69351],[106.97258,16.69325],[106.97251,16.69446],[106.97122,16.6953],[106.96994,16.69495],[106.96981,16.69433],[106.96691,16.695],[106.96618,16.69365],[106.96455,16.69418],[106.96331,16.69287],[106.9606,16.69356],[106.95991,16.69296],[106.95948,16.69146],[106.9581,16.69248],[106.95712,16.69177],[106.95498,16.6913],[106.9543,16.69168],[106.9547,16.69269],[106.9544,16.69289],[106.9522,16.69159],[106.94914,16.69149],[106.94736,16.69012],[106.94731,16.68928],[106.94668,16.68848],[106.94626,16.6886],[106.94587,16.6893],[106.94499,16.68929],[106.94442,16.68967],[106.94174,16.68829],[106.94084,16.68947],[106.93816,16.6894],[106.9378,16.68922],[106.93807,16.68768],[106.93789,16.68664],[106.9371,16.68589],[106.93594,16.6864],[106.93484,16.68771],[106.93411,16.68739],[106.93334,16.68639],[106.93173,16.68664],[106.9301,16.68635],[106.92976,16.68503],[106.9294,16.68482],[106.92394,16.68597],[106.91936,16.68545],[106.91672,16.68636],[106.91516,16.68639],[106.91459,16.68932],[106.91315,16.69075],[106.91196,16.69111],[106.91041,16.69221],[106.91005,16.69319],[106.90732,16.6951],[106.90579,16.69746],[106.90435,16.69834],[106.90404,16.70011],[106.90436,16.70142],[106.90329,16.704],[106.90209,16.705],[106.90061,16.70481],[106.90021,16.70547],[106.89886,16.7064],[106.89841,16.70733],[106.89842,16.7087],[106.89759,16.7108],[106.89755,16.71282],[106.89703,16.71383],[106.89764,16.71443],[106.89771,16.71587],[106.89852,16.71787],[106.89606,16.71939],[106.89559,16.72194],[106.89387,16.7238],[106.89106,16.72425],[106.88985,16.72506],[106.88988,16.72626],[106.8888,16.72791],[106.88805,16.73069],[106.88637,16.73411],[106.88568,16.73663],[106.88562,16.73801],[106.88384,16.73914],[106.88202,16.73945],[106.88141,16.74021],[106.88124,16.74163],[106.88042,16.74324],[106.88017,16.74466],[106.87938,16.74565],[106.87828,16.74822],[106.87842,16.74982],[106.8793,16.75063],[106.87954,16.75137],[106.87918,16.75266],[106.87856,16.75319],[106.87788,16.75489],[106.87708,16.7556],[106.87505,16.75507],[106.87413,16.75673],[106.87377,16.75952],[106.8727,16.76059],[106.8713,16.76107],[106.87054,16.76204],[106.86912,16.76232],[106.86941,16.76313],[106.86873,16.76358],[106.86924,16.76638],[106.86698,16.76616],[106.86619,16.76786],[106.86556,16.76833],[106.86449,16.76821],[106.86388,16.76781],[106.86191,16.7677],[106.85969,16.76856],[106.85816,16.76874],[106.85761,16.76967],[106.85711,16.76991],[106.85736,16.77089],[106.85621,16.7727],[106.85602,16.77424],[106.85711,16.77634],[106.85926,16.77816],[106.86188,16.78136],[106.86552,16.78392],[106.86695,16.7863],[106.86928,16.78894],[106.87292,16.78818],[106.87572,16.7881],[106.87683,16.78916],[106.87879,16.7898],[106.88116,16.79001],[106.88219,16.78867],[106.88316,16.78645],[106.88366,16.78604],[106.88753,16.78758],[106.88852,16.78746],[106.88989,16.78692],[106.89138,16.78563],[106.89522,16.78513],[106.89548,16.78481],[106.89554,16.78295],[106.8961,16.78263],[106.89728,16.78311],[106.89792,16.78376],[106.89847,16.78604],[106.89883,16.7864],[106.90208,16.78656],[106.90434,16.78611],[106.90589,16.78649],[106.90636,16.78715],[106.90631,16.78777],[106.90463,16.78884],[106.90455,16.78922],[106.90472,16.79018],[106.9057,16.79068],[106.90728,16.79062],[106.91195,16.78954],[106.91627,16.79104],[106.9179,16.79194],[106.92145,16.79075],[106.92463,16.7887],[106.92545,16.78882],[106.92732,16.78965],[106.92888,16.79091],[106.92872,16.79492],[106.92916,16.796],[106.92989,16.79656],[106.93114,16.7969],[106.93284,16.79633],[106.93414,16.79456],[106.9358,16.79519],[106.93921,16.80004],[106.94686,16.80343],[106.94769,16.80521],[106.94713,16.80744],[106.94747,16.80836],[106.9492,16.80987],[106.95272,16.81081],[106.95403,16.81215],[106.95852,16.81341],[106.95902,16.81382],[106.9607,16.81347],[106.96599,16.8136],[106.96998,16.81231],[106.97041,16.81162],[106.97617,16.81083],[106.97728,16.81194],[106.97932,16.81262],[106.98255,16.81241],[106.98391,16.81291],[106.98655,16.81228],[106.98787,16.81231],[106.98868,16.8125],[106.99002,16.81362],[106.99271,16.81449],[106.99785,16.8142],[106.99982,16.8152],[107.00073,16.81751],[107.00056,16.81879],[106.99941,16.81995],[106.99863,16.82198],[107.00013,16.82349],[107.00093,16.82365],[107.00349,16.82252],[107.00503,16.81952],[107.00649,16.81861],[107.00838,16.81852],[107.01147,16.81984],[107.01314,16.8197],[107.01461,16.81909],[107.01378,16.81826],[107.01419,16.81672],[107.01296,16.81706],[107.01282,16.81681],[107.01321,16.81615],[107.01228,16.81622],[107.01216,16.81592],[107.01292,16.81474],[107.0138,16.81464],[107.0137,16.81418],[107.01304,16.81395],[107.01362,16.81312],[107.01413,16.81341],[107.01429,16.81258],[107.01487,16.81231],[107.01488,16.81187],[107.0139,16.81198],[107.01352,16.81104],[107.01387,16.81073],[107.01297,16.81038],[107.01263,16.80916],[107.01332,16.80925],[107.0138,16.80826],[107.01252,16.80807],[107.01272,16.80763],[107.0119,16.80692],[107.01194,16.80552],[107.01148,16.80543],[107.01127,16.80496],[107.01278,16.80437],[107.01186,16.80373],[107.01138,16.80197],[107.01234,16.80151],[107.01232,16.80079],[107.01206,16.80068],[107.01242,16.80046],[107.01235,16.79977],[107.01147,16.79986],[107.01144,16.79938],[107.01383,16.79949],[107.01412,16.79873],[107.01533,16.79867],[107.01507,16.79725],[107.01637,16.7952],[107.01319,16.79282],[107.01459,16.79033],[107.01592,16.7894],[107.01595,16.78656],[107.01328,16.7856],[107.01244,16.78458],[107.01256,16.78366],[107.01322,16.78269],[107.01399,16.78272],[107.01499,16.78166],[107.01509,16.78134],[107.01436,16.78087],[107.01439,16.77966],[107.01469,16.77925],[107.01451,16.77865],[107.01535,16.77784],[107.01557,16.7769],[107.01466,16.7763],[107.01493,16.77509],[107.01416999999999,16.77405],[107.0138,16.77196],[107.01182,16.77015],[107.01178,16.7687],[107.01214,16.76794],[107.01152,16.76713],[107.01139,16.76601],[107.01158,16.76539],[107.01232,16.76573],[107.01334,16.76552],[107.01344,16.76494],[107.01307,16.76427],[107.01348,16.76424],[107.01333,16.7638],[107.01359,16.76336],[107.01322,16.76329],[107.01356,16.76259],[107.01346,16.76205],[107.01416999999999,16.76188],[107.01426,16.76134],[107.01387,16.76079],[107.01405,16.76016],[107.0138,16.75974],[107.01327,16.75968],[107.01324,16.76029],[107.0117,16.75945],[107.01126,16.75949],[107.01111,16.7582],[107.01171,16.75777],[107.01179,16.75711],[107.01266,16.75765],[107.01336,16.7574],[107.01434,16.75488],[107.01173,16.75255],[107.01129,16.7524],[107.0101,16.75301],[107.00913,16.75208],[107.00955,16.7509],[107.01031,16.7511],[107.01094,16.75061],[107.01211,16.75049],[107.01209,16.74926],[107.01244,16.74857],[107.01353,16.74765],[107.01395,16.74672],[107.01459,16.74652],[107.01333,16.7421],[107.01299,16.73842]]]]}},
{"type":"Feature","id":"19603","properties":{"Ward_Code":"19603","Ward_Code_Num":19603,"Ward":"Hiếu Giang","Ward_Alt":"Hiếu Giang","Ward_Upper":"HIẾU GIANG","Ward_Full":"Xã Hiếu Giang","Ward_Full_Alt":"Xã Hiếu Giang","Ward_Full_Upper_Alt":"XÃ HIẾU GIANG","Ward_Type":"Xã","Province_Code":"44","Province":"Quảng Trị","Province_Upper_Alt":"QUẢNG TRỊ"},"geometry":{"type":"MultiPolygon","coordinates":[[[[107.06458,16.87632],[107.0653,16.8761],[107.06684,16.87382],[107.0681,16.8737],[107.06999,16.87408],[107.0711,16.8748],[107.07208,16.87268],[107.07364,16.87127],[107.07419,16.86967],[107.07664,16.87014],[107.07766,16.86957],[107.0787,16.87033],[107.08034,16.86972],[107.08182,16.86981],[107.08234,16.87013],[107.08249,16.87192],[107.08531,16.87246],[107.08521,16.87448],[107.08638,16.87456],[107.08706,16.87325],[107.08797,16.87248],[107.08793,16.87165],[107.08922,16.87074],[107.09025,16.86931],[107.09172,16.87026],[107.0921,16.86925],[107.09351,16.86966],[107.09385,16.86893],[107.09526,16.86934],[107.09659,16.86867],[107.09764,16.86892],[107.098,16.86783],[107.09876,16.86732],[107.09899,16.86637],[107.09963,16.86637],[107.09953,16.86554],[107.10044,16.86534],[107.10094,16.86566],[107.10157,16.86485],[107.10093,16.86397],[107.10034,16.86394],[107.10053,16.86294],[107.09936,16.86257],[107.09998,16.86154],[107.09925,16.86147],[107.09938,16.86098],[107.09891,16.86003],[107.09976,16.85953],[107.10015,16.85856],[107.09894,16.85814],[107.09892,16.85783],[107.09906,16.85748],[107.09963,16.85735],[107.10016,16.85795],[107.1014,16.85834],[107.10169,16.8578],[107.10224,16.85784],[107.10265,16.85851],[107.10159,16.85992],[107.10305,16.86018],[107.10385,16.85005],[107.10163,16.84928],[107.10152,16.84721],[107.1012,16.84704],[107.09989,16.84742],[107.09804,16.84665],[107.09438,16.84436],[107.09298,16.84385],[107.09214,16.84288],[107.09214,16.84175],[107.0908,16.84138],[107.09006,16.84169],[107.08926,16.8412],[107.08907,16.83953],[107.0887,16.8392],[107.08901,16.8384],[107.08774,16.8381],[107.08677,16.83669],[107.08572,16.83667],[107.08402,16.83524],[107.08195,16.83505],[107.08059,16.83425],[107.0796,16.83415],[107.07844,16.83235],[107.07668,16.83252],[107.0762,16.83317],[107.0754,16.83338],[107.07248,16.83162],[107.07035,16.8317],[107.06764,16.83091],[107.06659,16.8315],[107.06599,16.83129],[107.06422,16.83159],[107.06274,16.83145],[107.06164,16.8312],[107.0601,16.82998],[107.06039,16.82914],[107.0609,16.82905],[107.0617,16.82812],[107.0612,16.82777],[107.0614,16.82265],[107.06076,16.8232],[107.05974,16.82305],[107.05909,16.82376],[107.05799,16.82273],[107.06008,16.81692],[107.06136,16.81516],[107.05895,16.81247],[107.05367,16.8079],[107.04825,16.80619],[107.04809,16.8057],[107.04851,16.8045],[107.0482,16.80216],[107.04845,16.8016],[107.04906,16.80146],[107.04928,16.80104],[107.0484,16.79978],[107.04823,16.79764],[107.05628,16.79677],[107.0557,16.79486],[107.0537,16.79271],[107.05306,16.79129],[107.05568,16.7854],[107.05434,16.78472],[107.04976,16.78511],[107.04779,16.78479],[107.04654,16.78422],[107.04413,16.784],[107.04224,16.78261],[107.04067,16.78079],[107.03899,16.77753],[107.03893,16.77631],[107.03641,16.77487],[107.03524,16.77298],[107.03494,16.77164],[107.03436,16.771],[107.03461,16.76904],[107.03362,16.76765],[107.03359,16.76584],[107.0324,16.7642],[107.03192,16.76262],[107.03091,16.76212],[107.03102,16.7606],[107.02919,16.75792],[107.02844,16.75627],[107.02862,16.75519],[107.02908,16.75461],[107.02875,16.75322],[107.02992,16.75264],[107.03,16.75175],[107.02866,16.75149],[107.02744,16.75035],[107.02582,16.75018],[107.02518,16.75071],[107.02354,16.75],[107.01185,16.75044],[107.01094,16.75061],[107.01031,16.7511],[107.00957,16.75089],[107.00922,16.75161],[107.00914,16.75212],[107.00961,16.75242],[107.00966,16.75285],[107.01019,16.75301],[107.01141,16.7524],[107.01434,16.75488],[107.01336,16.7574],[107.01266,16.75765],[107.01179,16.75711],[107.01171,16.75777],[107.01111,16.7582],[107.01126,16.75949],[107.0117,16.75945],[107.01324,16.76029],[107.01327,16.75968],[107.0138,16.75974],[107.01405,16.76016],[107.01387,16.76079],[107.01426,16.76134],[107.01416999999999,16.76188],[107.01346,16.76205],[107.01356,16.76259],[107.01322,16.76329],[107.01359,16.76336],[107.01333,16.7638],[107.01348,16.76424],[107.01307,16.76427],[107.01344,16.76494],[107.01334,16.76552],[107.01232,16.76573],[107.01158,16.76539],[107.01139,16.76601],[107.01152,16.76713],[107.01214,16.76794],[107.01178,16.7687],[107.01182,16.77015],[107.0138,16.77196],[107.01416999999999,16.77405],[107.01493,16.77509],[107.01466,16.7763],[107.01557,16.7769],[107.01535,16.77784],[107.01451,16.77865],[107.01469,16.77925],[107.01439,16.77966],[107.01436,16.78087],[107.01509,16.78134],[107.01499,16.78166],[107.01399,16.78272],[107.01322,16.78269],[107.01256,16.78366],[107.01244,16.78458],[107.01328,16.7856],[107.01595,16.78656],[107.01592,16.7894],[107.01459,16.79033],[107.01319,16.79282],[107.01637,16.7952],[107.01507,16.79725],[107.01533,16.79867],[107.01412,16.79873],[107.01383,16.79949],[107.01144,16.79938],[107.01147,16.79986],[107.01235,16.79977],[107.01242,16.80046],[107.01206,16.80068],[107.01232,16.80079],[107.01234,16.80151],[107.01138,16.80197],[107.01186,16.80373],[107.01278,16.80437],[107.01127,16.80496],[107.01148,16.80543],[107.01194,16.80552],[107.0119,16.80692],[107.01272,16.80763],[107.01252,16.80807],[107.0138,16.80826],[107.01332,16.80925],[107.01263,16.80916],[107.01297,16.81038],[107.01387,16.81073],[107.01352,16.81104],[107.0139,16.81198],[107.01488,16.81187],[107.01487,16.81231],[107.01429,16.81258],[107.01413,16.81341],[107.01362,16.81312],[107.01304,16.81395],[107.0137,16.81418],[107.0138,16.81464],[107.01292,16.81474],[107.01216,16.81592],[107.01228,16.81622],[107.01321,16.81615],[107.01282,16.81681],[107.01296,16.81706],[107.01419,16.81672],[107.01378,16.81826],[107.01461,16.81909],[107.01314,16.8197],[107.01147,16.81984],[107.00838,16.81852],[107.00649,16.81861],[107.00503,16.81952],[107.00349,16.82252],[107.00093,16.82365],[107.00013,16.82349],[106.99863,16.82198],[106.99941,16.81995],[107.00056,16.81879],[107.00073,16.81751],[106.99982,16.8152],[106.99785,16.8142],[106.99271,16.81449],[106.99002,16.81362],[106.98868,16.8125],[106.98787,16.81231],[106.98655,16.81228],[106.98391,16.81291],[106.98255,16.81241],[106.97932,16.81262],[106.97728,16.81194],[106.97617,16.81083],[106.97041,16.81162],[106.96998,16.81231],[106.96599,16.8136],[106.9607,16.81347],[106.95902,16.81382],[106.95852,16.81341],[106.95403,16.81215],[106.95272,16.81081],[106.9492,16.80987],[106.94747,16.80836],[106.94713,16.80744],[106.94769,16.80521],[106.94686,16.80343],[106.93921,16.80004],[106.9358,16.79519],[106.93414,16.79456],[106.93284,16.79633],[106.93114,16.7969],[106.92989,16.79656],[106.92916,16.796],[106.92872,16.79492],[106.92888,16.79091],[106.92732,16.78965],[106.92545,16.78882],[106.92463,16.7887],[106.92145,16.79075],[106.9179,16.79194],[106.91627,16.79104],[106.91195,16.78954],[106.90728,16.79062],[106.9057,16.79068],[106.90472,16.79018],[106.90455,16.78922],[106.90463,16.78884],[106.90631,16.78777],[106.90636,16.78715],[106.90589,16.78649],[106.90434,16.78611],[106.90208,16.78656],[106.89883,16.7864],[106.89847,16.78604],[106.89792,16.78376],[106.89728,16.78311],[106.8961,16.78263],[106.89554,16.78295],[106.89548,16.78481],[106.89522,16.78513],[106.89138,16.78563],[106.88989,16.78692],[106.88852,16.78746],[106.88753,16.78758],[106.88366,16.78604],[106.88316,16.78645],[106.88219,16.78867],[106.88116,16.79001],[106.87879,16.7898],[106.87683,16.78916],[106.87572,16.7881],[106.87292,16.78818],[106.86928,16.78894],[106.86695,16.7863],[106.86552,16.78392],[106.86188,16.78136],[106.85926,16.77816],[106.85711,16.77634],[106.85602,16.77424],[106.856,16.77329],[106.85381,16.7802],[106.84925,16.78066],[106.84363,16.78199],[106.84269,16.78402],[106.84177,16.78502],[106.84218,16.78631],[106.84152,16.78732],[106.8421,16.78856],[106.84075,16.79066],[106.84052,16.79178],[106.83956,16.79307],[106.83911,16.79462],[106.83832,16.79502],[106.83755,16.79666],[106.83586,16.79739],[106.83602,16.79956],[106.8369,16.80009],[106.83543,16.80192],[106.83554,16.80323],[106.83428,16.80423],[106.83405,16.80531],[106.83346,16.80565],[106.83237,16.80734],[106.83156,16.80768],[106.82997,16.80703],[106.82984,16.80735],[106.82981,16.8084],[106.83045,16.81093],[106.83281,16.81043],[106.83401,16.80969],[106.83503,16.81006],[106.8357,16.81087],[106.83658,16.81121],[106.83805,16.81108],[106.83882,16.81069],[106.83849,16.81116],[106.83891,16.81253],[106.83808,16.81214],[106.8384,16.81296],[106.83794,16.8136],[106.8381,16.8139],[106.83894,16.8139],[106.83929,16.81421],[106.83879,16.8147],[106.83757,16.81506],[106.83793,16.81624],[106.83746,16.81673],[106.83751,16.81748],[106.83705,16.81787],[106.83709,16.81841],[106.83755,16.81847],[106.83809,16.81955],[106.83856,16.8198],[106.83938,16.81882],[106.84002,16.81902],[106.8422,16.81784],[106.84422,16.8182],[106.84643,16.81749],[106.84723,16.81846],[106.84776,16.81796],[106.84892,16.81812],[106.84916,16.81714],[106.85117,16.81599],[106.85238,16.81602],[106.85451,16.81696],[106.85548,16.81628],[106.85663,16.81599],[106.85754,16.81612],[106.85836,16.81655],[106.85894,16.81804],[106.85927,16.81761],[106.86129,16.81819],[106.86263,16.81802],[106.86298,16.8176],[106.86459,16.81748],[106.86488,16.81785],[106.86626,16.81777],[106.86659,16.81846],[106.86747,16.81886],[106.87005,16.81875],[106.87114,16.81899],[106.87163,16.81994],[106.87226,16.8204],[106.87357,16.82056],[106.87383,16.82071],[106.87362,16.82112],[106.87502,16.82148],[106.87496,16.82209],[106.87635,16.82214],[106.87786,16.82389],[106.8785,16.82397],[106.87983,16.82283],[106.88052,16.82267],[106.88253,16.82302],[106.88468,16.82387],[106.88561,16.82489],[106.88818,16.82445],[106.889,16.82494],[106.88908,16.82545],[106.88984,16.8262],[106.8915,16.82622],[106.89276,16.82571],[106.89474,16.82632],[106.89596,16.8261],[106.89628,16.82655],[106.89585,16.82729],[106.89636,16.82772],[106.897,16.82774],[106.89769,16.8271],[106.89824,16.82719],[106.90024,16.82797],[106.90143,16.82951],[106.90453,16.82991],[106.906,16.8313],[106.90938,16.83255],[106.9096,16.83469],[106.91058,16.83581],[106.90877,16.83474],[106.90752,16.83484],[106.90708,16.83531],[106.90662,16.83507],[106.90491,16.83631],[106.9049,16.83664],[106.90348,16.83684],[106.90263,16.83803],[106.90108,16.8387],[106.90071,16.84239],[106.89999,16.84282],[106.89885,16.84227],[106.89788,16.84377],[106.89799,16.8451],[106.89734,16.8464],[106.89665,16.84673],[106.89605,16.84755],[106.89665,16.84847],[106.89688,16.85169],[106.89808,16.85185],[106.89837,16.85293],[106.89913,16.85374],[106.90212,16.85461],[106.90414,16.8531],[106.90475,16.85306],[106.90518,16.85213],[106.90623,16.85158],[106.90673,16.85162],[106.90649,16.85267],[106.90712,16.85315],[106.90818,16.85338],[106.9082,16.85268],[106.90899,16.85276],[106.90928,16.85384],[106.9091,16.85564],[106.90755,16.85672],[106.90788,16.8574],[106.9075,16.85808],[106.90792,16.85838],[106.90929,16.85838],[106.90964,16.85932],[106.90914,16.85968],[106.90994,16.86008],[106.91083,16.86006],[106.9114,16.86094],[106.91111,16.86175],[106.91152,16.86203],[106.91042,16.86177],[106.91011,16.86141],[106.90945,16.86195],[106.9089,16.86191],[106.90755,16.86356],[106.9077,16.86451],[106.90819,16.86473],[106.90774,16.86521],[106.90774,16.86652],[106.90709,16.86699],[106.90679,16.86791],[106.90702,16.8686],[106.90737,16.86869],[106.90736,16.8692],[106.90776,16.86903],[106.90797,16.86948],[106.90861,16.86959],[106.90888,16.87026],[106.91005,16.87],[106.91285,16.87145],[106.91377,16.8723],[106.91555,16.8728],[106.91655,16.87364],[106.91659,16.87425],[106.91725,16.8745],[106.91974,16.87443],[106.92037,16.87402],[106.92104,16.87426],[106.92286,16.87326],[106.9231,16.87379],[106.92401,16.8742],[106.92397,16.87557],[106.92544,16.87629],[106.92551,16.87667],[106.92499,16.87708],[106.9258,16.87792],[106.92538,16.87893],[106.9261,16.8793],[106.92606,16.88],[106.92757,16.88132],[106.92878,16.8808],[106.9295,16.88114],[106.92969,16.88173],[106.93152,16.88214],[106.93193,16.88171],[106.9322,16.88058],[106.93277,16.88069],[106.93326,16.88038],[106.93401,16.8808],[106.93434,16.88182],[106.93546,16.88206],[106.93584,16.8825],[106.9377,16.88279],[106.93838,16.88323],[106.93942,16.88314],[106.93853,16.88151],[106.93954,16.88039],[106.94032,16.87887],[106.94012,16.87828],[106.94078,16.87603],[106.94037,16.87548],[106.94064,16.87462],[106.94127,16.874],[106.9408,16.87189],[106.94108,16.8696],[106.9408,16.86926],[106.94122,16.86764],[106.93992,16.86577],[106.93863,16.86474],[106.93859,16.8639],[106.93932,16.86334],[106.93848,16.86122],[106.93939,16.8597],[106.93993,16.85621],[106.9421,16.85536],[106.9424,16.85436],[106.94332,16.8539],[106.94488,16.8545],[106.94717,16.85605],[106.95016,16.8572],[106.95215,16.85684],[106.95339,16.85527],[106.95458,16.85471],[106.95744,16.85669],[106.95834,16.85693],[106.95885,16.85776],[106.96017,16.85864],[106.96192,16.85888],[106.96247,16.85867],[106.96264,16.85905],[106.96389,16.85845],[106.9649,16.85843],[106.96562,16.85782],[106.96591,16.85706],[106.96684,16.85732],[106.9675,16.85806],[106.96958,16.85852],[106.97075,16.85981],[106.97128,16.86127],[106.9721,16.8615],[106.97315999999999,16.8612],[106.97368,16.86051],[106.97553,16.86074],[106.97637,16.86132],[106.98777,16.86014],[106.98888,16.86084],[106.99021,16.85937],[106.99096,16.85992],[106.99226,16.85937],[106.99336,16.85968],[106.99445,16.85903],[107.00031,16.85775],[107.00262,16.85859],[107.0037,16.85842],[107.00336,16.85968],[107.00712,16.85992],[107.00861,16.85891],[107.01039,16.85843],[107.01197,16.85697],[107.0138,16.85716],[107.01487,16.85668],[107.01548,16.85825],[107.01701,16.85958],[107.01866,16.86287],[107.01808,16.86385],[107.0189,16.86427],[107.01906,16.86502],[107.01853,16.86555],[107.01902,16.86596],[107.01936,16.86694],[107.01862,16.86723],[107.01855,16.86772],[107.01956,16.86792],[107.01983,16.86832],[107.02069,16.86835],[107.02022,16.86953],[107.02144,16.87029],[107.02219,16.87011],[107.02224,16.87085],[107.02328,16.87055],[107.02454,16.87067],[107.02584,16.87179],[107.02607,16.87234],[107.02652,16.87218],[107.02694,16.87249],[107.0265,16.87332],[107.02718,16.87385],[107.02713,16.87485],[107.02772,16.87554],[107.02939,16.87567],[107.03076,16.87499],[107.03202,16.8753],[107.03318,16.87609],[107.0341,16.87516],[107.03476,16.8752],[107.03467,16.87745],[107.03694,16.87905],[107.03582,16.88351],[107.0363,16.88403],[107.03741,16.88437],[107.04475,16.88479],[107.04958,16.88411],[107.05151,16.88344],[107.06095,16.87755],[107.06458,16.87632]]]]}},
{"type":"Feature","id":"19624","properties":{"Ward_Code":"19624","Ward_Code_Num":19624,"Ward":"Triệu Phong","Ward_Alt":"Triệu Phong","Ward_Upper":"TRIỆU PHONG","Ward_Full":"Xã Triệu Phong","Ward_Full_Alt":"Xã Triệu Phong","Ward_Full_Upper_Alt":"XÃ TRIỆU PHONG","Ward_Type":"Xã","Province_Code":"44","Province":"Quảng Trị","Province_Upper_Alt":"QUẢNG TRỊ"},"geometry":{"type":"MultiPolygon","coordinates":[[[[107.15901,16.72751],[107.15872,16.72642],[107.16016,16.72255],[107.16141,16.72289],[107.1631,16.72413],[107.16438,16.72466],[107.16576,16.72591],[107.16524,16.72957],[107.16752,16.73058],[107.16811,16.73004],[107.16731,16.72933],[107.1682,16.72887],[107.16886,16.72965],[107.16941,16.72931],[107.16914,16.72844],[107.16958,16.72808],[107.16907,16.7275],[107.17017,16.7266],[107.16866,16.72366],[107.16774,16.71632],[107.16483,16.70939],[107.16348,16.7082],[107.16178,16.70745],[107.14994,16.70474],[107.14839,16.70371],[107.14735,16.70165],[107.14555,16.70041],[107.14357,16.70022],[107.13904,16.70142],[107.137,16.70119],[107.13594,16.70059],[107.13374,16.69833],[107.12772,16.69354],[107.12282,16.69093],[107.11799,16.68774],[107.11708,16.68644],[107.11705,16.6852],[107.11888,16.68149],[107.1192,16.67769],[107.11892,16.67456],[107.11775,16.67143],[107.11661,16.66944],[107.11272,16.66389],[107.11149,16.66349],[107.10909,16.66372],[107.10562,16.66573],[107.10468,16.6659],[107.10387,16.66526],[107.10284,16.66046],[107.10218,16.65972],[107.1014,16.65959],[107.09909,16.66084],[107.09452,16.66437],[107.09302,16.6644],[107.09185,16.66358],[107.09141,16.66274],[107.09036,16.65807],[107.08871,16.65475],[107.08774,16.65432],[107.08685,16.654419999999998],[107.08321,16.6561],[107.08244,16.65609],[107.08176,16.65575],[107.0794,16.65257],[107.07874,16.65227],[107.07286,16.65214],[107.07083,16.65243],[107.06955,16.65213],[107.06761,16.64995],[107.06711,16.64852],[107.06717,16.64753],[107.06624,16.64505],[107.06568,16.6457],[107.06523,16.64537],[107.065,16.64615],[107.06343,16.64648],[107.06279,16.64611],[107.06232,16.64665],[107.06222,16.64754],[107.06143,16.64713],[107.06115,16.64729],[107.06139,16.64794],[107.0612,16.64827],[107.06081,16.64759],[107.0604,16.64766],[107.06048,16.64912],[107.05873,16.65181],[107.05799,16.65089],[107.05795,16.65037],[107.05607,16.65163],[107.05722,16.65735],[107.05636,16.65834],[107.05674,16.65929],[107.05595,16.65982],[107.05662,16.66077],[107.0558,16.66127],[107.05539,16.66219],[107.05654,16.66279],[107.05671,16.66367],[107.05723,16.66417],[107.05712,16.66549],[107.05758,16.66576],[107.0584,16.66855],[107.05806,16.66947],[107.06122,16.67617],[107.05868,16.67756],[107.05936,16.67791],[107.05856,16.67881],[107.0597,16.67923],[107.05969,16.68011],[107.05917,16.68018],[107.05876,16.68065],[107.05722,16.68071],[107.05692,16.68203],[107.05638,16.68151],[107.05553,16.68204],[107.05549,16.68262],[107.05621,16.6824],[107.05619,16.68364],[107.05754,16.68395],[107.0578,16.68438],[107.05754,16.68533],[107.05889,16.68626],[107.05791,16.68697],[107.05832,16.68799],[107.05685,16.68876],[107.0566,16.68988],[107.05534,16.68987],[107.05503,16.69041],[107.05607,16.69128],[107.05697,16.69104],[107.05778,16.69221],[107.05852,16.69228],[107.05914,16.6911],[107.05987,16.69158],[107.0617,16.69201],[107.06151,16.69343],[107.06309,16.69375],[107.06223,16.6957],[107.06231,16.69625],[107.06355,16.69686],[107.06206,16.69731],[107.06195,16.69764],[107.06285,16.69863],[107.06632,16.70034],[107.06644,16.70074],[107.06557,16.70163],[107.06585,16.70215],[107.06737,16.70292],[107.06753,16.70343],[107.06962,16.70297],[107.07034,16.7035],[107.07237,16.70374],[107.07227,16.70287],[107.07256,16.70216],[107.07428,16.70197],[107.0753,16.7027],[107.07564,16.7037],[107.07612,16.70405],[107.07855,16.7024],[107.07911,16.70254],[107.07926,16.70336],[107.07984,16.70346],[107.08196,16.70262],[107.08206,16.70394],[107.08381,16.70514],[107.08354,16.7062],[107.08517,16.70688],[107.08535,16.7084],[107.08442,16.71058],[107.08594,16.71034],[107.08717,16.7108],[107.08769,16.71234],[107.0898,16.71264],[107.09058,16.71357],[107.09136,16.7134],[107.09174,16.71399],[107.09051,16.71435],[107.09046,16.71523],[107.09134,16.71554],[107.09194,16.71525],[107.09245,16.71544],[107.09264,16.71666],[107.09185,16.71773],[107.09265,16.7186],[107.11127,16.71794],[107.11126,16.7183],[107.11169,16.71825],[107.11206,16.71873],[107.1119,16.71971],[107.11295,16.72009],[107.11327,16.72072],[107.11386,16.72044],[107.11469,16.72085],[107.1151,16.72069],[107.11542,16.72161],[107.11587,16.72145],[107.11665,16.72193],[107.11738,16.72175],[107.11782,16.72103],[107.11852,16.72065],[107.11918,16.72109],[107.11922,16.72234],[107.11851,16.72358],[107.11912,16.72435],[107.12112,16.72429],[107.12108,16.7236],[107.12152,16.72334],[107.12195,16.7235],[107.12233,16.72426],[107.12296,16.72435],[107.12334,16.72537],[107.12388,16.72562],[107.12419,16.72714],[107.1248,16.72721],[107.12524,16.72677],[107.12588,16.72798],[107.12669,16.72797],[107.12663,16.72934],[107.12592,16.73073],[107.12723,16.73074],[107.1276,16.73184],[107.12776,16.73151],[107.12859,16.73125],[107.12874,16.73185],[107.12908,16.73192],[107.1288,16.7326],[107.12947,16.73285],[107.12912,16.73357],[107.12945,16.73401],[107.13089,16.73333],[107.13294,16.73297],[107.13618,16.73384],[107.13936,16.73345],[107.14008,16.73444],[107.14012,16.7363],[107.14162,16.73695],[107.14302,16.73923],[107.14313,16.74256],[107.1444,16.74523],[107.1447,16.74682],[107.14733,16.748169999999998],[107.14879,16.74838],[107.15089,16.7508],[107.15204,16.75145],[107.15404,16.7515],[107.15527,16.7523],[107.15625,16.75489],[107.15485,16.7569],[107.15912,16.7608],[107.15981,16.76103],[107.15861,16.7626],[107.16086,16.76378],[107.15334,16.77564],[107.1541,16.77579],[107.15469,16.77729],[107.15647,16.7787],[107.1603,16.78084],[107.16218,16.77892],[107.16407,16.78147],[107.16884,16.7754],[107.17051,16.77383],[107.17184,16.77349],[107.17228,16.7714],[107.17296,16.77095],[107.17396,16.77094],[107.17551,16.7724],[107.175,16.77447],[107.17519,16.7752],[107.17661,16.77596],[107.18025,16.77607],[107.18286,16.77497],[107.18472,16.77335],[107.18593,16.77373],[107.1856,16.77387],[107.18582,16.77713],[107.19233,16.77921],[107.19739,16.77933],[107.19693,16.78326],[107.19144,16.78274],[107.19093,16.78503],[107.1895,16.7878],[107.1894,16.78839],[107.19254,16.78812],[107.19294,16.78842],[107.19324,16.78956],[107.19299,16.79179],[107.19403,16.79323],[107.19539,16.79366],[107.19726,16.79281],[107.19865,16.79268],[107.20208,16.79291],[107.20437,16.79358],[107.20527,16.79332],[107.20591,16.79349],[107.2066,16.79292],[107.20768,16.79319],[107.20816,16.79365],[107.20834,16.7948],[107.20744,16.80044],[107.20899,16.80015],[107.21113,16.79907],[107.21145,16.79841],[107.21248,16.7976],[107.21397,16.79726],[107.21373,16.79222],[107.2145,16.79189],[107.21485,16.79041],[107.21357,16.78824],[107.21403,16.78743],[107.21401,16.78664],[107.21452,16.7859],[107.21552,16.78624],[107.21609,16.78524],[107.21798,16.78328],[107.21667,16.78087],[107.21699,16.78062],[107.21658,16.77996],[107.2151,16.7812],[107.21484,16.78077],[107.2144,16.78104],[107.21417,16.78044],[107.21234,16.78105],[107.21144,16.78099],[107.21137,16.77963],[107.21033,16.77826],[107.21109,16.77739],[107.21072,16.77682],[107.21088,16.77665],[107.20959,16.77551],[107.20947,16.77575],[107.20881,16.7755],[107.20638,16.77426],[107.20843,16.77206],[107.20952,16.77312],[107.21,16.77274],[107.20889,16.77084],[107.20748,16.76992],[107.20687,16.76971],[107.20664,16.77091],[107.20411,16.77056],[107.20209,16.76973],[107.20195,16.77025],[107.20108,16.76991],[107.20067,16.77115],[107.19923,16.77093],[107.19968,16.76813],[107.20281,16.76889],[107.20341,16.7677],[107.20097,16.76287],[107.19785,16.76001],[107.19554,16.75853],[107.19453,16.75803],[107.19408,16.75925],[107.19326,16.7591],[107.1928,16.75898],[107.19306,16.75821],[107.19288,16.75762],[107.19173,16.75776],[107.19177,16.75808],[107.19086,16.75828],[107.19024,16.75796],[107.19009,16.75741],[107.18791,16.75816],[107.18698,16.7589],[107.1863,16.75757],[107.1826,16.75903],[107.18213,16.75843],[107.18106,16.75894],[107.18037,16.75876],[107.1785,16.75483],[107.17738,16.75503],[107.17611,16.75259],[107.17622,16.75025],[107.17744,16.7466],[107.17749,16.74427],[107.17561,16.73553],[107.17389,16.73333],[107.17285,16.73422],[107.17014,16.73265],[107.1691,16.7329],[107.16616,16.73251],[107.16351,16.73317],[107.16189,16.73178],[107.16192,16.7311],[107.16101,16.73088],[107.16182,16.72891],[107.16006,16.7286],[107.15901,16.72751]]]]}},
{"type":"Feature","id":"19639","properties":{"Ward_Code":"19639","Ward_Code_Num":19639,"Ward":"Nam Cửa Việt","Ward_Alt":"Nam Cửa Việt","Ward_Upper":"NAM CỬA VIỆT","Ward_Full":"Xã Nam Cửa Việt","Ward_Full_Alt":"Xã Nam Cửa Việt","Ward_Full_Upper_Alt":"XÃ NAM CỬA VIỆT","Ward_Type":"Xã","Province_Code":"44","Province":"Quảng Trị","Province_Upper_Alt":"QUẢNG TRỊ"},"geometry":{"type":"MultiPolygon","coordinates":[[[[107.23489,16.80363],[107.23311,16.8018],[107.23188,16.80106],[107.23191,16.80049],[107.23122,16.7999],[107.23061,16.79816],[107.22923,16.79837],[107.22827,16.79893],[107.22724,16.8007],[107.22595,16.80076],[107.22596,16.79973],[107.22559,16.7995],[107.22462,16.79971],[107.22351,16.79932],[107.22357,16.79993],[107.22266,16.8002],[107.2216,16.80004],[107.22149,16.80032],[107.22031,16.80046],[107.21989,16.80116],[107.21771,16.80062],[107.2174,16.80702],[107.21779,16.81003],[107.21765,16.81179],[107.21719,16.81267],[107.21738,16.81301],[107.21662,16.81299],[107.21653,16.81175],[107.21564,16.81226],[107.21557,16.81363],[107.21467,16.81353],[107.21422,16.8129],[107.20982,16.80987],[107.20928,16.81111],[107.20846,16.81145],[107.20826,16.81207],[107.20849,16.81286],[107.2099,16.81408],[107.20975,16.81526],[107.20621,16.81717],[107.20579,16.8179],[107.20613,16.81869],[107.20596,16.81914],[107.20168,16.82318],[107.20127,16.82395],[107.20064,16.82758],[107.20004,16.82866],[107.1981,16.8299],[107.19668,16.8301],[107.19548,16.82953],[107.19461,16.82812],[107.19318,16.82774],[107.19122,16.82865],[107.19076,16.82939],[107.19051,16.8303],[107.19086,16.83135],[107.19254,16.83179],[107.19483,16.8314],[107.19591,16.83291],[107.19712,16.83286],[107.19763,16.83318],[107.1974,16.83462],[107.19361,16.83578],[107.189,16.83657],[107.1858,16.83897],[107.1845,16.83894],[107.18416,16.84078],[107.18382,16.84114],[107.18326,16.84116],[107.18223,16.8403],[107.18002,16.84028],[107.17795,16.83935],[107.17781,16.84002],[107.17726,16.84031],[107.17713,16.84084],[107.17837,16.84223],[107.17746,16.84279],[107.17481,16.84041],[107.1746,16.83997],[107.17485,16.83932],[107.17389,16.83876],[107.16868,16.83869],[107.16554,16.83702],[107.16424,16.8353],[107.16235,16.83533],[107.16126,16.83597],[107.15822,16.84016],[107.15771,16.8439],[107.15726,16.84516],[107.15166,16.8531],[107.15149,16.85526],[107.15179,16.85704],[107.15147,16.86086],[107.15329,16.8646],[107.1514,16.86519],[107.1481,16.86691],[107.14874,16.86731],[107.15056,16.87001],[107.15311,16.87734],[107.15537,16.88002],[107.16046,16.88398],[107.16512,16.88819],[107.17138,16.89215],[107.18231,16.90002],[107.19062,16.90399],[107.19164,16.90276],[107.19214,16.90395],[107.19601,16.90483],[107.196,16.90537],[107.19675,16.90629],[107.19998,16.9061],[107.20032,16.90492],[107.2024,16.9012],[107.20844,16.89303],[107.22028,16.87996],[107.23555,16.86554],[107.23519,16.86531],[107.23386,16.86573],[107.23359,16.86558],[107.23392,16.86523],[107.23584,16.86538],[107.23833,16.86344],[107.23814,16.8631],[107.23712,16.86294],[107.23722,16.86267],[107.23904,16.86292],[107.25417,16.84928],[107.25442,16.84792],[107.25467,16.84807],[107.2546,16.84888],[107.26482,16.84019],[107.26284,16.84067],[107.26252,16.84038],[107.26286,16.8402],[107.26343,16.84047],[107.26468,16.83998],[107.26506,16.84019],[107.26783,16.83764],[107.26421,16.83494],[107.26068,16.83123],[107.26308,16.82315],[107.23489,16.80363]]]]}},
{"type":"Feature","id":"19645","properties":{"Ward_Code":"19645","Ward_Code_Num":19645,"Ward":"Triệu Bình","Ward_Alt":"Triệu Bình","Ward_Upper":"TRIỆU BÌNH","Ward_Full":"Xã Triệu Bình","Ward_Full_Alt":"Xã Triệu Bình","Ward_Full_Upper_Alt":"XÃ TRIỆU BÌNH","Ward_Type":"Xã","Province_Code":"44","Province":"Quảng Trị","Province_Upper_Alt":"QUẢNG TRỊ"},"geometry":{"type":"MultiPolygon","coordinates":[[[[107.12925,16.85727],[107.13684,16.8638],[107.14138,16.86519],[107.14558,16.86574],[107.1481,16.86691],[107.1514,16.86519],[107.15329,16.8646],[107.15147,16.86086],[107.15179,16.85704],[107.15149,16.85526],[107.15166,16.8531],[107.15726,16.84516],[107.15771,16.8439],[107.15822,16.84016],[107.15932,16.83834],[107.16164,16.83565],[107.16306,16.83522],[107.16438,16.83536],[107.16554,16.83702],[107.16868,16.83869],[107.17389,16.83876],[107.17485,16.83932],[107.1746,16.83997],[107.17481,16.84041],[107.17766,16.84282],[107.17837,16.84212],[107.17713,16.84084],[107.17726,16.84031],[107.17781,16.84002],[107.17795,16.83935],[107.18002,16.84028],[107.18223,16.8403],[107.18367,16.8412],[107.18416,16.84078],[107.1845,16.83894],[107.1858,16.83897],[107.189,16.83657],[107.19361,16.83578],[107.19732,16.83471],[107.19773,16.83342],[107.19739,16.83296],[107.19591,16.83291],[107.19469,16.83135],[107.1927,16.83179],[107.19111,16.8315],[107.19066,16.83101],[107.19054,16.82998],[107.19111,16.82874],[107.19318,16.82774],[107.19461,16.82812],[107.19548,16.82953],[107.19651,16.83007],[107.19791,16.82998],[107.19963,16.82903],[107.20064,16.82758],[107.20127,16.82395],[107.20168,16.82318],[107.20596,16.81914],[107.20613,16.81869],[107.20579,16.8179],[107.20621,16.81717],[107.20728,16.8168],[107.20981,16.81514],[107.2099,16.81408],[107.20849,16.81286],[107.2083,16.81188],[107.2096,16.8106],[107.21006,16.80859],[107.21298,16.80413],[107.2132,16.80294],[107.21249,16.8014],[107.21116,16.8001],[107.21133,16.79891],[107.20869,16.80028],[107.20744,16.80044],[107.20834,16.7948],[107.20798,16.7934],[107.2066,16.79292],[107.20591,16.79349],[107.20527,16.79332],[107.20437,16.79358],[107.20208,16.79291],[107.19865,16.79268],[107.19726,16.79281],[107.19539,16.79366],[107.19425,16.79337],[107.19299,16.79179],[107.19324,16.78956],[107.19294,16.78842],[107.19254,16.78812],[107.18937,16.78839],[107.18682,16.78768],[107.18664,16.78627],[107.18708,16.78598],[107.18802,16.78623],[107.1884,16.78603],[107.18858,16.78541],[107.18835,16.78458],[107.18711,16.78274],[107.18388,16.78168],[107.18122,16.78238],[107.17881,16.78588],[107.17886,16.78841],[107.17924,16.78844],[107.17891,16.79272],[107.18141,16.7931],[107.18135,16.79397],[107.17977,16.79714],[107.17842,16.79671],[107.17801,16.79841],[107.17794,16.80031],[107.18004,16.80652],[107.18265,16.80455],[107.18402,16.80297],[107.18659,16.80152],[107.18847,16.80109],[107.19143,16.80124],[107.19129,16.80318],[107.18877,16.80645],[107.18913,16.80701],[107.18909,16.80769],[107.1862,16.80982],[107.185,16.81116],[107.1844,16.81132],[107.18196,16.80792],[107.18086,16.80829],[107.18083,16.80886],[107.1828,16.81216],[107.18223,16.81286],[107.18197,16.81297],[107.18128,16.8124],[107.17909,16.81154],[107.17544,16.81115],[107.17556,16.81043],[107.17683,16.80907],[107.1767,16.80815],[107.17556,16.80702],[107.17146,16.80489],[107.171,16.80552],[107.17192,16.80643],[107.17184,16.80687],[107.16823,16.80776],[107.16774,16.80808],[107.16775,16.80856],[107.16517,16.80897],[107.16546,16.80927],[107.16531,16.8096],[107.1659,16.80987],[107.16614,16.81075],[107.16564,16.81108],[107.16601,16.81221],[107.16578,16.8124],[107.16615,16.81283],[107.1657,16.81308],[107.1636,16.81273],[107.16164,16.81314],[107.16075,16.81247],[107.15951,16.8123],[107.15816,16.81157],[107.15688,16.81172],[107.15506,16.81089],[107.15183,16.80798],[107.15014,16.80763],[107.14882,16.80824],[107.14713,16.8067],[107.14511,16.80788],[107.14391,16.80924],[107.1403,16.81851],[107.13898,16.82079],[107.13605,16.82298],[107.13046,16.82808],[107.12962,16.8291],[107.12804,16.83218],[107.12803,16.83602],[107.12557,16.84245],[107.12486,16.84688],[107.12546,16.84988],[107.12683,16.85181],[107.12925,16.85727]]]]}},
{"type":"Feature","id":"19654","properties":{"Ward_Code":"19654","Ward_Code_Num":19654,"Ward":"Triệu Cơ","Ward_Alt":"Triệu Cơ","Ward_Upper":"TRIỆU CƠ","Ward_Full":"Xã Triệu Cơ","Ward_Full_Alt":"Xã Triệu Cơ","Ward_Full_Upper_Alt":"XÃ TRIỆU CƠ","Ward_Type":"Xã","Province_Code":"44","Province":"Quảng Trị","Province_Upper_Alt":"QUẢNG TRỊ"},"geometry":{"type":"MultiPolygon","coordinates":[[[[107.23489,16.80363],[107.26308,16.82315],[107.26068,16.83123],[107.26421,16.83494],[107.26783,16.83764],[107.27145,16.83463],[107.27142,16.83436],[107.27052,16.83469],[107.27122,16.83343],[107.27135,16.83387],[107.27077,16.83455],[107.27141,16.83419],[107.27196,16.83434],[107.28652,16.82205],[107.29028,16.81846],[107.28992,16.81762],[107.29072,16.81676],[107.29133,16.8165],[107.29028,16.81755],[107.29044,16.81822],[107.29536,16.81396],[107.29619,16.81302],[107.29592,16.81274],[107.29631,16.81194],[107.29686,16.81155],[107.29671,16.8109],[107.29708,16.81147],[107.29621,16.81272],[107.29671,16.81266],[107.30111,16.80936],[107.30808,16.80341],[107.30916,16.80215],[107.30903,16.80186],[107.30801,16.80175],[107.3071,16.8028],[107.30797,16.80155],[107.30703,16.80052],[107.30367,16.79838],[107.29812,16.79769],[107.29514,16.79782],[107.29026,16.79431],[107.28668,16.79433],[107.28171,16.79319],[107.27946,16.79144],[107.27713,16.7888],[107.2745,16.78662],[107.2737,16.78353],[107.26763,16.78024],[107.26572,16.77879],[107.26825,16.77564],[107.26568,16.77395],[107.26306,16.77099],[107.2599,16.76989],[107.25655,16.7679],[107.25172,16.76642],[107.2505,16.7668],[107.25008,16.7666],[107.24975,16.76594],[107.24994,16.76521],[107.25218,16.76368],[107.25264,16.76226],[107.24929,16.76364],[107.24578,16.76386],[107.24438,16.76338],[107.24247,16.76153],[107.24168,16.7612],[107.24113,16.76147],[107.24064,16.76238],[107.23935,16.76307],[107.23828,16.76303],[107.23603,16.76228],[107.23438,16.76328],[107.23342,16.7629],[107.23234,16.76171],[107.22952,16.76167],[107.22736,16.76219],[107.22629,16.76293],[107.2257,16.76561],[107.2247,16.76671],[107.2227,16.76676],[107.22042,16.76497],[107.21941,16.76476],[107.21827,16.7656],[107.2174,16.7675],[107.21619,16.76903],[107.21501,16.76922],[107.21382,16.76907],[107.21296,16.76846],[107.21221,16.76618],[107.21092,16.76461],[107.21005,16.76416],[107.20909,16.76467],[107.20909,16.76265],[107.20772,16.76152],[107.20723,16.76053],[107.20663,16.76128],[107.20546,16.76072],[107.20453,16.76065],[107.20436,16.76158],[107.20249,16.76145],[107.20213,16.76077],[107.20144,16.76142],[107.20087,16.76105],[107.20019,16.76224],[107.20119,16.76322],[107.20341,16.7677],[107.20281,16.76889],[107.19968,16.76813],[107.19923,16.77093],[107.20067,16.77115],[107.20108,16.76991],[107.20195,16.77025],[107.20209,16.76973],[107.20502,16.77079],[107.20664,16.77091],[107.20687,16.76971],[107.20853,16.77052],[107.21,16.77274],[107.20952,16.77312],[107.20843,16.77206],[107.20638,16.77426],[107.20881,16.7755],[107.20947,16.77575],[107.20959,16.77551],[107.21088,16.77665],[107.21072,16.77682],[107.21109,16.77739],[107.21033,16.77826],[107.21137,16.77963],[107.21144,16.78099],[107.21234,16.78105],[107.21417,16.78044],[107.2144,16.78104],[107.21484,16.78077],[107.2151,16.7812],[107.21658,16.77996],[107.21699,16.78062],[107.21667,16.78087],[107.21798,16.78328],[107.21609,16.78524],[107.21552,16.78624],[107.21452,16.7859],[107.21401,16.78664],[107.21403,16.78743],[107.21357,16.78824],[107.21485,16.79041],[107.2145,16.79189],[107.21373,16.79222],[107.21397,16.79726],[107.2129,16.79738],[107.21145,16.79841],[107.21116,16.8001],[107.21249,16.8014],[107.2132,16.80294],[107.21298,16.80413],[107.21006,16.80859],[107.20982,16.80987],[107.21422,16.8129],[107.21467,16.81353],[107.21557,16.81363],[107.21564,16.81226],[107.21653,16.81175],[107.21662,16.81299],[107.21738,16.81301],[107.21719,16.81267],[107.21765,16.81179],[107.21779,16.81003],[107.2174,16.80702],[107.21771,16.80062],[107.21989,16.80116],[107.22031,16.80046],[107.22149,16.80032],[107.2216,16.80004],[107.22266,16.8002],[107.22357,16.79993],[107.22351,16.79932],[107.22462,16.79971],[107.22559,16.7995],[107.22596,16.79973],[107.22595,16.80076],[107.22724,16.8007],[107.22827,16.79893],[107.22923,16.79837],[107.23061,16.79816],[107.23122,16.7999],[107.23191,16.80049],[107.23188,16.80106],[107.23311,16.8018],[107.23489,16.80363]]]]}},
{"type":"Feature","id":"19669","properties":{"Ward_Code":"19669","Ward_Code_Num":19669,"Ward":"Ái Tử","Ward_Alt":"Ái Tử","Ward_Upper":"ÁI TỬ","Ward_Full":"Xã Ái Tử","Ward_Full_Alt":"Xã Ái Tử","Ward_Full_Upper_Alt":"XÃ ÁI TỬ","Ward_Type":"Xã","Province_Code":"44","Province":"Quảng Trị","Province_Upper_Alt":"QUẢNG TRỊ"},"geometry":{"type":"MultiPolygon","coordinates":[[[[107.01299,16.73842],[107.01333,16.7421],[107.01459,16.74652],[107.01395,16.74672],[107.01353,16.74765],[107.01218,16.74899],[107.01213,16.75053],[107.02361,16.75],[107.02518,16.75071],[107.02582,16.75018],[107.02737,16.75033],[107.02866,16.75149],[107.02992,16.75177],[107.03054,16.75149],[107.03091,16.75063],[107.03143,16.74689],[107.03213,16.74568],[107.03254,16.74566],[107.03302,16.74739],[107.0341,16.74803],[107.0353,16.74712],[107.03544,16.74556],[107.03626,16.74514],[107.03707,16.74531],[107.03849,16.74498],[107.04049,16.74385],[107.04112,16.7438],[107.04288,16.74419],[107.04434,16.74549],[107.0448,16.74512],[107.04491,16.74396],[107.04582,16.74356],[107.04914,16.7465],[107.05064,16.74621],[107.05292,16.74686],[107.05455,16.75174],[107.05496,16.75207],[107.05632,16.75218],[107.05888,16.75149],[107.05956,16.75271],[107.0604,16.75296],[107.0615,16.75124],[107.06223,16.75104],[107.06266,16.75229],[107.06242,16.75288],[107.06314,16.75341],[107.06316,16.754],[107.06176,16.75512],[107.06289,16.75625],[107.06291,16.75887],[107.06491,16.75912],[107.06518,16.75948],[107.06343,16.7612],[107.06327,16.76207],[107.06539,16.76332],[107.06652,16.76486],[107.06885,16.76373],[107.06894,16.76471],[107.06865,16.76514],[107.06911,16.76573],[107.07029,16.7656],[107.07286,16.76342],[107.07336,16.76369],[107.0734,16.76498],[107.07205,16.76622],[107.07316,16.7679],[107.07324,16.77022],[107.07274,16.77062],[107.07124,16.77075],[107.07116,16.77132],[107.0715,16.77192],[107.07325,16.77246],[107.07436,16.77355],[107.07565,16.77344],[107.07872,16.77453],[107.08048,16.77384],[107.08098,16.77478],[107.08084,16.77573],[107.0814,16.7763],[107.0819,16.77772],[107.08469,16.77818],[107.08552,16.77869],[107.08634,16.77975],[107.08715,16.77958],[107.08833,16.7787],[107.08902,16.77864],[107.09024,16.77941],[107.09151,16.78123],[107.09281,16.78128],[107.09318,16.78077],[107.09342,16.77829],[107.09373,16.77798],[107.0958,16.77848],[107.09705,16.77776],[107.09688,16.77431],[107.09714,16.77321],[107.09766,16.77289],[107.09916,16.77321],[107.09909,16.77615],[107.10072,16.77696],[107.10426,16.77741],[107.10572,16.77694],[107.10618,16.77648],[107.10664,16.7738],[107.10728,16.773],[107.10818,16.77258],[107.10985,16.77291],[107.1161,16.77688],[107.11715,16.77722],[107.11854,16.7772],[107.12032,16.77786],[107.12166,16.77886],[107.12389,16.78162],[107.12472,16.78377],[107.12607,16.78603],[107.12592,16.78825],[107.12724,16.79104],[107.12861,16.79279],[107.13224,16.79548],[107.13358,16.79808],[107.13434,16.79847],[107.13911,16.79935],[107.1408,16.80044],[107.14357,16.80295],[107.14518,16.80327],[107.14733,16.80315],[107.14831,16.80347],[107.14854,16.80432],[107.14728,16.80555],[107.14672,16.80687],[107.14713,16.8067],[107.14882,16.80824],[107.15014,16.80763],[107.15183,16.80798],[107.15506,16.81089],[107.15688,16.81172],[107.15816,16.81157],[107.15951,16.8123],[107.16075,16.81247],[107.16164,16.81314],[107.1636,16.81273],[107.16491,16.81312],[107.16596,16.81301],[107.16615,16.81283],[107.16578,16.8124],[107.16601,16.81221],[107.16564,16.81108],[107.16614,16.81075],[107.1659,16.80987],[107.16531,16.8096],[107.16546,16.80927],[107.16517,16.80897],[107.16775,16.80856],[107.16774,16.80808],[107.16823,16.80776],[107.17184,16.80687],[107.17192,16.80643],[107.171,16.80552],[107.17146,16.80489],[107.17556,16.80702],[107.1767,16.80815],[107.17683,16.80907],[107.17556,16.81043],[107.17544,16.81115],[107.17909,16.81154],[107.18128,16.8124],[107.18197,16.81297],[107.1828,16.81216],[107.18127,16.80991],[107.18086,16.80829],[107.18196,16.80792],[107.1844,16.81132],[107.185,16.81116],[107.1862,16.80982],[107.18909,16.80769],[107.18913,16.80701],[107.18877,16.80645],[107.19129,16.80318],[107.19143,16.80124],[107.18847,16.80109],[107.18691,16.8014],[107.18402,16.80297],[107.18265,16.80455],[107.18004,16.80652],[107.17794,16.80031],[107.17801,16.79841],[107.17842,16.79671],[107.17977,16.79714],[107.18135,16.79397],[107.18141,16.7931],[107.17891,16.79272],[107.17924,16.78844],[107.17886,16.78841],[107.17881,16.78588],[107.18122,16.78238],[107.18388,16.78168],[107.18566,16.78206],[107.18711,16.78274],[107.18858,16.78541],[107.18826,16.78615],[107.18678,16.78608],[107.18677,16.78761],[107.1877,16.78812],[107.1894,16.78839],[107.18969,16.78709],[107.19105,16.78471],[107.19144,16.78274],[107.19693,16.78326],[107.19739,16.77933],[107.19233,16.77921],[107.18582,16.77713],[107.1856,16.77387],[107.18593,16.77373],[107.18474,16.77335],[107.18286,16.77497],[107.18025,16.77607],[107.17647,16.77591],[107.17519,16.7752],[107.175,16.77447],[107.17551,16.7724],[107.17396,16.77094],[107.17296,16.77095],[107.17228,16.7714],[107.17184,16.77349],[107.17051,16.77383],[107.16884,16.7754],[107.16407,16.78147],[107.16218,16.77892],[107.1603,16.78084],[107.15647,16.7787],[107.15469,16.77729],[107.1541,16.77579],[107.15334,16.77564],[107.16086,16.76378],[107.15861,16.7626],[107.15981,16.76103],[107.15912,16.7608],[107.15485,16.7569],[107.15625,16.75489],[107.15527,16.7523],[107.15404,16.7515],[107.15204,16.75145],[107.15089,16.7508],[107.14879,16.74838],[107.14733,16.748169999999998],[107.1447,16.74682],[107.1444,16.74523],[107.14313,16.74256],[107.14302,16.73923],[107.14162,16.73695],[107.14012,16.7363],[107.14008,16.73444],[107.13936,16.73345],[107.13618,16.73384],[107.13294,16.73297],[107.13089,16.73333],[107.12945,16.73401],[107.12912,16.73357],[107.12947,16.73285],[107.1288,16.7326],[107.12908,16.73192],[107.12874,16.73185],[107.12859,16.73125],[107.12776,16.73151],[107.1276,16.73184],[107.12723,16.73074],[107.12592,16.73073],[107.12663,16.72934],[107.12669,16.72797],[107.12588,16.72798],[107.12524,16.72677],[107.1248,16.72721],[107.12419,16.72714],[107.12388,16.72562],[107.12334,16.72537],[107.12296,16.72435],[107.12233,16.72426],[107.12195,16.7235],[107.12152,16.72334],[107.12108,16.7236],[107.12112,16.72429],[107.11912,16.72435],[107.11851,16.72358],[107.11922,16.72234],[107.11918,16.72109],[107.11852,16.72065],[107.11782,16.72103],[107.11738,16.72175],[107.11665,16.72193],[107.11587,16.72145],[107.11542,16.72161],[107.1151,16.72069],[107.11469,16.72085],[107.11386,16.72044],[107.11327,16.72072],[107.11295,16.72009],[107.1119,16.71971],[107.11206,16.71873],[107.11169,16.71825],[107.11126,16.7183],[107.11127,16.71794],[107.09354,16.71872],[107.09252,16.71853],[107.09185,16.71773],[107.09264,16.71666],[107.09245,16.71544],[107.09194,16.71525],[107.09134,16.71554],[107.09046,16.71523],[107.09051,16.71435],[107.09174,16.71399],[107.09136,16.7134],[107.09058,16.71357],[107.0898,16.71264],[107.08769,16.71234],[107.08717,16.7108],[107.08594,16.71034],[107.08442,16.71058],[107.08535,16.7084],[107.08517,16.70688],[107.08354,16.7062],[107.08381,16.70514],[107.08206,16.70394],[107.08204,16.70266],[107.07984,16.70346],[107.07926,16.70336],[107.07911,16.70254],[107.07855,16.7024],[107.07612,16.70405],[107.07564,16.7037],[107.0753,16.7027],[107.07428,16.70197],[107.07256,16.70216],[107.07227,16.70287],[107.07237,16.70374],[107.07034,16.7035],[107.06962,16.70297],[107.06753,16.70343],[107.06737,16.70292],[107.06585,16.70215],[107.06557,16.70163],[107.06644,16.70074],[107.06632,16.70034],[107.06285,16.69863],[107.06195,16.69764],[107.06206,16.69731],[107.06355,16.69686],[107.06231,16.69625],[107.06223,16.6957],[107.06309,16.69375],[107.06151,16.69343],[107.0617,16.69201],[107.05987,16.69158],[107.05914,16.6911],[107.05852,16.69228],[107.05778,16.69221],[107.05697,16.69104],[107.05607,16.69128],[107.05504,16.69045],[107.05534,16.68987],[107.05647,16.68999],[107.05685,16.68876],[107.05832,16.68799],[107.05786,16.68708],[107.05889,16.68616],[107.05754,16.68533],[107.057,16.68571],[107.05297,16.68664],[107.05118,16.68777],[107.05005,16.68766],[107.04899,16.68892],[107.04733,16.68944],[107.04458,16.68869],[107.0437,16.68806],[107.042,16.68857],[107.0393,16.68685],[107.03834,16.68672],[107.03802,16.68576],[107.03738,16.68506],[107.03543,16.6843],[107.03116,16.68486],[107.02967,16.68602],[107.02818,16.68601],[107.02629,16.68659],[107.02369,16.68646],[107.02268,16.68714],[107.02084,16.68714],[107.01953,16.68801],[107.01874,16.68902],[107.01822,16.68922],[107.01804,16.68991],[107.01636,16.69093],[107.0161,16.69281],[107.01529,16.69365],[107.01264,16.69429],[107.01021,16.69445],[107.00832,16.69579],[107.00748,16.6955],[107.00679,16.69588],[107.00593,16.69717],[107.00492,16.69691],[107.00338,16.69594],[107.00049,16.69804],[107.00042,16.69924],[107.00444,16.70027],[107.00538,16.70133],[107.0057,16.70209],[107.00574,16.70447],[107.0061,16.70502],[107.00512,16.70737],[107.00558,16.70954],[107.00654,16.71017],[107.00614,16.71224],[107.00508,16.71267],[107.00284,16.71641],[107.00472,16.7183],[107.00545,16.71965],[107.00536,16.71999],[107.00318,16.7215],[107.00262,16.72235],[107.0031,16.72493],[107.00451,16.72625],[107.00458,16.72762],[107.00243,16.72901],[107.00221,16.73294],[107.00261,16.7353],[107.00384,16.73667],[107.00511,16.73653],[107.00815,16.73754],[107.00972,16.73738],[107.01109,16.73808],[107.01299,16.73842]]]]}},
{"type":"Feature","id":"19681","properties":{"Ward_Code":"19681","Ward_Code_Num":19681,"Ward":"Diên Sanh","Ward_Alt":"Diên Sanh","Ward_Upper":"DIÊN SANH","Ward_Full":"Xã Diên Sanh","Ward_Full_Alt":"Xã Diên Sanh","Ward_Full_Upper_Alt":"XÃ DIÊN SANH","Ward_Type":"Xã","Province_Code":"44","Province":"Quảng Trị","Province_Upper_Alt":"QUẢNG TRỊ"},"geometry":{"type":"MultiPolygon","coordinates":[[[[107.24376,16.7112],[107.24537,16.71471],[107.2426,16.72057],[107.24675,16.72193],[107.24941,16.72618],[107.25165,16.72604],[107.25298,16.72556],[107.25267,16.72782],[107.259,16.72855],[107.25978,16.73102],[107.25895,16.73444],[107.26725,16.73072],[107.27381,16.73366],[107.28224,16.73832],[107.28315,16.73701],[107.28812,16.74034],[107.2887,16.73862],[107.2882,16.73837],[107.28807,16.73757],[107.2887,16.73699],[107.28966,16.73685],[107.29034,16.73614],[107.2903,16.73561],[107.28995,16.73563],[107.2903,16.7341],[107.2926,16.73382],[107.29244,16.73228],[107.29146,16.73148],[107.29291,16.72886],[107.29422,16.72816],[107.29365,16.72764],[107.29356,16.72685],[107.29294,16.72609],[107.29367,16.72523],[107.293,16.72299],[107.29696,16.72177],[107.30185,16.7181],[107.30317,16.71666],[107.30539,16.71569],[107.30683,16.71418],[107.30768,16.71498],[107.30893,16.71473],[107.3098,16.71319],[107.31136,16.71233],[107.31393,16.71226],[107.3149,16.71433],[107.31609,16.7138],[107.31744,16.71577],[107.31937,16.71512],[107.3177,16.71265],[107.32,16.71116],[107.3184,16.70892],[107.32096,16.70748],[107.32082,16.70562],[107.32106,16.70523],[107.32454,16.70488],[107.32515,16.70271],[107.32594,16.70211],[107.3214,16.69847],[107.31821,16.70077],[107.31117,16.69975],[107.30715,16.70247],[107.30628,16.70129],[107.31123,16.69814],[107.31032,16.69624],[107.3114,16.6962],[107.31119,16.69504],[107.30911,16.69452],[107.30718,16.69485],[107.30174,16.69697],[107.29966,16.69841],[107.29537,16.70066],[107.29602,16.69805],[107.29375,16.69432],[107.29287,16.69229],[107.29256,16.68965],[107.29348,16.68644],[107.29509,16.68367],[107.29766,16.68149],[107.30052,16.68071],[107.30185,16.6796],[107.30175,16.6773],[107.3008,16.67402],[107.29975,16.67236],[107.29948,16.67134],[107.29955,16.66928],[107.3005,16.66664],[107.29227,16.65624],[107.29592,16.65444],[107.29598,16.65325],[107.29526,16.65242],[107.29417,16.65204],[107.29258,16.65059],[107.28937,16.64629],[107.27915,16.64103],[107.27575,16.63716],[107.27472,16.63703],[107.27439,16.6376],[107.27222,16.63715],[107.26996,16.63614],[107.26882,16.63511],[107.26651,16.63499],[107.26468,16.63388],[107.26336,16.63404],[107.26254,16.6348],[107.26146,16.63496],[107.2601,16.63459],[107.25579,16.63301],[107.25271,16.63007],[107.24928,16.63166],[107.24834,16.63159],[107.24749,16.63193],[107.24711,16.6303],[107.24547,16.62922],[107.24406,16.62882],[107.24338,16.62655],[107.24345,16.62565],[107.24307,16.62513],[107.24196,16.62095],[107.24004,16.6194],[107.23975,16.61762],[107.23786,16.61804],[107.23446,16.61697],[107.23318,16.61555],[107.23081,16.6146],[107.22975,16.61451],[107.2284,16.61326],[107.2222,16.61014],[107.21814,16.60682],[107.2175,16.60664],[107.21501,16.60794],[107.21509,16.6104],[107.21374,16.61174],[107.21417,16.61421],[107.21387,16.61488],[107.21384,16.61682],[107.21472,16.61801],[107.21454,16.61831],[107.21584,16.61994],[107.21377,16.62337],[107.21264,16.62371],[107.21087,16.62311],[107.20662,16.62429],[107.20598,16.62397],[107.20498,16.62233],[107.204,16.62238],[107.20312,16.62287],[107.20199,16.62236],[107.20155,16.62255],[107.20118,16.62393],[107.2,16.62418],[107.19887,16.62386],[107.19802,16.62254],[107.19458,16.6222],[107.19404,16.62188],[107.1936,16.62032],[107.19326,16.62004],[107.19197,16.61998],[107.19024,16.62064],[107.18914,16.61884],[107.18862,16.61866],[107.1877,16.61939],[107.18601,16.61814],[107.18486,16.61848],[107.18343,16.62043],[107.18266,16.6208],[107.18188,16.62043],[107.18164,16.62143],[107.18021,16.62222],[107.1791,16.6223],[107.17891,16.62296],[107.17952,16.62461],[107.18043,16.62515],[107.17951,16.62635],[107.17929,16.62737],[107.17789,16.62812],[107.1782,16.62938],[107.17802,16.62998],[107.17891,16.63065],[107.1786,16.63126],[107.17954,16.63252],[107.18005,16.63285],[107.18098,16.63268],[107.18155,16.6329],[107.18241,16.63462],[107.1824,16.63592],[107.18349,16.63594],[107.18413,16.6366],[107.18546,16.63933],[107.18698,16.63923],[107.18865,16.63992],[107.18878,16.64116],[107.19088,16.64186],[107.19243,16.64054],[107.19474,16.63963],[107.19537,16.63804],[107.19817,16.63798],[107.19888,16.63746],[107.2003,16.63815],[107.20188,16.63808],[107.20235,16.63712],[107.20278,16.63696],[107.20505,16.637],[107.20552,16.63858],[107.20638,16.63846],[107.20734,16.63922],[107.2086,16.64121],[107.20922,16.64471],[107.21034,16.64501],[107.21163,16.64715],[107.21112,16.64958],[107.21145,16.65048],[107.21131,16.65129],[107.21262,16.65181],[107.21329,16.65332],[107.21419,16.65434],[107.21702,16.65584],[107.21868,16.65615],[107.22018,16.6584],[107.22103,16.65907],[107.22261,16.65901],[107.225,16.6603],[107.22612,16.66226],[107.22844,16.66468],[107.22902,16.66445],[107.22928,16.66474],[107.23018,16.66472],[107.23108,16.66432],[107.2317,16.66502],[107.23262,16.66461],[107.23282,16.66559],[107.23379,16.6657],[107.23435,16.6665],[107.2359,16.66638],[107.23656,16.66737],[107.23768,16.66643],[107.23852,16.66853],[107.24072,16.66902],[107.24094,16.67082],[107.24224,16.67246],[107.24096,16.67275],[107.24152,16.67502],[107.24197,16.6755],[107.24165,16.67711],[107.24441,16.67825],[107.24596,16.67997],[107.24556,16.68054],[107.24599,16.68271],[107.24667,16.68386],[107.24599,16.68595],[107.247,16.68728],[107.24307,16.68998],[107.24345,16.69034],[107.23924,16.69253],[107.24007,16.69463],[107.24215,16.69576],[107.24884,16.70244],[107.24776,16.70248],[107.24719,16.70289],[107.24624,16.70267],[107.24566,16.7032],[107.24596,16.70364],[107.24575,16.70772],[107.24376,16.7112]]]]}},
{"type":"Feature","id":"19699","properties":{"Ward_Code":"19699","Ward_Code_Num":19699,"Ward":"Vĩnh Định","Ward_Alt":"Vĩnh Định","Ward_Upper":"VĨNH ĐỊNH","Ward_Full":"Xã Vĩnh Định","Ward_Full_Alt":"Xã Vĩnh Định","Ward_Full_Upper_Alt":"XÃ VĨNH ĐỊNH","Ward_Type":"Xã","Province_Code":"44","Province":"Quảng Trị","Province_Upper_Alt":"QUẢNG TRỊ"},"geometry":{"type":"MultiPolygon","coordinates":[[[[107.32552,16.74062],[107.31657,16.72939],[107.30594,16.71504],[107.30539,16.71569],[107.30317,16.71666],[107.30185,16.7181],[107.29696,16.72177],[107.293,16.72299],[107.29367,16.72523],[107.29294,16.72609],[107.29356,16.72685],[107.29365,16.72764],[107.29422,16.72816],[107.29291,16.72886],[107.29146,16.73148],[107.29244,16.73228],[107.2926,16.73382],[107.2903,16.7341],[107.28995,16.73563],[107.2903,16.73561],[107.29034,16.73614],[107.28966,16.73685],[107.2887,16.73699],[107.28807,16.73757],[107.2882,16.73837],[107.2887,16.73862],[107.28812,16.74034],[107.28315,16.73701],[107.28224,16.73832],[107.27381,16.73366],[107.26725,16.73072],[107.25895,16.73444],[107.25978,16.73102],[107.25915,16.7287],[107.25831,16.72827],[107.25267,16.72782],[107.25298,16.72556],[107.25165,16.72604],[107.24941,16.72618],[107.24675,16.72193],[107.23248,16.7377],[107.23227,16.73931],[107.22875,16.74308],[107.22554,16.74341],[107.2262,16.74465],[107.22473,16.74608],[107.22337,16.74629],[107.22221,16.74818],[107.22142,16.74798],[107.21983,16.74824],[107.21818,16.74706],[107.21543,16.74807],[107.21447,16.74981],[107.21468,16.75205],[107.21268,16.75344],[107.21252,16.75468],[107.21214,16.75503],[107.21097,16.7551],[107.21172,16.75404],[107.21118,16.75325],[107.21142999999999,16.75195],[107.21067,16.75203],[107.21056,16.74631],[107.20848,16.74635],[107.20661,16.74569],[107.20435,16.74629],[107.20325,16.74602],[107.20194,16.74652],[107.20141,16.74792],[107.19869,16.74784],[107.19884,16.74853],[107.19782,16.75188],[107.19831,16.75249],[107.20022,16.75307],[107.20246,16.75465],[107.20186,16.75593],[107.20393,16.75642],[107.2029,16.7586],[107.2012,16.75887],[107.19915,16.75997],[107.19411,16.75675],[107.19367,16.75742],[107.19785,16.76001],[107.20019,16.76224],[107.20087,16.76105],[107.20144,16.76142],[107.20213,16.76077],[107.20249,16.76145],[107.20436,16.76158],[107.20453,16.76065],[107.20546,16.76072],[107.20663,16.76128],[107.20723,16.76053],[107.20772,16.76152],[107.20909,16.76265],[107.20909,16.76467],[107.21005,16.76416],[107.21092,16.76461],[107.21221,16.76618],[107.21296,16.76846],[107.21431,16.76919],[107.21615,16.76907],[107.2174,16.7675],[107.21827,16.7656],[107.21953,16.76473],[107.22042,16.76497],[107.2227,16.76676],[107.2247,16.76671],[107.2257,16.76561],[107.22629,16.76293],[107.22736,16.76219],[107.22952,16.76167],[107.23234,16.76171],[107.23342,16.7629],[107.23438,16.76328],[107.23603,16.76228],[107.23828,16.76303],[107.23935,16.76307],[107.24064,16.76238],[107.24113,16.76147],[107.24168,16.7612],[107.24247,16.76153],[107.24438,16.76338],[107.24578,16.76386],[107.24929,16.76364],[107.25264,16.76226],[107.25218,16.76368],[107.24994,16.76521],[107.24975,16.76594],[107.25021,16.76672],[107.25162,16.7664],[107.25655,16.7679],[107.2599,16.76989],[107.26306,16.77099],[107.26568,16.77395],[107.26825,16.77564],[107.26572,16.77879],[107.26763,16.78024],[107.2737,16.78353],[107.2745,16.78662],[107.27713,16.7888],[107.27946,16.79144],[107.28171,16.79319],[107.28668,16.79433],[107.29026,16.79431],[107.29094,16.7948],[107.29386,16.7938],[107.30609,16.78171],[107.30848,16.7811],[107.30895,16.78157],[107.30899,16.7805],[107.31132,16.77863],[107.31721,16.76786],[107.34072,16.75988],[107.34538,16.75628],[107.34555,16.75553],[107.34502,16.75396],[107.34388,16.75288],[107.33444,16.7474],[107.32993,16.74619],[107.32552,16.74062]]]]}},
{"type":"Feature","id":"19702","properties":{"Ward_Code":"19702","Ward_Code_Num":19702,"Ward":"Hải Lăng","Ward_Alt":"Hải Lăng","Ward_Upper":"HẢI LĂNG","Ward_Full":"Xã Hải Lăng","Ward_Full_Alt":"Xã Hải Lăng","Ward_Full_Upper_Alt":"XÃ HẢI LĂNG","Ward_Type":"Xã","Province_Code":"44","Province":"Quảng Trị","Province_Upper_Alt":"QUẢNG TRỊ"},"geometry":{"type":"MultiPolygon","coordinates":[[[[107.13848,16.63783],[107.13923,16.63769],[107.14133,16.6358],[107.14315,16.635],[107.14335,16.63599],[107.14649,16.63749],[107.14757,16.63733],[107.14828,16.6384],[107.1509,16.63952],[107.152,16.64087],[107.15333,16.64143],[107.15435,16.641],[107.15589,16.64102],[107.15684,16.64047],[107.15907,16.6409],[107.16065,16.64081],[107.1619,16.6404],[107.16316,16.63935],[107.16529,16.63904],[107.1685,16.64016],[107.16887,16.64229],[107.16742,16.64419],[107.16829,16.64519],[107.16788,16.64594],[107.16828,16.64634],[107.16898,16.6496],[107.17009,16.65114],[107.17073,16.65288],[107.17262,16.65423],[107.17465,16.65473],[107.17517,16.65541],[107.1754,16.656],[107.17518,16.65682],[107.17588,16.65767],[107.1758,16.65847],[107.1772,16.66014],[107.17814,16.6632],[107.17773,16.66439],[107.17775,16.66553],[107.17984,16.66838],[107.18069,16.66903],[107.18021,16.6706],[107.18084,16.67211],[107.18151,16.67252],[107.18178,16.67354],[107.18166,16.67501],[107.17949,16.67606],[107.17937,16.67732],[107.17974,16.67792],[107.18222,16.67849],[107.18297,16.67915],[107.1839,16.67928],[107.18544,16.68073],[107.18502,16.68292],[107.18404,16.68402],[107.18434,16.68505],[107.1858,16.68719],[107.18559,16.68823],[107.18454,16.68952],[107.18482,16.69307],[107.18523,16.69412],[107.18485,16.69514],[107.18427,16.69562],[107.18325,16.69908],[107.17995,16.70054],[107.18022,16.70229],[107.17868,16.70453],[107.17969,16.70606],[107.18081,16.70654],[107.18137,16.70582],[107.18223,16.70627],[107.18217,16.70724],[107.18353,16.70843],[107.18427,16.70954],[107.18565,16.70934],[107.1869,16.70979],[107.18752,16.71218],[107.18796,16.71279],[107.1895,16.71366],[107.18899,16.717],[107.19073,16.71759],[107.19118,16.72091],[107.19234,16.72238],[107.19224,16.72361],[107.19153,16.72391],[107.1911,16.72458],[107.19163,16.72504],[107.19051,16.72502],[107.19065,16.7261],[107.19253,16.72732],[107.19086,16.73332],[107.191,16.73732],[107.19179,16.73847],[107.19193,16.7412],[107.19394,16.74095],[107.19656,16.73956],[107.19869,16.74784],[107.20141,16.74792],[107.20194,16.74652],[107.20325,16.74602],[107.20435,16.74629],[107.20661,16.74569],[107.20848,16.74635],[107.21056,16.74631],[107.21067,16.75203],[107.21142999999999,16.75195],[107.21118,16.75325],[107.21172,16.75404],[107.21097,16.7551],[107.21236,16.75488],[107.21268,16.75344],[107.21468,16.75205],[107.21447,16.74981],[107.21553,16.748],[107.21818,16.74706],[107.21983,16.74824],[107.22142,16.74798],[107.22221,16.74818],[107.22337,16.74629],[107.22473,16.74608],[107.2262,16.74465],[107.22554,16.74341],[107.22875,16.74308],[107.23227,16.73931],[107.23248,16.7377],[107.24675,16.72193],[107.2426,16.72057],[107.24537,16.71471],[107.24376,16.7112],[107.24575,16.70772],[107.24596,16.70364],[107.24562,16.70328],[107.24624,16.70267],[107.24719,16.70289],[107.24776,16.70248],[107.24884,16.70244],[107.24215,16.69576],[107.24007,16.69463],[107.23924,16.69253],[107.24345,16.69034],[107.24307,16.68998],[107.247,16.68728],[107.24599,16.68595],[107.24667,16.68386],[107.24599,16.68271],[107.24556,16.68054],[107.24596,16.67997],[107.24441,16.67825],[107.24165,16.67711],[107.24197,16.6755],[107.24152,16.67502],[107.24096,16.67275],[107.24224,16.67246],[107.24094,16.67082],[107.24072,16.66902],[107.23852,16.66853],[107.23768,16.66643],[107.23656,16.66737],[107.2359,16.66638],[107.23435,16.6665],[107.23379,16.6657],[107.23282,16.66559],[107.23262,16.66461],[107.2317,16.66502],[107.23108,16.66432],[107.23018,16.66472],[107.22928,16.66474],[107.22902,16.66445],[107.22844,16.66468],[107.22612,16.66226],[107.225,16.6603],[107.22261,16.65901],[107.22103,16.65907],[107.22018,16.6584],[107.21868,16.65615],[107.21702,16.65584],[107.21419,16.65434],[107.21329,16.65332],[107.21262,16.65181],[107.21131,16.65129],[107.21145,16.65048],[107.21112,16.64958],[107.21163,16.64715],[107.21034,16.64501],[107.20922,16.64471],[107.2086,16.64121],[107.20734,16.63922],[107.20638,16.63846],[107.20552,16.63858],[107.20505,16.637],[107.20278,16.63696],[107.20235,16.63712],[107.20188,16.63808],[107.2003,16.63815],[107.19888,16.63746],[107.19817,16.63798],[107.19537,16.63804],[107.19474,16.63963],[107.19243,16.64054],[107.19088,16.64186],[107.18878,16.64116],[107.18865,16.63992],[107.18698,16.63923],[107.18546,16.63933],[107.18413,16.6366],[107.18349,16.63594],[107.1824,16.63592],[107.18241,16.63462],[107.18155,16.6329],[107.18098,16.63268],[107.18005,16.63285],[107.17891,16.63198],[107.1786,16.63126],[107.17891,16.63065],[107.17796,16.62973],[107.1782,16.62938],[107.17789,16.62812],[107.17929,16.62737],[107.17951,16.62635],[107.18043,16.62515],[107.17952,16.62461],[107.17896,16.62249],[107.17922,16.62222],[107.18021,16.62222],[107.18192,16.62112],[107.18193,16.62032],[107.18138,16.61968],[107.18101,16.61848],[107.18116,16.61683],[107.18202,16.61492],[107.18163,16.61421],[107.18178,16.61276],[107.18099,16.61172],[107.18106,16.61134],[107.1797,16.61211],[107.17882,16.61204],[107.17789,16.6114],[107.17708,16.60951],[107.17601,16.60913],[107.17468,16.60814],[107.1751,16.60689],[107.17379,16.60591],[107.17363,16.60527],[107.17229,16.60445],[107.17269,16.60185],[107.17121,16.59918],[107.17104,16.59784],[107.17137,16.59702],[107.17054,16.59708],[107.17088,16.59601],[107.16971,16.59544],[107.16888,16.59558],[107.16763,16.5948],[107.16746,16.59442],[107.16806,16.59378],[107.16728,16.59389],[107.167,16.5932],[107.16617,16.59293],[107.16572,16.59217],[107.16442,16.59222],[107.16415,16.59139],[107.16445,16.5908],[107.1643,16.59024],[107.16246,16.59122],[107.16221,16.59121],[107.16213,16.5907],[107.16014,16.59111],[107.15922,16.59049],[107.15951,16.59006],[107.15927,16.58955],[107.15827,16.5897],[107.15847,16.58869],[107.15822,16.58856],[107.15576,16.59025],[107.15548,16.58981],[107.15569,16.58921],[107.15513,16.58876],[107.15405,16.58878],[107.15413,16.58784],[107.15375,16.58817],[107.15352,16.58801],[107.15318,16.58621],[107.15132,16.58464],[107.14971,16.58477],[107.14871,16.58435],[107.14836,16.58366],[107.1475,16.58351],[107.14796,16.58379],[107.14745,16.58401],[107.14691,16.58386],[107.14693,16.58336],[107.1452,16.58313],[107.14544,16.58198],[107.14436,16.5817],[107.14372,16.58116],[107.1434,16.5804],[107.14353,16.57973],[107.14295,16.57899],[107.14369,16.57672],[107.14266,16.57608],[107.14182,16.57476],[107.1409,16.57434],[107.14083,16.57187],[107.13928,16.57453],[107.13693,16.57571],[107.13502,16.57726],[107.13453,16.57778],[107.13458,16.57814],[107.13351,16.57787],[107.12822,16.57798],[107.1277,16.57846],[107.1275,16.57955],[107.12682,16.58008],[107.12236,16.58186],[107.12048,16.58202],[107.11919,16.58356],[107.11559,16.58442],[107.11406,16.58559],[107.11322,16.58584],[107.11358,16.58723],[107.11276,16.58725],[107.11203,16.58856],[107.11012,16.58894],[107.10954,16.59154],[107.1077,16.59423],[107.1071,16.59447],[107.10838,16.59624],[107.1111,16.5981],[107.1111,16.60009],[107.10785,16.60172],[107.10474,16.60177],[107.10312,16.60321],[107.1019,16.60349],[107.10136,16.60501],[107.10005,16.60554],[107.09864,16.60523],[107.09783,16.60657],[107.09626,16.60689],[107.09392,16.60795],[107.09444,16.60885],[107.09439,16.60938],[107.09355,16.61057],[107.09347,16.61331],[107.0926,16.61617],[107.09329,16.61792],[107.09218,16.61787],[107.09113,16.61863],[107.08986,16.61901],[107.08947,16.62003],[107.08988,16.62078],[107.08768,16.62102],[107.08615,16.62198],[107.08533,16.62311],[107.08245,16.62524],[107.07899,16.62844],[107.08182,16.6282],[107.08225,16.6286],[107.085,16.62867],[107.08592,16.62944],[107.08678,16.63102],[107.08688,16.63227],[107.08771,16.63276],[107.09055,16.63242],[107.09284,16.6336],[107.09535,16.63311],[107.09754,16.63438],[107.09872,16.63573],[107.09994,16.635],[107.10069,16.63505],[107.10238,16.63312],[107.10403,16.63238],[107.10439,16.63192],[107.10628,16.63217],[107.10747,16.6317],[107.10841,16.63207],[107.10935,16.63385],[107.11035,16.63461],[107.11019,16.63513],[107.11086,16.63536],[107.11199,16.63703],[107.11291,16.63645],[107.11424,16.63649],[107.11595,16.637],[107.12045,16.63749],[107.12094,16.63653],[107.12252,16.63632],[107.12639,16.63439],[107.12725,16.63542],[107.13223,16.63724],[107.13302,16.63722],[107.13611,16.63607],[107.13784,16.63691],[107.13848,16.63783]]]]}},
{"type":"Feature","id":"19735","properties":{"Ward_Code":"19735","Ward_Code_Num":19735,"Ward":"Nam Hải Lăng","Ward_Alt":"Nam Hải Lăng","Ward_Upper":"NAM HẢI LĂNG","Ward_Full":"Xã Nam Hải Lăng","Ward_Full_Alt":"Xã Nam Hải Lăng","Ward_Full_Upper_Alt":"XÃ NAM HẢI LĂNG","Ward_Type":"Xã","Province_Code":"44","Province":"Quảng Trị","Province_Upper_Alt":"QUẢNG TRỊ"},"geometry":{"type":"MultiPolygon","coordinates":[[[[107.32594,16.70211],[107.32708,16.69991],[107.32772,16.69781],[107.32759,16.69565],[107.32967,16.69454],[107.33184,16.69702],[107.33201,16.69758],[107.33568,16.69885],[107.34575,16.70138],[107.34539,16.70117],[107.34763,16.6952],[107.34863,16.69478],[107.34776,16.69242],[107.34635,16.69162],[107.34352,16.69082],[107.34235,16.68826],[107.34142,16.68706],[107.33925,16.68513],[107.33684,16.68406],[107.3362,16.68291],[107.33584,16.68112],[107.33397,16.67922],[107.33392,16.67632],[107.33357,16.67554],[107.33118,16.67357],[107.32649,16.67178],[107.32397,16.66996],[107.32413,16.66897],[107.32549,16.6683],[107.3284,16.66907],[107.33136,16.66789],[107.33038,16.66616],[107.32856,16.66532],[107.32494,16.66549],[107.32266,16.66513],[107.32211,16.66484],[107.32056,16.66283],[107.31824,16.66218],[107.31832,16.66108],[107.31902,16.65936],[107.32216,16.65652],[107.32379,16.65709],[107.32427,16.65699],[107.32487,16.65596],[107.32483,16.65472],[107.32664,16.65313],[107.32872,16.64999],[107.32923,16.64854],[107.32906,16.64781],[107.32952,16.646],[107.33022,16.6451],[107.32876,16.64373],[107.32891,16.64255],[107.3273,16.64277],[107.32695,16.64247],[107.32535,16.64249],[107.32493,16.64442],[107.32517,16.64836],[107.32322,16.65167],[107.32287,16.6537],[107.3221,16.65383],[107.32132,16.65287],[107.31831,16.65238],[107.31725,16.65176],[107.31608,16.64991],[107.3094,16.64351],[107.30682,16.64026],[107.30698,16.63854],[107.3082,16.63675],[107.30977,16.6357],[107.31158,16.63539],[107.31306,16.63613],[107.3134,16.63687],[107.31328,16.63806],[107.31465,16.63774],[107.31503,16.63876],[107.31486,16.64015],[107.31538,16.64035],[107.31591,16.63927],[107.31589,16.63831],[107.31015,16.62538],[107.3115,16.62399],[107.31929,16.62117],[107.3207,16.62008],[107.32219,16.61819],[107.32351,16.61386],[107.32855,16.60803],[107.32485,16.605],[107.32864,16.60254],[107.33117,16.60232],[107.33129,16.6017],[107.33402,16.59964],[107.33446,16.59877],[107.33329,16.59823],[107.33147,16.59874],[107.33029,16.59945],[107.32923,16.59897],[107.32715,16.59909],[107.32719,16.59868],[107.32591,16.59834],[107.32487,16.59825],[107.32448,16.59855],[107.32427,16.59834],[107.32454,16.59717],[107.32431,16.59714],[107.32405,16.59563],[107.32437,16.5948],[107.32404,16.59456],[107.32403,16.59187],[107.32527,16.59098],[107.32548,16.59019],[107.32682,16.58958],[107.32596,16.5893],[107.32658,16.58628],[107.32483,16.58567],[107.32413,16.58594],[107.32359,16.58513],[107.32298,16.58497],[107.32295,16.58375],[107.31909,16.58306],[107.31788,16.58233],[107.31677,16.58056],[107.31612,16.58043],[107.31485,16.58082],[107.31379,16.58012],[107.31357,16.57937],[107.31275,16.57931],[107.31144,16.58088],[107.30996,16.58189],[107.30314,16.58391],[107.30271,16.58685],[107.30155,16.58653],[107.30025,16.5857],[107.29731,16.58275],[107.29737,16.58206],[107.29295,16.58067],[107.29174,16.58087],[107.29105,16.58059],[107.29029,16.57986],[107.29048,16.5785],[107.28908,16.57827],[107.28842,16.57674],[107.28695,16.57528],[107.28561,16.57503],[107.28326,16.57535],[107.28152,16.57367],[107.28137,16.57236],[107.28039,16.5727],[107.279,16.57168],[107.27815,16.57171],[107.27735,16.57266],[107.27674,16.57256],[107.27651,16.57156],[107.27555,16.57095],[107.27527,16.57012],[107.27248,16.56799],[107.27136,16.56666],[107.27127,16.56555],[107.27007,16.56725],[107.26885,16.56728],[107.26803,16.56768],[107.26696,16.5699],[107.26496,16.57133],[107.25538,16.57385],[107.25471,16.57415],[107.25462,16.57474],[107.25385,16.57522],[107.25333,16.57714],[107.25182,16.57674],[107.25092,16.57701],[107.24908,16.57896],[107.24924,16.58012],[107.24822,16.58065],[107.24712,16.58196],[107.24817,16.58336],[107.24787,16.58536],[107.24538,16.58684],[107.24476,16.58775],[107.24413,16.58645],[107.24315,16.58596],[107.24214,16.58464],[107.24056,16.58407],[107.23918,16.58222],[107.23773,16.58225],[107.23698,16.58274],[107.23495,16.58225],[107.23384,16.58148],[107.23321,16.58183],[107.23258,16.58147],[107.23156,16.58187],[107.23024,16.58177],[107.22846,16.57922],[107.22787,16.5796],[107.2253,16.57965],[107.22432,16.58027],[107.22359,16.58033],[107.22223,16.58006],[107.22209,16.57917],[107.22168,16.57898],[107.22041,16.57901],[107.21973,16.57861],[107.21896,16.57875],[107.21697,16.57808],[107.21604,16.57894],[107.21602,16.57965],[107.21414,16.57989],[107.21197,16.57903],[107.21144,16.5785],[107.20961,16.57878],[107.20898,16.57917],[107.20622,16.57881],[107.20596,16.57928],[107.20488,16.57966],[107.20471,16.58031],[107.20344,16.58095],[107.20353,16.58149],[107.20262,16.58274],[107.19803,16.58142],[107.19532,16.58185],[107.19495,16.58119],[107.19326,16.57998],[107.18917,16.57916],[107.1875,16.57904],[107.18599,16.58007],[107.18477,16.57987],[107.1846,16.58037],[107.18406,16.58046],[107.18279,16.57991],[107.18257,16.57853],[107.18157,16.57919],[107.18098,16.57828],[107.17837,16.57648],[107.17762,16.57651],[107.17609,16.57736],[107.17569,16.57834],[107.17438,16.57815],[107.17383,16.57862],[107.17174,16.57804],[107.17056,16.57818],[107.16949,16.57875],[107.16887,16.57804],[107.16763,16.5781],[107.16638,16.57735],[107.16517,16.57731],[107.16502,16.57659],[107.16323,16.57552],[107.16152,16.57555],[107.1606,16.57466],[107.15844,16.57398],[107.15708,16.57312],[107.15613,16.57347],[107.15572,16.57412],[107.15418,16.57506],[107.15196,16.57422],[107.15045,16.57412],[107.14877,16.57292],[107.14578,16.57215],[107.14454,16.5715],[107.14083,16.57187],[107.1409,16.57434],[107.14182,16.57476],[107.14266,16.57608],[107.14369,16.57672],[107.14295,16.57899],[107.14353,16.57973],[107.1434,16.5804],[107.14372,16.58116],[107.14436,16.5817],[107.14544,16.58198],[107.1452,16.58313],[107.14693,16.58336],[107.14691,16.58386],[107.14745,16.58401],[107.14796,16.58379],[107.1475,16.58351],[107.14836,16.58366],[107.14871,16.58435],[107.14971,16.58477],[107.15132,16.58464],[107.15318,16.58621],[107.15352,16.58801],[107.15375,16.58817],[107.15413,16.58784],[107.15405,16.58878],[107.15513,16.58876],[107.15569,16.58921],[107.15548,16.58981],[107.15576,16.59025],[107.15822,16.58856],[107.15847,16.58869],[107.15827,16.5897],[107.15927,16.58955],[107.15951,16.59006],[107.15922,16.59049],[107.16014,16.59111],[107.16213,16.5907],[107.16221,16.59121],[107.16246,16.59122],[107.16427,16.59022],[107.16445,16.5908],[107.16415,16.59139],[107.16442,16.59222],[107.16549,16.59204],[107.16617,16.59293],[107.167,16.5932],[107.16728,16.59389],[107.16806,16.59378],[107.16746,16.59456],[107.16876,16.59553],[107.16971,16.59544],[107.17071,16.59579],[107.17054,16.59708],[107.17137,16.59702],[107.17104,16.59784],[107.17121,16.59918],[107.17269,16.60185],[107.17229,16.60445],[107.17363,16.60527],[107.17379,16.60591],[107.1751,16.60689],[107.17468,16.60814],[107.17601,16.60913],[107.17708,16.60951],[107.17824,16.61174],[107.17936,16.61216],[107.18106,16.61134],[107.18099,16.61172],[107.18178,16.61276],[107.18163,16.61421],[107.18202,16.61492],[107.18116,16.61683],[107.181,16.6181],[107.18138,16.61968],[107.18188,16.62043],[107.18266,16.6208],[107.18343,16.62043],[107.18486,16.61848],[107.18601,16.61814],[107.1877,16.61939],[107.18862,16.61866],[107.18914,16.61884],[107.19024,16.62064],[107.19197,16.61998],[107.19326,16.62004],[107.1936,16.62032],[107.19404,16.62188],[107.19458,16.6222],[107.19802,16.62254],[107.19887,16.62386],[107.2,16.62418],[107.20118,16.62393],[107.20155,16.62255],[107.20199,16.62236],[107.20312,16.62287],[107.204,16.62238],[107.20498,16.62233],[107.20598,16.62397],[107.20662,16.62429],[107.21087,16.62311],[107.21264,16.62371],[107.21377,16.62337],[107.21584,16.61994],[107.21454,16.61831],[107.21472,16.61801],[107.21384,16.61682],[107.21387,16.61488],[107.21417,16.61421],[107.21374,16.61174],[107.21509,16.6104],[107.21501,16.60794],[107.2175,16.60664],[107.21814,16.60682],[107.2222,16.61014],[107.2284,16.61326],[107.22975,16.61451],[107.23081,16.6146],[107.23318,16.61555],[107.23446,16.61697],[107.23786,16.61804],[107.23975,16.61762],[107.24004,16.6194],[107.24196,16.62095],[107.24307,16.62513],[107.24345,16.62565],[107.24338,16.62655],[107.24406,16.62882],[107.24547,16.62922],[107.24711,16.6303],[107.24749,16.63193],[107.24834,16.63159],[107.24928,16.63166],[107.25271,16.63007],[107.25579,16.63301],[107.2601,16.63459],[107.26146,16.63496],[107.26254,16.6348],[107.26336,16.63404],[107.26468,16.63388],[107.26651,16.63499],[107.26882,16.63511],[107.26996,16.63614],[107.27222,16.63715],[107.27439,16.6376],[107.27472,16.63703],[107.27575,16.63716],[107.27915,16.64103],[107.28937,16.64629],[107.29258,16.65059],[107.29417,16.65204],[107.29526,16.65242],[107.29598,16.65325],[107.29592,16.65444],[107.29227,16.65624],[107.3005,16.66664],[107.29955,16.66928],[107.29948,16.67134],[107.29975,16.67236],[107.3008,16.67402],[107.30199,16.67916],[107.30116,16.68037],[107.29851,16.68109],[107.29606,16.68269],[107.29432,16.68471],[107.29348,16.68644],[107.29256,16.68965],[107.29261,16.69151],[107.29375,16.69432],[107.29602,16.69805],[107.29537,16.70066],[107.29966,16.69841],[107.30174,16.69697],[107.30718,16.69485],[107.30911,16.69452],[107.31119,16.69504],[107.3114,16.6962],[107.31032,16.69624],[107.31123,16.69814],[107.30628,16.70129],[107.30715,16.70247],[107.31117,16.69975],[107.31821,16.70077],[107.3214,16.69847],[107.32594,16.70211]]]]}},
{"type":"Feature","id":"19741","properties":{"Ward_Code":"19741","Ward_Code_Num":19741,"Ward":"Mỹ Thuỷ","Ward_Alt":"Mỹ Thủy","Ward_Upper":"MỸ THUỶ","Ward_Full":"Xã Mỹ Thuỷ","Ward_Full_Alt":"Xã Mỹ Thủy","Ward_Full_Upper_Alt":"XÃ MỸ THỦY","Ward_Type":"Xã","Province_Code":"44","Province":"Quảng Trị","Province_Upper_Alt":"QUẢNG TRỊ"},"geometry":{"type":"MultiPolygon","coordinates":[[[[107.35035,16.76732],[107.35068,16.76756],[107.35081,16.76666],[107.34996,16.76682],[107.34954,16.76843],[107.34979,16.76876],[107.35035,16.76732]]],[[[107.32552,16.74062],[107.32993,16.74619],[107.33444,16.7474],[107.34388,16.75288],[107.34502,16.75396],[107.34555,16.75553],[107.34538,16.75628],[107.34072,16.75988],[107.31721,16.76786],[107.31132,16.77863],[107.30899,16.7805],[107.30895,16.78157],[107.30848,16.7811],[107.30609,16.78171],[107.29386,16.7938],[107.29094,16.7948],[107.29514,16.79782],[107.29812,16.79769],[107.30367,16.79838],[107.30684,16.80038],[107.3083,16.80176],[107.30896,16.80141],[107.30903,16.80098],[107.30925,16.80127],[107.30899,16.80168],[107.30964,16.8015],[107.30927,16.80195],[107.30937,16.80245],[107.3156,16.79745],[107.31686,16.79592],[107.31715,16.79524],[107.31682,16.79479],[107.31747,16.7949],[107.31747,16.79559],[107.31642,16.79678],[107.32303,16.7915],[107.32211,16.79173],[107.32126,16.79153],[107.32184,16.79084],[107.32213,16.79096],[107.32211,16.79157],[107.3229,16.7912],[107.32327,16.79138],[107.32517,16.7902],[107.32949,16.78647],[107.3277,16.78659],[107.32791,16.78642],[107.32989,16.78634],[107.33243,16.78428],[107.33308,16.78322],[107.33269,16.78323],[107.33236,16.78375],[107.3319,16.78349],[107.33259,16.78276],[107.33287,16.78256],[107.33274,16.78292],[107.33327,16.78307],[107.33299,16.78383],[107.34037,16.77814],[107.33935,16.77788],[107.33866,16.77837],[107.33796,16.77797],[107.3381,16.77781],[107.33904,16.77809],[107.34004,16.77755],[107.34227,16.77544],[107.34208,16.7749],[107.34322,16.7747],[107.34291,16.77554],[107.34041,16.77732],[107.34021,16.77784],[107.34113,16.77771],[107.34517,16.77465],[107.34593,16.77266],[107.34933,16.76952],[107.34911,16.76835],[107.34961,16.76783],[107.34982,16.7659],[107.3501,16.76613],[107.34995,16.76661],[107.35042,16.76676],[107.35067,16.76643],[107.35023,16.76587],[107.35042,16.76559],[107.35099,16.7664],[107.35144,16.76803],[107.35082,16.76781],[107.35043,16.76807],[107.35001,16.76967],[107.34912,16.76989],[107.34881,16.77099],[107.34635,16.77256],[107.34574,16.77339],[107.34598,16.77354],[107.34569,16.77417],[107.36187,16.76208],[107.362,16.76146],[107.36145,16.76135],[107.36166,16.7611],[107.36216,16.76139],[107.36215,16.76186],[107.37345,16.75423],[107.37357,16.75325],[107.37422,16.75263],[107.37397,16.75208],[107.37458,16.75242],[107.37375,16.75328],[107.37392,16.7539],[107.38946,16.74292],[107.38815,16.74224],[107.38825,16.74198],[107.38641,16.74062],[107.38438,16.74003],[107.38412,16.74052],[107.38379,16.74033],[107.38332,16.74073],[107.36931,16.73324],[107.36312,16.7216],[107.35817,16.71417],[107.35577,16.70978],[107.35449,16.71064],[107.35273,16.70791],[107.35156,16.70887],[107.35113,16.70832],[107.35342,16.70544],[107.35488,16.70578],[107.35736,16.70377],[107.35867,16.70312],[107.35844,16.70156],[107.35774,16.7004],[107.35814,16.6986],[107.35505,16.69817],[107.35308,16.69836],[107.35013,16.69676],[107.34863,16.69478],[107.34763,16.6952],[107.34539,16.70117],[107.34575,16.70138],[107.33568,16.69885],[107.33201,16.69758],[107.33184,16.69702],[107.32967,16.69454],[107.32811,16.69517],[107.32759,16.69565],[107.32779,16.69732],[107.32708,16.69991],[107.32614,16.70134],[107.3261,16.70212],[107.32515,16.70271],[107.32454,16.70488],[107.32106,16.70523],[107.32082,16.70562],[107.32096,16.70748],[107.3184,16.70892],[107.32,16.71116],[107.3177,16.71265],[107.31937,16.71512],[107.31744,16.71577],[107.31609,16.7138],[107.3149,16.71433],[107.31393,16.71226],[107.31252,16.71224],[107.31136,16.71233],[107.31023,16.71284],[107.30946,16.71357],[107.30893,16.71473],[107.30768,16.71498],[107.30683,16.71418],[107.30594,16.71504],[107.31657,16.72939],[107.32552,16.74062]]]]}},
{"type":"Feature","id":"19742","properties":{"Ward_Code":"19742","Ward_Code_Num":19742,"Ward":"Cồn Cỏ","Ward_Alt":"Cồn Cỏ","Ward_Upper":"CỒN CỎ","Ward_Full":"Đặc khu Cồn Cỏ","Ward_Full_Alt":"Đặc khu Cồn Cỏ","Ward_Full_Upper_Alt":"ĐẶC KHU CỒN CỎ","Ward_Type":"Đặc khu","Province_Code":"44","Province":"Quảng Trị","Province_Upper_Alt":"QUẢNG TRỊ"},"geometry":{"type":"MultiPolygon","coordinates":[[[[107.34393,17.15295],[107.34309,17.15063],[107.3416,17.1506],[107.34103,17.15172],[107.34018,17.15219],[107.33736,17.15136],[107.33668,17.15152],[107.3356,17.1531],[107.33324,17.15521],[107.33196,17.15785],[107.33184,17.1613],[107.33214,17.16282],[107.33521,17.16585],[107.33908,17.16614],[107.34121,17.16598],[107.34216,17.16547],[107.34353,17.16385],[107.34593,17.16182],[107.34818,17.15678],[107.347,17.15542],[107.34494,17.15408],[107.34393,17.15295]]]]}}]}