{"type":"FeatureCollection","name":"VN_Wards_80","crs":{"type":"name","properties":{"name":"urn:ogc:def:crs:OGC:1.3:CRS84"}},"features":[{"type":"Feature","id":"25459","properties":{"Ward_Code":"25459","Ward_Code_Num":25459,"Ward":"Tân Ninh","Ward_Alt":"Tân Ninh","Ward_Upper":"TÂN NINH","Ward_Full":"Phường Tân Ninh","Ward_Full_Alt":"Phường Tân Ninh","Ward_Full_Upper_Alt":"PHƯỜNG TÂN NINH","Ward_Type":"Phường","Province_Code":"80","Province":"Tây Ninh","Province_Upper_Alt":"TÂY NINH"},"geometry":{"type":"MultiPolygon","coordinates":[[[[106.12679,11.32071],[106.12835,11.31993],[106.12898,11.32008],[106.12946,11.31953],[106.1311,11.319],[106.13274,11.30534],[106.12965,11.3052],[106.11794,11.29614],[106.11311,11.29543],[106.10625,11.29505],[106.10584,11.29732],[106.1044,11.29847],[106.10306,11.2972],[106.10081,11.2962],[106.09983,11.294739999999999],[106.09938,11.29467],[106.09899,11.293519999999999],[106.09665,11.29212],[106.09634,11.29376],[106.09741,11.29634],[106.096,11.29687],[106.09457,11.29655],[106.09322,11.29672],[106.09325,11.29696],[106.09256,11.29712],[106.09202,11.29692],[106.09139,11.29741],[106.09128,11.29824],[106.08832,11.29849],[106.08828,11.3009],[106.0878,11.3012],[106.08671,11.3006],[106.08609,11.30361],[106.08553,11.30365],[106.08494,11.30518],[106.08342,11.30577],[106.08106,11.30252],[106.07603,11.30296],[106.0759,11.30543],[106.07689,11.31149],[106.07872,11.31148],[106.07903,11.31206],[106.08272,11.31311],[106.08264,11.31418],[106.08169,11.31462],[106.08165,11.31571],[106.08065,11.31565],[106.08087,11.31816],[106.07857,11.31908],[106.07831,11.31821],[106.07674,11.31865],[106.07722,11.32234],[106.07818,11.32462],[106.07763,11.32669],[106.07958,11.3275],[106.08033,11.32825],[106.08341,11.33301],[106.08588,11.33855],[106.08732,11.34074],[106.08833,11.34029],[106.08944,11.33915],[106.09044,11.3388],[106.0907,11.33834],[106.09358,11.33784],[106.09386,11.33731],[106.09622,11.33651],[106.09813,11.3354],[106.09977,11.33543],[106.10161,11.33644],[106.10277,11.33671],[106.1037,11.33649],[106.10426,11.33738],[106.1066,11.33648],[106.10735,11.33512],[106.10716,11.33316],[106.10841,11.33233],[106.10898,11.33088],[106.11018,11.33106],[106.11499,11.32859],[106.11537,11.32794],[106.11636,11.32726],[106.11804,11.32696],[106.11949,11.3275],[106.12114,11.3256],[106.12194,11.3251],[106.12228,11.32403],[106.12294,11.32394],[106.12329,11.32422],[106.12363,11.32388],[106.12398,11.32234],[106.12465,11.32117],[106.12679,11.32071]]]]}},
{"type":"Feature","id":"25480","properties":{"Ward_Code":"25480","Ward_Code_Num":25480,"Ward":"Bình Minh","Ward_Alt":"Bình Minh","Ward_Upper":"BÌNH MINH","Ward_Full":"Phường Bình Minh","Ward_Full_Alt":"Phường Bình Minh","Ward_Full_Upper_Alt":"PHƯỜNG BÌNH MINH","Ward_Type":"Phường","Province_Code":"80","Province":"Tây Ninh","Province_Upper_Alt":"TÂY NINH"},"geometry":{"type":"MultiPolygon","coordinates":[[[[106.15962,11.43874],[106.16033,11.4387],[106.16104,11.43716],[106.16298,11.43681],[106.1639,11.43178],[106.16507,11.43149],[106.16579,11.43012],[106.16773,11.42929],[106.1696,11.42901],[106.17079,11.42945],[106.17182,11.42895],[106.17191,11.42762],[106.17301,11.42744],[106.17502,11.42624],[106.17561,11.42404],[106.17643,11.42338],[106.17668,11.42274],[106.17683,11.4213],[106.17766,11.42089],[106.17904,11.42116],[106.17971,11.41935],[106.1802,11.41549],[106.18189,11.40992],[106.18153,11.40939],[106.18146,11.40776],[106.1808,11.40604],[106.18048,11.40244],[106.18226,11.39893],[106.17989,11.39822],[106.17897,11.39683],[106.18098,11.39593],[106.18101,11.39537],[106.18157,11.39466],[106.1828,11.3937],[106.18313,11.39268],[106.18458,11.39166],[106.1849,11.39176],[106.18655,11.38957],[106.18525,11.3897],[106.18549,11.38736],[106.1861,11.38668],[106.18853,11.38886],[106.19158,11.38696],[106.19062,11.3864],[106.18896,11.38281],[106.18883,11.37919],[106.18828,11.37915],[106.18801,11.37681],[106.18678,11.37595],[106.18644,11.37517],[106.18684,11.37399],[106.18652,11.37387],[106.18651,11.37339],[106.18742,11.37249],[106.18492,11.36729],[106.18247,11.36527],[106.17881,11.36521],[106.17817,11.36368],[106.17084,11.36328],[106.12808,11.34349],[106.12859,11.34293],[106.12964,11.3427],[106.12963,11.34007],[106.13176,11.33123],[106.12596,11.33083],[106.12552,11.32956],[106.12409,11.33005],[106.1236,11.32967],[106.12417,11.32496],[106.12294,11.32394],[106.12222,11.32409],[106.12194,11.3251],[106.12114,11.3256],[106.11949,11.3275],[106.11804,11.32696],[106.11636,11.32726],[106.11537,11.32794],[106.11499,11.32859],[106.11018,11.33106],[106.10898,11.33088],[106.10841,11.33233],[106.10716,11.33316],[106.10735,11.33512],[106.1066,11.33648],[106.10426,11.33738],[106.1037,11.33649],[106.10277,11.33671],[106.10161,11.33644],[106.09977,11.33543],[106.09813,11.3354],[106.09622,11.33651],[106.09386,11.33731],[106.09358,11.33784],[106.0907,11.33834],[106.09044,11.3388],[106.08944,11.33915],[106.08833,11.34029],[106.08732,11.34074],[106.08588,11.33855],[106.08341,11.33301],[106.07958,11.3275],[106.07762,11.32669],[106.07719,11.3276],[106.07597,11.3288],[106.07365,11.32964],[106.07255,11.33177],[106.07715,11.33448],[106.07898,11.33595],[106.07886,11.338],[106.08017,11.35135],[106.07578,11.35415],[106.07269,11.35901],[106.07322,11.36201],[106.07496,11.3652],[106.07714,11.37623],[106.07666,11.37888],[106.07593,11.38055],[106.07499,11.38177],[106.07488,11.3829],[106.07438,11.38349],[106.07456,11.38442],[106.07551,11.38565],[106.07546,11.38663],[106.07604,11.38863],[106.07382,11.39073],[106.07154,11.39483],[106.07201,11.39536],[106.07237,11.3951],[106.07392,11.39672],[106.07582,11.40046],[106.07678,11.40172],[106.07666999999999,11.40275],[106.07737,11.40475],[106.07688,11.40723],[106.07575,11.40745],[106.07475,11.40839],[106.07401,11.40858],[106.0741,11.41028],[106.07475,11.41074],[106.07556,11.41076],[106.07594,11.41187],[106.07772,11.41123],[106.08029,11.40787],[106.08138,11.40757],[106.08136,11.4072],[106.0818,11.40718],[106.08197,11.40682],[106.08652,11.40456],[106.08854,11.40185],[106.08945,11.40154],[106.09047,11.40025],[106.09113,11.40034],[106.09211,11.39811],[106.09389,11.3959],[106.09458,11.39432],[106.09568,11.39324],[106.09814,11.39318],[106.09862,11.39269],[106.0982,11.39246],[106.09828,11.39213],[106.09879,11.39216],[106.09928,11.39293],[106.09947,11.39508],[106.09884,11.39614],[106.09962,11.39621],[106.09891,11.39671],[106.09998,11.39765],[106.10026,11.39899],[106.10008,11.39938],[106.10115,11.4002],[106.10076,11.40078],[106.10114,11.40118],[106.10078,11.40141],[106.10087,11.40234],[106.09931,11.40489],[106.09974,11.4061],[106.09972,11.40829],[106.10007,11.40863],[106.10008,11.40909],[106.09962,11.40941],[106.10101,11.41051],[106.10073,11.41078],[106.10157,11.41145],[106.10253,11.41308],[106.10181,11.41317],[106.10236,11.41394],[106.10214,11.41433],[106.10146,11.41418],[106.10142,11.41459],[106.10177,11.41605],[106.10266,11.4171],[106.10308,11.41674],[106.10332,11.41712],[106.10237,11.41814],[106.10303,11.41851],[106.10212,11.42005],[106.10182,11.42022],[106.1015,11.41991],[106.10112,11.42031],[106.101,11.41968],[106.1007,11.4198],[106.09976,11.42098],[106.09917,11.42255],[106.09799,11.42327],[106.09764,11.42451],[106.09795,11.42527],[106.09906,11.42512],[106.10039,11.42557],[106.10068,11.42622],[106.10137,11.42628],[106.1011,11.42678],[106.10138,11.42731],[106.10299,11.42807],[106.10286,11.4288],[106.10363,11.42937],[106.10414,11.42934],[106.10456,11.42993],[106.10453,11.43045],[106.10508,11.43046],[106.10505,11.43003],[106.10534,11.42994],[106.10618,11.43131],[106.10674,11.43122],[106.10718,11.4318],[106.10719,11.43284],[106.10833,11.43312],[106.10876,11.43428],[106.10941,11.43495],[106.11021,11.43478],[106.11029,11.43636],[106.11082,11.43664],[106.11065,11.43714],[106.11204,11.43717],[106.11169,11.43774],[106.11324,11.43812],[106.11354,11.43686],[106.11412,11.43683],[106.11422,11.4356],[106.11546,11.43555],[106.11539,11.43506],[106.11609,11.4338],[106.11675,11.4337],[106.11739,11.43404],[106.11766,11.43336],[106.11913,11.43326],[106.12076,11.43217],[106.12125,11.43236],[106.12184,11.43194],[106.12362,11.43213],[106.1241,11.4316],[106.12391,11.43091],[106.12544,11.43017],[106.1257,11.4296],[106.12669,11.42927],[106.12662,11.42885],[106.12781,11.42844],[106.12974,11.42878],[106.12994,11.4274],[106.1309,11.42713],[106.13066,11.42652],[106.13142,11.42681],[106.13359,11.42571],[106.13593,11.42565],[106.13774,11.42648],[106.1389,11.42655],[106.14037,11.42786],[106.1412,11.42782],[106.14123,11.42839],[106.14314,11.42941],[106.14333,11.42998],[106.1441,11.42961],[106.14514,11.43116],[106.14574,11.43134],[106.14594,11.4321],[106.14635,11.43216],[106.14689,11.43291],[106.14746,11.4326],[106.14801,11.43338],[106.15003,11.43436],[106.15032,11.4351],[106.15172,11.43551],[106.15224,11.4365],[106.15285,11.43626],[106.15413,11.43691],[106.15677,11.43713],[106.15745,11.43789],[106.15962,11.43874]]]]}},
{"type":"Feature","id":"25486","properties":{"Ward_Code":"25486","Ward_Code_Num":25486,"Ward":"Tân Biên","Ward_Alt":"Tân Biên","Ward_Upper":"TÂN BIÊN","Ward_Full":"Xã Tân Biên","Ward_Full_Alt":"Xã Tân Biên","Ward_Full_Upper_Alt":"XÃ TÂN BIÊN","Ward_Type":"Xã","Province_Code":"80","Province":"Tây Ninh","Province_Upper_Alt":"TÂY NINH"},"geometry":{"type":"MultiPolygon","coordinates":[[[[105.88336,11.67712],[105.88745,11.67705],[105.89017,11.67575],[105.8992,11.66809],[105.90034,11.66662],[105.90651,11.66196],[105.91879,11.65429],[105.92453,11.65021],[105.92604,11.6494],[105.95073,11.63991],[105.95048,11.6387],[105.94926,11.63756],[105.94738,11.63805],[105.94623,11.63739],[105.94641,11.6369],[105.9458,11.63626],[105.94558,11.63548],[105.94375,11.63445],[105.94376,11.63304],[105.94291,11.63258],[105.94288,11.63138],[105.94083,11.6298],[105.9393,11.63027],[105.93875,11.63107],[105.93759,11.6317],[105.93721,11.63084],[105.93725,11.62865],[105.93643,11.62814],[105.93521,11.62843],[105.93596,11.62711],[105.93568,11.62585],[105.93488,11.62519],[105.93333,11.62535],[105.93199,11.62456],[105.932,11.62266],[105.93083,11.62214],[105.93017999999999,11.62275],[105.92953,11.62239],[105.92854,11.62256],[105.92746,11.62109],[105.92567,11.62175],[105.9249,11.62078],[105.92408,11.62041],[105.9238,11.61933],[105.92266,11.619],[105.92274,11.6181],[105.92186,11.61778],[105.9214,11.6164],[105.92021,11.61613],[105.91993,11.6137],[105.92053,11.61348],[105.92041,11.61268],[105.92066,11.6122],[105.92006,11.61166],[105.92144,11.61118],[105.92102,11.61007],[105.92231,11.60923],[105.922,11.60823],[105.92081,11.60713],[105.92136,11.60594],[105.92033,11.6036],[105.92025,11.60224],[105.92095,11.6012],[105.92186,11.60129],[105.92404,11.59996],[105.9252,11.60067],[105.92703,11.60066],[105.92786,11.60026],[105.92854,11.59928],[105.93073,11.59803],[105.93312,11.59796],[105.93617,11.59952],[105.94897,11.60464],[105.94974,11.6055],[105.95097,11.60535],[105.95114,11.60501],[105.95266,11.60529],[105.95336,11.60503],[105.95486,11.60514],[105.9558,11.60538],[105.95722,11.60658],[105.95773,11.6061],[105.95877,11.60693],[105.95906,11.60659],[105.95938,11.60672],[105.95953,11.6062],[105.96098,11.60788],[105.96253,11.60681],[105.96341,11.60701],[105.96454,11.60615],[105.96519,11.60647],[105.96626,11.60515],[105.96462,11.60159],[105.96588,11.60077],[105.97012,11.60294],[105.97214,11.60684],[105.9726,11.6086],[105.97494,11.61143],[105.97567,11.60974],[105.97672,11.61001],[105.979,11.609069999999999],[105.98066,11.60932],[105.98155,11.6077],[105.9831,11.60836],[105.98425,11.60514],[105.98493,11.60415],[105.98535,11.60452],[105.98559,11.60394],[105.98592,11.60035],[105.98561,11.59846],[105.98494,11.59724],[105.98515,11.59696],[105.98572,11.59754],[105.98903,11.59748],[105.99105,11.5886],[106.00179,11.58928],[106.02023,11.58929],[106.02001,11.5887],[106.03998,11.58886],[106.04033,11.58379],[106.0408,11.58303],[106.03989,11.57653],[106.03946,11.57606],[106.03775,11.57579],[106.03665,11.57432],[106.03668,11.57289],[106.03626,11.57159],[106.03638,11.57038],[106.03519,11.56919],[106.03524,11.56411],[106.03416,11.56316],[106.03196,11.56302],[106.03122,11.56219],[106.02995,11.56268],[106.02962,11.56208],[106.02853,11.56182],[106.02823,11.56247],[106.02747,11.56255],[106.02698,11.56233],[106.02675,11.56168],[106.02575,11.56134],[106.02573,11.55926],[106.02631,11.55874],[106.02739,11.55888],[106.02892,11.5575],[106.02906,11.55703],[106.02988,11.55692],[106.03014,11.55432],[106.03071,11.55373],[106.03033,11.55261],[106.03054,11.5501],[106.02972,11.54777],[106.02962,11.54621],[106.02991,11.54538],[106.02936,11.54433],[106.02862,11.53932],[106.02906,11.53768],[106.0298,11.53734],[106.02883,11.53461],[106.0292,11.53449],[106.02969,11.53043],[106.02898,11.53006],[106.02902,11.52749],[106.0304,11.52736],[106.03001,11.52624],[106.03286,11.52552],[106.03322,11.52496],[106.03313,11.52451],[106.03078,11.52456],[106.03019,11.52389],[106.03001,11.52421],[106.02904,11.52203],[106.02765,11.52212],[106.02732,11.5217],[106.02532,11.52186],[106.02374,11.52108],[106.02177,11.521],[106.02085,11.52051],[106.02111,11.51742],[106.02069,11.51693],[106.02114,11.51503],[106.01916,11.51389],[106.01842,11.5128],[106.01715,11.51319],[106.0176,11.51193],[106.01561,11.51106],[106.01324,11.51067],[106.0134,11.51002],[105.99408,11.50596],[105.98277,11.50067],[105.98113,11.49899],[105.97987,11.49825],[105.97835,11.49898],[105.97898,11.49968],[105.97912,11.50073],[105.97751,11.50389],[105.97764,11.5049],[105.97639,11.50614],[105.9756,11.50622],[105.97532,11.50671],[105.9749,11.50646],[105.97393,11.50824],[105.97185,11.51039],[105.97098,11.51198],[105.97102,11.51281],[105.97021,11.51337],[105.97062,11.51406],[105.96988,11.51553],[105.96961,11.517],[105.96696,11.5214],[105.9671,11.52202],[105.96807,11.52277],[105.96703,11.52427],[105.96711,11.52555],[105.9663,11.52656],[105.96538,11.52893],[105.96455,11.52883],[105.96434,11.5293],[105.96478,11.53155],[105.96352,11.535],[105.96333,11.53879],[105.95552,11.53658],[105.95321,11.5363],[105.95295,11.54082],[105.95457,11.54532],[105.95278,11.5459],[105.95277,11.5467],[105.95058,11.54658],[105.94994,11.54617],[105.94963,11.54545],[105.94854,11.54482],[105.94666,11.54432],[105.93663,11.54425],[105.93699,11.54225],[105.90075,11.53106],[105.89889,11.52924],[105.89853,11.52823],[105.89678,11.52712],[105.8946,11.52707],[105.89181,11.52653],[105.89113,11.52589],[105.88994,11.52555],[105.88876,11.52614],[105.8861,11.52568],[105.88536,11.52585],[105.88535,11.52687],[105.88441,11.52812],[105.8857,11.53026],[105.88568,11.53182],[105.88512,11.53262],[105.88313,11.53346],[105.88233,11.53457],[105.88249,11.53532],[105.88304,11.5356],[105.88339,11.53642],[105.88421,11.5368],[105.88446,11.5377],[105.88427,11.53793],[105.88348,11.53773],[105.88284,11.53851],[105.88165,11.54227],[105.88017,11.54261],[105.87984,11.54299],[105.88064,11.54505],[105.8807,11.54608],[105.8783,11.54664],[105.87764,11.54765],[105.87742,11.54906],[105.87534,11.55086],[105.87224,11.55161],[105.87176,11.55305],[105.87214,11.55325],[105.87323,11.55285],[105.87401,11.5551],[105.87349,11.55524],[105.87233,11.55471],[105.86924,11.55526],[105.86903,11.55574],[105.86981,11.55602],[105.86974,11.5564],[105.86811,11.55804],[105.86554,11.5592],[105.86513,11.55965],[105.86585,11.56022],[105.86691,11.56046],[105.86678,11.56244],[105.86617,11.56259],[105.86566,11.56189],[105.86436,11.56208],[105.8635,11.56148],[105.86274,11.56192],[105.86241,11.5635],[105.86281,11.5648],[105.86252,11.56581],[105.8619,11.56642],[105.86054,11.56639],[105.8586,11.56471],[105.85829,11.56588],[105.857,11.56604],[105.85673,11.56538],[105.85746,11.56493],[105.85613,11.5643],[105.85507,11.56424],[105.85518,11.56324],[105.85442,11.56228],[105.85077,11.56062],[105.85003,11.56058],[105.84989,11.561],[105.8508,11.56122],[105.85074,11.56184],[105.85032,11.56219],[105.8493,11.56205],[105.84924,11.56348],[105.84895,11.56381],[105.84738,11.56328],[105.84691,11.56224],[105.84535,11.56102],[105.84524,11.56489],[105.84249,11.56373],[105.84102,11.56217],[105.84042,11.56203],[105.84024,11.56234],[105.84098,11.56365],[105.84115,11.56487],[105.84079,11.56541],[105.8403,11.56529],[105.83939,11.56414],[105.83786,11.5637],[105.83425,11.5641],[105.83358,11.56493],[105.83277,11.56525],[105.8327,11.56562],[105.83189,11.56498],[105.83049,11.56508],[105.8271,11.56438],[105.8264,11.5649],[105.82582,11.56697],[105.82458,11.56838],[105.82364,11.57033],[105.8226,11.57032],[105.82078,11.57109],[105.82069,11.57014],[105.81924,11.56996],[105.81902,11.56942],[105.81927,11.56879],[105.81963,11.56862],[105.82016,11.56906],[105.82043,11.56866],[105.82057,11.56785],[105.82023,11.56755],[105.81838,11.5681],[105.817,11.56944],[105.81635,11.5709],[105.81669,11.57102],[105.81778,11.57042],[105.8178,11.57136],[105.81861,11.57221],[105.81865,11.5728],[105.81688,11.57457],[105.81508,11.5743],[105.81459,11.57644],[105.81513,11.5768],[105.81568,11.5762],[105.816,11.57628],[105.81704,11.5806],[105.81773,11.5815],[105.81652,11.58199],[105.81568,11.58288],[105.81489,11.58534],[105.81449,11.58547],[105.81412,11.58516],[105.81418,11.58409],[105.81346,11.58423],[105.81367,11.58573],[105.81073,11.58778],[105.81076,11.58914],[105.81171,11.58952],[105.81212,11.59069],[105.81183,11.59106],[105.81198,11.59142],[105.81103,11.59226],[105.81104,11.59298],[105.8106,11.59381],[105.81094,11.59481],[105.81028,11.59504],[105.8112,11.59596],[105.81193,11.59623],[105.81115,11.59666],[105.8096,11.59642],[105.80944,11.59768],[105.81001,11.59872],[105.81073,11.59912],[105.81044,11.59963],[105.80955,11.59942],[105.80864,11.5998],[105.80841,11.60074],[105.80863,11.6012],[105.81028,11.60076],[105.80961,11.60164],[105.81047,11.60197],[105.80962,11.60272],[105.81047,11.60304],[105.81133,11.60294],[105.81137,11.60324],[105.81181,11.60333],[105.81189,11.60483],[105.81632,11.61019],[105.81899,11.61029],[105.82053,11.61186],[105.82157,11.61512],[105.82213,11.61992],[105.82645,11.61936],[105.82764,11.61979],[105.82871,11.61972],[105.82901,11.62148],[105.82969,11.6221],[105.82975,11.62273],[105.83252,11.62508],[105.83443,11.62559],[105.83431,11.62804],[105.83599,11.63534],[105.83713,11.63786],[105.84367,11.64616],[105.84321,11.64998],[105.8442,11.64939],[105.84665,11.65038],[105.8466,11.65224],[105.84719,11.65525],[105.84984,11.65644],[105.85143,11.65975],[105.85364,11.66294],[105.86313,11.66802],[105.87352,11.67109],[105.87498,11.67208],[105.87743,11.67456],[105.8795,11.67584],[105.88336,11.67712]]]]}},
{"type":"Feature","id":"25489","properties":{"Ward_Code":"25489","Ward_Code_Num":25489,"Ward":"Tân Lập","Ward_Alt":"Tân Lập","Ward_Upper":"TÂN LẬP","Ward_Full":"Xã Tân Lập","Ward_Full_Alt":"Xã Tân Lập","Ward_Full_Upper_Alt":"XÃ TÂN LẬP","Ward_Type":"Xã","Province_Code":"80","Province":"Tây Ninh","Province_Upper_Alt":"TÂY NINH"},"geometry":{"type":"MultiPolygon","coordinates":[[[[106.06226,11.7824],[106.06465,11.78141],[106.06602,11.78136],[106.06606,11.78249],[106.06918,11.78147],[106.07148,11.77984],[106.07312,11.77781],[106.08018,11.77497],[106.0801,11.77324],[106.08082,11.77173],[106.08103,11.76965],[106.08071,11.76854],[106.08156,11.76662],[106.08469,11.76501],[106.08599,11.76602],[106.0856,11.76427],[106.08742,11.76281],[106.09001,11.76208],[106.09124,11.76211],[106.09259,11.75721],[106.09484,11.75683],[106.09675,11.75589],[106.09942,11.75597],[106.10086,11.75213],[106.10304,11.74882],[106.10481,11.74697],[106.10747,11.74502],[106.10933,11.74412],[106.11184,11.74342],[106.11129,11.74232],[106.11326,11.74163],[106.11314,11.74086],[106.11239,11.74108],[106.11152,11.73977],[106.11098,11.73822],[106.11175,11.73806],[106.11154,11.73699],[106.11452,11.6163],[106.08666,11.61675],[106.02813,11.61635],[106.02606,11.61597],[106.02555,11.61617],[106.02433,11.61458],[106.02396,11.61333],[106.0288,11.61252],[106.02895,11.61194],[106.02867,11.61109],[106.02763,11.61092],[106.02561,11.61224],[106.02449,11.6122],[106.02353,11.61052],[106.0219,11.60969],[106.02028,11.60947],[106.02346,11.60674],[106.02366,11.6059],[106.0231,11.60423],[106.0243,11.60344],[106.02296,11.60219],[106.02001,11.60126],[106.01993,11.60198],[106.02062,11.60321],[106.02041,11.60336],[106.01906,11.60174],[106.01796,11.6014],[106.02025,11.60015],[106.01976,11.59933],[106.01755,11.59813],[106.01742,11.59691],[106.01913,11.5961],[106.01985,11.59497],[106.02034,11.59132],[106.02077,11.59046],[106.02023,11.58929],[105.99993,11.58924],[105.99105,11.5886],[105.98903,11.59748],[105.98572,11.59754],[105.98515,11.59696],[105.98494,11.59724],[105.98561,11.59846],[105.98592,11.60035],[105.98559,11.60394],[105.98535,11.60452],[105.98493,11.60415],[105.98425,11.60514],[105.9831,11.60836],[105.98155,11.6077],[105.98066,11.60932],[105.979,11.609069999999999],[105.97672,11.61001],[105.97567,11.60974],[105.97494,11.61143],[105.9726,11.6086],[105.97214,11.60684],[105.97012,11.60294],[105.96588,11.60077],[105.96462,11.60159],[105.96626,11.60515],[105.96519,11.60647],[105.96454,11.60615],[105.96341,11.60701],[105.96253,11.60681],[105.96098,11.60788],[105.95953,11.6062],[105.95938,11.60672],[105.95906,11.60659],[105.95877,11.60693],[105.95773,11.6061],[105.95722,11.60658],[105.9558,11.60538],[105.95486,11.60514],[105.95336,11.60503],[105.95266,11.60529],[105.95114,11.60501],[105.95097,11.60535],[105.94974,11.6055],[105.94897,11.60464],[105.93617,11.59952],[105.93312,11.59796],[105.93073,11.59803],[105.92854,11.59928],[105.92786,11.60026],[105.92703,11.60066],[105.9252,11.60067],[105.92404,11.59996],[105.92186,11.60129],[105.92085,11.60126],[105.92025,11.60224],[105.92033,11.6036],[105.92136,11.60594],[105.92081,11.60713],[105.922,11.60823],[105.92231,11.60923],[105.92102,11.61007],[105.92144,11.61118],[105.92006,11.61166],[105.92066,11.6122],[105.92041,11.61268],[105.92053,11.61348],[105.91993,11.6137],[105.92021,11.61613],[105.9214,11.6164],[105.92186,11.61778],[105.92274,11.6181],[105.92266,11.619],[105.9238,11.61933],[105.92408,11.62041],[105.9249,11.62078],[105.92567,11.62175],[105.92746,11.62109],[105.92854,11.62256],[105.92953,11.62239],[105.93017999999999,11.62275],[105.93089,11.62215],[105.932,11.62266],[105.93187,11.62432],[105.93238,11.62488],[105.93333,11.62535],[105.93477,11.62516],[105.93536,11.62546],[105.936,11.62686],[105.93521,11.62843],[105.93643,11.62814],[105.93725,11.62865],[105.93721,11.63084],[105.93759,11.6317],[105.93875,11.63107],[105.9393,11.63027],[105.94083,11.6298],[105.94288,11.63138],[105.94291,11.63258],[105.94376,11.63304],[105.94375,11.63445],[105.94558,11.63548],[105.9458,11.63626],[105.94641,11.6369],[105.94634,11.63749],[105.94738,11.63805],[105.94926,11.63756],[105.95048,11.6387],[105.95073,11.63991],[105.9531,11.639099999999999],[105.95403,11.63995],[105.95554,11.644],[105.95945,11.64717],[105.96116,11.64991],[105.96746,11.6539],[105.96932,11.65658],[105.97113,11.65699],[105.97241,11.66134],[105.97281,11.66179],[105.9751,11.66359],[105.97677,11.66411],[105.97706,11.66467],[105.98036,11.66571],[105.98223,11.67072],[105.98234,11.67207],[105.98166,11.67796],[105.97964,11.68081],[105.97702,11.68323],[105.98003,11.68779],[105.98432,11.6932],[105.98818,11.69595],[105.99127,11.69915],[105.99196,11.69932],[105.99501,11.69795],[105.99691,11.69963],[105.99878,11.70062],[105.99977,11.70077],[106.00092,11.70171],[106.00462,11.70662],[106.00588,11.70889],[106.00698,11.71305],[106.0101,11.72107],[106.01181,11.72322],[106.0141,11.7241],[106.01489,11.7248],[106.01596,11.72845],[106.016,11.73326],[106.01404,11.74059],[106.01363,11.74353],[106.01106,11.74718],[106.01017,11.74973],[106.01008,11.75101],[106.01036,11.75184],[106.01243,11.7546],[106.01274,11.75997],[106.01397,11.76213],[106.01484,11.76557],[106.01686,11.76896],[106.01806,11.7693],[106.02,11.7718],[106.02506,11.77494],[106.02936,11.77517],[106.03638,11.77622],[106.04186,11.7784],[106.04273,11.7785],[106.04352,11.77818],[106.04691,11.77852],[106.04719,11.779],[106.04876,11.77955],[106.05089,11.77986],[106.05349,11.78153],[106.0553,11.78177],[106.05743,11.78123],[106.05875,11.78237],[106.06072,11.78286],[106.06226,11.7824]]]]}},
{"type":"Feature","id":"25498","properties":{"Ward_Code":"25498","Ward_Code_Num":25498,"Ward":"Thạnh Bình","Ward_Alt":"Thạnh Bình","Ward_Upper":"THẠNH BÌNH","Ward_Full":"Xã Thạnh Bình","Ward_Full_Alt":"Xã Thạnh Bình","Ward_Full_Upper_Alt":"XÃ THẠNH BÌNH","Ward_Type":"Xã","Province_Code":"80","Province":"Tây Ninh","Province_Upper_Alt":"TÂY NINH"},"geometry":{"type":"MultiPolygon","coordinates":[[[[106.11255,11.47619],[106.10295,11.47649],[106.10285,11.47752],[106.10348,11.47949],[106.10082,11.47982],[106.09806,11.48219],[106.09467,11.47566],[106.09307,11.47593],[106.09145,11.47496],[106.09073,11.47506],[106.09034,11.47561],[106.09011,11.47545],[106.08978,11.47659],[106.08927,11.47718],[106.08728,11.47812],[106.08524,11.4801],[106.08447,11.48022],[106.08218,11.4791],[106.08025,11.47919],[106.07833,11.47837],[106.07728,11.47826],[106.07726,11.47659],[106.07694,11.47634],[106.0773,11.47538],[106.07264,11.47274],[106.07236,11.47051],[106.07258,11.46847],[106.07148,11.46833],[106.06885,11.46934],[106.06787,11.47085],[106.06728,11.47067],[106.06614,11.47194],[106.06547,11.4704],[106.05782,11.47361],[106.05571,11.47322],[106.05568,11.47375],[106.05463,11.47358],[106.05447,11.47389],[106.04974,11.47274],[106.04837,11.47514],[106.04888,11.47563],[106.04877,11.47594],[106.04611,11.47679],[106.04063,11.47284],[106.02824,11.46531],[106.02492,11.46431],[106.02171,11.46375],[106.02156,11.46476],[106.01362,11.4631],[106.00572,11.46288],[106.00491,11.46301],[106.00484,11.46375],[106.00094,11.4641],[105.99406,11.46212],[105.99238,11.46244],[105.9917,11.46319],[105.99058,11.46327],[105.9887,11.46416],[105.9872,11.46403],[105.98658,11.46544],[105.98543,11.46571],[105.98429,11.46665],[105.9829,11.46665],[105.98217,11.46809],[105.98116,11.46842],[105.98083,11.46902],[105.97947,11.46914],[105.97814,11.46863],[105.97742,11.46917],[105.97622,11.46875],[105.97572,11.46982],[105.97262,11.4692],[105.97141,11.47005],[105.96904,11.47057],[105.96802,11.47034],[105.96688,11.4691],[105.96551,11.46833],[105.96211,11.47064],[105.96131,11.47253],[105.96275,11.47258],[105.96291,11.473],[105.96195,11.47376],[105.96182,11.4745],[105.96252,11.47557],[105.96371,11.47463],[105.96508,11.47495],[105.96435,11.47671],[105.96566,11.47832],[105.96577,11.48055],[105.96842,11.48201],[105.96925,11.48066],[105.97001,11.48037],[105.9719,11.48149],[105.97294,11.48359],[105.97508,11.48445],[105.97516,11.48482],[105.97422,11.48612],[105.97244,11.4899],[105.97358,11.49081],[105.97407,11.49011],[105.97489,11.49008],[105.97475,11.49175],[105.97646,11.49349],[105.97874,11.49467],[105.97867,11.49496],[105.97644,11.49469],[105.97607,11.4951],[105.97697,11.49723],[105.97835,11.49898],[105.98014,11.49823],[105.98277,11.50067],[105.99408,11.50596],[106.0134,11.51002],[106.01324,11.51067],[106.01605,11.51119],[106.01687,11.51181],[106.0176,11.51193],[106.01715,11.51319],[106.01842,11.5128],[106.01916,11.51389],[106.02114,11.51503],[106.02069,11.51693],[106.02111,11.51742],[106.02085,11.52051],[106.02177,11.521],[106.02374,11.52108],[106.02532,11.52186],[106.02732,11.5217],[106.02765,11.52212],[106.02904,11.52203],[106.03001,11.52421],[106.03019,11.52389],[106.03078,11.52456],[106.03313,11.52451],[106.03322,11.52496],[106.03286,11.52552],[106.03001,11.52624],[106.0304,11.52736],[106.02902,11.52749],[106.02898,11.53006],[106.02969,11.53043],[106.0292,11.53449],[106.02883,11.53461],[106.0298,11.53734],[106.02906,11.53768],[106.02862,11.53932],[106.02936,11.54433],[106.02991,11.54538],[106.02962,11.54621],[106.02972,11.54777],[106.03054,11.5501],[106.03033,11.55261],[106.03071,11.55373],[106.03014,11.55432],[106.02988,11.55692],[106.02906,11.55703],[106.02892,11.5575],[106.02739,11.55888],[106.02631,11.55874],[106.02573,11.55926],[106.02575,11.56134],[106.02675,11.56168],[106.02698,11.56233],[106.02747,11.56255],[106.02823,11.56247],[106.02853,11.56182],[106.02962,11.56208],[106.02995,11.56268],[106.03122,11.56219],[106.03196,11.56302],[106.03416,11.56316],[106.03524,11.56411],[106.03519,11.56919],[106.03638,11.57038],[106.03626,11.57159],[106.03668,11.57289],[106.03665,11.57432],[106.03775,11.57579],[106.03982,11.57632],[106.04006,11.57916],[106.04062,11.58039],[106.0408,11.58303],[106.04033,11.58379],[106.03998,11.58886],[106.02001,11.5887],[106.02077,11.59046],[106.02034,11.59132],[106.01985,11.59497],[106.01913,11.5961],[106.01742,11.59691],[106.01755,11.59813],[106.01976,11.59933],[106.02025,11.60015],[106.01796,11.6014],[106.01906,11.60174],[106.02041,11.60336],[106.02062,11.60321],[106.01993,11.60198],[106.02001,11.60126],[106.02296,11.60219],[106.0243,11.60344],[106.0231,11.60423],[106.02366,11.6059],[106.02346,11.60674],[106.02028,11.60947],[106.0219,11.60969],[106.02353,11.61052],[106.02449,11.6122],[106.02561,11.61224],[106.02763,11.61092],[106.02867,11.61109],[106.02895,11.61194],[106.0288,11.61252],[106.02396,11.61333],[106.02433,11.61458],[106.02555,11.61617],[106.02606,11.61597],[106.02813,11.61635],[106.08666,11.61675],[106.11452,11.6163],[106.11437,11.59326],[106.11494,11.58793],[106.11486,11.56976],[106.11241,11.50827],[106.113,11.48369],[106.11443,11.483459999999999],[106.11809,11.48152],[106.11853,11.48088],[106.11867,11.47984],[106.11956,11.47896],[106.11996,11.47944],[106.12066,11.47896],[106.1228,11.47875],[106.12249,11.47732],[106.12267,11.47575],[106.11255,11.47619]]]]}},
{"type":"Feature","id":"25510","properties":{"Ward_Code":"25510","Ward_Code_Num":25510,"Ward":"Trà Vong","Ward_Alt":"Trà Vong","Ward_Upper":"TRÀ VONG","Ward_Full":"Xã Trà Vong","Ward_Full_Alt":"Xã Trà Vong","Ward_Full_Upper_Alt":"XÃ TRÀ VONG","Ward_Type":"Xã","Province_Code":"80","Province":"Tây Ninh","Province_Upper_Alt":"TÂY NINH"},"geometry":{"type":"MultiPolygon","coordinates":[[[[106.1142,11.47621],[106.12267,11.47575],[106.12252,11.47318],[106.12282,11.47164],[106.12152,11.46495],[106.12135,11.46258],[106.122,11.46139],[106.12203,11.46053],[106.12132,11.45922],[106.12135,11.45845],[106.12086,11.45812],[106.12048,11.45716],[106.12084,11.45647],[106.12024,11.45598],[106.12074,11.45535],[106.1209,11.45367],[106.12025,11.45163],[106.12052,11.4515],[106.1206,11.44965],[106.12027,11.44775],[106.12072,11.44574],[106.1198,11.44491],[106.11976,11.44428],[106.11926,11.44402],[106.11961,11.44288],[106.11876,11.44285],[106.1184,11.44145],[106.11734,11.44102],[106.11707,11.44051],[106.11731,11.44012],[106.11652,11.43904],[106.11533,11.43811],[106.11324,11.43812],[106.11169,11.43774],[106.11204,11.43717],[106.11065,11.43714],[106.11082,11.43664],[106.11029,11.43636],[106.11021,11.43478],[106.10941,11.43495],[106.10876,11.43428],[106.10833,11.43312],[106.10719,11.43284],[106.10712,11.43165],[106.10661,11.4311],[106.10618,11.43131],[106.10547,11.43],[106.10511,11.42994],[106.10508,11.43046],[106.10453,11.43045],[106.10456,11.42993],[106.10414,11.42934],[106.10363,11.42937],[106.10296,11.42891],[106.10299,11.42807],[106.10142,11.42736],[106.1011,11.42678],[106.10137,11.42628],[106.10068,11.42622],[106.10039,11.42557],[106.09866,11.42505],[106.09795,11.42527],[106.09782,11.42499],[106.09766,11.42427],[106.09799,11.42327],[106.09917,11.42255],[106.09976,11.42098],[106.10085,11.41967],[106.10112,11.42031],[106.1015,11.41991],[106.10182,11.42022],[106.10212,11.42005],[106.10303,11.41851],[106.10237,11.41814],[106.10332,11.41712],[106.10308,11.41674],[106.10266,11.4171],[106.10177,11.41605],[106.10142,11.41459],[106.10146,11.41418],[106.10214,11.41433],[106.10236,11.41394],[106.10181,11.41317],[106.10253,11.41308],[106.10157,11.41145],[106.10073,11.41078],[106.10101,11.41051],[106.09962,11.40941],[106.10008,11.40909],[106.10007,11.40863],[106.09972,11.40829],[106.09974,11.4061],[106.09931,11.40489],[106.10087,11.40234],[106.10078,11.40141],[106.10114,11.40118],[106.10076,11.40078],[106.10115,11.4002],[106.10008,11.39938],[106.10026,11.39899],[106.09998,11.39765],[106.09891,11.39671],[106.09962,11.39621],[106.09884,11.39614],[106.09947,11.39508],[106.09928,11.39293],[106.09879,11.39216],[106.09817,11.39232],[106.09862,11.39269],[106.09828,11.39312],[106.09595,11.39311],[106.09464,11.39425],[106.09389,11.3959],[106.09171,11.39875],[106.09174,11.39932],[106.09113,11.40034],[106.09047,11.40025],[106.08945,11.40154],[106.08854,11.40185],[106.08666,11.40444],[106.08197,11.40682],[106.0818,11.40718],[106.08136,11.4072],[106.08138,11.40757],[106.08029,11.40787],[106.07772,11.41123],[106.07594,11.41187],[106.07556,11.41076],[106.07475,11.41074],[106.0741,11.41028],[106.07401,11.40858],[106.07213,11.40898],[106.07188,11.40979],[106.07076,11.40965],[106.07008,11.40996],[106.06502,11.4071],[106.06342,11.40722],[106.06253,11.40662],[106.06181,11.40724],[106.06044,11.40705],[106.05843,11.40673],[106.0584,11.40647],[106.05779,11.40661],[106.05721,11.40597],[106.05579,11.40627],[106.05522,11.40556],[106.05416,11.40601],[106.04894,11.40596],[106.04888,11.4054],[106.04558,11.40366],[106.04583,11.40316],[106.04175,11.40079],[106.04096,11.40082],[106.04038,11.40311],[106.0364,11.40225],[106.03607,11.40523],[106.0363,11.40549],[106.03555,11.40646],[106.03515,11.40815],[106.03301,11.40757],[106.03297,11.41021],[106.03207,11.40997],[106.03069,11.41024],[106.03047,11.41064],[106.03008,11.41169],[106.03007,11.41248],[106.03056,11.41257],[106.03038,11.41306],[106.02953,11.41298],[106.02954,11.4136],[106.03021,11.41468],[106.02087,11.41503],[106.02029,11.41642],[106.01939,11.41623],[106.01918,11.41734],[106.01812,11.41719],[106.01754,11.41927],[106.01653,11.41948],[106.01679,11.4212],[106.01542,11.42131],[106.01543,11.42153],[106.01443,11.4218],[106.0143,11.42144],[106.01253,11.42151],[106.01225,11.4224],[106.01238,11.42366],[106.01353,11.4238],[106.01349,11.4242],[106.01312,11.42542],[106.01238,11.42521],[106.01194,11.42598],[106.01254,11.42693],[106.01166,11.42897],[106.00895,11.42787],[106.0086,11.42912],[106.00667,11.42881],[106.00681,11.42977],[106.00596,11.42959],[106.00578,11.43051],[106.00517,11.43041],[106.00519,11.4329],[106.00198,11.43259],[106.00205,11.43328],[106.00046,11.43311],[106.0005,11.43421],[105.9998,11.43473],[105.99833,11.43432],[105.99755999999999,11.43504],[105.99696,11.43504],[105.99665,11.43714],[105.99676,11.43789],[105.99729,11.43807],[105.99712,11.44072],[105.99584,11.44123],[105.9952,11.44202],[105.99416,11.44121],[105.9925,11.44224],[105.98983,11.44246],[105.9881,11.44238],[105.98825,11.44154],[105.98496,11.44127],[105.98474,11.44262],[105.98239,11.44639],[105.98325,11.45036],[105.97868,11.45392],[105.97454,11.45197],[105.9737,11.452209999999999],[105.96982,11.45217],[105.96722,11.45276],[105.96509,11.45205],[105.9649,11.45228],[105.96654,11.45343],[105.96795,11.45338],[105.96868,11.45474],[105.96853,11.45626],[105.96907,11.45803],[105.97132,11.45688],[105.97234,11.45704],[105.97124,11.4596],[105.96928,11.46168],[105.96877,11.46442],[105.96805,11.46498],[105.96615,11.46534],[105.96634,11.46622],[105.96728,11.46724],[105.96551,11.46833],[105.96688,11.4691],[105.96802,11.47034],[105.96904,11.47057],[105.97141,11.47005],[105.97262,11.4692],[105.97572,11.46982],[105.97622,11.46875],[105.97742,11.46917],[105.97814,11.46863],[105.97947,11.46914],[105.98089,11.469],[105.98116,11.46842],[105.98217,11.46809],[105.9829,11.46665],[105.98429,11.46665],[105.98543,11.46571],[105.98658,11.46544],[105.9872,11.46403],[105.9887,11.46416],[105.99058,11.46327],[105.9917,11.46319],[105.99238,11.46244],[105.99406,11.46212],[106.00094,11.4641],[106.00484,11.46375],[106.00491,11.46301],[106.00572,11.46288],[106.01362,11.4631],[106.02156,11.46476],[106.02171,11.46375],[106.02492,11.46431],[106.02824,11.46531],[106.04063,11.47284],[106.04611,11.47679],[106.04877,11.47594],[106.04888,11.47563],[106.04837,11.47514],[106.04974,11.47274],[106.05447,11.47389],[106.05463,11.47358],[106.05568,11.47375],[106.05571,11.47322],[106.05782,11.47361],[106.06547,11.4704],[106.06614,11.47194],[106.06728,11.47067],[106.06787,11.47085],[106.06885,11.46934],[106.07148,11.46833],[106.07258,11.46847],[106.07236,11.47051],[106.07264,11.47274],[106.0773,11.47538],[106.07694,11.47634],[106.07726,11.47659],[106.07728,11.47826],[106.07833,11.47837],[106.08025,11.47919],[106.08218,11.4791],[106.08447,11.48022],[106.08524,11.4801],[106.08728,11.47812],[106.08927,11.47718],[106.08978,11.47659],[106.09011,11.47545],[106.09034,11.47561],[106.09073,11.47506],[106.09145,11.47496],[106.09301,11.47592],[106.09467,11.47566],[106.09806,11.48219],[106.10082,11.47982],[106.10348,11.47949],[106.10285,11.47752],[106.10295,11.47649],[106.1142,11.47621]]]]}},
{"type":"Feature","id":"25516","properties":{"Ward_Code":"25516","Ward_Code_Num":25516,"Ward":"Tân Châu","Ward_Alt":"Tân Châu","Ward_Upper":"TÂN CHÂU","Ward_Full":"Xã Tân Châu","Ward_Full_Alt":"Xã Tân Châu","Ward_Full_Upper_Alt":"XÃ TÂN CHÂU","Ward_Type":"Xã","Province_Code":"80","Province":"Tây Ninh","Province_Upper_Alt":"TÂY NINH"},"geometry":{"type":"MultiPolygon","coordinates":[[[[106.11344,11.53242],[106.11483,11.56774],[106.11494,11.58793],[106.11437,11.59326],[106.12584,11.59317],[106.1265,11.59194],[106.12626,11.59063],[106.12716,11.58991],[106.12737,11.58843],[106.12819,11.58789],[106.12894,11.58785],[106.13002,11.58687],[106.13114,11.58454],[106.13218,11.58446],[106.13288,11.58305],[106.13456,11.58449],[106.1355,11.58476],[106.13629,11.58448],[106.13633,11.58496],[106.13759,11.58421],[106.13902,11.58159],[106.14056,11.58127],[106.14175,11.57934],[106.14468,11.57765],[106.14689,11.57806],[106.14694,11.57727],[106.14731,11.57742],[106.14845,11.57646],[106.14907,11.57647],[106.14952,11.57347],[106.15666,11.57388],[106.15787,11.57468],[106.15876,11.5735],[106.16162,11.57181],[106.16137,11.57104],[106.16584,11.56954],[106.16598,11.56978],[106.16762,11.56954],[106.16968,11.56866],[106.16948,11.56762],[106.17046,11.56761],[106.17138,11.56949],[106.17273,11.56859],[106.17312,11.56896],[106.17502,11.56782],[106.17524,11.56822],[106.17732,11.56782],[106.1774,11.56742],[106.17862,11.56707],[106.17941,11.56874],[106.18252,11.56786],[106.18236,11.56629],[106.18273,11.5659],[106.18232,11.56506],[106.18521,11.56453],[106.18729,11.56527],[106.18761,11.56375],[106.19527,11.56424],[106.19396,11.56154],[106.19341,11.55955],[106.19346,11.55282],[106.1923,11.54967],[106.19305,11.54887],[106.19404,11.54845],[106.19489,11.54689],[106.19449,11.54409],[106.19387,11.54237],[106.19281,11.54078],[106.19045,11.53949],[106.18914,11.53913],[106.18691,11.53932],[106.18452,11.53903],[106.18305,11.53841],[106.18336,11.53739],[106.18551,11.53564],[106.18677,11.53546],[106.18739,11.53672],[106.18783,11.53661],[106.18854,11.53315],[106.18923,11.53222],[106.19193,11.53074],[106.19033,11.52312],[106.18726,11.51943],[106.1837,11.52328],[106.18145,11.5249],[106.17796,11.526],[106.17672,11.5269],[106.17389,11.52813],[106.17284,11.52816],[106.17019,11.52621],[106.16841,11.52577],[106.16559,11.52586],[106.16528,11.5272],[106.15949,11.52716],[106.16147,11.51865],[106.11293,11.51995],[106.11344,11.53242]]]]}},
{"type":"Feature","id":"25522","properties":{"Ward_Code":"25522","Ward_Code_Num":25522,"Ward":"Tân Đông","Ward_Alt":"Tân Đông","Ward_Upper":"TÂN ĐÔNG","Ward_Full":"Xã Tân Đông","Ward_Full_Alt":"Xã Tân Đông","Ward_Full_Upper_Alt":"XÃ TÂN ĐÔNG","Ward_Type":"Xã","Province_Code":"80","Province":"Tây Ninh","Province_Upper_Alt":"TÂY NINH"},"geometry":{"type":"MultiPolygon","coordinates":[[[[106.18644,11.75011],[106.18794,11.74967],[106.18862,11.74991],[106.18974,11.74946],[106.19039,11.74906],[106.19023,11.74879],[106.19108,11.74839],[106.19093,11.74809],[106.19139,11.74794],[106.1913,11.74759],[106.19216,11.74735],[106.19214,11.74692],[106.19401,11.74646],[106.19396,11.74611],[106.19478,11.74596],[106.1954,11.74103],[106.20131,11.73723],[106.20368,11.73503],[106.20514,11.73413],[106.20603,11.73264],[106.20713,11.73187],[106.21567,11.72788],[106.21655,11.72773],[106.22177,11.72917],[106.22562,11.73096],[106.22709,11.73097],[106.22851,11.73085],[106.23104,11.73],[106.23745,11.72676],[106.2412,11.72693],[106.24222,11.72624],[106.24596,11.72608],[106.24879,11.72705],[106.24984,11.727],[106.25326,11.72569],[106.25578,11.72568],[106.2572,11.72488],[106.25826,11.72379],[106.2589,11.72086],[106.25931,11.721],[106.25966,11.72056],[106.2593,11.72021],[106.25936,11.71944],[106.2589,11.71901],[106.26462,11.71727],[106.26484,11.71637],[106.26553,11.71634],[106.26561,11.71412],[106.26508,11.71402],[106.26489,11.71345],[106.26479,11.71151],[106.26543,11.71131],[106.26513,11.70969],[106.27011,11.70872],[106.26965,11.70743],[106.2709,11.70434],[106.27052,11.70398],[106.27301,11.70248],[106.27377,11.70236],[106.27442,11.70076],[106.27699,11.70123],[106.28142,11.69738],[106.28735,11.69536],[106.28833,11.69608],[106.28927,11.69562],[106.29034,11.69299],[106.29139,11.69174],[106.29253,11.68958],[106.29358,11.68873],[106.29384,11.68813],[106.29642,11.68667],[106.29682,11.6867],[106.2985,11.68518],[106.29954,11.68466],[106.2987,11.68124],[106.29826,11.68068],[106.29777,11.68072],[106.2971,11.67954],[106.29739,11.67891],[106.29681,11.67652],[106.29683,11.67413],[106.29758,11.67388],[106.29738,11.67225],[106.29795,11.67202],[106.29879,11.66952],[106.29766,11.66743],[106.29804,11.66668],[106.298,11.6658],[106.29584,11.66448],[106.29178,11.65836],[106.29144,11.65667],[106.29222,11.65545],[106.29019,11.65384],[106.28943,11.65405],[106.28788,11.65332],[106.28698,11.65347],[106.28603,11.65266],[106.28542,11.65277],[106.28539,11.65178],[106.28452,11.65164],[106.28476,11.64856],[106.2839,11.64771],[106.28184,11.64741],[106.28171,11.64639],[106.28091,11.64704],[106.28051,11.64695],[106.28033,11.64642],[106.28063,11.64584],[106.27996,11.64597],[106.28026,11.6453],[106.27955,11.6455],[106.27893,11.6448],[106.27889,11.64378],[106.27932,11.64335],[106.27854,11.64323],[106.27775,11.64255],[106.27669,11.64307],[106.27643,11.64293],[106.27669,11.64234],[106.27605,11.64276],[106.27563,11.6419],[106.27441,11.64151],[106.27392999999999,11.64222],[106.27361,11.6415],[106.27298,11.64149],[106.27257,11.64202],[106.27113,11.64191],[106.27032,11.64268],[106.26907,11.64253],[106.26881,11.64196],[106.26765,11.6413],[106.26798,11.64077],[106.26755,11.6406],[106.26676,11.6409],[106.26673,11.64018],[106.26624,11.64028],[106.26594,11.6394],[106.26515,11.6393],[106.26536,11.63822],[106.26406,11.63815],[106.26382,11.63722],[106.2631,11.63728],[106.26197,11.63511],[106.26289,11.63507],[106.26232,11.63426],[106.26183,11.63441],[106.26155,11.63394],[106.26106,11.63429],[106.26069,11.63359],[106.26008,11.63369],[106.25942,11.63284],[106.25825,11.63212],[106.25668,11.63187],[106.25592,11.6309],[106.25585,11.63136],[106.2553,11.63161],[106.25554,11.63099],[106.25491,11.63094],[106.25457,11.63046],[106.25444,11.63113],[106.25397,11.63074],[106.25372,11.63093],[106.25261,11.63052],[106.25237,11.6306],[106.25254,11.63105],[106.25202,11.63115],[106.25147,11.63006],[106.25039,11.62958],[106.24992,11.62975],[106.24978,11.63018],[106.24915,11.63009],[106.24935,11.63043],[106.24908,11.63067],[106.24846,11.63045],[106.24832,11.63126],[106.24759,11.63093],[106.24664,11.63099],[106.24665,11.63157],[106.24438,11.63174],[106.24431,11.63128],[106.24367,11.63107],[106.24262,11.6314],[106.24248,11.63042],[106.24132,11.63044],[106.24119,11.631],[106.24061,11.6302],[106.23983,11.63087],[106.23987,11.63136],[106.2394,11.63112],[106.23911,11.63171],[106.23801,11.6317],[106.23809,11.63266],[106.23544,11.63155],[106.235,11.63194],[106.23448,11.63188],[106.234,11.63269],[106.23307,11.63306],[106.23284,11.63424],[106.23151,11.63444],[106.22978,11.63579],[106.22933,11.63532],[106.22955,11.63496],[106.22873,11.63512],[106.22888,11.63452],[106.2281,11.63438],[106.22813,11.63396],[106.22704,11.63335],[106.22686,11.63293],[106.22625,11.63279],[106.22637,11.63242],[106.22515,11.63134],[106.22517,11.6308],[106.22464,11.63103],[106.22445,11.63027],[106.22478,11.63012],[106.22474,11.62967],[106.22432,11.62962],[106.22365,11.63048],[106.22344,11.63012],[106.22298,11.63014],[106.22313,11.62973],[106.22287,11.62963],[106.22193,11.63141],[106.22226,11.63206],[106.22271,11.6317],[106.22356,11.6325],[106.22447,11.63198],[106.22477,11.63227],[106.22157,11.63473],[106.22158,11.63646],[106.2206,11.63804],[106.2224,11.63876],[106.22301,11.64052],[106.22461,11.64084],[106.22435,11.64128],[106.22454,11.64264],[106.22331,11.64385],[106.22294,11.64491],[106.22349,11.64501],[106.22349,11.64571],[106.22409,11.64608],[106.22293,11.64642],[106.22173,11.64747],[106.22114,11.64725],[106.22168,11.64695],[106.22164,11.64667],[106.2206,11.6466],[106.22068,11.64736],[106.22129,11.64778],[106.22113,11.64797],[106.21808,11.64786],[106.217,11.64883],[106.21772,11.64955],[106.21772,11.64999],[106.21626,11.65076],[106.2163,11.65154],[106.21681,11.65184],[106.21762,11.65338],[106.21859,11.6524],[106.219,11.65244],[106.21859,11.65372],[106.21896,11.65446],[106.21758,11.65436],[106.21736,11.6549],[106.2176,11.65699],[106.21864,11.65899],[106.21935,11.65869],[106.22061,11.6605],[106.2206,11.6609],[106.21925,11.66091],[106.21884,11.6616],[106.21804,11.66162],[106.21842,11.66351],[106.21734,11.66391],[106.21582,11.66344],[106.21554,11.66469],[106.21398,11.66583],[106.21434,11.66625],[106.21518,11.66646],[106.21461,11.6675],[106.21473,11.66891],[106.21328,11.66813],[106.21236,11.67041],[106.21152,11.67041],[106.21019,11.67134],[106.21128,11.67189],[106.21025,11.67309],[106.21144,11.67396],[106.21124,11.6747],[106.20977,11.67636],[106.21026,11.67725],[106.20938,11.67757],[106.20831,11.67751],[106.2075,11.67686],[106.2077,11.67776],[106.2063,11.67896],[106.2065,11.67955],[106.2063,11.68066],[106.20518,11.68092],[106.20433,11.682],[106.2041,11.68326],[106.20277,11.68306],[106.2025,11.68452],[106.20269,11.68543],[106.20206,11.68542],[106.20219,11.68644],[106.20161,11.68714],[106.20228,11.68806],[106.1995,11.69096],[106.2005,11.69178],[106.19986,11.6936],[106.19931,11.69404],[106.19886,11.6952],[106.19783,11.69561],[106.19801,11.69672],[106.19709,11.69691],[106.19735,11.6973],[106.19594,11.69828],[106.19068,11.69892],[106.1895,11.69837],[106.18721,11.69648],[106.18605,11.69738],[106.18564,11.69695],[106.18495,11.69733],[106.18445,11.69698],[106.18336,11.69819],[106.18159,11.69862],[106.18125,11.69865],[106.18092,11.69755],[106.17774,11.69753],[106.1714,11.69898],[106.17072,11.69666],[106.17038,11.69669],[106.1705,11.69703],[106.16844,11.69788],[106.16704,11.6981],[106.1669,11.69725],[106.1665,11.69712],[106.16245,11.69832],[106.16084,11.69616],[106.15934,11.69734],[106.15789,11.69795],[106.15733,11.69728],[106.15526,11.69794],[106.15496,11.69732],[106.15272,11.69741],[106.15273,11.69718],[106.15174,11.69703],[106.1518,11.69623],[106.15109,11.69615],[106.15086,11.69643],[106.15018,11.69642],[106.14948,11.69792],[106.14863,11.6975],[106.14813,11.69782],[106.14639,11.69795],[106.1454,11.69847],[106.14469,11.69715],[106.14349,11.6978],[106.1433,11.69821],[106.14107,11.6981],[106.14114,11.69766],[106.13998,11.69803],[106.13992,11.69759],[106.13923,11.69778],[106.13744,11.69738],[106.13723,11.699],[106.13499,11.69769],[106.13442,11.69808],[106.1336,11.69804],[106.1302,11.69764],[106.13,11.69718],[106.12951,11.69711],[106.12901,11.69784],[106.12774,11.69796],[106.12574,11.69792],[106.12559,11.69723],[106.12295,11.69846],[106.12206,11.69742],[106.12061,11.69903],[106.11929,11.69734],[106.11824,11.69873],[106.11787,11.69801],[106.11447,11.69882],[106.11422,11.69788],[106.11256,11.6985],[106.11154,11.73699],[106.11175,11.73806],[106.11098,11.73822],[106.11152,11.73977],[106.11239,11.74108],[106.11314,11.74086],[106.11326,11.74163],[106.11129,11.74232],[106.11184,11.74342],[106.11612,11.74254],[106.11847,11.74302],[106.12376,11.74524],[106.12757,11.74483],[106.13384,11.74482],[106.1387,11.74329],[106.14331,11.74127],[106.1524,11.73615],[106.15433,11.73572],[106.15622,11.73599],[106.15787,11.73688],[106.15934,11.73813],[106.16206,11.74253],[106.16404,11.74482],[106.16773,11.74755],[106.17084,11.74902],[106.17198,11.74906],[106.17298,11.74856],[106.17616,11.74626],[106.1789,11.74612],[106.18077,11.74764],[106.18158,11.7471],[106.18245,11.74704],[106.18368,11.74604],[106.18428,11.74719],[106.1838,11.74826],[106.1843,11.74955],[106.18451,11.74985],[106.18554,11.74972],[106.18574,11.75028],[106.18644,11.75011]]]]}},
{"type":"Feature","id":"25525","properties":{"Ward_Code":"25525","Ward_Code_Num":25525,"Ward":"Tân Hội","Ward_Alt":"Tân Hội","Ward_Upper":"TÂN HỘI","Ward_Full":"Xã Tân Hội","Ward_Full_Alt":"Xã Tân Hội","Ward_Full_Upper_Alt":"XÃ TÂN HỘI","Ward_Type":"Xã","Province_Code":"80","Province":"Tây Ninh","Province_Upper_Alt":"TÂY NINH"},"geometry":{"type":"MultiPolygon","coordinates":[[[[106.19709,11.69691],[106.19801,11.69672],[106.19783,11.69561],[106.19886,11.6952],[106.19931,11.69404],[106.19986,11.6936],[106.2005,11.69178],[106.19958,11.69117],[106.19954,11.69082],[106.20228,11.68806],[106.20161,11.68714],[106.20219,11.68644],[106.20206,11.68542],[106.20269,11.68543],[106.2025,11.68452],[106.20277,11.68306],[106.2041,11.68326],[106.20433,11.682],[106.20518,11.68092],[106.2063,11.68066],[106.2065,11.67979],[106.2063,11.67896],[106.2077,11.67776],[106.2075,11.67686],[106.20831,11.67751],[106.20938,11.67757],[106.21026,11.67725],[106.20977,11.67636],[106.21124,11.6747],[106.21144,11.67396],[106.21025,11.67309],[106.21128,11.67189],[106.21019,11.67134],[106.21152,11.67041],[106.21236,11.67041],[106.21328,11.66813],[106.21473,11.66891],[106.21461,11.6675],[106.21518,11.66646],[106.21434,11.66625],[106.21398,11.66583],[106.21554,11.66469],[106.21582,11.66344],[106.21734,11.66391],[106.21842,11.66351],[106.21804,11.66162],[106.21884,11.6616],[106.21925,11.66091],[106.2206,11.6609],[106.22061,11.6605],[106.21935,11.65869],[106.21864,11.65899],[106.2176,11.65699],[106.21736,11.6549],[106.21758,11.65436],[106.21896,11.65446],[106.21859,11.65372],[106.219,11.65244],[106.21859,11.6524],[106.21762,11.65338],[106.21681,11.65184],[106.2163,11.65154],[106.21626,11.65076],[106.21772,11.64999],[106.21772,11.64955],[106.217,11.64883],[106.21808,11.64786],[106.22113,11.64797],[106.22129,11.64778],[106.22068,11.64736],[106.2206,11.6466],[106.22164,11.64667],[106.22168,11.64695],[106.22114,11.64725],[106.22173,11.64747],[106.22293,11.64642],[106.22409,11.64608],[106.22349,11.64571],[106.22349,11.64501],[106.22294,11.64491],[106.22331,11.64385],[106.22454,11.64264],[106.22435,11.64128],[106.22461,11.64084],[106.22301,11.64052],[106.2224,11.63876],[106.22174,11.63829],[106.22064,11.63813],[106.2206,11.63786],[106.22158,11.63646],[106.22157,11.63473],[106.2242,11.63291],[106.22478,11.63214],[106.22428,11.63204],[106.22371,11.63252],[106.22271,11.6317],[106.22226,11.63206],[106.22193,11.63141],[106.22286,11.62944],[106.22125,11.62776],[106.22152,11.6267],[106.22062,11.62544],[106.21962,11.62531],[106.21982,11.62407],[106.22063,11.62363],[106.22028,11.62318],[106.22025,11.62192],[106.22103,11.62136],[106.22088,11.62106],[106.22008,11.62088],[106.22079,11.61957],[106.22054,11.61855],[106.21932,11.61854],[106.21948,11.62027],[106.21819,11.61973],[106.21822,11.61837],[106.21761,11.61711],[106.2177,11.61564],[106.2166,11.61452],[106.21595,11.61474],[106.21555,11.61419],[106.21578,11.61268],[106.21982,11.6115],[106.21998,11.61093],[106.22055,11.61066],[106.21977,11.60981],[106.22046,11.60923],[106.22021,11.60752],[106.21974,11.60775],[106.21868,11.60753],[106.21857,11.6071],[106.21793,11.60726],[106.21819,11.60654],[106.21868,11.60639],[106.21764,11.60582],[106.21766,11.60534],[106.21837,11.6046],[106.21832,11.60403],[106.2171,11.60492],[106.2174,11.6041],[106.21848,11.60327],[106.21632,11.60147],[106.21547,11.60133],[106.21509,11.59979],[106.214,11.59834],[106.21337,11.59914],[106.21295,11.60057],[106.21214,11.60014],[106.2122,11.60149],[106.21119,11.60211],[106.2109,11.60272],[106.21012,11.60266],[106.20848,11.60186],[106.20757,11.60184],[106.20426,11.60326],[106.20353,11.60456],[106.20382,11.60562],[106.20223,11.60606],[106.20262,11.60341],[106.20204,11.60308],[106.20084,11.60306],[106.2006,11.6026],[106.20074,11.60174],[106.2016,11.60054],[106.20138,11.59934],[106.20248,11.5986],[106.20273,11.59793],[106.20245,11.59746],[106.20157,11.5972],[106.20066,11.59554],[106.2008,11.59136],[106.20031,11.58793],[106.19824,11.58233],[106.19838,11.57809],[106.19752,11.57609],[106.19633,11.57473],[106.19583,11.57312],[106.19638,11.56814],[106.19596,11.56582],[106.19527,11.56424],[106.18761,11.56375],[106.18729,11.56527],[106.18521,11.56453],[106.18232,11.56506],[106.18273,11.5659],[106.18236,11.56629],[106.18252,11.56786],[106.17941,11.56874],[106.17862,11.56707],[106.1774,11.56742],[106.17732,11.56782],[106.17524,11.56822],[106.17502,11.56782],[106.17312,11.56896],[106.17273,11.56859],[106.17138,11.56949],[106.17046,11.56761],[106.16948,11.56762],[106.16968,11.56866],[106.16762,11.56954],[106.16598,11.56978],[106.16584,11.56954],[106.16137,11.57104],[106.16162,11.57181],[106.15876,11.5735],[106.15787,11.57468],[106.15666,11.57388],[106.14952,11.57347],[106.14907,11.57647],[106.14845,11.57646],[106.14731,11.57742],[106.14694,11.57727],[106.14689,11.57806],[106.14468,11.57765],[106.14175,11.57934],[106.14056,11.58127],[106.13902,11.58159],[106.13759,11.58421],[106.13633,11.58496],[106.13629,11.58448],[106.1355,11.58476],[106.13456,11.58449],[106.13288,11.58305],[106.13218,11.58446],[106.13114,11.58454],[106.13002,11.58687],[106.12894,11.58785],[106.12819,11.58789],[106.12737,11.58843],[106.12716,11.58991],[106.12626,11.59063],[106.1265,11.59194],[106.12584,11.59317],[106.11437,11.59326],[106.11449,11.61838],[106.11256,11.6985],[106.11422,11.69788],[106.11447,11.69882],[106.11787,11.69801],[106.11824,11.69873],[106.11929,11.69734],[106.12061,11.69903],[106.12206,11.69742],[106.12295,11.69846],[106.12559,11.69723],[106.12574,11.69792],[106.12774,11.69796],[106.12901,11.69784],[106.12951,11.69711],[106.13,11.69718],[106.1302,11.69764],[106.1336,11.69804],[106.13442,11.69808],[106.13499,11.69769],[106.13723,11.699],[106.13744,11.69738],[106.13923,11.69778],[106.13992,11.69759],[106.13998,11.69803],[106.14114,11.69766],[106.14107,11.6981],[106.1433,11.69821],[106.14349,11.6978],[106.14469,11.69715],[106.1454,11.69847],[106.14639,11.69795],[106.14813,11.69782],[106.14863,11.6975],[106.14948,11.69792],[106.15018,11.69642],[106.15086,11.69643],[106.15109,11.69615],[106.1518,11.69623],[106.15174,11.69703],[106.15273,11.69718],[106.15272,11.69741],[106.15496,11.69732],[106.15526,11.69794],[106.15733,11.69728],[106.15789,11.69795],[106.15934,11.69734],[106.16084,11.69616],[106.16245,11.69832],[106.1665,11.69712],[106.1669,11.69725],[106.16704,11.6981],[106.16844,11.69788],[106.1705,11.69703],[106.17038,11.69669],[106.17072,11.69666],[106.1714,11.69898],[106.17774,11.69753],[106.18092,11.69755],[106.18125,11.69865],[106.18159,11.69862],[106.18336,11.69819],[106.18445,11.69698],[106.18495,11.69733],[106.18564,11.69695],[106.18605,11.69738],[106.18721,11.69648],[106.1895,11.69837],[106.19068,11.69892],[106.1917,11.69892],[106.19594,11.69828],[106.19735,11.6973],[106.19709,11.69691]]]]}},
{"type":"Feature","id":"25531","properties":{"Ward_Code":"25531","Ward_Code_Num":25531,"Ward":"Tân Hoà","Ward_Alt":"Tân Hòa","Ward_Upper":"TÂN HOÀ","Ward_Full":"Xã Tân Hoà","Ward_Full_Alt":"Xã Tân Hòa","Ward_Full_Upper_Alt":"XÃ TÂN HÒA","Ward_Type":"Xã","Province_Code":"80","Province":"Tây Ninh","Province_Upper_Alt":"TÂY NINH"},"geometry":{"type":"MultiPolygon","coordinates":[[[[106.37378,11.45663],[106.37342,11.45987],[106.37151,11.46652],[106.36958,11.46892],[106.36654,11.47101],[106.36269,11.47254],[106.36142,11.4741],[106.36087,11.4759],[106.36096,11.47709],[106.35879,11.48011],[106.34625,11.48904],[106.34248,11.49196],[106.33715,11.49684],[106.33414,11.49898],[106.33025,11.50306],[106.32638,11.50851],[106.32004,11.5156],[106.3194,11.51696],[106.31842,11.52278],[106.31725,11.52673],[106.3177,11.53115],[106.31642,11.53188],[106.31486,11.53362],[106.31068,11.53559],[106.30966,11.53727],[106.30765,11.53866],[106.3052,11.53955],[106.30452,11.54048],[106.30451,11.54126],[106.30315,11.54159],[106.30257,11.54256],[106.30216,11.5427],[106.30223,11.54331],[106.30181,11.54405],[106.30118,11.54456],[106.3001,11.54493],[106.29966,11.54464],[106.29896,11.5453],[106.29851,11.54499],[106.29768,11.54653],[106.29717,11.54652],[106.29658,11.54701],[106.29643,11.54762],[106.29568,11.54763],[106.29395,11.54918],[106.29346,11.54919],[106.29324,11.54987],[106.29227,11.54992],[106.29121,11.55081],[106.28822,11.55177],[106.28686,11.55339],[106.28511,11.55383],[106.28504,11.55421],[106.28281,11.55573],[106.28215,11.55651],[106.28207,11.5571],[106.28108,11.55761],[106.28103,11.55836],[106.27859,11.55953],[106.27739,11.5589],[106.27557,11.55912],[106.27344,11.56016],[106.27171,11.56028],[106.27066,11.56094],[106.26875,11.56478],[106.26769,11.56421],[106.26488,11.56429],[106.26326,11.56399],[106.26365,11.57293],[106.26476,11.57623],[106.26367,11.58315],[106.26391,11.60245],[106.26242,11.60843],[106.26198,11.61264],[106.26235,11.63008],[106.26071,11.63048],[106.25902,11.63269],[106.26008,11.63369],[106.26069,11.63359],[106.26106,11.63429],[106.26155,11.63394],[106.26183,11.63441],[106.26232,11.63426],[106.26289,11.63507],[106.26197,11.63511],[106.2631,11.63728],[106.26382,11.63722],[106.26406,11.63815],[106.26536,11.63822],[106.26515,11.6393],[106.26594,11.6394],[106.26624,11.64028],[106.26673,11.64018],[106.26676,11.6409],[106.26755,11.6406],[106.26798,11.64077],[106.26765,11.6413],[106.26881,11.64196],[106.26907,11.64253],[106.27032,11.64268],[106.27113,11.64191],[106.27257,11.64202],[106.27298,11.64149],[106.27361,11.6415],[106.27392999999999,11.64222],[106.27441,11.64151],[106.27563,11.6419],[106.27605,11.64276],[106.27669,11.64234],[106.27643,11.64293],[106.27669,11.64307],[106.27775,11.64255],[106.27854,11.64323],[106.27932,11.64335],[106.27889,11.64378],[106.27893,11.6448],[106.27955,11.6455],[106.28026,11.6453],[106.27996,11.64597],[106.28063,11.64584],[106.28033,11.64642],[106.28051,11.64695],[106.28091,11.64704],[106.28171,11.64639],[106.28184,11.64741],[106.2839,11.64771],[106.28476,11.64856],[106.28452,11.65164],[106.28539,11.65178],[106.28542,11.65277],[106.28603,11.65266],[106.28698,11.65347],[106.28788,11.65332],[106.28943,11.65405],[106.29019,11.65384],[106.29222,11.65545],[106.29144,11.65667],[106.29178,11.65836],[106.29584,11.66448],[106.298,11.6658],[106.29804,11.66668],[106.29766,11.66743],[106.29879,11.66952],[106.29795,11.67202],[106.29738,11.67225],[106.29768,11.67363],[106.29741,11.67408],[106.29686,11.67404],[106.29678,11.6757],[106.29739,11.67891],[106.2971,11.67954],[106.29777,11.68072],[106.29826,11.68068],[106.29849,11.68122],[106.2987,11.68124],[106.29851,11.68046],[106.29898,11.68084],[106.30001,11.68066],[106.29982,11.6802],[106.30233,11.67922],[106.30295,11.67918],[106.30324,11.68048],[106.30542,11.67995],[106.30629,11.68011],[106.30755,11.67957],[106.30776,11.67987],[106.30986,11.68017],[106.31113,11.67962],[106.31194,11.67883],[106.31467,11.67925],[106.3164,11.67855],[106.31789,11.67909],[106.31914,11.68088],[106.32106,11.68139],[106.32427,11.68318],[106.32511,11.68432],[106.326,11.68434],[106.32689,11.68479],[106.32981,11.68395],[106.33172,11.6829],[106.33338,11.68318],[106.33382,11.68509],[106.33518,11.68167],[106.33594,11.68085],[106.33859,11.68077],[106.34046,11.68159],[106.34406,11.68393],[106.3484,11.68476],[106.35019,11.68629],[106.35294,11.68974],[106.35408,11.69067],[106.35627,11.69151],[106.35881,11.692],[106.36754,11.69609],[106.36943,11.69657],[106.37047,11.69655],[106.37352,11.69554],[106.37737,11.69595],[106.38014,11.69518],[106.3856,11.69515],[106.39137,11.69263],[106.39737,11.69224],[106.39878,11.69173],[106.40371,11.6868],[106.40507,11.68603],[106.40717,11.6857],[106.40856,11.68513],[106.40957,11.68437],[106.41074,11.68292],[106.4116,11.68081],[106.41257,11.6795],[106.41477,11.67738],[106.42227,11.67667],[106.42565,11.67773],[106.42631,11.67767],[106.42815,11.67633],[106.4288,11.67453],[106.43024,11.67312],[106.43279,11.67148],[106.43428,11.67089],[106.4382,11.67003],[106.44004,11.67005],[106.44568,11.67117],[106.44811,11.67125],[106.4512,11.67086],[106.45036,11.67027],[106.45038,11.66992],[106.45191,11.66825],[106.45173,11.66671],[106.44953,11.66518],[106.44928,11.66449],[106.45203,11.66303],[106.45107,11.66141],[106.45094,11.66042],[106.45242,11.65996],[106.45305,11.65913],[106.45427,11.65882],[106.45527,11.65804],[106.4554,11.65757],[106.45496,11.65705],[106.45427,11.65462],[106.45315,11.65414],[106.45308,11.65377],[106.45547,11.65243],[106.45778,11.65193],[106.45934,11.65064],[106.45996,11.64951],[106.46,11.6487],[106.45844,11.64568],[106.45852,11.64485],[106.4612,11.64204],[106.46463,11.63938],[106.46379,11.63678],[106.4618,11.63383],[106.46238,11.63338],[106.46508,11.63346],[106.46591,11.63299],[106.46604,11.63168],[106.46509,11.62949],[106.46639,11.62688],[106.46599,11.62589],[106.4636,11.62415],[106.46338,11.62362],[106.46433,11.62246],[106.46601,11.62274],[106.46647,11.62144],[106.46641,11.61975],[106.46871,11.61886],[106.4696,11.61518],[106.46893,11.61448],[106.46895,11.61391],[106.47256,11.6138],[106.47501,11.61268],[106.47673,11.61365],[106.47696,11.61321],[106.47569,11.6118],[106.47577,11.61058],[106.47652,11.61022],[106.47775,11.61078],[106.47905,11.61069],[106.48146,11.60999],[106.48183,11.60617],[106.48431,11.60532],[106.48648,11.60372],[106.4865,11.60305],[106.48573,11.60213],[106.48378,11.59756],[106.48255,11.59736],[106.4825,11.59635],[106.483,11.59434],[106.4845,11.59305],[106.48592,11.59065],[106.48663,11.58832],[106.48675,11.58459],[106.48938,11.58322],[106.48911,11.58161],[106.49047,11.57975],[106.48984,11.57888],[106.48882,11.57858],[106.48756,11.57958],[106.48682,11.57957],[106.48624,11.57916],[106.48585,11.57824],[106.48615,11.57742],[106.48851,11.57593],[106.48901,11.5745],[106.49014,11.57306],[106.49036,11.57035],[106.48932,11.56901],[106.48807,11.56832],[106.48784,11.56554],[106.48575,11.56469],[106.48577,11.56172],[106.48237,11.56012],[106.48266,11.55908],[106.48429,11.55802],[106.48371,11.55707],[106.48248,11.55734],[106.48186,11.55709],[106.48233,11.55476],[106.48157,11.55462],[106.48108,11.55583],[106.4804,11.55586],[106.4805,11.55093],[106.48002,11.5488],[106.48072,11.54748],[106.48058,11.54691],[106.4796,11.5468],[106.47763,11.54763],[106.47575,11.54887],[106.47458,11.54896],[106.47232,11.54806],[106.47225,11.54728],[106.47289,11.54608],[106.4728,11.54571],[106.47206,11.54592],[106.47099,11.54743],[106.46994,11.54709],[106.4694,11.54654],[106.46911,11.54464],[106.46794,11.54543],[106.46756,11.545349999999999],[106.46703,11.54336],[106.46572,11.54211],[106.46483,11.54226],[106.46245,11.54478],[106.46167,11.54519],[106.45545,11.54257],[106.45359,11.54235],[106.4509,11.54423],[106.44871,11.54428],[106.44769,11.54581],[106.44502,11.54633],[106.44452,11.54688],[106.44395,11.547],[106.44228,11.54652],[106.44031,11.54398],[106.43947,11.54348],[106.4388,11.54354],[106.43871,11.54472],[106.43813,11.54476],[106.43687,11.54316],[106.43721,11.54111],[106.43694,11.54007],[106.43386,11.53976],[106.4334,11.53921],[106.43389,11.53801],[106.43356,11.53719],[106.43298,11.5371],[106.43135,11.53777],[106.43093,11.53717],[106.43081,11.53562],[106.42835,11.53553],[106.42744,11.53434],[106.42701,11.53297],[106.42705,11.53182],[106.42899,11.52494],[106.42817,11.51944],[106.42886,11.51515],[106.42977,11.51353],[106.42857,11.51175],[106.42863,11.51012],[106.42724,11.51027],[106.4264,11.50987],[106.42357,11.50724],[106.42354,11.50676],[106.42451,11.50486],[106.42404,11.50444],[106.42353,11.50486],[106.42314,11.50459],[106.4217,11.49784],[106.42316,11.49564],[106.42072,11.49143],[106.41593,11.48494],[106.40872,11.47297],[106.40414,11.46892],[106.38456,11.46009],[106.37438,11.45326],[106.37409,11.45201],[106.37378,11.45663]]]]}},
{"type":"Feature","id":"25534","properties":{"Ward_Code":"25534","Ward_Code_Num":25534,"Ward":"Tân Thành","Ward_Alt":"Tân Thành","Ward_Upper":"TÂN THÀNH","Ward_Full":"Xã Tân Thành","Ward_Full_Alt":"Xã Tân Thành","Ward_Full_Upper_Alt":"XÃ TÂN THÀNH","Ward_Type":"Xã","Province_Code":"80","Province":"Tây Ninh","Province_Upper_Alt":"TÂY NINH"},"geometry":{"type":"MultiPolygon","coordinates":[[[[106.22762,11.46669],[106.21666,11.4731],[106.21233,11.47632],[106.20756,11.48187],[106.20152,11.49283],[106.19796,11.49631],[106.19436,11.49899],[106.1913,11.5024],[106.18494,11.51443],[106.18733,11.51957],[106.19033,11.52312],[106.19193,11.53074],[106.18923,11.53222],[106.18854,11.53315],[106.18783,11.53661],[106.18739,11.53672],[106.18677,11.53546],[106.18551,11.53564],[106.18336,11.53739],[106.18305,11.53841],[106.18452,11.53903],[106.18691,11.53932],[106.18914,11.53913],[106.19045,11.53949],[106.19337,11.54138],[106.19449,11.54409],[106.19489,11.54689],[106.19467,11.54761],[106.19404,11.54845],[106.19305,11.54887],[106.1923,11.54967],[106.19346,11.55282],[106.19336,11.55877],[106.19359,11.56039],[106.19629,11.56706],[106.19583,11.57312],[106.19633,11.57473],[106.19816,11.57722],[106.19843,11.57876],[106.19824,11.58233],[106.20031,11.58793],[106.2008,11.59136],[106.20066,11.59554],[106.20157,11.5972],[106.20245,11.59746],[106.20273,11.59793],[106.20248,11.5986],[106.20138,11.59934],[106.2016,11.60054],[106.20074,11.60174],[106.20061,11.60295],[106.20262,11.60341],[106.20269,11.60415],[106.20217,11.60574],[106.20223,11.60606],[106.20273,11.6061],[106.20382,11.60562],[106.2035,11.60486],[106.20378,11.6039],[106.20494,11.60291],[106.20575,11.60282],[106.20795,11.60176],[106.2109,11.60272],[106.21119,11.60211],[106.2122,11.60149],[106.21214,11.60014],[106.21295,11.60057],[106.21375,11.59848],[106.21425,11.5984],[106.2144,11.59918],[106.21515,11.59992],[106.21547,11.60133],[106.21632,11.60147],[106.2185,11.60331],[106.2174,11.6041],[106.21707,11.60476],[106.2173,11.60497],[106.21804,11.604],[106.21832,11.60403],[106.21837,11.6046],[106.21766,11.60534],[106.21764,11.60582],[106.21868,11.60639],[106.21819,11.60654],[106.21793,11.60726],[106.21857,11.6071],[106.21868,11.60753],[106.21974,11.60775],[106.22011,11.60745],[106.22047,11.60814],[106.22044,11.60932],[106.21977,11.60981],[106.22057,11.61058],[106.21998,11.61093],[106.21982,11.6115],[106.21588,11.61262],[106.21545,11.61356],[106.21583,11.6147],[106.21649,11.61445],[106.2177,11.61564],[106.21761,11.61711],[106.21822,11.61837],[106.21819,11.61973],[106.21948,11.62027],[106.21932,11.61854],[106.22026,11.61836],[106.22064,11.61876],[106.22079,11.61957],[106.22008,11.62088],[106.22088,11.62106],[106.22101,11.6215],[106.22025,11.62192],[106.22028,11.62318],[106.22063,11.62363],[106.21982,11.62407],[106.21962,11.62531],[106.22051,11.62536],[106.22146,11.62656],[106.22125,11.62776],[106.22313,11.62973],[106.22298,11.63014],[106.22344,11.63012],[106.22365,11.63048],[106.22432,11.62962],[106.22474,11.62967],[106.22478,11.63012],[106.22445,11.63027],[106.22464,11.63103],[106.22517,11.6308],[106.22515,11.63134],[106.22637,11.63242],[106.22625,11.63279],[106.22686,11.63293],[106.22704,11.63335],[106.22813,11.63396],[106.2281,11.63438],[106.22888,11.63452],[106.22873,11.63512],[106.22955,11.63496],[106.22933,11.63532],[106.22983,11.63579],[106.23151,11.63444],[106.23284,11.63424],[106.23307,11.63306],[106.234,11.63269],[106.23448,11.63188],[106.235,11.63194],[106.23544,11.63155],[106.23809,11.63266],[106.23801,11.6317],[106.23911,11.63171],[106.2394,11.63112],[106.23987,11.63136],[106.23983,11.63087],[106.24061,11.6302],[106.24119,11.631],[106.24132,11.63044],[106.24248,11.63042],[106.24262,11.6314],[106.24367,11.63107],[106.24431,11.63128],[106.24438,11.63174],[106.24665,11.63157],[106.24664,11.63099],[106.24759,11.63093],[106.24832,11.63126],[106.24846,11.63045],[106.24908,11.63067],[106.24935,11.63043],[106.24915,11.63009],[106.24978,11.63018],[106.24992,11.62975],[106.25075,11.62962],[106.25147,11.63006],[106.25202,11.63115],[106.25254,11.63105],[106.25237,11.6306],[106.25261,11.63052],[106.25372,11.63093],[106.25397,11.63074],[106.25444,11.63113],[106.25457,11.63046],[106.25491,11.63094],[106.25554,11.63099],[106.2553,11.63161],[106.25585,11.63136],[106.25592,11.6309],[106.25668,11.63187],[106.25806,11.63202],[106.25902,11.63269],[106.26071,11.63048],[106.26235,11.63008],[106.26198,11.61264],[106.26242,11.60843],[106.26391,11.60245],[106.26367,11.58315],[106.26476,11.57623],[106.26365,11.57293],[106.26326,11.56399],[106.26488,11.56429],[106.26769,11.56421],[106.26875,11.56478],[106.27066,11.56094],[106.27171,11.56028],[106.27344,11.56016],[106.27557,11.55912],[106.27739,11.5589],[106.27859,11.55953],[106.28103,11.55836],[106.28108,11.55761],[106.28207,11.5571],[106.28215,11.55651],[106.28281,11.55573],[106.28504,11.55421],[106.28511,11.55383],[106.28686,11.55339],[106.28822,11.55177],[106.29121,11.55081],[106.29227,11.54992],[106.29324,11.54987],[106.29346,11.54919],[106.29395,11.54918],[106.29568,11.54763],[106.29643,11.54762],[106.29658,11.54701],[106.29717,11.54652],[106.29768,11.54653],[106.29851,11.54499],[106.29896,11.5453],[106.2996,11.54466],[106.3001,11.54493],[106.30118,11.54456],[106.30181,11.54405],[106.30223,11.54331],[106.30216,11.5427],[106.30257,11.54256],[106.30315,11.54159],[106.30451,11.54126],[106.30452,11.54048],[106.3052,11.53955],[106.30765,11.53866],[106.30966,11.53727],[106.31068,11.53559],[106.31486,11.53362],[106.31642,11.53188],[106.3177,11.53115],[106.31725,11.52673],[106.31842,11.52278],[106.3194,11.51696],[106.32004,11.5156],[106.32638,11.50851],[106.33025,11.50306],[106.33414,11.49898],[106.33715,11.49684],[106.34248,11.49196],[106.34625,11.48904],[106.35879,11.48011],[106.36096,11.47709],[106.36087,11.4759],[106.36142,11.4741],[106.36269,11.47254],[106.36654,11.47101],[106.36958,11.46892],[106.37151,11.46652],[106.37342,11.45987],[106.37409,11.45201],[106.36802,11.44738],[106.36584,11.43879],[106.36289,11.4235],[106.34832,11.42084],[106.31759,11.42071],[106.30646,11.42021],[106.30222,11.41775],[106.29942,11.41734],[106.29368,11.41872],[106.2785,11.42355],[106.2734,11.42598],[106.24797,11.45201],[106.229,11.46606],[106.22762,11.46669]]]]}},
{"type":"Feature","id":"25549","properties":{"Ward_Code":"25549","Ward_Code_Num":25549,"Ward":"Tân Phú","Ward_Alt":"Tân Phú","Ward_Upper":"TÂN PHÚ","Ward_Full":"Xã Tân Phú","Ward_Full_Alt":"Xã Tân Phú","Ward_Full_Upper_Alt":"XÃ TÂN PHÚ","Ward_Type":"Xã","Province_Code":"80","Province":"Tây Ninh","Province_Upper_Alt":"TÂY NINH"},"geometry":{"type":"MultiPolygon","coordinates":[[[[106.11293,11.51993],[106.16147,11.51865],[106.15949,11.52716],[106.16528,11.5272],[106.16559,11.52586],[106.16841,11.52577],[106.17019,11.52621],[106.17266,11.52813],[106.17389,11.52813],[106.17672,11.5269],[106.17796,11.526],[106.18056,11.52531],[106.1837,11.52328],[106.18726,11.51943],[106.18508,11.51488],[106.18501,11.51403],[106.19194,11.50144],[106.19436,11.49899],[106.19796,11.49631],[106.20152,11.49283],[106.20696,11.4828],[106.21088,11.47776],[106.21371,11.47519],[106.21887,11.47174],[106.21732,11.46735],[106.21978,11.46472],[106.21693,11.4647],[106.2172,11.46362],[106.21698,11.46211],[106.21608,11.45956],[106.21628,11.4545],[106.21435,11.45424],[106.21396,11.45306],[106.21279,11.45179],[106.21207,11.45199],[106.2105,11.45083],[106.21056,11.44922],[106.20901,11.4441],[106.208,11.4431],[106.20618,11.44219],[106.20549,11.44002],[106.20471,11.43931],[106.20533,11.43822],[106.20523,11.43689],[106.20561,11.4362],[106.20632,11.43595],[106.20669,11.43486],[106.20428,11.43363],[106.20494,11.43204],[106.20604,11.43164],[106.20526,11.43104],[106.20568,11.42997],[106.2035,11.42845],[106.2007,11.42812],[106.19932,11.42873],[106.19938,11.42929],[106.19905,11.42943],[106.19533,11.42966],[106.1942,11.42624],[106.19402,11.42473],[106.19342,11.42363],[106.19216,11.42313],[106.19135,11.41981],[106.19064,11.41973],[106.19082,11.41852],[106.19004,11.41745],[106.19167,11.41676],[106.19193,11.41461],[106.18919,11.41316],[106.18897,11.41204],[106.18687,11.4119],[106.18704,11.41089],[106.18752,11.41082],[106.18788,11.4096],[106.18646,11.40861],[106.18618,11.40756],[106.18636,11.40711],[106.18569,11.40608],[106.18365,11.40712],[106.1814,11.40756],[106.18153,11.40939],[106.18189,11.40978],[106.18168,11.41126],[106.18064,11.41377],[106.17971,11.41935],[106.17904,11.42116],[106.17766,11.42089],[106.17683,11.4213],[106.17668,11.42274],[106.17643,11.42338],[106.17561,11.42404],[106.17502,11.42624],[106.17301,11.42744],[106.17191,11.42762],[106.17182,11.42895],[106.17079,11.42945],[106.1696,11.42901],[106.16773,11.42929],[106.16579,11.43012],[106.16507,11.43149],[106.1639,11.43178],[106.16298,11.43681],[106.16094,11.43722],[106.16029,11.43874],[106.15936,11.43877],[106.1589,11.43825],[106.15745,11.43789],[106.15677,11.43713],[106.15413,11.43691],[106.15285,11.43626],[106.15224,11.4365],[106.15172,11.43551],[106.15032,11.4351],[106.15003,11.43436],[106.14801,11.43338],[106.14746,11.4326],[106.14689,11.43291],[106.14635,11.43216],[106.14594,11.4321],[106.14574,11.43134],[106.14514,11.43116],[106.1441,11.42961],[106.14333,11.42998],[106.14314,11.42941],[106.14123,11.42839],[106.1412,11.42782],[106.14037,11.42786],[106.1389,11.42655],[106.13774,11.42648],[106.13593,11.42565],[106.13359,11.42571],[106.13142,11.42681],[106.13066,11.42652],[106.1309,11.42713],[106.12994,11.4274],[106.12974,11.42878],[106.12781,11.42844],[106.12662,11.42885],[106.12669,11.42927],[106.1257,11.4296],[106.12544,11.43017],[106.12391,11.43091],[106.1241,11.4316],[106.12377,11.43206],[106.12184,11.43194],[106.12125,11.43236],[106.12076,11.43217],[106.11913,11.43326],[106.11766,11.43336],[106.11739,11.43404],[106.11675,11.4337],[106.11609,11.4338],[106.11539,11.43506],[106.11546,11.43555],[106.11422,11.4356],[106.11412,11.43683],[106.11354,11.43686],[106.11324,11.43812],[106.11533,11.43811],[106.1169,11.43941],[106.11731,11.44012],[106.11709,11.44062],[106.11753,11.44117],[106.11836,11.44139],[106.11876,11.44285],[106.11961,11.44288],[106.11926,11.44402],[106.11976,11.44428],[106.1198,11.44491],[106.12072,11.44574],[106.12027,11.44775],[106.1206,11.44965],[106.12052,11.4515],[106.12025,11.45163],[106.1209,11.45367],[106.12074,11.45535],[106.12024,11.45598],[106.12084,11.45647],[106.12048,11.45716],[106.12086,11.45812],[106.12135,11.45845],[106.12132,11.45922],[106.12203,11.46053],[106.122,11.46139],[106.12135,11.46258],[106.12152,11.46495],[106.12282,11.47164],[106.12252,11.47318],[106.12249,11.47732],[106.1228,11.47875],[106.12066,11.47896],[106.11996,11.47944],[106.11956,11.47896],[106.11867,11.47984],[106.11853,11.48088],[106.11809,11.48152],[106.11443,11.483459999999999],[106.113,11.48369],[106.11241,11.50827],[106.11293,11.51993]]]]}},
{"type":"Feature","id":"25552","properties":{"Ward_Code":"25552","Ward_Code_Num":25552,"Ward":"Dương Minh Châu","Ward_Alt":"Dương Minh Châu","Ward_Upper":"DƯƠNG MINH CHÂU","Ward_Full":"Xã Dương Minh Châu","Ward_Full_Alt":"Xã Dương Minh Châu","Ward_Full_Upper_Alt":"XÃ DƯƠNG MINH CHÂU","Ward_Type":"Xã","Province_Code":"80","Province":"Tây Ninh","Province_Upper_Alt":"TÂY NINH"},"geometry":{"type":"MultiPolygon","coordinates":[[[[106.21784,11.46692],[106.21732,11.46735],[106.21887,11.47174],[106.22512,11.46799],[106.229,11.46606],[106.24797,11.45201],[106.2734,11.42598],[106.2785,11.42355],[106.29368,11.41872],[106.29942,11.41734],[106.30222,11.41775],[106.30646,11.42021],[106.31759,11.42071],[106.34832,11.42084],[106.3391,11.37928],[106.32974,11.36328],[106.32877,11.36238],[106.32566,11.36172],[106.29036,11.35496],[106.26543,11.36857],[106.25828,11.36747],[106.25747,11.36765],[106.2565,11.36864],[106.25449,11.37292],[106.24585,11.36973],[106.23677,11.36503],[106.23045,11.33622],[106.21603,11.3183],[106.2078,11.32216],[106.20739,11.3222],[106.20699,11.32165],[106.20518,11.32316],[106.20214,11.32454],[106.20126,11.32627],[106.20153,11.3271],[106.20203,11.32712],[106.20213,11.32816],[106.20075,11.32822],[106.19978,11.32783],[106.19859,11.32822],[106.19702,11.32829],[106.19698,11.32806],[106.19624,11.32833],[106.19565,11.32608],[106.19314,11.32686],[106.19299,11.32635],[106.19096,11.32592],[106.1891,11.32473],[106.18836,11.32561],[106.18852,11.32612],[106.1877,11.32655],[106.18787,11.32693],[106.18479,11.32816],[106.18509,11.32891],[106.18208,11.33107],[106.18315,11.33255],[106.18166,11.33367],[106.18213,11.33499],[106.18008,11.3358],[106.17816,11.33568],[106.17775,11.33877],[106.1782,11.33964],[106.17843,11.34279],[106.17792,11.34275],[106.17597,11.34493],[106.17914,11.34933],[106.17947,11.35098],[106.1764,11.35238],[106.17633,11.35323],[106.17696,11.35476],[106.17893,11.35468],[106.17895,11.35535],[106.17937,11.35569],[106.17921,11.35881],[106.17833,11.36155],[106.17774,11.36244],[106.17881,11.36521],[106.18247,11.36527],[106.18503,11.36747],[106.18742,11.37249],[106.18651,11.37339],[106.18652,11.37387],[106.18684,11.37399],[106.18644,11.37517],[106.18678,11.37595],[106.18801,11.37681],[106.18828,11.37915],[106.18883,11.37919],[106.18896,11.38281],[106.19062,11.3864],[106.19158,11.38696],[106.18853,11.38886],[106.1861,11.38668],[106.18549,11.38736],[106.18525,11.3897],[106.18655,11.38957],[106.1849,11.39176],[106.18458,11.39166],[106.18313,11.39268],[106.1828,11.3937],[106.18157,11.39466],[106.18101,11.39537],[106.18098,11.39593],[106.17897,11.39683],[106.17989,11.39822],[106.18226,11.39893],[106.18048,11.40244],[106.1808,11.40604],[106.1814,11.40756],[106.18365,11.40712],[106.18569,11.40608],[106.18636,11.40711],[106.18618,11.40756],[106.18646,11.40861],[106.18788,11.4096],[106.18752,11.41082],[106.18704,11.41089],[106.18687,11.4119],[106.18897,11.41204],[106.18919,11.41316],[106.19193,11.41461],[106.19167,11.41676],[106.19004,11.41745],[106.19082,11.41852],[106.19064,11.41973],[106.19135,11.41981],[106.19216,11.42313],[106.19342,11.42363],[106.19402,11.42473],[106.1942,11.42624],[106.19533,11.42966],[106.19905,11.42943],[106.19938,11.42929],[106.19932,11.42873],[106.2007,11.42812],[106.2035,11.42845],[106.20568,11.42997],[106.20526,11.43104],[106.20604,11.43164],[106.20494,11.43204],[106.20428,11.43363],[106.20669,11.43486],[106.20632,11.43595],[106.20561,11.4362],[106.20523,11.43689],[106.20533,11.43822],[106.20471,11.43931],[106.20549,11.44002],[106.20618,11.44219],[106.208,11.4431],[106.20901,11.4441],[106.21056,11.44922],[106.2105,11.45083],[106.21207,11.45199],[106.21279,11.45179],[106.21396,11.45306],[106.21435,11.45424],[106.21628,11.4545],[106.21608,11.45956],[106.21698,11.46211],[106.2172,11.46362],[106.21693,11.4647],[106.21978,11.46472],[106.21784,11.46692]]]]}},
{"type":"Feature","id":"25567","properties":{"Ward_Code":"25567","Ward_Code_Num":25567,"Ward":"Ninh Thạnh","Ward_Alt":"Ninh Thạnh","Ward_Upper":"NINH THẠNH","Ward_Full":"Phường Ninh Thạnh","Ward_Full_Alt":"Phường Ninh Thạnh","Ward_Full_Upper_Alt":"PHƯỜNG NINH THẠNH","Ward_Type":"Phường","Province_Code":"80","Province":"Tây Ninh","Province_Upper_Alt":"TÂY NINH"},"geometry":{"type":"MultiPolygon","coordinates":[[[[106.1267,11.32079],[106.12465,11.32117],[106.12398,11.32234],[106.12363,11.32388],[106.12316,11.32422],[106.12417,11.32496],[106.1236,11.32967],[106.12409,11.33005],[106.12552,11.32956],[106.12596,11.33083],[106.13176,11.33123],[106.12963,11.34007],[106.12964,11.3427],[106.12859,11.34293],[106.12808,11.34349],[106.17084,11.36328],[106.17817,11.36368],[106.17774,11.36244],[106.17833,11.36155],[106.17921,11.35881],[106.17937,11.35569],[106.17895,11.35535],[106.17893,11.35468],[106.17696,11.35476],[106.17626,11.35249],[106.17947,11.35098],[106.17914,11.34933],[106.17597,11.34493],[106.17792,11.34275],[106.17843,11.34279],[106.1782,11.33964],[106.17775,11.33877],[106.17816,11.33568],[106.18008,11.3358],[106.18213,11.33499],[106.18166,11.33367],[106.18315,11.33255],[106.18208,11.33107],[106.18509,11.32891],[106.18479,11.32816],[106.18787,11.32693],[106.1877,11.32655],[106.18852,11.32612],[106.18836,11.32561],[106.1891,11.32473],[106.19096,11.32592],[106.19299,11.32635],[106.19314,11.32686],[106.19565,11.32608],[106.19624,11.32833],[106.19698,11.32806],[106.19702,11.32829],[106.19859,11.32822],[106.19978,11.32783],[106.20075,11.32822],[106.20213,11.32816],[106.20203,11.32712],[106.20153,11.3271],[106.20126,11.32627],[106.20214,11.32454],[106.20518,11.32316],[106.20699,11.32165],[106.20761,11.32223],[106.21587,11.3184],[106.21133,11.3124],[106.20948,11.27019],[106.20909,11.26769],[106.20723,11.2682],[106.20631,11.26514],[106.20574,11.26489],[106.2036,11.26249],[106.20351,11.26155],[106.19766,11.26176],[106.19775,11.26567],[106.19872,11.26572],[106.19874,11.27032],[106.19941,11.27386],[106.20015,11.27384],[106.20054,11.27425],[106.20065,11.27746],[106.19852,11.27948],[106.19786,11.28059],[106.19792,11.28144],[106.19518,11.28416],[106.19518,11.28504],[106.19466,11.28494],[106.19428,11.28695],[106.19459,11.28747],[106.19405,11.28784],[106.19353,11.29111],[106.19081,11.29121],[106.18964,11.28945],[106.18729,11.29154],[106.18704,11.29111],[106.18625,11.29183],[106.18512,11.29115],[106.18238,11.29078],[106.18239,11.29029],[106.18196,11.28989],[106.18184,11.29034],[106.17895,11.29014],[106.1784,11.29236],[106.17569,11.2912],[106.17573,11.29094],[106.17419,11.29129],[106.17395,11.29321],[106.16921,11.29895],[106.16421,11.29918],[106.16106,11.29662],[106.16186,11.29555],[106.16118,11.29228],[106.16036,11.29154],[106.15975,11.29214],[106.15876,11.29146],[106.15387,11.29076],[106.15296,11.29299],[106.15319,11.29438],[106.15227,11.29593],[106.14972,11.29998],[106.14747,11.30139],[106.14628,11.29756],[106.14459,11.29575],[106.14134,11.29404],[106.14187,11.29639],[106.14064,11.29814],[106.13958,11.30134],[106.13921,11.30131],[106.13925,11.30356],[106.13848,11.30448],[106.13854,11.30529],[106.13274,11.30534],[106.1311,11.319],[106.12946,11.31953],[106.12898,11.32008],[106.12835,11.31993],[106.1267,11.32079]]]]}},
{"type":"Feature","id":"25573","properties":{"Ward_Code":"25573","Ward_Code_Num":25573,"Ward":"Cầu Khởi","Ward_Alt":"Cầu Khởi","Ward_Upper":"CẦU KHỞI","Ward_Full":"Xã Cầu Khởi","Ward_Full_Alt":"Xã Cầu Khởi","Ward_Full_Upper_Alt":"XÃ CẦU KHỞI","Ward_Type":"Xã","Province_Code":"80","Province":"Tây Ninh","Province_Upper_Alt":"TÂY NINH"},"geometry":{"type":"MultiPolygon","coordinates":[[[[106.20956,11.27204],[106.21133,11.3124],[106.21587,11.3184],[106.2194,11.32238],[106.23045,11.33622],[106.23677,11.36503],[106.24585,11.36973],[106.25449,11.37292],[106.2565,11.36864],[106.2573,11.36774],[106.25818,11.36746],[106.26482,11.36857],[106.26582,11.36841],[106.29506,11.35245],[106.29976,11.34744],[106.29543,11.34366],[106.30166,11.33707],[106.28404,11.31112],[106.28102,11.30732],[106.27803,11.30654],[106.27848,11.30513],[106.27803,11.30463],[106.27878,11.30129],[106.27487,11.30085],[106.27502,11.29575],[106.27925,11.29549],[106.28778,11.28873],[106.2858,11.28784],[106.28319,11.28725],[106.28179,11.2873],[106.27839,11.28304],[106.27931,11.28224],[106.27684,11.27901],[106.27521,11.28014],[106.27209,11.27604],[106.27114,11.27656],[106.27048,11.27329],[106.26955,11.27323],[106.26933,11.27279],[106.26837,11.27288],[106.26774,11.26963],[106.26352,11.27015],[106.26343,11.26925],[106.26107,11.2692],[106.26095,11.26878],[106.25991,11.26906],[106.25913,11.26744],[106.25832,11.26747],[106.2578,11.26688],[106.25785,11.26629],[106.25546,11.26362],[106.25508,11.26355],[106.25569,11.26298],[106.25577,11.26244],[106.25429,11.2603],[106.25339,11.25831],[106.25414,11.25777],[106.2537,11.25711],[106.2546,11.25647],[106.25451,11.25606],[106.25421,11.25569],[106.25394,11.25592],[106.2534,11.25524],[106.25199,11.25604],[106.2508,11.25485],[106.25158,11.2539],[106.25123,11.25355],[106.25078,11.2541],[106.24968,11.2532],[106.24943,11.2535],[106.24567,11.24978],[106.24546,11.25003],[106.24474,11.24931],[106.24432,11.24955],[106.24445,11.24826],[106.24367,11.24748],[106.24425,11.2469],[106.24257,11.24417],[106.24282,11.24373],[106.24235,11.24269],[106.24276,11.24234],[106.24265,11.24133],[106.24338,11.24101],[106.24307,11.24032],[106.24358,11.24007],[106.24224,11.23839],[106.24086,11.23761],[106.2403,11.23807],[106.23689,11.23258],[106.23605,11.23175],[106.23,11.23079],[106.22915,11.23129],[106.2286,11.23272],[106.22839,11.23623],[106.22913,11.23628],[106.22868,11.23878],[106.22899,11.24154],[106.22809,11.24333],[106.22795,11.24514],[106.22696,11.24533],[106.22651,11.24398],[106.22592,11.24342],[106.22625,11.24046],[106.22348,11.24057],[106.21923,11.2467],[106.21383,11.25179],[106.21417,11.25559],[106.21936,11.26114],[106.21536,11.26494],[106.21674,11.26611],[106.21544,11.26736],[106.2141,11.26652],[106.21069,11.26338],[106.21007,11.26391],[106.21071,11.26454],[106.21041,11.26474],[106.21104,11.26575],[106.21002,11.26592],[106.2106,11.26828],[106.2093,11.26853],[106.20956,11.27204]]]]}},
{"type":"Feature","id":"25579","properties":{"Ward_Code":"25579","Ward_Code_Num":25579,"Ward":"Lộc Ninh","Ward_Alt":"Lộc Ninh","Ward_Upper":"LỘC NINH","Ward_Full":"Xã Lộc Ninh","Ward_Full_Alt":"Xã Lộc Ninh","Ward_Full_Upper_Alt":"XÃ LỘC NINH","Ward_Type":"Xã","Province_Code":"80","Province":"Tây Ninh","Province_Upper_Alt":"TÂY NINH"},"geometry":{"type":"MultiPolygon","coordinates":[[[[106.34928,11.42102],[106.36289,11.4235],[106.36197,11.41496],[106.35544,11.40311],[106.34811,11.38745],[106.34293,11.37008],[106.334,11.35923],[106.32997,11.35165],[106.32898,11.34656],[106.33548,11.3348],[106.33966,11.32873],[106.34448,11.32495],[106.34581,11.32301],[106.34575,11.32119],[106.34412,11.31964],[106.34207,11.31449],[106.34175,11.31232],[106.33835,11.30403],[106.33758,11.30246],[106.33578,11.30081],[106.33543,11.29993],[106.33522,11.29639],[106.33546,11.29529],[106.33591,11.2946],[106.33786,11.29333],[106.33775,11.29228],[106.34008,11.2918],[106.33948,11.29368],[106.33818,11.2954],[106.33807,11.29648],[106.33857,11.29718],[106.33957,11.29796],[106.34031,11.29803],[106.34236,11.297],[106.34411,11.29534],[106.34489,11.29405],[106.34481,11.29357],[106.34182,11.29412],[106.34085,11.29339],[106.3414,11.28911],[106.34079,11.28728],[106.34078,11.28574],[106.34364,11.28282],[106.34464,11.28249],[106.34536,11.28278],[106.34421,11.28461],[106.34406,11.28537],[106.34485,11.28741],[106.34682,11.28941],[106.34792,11.2896],[106.35127,11.28866],[106.35237,11.28764],[106.35262,11.28562],[106.3544,11.28795],[106.3551,11.28808],[106.35529,11.28623],[106.35639,11.28456],[106.3557,11.2838],[106.35333,11.28325],[106.3533,11.28167],[106.35365,11.28064],[106.35499,11.28028],[106.35518,11.27997],[106.35482,11.27838],[106.35377,11.2763],[106.35415,11.27247],[106.35317,11.27002],[106.35287,11.26646],[106.35036,11.26299],[106.35065,11.26258],[106.35183,11.2625],[106.35347,11.26185],[106.35912,11.26084],[106.36026,11.26128],[106.36225,11.26306],[106.36385,11.26198],[106.36435,11.26013],[106.364,11.25953],[106.36193,11.25931],[106.3611,11.25871],[106.36069,11.25784],[106.36075,11.25585],[106.35746,11.25551],[106.35578,11.25474],[106.35449,11.2534],[106.35231,11.25192],[106.35148,11.25067],[106.35115,11.2495],[106.35144,11.24841],[106.35416,11.24802],[106.35589,11.24665],[106.35426,11.24561],[106.35564,11.24347],[106.35647,11.24032],[106.35872,11.23767],[106.35495,11.21579],[106.35286,11.21347],[106.35251,11.21523],[106.35185,11.21513],[106.35142,11.21593],[106.35055,11.21573],[106.35051,11.21652],[106.34996,11.21659],[106.34985,11.21692],[106.34897,11.21676],[106.34842,11.21749],[106.34751,11.21746],[106.34662,11.21689],[106.34668,11.21644],[106.34635,11.21623],[106.34575,11.21683],[106.34528,11.21629],[106.34504,11.21653],[106.3446,11.21535],[106.34381,11.21504],[106.34216,11.2135],[106.34130999999999,11.21385],[106.34094,11.21337],[106.34008,11.21372],[106.33914,11.21331],[106.33633,11.21626],[106.33628,11.21732],[106.33534,11.21885],[106.33539,11.21963],[106.33501,11.22044],[106.3344,11.22056],[106.3336,11.22213],[106.33257,11.2229],[106.33244,11.22357],[106.33133,11.22429],[106.3307,11.22545],[106.32821,11.22692],[106.32814,11.22787],[106.32756,11.22839],[106.32749,11.22888],[106.32675,11.22906],[106.32625,11.23042],[106.32478,11.23054],[106.32338,11.22915],[106.32249,11.22897],[106.32107,11.22756],[106.32,11.2275],[106.31648,11.22579],[106.31471,11.22663],[106.31284,11.2257],[106.31076,11.22613],[106.30948,11.22589],[106.30798,11.2266],[106.30695,11.2267],[106.30662,11.22643],[106.30626,11.2268],[106.30372,11.2273],[106.30265,11.22716],[106.30222,11.22632],[106.30017,11.22578],[106.30003,11.22919],[106.29085,11.22981],[106.28789,11.22838],[106.28605,11.2327],[106.28578,11.23551],[106.2861,11.23556],[106.28652,11.238],[106.28512,11.24315],[106.28012,11.2411],[106.27723,11.24924],[106.2785,11.24979],[106.27738,11.2513],[106.27768,11.2519],[106.2759,11.25484],[106.27561,11.25467],[106.2742,11.2566],[106.27441,11.25752],[106.27345,11.25754],[106.27373,11.25874],[106.27315,11.25943],[106.27284,11.25937],[106.27061,11.26455],[106.27019,11.26436],[106.26925,11.26628],[106.26895,11.26632],[106.26921,11.26867],[106.26773,11.26991],[106.26837,11.27288],[106.26933,11.27279],[106.26955,11.27323],[106.27048,11.27329],[106.27114,11.27656],[106.27209,11.27604],[106.27521,11.28014],[106.27684,11.27901],[106.27931,11.28224],[106.27839,11.28304],[106.28179,11.2873],[106.28319,11.28725],[106.2858,11.28784],[106.28778,11.28873],[106.27925,11.29549],[106.27502,11.29575],[106.27487,11.30085],[106.27878,11.30129],[106.27803,11.30463],[106.27848,11.30504],[106.27803,11.30654],[106.28102,11.30732],[106.28404,11.31112],[106.30166,11.33707],[106.29543,11.34366],[106.29976,11.34744],[106.29506,11.35245],[106.29036,11.35497],[106.32566,11.36172],[106.32877,11.36238],[106.32974,11.36328],[106.3391,11.37928],[106.34832,11.42084],[106.34928,11.42102]]]]}},
{"type":"Feature","id":"25585","properties":{"Ward_Code":"25585","Ward_Code_Num":25585,"Ward":"Châu Thành","Ward_Alt":"Châu Thành","Ward_Upper":"CHÂU THÀNH","Ward_Full":"Xã Châu Thành","Ward_Full_Alt":"Xã Châu Thành","Ward_Full_Upper_Alt":"XÃ CHÂU THÀNH","Ward_Type":"Xã","Province_Code":"80","Province":"Tây Ninh","Province_Upper_Alt":"TÂY NINH"},"geometry":{"type":"MultiPolygon","coordinates":[[[[106.0242,11.30126],[106.02113,11.30482],[106.01988,11.30384],[106.0184,11.30582],[106.01813,11.3069],[106.01874,11.31148],[106.01716,11.32533],[106.02282,11.33559],[106.01712,11.34779],[106.01568,11.34898],[106.01562,11.35028],[106.01562,11.35083],[106.01812,11.35474],[106.01784,11.35889],[106.01914,11.36191],[106.01908,11.36272],[106.01998,11.36379],[106.02074,11.36371],[106.02106,11.36454],[106.02268,11.36496],[106.02345,11.36617],[106.02401,11.36791],[106.02383,11.36888],[106.02414,11.36926],[106.02351,11.36976],[106.02376,11.37074],[106.02313,11.37147],[106.02292,11.37238],[106.02237,11.37285],[106.0224,11.37365],[106.02188,11.37434],[106.02195,11.37716],[106.02134,11.37877],[106.02141,11.38017],[106.02072,11.38105],[106.01976,11.38155],[106.0197,11.38449],[106.0197,11.39033],[106.02049,11.39074],[106.0201,11.39173],[106.02025,11.39198],[106.02195,11.39138],[106.0223,11.39254],[106.02313,11.39344],[106.02246,11.39431],[106.02317,11.41494],[106.03021,11.41468],[106.02954,11.4136],[106.02953,11.41298],[106.03038,11.41306],[106.03056,11.41257],[106.03007,11.41248],[106.03008,11.41169],[106.03047,11.41064],[106.03069,11.41024],[106.03207,11.40997],[106.03297,11.41021],[106.03301,11.40757],[106.03515,11.40815],[106.03555,11.40646],[106.0363,11.40549],[106.03607,11.40523],[106.0364,11.40225],[106.04038,11.40311],[106.04096,11.40082],[106.04175,11.40079],[106.04583,11.40316],[106.04558,11.40366],[106.04888,11.4054],[106.04894,11.40596],[106.05416,11.40601],[106.05522,11.40556],[106.05579,11.40627],[106.05721,11.40597],[106.05779,11.40661],[106.0584,11.40647],[106.05843,11.40673],[106.06044,11.40705],[106.06181,11.40724],[106.06253,11.40662],[106.06342,11.40722],[106.06502,11.4071],[106.07004,11.40995],[106.07076,11.40965],[106.07188,11.40979],[106.07213,11.40898],[106.07461,11.40846],[106.07575,11.40745],[106.07688,11.40723],[106.07738,11.40491],[106.07666999999999,11.40275],[106.07678,11.40172],[106.07582,11.40046],[106.07392,11.39672],[106.07237,11.3951],[106.07201,11.39536],[106.07154,11.39483],[106.07382,11.39073],[106.07604,11.38863],[106.07546,11.38663],[106.07551,11.38565],[106.07456,11.38442],[106.07438,11.38349],[106.07488,11.3829],[106.07499,11.38177],[106.07593,11.38055],[106.07666,11.37888],[106.07714,11.37629],[106.07496,11.3652],[106.07322,11.36201],[106.07269,11.35901],[106.07578,11.35415],[106.08017,11.35148],[106.07886,11.338],[106.07898,11.33595],[106.07715,11.33448],[106.07255,11.33177],[106.07365,11.32964],[106.07597,11.3288],[106.07719,11.3276],[106.07801,11.32598],[106.07818,11.32462],[106.07722,11.32234],[106.07674,11.31865],[106.07831,11.31821],[106.07857,11.31908],[106.08087,11.31816],[106.08065,11.31565],[106.08165,11.31571],[106.08169,11.31462],[106.08264,11.31418],[106.08272,11.31311],[106.07903,11.31206],[106.07872,11.31148],[106.07689,11.31149],[106.0759,11.30543],[106.07603,11.30296],[106.07285,11.30284],[106.07061,11.30213],[106.07022,11.30124],[106.06624,11.30109],[106.06751,11.26884],[106.06737,11.26051],[106.0665,11.25704],[106.06602,11.25682],[106.06594,11.25473],[106.06382,11.25112],[106.06051,11.24771],[106.05968,11.2464],[106.05864,11.24591],[106.05742,11.24707],[106.05508,11.24736],[106.04982,11.24529],[106.04817,11.24494],[106.04644,11.24542],[106.04214,11.2516],[106.04126,11.25354],[106.04135,11.25476],[106.04181,11.25556],[106.04475,11.25771],[106.04572,11.25935],[106.04482,11.26414],[106.04228,11.26952],[106.04107,11.27044],[106.03873,11.27101],[106.03283,11.26962],[106.0297,11.26967],[106.02672,11.27137],[106.02259,11.27555],[106.0227,11.27651],[106.02318,11.27682],[106.02347,11.27647],[106.02384,11.2767],[106.02416,11.2791],[106.02588,11.28217],[106.02553,11.2862],[106.02621,11.28924],[106.02652,11.29551],[106.02736,11.29874],[106.02701,11.30043],[106.0261,11.30047],[106.0242,11.30126]]]]}},
{"type":"Feature","id":"25588","properties":{"Ward_Code":"25588","Ward_Code_Num":25588,"Ward":"Hảo Đước","Ward_Alt":"Hảo Đước","Ward_Upper":"HẢO ĐƯỚC","Ward_Full":"Xã Hảo Đước","Ward_Full_Alt":"Xã Hảo Đước","Ward_Full_Upper_Alt":"XÃ HẢO ĐƯỚC","Ward_Type":"Xã","Province_Code":"80","Province":"Tây Ninh","Province_Upper_Alt":"TÂY NINH"},"geometry":{"type":"MultiPolygon","coordinates":[[[[106.0197,11.39033],[106.01976,11.38155],[106.02072,11.38105],[106.02141,11.38017],[106.02134,11.37877],[106.02195,11.37716],[106.02188,11.37434],[106.0224,11.37365],[106.02237,11.37285],[106.02372,11.37086],[106.02354,11.36966],[106.02414,11.36918],[106.02383,11.36888],[106.02401,11.36791],[106.02368,11.36679],[106.02268,11.36496],[106.02106,11.36454],[106.02074,11.36371],[106.01998,11.36379],[106.01908,11.36272],[106.01914,11.36191],[106.01784,11.35889],[106.01812,11.35474],[106.01562,11.35083],[106.01568,11.34898],[106.01712,11.34779],[106.02282,11.33559],[106.01716,11.32533],[106.01874,11.31148],[106.01808,11.30721],[106.0184,11.30582],[106.01988,11.30384],[106.02113,11.30482],[106.0242,11.30126],[106.0261,11.30047],[106.02701,11.30043],[106.02736,11.29874],[106.02652,11.29551],[106.02621,11.28924],[106.02553,11.2862],[106.02588,11.28217],[106.02416,11.2791],[106.02384,11.2767],[106.02347,11.27647],[106.02318,11.27682],[106.0227,11.27651],[106.02259,11.27555],[106.02119,11.27624],[106.01983,11.27647],[106.01766,11.27586],[106.01494,11.27448],[106.01066,11.27428],[106.00658,11.27544],[106.0027,11.27908],[106.00029,11.28644],[105.99887,11.2892],[105.99865,11.29053],[105.99897,11.29145],[105.9997,11.29214],[106.00329,11.29396],[106.00545,11.29404],[106.00847,11.29364],[106.01016,11.29457],[106.01159,11.29856],[106.01296,11.30118],[106.01311,11.30511],[106.01267,11.30654],[106.01159,11.30735],[106.00904,11.30794],[106.00605,11.30944],[106.00494,11.30953],[106.00316,11.30884],[105.99896,11.30466],[105.99792,11.30425],[105.99697,11.3043],[105.99027,11.30633],[105.98264,11.31062],[105.98183,11.31153],[105.98168,11.31253],[105.98313,11.31682],[105.98375,11.32572],[105.98344,11.32735],[105.98262,11.32891],[105.98045,11.33071],[105.97863,11.33112],[105.97715,11.33058],[105.9731,11.32784],[105.97217,11.32763],[105.97132,11.32785],[105.97022,11.32943],[105.96925,11.33217],[105.96824,11.33382],[105.9666,11.33526],[105.96375,11.33678],[105.96313,11.33758],[105.96315,11.33878],[105.96378,11.33924],[105.96732,11.3395],[105.9689,11.34021],[105.96977,11.34123],[105.96954,11.34333],[105.96758,11.34646],[105.96426,11.34922],[105.96328,11.34967],[105.96224,11.34909],[105.96033,11.34659],[105.95967,11.3462],[105.95853,11.34623],[105.95759,11.34701],[105.95617,11.34944],[105.95455,11.35003],[105.95326,11.34943],[105.95129,11.35195],[105.95153,11.35244],[105.95424,11.35343],[105.95494,11.35406],[105.95532,11.35598],[105.95596,11.35702],[105.95682,11.35752],[105.95837,11.3577],[105.95845,11.35865],[105.96057,11.36304],[105.96024,11.36374],[105.95819,11.36428],[105.95619,11.36567],[105.95452,11.36628],[105.95215,11.3688],[105.9519,11.37029],[105.95267,11.37085],[105.95444,11.36979],[105.95498,11.3699],[105.95535,11.37129],[105.95496,11.37317],[105.95608,11.37443],[105.95742,11.37526],[105.95661,11.3765],[105.95668,11.37706],[105.95765,11.37807],[105.95928,11.37863],[105.95754,11.38014],[105.95762,11.38093],[105.9586,11.382],[105.95739,11.38272],[105.95754,11.38361],[105.95985,11.38479],[105.96253,11.38538],[105.96416,11.38672],[105.96362,11.38717],[105.96182,11.38726],[105.96044,11.3888],[105.96057,11.38996],[105.96338,11.39441],[105.96321,11.39483],[105.96166,11.39553],[105.9609,11.3987],[105.96004,11.39904],[105.95924,11.39806],[105.95889,11.39806],[105.95767,11.39992],[105.95665,11.39956],[105.9554,11.4],[105.95504,11.40046],[105.9551,11.40122],[105.9559,11.4018],[105.95604,11.4036],[105.95711,11.40485],[105.95645,11.40733],[105.95635,11.40948],[105.95762,11.41096],[105.95666,11.41308],[105.95773,11.41481],[105.9589,11.41579],[105.9595,11.4156],[105.96018,11.41436],[105.96104,11.41402],[105.96152,11.41433],[105.96194,11.41557],[105.9628,11.41619],[105.96435,11.41511],[105.96548,11.41501],[105.96636,11.4154],[105.96789,11.41724],[105.96818,11.4193],[105.97046,11.42122],[105.97109,11.42264],[105.97154,11.42513],[105.97055,11.42779],[105.97086,11.428],[105.97144,11.42738],[105.97209,11.4279],[105.97102,11.4314],[105.9717,11.43167],[105.97286,11.43127],[105.97401,11.42997],[105.97393,11.429],[105.97427,11.42895],[105.97524,11.4293],[105.9755,11.43068],[105.97722,11.43092],[105.97768,11.43205],[105.97717,11.43284],[105.97684,11.43256],[105.97684,11.43171],[105.97515,11.4328],[105.97639,11.43386],[105.97546,11.43608],[105.97546,11.43708],[105.97512,11.43714],[105.9747,11.43662],[105.97274,11.43754],[105.97222,11.43724],[105.9717,11.43626],[105.97089,11.43634],[105.97067,11.43781],[105.96865,11.44038],[105.96835,11.44137],[105.96922,11.44216],[105.96958,11.4421],[105.96985,11.44135],[105.97024,11.44119],[105.97222,11.44198],[105.97302,11.44421],[105.97302,11.44576],[105.97256,11.44595],[105.97144,11.44553],[105.9694,11.44434],[105.96914,11.44529],[105.96711,11.44628],[105.96647,11.44787],[105.96656,11.44862],[105.96796,11.44838],[105.96844,11.44857],[105.96837,11.44992],[105.96504,11.45206],[105.96722,11.45276],[105.96982,11.45217],[105.9737,11.452209999999999],[105.97454,11.45197],[105.97868,11.45392],[105.98325,11.45036],[105.98239,11.44639],[105.98474,11.44262],[105.98496,11.44127],[105.98825,11.44154],[105.9881,11.44238],[105.98936,11.44248],[105.9925,11.44224],[105.99416,11.44121],[105.99498,11.442],[105.99539,11.44197],[105.99584,11.44123],[105.99712,11.44072],[105.99729,11.43807],[105.99676,11.43789],[105.99665,11.43714],[105.99696,11.43504],[105.99755999999999,11.43504],[105.99833,11.43432],[105.9998,11.43473],[106.0005,11.43421],[106.00046,11.43311],[106.00205,11.43328],[106.00198,11.43259],[106.00519,11.4329],[106.00517,11.43041],[106.00578,11.43051],[106.00596,11.42959],[106.00681,11.42977],[106.00667,11.42881],[106.0086,11.42912],[106.00895,11.42787],[106.01166,11.42897],[106.01254,11.42693],[106.01194,11.42598],[106.01238,11.42521],[106.01312,11.42542],[106.01349,11.4242],[106.01353,11.4238],[106.01238,11.42366],[106.01225,11.4224],[106.01253,11.42151],[106.0143,11.42144],[106.01443,11.4218],[106.01543,11.42153],[106.01542,11.42131],[106.01679,11.4212],[106.01653,11.41948],[106.01754,11.41927],[106.01812,11.41719],[106.01918,11.41734],[106.01939,11.41623],[106.02029,11.41642],[106.02087,11.41503],[106.02317,11.41494],[106.02246,11.39431],[106.02313,11.39344],[106.0223,11.39254],[106.02195,11.39138],[106.02025,11.39198],[106.02007,11.39154],[106.02049,11.39074],[106.0197,11.39033]]]]}},
{"type":"Feature","id":"25591","properties":{"Ward_Code":"25591","Ward_Code_Num":25591,"Ward":"Phước Vinh","Ward_Alt":"Phước Vinh","Ward_Upper":"PHƯỚC VINH","Ward_Full":"Xã Phước Vinh","Ward_Full_Alt":"Xã Phước Vinh","Ward_Full_Upper_Alt":"XÃ PHƯỚC VINH","Ward_Type":"Xã","Province_Code":"80","Province":"Tây Ninh","Province_Upper_Alt":"TÂY NINH"},"geometry":{"type":"MultiPolygon","coordinates":[[[[105.95277,11.5467],[105.95278,11.5459],[105.95457,11.54532],[105.95295,11.54082],[105.95321,11.5363],[105.95552,11.53658],[105.96333,11.53879],[105.96352,11.535],[105.96478,11.53155],[105.96434,11.5293],[105.96455,11.52883],[105.96538,11.52893],[105.9663,11.52656],[105.96711,11.52555],[105.96703,11.52427],[105.96807,11.52277],[105.9671,11.52202],[105.96696,11.5214],[105.96961,11.517],[105.96988,11.51553],[105.97062,11.51406],[105.97021,11.51337],[105.97102,11.51281],[105.97098,11.51198],[105.97185,11.51039],[105.97393,11.50824],[105.9749,11.50646],[105.97532,11.50671],[105.9756,11.50622],[105.97626,11.5062],[105.97722,11.5055],[105.97773,11.50467],[105.97751,11.50389],[105.97803,11.50251],[105.9791,11.50085],[105.97898,11.49968],[105.97697,11.49723],[105.97607,11.4951],[105.97644,11.49469],[105.97867,11.49496],[105.97874,11.49467],[105.97646,11.49349],[105.97475,11.49175],[105.97489,11.49008],[105.97407,11.49011],[105.97358,11.49081],[105.97244,11.4899],[105.97422,11.48612],[105.97516,11.48482],[105.97508,11.48445],[105.97294,11.48359],[105.9719,11.48149],[105.97001,11.48037],[105.96925,11.48066],[105.96842,11.48201],[105.96588,11.48066],[105.96563,11.48018],[105.96566,11.47832],[105.96435,11.47671],[105.96508,11.47495],[105.96371,11.47463],[105.96273,11.47549],[105.96234,11.4755],[105.9618,11.4741],[105.96276,11.47334],[105.9629,11.47274],[105.96131,11.47253],[105.96231,11.47043],[105.96719,11.46741],[105.96725,11.46708],[105.96634,11.46622],[105.96618,11.46525],[105.96778,11.46506],[105.96868,11.46454],[105.96933,11.46158],[105.97124,11.4596],[105.97236,11.4572],[105.97221,11.45691],[105.97132,11.45688],[105.96907,11.45803],[105.96853,11.45626],[105.96868,11.45474],[105.96795,11.45338],[105.96654,11.45343],[105.9649,11.45235],[105.96843,11.44979],[105.96833,11.44848],[105.96643,11.44845],[105.96668,11.44694],[105.96749,11.44589],[105.96914,11.44529],[105.96949,11.44429],[105.97058,11.44518],[105.97256,11.44595],[105.97302,11.44576],[105.97302,11.44421],[105.97222,11.44198],[105.97024,11.44119],[105.96985,11.44135],[105.96958,11.4421],[105.96911,11.44213],[105.96839,11.44149],[105.9684,11.44084],[105.97067,11.43781],[105.9711,11.43618],[105.9718,11.43634],[105.97222,11.43724],[105.97274,11.43754],[105.9747,11.43662],[105.97512,11.43714],[105.97546,11.43708],[105.97546,11.43608],[105.97639,11.43386],[105.97515,11.4328],[105.97684,11.43171],[105.97684,11.43256],[105.97717,11.43284],[105.97768,11.43205],[105.97722,11.43092],[105.9755,11.43068],[105.97524,11.4293],[105.97427,11.42895],[105.97393,11.429],[105.97401,11.42997],[105.97286,11.43127],[105.9717,11.43167],[105.97102,11.4314],[105.97209,11.4279],[105.97144,11.42738],[105.97086,11.428],[105.97055,11.42779],[105.97154,11.42513],[105.97109,11.42264],[105.97046,11.42122],[105.96818,11.4193],[105.96789,11.41724],[105.96636,11.4154],[105.96548,11.41501],[105.96435,11.41511],[105.9628,11.41619],[105.96194,11.41557],[105.96152,11.41433],[105.96104,11.41402],[105.96018,11.41436],[105.9595,11.4156],[105.9589,11.41579],[105.95773,11.41481],[105.95666,11.41308],[105.95762,11.41096],[105.95635,11.40948],[105.95645,11.40733],[105.95711,11.40485],[105.95604,11.4036],[105.9559,11.4018],[105.9551,11.40122],[105.95504,11.40046],[105.9554,11.4],[105.95665,11.39956],[105.95767,11.39992],[105.95889,11.39806],[105.95924,11.39806],[105.96004,11.39904],[105.9609,11.3987],[105.96166,11.39553],[105.96321,11.39483],[105.96338,11.39441],[105.96057,11.38996],[105.96044,11.3888],[105.96182,11.38726],[105.96362,11.38717],[105.96416,11.38672],[105.96253,11.38538],[105.95985,11.38479],[105.95754,11.38361],[105.95739,11.38272],[105.9586,11.382],[105.95762,11.38093],[105.95754,11.38014],[105.95928,11.37863],[105.95765,11.37807],[105.95668,11.37706],[105.95661,11.3765],[105.95742,11.37526],[105.95608,11.37443],[105.95496,11.37317],[105.95535,11.37129],[105.95498,11.3699],[105.95444,11.36979],[105.95267,11.37085],[105.9519,11.37029],[105.95215,11.3688],[105.95452,11.36628],[105.95619,11.36567],[105.95819,11.36428],[105.96024,11.36374],[105.96056,11.36296],[105.95845,11.35865],[105.95837,11.3577],[105.95682,11.35752],[105.95596,11.35702],[105.95537,11.35612],[105.95515,11.35442],[105.95477,11.35388],[105.95127,11.35217],[105.95152,11.35148],[105.95326,11.34943],[105.9505,11.34691],[105.94843,11.3462],[105.94558,11.34676],[105.94246,11.3484],[105.94166,11.34963],[105.94064,11.35308],[105.9395,11.35458],[105.93855,11.35443],[105.93663,11.3523],[105.93571,11.3506],[105.93436,11.34989],[105.93342,11.3504],[105.93133,11.35282],[105.92549,11.35595],[105.92434,11.35696],[105.91926,11.35749],[105.91902,11.35826],[105.91935,11.35928],[105.9219,11.36328],[105.92324,11.3663],[105.92477,11.36767],[105.92589,11.3678],[105.92684,11.3673],[105.92806,11.36437],[105.9292,11.3632],[105.93046,11.36304],[105.93148,11.36369],[105.93156,11.36479],[105.93111,11.3658],[105.92794,11.36952],[105.92802,11.37148],[105.92764,11.37204],[105.92647,11.37221],[105.92356,11.37165],[105.92058,11.37284],[105.91979,11.37246],[105.91954,11.37092],[105.91875,11.37039],[105.91296,11.37074],[105.90802,11.36963],[105.9063,11.36961],[105.90536,11.37001],[105.90473,11.37077],[105.90387,11.37293],[105.90389,11.3752],[105.90524,11.37832],[105.90488,11.37895],[105.90338,11.37937],[105.90026,11.37841],[105.89895,11.37849],[105.89862,11.3788],[105.89862,11.37945],[105.89989,11.38216],[105.89953,11.384],[105.89838,11.38522],[105.895,11.38533],[105.89425,11.38584],[105.89404,11.3864],[105.89427,11.38774],[105.89587,11.39136],[105.89577,11.39287],[105.89504,11.39384],[105.89323,11.39526],[105.8899,11.39657],[105.88884,11.39805],[105.88922,11.39909],[105.892,11.40098],[105.89339,11.40272],[105.89396,11.40534],[105.89474,11.407],[105.89404,11.40769],[105.89179,11.40876],[105.88961,11.41163],[105.88623,11.41391],[105.88617,11.41485],[105.88702,11.41695],[105.88946,11.41858],[105.89025,11.41951],[105.88952,11.42173],[105.89044,11.42396],[105.89115,11.4249],[105.89645,11.42642],[105.8983,11.42736],[105.90024,11.42756],[105.90165,11.42935],[105.9018,11.4304],[105.90091,11.43387],[105.90123,11.43465],[105.90281,11.43624],[105.90312,11.43708],[105.90386,11.44147],[105.90294,11.44388],[105.90331,11.44691],[105.9024,11.44753],[105.90081,11.44639],[105.90034,11.44638],[105.89989,11.44681],[105.89959,11.44858],[105.90055,11.45144],[105.90008,11.45182],[105.89646,11.44994],[105.89576,11.45011],[105.89457,11.45176],[105.89382,11.45229],[105.8928,11.45213],[105.89105,11.45081],[105.88706,11.45048],[105.88641,11.45132],[105.88565,11.4543],[105.88219,11.45372],[105.8812,11.45425],[105.87986,11.45588],[105.87978,11.45739],[105.87859,11.45969],[105.87942,11.46176],[105.87926,11.46225],[105.87882,11.46238],[105.87816,11.46195],[105.87785,11.45969],[105.87684,11.45885],[105.87608,11.45911],[105.87463,11.46057],[105.87436,11.4615],[105.87467,11.46298],[105.87682,11.46756],[105.87688,11.46976],[105.87748,11.46986],[105.87897,11.46899],[105.87944,11.46921],[105.87917,11.47127],[105.87953,11.47217],[105.87939,11.47265],[105.87871,11.47302],[105.87741,11.47276],[105.8768,11.47425],[105.87707,11.47583],[105.87914,11.4798],[105.8796,11.48239],[105.88146,11.48316],[105.88196,11.48163],[105.88242,11.48145],[105.88439,11.48252],[105.88461,11.48295],[105.88351,11.48759],[105.88384,11.48829],[105.88468,11.48884],[105.88464,11.48966],[105.88404,11.49086],[105.88431,11.49267],[105.88376,11.49344],[105.88257,11.49378],[105.88187,11.49436],[105.88036,11.49688],[105.88001,11.49976],[105.87869,11.50065],[105.87848,11.50138],[105.87871,11.50189],[105.88069,11.50254],[105.88104,11.50313],[105.88036,11.50766],[105.8792,11.50907],[105.8798,11.51089],[105.88094,11.51158],[105.88219,11.51166],[105.88245,11.5114],[105.88243,11.51025],[105.88342,11.5098],[105.88418,11.51095],[105.88404,11.51205],[105.88344,11.51281],[105.88215,11.51345],[105.88197,11.514],[105.88302,11.51508],[105.88334,11.51671],[105.88444,11.5177],[105.88488,11.51873],[105.88528,11.52201],[105.88448,11.52449],[105.88536,11.52585],[105.88659,11.52566],[105.88876,11.52614],[105.88994,11.52555],[105.89113,11.52589],[105.89181,11.52653],[105.8946,11.52707],[105.89678,11.52712],[105.89853,11.52823],[105.89889,11.52924],[105.90075,11.53106],[105.93699,11.54225],[105.93663,11.54425],[105.94666,11.54432],[105.94854,11.54482],[105.94963,11.54545],[105.94994,11.54617],[105.95058,11.54658],[105.95277,11.5467]]]]}},
{"type":"Feature","id":"25606","properties":{"Ward_Code":"25606","Ward_Code_Num":25606,"Ward":"Hoà Hội","Ward_Alt":"Hòa Hội","Ward_Upper":"HOÀ HỘI","Ward_Full":"Xã Hoà Hội","Ward_Full_Alt":"Xã Hòa Hội","Ward_Full_Upper_Alt":"XÃ HÒA HỘI","Ward_Type":"Xã","Province_Code":"80","Province":"Tây Ninh","Province_Upper_Alt":"TÂY NINH"},"geometry":{"type":"MultiPolygon","coordinates":[[[[105.89004,11.41111],[105.89179,11.40876],[105.89404,11.40769],[105.89477,11.40678],[105.89396,11.40534],[105.89339,11.40272],[105.892,11.40098],[105.88922,11.39909],[105.88883,11.39838],[105.88894,11.39774],[105.8899,11.39657],[105.89254,11.39568],[105.89411,11.39465],[105.89577,11.39287],[105.89587,11.39136],[105.89427,11.38774],[105.89404,11.3864],[105.89425,11.38584],[105.895,11.38533],[105.89838,11.38522],[105.89953,11.384],[105.89989,11.38216],[105.89862,11.37945],[105.89862,11.3788],[105.89895,11.37849],[105.90026,11.37841],[105.90394,11.37936],[105.90517,11.3786],[105.90389,11.3752],[105.90382,11.37398],[105.90416,11.37185],[105.90536,11.37001],[105.9072,11.36953],[105.91267,11.37072],[105.9187,11.37038],[105.91954,11.37092],[105.91979,11.37246],[105.92058,11.37284],[105.92356,11.37165],[105.92647,11.37221],[105.92764,11.37204],[105.92802,11.37148],[105.92794,11.36952],[105.93111,11.3658],[105.93158,11.36467],[105.93145,11.36364],[105.93027,11.363],[105.92907,11.36328],[105.92806,11.36437],[105.92684,11.3673],[105.926,11.36778],[105.92487,11.36772],[105.9231,11.36607],[105.9219,11.36328],[105.91929,11.35916],[105.91906,11.35786],[105.91961,11.35726],[105.92246,11.3573],[105.92434,11.35696],[105.92549,11.35595],[105.9315,11.3527],[105.93408,11.34996],[105.9348,11.34992],[105.93558,11.35048],[105.93772,11.35357],[105.93861,11.35448],[105.93921,11.35464],[105.94037,11.35362],[105.94224,11.34864],[105.94339,11.34774],[105.94635,11.34654],[105.94843,11.3462],[105.94952,11.34637],[105.95104,11.34732],[105.9535,11.34962],[105.95486,11.35003],[105.95635,11.34927],[105.95817,11.34642],[105.95967,11.3462],[105.96068,11.34692],[105.96264,11.34948],[105.96377,11.34958],[105.96779,11.3462],[105.96947,11.34349],[105.96988,11.34157],[105.9693,11.34053],[105.96775,11.33965],[105.96424,11.33941],[105.96326,11.33894],[105.96315,11.33751],[105.96375,11.33678],[105.9666,11.33526],[105.96824,11.33382],[105.96925,11.33217],[105.97022,11.32943],[105.97119,11.32795],[105.97198,11.32764],[105.9731,11.32784],[105.97715,11.33058],[105.97886,11.33112],[105.98103,11.33034],[105.98257,11.32897],[105.98321,11.32792],[105.98375,11.32572],[105.98324,11.31771],[105.98298,11.31615],[105.98172,11.31292],[105.98196,11.31129],[105.98288,11.31046],[105.98961,11.30663],[105.99391,11.30504],[105.99697,11.3043],[105.99792,11.30425],[105.99896,11.30466],[106.00316,11.30884],[106.00494,11.30953],[106.00605,11.30944],[106.00904,11.30794],[106.01215,11.30707],[106.01305,11.30553],[106.01308,11.30177],[106.01016,11.29457],[106.00847,11.29364],[106.00545,11.29404],[106.00329,11.29396],[105.99988,11.29225],[105.99895,11.29141],[105.9983,11.29171],[105.99768,11.29273],[105.99645,11.29293],[105.99484,11.29268],[105.99408,11.2933],[105.99286,11.29323],[105.98818,11.29149],[105.98469,11.29161],[105.98238,11.29204],[105.98162,11.29176],[105.97846,11.29179],[105.9769,11.29034],[105.9767,11.28887],[105.97539,11.28629],[105.97416,11.2806],[105.97276,11.27838],[105.97168,11.2775],[105.97026,11.27741],[105.96998,11.27663],[105.96834,11.27527],[105.96355,11.27318],[105.95875,11.27698],[105.95318,11.27961],[105.94891,11.28364],[105.94639,11.28715],[105.94575,11.29078],[105.94148,11.28879],[105.93863,11.28875],[105.93563,11.28983],[105.9303,11.28915],[105.92785,11.28927],[105.9267,11.28785],[105.92761,11.2862],[105.9278,11.28503],[105.92218,11.28518],[105.92099,11.28404],[105.91947,11.28003],[105.91737,11.27878],[105.91575,11.2768],[105.91468,11.27668],[105.914,11.27624],[105.9086,11.27571],[105.90788,11.27534],[105.90777,11.28102],[105.90915,11.28381],[105.90904,11.28425],[105.90735,11.2847],[105.90488,11.28448],[105.90446,11.2841],[105.90331,11.28417],[105.90201,11.28472],[105.90034,11.28474],[105.89882,11.28596],[105.89814,11.28496],[105.89709,11.28514],[105.89347,11.28688],[105.88951,11.28793],[105.88833,11.28802],[105.88758,11.28762],[105.88505,11.28785],[105.8819,11.28756],[105.87708,11.28767],[105.87528,11.28644],[105.87349,11.2848],[105.87356,11.28458],[105.87238,11.28402],[105.87216,11.28348],[105.86839,11.28203],[105.8673,11.28118],[105.86588,11.28209],[105.86426,11.28398],[105.8631,11.28615],[105.86276,11.28747],[105.86299,11.2893],[105.86448,11.29403],[105.86947,11.29897],[105.8689,11.30112],[105.87078,11.30927],[105.87056,11.31017],[105.86764,11.31518],[105.86727,11.31616],[105.8674,11.31758],[105.87028,11.32323],[105.87412,11.3274],[105.87505,11.33176],[105.87514,11.33584],[105.87621,11.33814],[105.87621,11.33979],[105.87689,11.34174],[105.8783,11.34481],[105.87824,11.34916],[105.87932,11.35296],[105.88371,11.3589],[105.88273,11.36261],[105.88289,11.36484],[105.88362,11.36808],[105.88292,11.36844],[105.88292,11.36898],[105.88186,11.36914],[105.88157,11.37101],[105.88182,11.37106],[105.88169,11.37176],[105.882,11.37178],[105.88184,11.3727],[105.87875,11.372],[105.87734,11.37133],[105.87214,11.37406],[105.87304,11.37498],[105.87393,11.37501],[105.87323,11.38174],[105.87721,11.38695],[105.87905,11.38769],[105.8787,11.38882],[105.8798,11.38976],[105.87173,11.40459],[105.8735,11.40499],[105.87647,11.40676],[105.87959,11.40674],[105.88041,11.40702],[105.88205,11.40868],[105.88301,11.41119],[105.88361,11.41138],[105.88473,11.41115],[105.8856,11.41172],[105.88608,11.4126],[105.88623,11.41391],[105.88795,11.41297],[105.89004,11.41111]]]]}},
{"type":"Feature","id":"25621","properties":{"Ward_Code":"25621","Ward_Code_Num":25621,"Ward":"Ninh Điền","Ward_Alt":"Ninh Điền","Ward_Upper":"NINH ĐIỀN","Ward_Full":"Xã Ninh Điền","Ward_Full_Alt":"Xã Ninh Điền","Ward_Full_Upper_Alt":"XÃ NINH ĐIỀN","Ward_Type":"Xã","Province_Code":"80","Province":"Tây Ninh","Province_Upper_Alt":"TÂY NINH"},"geometry":{"type":"MultiPolygon","coordinates":[[[[105.99351,11.2933],[105.99424,11.29324],[105.99484,11.29268],[105.99645,11.29293],[105.99768,11.29273],[105.9983,11.29171],[105.99895,11.29141],[105.99865,11.29053],[105.99881,11.28938],[106.00121,11.28399],[106.00248,11.27945],[106.00667,11.27539],[106.01052,11.2743],[106.01393,11.27432],[106.01494,11.27448],[106.01873,11.27623],[106.02067,11.27641],[106.02286,11.2754],[106.02666,11.27142],[106.0297,11.26967],[106.03283,11.26962],[106.03873,11.27101],[106.04107,11.27044],[106.04215,11.26966],[106.04316,11.26809],[106.04482,11.26414],[106.04572,11.25935],[106.04475,11.25771],[106.04181,11.25556],[106.04135,11.25476],[106.04126,11.25354],[106.04208,11.2517],[106.04514,11.24694],[106.04644,11.24542],[106.04817,11.24494],[106.04982,11.24529],[106.0544,11.24721],[106.05589,11.24741],[106.05742,11.24707],[106.05825,11.24645],[106.05878,11.24537],[106.0589,11.24175],[106.05938,11.23922],[106.06017,11.23756],[106.06213,11.23488],[106.06488,11.23252],[106.07011,11.22982],[106.07212,11.22928],[106.07215,11.22751],[106.07127,11.22571],[106.07139,11.2244],[106.07059,11.22279],[106.07111,11.22001],[106.07233,11.21688],[106.07214,11.21633],[106.0725,11.21605],[106.07257,11.21493],[106.07242,11.21433],[106.07199,11.21442],[106.07164,11.2125],[106.07096,11.21256],[106.07079,11.21157],[106.07235,11.21088],[106.0717,11.21057],[106.07056,11.20786],[106.06962,11.20756],[106.06986,11.20563],[106.0696,11.20542],[106.07077,11.20481],[106.07278,11.20226],[106.0793,11.19212],[106.08071,11.1892],[106.07988,11.18928],[106.0787,11.18599],[106.07822,11.18626],[106.07753,11.18418],[106.07708,11.18155],[106.07747,11.18142],[106.07696,11.17966],[106.07675,11.17971],[106.07681,11.17917],[106.07043,11.1796],[106.063,11.17879],[106.04252,11.18272],[106.03468,11.18998],[106.02823,11.19075],[106.01975,11.18892],[106.01475,11.18596],[106.01428,11.1909],[105.99598,11.19119],[105.99442,11.19206],[105.99153,11.1927],[105.98165,11.19606],[105.97477,11.19946],[105.97069,11.19815],[105.96642,11.19585],[105.94152,11.20628],[105.93878,11.20835],[105.93494,11.21302],[105.9312,11.21626],[105.93011,11.217],[105.92713,11.21731],[105.91096,11.24046],[105.91037,11.24471],[105.9075,11.25337],[105.90815,11.25715],[105.91072,11.26195],[105.91224,11.2672],[105.91157,11.26983],[105.90787,11.27534],[105.9086,11.27571],[105.914,11.27624],[105.91468,11.27668],[105.91575,11.2768],[105.91737,11.27878],[105.91947,11.28003],[105.92099,11.28404],[105.92218,11.28518],[105.9278,11.28503],[105.92761,11.2862],[105.9267,11.28785],[105.92785,11.28927],[105.9303,11.28915],[105.93563,11.28983],[105.93863,11.28875],[105.94148,11.28879],[105.94575,11.29078],[105.94639,11.28715],[105.94891,11.28364],[105.95318,11.27961],[105.95875,11.27698],[105.96355,11.27318],[105.96834,11.27527],[105.96998,11.27663],[105.97026,11.27741],[105.97168,11.2775],[105.97276,11.27838],[105.97416,11.2806],[105.97539,11.28629],[105.9767,11.28887],[105.9769,11.29034],[105.97798,11.2915],[105.97846,11.29179],[105.98162,11.29176],[105.98238,11.29204],[105.98469,11.29161],[105.98818,11.29149],[105.99351,11.2933]]]]}},
{"type":"Feature","id":"25630","properties":{"Ward_Code":"25630","Ward_Code_Num":25630,"Ward":"Long Hoa","Ward_Alt":"Long Hoa","Ward_Upper":"LONG HOA","Ward_Full":"Phường Long Hoa","Ward_Full_Alt":"Phường Long Hoa","Ward_Full_Upper_Alt":"PHƯỜNG LONG HOA","Ward_Type":"Phường","Province_Code":"80","Province":"Tây Ninh","Province_Upper_Alt":"TÂY NINH"},"geometry":{"type":"MultiPolygon","coordinates":[[[[106.13853,11.30523],[106.13848,11.30448],[106.13925,11.30356],[106.13921,11.30131],[106.13958,11.30134],[106.14064,11.29814],[106.14187,11.29639],[106.14134,11.29404],[106.14459,11.29575],[106.14628,11.29756],[106.14747,11.30139],[106.14972,11.29998],[106.15227,11.29593],[106.15319,11.29438],[106.15296,11.29299],[106.15387,11.29076],[106.15876,11.29146],[106.15975,11.29214],[106.16036,11.29154],[106.16118,11.29228],[106.16186,11.29555],[106.16106,11.29662],[106.16421,11.29918],[106.16921,11.29895],[106.17395,11.29321],[106.17419,11.29129],[106.17573,11.29094],[106.17569,11.2912],[106.1784,11.29236],[106.17895,11.29014],[106.18184,11.29034],[106.18196,11.28989],[106.18239,11.29029],[106.18238,11.29078],[106.18512,11.29115],[106.18625,11.29183],[106.18704,11.29111],[106.18729,11.29154],[106.18964,11.28945],[106.19081,11.29121],[106.19353,11.29111],[106.19405,11.28784],[106.19459,11.28747],[106.19428,11.28695],[106.19466,11.28494],[106.19518,11.28504],[106.19518,11.28416],[106.19792,11.28144],[106.19786,11.28059],[106.19852,11.27948],[106.2006,11.27768],[106.20054,11.27425],[106.20015,11.27384],[106.19941,11.27386],[106.19874,11.27032],[106.19872,11.26572],[106.19775,11.26567],[106.19766,11.26176],[106.20353,11.26155],[106.20347,11.25982],[106.20497,11.25632],[106.20194,11.25551],[106.19971,11.25453],[106.19768,11.252],[106.19627,11.24899],[106.19631,11.2476],[106.19559,11.24696],[106.19506,11.2458],[106.193,11.23756],[106.19177,11.23656],[106.18965,11.23215],[106.18948,11.23071],[106.18857,11.2286],[106.18577,11.22971],[106.18191,11.22246],[106.18076,11.22166],[106.17972,11.22158],[106.17878,11.22072],[106.17657,11.22223],[106.17647,11.22268],[106.17508,11.22268],[106.17188,11.22146],[106.17098,11.22004],[106.17044,11.21832],[106.16955,11.21845],[106.16674,11.21345],[106.16446,11.21391],[106.1644,11.21347],[106.16307,11.21346],[106.1631,11.21128],[106.15633,11.21045],[106.15587,11.21318],[106.1536,11.21328],[106.15351,11.21285],[106.15259,11.21278],[106.15056,11.21303],[106.15049,11.21243],[106.14849,11.2126],[106.14851,11.21467],[106.14584,11.22102],[106.14276,11.22693],[106.13712,11.2352],[106.13608,11.23806],[106.13515,11.2393],[106.13611,11.24101],[106.13939,11.24152],[106.13604,11.28024],[106.12591,11.27894],[106.12615,11.28007],[106.1248,11.28024],[106.12472,11.28059],[106.1237,11.28028],[106.12262,11.28265],[106.12299,11.28351],[106.12329,11.28345],[106.12297,11.28377],[106.12304,11.28551],[106.12418,11.28544],[106.12452,11.28678],[106.1236,11.28734],[106.1236,11.28952],[106.12392,11.28957],[106.12402,11.2889],[106.12429,11.28896],[106.12424,11.28961],[106.12522,11.28993],[106.12535,11.29051],[106.12642,11.29043],[106.12662,11.29095],[106.12671,11.29499],[106.12718,11.29508],[106.129,11.30259],[106.12911,11.30477],[106.12965,11.3052],[106.13406,11.30543],[106.13853,11.30523]]]]}},
{"type":"Feature","id":"25633","properties":{"Ward_Code":"25633","Ward_Code_Num":25633,"Ward":"Thanh Điền","Ward_Alt":"Thanh Điền","Ward_Upper":"THANH ĐIỀN","Ward_Full":"Phường Thanh Điền","Ward_Full_Alt":"Phường Thanh Điền","Ward_Full_Upper_Alt":"PHƯỜNG THANH ĐIỀN","Ward_Type":"Phường","Province_Code":"80","Province":"Tây Ninh","Province_Upper_Alt":"TÂY NINH"},"geometry":{"type":"MultiPolygon","coordinates":[[[[106.08609,11.30361],[106.08671,11.3006],[106.0878,11.3012],[106.08828,11.3009],[106.08832,11.29849],[106.09128,11.29824],[106.09139,11.29741],[106.09202,11.29692],[106.09256,11.29712],[106.09325,11.29696],[106.09322,11.29672],[106.09457,11.29655],[106.096,11.29687],[106.09741,11.29634],[106.09634,11.29376],[106.09665,11.29212],[106.09899,11.293519999999999],[106.09938,11.29467],[106.09983,11.294739999999999],[106.10081,11.2962],[106.10306,11.2972],[106.1044,11.29847],[106.10584,11.29732],[106.10625,11.29505],[106.11311,11.29543],[106.11794,11.29614],[106.12911,11.30477],[106.12917,11.30418],[106.12718,11.29508],[106.12671,11.29499],[106.12662,11.29095],[106.12642,11.29043],[106.12535,11.29051],[106.12522,11.28993],[106.12424,11.28961],[106.12429,11.28896],[106.12402,11.2889],[106.12392,11.28957],[106.1236,11.28952],[106.1236,11.28734],[106.12117,11.28871],[106.11318,11.27849],[106.1075,11.2765],[106.09568,11.27106],[106.09497,11.27115],[106.09455,11.27006],[106.09327,11.26891],[106.09293,11.26611],[106.09345,11.26479],[106.09296,11.26326],[106.09283,11.25947],[106.09351,11.25851],[106.09531,11.25912],[106.09592,11.2579],[106.0945,11.25679],[106.094,11.25582],[106.09409,11.25324],[106.09254,11.25251],[106.09364,11.24562],[106.0928,11.2446],[106.09265,11.24124],[106.09221,11.24051],[106.09059,11.23917],[106.091,11.23766],[106.09095,11.23636],[106.08827,11.23248],[106.08745,11.23149],[106.08678,11.23332],[106.08555,11.23461],[106.0841,11.23518],[106.08298,11.23519],[106.08033,11.23386],[106.07792,11.23146],[106.07599,11.23015],[106.07323,11.22933],[106.07106,11.22946],[106.06488,11.23252],[106.06294,11.23396],[106.05976,11.23825],[106.0589,11.24175],[106.05864,11.24591],[106.05972,11.24644],[106.06025,11.24741],[106.06433,11.25192],[106.06609,11.25504],[106.06602,11.25682],[106.0665,11.25704],[106.06737,11.26051],[106.06751,11.26884],[106.06624,11.30109],[106.07022,11.30124],[106.07061,11.30213],[106.07302,11.30288],[106.07655,11.30296],[106.08106,11.30252],[106.08342,11.30577],[106.08494,11.30518],[106.08553,11.30365],[106.08609,11.30361]]]]}},
{"type":"Feature","id":"25645","properties":{"Ward_Code":"25645","Ward_Code_Num":25645,"Ward":"Hoà Thành","Ward_Alt":"Hòa Thành","Ward_Upper":"HOÀ THÀNH","Ward_Full":"Phường Hoà Thành","Ward_Full_Alt":"Phường Hòa Thành","Ward_Full_Upper_Alt":"PHƯỜNG HÒA THÀNH","Ward_Type":"Phường","Province_Code":"80","Province":"Tây Ninh","Province_Upper_Alt":"TÂY NINH"},"geometry":{"type":"MultiPolygon","coordinates":[[[[106.12308,11.28763],[106.12452,11.28678],[106.12418,11.28544],[106.12304,11.28551],[106.12297,11.28377],[106.12329,11.28345],[106.12299,11.28351],[106.12262,11.28265],[106.1237,11.28028],[106.12472,11.28059],[106.1248,11.28024],[106.12615,11.28007],[106.12591,11.27894],[106.13604,11.28024],[106.13939,11.24152],[106.13611,11.24101],[106.13515,11.2393],[106.13354,11.23997],[106.13108,11.24017],[106.12628,11.23918],[106.12435,11.23924],[106.12278,11.24024],[106.12047,11.24375],[106.11609,11.24799],[106.11469,11.24857],[106.11372,11.24841],[106.10898,11.24651],[106.1055,11.24553],[106.1035,11.24446],[106.1022,11.24235],[106.10231,11.2371],[106.10148,11.23546],[106.09977,11.23416],[106.09662,11.23288],[106.09322,11.22955],[106.09104,11.22862],[106.08851,11.22889],[106.08767,11.23037],[106.08745,11.23149],[106.09095,11.23636],[106.091,11.23766],[106.09059,11.23917],[106.09221,11.24051],[106.09265,11.24124],[106.0928,11.2446],[106.09364,11.24562],[106.09254,11.25251],[106.09409,11.25324],[106.094,11.25582],[106.0945,11.25679],[106.09582,11.25758],[106.09593,11.25798],[106.09531,11.25912],[106.09351,11.25851],[106.09283,11.25947],[106.09296,11.26326],[106.09345,11.26479],[106.09293,11.26611],[106.09327,11.26891],[106.09455,11.27006],[106.09497,11.27115],[106.09568,11.27106],[106.1075,11.2765],[106.11318,11.27849],[106.12117,11.28871],[106.12308,11.28763]]]]}},
{"type":"Feature","id":"25654","properties":{"Ward_Code":"25654","Ward_Code_Num":25654,"Ward":"Gò Dầu","Ward_Alt":"Gò Dầu","Ward_Upper":"GÒ DẦU","Ward_Full":"Phường Gò Dầu","Ward_Full_Alt":"Phường Gò Dầu","Ward_Full_Upper_Alt":"PHƯỜNG GÒ DẦU","Ward_Type":"Phường","Province_Code":"80","Province":"Tây Ninh","Province_Upper_Alt":"TÂY NINH"},"geometry":{"type":"MultiPolygon","coordinates":[[[[106.3029,11.10115],[106.30371,11.10113],[106.30429,11.0998],[106.30672,11.10086],[106.30863,11.10126],[106.3194,11.09722],[106.32681,11.09507],[106.32738,11.09245],[106.33575,11.07465],[106.34221,11.06514],[106.34076,11.06436],[106.34108,11.06376],[106.33945,11.0619],[106.33811,11.06107],[106.33455,11.06069],[106.33187,11.05966],[106.33149,11.05992],[106.32987,11.05742],[106.32936,11.05728],[106.32961,11.05555],[106.32881,11.05485],[106.32815,11.05356],[106.32734,11.0531],[106.32428,11.05312],[106.32356,11.05241],[106.32071,11.05205],[106.31957,11.05102],[106.31779,11.05052],[106.31354,11.04662],[106.31231,11.04487],[106.31139,11.04455],[106.31004,11.04467],[106.30941,11.04429],[106.30861,11.04473],[106.30772,11.0442],[106.30749,11.04371],[106.30633,11.0431],[106.30679,11.04278],[106.30677,11.0413],[106.3051,11.04049],[106.30285,11.041],[106.30112,11.04191],[106.29768,11.04142],[106.29793,11.0433],[106.29903,11.04504],[106.29937,11.04641],[106.29797,11.04653],[106.29371,11.04792],[106.29156,11.04785],[106.29155,11.04878],[106.28755,11.04877],[106.28642,11.05648],[106.28588,11.05821],[106.28454,11.05725],[106.28005,11.05583],[106.27922,11.05514],[106.27635,11.05389],[106.27594,11.05305],[106.27486,11.05239],[106.27471,11.05143],[106.27409,11.05133],[106.27266,11.04943],[106.27194,11.04917],[106.27078,11.04711],[106.26548,11.05016],[106.26321,11.05258],[106.26264,11.05406],[106.26276,11.05564],[106.26383,11.05722],[106.2685,11.06145],[106.26959,11.06346],[106.26975,11.0657],[106.26693,11.07364],[106.26233,11.08137],[106.25882,11.09038],[106.25707,11.09229],[106.25559,11.09327],[106.25415,11.09376],[106.25659,11.09943],[106.25726,11.09995],[106.25848,11.10008],[106.2587,11.10161],[106.25999,11.10243],[106.26139,11.1051],[106.2618,11.10527],[106.26277,11.10431],[106.26368,11.10454],[106.26698,11.10232],[106.27342,11.10065],[106.27618,11.09889],[106.28092,11.09774],[106.28687,11.09954],[106.29365,11.10331],[106.29934,11.10506],[106.30056,11.10585],[106.30313,11.10202],[106.3029,11.10115]]]]}},
{"type":"Feature","id":"25657","properties":{"Ward_Code":"25657","Ward_Code_Num":25657,"Ward":"Thạnh Đức","Ward_Alt":"Thạnh Đức","Ward_Upper":"THẠNH ĐỨC","Ward_Full":"Xã Thạnh Đức","Ward_Full_Alt":"Xã Thạnh Đức","Ward_Full_Upper_Alt":"XÃ THẠNH ĐỨC","Ward_Type":"Xã","Province_Code":"80","Province":"Tây Ninh","Province_Upper_Alt":"TÂY NINH"},"geometry":{"type":"MultiPolygon","coordinates":[[[[106.20709,11.26747],[106.20723,11.2682],[106.20909,11.26769],[106.2093,11.26853],[106.2106,11.26828],[106.21002,11.26592],[106.21104,11.26575],[106.21041,11.26474],[106.21071,11.26454],[106.21007,11.26391],[106.21069,11.26338],[106.2141,11.26652],[106.21544,11.26736],[106.21674,11.26611],[106.21536,11.26494],[106.21936,11.26114],[106.21417,11.25559],[106.21383,11.25179],[106.21923,11.2467],[106.22348,11.24057],[106.22625,11.24046],[106.22592,11.24342],[106.22651,11.24398],[106.22696,11.24533],[106.22795,11.24514],[106.22809,11.24333],[106.22899,11.24154],[106.22868,11.23878],[106.22913,11.23628],[106.22839,11.23623],[106.2286,11.23272],[106.22898,11.23164],[106.23,11.23079],[106.23436,11.23142],[106.23571,11.23032],[106.23324,11.22758],[106.23413,11.22689],[106.23452,11.22736],[106.23624,11.22597],[106.23547,11.22492],[106.24028,11.22189],[106.24151,11.22196],[106.24254,11.22354],[106.24383,11.22248],[106.24403,11.22268],[106.2449,11.22196],[106.24378,11.22101],[106.24444,11.21896],[106.24562,11.21924],[106.24665,11.2177],[106.24782,11.21881],[106.24868,11.21747],[106.24944,11.21727],[106.24921,11.21694],[106.24982,11.21667],[106.24962,11.21626],[106.25255,11.21506],[106.25318,11.21418],[106.25276,11.21377],[106.25356,11.21298],[106.25393,11.21335],[106.25464,11.21256],[106.25583,11.20986],[106.25947,11.21198],[106.26261,11.2123],[106.26496,11.21176],[106.26602,11.21116],[106.26279,11.20678],[106.26146,11.20259],[106.26039,11.19732],[106.2602,11.19742],[106.25988,11.19645],[106.25952,11.19376],[106.25826,11.19209],[106.25654,11.18803],[106.25667,11.18605],[106.25616,11.18383],[106.25614,11.18081],[106.2558,11.17838],[106.25536,11.17742],[106.25544,11.17662],[106.25477,11.17504],[106.25492,11.17291],[106.2553,11.17263],[106.25568,11.16988],[106.25629,11.16957],[106.25691,11.16761],[106.25664,11.16704],[106.25681,11.16654],[106.25608,11.16554],[106.25525,11.16564],[106.25306,11.16464],[106.2508,11.16439],[106.24984,11.16376],[106.24852,11.16364],[106.24745,11.16281],[106.24486,11.16232],[106.24273,11.16291],[106.23926,11.16305],[106.2384,11.16361],[106.2371,11.16328],[106.23549,11.16338],[106.23345,11.16155],[106.23185,11.15895],[106.23124,11.15598],[106.22969,11.15317],[106.22693,11.1556],[106.22491,11.15644],[106.22302,11.1569],[106.2196,11.15698],[106.21707,11.15656],[106.21258,11.15479],[106.20658,11.15296],[106.20019,11.1522],[106.1945,11.15068],[106.19276,11.15095],[106.191,11.15189],[106.18656,11.15565],[106.18547,11.15731],[106.18538,11.16043],[106.18457,11.16346],[106.18301,11.16586],[106.18021,11.1675],[106.1754,11.16765],[106.17411,11.16728],[106.17128,11.1653],[106.1677,11.16003],[106.16471,11.15893],[106.16101,11.15873],[106.15918,11.15763],[106.15759,11.15721],[106.1553,11.15767],[106.14903,11.1608],[106.14537,11.16212],[106.14288,11.16414],[106.14008,11.16895],[106.13882,11.17223],[106.13847,11.17623],[106.13973,11.18842],[106.14109,11.19064],[106.14562,11.19373],[106.14671,11.19481],[106.14771,11.19662],[106.14836,11.20215],[106.14818,11.20508],[106.14866,11.20876],[106.14849,11.2126],[106.15049,11.21243],[106.15056,11.21303],[106.15259,11.21278],[106.15351,11.21285],[106.1536,11.21328],[106.15587,11.21318],[106.15633,11.21045],[106.1631,11.21128],[106.16307,11.21346],[106.1644,11.21347],[106.16446,11.21391],[106.16674,11.21345],[106.16955,11.21845],[106.17044,11.21832],[106.17098,11.22004],[106.17188,11.22146],[106.17508,11.22268],[106.17647,11.22268],[106.17657,11.22223],[106.17878,11.22072],[106.17972,11.22158],[106.18076,11.22166],[106.18191,11.22246],[106.18577,11.22971],[106.18857,11.2286],[106.18948,11.23071],[106.18965,11.23215],[106.19177,11.23656],[106.193,11.23756],[106.19506,11.2458],[106.19559,11.24696],[106.19631,11.2476],[106.19627,11.24899],[106.19768,11.252],[106.19971,11.25453],[106.20194,11.25551],[106.20497,11.25632],[106.20347,11.25982],[106.2036,11.26249],[106.20574,11.26489],[106.20631,11.26514],[106.20709,11.26747]]]]}},
{"type":"Feature","id":"25663","properties":{"Ward_Code":"25663","Ward_Code_Num":25663,"Ward":"Phước Thạnh","Ward_Alt":"Phước Thạnh","Ward_Upper":"PHƯỚC THẠNH","Ward_Full":"Xã Phước Thạnh","Ward_Full_Alt":"Xã Phước Thạnh","Ward_Full_Upper_Alt":"XÃ PHƯỚC THẠNH","Ward_Type":"Xã","Province_Code":"80","Province":"Tây Ninh","Province_Upper_Alt":"TÂY NINH"},"geometry":{"type":"MultiPolygon","coordinates":[[[[106.26686,11.20972],[106.26719,11.20959],[106.26846,11.20629],[106.26962,11.20523],[106.26995,11.20477],[106.2697,11.20427],[106.27056,11.20342],[106.27237,11.20781],[106.2736,11.20686],[106.27413,11.20512],[106.27588,11.2018],[106.27659,11.19732],[106.27582,11.19682],[106.2798,11.19452],[106.28019,11.19554],[106.28207,11.1944],[106.28268,11.19361],[106.28203,11.19315],[106.28235,11.19292],[106.28132,11.19236],[106.28209,11.19119],[106.28351,11.19205],[106.28387,11.19179],[106.28486,11.19204],[106.28587,11.18779],[106.28716,11.18811],[106.28735,11.18792],[106.28371,11.18438],[106.28359,11.18387],[106.28364,11.18344],[106.28816,11.17938],[106.28782,11.17928],[106.28773,11.17836],[106.28712,11.17831],[106.28715,11.17768],[106.28852,11.17517],[106.28828,11.17345],[106.28762,11.17189],[106.28816,11.16983],[106.28775,11.16874],[106.28778,11.16756],[106.28914,11.16779],[106.29001,11.1641],[106.2897,11.16305],[106.28895,11.16173],[106.2887,11.16174],[106.28882,11.16098],[106.28826,11.16092],[106.28832,11.15942],[106.28938,11.157],[106.28961,11.15326],[106.2913,11.15308],[106.29249,11.15166],[106.29428,11.15056],[106.29503,11.1485],[106.29638,11.14688],[106.2976,11.14352],[106.29921,11.14248],[106.29951,11.14079],[106.30101,11.13948],[106.30049,11.13948],[106.30008,11.13714],[106.30454,11.13672],[106.30618,11.13734],[106.30621,11.13703],[106.31017,11.13691],[106.31083,11.13591],[106.31133,11.13448],[106.31112,11.13338],[106.31144,11.13105],[106.31055,11.12985],[106.3108,11.12852],[106.31139,11.12765],[106.31127,11.12661],[106.31201,11.12544],[106.31202,11.12384],[106.31259,11.12302],[106.31259,11.12228],[106.31363,11.12071],[106.31378,11.1172],[106.31433,11.11532],[106.31372,11.11504],[106.31299,11.11335],[106.31232,11.11316],[106.31012,11.11031],[106.30686,11.10995],[106.30521,11.10877],[106.30413,11.10895],[106.3022,11.10786],[106.30168,11.10695],[106.29976,11.10524],[106.29365,11.10331],[106.28687,11.09954],[106.28106,11.09776],[106.27618,11.09889],[106.27342,11.10065],[106.26698,11.10232],[106.26368,11.10454],[106.26294,11.10425],[106.26202,11.10518],[106.26148,11.1052],[106.25999,11.10243],[106.2587,11.10161],[106.25848,11.10008],[106.25726,11.09995],[106.25659,11.09943],[106.25415,11.09376],[106.25292,11.09386],[106.25156,11.09352],[106.24928,11.09154],[106.247,11.08896],[106.24553,11.08859],[106.24406,11.0894],[106.24218,11.09234],[106.23994,11.0941],[106.23554,11.0967],[106.22818,11.10041],[106.22652,11.10202],[106.225,11.1053],[106.22379,11.11514],[106.22256,11.11951],[106.2223,11.12204],[106.22321,11.12427],[106.2254,11.12538],[106.22881,11.12527],[106.23238,11.1236],[106.23348,11.12354],[106.23495,11.12444],[106.23644,11.1261],[106.23723,11.12832],[106.23776,11.13152],[106.2335,11.13939],[106.23027,11.14771],[106.23027,11.15147],[106.22969,11.15317],[106.23124,11.15598],[106.23185,11.15895],[106.23345,11.16155],[106.23549,11.16338],[106.2371,11.16328],[106.2384,11.16361],[106.23926,11.16305],[106.24273,11.16291],[106.24486,11.16232],[106.24745,11.16281],[106.24852,11.16364],[106.24984,11.16376],[106.2508,11.16439],[106.25306,11.16464],[106.25473,11.1655],[106.25629,11.16571],[106.25681,11.16654],[106.25664,11.16704],[106.25693,11.16754],[106.25629,11.16957],[106.25568,11.16988],[106.2553,11.17263],[106.25492,11.17291],[106.25477,11.17504],[106.25544,11.17662],[106.25536,11.17742],[106.2558,11.17838],[106.25614,11.18081],[106.25616,11.18383],[106.25667,11.18605],[106.25654,11.18803],[106.25826,11.19209],[106.25952,11.19376],[106.25988,11.19645],[106.2602,11.19742],[106.26039,11.19732],[106.26146,11.20259],[106.26279,11.20678],[106.26348,11.20805],[106.26613,11.21122],[106.26686,11.20972]]]]}},
{"type":"Feature","id":"25666","properties":{"Ward_Code":"25666","Ward_Code_Num":25666,"Ward":"Truông Mít","Ward_Alt":"Truông Mít","Ward_Upper":"TRUÔNG MÍT","Ward_Full":"Xã Truông Mít","Ward_Full_Alt":"Xã Truông Mít","Ward_Full_Upper_Alt":"XÃ TRUÔNG MÍT","Ward_Type":"Xã","Province_Code":"80","Province":"Tây Ninh","Province_Upper_Alt":"TÂY NINH"},"geometry":{"type":"MultiPolygon","coordinates":[[[[106.26754,11.26965],[106.26773,11.26991],[106.26921,11.26867],[106.26895,11.26632],[106.26925,11.26628],[106.27019,11.26436],[106.27061,11.26455],[106.27284,11.25937],[106.27315,11.25943],[106.27373,11.25874],[106.27345,11.25754],[106.27441,11.25752],[106.2742,11.2566],[106.27561,11.25467],[106.2759,11.25484],[106.27768,11.2519],[106.27738,11.2513],[106.2785,11.24979],[106.27723,11.24924],[106.28012,11.2411],[106.28512,11.24315],[106.28652,11.238],[106.2861,11.23556],[106.28578,11.23551],[106.28605,11.2327],[106.28789,11.22838],[106.29085,11.22981],[106.30003,11.22919],[106.30017,11.22578],[106.30222,11.22632],[106.30265,11.22716],[106.30372,11.2273],[106.30626,11.2268],[106.30662,11.22643],[106.30695,11.2267],[106.30798,11.2266],[106.30948,11.22589],[106.31076,11.22613],[106.31284,11.2257],[106.31471,11.22663],[106.31648,11.22579],[106.32,11.2275],[106.32107,11.22756],[106.32249,11.22897],[106.32338,11.22915],[106.32478,11.23054],[106.32621,11.23043],[106.32675,11.22906],[106.32749,11.22888],[106.32756,11.22839],[106.32814,11.22787],[106.32821,11.22692],[106.3307,11.22545],[106.33133,11.22429],[106.33244,11.22357],[106.33257,11.2229],[106.3336,11.22213],[106.3344,11.22056],[106.33501,11.22044],[106.33539,11.21963],[106.33534,11.21885],[106.33628,11.21732],[106.33633,11.21626],[106.33886,11.21339],[106.34035,11.21372],[106.34094,11.21337],[106.34130999999999,11.21385],[106.34216,11.2135],[106.34381,11.21504],[106.3446,11.21535],[106.34504,11.21653],[106.34528,11.21629],[106.34575,11.21683],[106.34635,11.21623],[106.34668,11.21644],[106.34662,11.21689],[106.34759,11.21747],[106.34848,11.21746],[106.34897,11.21676],[106.34985,11.21692],[106.34996,11.21659],[106.35041,11.21664],[106.35047,11.21579],[106.35155,11.21587],[106.35185,11.21513],[106.35253,11.21521],[106.35289,11.21424],[106.35277,11.21338],[106.32789,11.18957],[106.3287,11.18899],[106.32603,11.18631],[106.33216,11.1804],[106.33859,11.1727],[106.33381,11.16866],[106.33614,11.16591],[106.3392,11.16452],[106.33026,11.15864],[106.32838,11.1584],[106.3109,11.14106],[106.31001,11.13982],[106.31017,11.13691],[106.30621,11.13703],[106.30618,11.13734],[106.30454,11.13672],[106.30008,11.13714],[106.30049,11.13948],[106.30101,11.13948],[106.29951,11.14079],[106.29921,11.14248],[106.2976,11.14352],[106.29638,11.14688],[106.29503,11.1485],[106.29428,11.15056],[106.29249,11.15166],[106.2913,11.15308],[106.28961,11.15326],[106.28938,11.157],[106.28832,11.15942],[106.28826,11.16092],[106.28882,11.16098],[106.2887,11.16174],[106.28895,11.16173],[106.2897,11.16305],[106.29001,11.1641],[106.28914,11.16779],[106.28778,11.16756],[106.28775,11.16874],[106.28816,11.16983],[106.28762,11.17189],[106.28828,11.17345],[106.28852,11.17517],[106.28715,11.17768],[106.28712,11.17831],[106.28773,11.17836],[106.28782,11.17928],[106.28816,11.17938],[106.28364,11.18344],[106.28359,11.18387],[106.28371,11.18438],[106.28735,11.18792],[106.28716,11.18811],[106.28587,11.18779],[106.28486,11.19204],[106.28387,11.19179],[106.28351,11.19205],[106.28209,11.19119],[106.28132,11.19236],[106.28235,11.19292],[106.28203,11.19315],[106.28268,11.19361],[106.28207,11.1944],[106.28019,11.19554],[106.2798,11.19452],[106.27582,11.19682],[106.27659,11.19732],[106.27588,11.2018],[106.27413,11.20512],[106.2736,11.20686],[106.27237,11.20781],[106.27056,11.20342],[106.2697,11.20427],[106.26995,11.20477],[106.26962,11.20523],[106.26846,11.20629],[106.26649,11.21075],[106.26534,11.21162],[106.26261,11.2123],[106.25947,11.21198],[106.25583,11.20986],[106.25464,11.21256],[106.25393,11.21335],[106.25356,11.21298],[106.25276,11.21377],[106.25318,11.21418],[106.25255,11.21506],[106.24962,11.21626],[106.24982,11.21667],[106.24921,11.21694],[106.24944,11.21727],[106.24868,11.21747],[106.24782,11.21881],[106.24665,11.2177],[106.24562,11.21924],[106.24444,11.21896],[106.24378,11.22101],[106.2449,11.22196],[106.24403,11.22268],[106.24383,11.22248],[106.24254,11.22354],[106.24151,11.22196],[106.24028,11.22189],[106.23547,11.22492],[106.23624,11.22597],[106.23557,11.22661],[106.23452,11.22736],[106.23413,11.22689],[106.23324,11.22758],[106.23571,11.23032],[106.23436,11.23142],[106.23605,11.23175],[106.23689,11.23258],[106.2403,11.23807],[106.24086,11.23761],[106.24224,11.23839],[106.24358,11.24007],[106.24307,11.24032],[106.24338,11.24101],[106.24265,11.24133],[106.24276,11.24234],[106.24235,11.24269],[106.24282,11.24373],[106.24257,11.24417],[106.24425,11.2469],[106.24367,11.24748],[106.24445,11.24826],[106.24432,11.24955],[106.24474,11.24931],[106.24546,11.25003],[106.24567,11.24978],[106.24943,11.2535],[106.24968,11.2532],[106.25078,11.2541],[106.25123,11.25355],[106.25158,11.2539],[106.2508,11.25485],[106.25199,11.25604],[106.2534,11.25524],[106.25394,11.25592],[106.25421,11.25569],[106.25451,11.25606],[106.2546,11.25647],[106.2537,11.25711],[106.25414,11.25777],[106.25339,11.25831],[106.25429,11.2603],[106.25577,11.26244],[106.25569,11.26298],[106.25508,11.26355],[106.25546,11.26362],[106.25785,11.26629],[106.2578,11.26688],[106.25832,11.26747],[106.25913,11.26744],[106.25991,11.26906],[106.26095,11.26878],[106.26107,11.2692],[106.26343,11.26925],[106.26352,11.27015],[106.26754,11.26965]]]]}},
{"type":"Feature","id":"25672","properties":{"Ward_Code":"25672","Ward_Code_Num":25672,"Ward":"Gia Lộc","Ward_Alt":"Gia Lộc","Ward_Upper":"GIA LỘC","Ward_Full":"Phường Gia Lộc","Ward_Full_Alt":"Phường Gia Lộc","Ward_Full_Upper_Alt":"PHƯỜNG GIA LỘC","Ward_Type":"Phường","Province_Code":"80","Province":"Tây Ninh","Province_Upper_Alt":"TÂY NINH"},"geometry":{"type":"MultiPolygon","coordinates":[[[[106.35484,11.11563],[106.35484,11.11541],[106.35628,11.11549],[106.35579,11.10958],[106.3564,11.1047],[106.35913,11.09702],[106.35942,11.08998],[106.36052,11.08399],[106.35995,11.08355],[106.36684,11.07055],[106.36705,11.0702],[106.36911,11.06995],[106.36934,11.07041],[106.37112,11.07085],[106.37103,11.07186],[106.37052,11.07212],[106.37034,11.07277],[106.37077,11.07302],[106.37316,11.07226],[106.37444,11.07245],[106.37474,11.07158],[106.37552,11.07182],[106.37632,11.07063],[106.37555,11.07008],[106.37582,11.06932],[106.37725,11.06813],[106.37796,11.06692],[106.37932,11.06591],[106.37952,11.06625],[106.38193,11.06499],[106.38293,11.06503],[106.38242,11.06096],[106.38361,11.05982],[106.38472,11.05931],[106.38443,11.05705],[106.38304,11.05656],[106.38169,11.05425],[106.38022,11.0491],[106.37754,11.0491],[106.37411,11.04828],[106.37317,11.04903],[106.37182,11.04902],[106.37115,11.05018],[106.37033,11.05072],[106.36942,11.04956],[106.36875,11.04981],[106.36647,11.0497],[106.36445,11.0502],[106.3607,11.05028],[106.35948,11.04439],[106.35868,11.04491],[106.3558,11.04401],[106.35567,11.04422],[106.35317,11.0429],[106.35246,11.04441],[106.34787,11.04084],[106.35043,11.03925],[106.3491,11.03768],[106.32938,11.05529],[106.32967,11.05579],[106.32936,11.05728],[106.32987,11.05742],[106.33149,11.05992],[106.33187,11.05966],[106.33455,11.06069],[106.33811,11.06107],[106.33945,11.0619],[106.34108,11.06376],[106.34076,11.06436],[106.34221,11.06514],[106.33575,11.07465],[106.32738,11.09245],[106.32681,11.09507],[106.3194,11.09722],[106.30863,11.10126],[106.30672,11.10086],[106.30429,11.0998],[106.30371,11.10113],[106.3029,11.10115],[106.30313,11.10202],[106.30056,11.10585],[106.3022,11.10786],[106.30413,11.10895],[106.30521,11.10877],[106.30686,11.10995],[106.30912,11.11003],[106.31033,11.11043],[106.31232,11.11316],[106.31299,11.11335],[106.31372,11.11504],[106.31433,11.11532],[106.31378,11.1172],[106.31363,11.12071],[106.31259,11.12228],[106.31259,11.12302],[106.31202,11.12384],[106.31201,11.12544],[106.31127,11.12661],[106.31139,11.12765],[106.3108,11.12852],[106.31055,11.12985],[106.31144,11.13105],[106.31112,11.13338],[106.31133,11.13448],[106.31014,11.13702],[106.31001,11.13982],[106.3109,11.14106],[106.32846,11.15842],[106.32926,11.15838],[106.32999,11.15766],[106.35736,11.12909],[106.35307,11.12595],[106.35261,11.12215],[106.35277,11.12012],[106.35531,11.11938],[106.35484,11.11563]]]]}},
{"type":"Feature","id":"25681","properties":{"Ward_Code":"25681","Ward_Code_Num":25681,"Ward":"Bến Cầu","Ward_Alt":"Bến Cầu","Ward_Upper":"BẾN CẦU","Ward_Full":"Xã Bến Cầu","Ward_Full_Alt":"Xã Bến Cầu","Ward_Full_Upper_Alt":"XÃ BẾN CẦU","Ward_Type":"Xã","Province_Code":"80","Province":"Tây Ninh","Province_Upper_Alt":"TÂY NINH"},"geometry":{"type":"MultiPolygon","coordinates":[[[[106.18546,11.15947],[106.18547,11.15731],[106.18656,11.15565],[106.191,11.15189],[106.19364,11.15071],[106.19569,11.15081],[106.20019,11.1522],[106.20658,11.15296],[106.21258,11.15479],[106.21707,11.15656],[106.2196,11.15698],[106.22302,11.1569],[106.22491,11.15644],[106.22693,11.1556],[106.22961,11.15332],[106.23027,11.15147],[106.23027,11.14771],[106.2335,11.13939],[106.23743,11.1325],[106.23778,11.13082],[106.23644,11.1261],[106.23528,11.12473],[106.23379,11.12361],[106.23238,11.1236],[106.22881,11.12527],[106.22648,11.12552],[106.22429,11.12502],[106.22302,11.12399],[106.22248,11.12282],[106.22227,11.12104],[106.22379,11.11514],[106.225,11.1053],[106.22588,11.10306],[106.22731,11.10111],[106.23994,11.0941],[106.24218,11.09234],[106.24406,11.0894],[106.245,11.08872],[106.24597,11.0886],[106.247,11.08896],[106.25085,11.09301],[106.25178,11.09362],[106.25292,11.09386],[106.25559,11.09327],[106.25839,11.09107],[106.26233,11.08137],[106.26693,11.07364],[106.26975,11.0657],[106.26975,11.0641],[106.26881,11.06192],[106.26737,11.06019],[106.26502,11.05822],[106.25919,11.06122],[106.25524,11.06051],[106.2526,11.06116],[106.24881,11.06112],[106.24735,11.0607],[106.24614,11.06108],[106.24399,11.0592],[106.24164,11.05813],[106.23948,11.05649],[106.23927,11.05507],[106.23863,11.05512],[106.23819,11.05475],[106.23812,11.054],[106.23759,11.05349],[106.23776,11.0527],[106.23692,11.05232],[106.23628,11.05241],[106.236,11.05294],[106.2345,11.0529],[106.23095,11.05403],[106.2296,11.05399],[106.22908,11.05345],[106.22749,11.0547],[106.22333,11.05584],[106.22238,11.05569],[106.21979,11.05659],[106.21415,11.05772],[106.21184,11.05784],[106.20186,11.06012],[106.20058,11.0599],[106.20032,11.05911],[106.19629,11.05901],[106.18944,11.05724],[106.18588,11.05742],[106.1841,11.05703],[106.17331,11.07618],[106.15408,11.10218],[106.14917,11.10156],[106.14912,11.10181],[106.14839,11.10171],[106.14406,11.10075],[106.14382,11.10022],[106.14282,11.10163],[106.14239,11.10144],[106.14121,11.10416],[106.14027,11.10452],[106.14086,11.10635],[106.14075,11.10782],[106.14029,11.10779],[106.14027,11.10953],[106.13979,11.11055],[106.1395,11.11303],[106.14013,11.11311],[106.13893,11.11402],[106.13863,11.11505],[106.13847,11.11608],[106.13877,11.11611],[106.13815,11.11898],[106.13811,11.12127],[106.1378,11.12128],[106.1377,11.12184],[106.13679,11.12196],[106.13668,11.12303],[106.13498,11.12349],[106.1351,11.12383],[106.13416,11.12419],[106.13446,11.12485],[106.13377,11.12517],[106.13247,11.12685],[106.13218,11.12677],[106.12974,11.13337],[106.12798,11.13685],[106.12596,11.13813],[106.12518,11.13799],[106.1256,11.1396],[106.12705,11.14267],[106.12772,11.14321],[106.12785,11.14407],[106.12878,11.14487],[106.12949,11.14652],[106.13037,11.14756],[106.13132,11.15036],[106.13196,11.15383],[106.13304,11.15618],[106.13504,11.15861],[106.14017,11.16157],[106.14302,11.16397],[106.14537,11.16212],[106.14903,11.1608],[106.1553,11.15767],[106.15691,11.15721],[106.15854,11.15738],[106.16172,11.1589],[106.16406,11.15886],[106.16617,11.15932],[106.16807,11.16036],[106.17128,11.1653],[106.17411,11.16728],[106.1754,11.16765],[106.18021,11.1675],[106.18301,11.16586],[106.18512,11.16207],[106.18546,11.15947]]]]}},
{"type":"Feature","id":"25684","properties":{"Ward_Code":"25684","Ward_Code_Num":25684,"Ward":"Long Chữ","Ward_Alt":"Long Chữ","Ward_Upper":"LONG CHỮ","Ward_Full":"Xã Long Chữ","Ward_Full_Alt":"Xã Long Chữ","Ward_Full_Upper_Alt":"XÃ LONG CHỮ","Ward_Type":"Xã","Province_Code":"80","Province":"Tây Ninh","Province_Upper_Alt":"TÂY NINH"},"geometry":{"type":"MultiPolygon","coordinates":[[[[106.12435,11.23924],[106.12628,11.23918],[106.13108,11.24017],[106.13354,11.23997],[106.13515,11.2393],[106.13608,11.23806],[106.13712,11.2352],[106.14364,11.22539],[106.14851,11.21467],[106.14865,11.20829],[106.14823,11.20585],[106.14836,11.20215],[106.14771,11.19662],[106.14671,11.19481],[106.14562,11.19373],[106.14109,11.19064],[106.13973,11.18842],[106.13939,11.18664],[106.13851,11.174],[106.13882,11.17223],[106.14008,11.16895],[106.14302,11.16397],[106.14187,11.16276],[106.13504,11.15861],[106.13304,11.15618],[106.13257,11.15481],[106.13179,11.15379],[106.13065,11.15452],[106.12942,11.15456],[106.12836,11.15498],[106.12694,11.15469],[106.12597,11.15856],[106.12421,11.1601],[106.11762,11.16208],[106.11678,11.16277],[106.11549,11.16311],[106.11469,11.16451],[106.11406,11.16462],[106.11243,11.16373],[106.11158,11.16471],[106.11107,11.16484],[106.11079,11.16527],[106.11081,11.16648],[106.10992,11.16804],[106.10844,11.16971],[106.1082,11.17152],[106.10852,11.17428],[106.10829,11.17508],[106.10777,11.17548],[106.10472,11.17632],[106.10299,11.17636],[106.101,11.1759],[106.09936,11.17493],[106.0978,11.17463],[106.09647,11.17393],[106.0941,11.17153],[106.09192,11.17148],[106.09083,11.17084],[106.08929,11.17107],[106.08856,11.17012],[106.08719,11.16992],[106.08592,11.17021],[106.08433,11.1716],[106.08205,11.17294],[106.07891,11.1658],[106.08072,11.16545],[106.08089,11.16227],[106.07898,11.16243],[106.0708,11.15908],[106.05992,11.15525],[106.0598,11.15114],[106.06021,11.14997],[106.05973,11.14985],[106.05987,11.1459],[106.05937,11.14587],[106.06035,11.1368],[106.05875,11.12974],[106.06057,11.12906],[106.05862,11.1248],[106.06025,11.12356],[106.06225,11.12064],[106.05963,11.119],[106.05492,11.12265],[106.04767,11.12726],[106.04372,11.13015],[106.03125,11.13591],[106.02683,11.13859],[106.02369,11.14136],[106.02055,11.14583],[106.01861,11.15094],[106.0175,11.15548],[106.01475,11.18597],[106.01975,11.18892],[106.02823,11.19075],[106.03468,11.18998],[106.04252,11.18272],[106.063,11.17879],[106.07043,11.1796],[106.07681,11.17917],[106.07675,11.17971],[106.07696,11.17966],[106.07747,11.18142],[106.07708,11.18155],[106.07753,11.18418],[106.07822,11.18626],[106.0787,11.18599],[106.07988,11.18928],[106.08071,11.1892],[106.0793,11.19212],[106.07278,11.20226],[106.07077,11.20481],[106.0696,11.20542],[106.06986,11.20563],[106.06962,11.20756],[106.07056,11.20786],[106.0717,11.21057],[106.07235,11.21088],[106.07079,11.21157],[106.07096,11.21256],[106.07164,11.2125],[106.07199,11.21442],[106.07242,11.21433],[106.07257,11.21493],[106.0725,11.21605],[106.07214,11.21633],[106.07233,11.21688],[106.07111,11.22001],[106.07059,11.22279],[106.07139,11.2244],[106.07127,11.22571],[106.07215,11.22751],[106.07212,11.22928],[106.0741,11.22949],[106.07599,11.23015],[106.07792,11.23146],[106.08129,11.23452],[106.08298,11.23519],[106.0841,11.23518],[106.08555,11.23461],[106.08678,11.23332],[106.08767,11.23037],[106.08851,11.22889],[106.09104,11.22862],[106.09224,11.22907],[106.09382,11.23],[106.09662,11.23288],[106.09977,11.23416],[106.10148,11.23546],[106.10231,11.2371],[106.1022,11.24235],[106.1035,11.24446],[106.1055,11.24553],[106.10898,11.24651],[106.11372,11.24841],[106.11469,11.24857],[106.11609,11.24799],[106.12047,11.24375],[106.12278,11.24024],[106.12435,11.23924]]]]}},
{"type":"Feature","id":"25702","properties":{"Ward_Code":"25702","Ward_Code_Num":25702,"Ward":"Long Thuận","Ward_Alt":"Long Thuận","Ward_Upper":"LONG THUẬN","Ward_Full":"Xã Long Thuận","Ward_Full_Alt":"Xã Long Thuận","Ward_Full_Upper_Alt":"XÃ LONG THUẬN","Ward_Type":"Xã","Province_Code":"80","Province":"Tây Ninh","Province_Upper_Alt":"TÂY NINH"},"geometry":{"type":"MultiPolygon","coordinates":[[[[106.10338,11.17629],[106.10472,11.17632],[106.10777,11.17548],[106.10829,11.17508],[106.10852,11.17428],[106.1082,11.17152],[106.10844,11.16971],[106.10992,11.16804],[106.11081,11.16648],[106.1109,11.16502],[106.11158,11.16471],[106.11243,11.16373],[106.1144,11.1646],[106.11516,11.16405],[106.11549,11.16311],[106.11678,11.16277],[106.11762,11.16208],[106.12421,11.1601],[106.12597,11.15856],[106.12694,11.15469],[106.12836,11.15498],[106.12942,11.15456],[106.13065,11.15452],[106.13196,11.15383],[106.13132,11.15036],[106.13037,11.14756],[106.12949,11.14652],[106.12878,11.14487],[106.12785,11.14407],[106.12772,11.14321],[106.12705,11.14267],[106.1256,11.1396],[106.12518,11.13799],[106.12596,11.13813],[106.12798,11.13685],[106.12974,11.13337],[106.13218,11.12677],[106.13247,11.12685],[106.13377,11.12517],[106.13446,11.12485],[106.13416,11.12419],[106.1351,11.12383],[106.13498,11.12349],[106.13668,11.12303],[106.13679,11.12196],[106.1377,11.12184],[106.1378,11.12128],[106.13811,11.12127],[106.13815,11.11898],[106.13877,11.11611],[106.13847,11.11608],[106.13863,11.11505],[106.13893,11.11402],[106.14013,11.11311],[106.1395,11.11303],[106.13979,11.11055],[106.14027,11.10953],[106.14029,11.10779],[106.14075,11.10782],[106.14086,11.10635],[106.14027,11.10452],[106.14121,11.10416],[106.14207,11.10188],[106.14239,11.10144],[106.14282,11.10163],[106.14382,11.10022],[106.14067,11.09779],[106.14012,11.09818],[106.13867,11.09602],[106.13379,11.09349],[106.12308,11.08883],[106.12197,11.08804],[106.11921,11.08436],[106.11615,11.08244],[106.11433,11.0805],[106.10968,11.07353],[106.10881,11.07262],[106.10635,11.07148],[106.10438,11.07149],[106.10368,11.07177],[106.10087,11.07411],[106.09938,11.07883],[106.09949,11.08106],[106.10023,11.08431],[106.10013,11.08672],[106.09848,11.0889],[106.09532,11.09157],[106.09346,11.09368],[106.08992,11.09945],[106.08754,11.10146],[106.08483,11.10072],[106.08176,11.0986],[106.07869,11.09757],[106.07774,11.09742],[106.07577,11.09833],[106.07336,11.10105],[106.07116,11.1065],[106.06929,11.10909],[106.06621,11.11259],[106.05963,11.119],[106.06225,11.12064],[106.06025,11.12356],[106.05862,11.1248],[106.06057,11.12906],[106.05875,11.12974],[106.06035,11.1368],[106.05937,11.14587],[106.05987,11.1459],[106.05973,11.14985],[106.06021,11.14997],[106.0598,11.15114],[106.05992,11.15525],[106.0708,11.15908],[106.07898,11.16243],[106.08089,11.16227],[106.08072,11.16545],[106.07891,11.1658],[106.08205,11.17294],[106.08433,11.1716],[106.08592,11.17021],[106.08811,11.17003],[106.08856,11.17012],[106.08929,11.17107],[106.09083,11.17084],[106.09192,11.17148],[106.0941,11.17153],[106.09647,11.17393],[106.09741,11.17443],[106.09936,11.17493],[106.101,11.1759],[106.10338,11.17629]]]]}},
{"type":"Feature","id":"25708","properties":{"Ward_Code":"25708","Ward_Code_Num":25708,"Ward":"Trảng Bàng","Ward_Alt":"Trảng Bàng","Ward_Upper":"TRẢNG BÀNG","Ward_Full":"Phường Trảng Bàng","Ward_Full_Alt":"Phường Trảng Bàng","Ward_Full_Upper_Alt":"PHƯỜNG TRẢNG BÀNG","Ward_Type":"Phường","Province_Code":"80","Province":"Tây Ninh","Province_Upper_Alt":"TÂY NINH"},"geometry":{"type":"MultiPolygon","coordinates":[[[[106.28764,11.04877],[106.29155,11.04878],[106.29156,11.04785],[106.29371,11.04792],[106.29797,11.04653],[106.29937,11.04641],[106.29903,11.04504],[106.29793,11.0433],[106.29768,11.04142],[106.30112,11.04191],[106.30285,11.041],[106.3051,11.04049],[106.30677,11.0413],[106.30679,11.04278],[106.30633,11.0431],[106.30749,11.04371],[106.30772,11.0442],[106.30861,11.04473],[106.30941,11.04429],[106.31004,11.04467],[106.31139,11.04455],[106.31231,11.04487],[106.31354,11.04662],[106.31779,11.05052],[106.31957,11.05102],[106.32071,11.05205],[106.32356,11.05241],[106.32428,11.05312],[106.32742,11.05313],[106.32815,11.05356],[106.32881,11.05485],[106.32938,11.05529],[106.3491,11.03768],[106.35043,11.03925],[106.34787,11.04084],[106.35246,11.04441],[106.35317,11.0429],[106.35567,11.04422],[106.3558,11.04401],[106.35868,11.04491],[106.35948,11.04439],[106.3607,11.05028],[106.36445,11.0502],[106.36647,11.0497],[106.36875,11.04981],[106.36942,11.04956],[106.37033,11.05072],[106.37115,11.05018],[106.37182,11.04902],[106.37317,11.04903],[106.37411,11.04828],[106.37754,11.0491],[106.38022,11.0491],[106.37989,11.04819],[106.37987,11.04646],[106.37918,11.04546],[106.3784,11.04288],[106.37708,11.04075],[106.37648,11.03866],[106.37355,11.0368],[106.36983,11.03061],[106.36785,11.02819],[106.36782,11.02712],[106.3672,11.02641],[106.3665,11.02277],[106.36596,11.02181],[106.3636,11.02117],[106.36224,11.02133],[106.3606,11.02204],[106.35797,11.02194],[106.35773,11.02327],[106.35265,11.02256],[106.35057,11.0215],[106.35059,11.01952],[106.34991,11.01727],[106.34941,11.01296],[106.34831,11.01107],[106.34745,11.00747],[106.34568,11.00613],[106.35108,10.99886],[106.34547,10.99474],[106.34297,11.00125],[106.33737,11.0055],[106.32729,11.01019],[106.31226,11.01982],[106.30079,11.02266],[106.29749,11.02409],[106.29693,11.02578],[106.29432,11.02502],[106.29319,11.02557],[106.29172,11.02541],[106.29144,11.0252],[106.29108,11.02342],[106.28973,11.02359],[106.28735,11.02458],[106.28806,11.02251],[106.28798,11.02186],[106.28695,11.02193],[106.28579,11.02151],[106.28463,11.02221],[106.28405,11.02201],[106.28306,11.02014],[106.28208,11.01961],[106.2819,11.01893],[106.28025,11.01799],[106.27892,11.01598],[106.27654,11.01973],[106.27392999999999,11.02174],[106.27701,11.02577],[106.27782,11.02797],[106.27763,11.03252],[106.27682,11.0362],[106.27805,11.04019],[106.27808,11.04136],[106.27658,11.04298],[106.27078,11.04711],[106.27194,11.04917],[106.27266,11.04943],[106.27409,11.05133],[106.27471,11.05143],[106.27486,11.05239],[106.27594,11.05305],[106.27635,11.05389],[106.27922,11.05514],[106.28005,11.05583],[106.28454,11.05725],[106.28588,11.05821],[106.28642,11.05648],[106.28764,11.04877]]]]}},
{"type":"Feature","id":"25711","properties":{"Ward_Code":"25711","Ward_Code_Num":25711,"Ward":"Hưng Thuận","Ward_Alt":"Hưng Thuận","Ward_Upper":"HƯNG THUẬN","Ward_Full":"Xã Hưng Thuận","Ward_Full_Alt":"Xã Hưng Thuận","Ward_Full_Upper_Alt":"XÃ HƯNG THUẬN","Ward_Type":"Xã","Province_Code":"80","Province":"Tây Ninh","Province_Upper_Alt":"TÂY NINH"},"geometry":{"type":"MultiPolygon","coordinates":[[[[106.36178,11.23807],[106.36281,11.23816],[106.36477,11.23987],[106.36592,11.24181],[106.37102,11.24478],[106.37156,11.24426],[106.3727,11.2415],[106.37471,11.23844],[106.37738,11.23592],[106.37809,11.23375],[106.3782,11.23012],[106.37862,11.229],[106.37965,11.22836],[106.38104,11.22933],[106.3823,11.22938],[106.38365,11.22823],[106.38372,11.22646],[106.38218,11.22448],[106.3798,11.21837],[106.38024,11.21739],[106.38181,11.21684],[106.38387,11.21502],[106.38844,11.21343],[106.38918,11.21246],[106.38723,11.20814],[106.38708,11.20445],[106.38666,11.20275],[106.38451,11.20052],[106.38408,11.19773],[106.38428,11.19562],[106.38361,11.1939],[106.38405,11.19236],[106.38591,11.19092],[106.38698,11.1892],[106.38728,11.18807],[106.38695,11.18678],[106.38732,11.18605],[106.3888,11.18524],[106.39557,11.18426],[106.39638,11.18374],[106.39794,11.18186],[106.39911,11.18148],[106.40193,11.18202],[106.40411,11.18335],[106.40489,11.1846],[106.40421,11.18748],[106.40444,11.18798],[106.40511,11.18801],[106.40766,11.18436],[106.40862,11.18382],[106.40986,11.18382],[106.41036,11.18324],[106.41045,11.18282],[106.40934,11.18027],[106.41028,11.17764],[106.40988,11.17325],[106.41059,11.17214],[106.41113,11.17227],[106.41263,11.17383],[106.41606,11.17437],[106.41692,11.17414],[106.41878,11.17267],[106.42075,11.17226],[106.42315,11.17091],[106.42577,11.17047],[106.42755,11.17155],[106.42894,11.17428],[106.42962,11.17471],[106.43034,11.17462],[106.43147,11.17341],[106.43256,11.17099],[106.43311,11.16553],[106.43348,11.16457],[106.43585,11.1618],[106.43646,11.16066],[106.43685,11.15788],[106.43659,11.1558],[106.43412,11.15294],[106.43306,11.15107],[106.43186,11.15012],[106.43068,11.15011],[106.42998,11.14973],[106.42989,11.1487],[106.43104,11.14696],[106.43458,11.14349],[106.43556,11.14162],[106.43672,11.14045],[106.43982,11.13884],[106.44296,11.13644],[106.44581,11.13592],[106.44776,11.136],[106.44777,11.13215],[106.44842,11.1308],[106.447,11.12973],[106.44604,11.12768],[106.44535,11.12744],[106.4448,11.12658],[106.44486,11.12529],[106.44443,11.12321],[106.4438,11.12199],[106.4425,11.1159],[106.44139,11.1147],[106.4404,11.11473],[106.43838,11.11249],[106.43779,11.11227],[106.43734,11.1115],[106.43713,11.11024],[106.43737,11.10991],[106.43381,11.10021],[106.43307,11.1003],[106.43224,11.09829],[106.43155,11.09831],[106.43078,11.09356],[106.43082,11.09206],[106.42595,11.09162],[106.42646,11.08439],[106.40262,11.11341],[106.40126,11.11319],[106.39975,11.11371],[106.40011,11.11404],[106.39878,11.1151],[106.39973,11.11668],[106.39919,11.11736],[106.3986,11.11711],[106.39714,11.11806],[106.39751,11.1186],[106.39592,11.11864],[106.39588,11.11931],[106.39497,11.11934],[106.39487,11.11863],[106.3894,11.12111],[106.3879,11.122],[106.3883,11.12351],[106.38665,11.12433],[106.38112,11.12364],[106.37891,11.12379],[106.37828,11.12245],[106.37568,11.12437],[106.37448,11.12622],[106.37376,11.12594],[106.37303,11.12691],[106.37326,11.12721],[106.37102,11.12931],[106.36856,11.12936],[106.36855,11.13016],[106.3676,11.13001],[106.36756,11.13046],[106.36641,11.13054],[106.36454,11.13011],[106.36454,11.13058],[106.36386,11.13054],[106.36387,11.13022],[106.36148,11.13023],[106.36146,11.12988],[106.35883,11.13018],[106.35736,11.12909],[106.32926,11.15838],[106.3307,11.15891],[106.3392,11.16452],[106.33614,11.16591],[106.33381,11.16866],[106.33859,11.1727],[106.33216,11.1804],[106.32603,11.18631],[106.3287,11.18899],[106.32789,11.18957],[106.35294,11.21353],[106.35495,11.21579],[106.35872,11.23767],[106.35647,11.24032],[106.35564,11.24347],[106.35426,11.24562],[106.35589,11.24665],[106.35873,11.23965],[106.35988,11.23872],[106.36178,11.23807]]]]}},
{"type":"Feature","id":"25729","properties":{"Ward_Code":"25729","Ward_Code_Num":25729,"Ward":"Phước Chỉ","Ward_Alt":"Phước Chỉ","Ward_Upper":"PHƯỚC CHỈ","Ward_Full":"Xã Phước Chỉ","Ward_Full_Alt":"Xã Phước Chỉ","Ward_Full_Upper_Alt":"XÃ PHƯỚC CHỈ","Ward_Type":"Xã","Province_Code":"80","Province":"Tây Ninh","Province_Upper_Alt":"TÂY NINH"},"geometry":{"type":"MultiPolygon","coordinates":[[[[106.19631,10.97114],[106.19497,10.97154],[106.19136,10.97004],[106.19082,10.96864],[106.18861,10.96691],[106.18859,10.96589],[106.18798,10.96516],[106.18432,10.96391],[106.17972,10.96367],[106.17854,10.96293],[106.17583,10.96274],[106.16774,10.9633],[106.16376,10.97076],[106.16426,10.97273],[106.16379,10.97501],[106.16395,10.97884],[106.16365,10.97969],[106.16546,10.97992],[106.16885,10.98016],[106.17157,10.9795],[106.18004,10.97444],[106.18533,10.97444],[106.19011,10.97278],[106.19125,10.97265],[106.19298,10.97265],[106.20334,10.97495],[106.20567,10.97598],[106.20571,10.97786],[106.20425,10.9812],[106.20086,10.9872],[106.19768,10.99093],[106.19696,10.99222],[106.19298,11.01213],[106.18791,11.05027],[106.1841,11.05703],[106.18588,11.05742],[106.18944,11.05724],[106.19629,11.05901],[106.20032,11.05911],[106.20058,11.0599],[106.20186,11.06012],[106.21184,11.05784],[106.21415,11.05772],[106.21979,11.05659],[106.22238,11.05569],[106.22333,11.05584],[106.22749,11.0547],[106.22908,11.05345],[106.2296,11.05399],[106.23095,11.05403],[106.2345,11.0529],[106.236,11.05294],[106.23628,11.05241],[106.23692,11.05232],[106.23776,11.0527],[106.23759,11.05349],[106.23812,11.054],[106.23819,11.05475],[106.23863,11.05512],[106.23927,11.05507],[106.23948,11.05649],[106.24164,11.05813],[106.24399,11.0592],[106.24614,11.06108],[106.24735,11.0607],[106.24881,11.06112],[106.2526,11.06116],[106.25524,11.06051],[106.25919,11.06122],[106.26502,11.05822],[106.26344,11.05681],[106.26264,11.0552],[106.26274,11.05362],[106.26361,11.05192],[106.26647,11.04946],[106.27354,11.04526],[106.27711,11.04256],[106.27808,11.04136],[106.27805,11.04019],[106.27682,11.0362],[106.2778,11.03087],[106.27768,11.02737],[106.27701,11.02577],[106.27392999999999,11.02174],[106.2723,11.01882],[106.27071,11.01512],[106.27063,11.01385],[106.271,11.01287],[106.27346,11.01077],[106.28104,11.00632],[106.2823,11.0053],[106.28332,11.0039],[106.28684,10.9928],[106.28602,10.99039],[106.2839,10.98687],[106.28266,10.98558],[106.28086,10.98451],[106.27754,10.98398],[106.2754,10.98311],[106.27322,10.98103],[106.27156,10.98136],[106.27103,10.98218],[106.26927,10.98253],[106.26876,10.98326],[106.26537,10.9835],[106.26244,10.98481],[106.25598,10.98454],[106.25343,10.9863],[106.25178,10.98698],[106.24423,10.98679],[106.24116,10.98691],[106.23943,10.98731],[106.23777,10.98595],[106.23716,10.98494],[106.23579,10.98471],[106.22967,10.98172],[106.22775,10.98187],[106.2256,10.98077],[106.22511,10.97996],[106.22412,10.97931],[106.22207,10.97847],[106.22037,10.97785],[106.21801,10.97759],[106.21711,10.9771],[106.21394,10.97722],[106.20987,10.97612],[106.20511,10.97535],[106.20445,10.97481],[106.2033,10.97153],[106.19903,10.97092],[106.19631,10.97114]]]]}},
{"type":"Feature","id":"25732","properties":{"Ward_Code":"25732","Ward_Code_Num":25732,"Ward":"An Tịnh","Ward_Alt":"An Tịnh","Ward_Upper":"AN TỊNH","Ward_Full":"Phường An Tịnh","Ward_Full_Alt":"Phường An Tịnh","Ward_Full_Upper_Alt":"PHƯỜNG AN TỊNH","Ward_Type":"Phường","Province_Code":"80","Province":"Tây Ninh","Province_Upper_Alt":"TÂY NINH"},"geometry":{"type":"MultiPolygon","coordinates":[[[[106.36706,11.1306],[106.36756,11.13046],[106.3676,11.13001],[106.36855,11.13016],[106.36856,11.12936],[106.37102,11.12931],[106.37326,11.12721],[106.37303,11.12691],[106.37376,11.12594],[106.37448,11.12622],[106.37568,11.12437],[106.37828,11.12245],[106.37891,11.12379],[106.38112,11.12364],[106.38665,11.12433],[106.3883,11.12351],[106.3879,11.122],[106.3894,11.12111],[106.39487,11.11863],[106.39497,11.11934],[106.39588,11.11931],[106.39592,11.11864],[106.39751,11.1186],[106.39714,11.11806],[106.3986,11.11711],[106.39919,11.11736],[106.39973,11.11668],[106.39878,11.1151],[106.40011,11.11404],[106.39975,11.11371],[106.40126,11.11319],[106.40262,11.11341],[106.42646,11.08439],[106.42649,11.08171],[106.42582,11.08109],[106.42599,11.07795],[106.4263,11.07799],[106.4266,11.07627],[106.42742,11.07467],[106.42647,11.07152],[106.42524,11.06896],[106.42571,11.06656],[106.42275,11.06605],[106.42244,11.06549],[106.42149,11.06525],[106.42017,11.06335],[106.42156,11.06189],[106.42069,11.06108],[106.42224,11.05914],[106.42111,11.05844],[106.42147,11.05758],[106.42098,11.0574],[106.42131,11.05528],[106.42092,11.05468],[106.42033,11.05202],[106.42246,11.04927],[106.42472,11.04734],[106.42257,11.04658],[106.42332,11.04539],[106.4222,11.04453],[106.42285,11.04363],[106.42234,11.04328],[106.42272,11.04276],[106.4216,11.04196],[106.42217,11.04146],[106.421,11.0397],[106.42132,11.03947],[106.42035,11.0376],[106.42006,11.03616],[106.41874,11.03606],[106.41832,11.03541],[106.41714,11.03519],[106.41644,11.03432],[106.41496,11.03369],[106.4138,11.0326],[106.41328,11.03192],[106.41335,11.03134],[106.41205,11.03033],[106.41135,11.02918],[106.41055,11.0261],[106.40931,11.02378],[106.40965,11.02332],[106.40893,11.0225],[106.40885,11.02009],[106.40947,11.018],[106.40931,11.01695],[106.40892,11.01657],[106.40902,11.01481],[106.40957,11.0146],[106.41009,11.01354],[106.41129,11.01297],[106.4128,11.00889],[106.41048,11.00736],[106.40632,11.00622],[106.40616,11.00531],[106.40558,11.00519],[106.4055,11.00447],[106.40526,11.00446],[106.40524,11.00368],[106.4033,11.00356],[106.39318,11.00051],[106.39134,10.99968],[106.38812,10.99926],[106.38432,10.99926],[106.38067,10.99843],[106.37819,11.00028],[106.37721,11.00042],[106.37688,10.99993],[106.36695,10.99873],[106.3635,10.99723],[106.36324,10.99756],[106.36206,10.99625],[106.35995,10.9953],[106.36028,10.99466],[106.35787,10.99307],[106.35818,10.99236],[106.35669,10.99157],[106.34569,11.00604],[106.34745,11.00747],[106.34831,11.01107],[106.34941,11.01296],[106.34991,11.01727],[106.35059,11.01952],[106.35057,11.0215],[106.35265,11.02256],[106.35773,11.02327],[106.35797,11.02194],[106.3606,11.02204],[106.36224,11.02133],[106.3636,11.02117],[106.36596,11.02181],[106.3665,11.02277],[106.3672,11.02641],[106.36782,11.02712],[106.36785,11.02819],[106.36983,11.03061],[106.37355,11.0368],[106.37648,11.03866],[106.37708,11.04075],[106.3784,11.04288],[106.37918,11.04546],[106.37997,11.04674],[106.37989,11.04819],[106.38056,11.04975],[106.38138,11.05354],[106.38304,11.05656],[106.38443,11.05705],[106.38472,11.05931],[106.38361,11.05982],[106.38242,11.06096],[106.38293,11.06503],[106.38193,11.06499],[106.37952,11.06625],[106.37932,11.06591],[106.37796,11.06692],[106.37725,11.06813],[106.37582,11.06932],[106.37555,11.07008],[106.37632,11.07063],[106.37552,11.07182],[106.37474,11.07158],[106.37444,11.07245],[106.37316,11.07226],[106.37077,11.07302],[106.37034,11.07277],[106.37052,11.07212],[106.37103,11.07186],[106.37112,11.07085],[106.36934,11.07041],[106.36911,11.06995],[106.36705,11.0702],[106.35995,11.08355],[106.36052,11.08399],[106.35942,11.08998],[106.35913,11.09702],[106.3564,11.1047],[106.35579,11.10958],[106.35628,11.11549],[106.35484,11.11541],[106.35531,11.11938],[106.35277,11.12012],[106.35261,11.12215],[106.35307,11.12595],[106.35883,11.13018],[106.36146,11.12988],[106.36148,11.13023],[106.36387,11.13022],[106.36386,11.13054],[106.36454,11.13058],[106.36454,11.13011],[106.36706,11.1306]]]]}},
{"type":"Feature","id":"27694","properties":{"Ward_Code":"27694","Ward_Code_Num":27694,"Ward":"Long An","Ward_Alt":"Long An","Ward_Upper":"LONG AN","Ward_Full":"Phường Long An","Ward_Full_Alt":"Phường Long An","Ward_Full_Upper_Alt":"PHƯỜNG LONG AN","Ward_Type":"Phường","Province_Code":"80","Province":"Tây Ninh","Province_Upper_Alt":"TÂY NINH"},"geometry":{"type":"MultiPolygon","coordinates":[[[[106.39779,10.5735],[106.40176,10.57344],[106.40687,10.56999],[106.40768,10.57008],[106.40757,10.57123],[106.40914,10.57116],[106.40918,10.57006],[106.41081,10.57023],[106.41077,10.57134],[106.41229,10.57156],[106.41223,10.57017],[106.41374,10.57039],[106.41393,10.5696],[106.41493,10.56983],[106.41512,10.56941],[106.41626,10.56988],[106.41663,10.56815],[106.41726,10.56822],[106.41698,10.56891],[106.42003,10.56934],[106.42002,10.5688],[106.41951,10.56865],[106.41949,10.56661],[106.41964,10.56588],[106.42002,10.56591],[106.42025,10.56472],[106.42073,10.56426],[106.42343,10.56799],[106.42792,10.57277],[106.43277,10.57857],[106.43335,10.57841],[106.43398,10.57755],[106.43766,10.57609],[106.44051,10.57431],[106.44091,10.57438],[106.44144,10.57518],[106.44198,10.57504],[106.44227,10.57441],[106.44227,10.57413],[106.44167,10.57399],[106.44093,10.57321],[106.43998,10.57083],[106.43896,10.56994],[106.43824,10.56828],[106.43758,10.56754],[106.43745,10.56677],[106.43672,10.56615],[106.43595,10.56415],[106.43478,10.5635],[106.43471,10.56238],[106.43354,10.56072],[106.43328,10.55958],[106.4321,10.55978],[106.43172,10.55954],[106.43191,10.55812],[106.4313,10.55664],[106.43024,10.5552],[106.42901,10.55475],[106.4297,10.55332],[106.43993,10.54614],[106.43809,10.54556],[106.43737,10.54324],[106.43774,10.54306],[106.4367,10.53971],[106.43408,10.54011],[106.4313,10.53997],[106.43107,10.5377],[106.4311,10.53733],[106.43141,10.53729],[106.43094,10.53521],[106.43076,10.5311],[106.42974,10.527],[106.43005,10.52656],[106.42838,10.5258],[106.42908,10.52514],[106.42625,10.52132],[106.42146,10.52079],[106.42124,10.52367],[106.42054,10.52588],[106.41943,10.52579],[106.40732,10.52882],[106.40564,10.52702],[106.40393,10.52408],[106.40349,10.52213],[106.40028,10.514099999999999],[106.39873,10.51142],[106.39783,10.50813],[106.39292,10.50928],[106.39332,10.51045],[106.3917,10.51129],[106.39166,10.5152],[106.39082,10.51547],[106.391,10.51603],[106.38996,10.51638],[106.38923,10.51718],[106.38968,10.51793],[106.38569,10.52045],[106.38539,10.52007],[106.38205,10.52155],[106.3821,10.52214],[106.38137,10.52344],[106.38137,10.52454],[106.38078,10.52449],[106.38106,10.52524],[106.3807,10.52596],[106.38093,10.52691],[106.38021,10.52747],[106.37928,10.52768],[106.3792,10.52807],[106.37866,10.52793],[106.37923,10.52875],[106.37863,10.5289],[106.37854,10.52952],[106.37795,10.52938],[106.37738,10.53022],[106.37767,10.53092],[106.3784,10.53101],[106.37761,10.5325],[106.37834,10.53354],[106.37804,10.5355],[106.37878,10.53594],[106.3789,10.53681],[106.37967,10.53823],[106.38208,10.53957],[106.38278,10.54069],[106.38193,10.5436],[106.38143,10.54913],[106.37929,10.54954],[106.37621,10.55096],[106.37362,10.55261],[106.37144,10.55478],[106.37027,10.55654],[106.36912,10.55924],[106.36895,10.56048],[106.37007,10.56236],[106.37665,10.56479],[106.38206,10.56857],[106.38299,10.5699],[106.38352,10.57143],[106.38362,10.57313],[106.38316,10.57505],[106.38574,10.57645],[106.38606,10.57607],[106.38711,10.57578],[106.38992,10.57591],[106.39055,10.57344],[106.39242,10.57366],[106.39779,10.5735]]]]}},
{"type":"Feature","id":"27712","properties":{"Ward_Code":"27712","Ward_Code_Num":27712,"Ward":"Tân An","Ward_Alt":"Tân An","Ward_Upper":"TÂN AN","Ward_Full":"Phường Tân An","Ward_Full_Alt":"Phường Tân An","Ward_Full_Upper_Alt":"PHƯỜNG TÂN AN","Ward_Type":"Phường","Province_Code":"80","Province":"Tây Ninh","Province_Upper_Alt":"TÂY NINH"},"geometry":{"type":"MultiPolygon","coordinates":[[[[106.45938,10.54425],[106.4581,10.53612],[106.45729,10.53538],[106.45562,10.53258],[106.45664,10.52917],[106.45517,10.52896],[106.45395,10.52922],[106.4521,10.53021],[106.45059,10.53151],[106.44866,10.53025],[106.44616,10.52786],[106.44432,10.52476],[106.44345,10.52206],[106.44257,10.52092],[106.44122,10.52007],[106.43724,10.51895],[106.43406,10.51767],[106.43375,10.5169],[106.43419,10.51516],[106.43404,10.51446],[106.4304,10.51012],[106.42938,10.50683],[106.4293,10.50435],[106.42801,10.50211],[106.42769,10.5024],[106.4222,10.50134],[106.42327,10.49737],[106.42139,10.49716],[106.41991,10.49608],[106.4192,10.49602],[106.41862,10.49515],[106.41745,10.49495],[106.41465,10.49525],[106.41485,10.493],[106.41516,10.49286],[106.41444,10.49079],[106.41434,10.4887],[106.41359,10.48828],[106.41222,10.49017],[106.41048,10.49086],[106.40989,10.4907],[106.40784,10.49206],[106.40659,10.4912],[106.40608,10.49131],[106.4061,10.49195],[106.40579,10.4922],[106.40499,10.49166],[106.40422,10.49159],[106.40362,10.4931],[106.40045,10.48463],[106.39957,10.4849],[106.39776,10.48628],[106.39721,10.48634],[106.39625,10.48586],[106.39422,10.48046],[106.39388,10.47874],[106.39305,10.47733],[106.3909,10.47786],[106.39059,10.47701],[106.39012,10.47707],[106.38959,10.47659],[106.38952,10.4777],[106.39223,10.48762],[106.39305,10.49206],[106.39475,10.49649],[106.39859,10.511],[106.40028,10.514099999999999],[106.40349,10.52213],[106.40393,10.52408],[106.40586,10.52731],[106.40732,10.52882],[106.41943,10.52579],[106.42054,10.52588],[106.42124,10.52367],[106.42146,10.52079],[106.42625,10.52132],[106.42908,10.52514],[106.42838,10.5258],[106.43005,10.52656],[106.42974,10.527],[106.43076,10.5311],[106.43094,10.53521],[106.43141,10.53729],[106.4311,10.53733],[106.43107,10.5377],[106.4313,10.53997],[106.43408,10.54011],[106.4367,10.53971],[106.43774,10.54306],[106.43737,10.54324],[106.43809,10.54556],[106.43993,10.54614],[106.4297,10.55332],[106.4297,10.55377],[106.429,10.55471],[106.43024,10.5552],[106.43148,10.55691],[106.43191,10.55812],[106.43175,10.55958],[106.43328,10.55958],[106.43354,10.56072],[106.43471,10.56238],[106.43478,10.5635],[106.43595,10.56415],[106.43672,10.56615],[106.43735,10.56661],[106.43887,10.56979],[106.43994,10.57077],[106.44061,10.57268],[106.44178,10.57406],[106.44419,10.57381],[106.44463,10.57296],[106.44502,10.57363],[106.44595,10.57277],[106.44607,10.57196],[106.4468,10.57172],[106.44668,10.56997],[106.44731,10.56938],[106.44824,10.56732],[106.44995,10.56488],[106.45168,10.56112],[106.45177,10.5602],[106.45302,10.55891],[106.45334,10.55756],[106.45408,10.55719],[106.45336,10.55623],[106.45376,10.55504],[106.45602,10.55368],[106.45681,10.55257],[106.45782,10.55281],[106.46049,10.55183],[106.46078,10.55075],[106.45938,10.54425]]]]}},
{"type":"Feature","id":"27715","properties":{"Ward_Code":"27715","Ward_Code_Num":27715,"Ward":"Khánh Hậu","Ward_Alt":"Khánh Hậu","Ward_Upper":"KHÁNH HẬU","Ward_Full":"Phường Khánh Hậu","Ward_Full_Alt":"Phường Khánh Hậu","Ward_Full_Upper_Alt":"PHƯỜNG KHÁNH HẬU","Ward_Type":"Phường","Province_Code":"80","Province":"Tây Ninh","Province_Upper_Alt":"TÂY NINH"},"geometry":{"type":"MultiPolygon","coordinates":[[[[106.38279,10.54116],[106.38235,10.53982],[106.37967,10.53823],[106.3789,10.53681],[106.37878,10.53594],[106.37802,10.53546],[106.37834,10.53354],[106.37761,10.5325],[106.3784,10.53101],[106.37767,10.53092],[106.37738,10.53022],[106.37795,10.52938],[106.37854,10.52952],[106.37863,10.5289],[106.37923,10.52875],[106.37866,10.52793],[106.3792,10.52807],[106.37928,10.52768],[106.38021,10.52747],[106.38093,10.52691],[106.3807,10.52596],[106.38106,10.52524],[106.38078,10.52449],[106.38137,10.52454],[106.38137,10.52344],[106.3821,10.52214],[106.38205,10.52155],[106.38539,10.52007],[106.38569,10.52045],[106.38968,10.51793],[106.38923,10.51718],[106.38996,10.51638],[106.391,10.51603],[106.39082,10.51547],[106.39166,10.5152],[106.3917,10.51129],[106.39332,10.51045],[106.39292,10.50928],[106.39783,10.50813],[106.39475,10.49649],[106.39305,10.49206],[106.39099,10.48266],[106.38966,10.4783],[106.38952,10.47688],[106.38893,10.47565],[106.38787,10.47658],[106.38551,10.4773],[106.38482,10.47875],[106.3841,10.47935],[106.38223,10.47978],[106.38139,10.48028],[106.38002,10.48008],[106.37947,10.4803],[106.37922,10.48095],[106.38015,10.48183],[106.37883,10.48311],[106.37724,10.48392],[106.37601,10.48528],[106.37418,10.48625],[106.37232,10.48669],[106.37057,10.48784],[106.37446,10.49418],[106.36863,10.49798],[106.3709,10.50137],[106.37171,10.50633],[106.36654,10.51117],[106.3693,10.51766],[106.36692,10.51908],[106.36122,10.52349],[106.36088,10.5236],[106.35966,10.52269],[106.35944,10.52172],[106.35908,10.52145],[106.35523,10.52268],[106.35385,10.52441],[106.35341,10.52567],[106.35138,10.52665],[106.35154,10.52768],[106.35113,10.52858],[106.34836,10.52848],[106.34758,10.52911],[106.3481,10.53826],[106.34902,10.54039],[106.34855,10.54111],[106.34758,10.54129],[106.34704,10.54183],[106.34711,10.54232],[106.34793,10.54279],[106.34857,10.54368],[106.34813,10.544739999999999],[106.35009,10.54602],[106.35165,10.54801],[106.35306,10.54849],[106.35413,10.54969],[106.35627,10.55044],[106.36004,10.55288],[106.3616,10.55444],[106.36708,10.55855],[106.36895,10.56055],[106.36912,10.55924],[106.37027,10.55654],[106.37144,10.55478],[106.37362,10.55261],[106.37621,10.55096],[106.37929,10.54954],[106.38143,10.54913],[106.38193,10.5436],[106.38279,10.54116]]]]}},
{"type":"Feature","id":"27721","properties":{"Ward_Code":"27721","Ward_Code_Num":27721,"Ward":"Tân Hưng","Ward_Alt":"Tân Hưng","Ward_Upper":"TÂN HƯNG","Ward_Full":"Xã Tân Hưng","Ward_Full_Alt":"Xã Tân Hưng","Ward_Full_Upper_Alt":"XÃ TÂN HƯNG","Ward_Type":"Xã","Province_Code":"80","Province":"Tây Ninh","Province_Upper_Alt":"TÂY NINH"},"geometry":{"type":"MultiPolygon","coordinates":[[[[105.69806,10.85753],[105.69882,10.85762],[105.70005,10.85644],[105.70419,10.85449],[105.70708,10.85353],[105.70884,10.85329],[105.71315,10.85174],[105.714,10.85271],[105.71471,10.85405],[105.71499,10.85546],[105.71557,10.85612],[105.7167,10.85692],[105.71777,10.85723],[105.72069,10.85963],[105.72166,10.85985],[105.72469,10.86254],[105.72942,10.86438],[105.73554,10.86516],[105.73666,10.86505],[105.73747,10.86453],[105.73905,10.86456],[105.73969,10.8637],[105.74129,10.86286],[105.7414,10.86071],[105.74195,10.85895],[105.74193,10.85654],[105.74125,10.85448],[105.74114,10.85305],[105.74125,10.84821],[105.73996,10.8441],[105.74051,10.84191],[105.74167,10.83944],[105.74272,10.83416],[105.74334,10.83245],[105.7444,10.83194],[105.74618,10.83208],[105.74784,10.83124],[105.7492,10.83],[105.75045,10.82773],[105.75103,10.8274],[105.75494,10.82852],[105.75642,10.83032],[105.75711,10.83073],[105.75873,10.83013],[105.76087,10.83093],[105.76406,10.83004],[105.76683,10.82986],[105.77086,10.82439],[105.77585,10.81954],[105.78176,10.81167],[105.782,10.8103],[105.7836,10.80804],[105.78566,10.80588],[105.78666,10.80414],[105.78761,10.80348],[105.78693,10.80103],[105.78612,10.7999],[105.78574,10.79545],[105.785,10.79443],[105.7841,10.79382],[105.78277,10.79342],[105.78209,10.79376],[105.78147,10.79362],[105.78165,10.79269],[105.78097,10.79095],[105.78059,10.78682],[105.78005,10.78639],[105.77597,10.77771],[105.77048,10.76462],[105.7657,10.75426],[105.76602,10.75395],[105.76531,10.75229],[105.75849,10.75758],[105.75178,10.76041],[105.74421,10.76434],[105.72132,10.77512],[105.71395,10.77902],[105.7005,10.7871],[105.68423,10.79756],[105.67954,10.80098],[105.65729,10.81502],[105.65121,10.82587],[105.65039,10.83178],[105.64947,10.83178],[105.64936,10.83286],[105.64962,10.8352],[105.65059,10.83668],[105.64898,10.83703],[105.64949,10.83806],[105.64805,10.83873],[105.64528,10.84114],[105.64601,10.84287],[105.64674,10.84339],[105.64932,10.84139],[105.65221,10.84697],[105.65269,10.84715],[105.65445,10.84662],[105.66877,10.86884],[105.69806,10.85753]]]]}},
{"type":"Feature","id":"27727","properties":{"Ward_Code":"27727","Ward_Code_Num":27727,"Ward":"Hưng Điền","Ward_Alt":"Hưng Điền","Ward_Upper":"HƯNG ĐIỀN","Ward_Full":"Xã Hưng Điền","Ward_Full_Alt":"Xã Hưng Điền","Ward_Full_Upper_Alt":"XÃ HƯNG ĐIỀN","Ward_Type":"Xã","Province_Code":"80","Province":"Tây Ninh","Province_Upper_Alt":"TÂY NINH"},"geometry":{"type":"MultiPolygon","coordinates":[[[[105.6302,10.97817],[105.64021,10.98109],[105.6431,10.98155],[105.64383,10.97497],[105.64468,10.9729],[105.6457,10.97255],[105.64631,10.97166],[105.64654,10.97047],[105.64719,10.97022],[105.64694,10.96908],[105.64617,10.96788],[105.64685,10.96572],[105.64762,10.96469],[105.64784,10.96393],[105.64752,10.96346],[105.68665,10.92999],[105.70589,10.91498],[105.68281,10.90792],[105.62076,10.88762],[105.60387,10.89435],[105.5885,10.88033],[105.58266,10.89212],[105.57399,10.89658],[105.56706,10.89922],[105.51872,10.92155],[105.51419,10.92315],[105.51415,10.92541],[105.5091,10.93642],[105.50509,10.94316],[105.50479,10.94413],[105.50361,10.94542],[105.50011,10.95264],[105.50514,10.949],[105.5166,10.94967],[105.5375,10.95217],[105.53928,10.95274],[105.55231,10.95933],[105.5651,10.96171],[105.57129,10.96194],[105.57409,10.96239],[105.6008,10.96963],[105.60152,10.97016],[105.61887,10.97536],[105.6302,10.97817]]]]}},
{"type":"Feature","id":"27736","properties":{"Ward_Code":"27736","Ward_Code_Num":27736,"Ward":"Vĩnh Thạnh","Ward_Alt":"Vĩnh Thạnh","Ward_Upper":"VĨNH THẠNH","Ward_Full":"Xã Vĩnh Thạnh","Ward_Full_Alt":"Xã Vĩnh Thạnh","Ward_Full_Upper_Alt":"XÃ VĨNH THẠNH","Ward_Type":"Xã","Province_Code":"80","Province":"Tây Ninh","Province_Upper_Alt":"TÂY NINH"},"geometry":{"type":"MultiPolygon","coordinates":[[[[105.71491,10.90905],[105.758,10.88069],[105.75816,10.87563],[105.75968,10.87081],[105.75902,10.86741],[105.75741,10.86471],[105.75526,10.8634],[105.75302,10.86142],[105.75178,10.86085],[105.74848,10.86127],[105.74549,10.86348],[105.74424,10.86392],[105.74251,10.8639],[105.74129,10.86286],[105.73969,10.8637],[105.73903,10.86457],[105.73747,10.86453],[105.73641,10.8651],[105.72942,10.86438],[105.72735,10.86378],[105.72461,10.8625],[105.72166,10.85985],[105.72069,10.85963],[105.71777,10.85723],[105.71575,10.85628],[105.71499,10.85546],[105.71471,10.85405],[105.714,10.85271],[105.71315,10.85174],[105.70884,10.85329],[105.70708,10.85353],[105.70419,10.85449],[105.70005,10.85644],[105.69873,10.85766],[105.69758,10.85762],[105.66877,10.86884],[105.65445,10.84662],[105.65269,10.84715],[105.65221,10.84697],[105.64932,10.84139],[105.64674,10.84339],[105.64601,10.84287],[105.64528,10.84114],[105.64805,10.83873],[105.64949,10.83806],[105.64898,10.83703],[105.65059,10.83668],[105.64962,10.8352],[105.64936,10.83286],[105.64947,10.83178],[105.65039,10.83178],[105.65121,10.82587],[105.65729,10.81502],[105.67954,10.80098],[105.68756,10.79547],[105.67148,10.78442],[105.67514,10.78114],[105.65941,10.77192],[105.62162,10.80737],[105.59569,10.83081],[105.61232,10.83198],[105.60364,10.85012],[105.5885,10.88033],[105.60387,10.89435],[105.62076,10.88762],[105.68281,10.90792],[105.70589,10.91498],[105.71491,10.90905]]]]}},
{"type":"Feature","id":"27748","properties":{"Ward_Code":"27748","Ward_Code_Num":27748,"Ward":"Vĩnh Châu","Ward_Alt":"Vĩnh Châu","Ward_Upper":"VĨNH CHÂU","Ward_Full":"Xã Vĩnh Châu","Ward_Full_Alt":"Xã Vĩnh Châu","Ward_Full_Upper_Alt":"XÃ VĨNH CHÂU","Ward_Type":"Xã","Province_Code":"80","Province":"Tây Ninh","Province_Upper_Alt":"TÂY NINH"},"geometry":{"type":"MultiPolygon","coordinates":[[[[105.78952,10.8035],[105.79101,10.80235],[105.79346,10.80139],[105.79354,10.80091],[105.7953,10.79928],[105.79484,10.79871],[105.79471,10.79675],[105.79626,10.79392],[105.79563,10.78987],[105.7968,10.78766],[105.7983,10.7862],[105.80338,10.78353],[105.80651,10.77971],[105.80591,10.75776],[105.80704,10.74686],[105.80277,10.7453],[105.8034,10.74209],[105.80311,10.73274],[105.80333,10.72958],[105.81774,10.7269],[105.81871,10.70318],[105.81971,10.69757],[105.81952,10.69691],[105.81692,10.6946],[105.81651,10.68923],[105.81682,10.68736],[105.81667,10.68578],[105.81611,10.68359],[105.81464,10.68207],[105.81479,10.67873],[105.81435,10.6788],[105.80885,10.65342],[105.7806,10.65874],[105.65942,10.77192],[105.67514,10.78114],[105.67148,10.78442],[105.68756,10.79547],[105.7005,10.7871],[105.71395,10.77902],[105.72132,10.77512],[105.74421,10.76434],[105.75178,10.76041],[105.75849,10.75758],[105.76531,10.75229],[105.76602,10.75395],[105.7657,10.75426],[105.77048,10.76462],[105.77597,10.77771],[105.78005,10.78639],[105.78059,10.78682],[105.78097,10.79095],[105.78165,10.79269],[105.78147,10.79362],[105.78209,10.79376],[105.78277,10.79342],[105.7841,10.79382],[105.78519,10.79464],[105.78584,10.79575],[105.78612,10.7999],[105.78693,10.80103],[105.78761,10.80348],[105.78855,10.80399],[105.78952,10.8035]]]]}},
{"type":"Feature","id":"27757","properties":{"Ward_Code":"27757","Ward_Code_Num":27757,"Ward":"Vĩnh Hưng","Ward_Alt":"Vĩnh Hưng","Ward_Upper":"VĨNH HƯNG","Ward_Full":"Xã Vĩnh Hưng","Ward_Full_Alt":"Xã Vĩnh Hưng","Ward_Full_Upper_Alt":"XÃ VĨNH HƯNG","Ward_Type":"Xã","Province_Code":"80","Province":"Tây Ninh","Province_Upper_Alt":"TÂY NINH"},"geometry":{"type":"MultiPolygon","coordinates":[[[[105.77754,10.9243],[105.77904,10.92432],[105.78118,10.9251],[105.78328,10.92407],[105.78623,10.92155],[105.7908,10.91679],[105.79855,10.91232],[105.82279,10.89643],[105.79851,10.85458],[105.79427,10.84819],[105.77675,10.81819],[105.77702,10.81771],[105.77545,10.82002],[105.77086,10.82439],[105.76823,10.82767],[105.76739,10.82935],[105.76668,10.82994],[105.76406,10.83004],[105.76087,10.83093],[105.75873,10.83013],[105.75711,10.83073],[105.75483,10.82846],[105.75094,10.82741],[105.7482,10.83098],[105.74618,10.83208],[105.74379,10.83209],[105.74321,10.83265],[105.74289,10.83356],[105.74176,10.83912],[105.74051,10.84191],[105.73996,10.8441],[105.7411,10.84725],[105.74122,10.8542],[105.74196,10.85681],[105.74195,10.85895],[105.7414,10.86071],[105.74129,10.86286],[105.74251,10.8639],[105.74387,10.864],[105.74549,10.86348],[105.74848,10.86127],[105.75178,10.86085],[105.75315,10.86151],[105.75526,10.8634],[105.75754,10.86484],[105.7591,10.86761],[105.75969,10.87024],[105.75813,10.87581],[105.758,10.88069],[105.70589,10.91498],[105.68736,10.92943],[105.70965,10.9356],[105.73959,10.96165],[105.77152,10.92908],[105.77219,10.92803],[105.77193,10.92653],[105.77266,10.92642],[105.77621,10.92454],[105.77754,10.9243]]]]}},
{"type":"Feature","id":"27763","properties":{"Ward_Code":"27763","Ward_Code_Num":27763,"Ward":"Khánh Hưng","Ward_Alt":"Khánh Hưng","Ward_Upper":"KHÁNH HƯNG","Ward_Full":"Xã Khánh Hưng","Ward_Full_Alt":"Xã Khánh Hưng","Ward_Full_Upper_Alt":"XÃ KHÁNH HƯNG","Ward_Type":"Xã","Province_Code":"80","Province":"Tây Ninh","Province_Upper_Alt":"TÂY NINH"},"geometry":{"type":"MultiPolygon","coordinates":[[[[105.81918,10.9318],[105.8054,10.90778],[105.79855,10.91232],[105.7908,10.91679],[105.78623,10.92155],[105.78328,10.92407],[105.78118,10.9251],[105.77849,10.9242],[105.77621,10.92454],[105.77266,10.92642],[105.77193,10.92653],[105.77219,10.92803],[105.77152,10.92908],[105.73959,10.96165],[105.70965,10.9356],[105.68736,10.92943],[105.64752,10.96346],[105.64784,10.96393],[105.64762,10.96469],[105.64685,10.96572],[105.64617,10.96788],[105.64694,10.96908],[105.64719,10.97022],[105.64654,10.97047],[105.64631,10.97166],[105.6457,10.97255],[105.64468,10.9729],[105.64383,10.97497],[105.6431,10.98155],[105.65792,10.98464],[105.66506,10.98669],[105.66811,10.98784],[105.67983,10.99434],[105.68761,10.99755],[105.69627,11.00293],[105.69821,11.0047],[105.70159,11.00973],[105.70531,11.01216],[105.70807,11.01482],[105.71155,11.01726],[105.71395,11.01841],[105.71774,11.02092],[105.7231,11.02327],[105.72689,11.02421],[105.72765,11.02485],[105.72974,11.02548],[105.73628,11.02669],[105.74161,11.02727],[105.74606,11.02688],[105.74876,11.02552],[105.75145,11.02666],[105.75273,11.02515],[105.75328,11.02498],[105.7551,11.02629],[105.75661,11.02688],[105.76796,11.03042],[105.76954,11.03078],[105.77145,11.0306],[105.77645,11.03218],[105.77952,11.03218],[105.80836,10.97273],[105.83052,10.9456],[105.82755,10.94294],[105.826,10.94235],[105.82514,10.94082],[105.82429,10.94073],[105.8219,10.9418],[105.82107,10.94148],[105.81911,10.93947],[105.81908,10.93892],[105.82048,10.93632],[105.82026,10.936],[105.81938,10.93623],[105.81902,10.93598],[105.81967,10.93402],[105.82046,10.93387],[105.81918,10.9318]]]]}},
{"type":"Feature","id":"27775","properties":{"Ward_Code":"27775","Ward_Code_Num":27775,"Ward":"Tuyên Bình","Ward_Alt":"Tuyên Bình","Ward_Upper":"TUYÊN BÌNH","Ward_Full":"Xã Tuyên Bình","Ward_Full_Alt":"Xã Tuyên Bình","Ward_Full_Upper_Alt":"XÃ TUYÊN BÌNH","Ward_Type":"Xã","Province_Code":"80","Province":"Tây Ninh","Province_Upper_Alt":"TÂY NINH"},"geometry":{"type":"MultiPolygon","coordinates":[[[[105.8054,10.90778],[105.82046,10.93387],[105.81967,10.93402],[105.81906,10.93563],[105.81922,10.9362],[105.82026,10.936],[105.82048,10.93626],[105.81906,10.9394],[105.82107,10.94148],[105.8219,10.9418],[105.82429,10.94073],[105.82514,10.94082],[105.826,10.94235],[105.82755,10.94294],[105.83052,10.9456],[105.84008,10.9339],[105.85382,10.91438],[105.86368,10.90106],[105.86265,10.89639],[105.84879,10.86748],[105.84849,10.86539],[105.84908,10.86363],[105.84981,10.86271],[105.89861,10.84468],[105.8981,10.84361],[105.8973,10.84318],[105.89745,10.84278],[105.8957,10.84167],[105.89564,10.83864],[105.8969,10.8384],[105.8957,10.83552],[105.89537,10.83565],[105.89528,10.83467],[105.88864,10.83015],[105.87527,10.822],[105.8764,10.82001],[105.87917,10.81904],[105.88004,10.81833],[105.8816,10.81372],[105.88249,10.81327],[105.88379,10.81327],[105.88301,10.81149],[105.88314,10.81034],[105.88281,10.80994],[105.88173,10.81007],[105.88059,10.80853],[105.87967,10.80591],[105.87154,10.79344],[105.87046,10.79009],[105.86886,10.7886],[105.85939,10.78322],[105.85867,10.78214],[105.8546,10.78168],[105.85254,10.78053],[105.8498,10.77524],[105.84461,10.77055],[105.843,10.76862],[105.83972,10.76398],[105.83773,10.76034],[105.83401,10.75571],[105.8279,10.7466],[105.82448,10.74127],[105.81842,10.73065],[105.8176,10.72903],[105.81751,10.7269],[105.80333,10.72958],[105.80311,10.73274],[105.8034,10.74209],[105.80277,10.7453],[105.80704,10.74686],[105.80591,10.75776],[105.80646,10.77993],[105.80338,10.78353],[105.7983,10.7862],[105.79604,10.78879],[105.79562,10.79039],[105.79635,10.79341],[105.79466,10.79726],[105.79484,10.79871],[105.7953,10.79928],[105.79316,10.80158],[105.79116,10.80227],[105.78855,10.80399],[105.78772,10.80347],[105.78666,10.80414],[105.78566,10.80588],[105.784,10.80755],[105.782,10.8103],[105.78176,10.81167],[105.77675,10.81819],[105.79427,10.84819],[105.79851,10.85458],[105.82279,10.89643],[105.8054,10.90778]]]]}},
{"type":"Feature","id":"27787","properties":{"Ward_Code":"27787","Ward_Code_Num":27787,"Ward":"Kiến Tường","Ward_Alt":"Kiến Tường","Ward_Upper":"KIẾN TƯỜNG","Ward_Full":"Phường Kiến Tường","Ward_Full_Alt":"Phường Kiến Tường","Ward_Full_Upper_Alt":"PHƯỜNG KIẾN TƯỜNG","Ward_Type":"Phường","Province_Code":"80","Province":"Tây Ninh","Province_Upper_Alt":"TÂY NINH"},"geometry":{"type":"MultiPolygon","coordinates":[[[[105.92722,10.78404],[105.93372,10.781],[105.9405,10.78042],[105.94288,10.77938],[105.94964,10.77446],[105.9528,10.77157],[105.95582,10.76754],[105.96009,10.76288],[105.96271,10.76137],[105.96659,10.76068],[105.96854,10.75924],[105.97062,10.75598],[105.97132,10.75341],[105.9703,10.74688],[105.97006,10.74306],[105.96837,10.74246],[105.96725,10.74356],[105.96544,10.74362],[105.96523,10.74558],[105.96478,10.74609],[105.96349,10.74563],[105.96156,10.74565],[105.96076,10.74536],[105.95966,10.74457],[105.95864,10.74169],[105.95894,10.74042],[105.95845,10.73892],[105.95695,10.73659],[105.95546,10.73596],[105.95222,10.73547],[105.95062,10.73411],[105.94942,10.73459],[105.94936,10.73272],[105.9433,10.73382],[105.94323,10.73201],[105.93243,10.72878],[105.92227,10.73063],[105.92528,10.74091],[105.91001,10.75805],[105.91098,10.75988],[105.91406,10.76268],[105.91669,10.76825],[105.9178,10.76992],[105.91778,10.77056],[105.91838,10.77094],[105.9181,10.77202],[105.9183,10.77369],[105.91775,10.7761],[105.91801,10.77671],[105.91889,10.77687],[105.9189,10.778],[105.92006,10.77859],[105.92,10.77983],[105.92063,10.7803],[105.92058,10.78127],[105.92152,10.78182],[105.9213,10.78423],[105.92251,10.78405],[105.92289,10.78513],[105.92408,10.78459],[105.92722,10.78404]]]]}},
{"type":"Feature","id":"27793","properties":{"Ward_Code":"27793","Ward_Code_Num":27793,"Ward":"Bình Hiệp","Ward_Alt":"Bình Hiệp","Ward_Upper":"BÌNH HIỆP","Ward_Full":"Xã Bình Hiệp","Ward_Full_Alt":"Xã Bình Hiệp","Ward_Full_Upper_Alt":"XÃ BÌNH HIỆP","Ward_Type":"Xã","Province_Code":"80","Province":"Tây Ninh","Province_Upper_Alt":"TÂY NINH"},"geometry":{"type":"MultiPolygon","coordinates":[[[[105.99267,10.87295],[106.00831,10.85705],[106.01096,10.85389],[106.03667,10.83574],[105.9549,10.76894],[105.9528,10.77157],[105.94987,10.77427],[105.94164,10.78012],[105.93446,10.7808],[105.9279,10.78382],[105.92359,10.78475],[105.92267,10.78534],[105.92099,10.78736],[105.92001,10.79063],[105.9193,10.79161],[105.91772,10.79201],[105.91498,10.79119],[105.91273,10.79141],[105.91062,10.79256],[105.90684,10.79612],[105.90405,10.79806],[105.89776,10.80066],[105.89592,10.80289],[105.89501,10.80498],[105.89565,10.80907],[105.89538,10.81173],[105.8928,10.81539],[105.89177,10.81601],[105.89034,10.8161],[105.8842,10.8134],[105.88204,10.81339],[105.88116,10.81449],[105.88004,10.81833],[105.87917,10.81904],[105.8764,10.82001],[105.87534,10.82165],[105.87527,10.822],[105.88864,10.83015],[105.89528,10.83467],[105.89537,10.83565],[105.8957,10.83552],[105.8969,10.8384],[105.89564,10.83864],[105.8957,10.84167],[105.89745,10.84278],[105.8973,10.84318],[105.8981,10.84361],[105.89861,10.84468],[105.93549,10.83852],[105.93613,10.83934],[105.93656,10.84053],[105.93667,10.84273],[105.9362,10.84673],[105.9341,10.84731],[105.93319,10.84854],[105.93136,10.84878],[105.9306,10.84979],[105.93086,10.85076],[105.93211,10.8507],[105.9325,10.8513],[105.93124,10.85444],[105.93004,10.85545],[105.92983,10.85627],[105.93009,10.85796],[105.92902,10.85965],[105.93003,10.86166],[105.93056,10.86428],[105.93166,10.86504],[105.93229,10.86657],[105.93291,10.86702],[105.93347,10.86688],[105.93454,10.86581],[105.93571,10.86575],[105.93756,10.86926],[105.94,10.86905],[105.9401,10.86942],[105.93938,10.87085],[105.94089,10.87246],[105.94218,10.87321],[105.94299,10.87326],[105.9443,10.87252],[105.94572,10.87297],[105.94697,10.87453],[105.94879,10.87567],[105.94998,10.87776],[105.95081,10.88003],[105.95319,10.88177],[105.9548,10.88231],[105.95647,10.88383],[105.9558,10.88573],[105.95397,10.88648],[105.95341,10.88711],[105.95156,10.88806],[105.95066,10.88902],[105.95081,10.88998],[105.95212,10.89097],[105.95235,10.89193],[105.95183,10.89704],[105.95071,10.89886],[105.94931,10.89984],[105.94928,10.9007],[105.94807,10.90242],[105.94813,10.90344],[105.94664,10.90666],[105.94485,10.90941],[105.94426,10.90979],[105.94452,10.9116],[105.94441,10.9147],[105.94384,10.91583],[105.9446,10.91775],[105.94817,10.91536],[105.9717,10.89452],[105.99267,10.87295]]]]}},
{"type":"Feature","id":"27811","properties":{"Ward_Code":"27811","Ward_Code_Num":27811,"Ward":"Bình Hoà","Ward_Alt":"Bình Hòa","Ward_Upper":"BÌNH HOÀ","Ward_Full":"Xã Bình Hoà","Ward_Full_Alt":"Xã Bình Hòa","Ward_Full_Upper_Alt":"XÃ BÌNH HÒA","Ward_Type":"Xã","Province_Code":"80","Province":"Tây Ninh","Province_Upper_Alt":"TÂY NINH"},"geometry":{"type":"MultiPolygon","coordinates":[[[[106.08531,10.80943],[106.09601,10.8077],[106.11727,10.80893],[106.11562,10.78396],[106.1149,10.78218],[106.11423,10.78253],[106.09783,10.7835],[106.09681,10.77894],[106.0814,10.78293],[106.07839,10.77834],[106.07053,10.78384],[106.06976,10.78291],[106.06861,10.7831],[106.06852,10.77843],[106.06902,10.77755],[106.0684,10.77707],[106.06888,10.77599],[106.06812,10.77553],[106.0673,10.77605],[106.0665,10.77525],[106.06794,10.77431],[106.0654,10.77244],[106.066,10.77205],[106.06489,10.76678],[106.06176,10.75934],[106.06201,10.75827],[106.06138,10.75782],[106.06113,10.75827],[106.05759,10.75239],[106.05645,10.75187],[106.05559,10.75068],[106.05547,10.75018],[106.0561,10.74953],[106.05531,10.74881],[106.05558,10.74812],[106.05522,10.74781],[106.05381,10.74181],[106.05426,10.74041],[106.05319,10.73798],[106.05282,10.73569],[106.05301,10.73514],[106.05407,10.73447],[106.05567,10.73228],[106.05616,10.73004],[106.05515,10.72813],[106.05298,10.72831],[106.05188,10.72797],[106.049,10.72577],[106.04323,10.72238],[106.04112,10.72207],[106.03991,10.72266],[106.03607,10.72695],[106.03362,10.72903],[106.0271,10.7335],[106.02544,10.73422],[106.02252,10.73473],[106.01459,10.73482],[106.01296,10.73408],[106.0093,10.73008],[106.0064,10.72592],[106.00178,10.72097],[105.99881,10.71829],[105.99546,10.71615],[105.99287,10.71369],[105.99181,10.71338],[105.99108,10.71353],[105.98989,10.71449],[105.9854,10.72036],[105.98352,10.72207],[105.97771,10.72535],[105.9764,10.7266],[105.97539,10.72903],[105.97603,10.73414],[105.97569,10.73637],[105.97469,10.73828],[105.97118,10.74056],[105.97006,10.74306],[105.9703,10.74688],[105.97132,10.75328],[105.97104,10.75495],[105.97011,10.757],[105.96877,10.759],[105.96693,10.76051],[105.96271,10.76137],[105.96009,10.76288],[105.95582,10.76754],[105.9549,10.76894],[106.03624,10.83562],[106.03667,10.83574],[106.06672,10.81425],[106.07092,10.81175],[106.08531,10.80943]]]]}},
{"type":"Feature","id":"27817","properties":{"Ward_Code":"27817","Ward_Code_Num":27817,"Ward":"Tuyên Thạnh","Ward_Alt":"Tuyên Thạnh","Ward_Upper":"TUYÊN THẠNH","Ward_Full":"Xã Tuyên Thạnh","Ward_Full_Alt":"Xã Tuyên Thạnh","Ward_Full_Upper_Alt":"XÃ TUYÊN THẠNH","Ward_Type":"Xã","Province_Code":"80","Province":"Tây Ninh","Province_Upper_Alt":"TÂY NINH"},"geometry":{"type":"MultiPolygon","coordinates":[[[[105.92737,10.70541],[105.91566,10.70798],[105.89175,10.71256],[105.88715,10.69093],[105.87269,10.68966],[105.8676,10.68964],[105.86412,10.69038],[105.86422,10.6911],[105.86067,10.69285],[105.85756,10.68794],[105.85627,10.68844],[105.85576,10.68756],[105.85453,10.6883],[105.85375,10.6872],[105.84827,10.69062],[105.84303,10.6934],[105.83109,10.69814],[105.82696,10.70024],[105.81905,10.70141],[105.81871,10.70318],[105.8176,10.72903],[105.82448,10.74127],[105.83401,10.75571],[105.83773,10.76034],[105.83972,10.76398],[105.84246,10.76791],[105.84461,10.77055],[105.84972,10.77513],[105.85254,10.78053],[105.8546,10.78168],[105.85844,10.78202],[105.85939,10.78322],[105.86204,10.7849],[105.86972,10.78915],[105.87046,10.79009],[105.87154,10.79344],[105.87967,10.80591],[105.88059,10.80853],[105.88173,10.81007],[105.88281,10.80994],[105.88314,10.81034],[105.88301,10.81149],[105.88365,10.81311],[105.88954,10.81589],[105.89105,10.81614],[105.89251,10.81563],[105.8952,10.81213],[105.89567,10.80949],[105.89501,10.80498],[105.89583,10.80304],[105.89728,10.80108],[105.89834,10.80034],[105.90204,10.79909],[105.90405,10.79806],[105.90684,10.79612],[105.91062,10.79256],[105.91273,10.79141],[105.91498,10.79119],[105.91772,10.79201],[105.9193,10.79161],[105.92001,10.79063],[105.92099,10.78736],[105.92289,10.78513],[105.92251,10.78405],[105.92124,10.78413],[105.92152,10.78182],[105.92058,10.78127],[105.92063,10.7803],[105.92,10.77983],[105.9201,10.77867],[105.9189,10.778],[105.91889,10.77687],[105.9181,10.77677],[105.91784,10.77642],[105.91771,10.77566],[105.9183,10.77369],[105.9181,10.77202],[105.91838,10.77094],[105.91778,10.77056],[105.9178,10.76992],[105.91669,10.76825],[105.91406,10.76268],[105.91098,10.75988],[105.91001,10.75805],[105.92528,10.74091],[105.92227,10.73063],[105.93509,10.72828],[105.93402,10.72348],[105.93145,10.70454],[105.92737,10.70541]]]]}},
{"type":"Feature","id":"27823","properties":{"Ward_Code":"27823","Ward_Code_Num":27823,"Ward":"Mộc Hoá","Ward_Alt":"Mộc Hóa","Ward_Upper":"MỘC HOÁ","Ward_Full":"Xã Mộc Hoá","Ward_Full_Alt":"Xã Mộc Hóa","Ward_Full_Upper_Alt":"XÃ MỘC HÓA","Ward_Type":"Xã","Province_Code":"80","Province":"Tây Ninh","Province_Upper_Alt":"TÂY NINH"},"geometry":{"type":"MultiPolygon","coordinates":[[[[106.04078,10.69307],[106.04152,10.68834],[106.03594,10.68855],[106.03595,10.68805],[106.03747,10.68385],[106.03915,10.68125],[106.04571,10.66696],[106.04577,10.66655],[106.04523,10.666],[106.04529,10.66535],[106.04888,10.66541],[106.04885,10.66059],[106.04386,10.66048],[106.04441,10.65931],[106.04459,10.6596],[106.04585,10.65755],[106.04413,10.65355],[106.02441,10.65764],[106.01422,10.65242],[106.01218,10.65601],[106.00968,10.65936],[106.00199,10.65476],[106.00188,10.66053],[105.99614,10.66175],[105.99559,10.66656],[105.9839,10.66771],[105.97927,10.66877],[105.94279,10.68354],[105.93982,10.6853],[105.93897,10.68382],[105.93714,10.68494],[105.93694,10.68456],[105.93243,10.68653],[105.92656,10.68733],[105.92677,10.68764],[105.92119,10.68918],[105.9245,10.69264],[105.93195,10.70442],[105.93145,10.70454],[105.93154,10.70532],[105.93402,10.72348],[105.93509,10.72828],[105.93243,10.72878],[105.94323,10.73201],[105.9433,10.73382],[105.94936,10.73272],[105.94942,10.73459],[105.95062,10.73411],[105.95222,10.73547],[105.95653,10.73633],[105.95845,10.73892],[105.95894,10.74042],[105.95864,10.74169],[105.95966,10.74457],[105.96076,10.74536],[105.96156,10.74565],[105.96349,10.74563],[105.96478,10.74609],[105.96523,10.74558],[105.96544,10.74362],[105.96725,10.74356],[105.96837,10.74246],[105.97006,10.74306],[105.97118,10.74056],[105.97469,10.73828],[105.97569,10.73637],[105.97598,10.73482],[105.97533,10.73002],[105.97553,10.72826],[105.9764,10.7266],[105.97771,10.72535],[105.98177,10.72318],[105.98465,10.72108],[105.98795,10.71729],[105.98989,10.71449],[105.99145,10.7134],[105.99287,10.71369],[105.99546,10.71615],[105.99881,10.71829],[106.00178,10.72097],[106.0064,10.72592],[106.0093,10.73008],[106.01296,10.73408],[106.01459,10.73482],[106.02252,10.73473],[106.02622,10.7339],[106.02835,10.73278],[106.03362,10.72903],[106.03607,10.72695],[106.04027,10.72236],[106.04112,10.72207],[106.04252,10.72214],[106.049,10.72577],[106.05188,10.72797],[106.05298,10.72831],[106.05515,10.72813],[106.0561,10.7297],[106.05567,10.73228],[106.05407,10.73447],[106.05301,10.73514],[106.05282,10.73569],[106.05319,10.73798],[106.05426,10.74041],[106.05381,10.74181],[106.05522,10.74781],[106.05558,10.74812],[106.05531,10.74881],[106.0561,10.74953],[106.05547,10.75018],[106.05645,10.75187],[106.05759,10.75239],[106.06113,10.75827],[106.06138,10.75782],[106.06201,10.75827],[106.06176,10.75934],[106.06489,10.76678],[106.066,10.77205],[106.0654,10.77244],[106.06794,10.77431],[106.0665,10.77525],[106.0673,10.77605],[106.06812,10.77553],[106.06888,10.77599],[106.0684,10.77707],[106.06902,10.77755],[106.06852,10.77843],[106.06861,10.7831],[106.06976,10.78291],[106.07053,10.78384],[106.07839,10.77834],[106.0814,10.78293],[106.09681,10.77894],[106.09783,10.7835],[106.11423,10.78253],[106.1149,10.78218],[106.10656,10.75968],[106.1118,10.75836],[106.10206,10.714],[106.08774,10.71268],[106.08784,10.71158],[106.06215,10.69821],[106.04527,10.69343],[106.04242,10.69355],[106.04078,10.69307]]]]}},
{"type":"Feature","id":"27826","properties":{"Ward_Code":"27826","Ward_Code_Num":27826,"Ward":"Tân Thạnh","Ward_Alt":"Tân Thạnh","Ward_Upper":"TÂN THẠNH","Ward_Full":"Xã Tân Thạnh","Ward_Full_Alt":"Xã Tân Thạnh","Ward_Full_Upper_Alt":"XÃ TÂN THẠNH","Ward_Type":"Xã","Province_Code":"80","Province":"Tây Ninh","Province_Upper_Alt":"TÂY NINH"},"geometry":{"type":"MultiPolygon","coordinates":[[[[106.04413,10.65355],[106.08938,10.64432],[106.08819,10.64105],[106.08838,10.63931],[106.08696,10.63707],[106.08588,10.63607],[106.08673,10.63377],[106.08625,10.63212],[106.08629,10.63094],[106.08696,10.62959],[106.08762,10.62571],[106.0901,10.60217],[106.09146,10.6005],[106.0898,10.58037],[106.08991,10.57536],[106.10124,10.57589],[106.10245,10.52284],[106.09261,10.52307],[106.03788,10.52876],[106.00115,10.53237],[105.9921,10.53298],[106.00548,10.56013],[106.00636,10.56299],[106.00864,10.56752],[106.01086,10.57364],[106.02194,10.57281],[106.03579,10.59963],[106.02786,10.6024],[106.0298,10.61208],[106.01248,10.61531],[106.01807,10.62882],[106.01809,10.63256],[106.01716,10.63585],[106.01741,10.63594],[106.01945,10.64564],[106.01486,10.65277],[106.02441,10.65764],[106.04413,10.65355]]]]}},
{"type":"Feature","id":"27838","properties":{"Ward_Code":"27838","Ward_Code_Num":27838,"Ward":"Nhơn Hoà Lập","Ward_Alt":"Nhơn Hòa Lập","Ward_Upper":"NHƠN HOÀ LẬP","Ward_Full":"Xã Nhơn Hoà Lập","Ward_Full_Alt":"Xã Nhơn Hòa Lập","Ward_Full_Upper_Alt":"XÃ NHƠN HÒA LẬP","Ward_Type":"Xã","Province_Code":"80","Province":"Tây Ninh","Province_Upper_Alt":"TÂY NINH"},"geometry":{"type":"MultiPolygon","coordinates":[[[[105.9324,10.68637],[105.93694,10.68456],[105.93714,10.68494],[105.93897,10.68382],[105.93982,10.6853],[105.94279,10.68354],[105.97927,10.66877],[105.9839,10.66771],[105.99559,10.66656],[105.99614,10.66175],[106.00188,10.66053],[106.00199,10.65476],[106.00968,10.65936],[106.01218,10.65601],[106.01422,10.65242],[106.01486,10.65277],[106.01616,10.65096],[106.01945,10.64564],[106.01741,10.63594],[106.01716,10.63585],[106.01809,10.63256],[106.01807,10.62882],[106.01248,10.61531],[106.0298,10.61208],[106.02786,10.6024],[106.03579,10.59963],[106.03083,10.59015],[105.98251,10.59272],[105.97454,10.59365],[105.97463,10.59444],[105.97324,10.59462],[105.93739,10.59824],[105.91703,10.60095],[105.91798,10.60707],[105.9115,10.60883],[105.9086,10.608],[105.90545,10.60807],[105.90444,10.6089],[105.89438,10.61009],[105.89995,10.6364],[105.89888,10.63662],[105.90637,10.65466],[105.90729,10.65446],[105.90886,10.6616],[105.91782,10.68645],[105.92119,10.68918],[105.92677,10.68764],[105.92656,10.68733],[105.9324,10.68637]]]]}},
{"type":"Feature","id":"27841","properties":{"Ward_Code":"27841","Ward_Code_Num":27841,"Ward":"Hậu Thạnh","Ward_Alt":"Hậu Thạnh","Ward_Upper":"HẬU THẠNH","Ward_Full":"Xã Hậu Thạnh","Ward_Full_Alt":"Xã Hậu Thạnh","Ward_Full_Upper_Alt":"XÃ HẬU THẠNH","Ward_Type":"Xã","Province_Code":"80","Province":"Tây Ninh","Province_Upper_Alt":"TÂY NINH"},"geometry":{"type":"MultiPolygon","coordinates":[[[[105.92112,10.68912],[105.91782,10.68645],[105.90886,10.6616],[105.90729,10.65446],[105.90637,10.65466],[105.89888,10.63662],[105.89995,10.6364],[105.8938,10.60728],[105.88295,10.60944],[105.8813,10.60331],[105.88002,10.59979],[105.87928,10.59518],[105.87406,10.59601],[105.87223,10.58752],[105.85079,10.61694],[105.83466,10.63828],[105.82149,10.64601],[105.81422,10.6496],[105.80938,10.65161],[105.80771,10.65365],[105.80885,10.65342],[105.81435,10.6788],[105.81479,10.67873],[105.81464,10.68207],[105.81628,10.68402],[105.81682,10.68661],[105.81651,10.68923],[105.81692,10.6946],[105.81963,10.69709],[105.81905,10.70141],[105.82696,10.70024],[105.83109,10.69814],[105.84303,10.6934],[105.84827,10.69062],[105.85375,10.6872],[105.85453,10.6883],[105.85576,10.68756],[105.85627,10.68844],[105.85756,10.68794],[105.86067,10.69285],[105.86422,10.6911],[105.86412,10.69038],[105.8676,10.68964],[105.87269,10.68966],[105.88715,10.69093],[105.89175,10.71256],[105.91566,10.70798],[105.93195,10.70442],[105.9245,10.69264],[105.92112,10.68912]]]]}},
{"type":"Feature","id":"27856","properties":{"Ward_Code":"27856","Ward_Code_Num":27856,"Ward":"Nhơn Ninh","Ward_Alt":"Nhơn Ninh","Ward_Upper":"NHƠN NINH","Ward_Full":"Xã Nhơn Ninh","Ward_Full_Alt":"Xã Nhơn Ninh","Ward_Full_Upper_Alt":"XÃ NHƠN NINH","Ward_Type":"Xã","Province_Code":"80","Province":"Tây Ninh","Province_Upper_Alt":"TÂY NINH"},"geometry":{"type":"MultiPolygon","coordinates":[[[[105.89447,10.61009],[105.90444,10.6089],[105.90545,10.60807],[105.9086,10.608],[105.9115,10.60883],[105.91798,10.60707],[105.91703,10.60095],[105.93739,10.59824],[105.97324,10.59462],[105.97463,10.59444],[105.97454,10.59365],[105.98251,10.59272],[106.03083,10.59015],[106.02194,10.57281],[106.01086,10.57364],[106.00864,10.56752],[106.00636,10.56299],[106.00548,10.56013],[105.9921,10.53298],[105.90981,10.53858],[105.87223,10.58752],[105.87406,10.59601],[105.87928,10.59518],[105.88002,10.59979],[105.8813,10.60331],[105.88295,10.60944],[105.8938,10.60728],[105.89447,10.61009]]]]}},
{"type":"Feature","id":"27865","properties":{"Ward_Code":"27865","Ward_Code_Num":27865,"Ward":"Thạnh Hoá","Ward_Alt":"Thạnh Hóa","Ward_Upper":"THẠNH HOÁ","Ward_Full":"Xã Thạnh Hoá","Ward_Full_Alt":"Xã Thạnh Hóa","Ward_Full_Upper_Alt":"XÃ THẠNH HÓA","Ward_Type":"Xã","Province_Code":"80","Province":"Tây Ninh","Province_Upper_Alt":"TÂY NINH"},"geometry":{"type":"MultiPolygon","coordinates":[[[[106.18768,10.65863],[106.19363,10.65873],[106.19866,10.65947],[106.19844,10.6583],[106.19914,10.65701],[106.19733,10.65246],[106.19791,10.58043],[106.08991,10.57536],[106.0898,10.58037],[106.09146,10.6005],[106.0901,10.60217],[106.08762,10.62571],[106.08696,10.62959],[106.08629,10.63094],[106.08625,10.63212],[106.08673,10.63377],[106.08588,10.63607],[106.08696,10.63707],[106.08838,10.63931],[106.08816,10.64076],[106.08849,10.64189],[106.18056,10.67791],[106.18191,10.66932],[106.1816,10.66451],[106.18181,10.6617],[106.18232,10.66078],[106.18458,10.65927],[106.18768,10.65863]]]]}},
{"type":"Feature","id":"27868","properties":{"Ward_Code":"27868","Ward_Code_Num":27868,"Ward":"Bình Thành","Ward_Alt":"Bình Thành","Ward_Upper":"BÌNH THÀNH","Ward_Full":"Xã Bình Thành","Ward_Full_Alt":"Xã Bình Thành","Ward_Full_Upper_Alt":"XÃ BÌNH THÀNH","Ward_Type":"Xã","Province_Code":"80","Province":"Tây Ninh","Province_Upper_Alt":"TÂY NINH"},"geometry":{"type":"MultiPolygon","coordinates":[[[[106.22201,10.81911],[106.22625,10.81469],[106.23998,10.80904],[106.26306,10.7823],[106.26612,10.77786],[106.24668,10.76456],[106.2452,10.76325],[106.24458,10.76209],[106.24361,10.75901],[106.23314,10.70329],[106.2293,10.70412],[106.2175,10.71207],[106.17879,10.71893],[106.17874,10.72076],[106.17827,10.72174],[106.17809,10.72353],[106.17531,10.72578],[106.17701,10.72854],[106.153,10.73345],[106.15277,10.73318],[106.14777,10.74926],[106.10656,10.75968],[106.11569,10.78423],[106.11727,10.80893],[106.16454,10.81166],[106.19009,10.79002],[106.18902,10.81794],[106.1979,10.81873],[106.21873,10.81945],[106.22188,10.81935],[106.22201,10.81911]]]]}},
{"type":"Feature","id":"27877","properties":{"Ward_Code":"27877","Ward_Code_Num":27877,"Ward":"Thạnh Phước","Ward_Alt":"Thạnh Phước","Ward_Upper":"THẠNH PHƯỚC","Ward_Full":"Xã Thạnh Phước","Ward_Full_Alt":"Xã Thạnh Phước","Ward_Full_Upper_Alt":"XÃ THẠNH PHƯỚC","Ward_Type":"Xã","Province_Code":"80","Province":"Tây Ninh","Province_Upper_Alt":"TÂY NINH"},"geometry":{"type":"MultiPolygon","coordinates":[[[[106.03754,10.68847],[106.04152,10.68834],[106.04078,10.69307],[106.04242,10.69355],[106.04527,10.69343],[106.06215,10.69821],[106.08784,10.71158],[106.08774,10.71268],[106.10206,10.714],[106.1118,10.75836],[106.14777,10.74926],[106.15277,10.73318],[106.153,10.73345],[106.17701,10.72854],[106.17531,10.72578],[106.17809,10.72353],[106.17827,10.72174],[106.17874,10.72076],[106.17879,10.71893],[106.2175,10.71207],[106.2293,10.70412],[106.23314,10.70329],[106.23296,10.7014],[106.23336,10.70067],[106.23324,10.69951],[106.23357,10.69854],[106.23283,10.69721],[106.23347,10.696],[106.23308,10.6934],[106.23324,10.6917],[106.23126,10.68952],[106.23039,10.68916],[106.22983,10.6882],[106.22964,10.68678],[106.23013,10.68563],[106.23065,10.68519],[106.23032,10.68397],[106.23086,10.68341],[106.22905,10.68052],[106.22568,10.67637],[106.22544,10.67383],[106.22698,10.6678],[106.22694,10.66681],[106.22614,10.66553],[106.22173,10.66366],[106.21595,10.66202],[106.21458,10.66194],[106.21316,10.66314],[106.21064,10.6665],[106.20966,10.66718],[106.20851,10.66735],[106.2064,10.66637],[106.20337,10.66252],[106.20111,10.66052],[106.19946,10.65961],[106.19363,10.65873],[106.1899,10.65859],[106.1866,10.6587],[106.18458,10.65927],[106.18232,10.66078],[106.18172,10.66199],[106.18191,10.66932],[106.18056,10.67791],[106.08849,10.64189],[106.08933,10.64437],[106.04413,10.65355],[106.04585,10.65755],[106.04459,10.6596],[106.04441,10.65931],[106.04386,10.66048],[106.04885,10.66059],[106.04888,10.66541],[106.04529,10.66535],[106.04523,10.666],[106.04577,10.66655],[106.04571,10.66696],[106.03915,10.68125],[106.03747,10.68385],[106.03595,10.68805],[106.03594,10.68855],[106.03754,10.68847]]]]}},
{"type":"Feature","id":"27889","properties":{"Ward_Code":"27889","Ward_Code_Num":27889,"Ward":"Tân Tây","Ward_Alt":"Tân Tây","Ward_Upper":"TÂN TÂY","Ward_Full":"Xã Tân Tây","Ward_Full_Alt":"Xã Tân Tây","Ward_Full_Upper_Alt":"XÃ TÂN TÂY","Ward_Type":"Xã","Province_Code":"80","Province":"Tây Ninh","Province_Upper_Alt":"TÂY NINH"},"geometry":{"type":"MultiPolygon","coordinates":[[[[106.2501,10.67682],[106.25178,10.67708],[106.255,10.6791],[106.25659,10.67953],[106.25843,10.67875],[106.25928,10.67765],[106.26006,10.67508],[106.26025,10.67125],[106.25945,10.66992],[106.25632,10.66761],[106.25565,10.6668],[106.25501,10.66546],[106.25492,10.66401],[106.25616,10.66136],[106.25733,10.65968],[106.26106,10.6556],[106.26235,10.65463],[106.26695,10.65201],[106.2728,10.6498],[106.27588,10.64907],[106.27775,10.64909],[106.28253,10.65099],[106.28619,10.65144],[106.28708,10.65122],[106.28831,10.65034],[106.29224,10.6458],[106.29518,10.64344],[106.2959,10.64311],[106.29701,10.64315],[106.30019,10.64413],[106.30152,10.64422],[106.30421,10.64363],[106.30841,10.64067],[106.31378,10.63575],[106.31498,10.6341],[106.31486,10.63231],[106.31201,10.63022],[106.31001,10.62925],[106.3085,10.62796],[106.30745,10.62619],[106.3074,10.62479],[106.30977,10.62207],[106.31614,10.61769],[106.32148,10.61537],[106.32788,10.61422],[106.32941,10.61322],[106.32988,10.61165],[106.32959,10.60678],[106.32988,10.60489],[106.33114,10.60306],[106.33493,10.60085],[106.33389,10.59796],[106.33397,10.59634],[106.33365,10.5954],[106.33526,10.59313],[106.33512,10.59032],[106.33463,10.58972],[106.33477,10.58875],[106.33445,10.58809],[106.33357,10.58767],[106.33293,10.58636],[106.33225,10.58574],[106.33156,10.58317],[106.32802,10.58322],[106.32124,10.58761],[106.31938,10.58913],[106.31764,10.58999],[106.20584,10.57928],[106.20406,10.5793],[106.19791,10.58043],[106.19733,10.65246],[106.19801,10.65461],[106.19913,10.65657],[106.19902,10.65745],[106.19844,10.6583],[106.19866,10.65947],[106.19957,10.65965],[106.20122,10.66061],[106.20408,10.66325],[106.20632,10.6663],[106.20806,10.66726],[106.20924,10.66731],[106.21038,10.66672],[106.21348,10.66278],[106.21476,10.66192],[106.22079,10.66333],[106.22621,10.66558],[106.22688,10.66664],[106.227,10.66769],[106.22548,10.67356],[106.2257,10.67644],[106.22905,10.68052],[106.23072,10.68326],[106.23303,10.68524],[106.23465,10.68508],[106.24812,10.67757],[106.2501,10.67682]]]]}},
{"type":"Feature","id":"27898","properties":{"Ward_Code":"27898","Ward_Code_Num":27898,"Ward":"Đông Thành","Ward_Alt":"Đông Thành","Ward_Upper":"ĐÔNG THÀNH","Ward_Full":"Xã Đông Thành","Ward_Full_Alt":"Xã Đông Thành","Ward_Full_Upper_Alt":"XÃ ĐÔNG THÀNH","Ward_Type":"Xã","Province_Code":"80","Province":"Tây Ninh","Province_Upper_Alt":"TÂY NINH"},"geometry":{"type":"MultiPolygon","coordinates":[[[[106.25862,10.90632],[106.25969,10.90403],[106.26937,10.90432],[106.27033,10.89668],[106.27157,10.89561],[106.2724,10.89613],[106.27479,10.8994],[106.27628,10.90086],[106.27884,10.90301],[106.28454,10.9069],[106.29359,10.90835],[106.29579,10.90789],[106.29835,10.90844],[106.30047,10.91093],[106.30051,10.91195],[106.30303,10.91236],[106.3034,10.90897],[106.3038,10.90801],[106.30537,10.90649],[106.31251,10.90343],[106.31655,10.90205],[106.32796,10.89889],[106.33327,10.89552],[106.33796,10.89098],[106.34022,10.88758],[106.34048,10.88569],[106.33964,10.88274],[106.33876,10.88091],[106.33609,10.87723],[106.33493,10.87398],[106.33515,10.87081],[106.33596,10.86863],[106.33691,10.8672],[106.33332,10.86507],[106.29984,10.85685],[106.29838,10.85671],[106.29564,10.85526],[106.27373,10.84944],[106.26902,10.84851],[106.27201,10.83841],[106.24998,10.83013],[106.22288,10.81961],[106.22205,10.81903],[106.22188,10.81935],[106.21873,10.81945],[106.19734,10.81871],[106.18902,10.81794],[106.18826,10.83797],[106.18193,10.85042],[106.16327,10.88541],[106.16736,10.88596],[106.17094,10.88764],[106.17449,10.88805],[106.23032,10.91403],[106.23176,10.92106],[106.25178,10.90984],[106.25862,10.90632]]]]}},
{"type":"Feature","id":"27907","properties":{"Ward_Code":"27907","Ward_Code_Num":27907,"Ward":"Mỹ Quý","Ward_Alt":"Mỹ Quý","Ward_Upper":"MỸ QUÝ","Ward_Full":"Xã Mỹ Quý","Ward_Full_Alt":"Xã Mỹ Quý","Ward_Full_Upper_Alt":"XÃ MỸ QUÝ","Ward_Type":"Xã","Province_Code":"80","Province":"Tây Ninh","Province_Upper_Alt":"TÂY NINH"},"geometry":{"type":"MultiPolygon","coordinates":[[[[106.19631,10.97114],[106.19903,10.97092],[106.2033,10.97153],[106.20445,10.97481],[106.20511,10.97535],[106.20987,10.97612],[106.21394,10.97722],[106.21711,10.9771],[106.21801,10.97759],[106.22052,10.97789],[106.22412,10.97931],[106.22511,10.97996],[106.2256,10.98077],[106.22775,10.98187],[106.22967,10.98172],[106.23579,10.98471],[106.23716,10.98494],[106.23777,10.98595],[106.23956,10.98732],[106.24116,10.98691],[106.24423,10.98679],[106.25178,10.98698],[106.25343,10.9863],[106.25598,10.98454],[106.26068,10.98457],[106.26202,10.98488],[106.26444,10.98412],[106.26537,10.9835],[106.26876,10.98326],[106.26927,10.98253],[106.27103,10.98218],[106.27156,10.98136],[106.27322,10.98103],[106.27216,10.97817],[106.27237,10.97665],[106.27309,10.97594],[106.27831,10.9741],[106.28122,10.97396],[106.28444,10.97334],[106.28837,10.97332],[106.28926,10.97284],[106.28987,10.97221],[106.28996,10.97071],[106.28786,10.96535],[106.2848,10.95947],[106.28413,10.95705],[106.28439,10.95534],[106.28568,10.95333],[106.29874,10.94286],[106.2999,10.94161],[106.30069,10.93491],[106.30322,10.9205],[106.30303,10.91236],[106.30051,10.91195],[106.30047,10.91093],[106.29835,10.90844],[106.29579,10.90789],[106.29359,10.90835],[106.28454,10.9069],[106.27884,10.90301],[106.27628,10.90086],[106.27479,10.8994],[106.2724,10.89613],[106.27157,10.89561],[106.27033,10.89668],[106.26937,10.90432],[106.25969,10.90403],[106.25862,10.90632],[106.25178,10.90984],[106.23176,10.92106],[106.23032,10.91403],[106.17449,10.88805],[106.17094,10.88764],[106.16736,10.88596],[106.16327,10.88541],[106.16191,10.88796],[106.13742,10.91591],[106.15175,10.94209],[106.15175,10.94266],[106.15011,10.94625],[106.14785,10.94926],[106.14616,10.95244],[106.14583,10.95366],[106.14568,10.95649],[106.14624,10.96336],[106.14563,10.96888],[106.14618,10.96892],[106.14438,10.97672],[106.1465,10.97951],[106.15047,10.98019],[106.15273,10.98166],[106.15466,10.98375],[106.15793,10.98087],[106.15998,10.97988],[106.16222,10.97954],[106.16365,10.97968],[106.16395,10.97884],[106.16379,10.97501],[106.16426,10.97273],[106.16376,10.97076],[106.16774,10.9633],[106.17583,10.96274],[106.17854,10.96293],[106.17972,10.96367],[106.18432,10.96391],[106.18816,10.9653],[106.18859,10.96589],[106.18861,10.96691],[106.19082,10.96864],[106.19136,10.97004],[106.19497,10.97154],[106.19631,10.97114]]]]}},
{"type":"Feature","id":"27925","properties":{"Ward_Code":"27925","Ward_Code_Num":27925,"Ward":"Đức Huệ","Ward_Alt":"Đức Huệ","Ward_Upper":"ĐỨC HUỆ","Ward_Full":"Xã Đức Huệ","Ward_Full_Alt":"Xã Đức Huệ","Ward_Full_Upper_Alt":"XÃ ĐỨC HUỆ","Ward_Type":"Xã","Province_Code":"80","Province":"Tây Ninh","Province_Upper_Alt":"TÂY NINH"},"geometry":{"type":"MultiPolygon","coordinates":[[[[106.34,10.86443],[106.34224,10.86183],[106.34263,10.86056],[106.34262,10.85894],[106.34182,10.8559],[106.33929,10.85194],[106.3386,10.85008],[106.33819,10.84781],[106.33862,10.84617],[106.33949,10.84488],[106.34082,10.84389],[106.34532,10.84254],[106.3511,10.842],[106.35738,10.84224],[106.35889,10.84145],[106.35956,10.83977],[106.35704,10.83618],[106.35642,10.83348],[106.35644,10.83172],[106.35708,10.82875],[106.35787,10.82685],[106.35936,10.82434],[106.36133,10.82207],[106.36344,10.82078],[106.36549,10.82003],[106.36724,10.81975],[106.3689,10.8199],[106.37102,10.82064],[106.373,10.82181],[106.37678,10.8259],[106.37943,10.82674],[106.38124,10.82666],[106.38346,10.82609],[106.38463,10.82541],[106.387,10.82321],[106.39023,10.81947],[106.3909,10.81838],[106.39182,10.81515],[106.39156,10.81146],[106.39045,10.80544],[106.39062,10.80113],[106.39136,10.79947],[106.39288,10.79745],[106.39234,10.79713],[106.39218,10.79655],[106.39083,10.79645],[106.39114,10.79538],[106.39011,10.79545],[106.39017,10.79452],[106.38908,10.79369],[106.38904,10.79276],[106.38994,10.79269],[106.3903,10.79094],[106.39016,10.78982],[106.38916999999999,10.78806],[106.38974,10.78704],[106.3879,10.78704],[106.38485,10.78623],[106.38326,10.78627],[106.3829,10.78596],[106.38187,10.78608],[106.38083,10.78691],[106.3807,10.78526],[106.38118,10.78406],[106.37981,10.78207],[106.37918,10.78178],[106.37481,10.78216],[106.37172,10.78126],[106.36982,10.78135],[106.36821,10.782],[106.36469,10.78025],[106.36857,10.77414],[106.35731,10.77451],[106.34894,10.76976],[106.34567,10.76989],[106.34384,10.77195],[106.33132,10.76473],[106.3316,10.76429],[106.30238,10.74752],[106.29668,10.74274],[106.2665,10.77739],[106.26306,10.7823],[106.23998,10.80904],[106.22625,10.81469],[106.22206,10.81904],[106.22288,10.81961],[106.24998,10.83013],[106.27201,10.83841],[106.26902,10.84851],[106.27373,10.84944],[106.29564,10.85526],[106.29838,10.85671],[106.29984,10.85685],[106.33332,10.86507],[106.33691,10.8672],[106.34,10.86443]]]]}},
{"type":"Feature","id":"27931","properties":{"Ward_Code":"27931","Ward_Code_Num":27931,"Ward":"Hậu Nghĩa","Ward_Alt":"Hậu Nghĩa","Ward_Upper":"HẬU NGHĨA","Ward_Full":"Xã Hậu Nghĩa","Ward_Full_Alt":"Xã Hậu Nghĩa","Ward_Full_Upper_Alt":"XÃ HẬU NGHĨA","Ward_Type":"Xã","Province_Code":"80","Province":"Tây Ninh","Province_Upper_Alt":"TÂY NINH"},"geometry":{"type":"MultiPolygon","coordinates":[[[[106.37302,10.96967],[106.41152,10.97374],[106.45351,10.94191],[106.4179,10.90174],[106.41667,10.901],[106.4107,10.89933],[106.41155,10.89647],[106.41201,10.8965],[106.41188,10.89208],[106.4109,10.88616],[106.40535,10.88667],[106.40436,10.88636],[106.40242,10.88553],[106.39829,10.88131],[106.3956,10.88776],[106.39243,10.88731],[106.39231,10.88838],[106.39188,10.88834],[106.3911,10.89077],[106.39144,10.89084],[106.3911,10.89241],[106.39008,10.8912],[106.38974,10.89146],[106.38841,10.89061],[106.38774,10.89146],[106.38833,10.89186],[106.38729,10.89366],[106.38586,10.89306],[106.38404,10.89317],[106.38409,10.89546],[106.38468,10.89534],[106.38487,10.8958],[106.38509,10.90051],[106.38421,10.90063],[106.38424,10.90322],[106.38389,10.90324],[106.38384,10.90438],[106.38324,10.90428],[106.38153,10.9109],[106.38096,10.91087],[106.38077,10.91405],[106.37875,10.91391],[106.37928,10.91853],[106.37838,10.91845],[106.37825,10.91818],[106.37603,10.91808],[106.37538,10.9181],[106.37523,10.91858],[106.37436,10.91862],[106.37087,10.91565],[106.36935,10.91592],[106.36591,10.91515],[106.36592,10.91675],[106.36533,10.91659],[106.3646,10.9191],[106.36434,10.91903],[106.36419,10.91961],[106.36565,10.9199],[106.36592,10.92238],[106.36657,10.9225],[106.36661,10.92373],[106.36524,10.92372],[106.36529,10.925],[106.36609,10.92518],[106.36551,10.92837],[106.36657,10.9283],[106.36694,10.93093],[106.36761,10.93209],[106.36736,10.93243],[106.3608,10.93473],[106.36089,10.93554],[106.3597,10.93556],[106.36004,10.93852],[106.35966,10.93858],[106.3586,10.94145],[106.35802,10.94415],[106.35691,10.94712],[106.35598,10.94851],[106.3555,10.94871],[106.35505,10.951],[106.3533,10.95074],[106.35328,10.95105],[106.35372,10.95114],[106.35306,10.95439],[106.35308,10.95702],[106.35334,10.95711],[106.34828,10.96416],[106.35156,10.9647],[106.35145,10.96514],[106.35193,10.96528],[106.35185,10.96563],[106.35346,10.96718],[106.35382,10.96691],[106.35428,10.96742],[106.35403,10.96773],[106.35455,10.9683],[106.35526,10.97021],[106.35524,10.9718],[106.35673,10.97222],[106.35615,10.9744],[106.35744,10.97618],[106.3574,10.97732],[106.35908,10.97826],[106.35895,10.97863],[106.36034,10.97911],[106.36005,10.9795],[106.36066,10.98024],[106.35891,10.98262],[106.36178,10.98473],[106.37302,10.96967]]]]}},
{"type":"Feature","id":"27937","properties":{"Ward_Code":"27937","Ward_Code_Num":27937,"Ward":"Đức Hoà","Ward_Alt":"Đức Hòa","Ward_Upper":"ĐỨC HOÀ","Ward_Full":"Xã Đức Hoà","Ward_Full_Alt":"Xã Đức Hòa","Ward_Full_Upper_Alt":"XÃ ĐỨC HÒA","Ward_Type":"Xã","Province_Code":"80","Province":"Tây Ninh","Province_Upper_Alt":"TÂY NINH"},"geometry":{"type":"MultiPolygon","coordinates":[[[[106.45995,10.8396],[106.46172,10.83957],[106.4619,10.83885],[106.46587,10.8393],[106.46656,10.83677],[106.46446,10.83406],[106.46918,10.83384],[106.47164,10.83336],[106.47362,10.83352],[106.47389,10.82715],[106.47328,10.82435],[106.47246,10.82423],[106.4725,10.82166],[106.47261,10.82096],[106.47688,10.81809],[106.47668,10.81702],[106.47722,10.81696],[106.47725,10.81402],[106.47629,10.81404],[106.47669,10.81076],[106.49224,10.80047],[106.50567,10.79374],[106.50454,10.7889],[106.4879,10.77499],[106.46365,10.75654],[106.47215,10.74544],[106.4661,10.74085],[106.44888,10.76294],[106.44264,10.75815],[106.43958,10.76274],[106.43852,10.76291],[106.43847,10.76417],[106.43407,10.77088],[106.43152,10.77267],[106.43131,10.77206],[106.429,10.77325],[106.42988,10.77529],[106.42744,10.77539],[106.4275,10.77564],[106.42423,10.77525],[106.42456,10.77705],[106.42339,10.77811],[106.42276,10.78198],[106.4251,10.78292],[106.42728,10.78469],[106.4284,10.78709],[106.42899,10.79058],[106.42873,10.79224],[106.42763,10.79406],[106.42594,10.79526],[106.42422,10.79592],[106.42194,10.79632],[106.42032,10.79611],[106.41915,10.79553],[106.41803,10.79446],[106.41662,10.79112],[106.41578,10.78802],[106.41502,10.78728],[106.41289,10.78691],[106.40726,10.78933],[106.40113,10.79106],[106.39626,10.79375],[106.39495,10.79479],[106.39136,10.79947],[106.39062,10.80113],[106.39041,10.80299],[106.39045,10.80544],[106.39099,10.80827],[106.39193,10.80808],[106.39244,10.80764],[106.39368,10.808],[106.39476,10.80934],[106.39658,10.81311],[106.39895,10.8156],[106.3997,10.81701],[106.40608,10.82082],[106.41056,10.82418],[106.42326,10.82006],[106.43256,10.81812],[106.43486,10.81699],[106.43571,10.81839],[106.43634,10.81864],[106.43636,10.81922],[106.43699,10.82001],[106.43659,10.8217],[106.43705,10.82338],[106.43665,10.82488],[106.43661,10.82681],[106.43751,10.82939],[106.43768,10.83169],[106.43893,10.83386],[106.43966,10.83389],[106.43999,10.83426],[106.44022,10.83683],[106.44081,10.83912],[106.44848,10.83752],[106.45078,10.83618],[106.4533,10.83595],[106.4533,10.83634],[106.45415,10.83639],[106.45405,10.83851],[106.45536,10.83912],[106.45536,10.8397],[106.45742,10.84014],[106.45995,10.8396]]]]}},
{"type":"Feature","id":"27943","properties":{"Ward_Code":"27943","Ward_Code_Num":27943,"Ward":"An Ninh","Ward_Alt":"An Ninh","Ward_Upper":"AN NINH","Ward_Full":"Xã An Ninh","Ward_Full_Alt":"Xã An Ninh","Ward_Full_Upper_Alt":"XÃ AN NINH","Ward_Type":"Xã","Province_Code":"80","Province":"Tây Ninh","Province_Upper_Alt":"TÂY NINH"},"geometry":{"type":"MultiPolygon","coordinates":[[[[106.29713,11.02553],[106.29749,11.02409],[106.30079,11.02266],[106.31198,11.01996],[106.32729,11.01019],[106.33737,11.0055],[106.34297,11.00125],[106.34547,10.99474],[106.35108,10.99886],[106.36178,10.98473],[106.35891,10.98262],[106.36066,10.98024],[106.36005,10.9795],[106.36034,10.97911],[106.35895,10.97863],[106.35908,10.97826],[106.3574,10.97732],[106.35744,10.97618],[106.35615,10.9744],[106.35673,10.97222],[106.35524,10.9718],[106.35526,10.97021],[106.35455,10.9683],[106.35403,10.96773],[106.35428,10.96742],[106.35382,10.96691],[106.35346,10.96718],[106.35185,10.96563],[106.35193,10.96528],[106.35145,10.96514],[106.35156,10.9647],[106.34828,10.96416],[106.34376,10.97051],[106.34338,10.96885],[106.34271,10.96986],[106.34267,10.96936],[106.34097,10.96936],[106.34146,10.96747],[106.34028,10.96724],[106.34003,10.96607],[106.33684,10.96674],[106.33679,10.96636],[106.33618,10.96626],[106.33608,10.96561],[106.33529,10.96572],[106.33527,10.96538],[106.33498,10.96544],[106.33497,10.96483],[106.33457,10.96486],[106.33453,10.96429],[106.33305,10.96444],[106.33176,10.96401],[106.33218,10.96217],[106.3318,10.96209],[106.3323,10.96048],[106.3327,10.96046],[106.33288,10.9599],[106.33347,10.95999],[106.33352,10.95948],[106.33435,10.95918],[106.33464,10.95661],[106.33343,10.95624],[106.33346,10.95569],[106.32952,10.95431],[106.32964,10.95363],[106.32935,10.95337],[106.32872,10.95348],[106.32774,10.95056],[106.32724,10.94786],[106.32608,10.94785],[106.32598,10.9483],[106.32377,10.94822],[106.32336,10.94601],[106.31922,10.94609],[106.31829,10.94034],[106.31877,10.93936],[106.32095,10.93727],[106.3177,10.93442],[106.31646,10.93241],[106.31564,10.93014],[106.3138,10.92921],[106.30793,10.92801],[106.3043,10.9285],[106.30207,10.9276],[106.30069,10.93491],[106.2999,10.94161],[106.29874,10.94286],[106.28568,10.95333],[106.28439,10.95534],[106.28413,10.95705],[106.28431,10.95809],[106.28899,10.9679],[106.28996,10.97071],[106.28987,10.97221],[106.28837,10.97332],[106.28444,10.97334],[106.27702,10.97444],[106.27309,10.97594],[106.27214,10.97728],[106.27243,10.97933],[106.27398,10.98198],[106.2754,10.98311],[106.27754,10.98398],[106.28086,10.98451],[106.28266,10.98558],[106.2839,10.98687],[106.28602,10.99039],[106.28684,10.9928],[106.28355,11.0034],[106.28298,11.00446],[106.28104,11.00632],[106.27346,11.01077],[106.27077,11.01326],[106.27071,11.01512],[106.2723,11.01882],[106.27392999999999,11.02174],[106.27654,11.01973],[106.27906,11.01593],[106.28025,11.01799],[106.2819,11.01893],[106.28208,11.01961],[106.28306,11.02014],[106.28405,11.02201],[106.28463,11.02221],[106.28579,11.02151],[106.28695,11.02193],[106.28798,11.02186],[106.28806,11.02251],[106.28735,11.02458],[106.28973,11.02359],[106.29099,11.02341],[106.29172,11.02541],[106.29319,11.02557],[106.29432,11.02502],[106.29619,11.02573],[106.29693,11.02578],[106.29713,11.02553]]]]}},
{"type":"Feature","id":"27952","properties":{"Ward_Code":"27952","Ward_Code_Num":27952,"Ward":"Hiệp Hoà","Ward_Alt":"Hiệp Hòa","Ward_Upper":"HIỆP HOÀ","Ward_Full":"Xã Hiệp Hoà","Ward_Full_Alt":"Xã Hiệp Hòa","Ward_Full_Upper_Alt":"XÃ HIỆP HÒA","Ward_Type":"Xã","Province_Code":"80","Province":"Tây Ninh","Province_Upper_Alt":"TÂY NINH"},"geometry":{"type":"MultiPolygon","coordinates":[[[[106.3447,10.96918],[106.35334,10.95711],[106.35308,10.95702],[106.35306,10.95439],[106.35372,10.95114],[106.35328,10.95105],[106.3533,10.95074],[106.35505,10.951],[106.3555,10.94871],[106.35598,10.94851],[106.35691,10.94712],[106.35802,10.94415],[106.3586,10.94145],[106.35966,10.93858],[106.36004,10.93852],[106.3597,10.93556],[106.36089,10.93554],[106.3608,10.93473],[106.36736,10.93243],[106.36761,10.93209],[106.36694,10.93093],[106.36657,10.9283],[106.36551,10.92837],[106.36609,10.92518],[106.36529,10.925],[106.36524,10.92372],[106.36661,10.92373],[106.36657,10.9225],[106.36592,10.92238],[106.36565,10.9199],[106.36419,10.91961],[106.36434,10.91903],[106.3646,10.9191],[106.36533,10.91659],[106.36592,10.91675],[106.36591,10.91515],[106.36935,10.91592],[106.37087,10.91565],[106.37436,10.91862],[106.37523,10.91858],[106.37538,10.9181],[106.37603,10.91808],[106.37825,10.91818],[106.37838,10.91845],[106.37928,10.91853],[106.37875,10.91391],[106.38077,10.91405],[106.38096,10.91087],[106.38153,10.9109],[106.38324,10.90428],[106.38384,10.90438],[106.38389,10.90324],[106.38424,10.90322],[106.38421,10.90063],[106.38509,10.90051],[106.38487,10.8958],[106.38468,10.89534],[106.38409,10.89546],[106.38404,10.89317],[106.38206,10.893],[106.38014,10.89155],[106.3791,10.88617],[106.37879,10.88208],[106.36454,10.867],[106.36183,10.86841],[106.35919,10.86876],[106.35603,10.87033],[106.35503,10.8694],[106.35406,10.86951],[106.34828,10.86781],[106.34491,10.86572],[106.34404,10.86403],[106.34179,10.86257],[106.33664,10.86753],[106.33557,10.86955],[106.33493,10.87226],[106.33493,10.87398],[106.33552,10.8761],[106.33876,10.88091],[106.34041,10.88484],[106.34042,10.88672],[106.3398,10.88839],[106.33695,10.89209],[106.33327,10.89552],[106.32796,10.89889],[106.31251,10.90343],[106.30662,10.90588],[106.30458,10.90712],[106.3034,10.90897],[106.30311,10.91083],[106.30289,10.91389],[106.30322,10.9205],[106.30207,10.9276],[106.3043,10.9285],[106.3074,10.92797],[106.3103,10.92844],[106.3138,10.92921],[106.31564,10.93014],[106.31646,10.93241],[106.3177,10.93442],[106.32095,10.93727],[106.31877,10.93936],[106.31829,10.94034],[106.31922,10.94609],[106.32336,10.94601],[106.32377,10.94822],[106.32598,10.9483],[106.32608,10.94785],[106.32724,10.94786],[106.32774,10.95056],[106.32872,10.95348],[106.32935,10.95337],[106.32964,10.95363],[106.32952,10.95431],[106.33346,10.95569],[106.33343,10.95624],[106.33464,10.95661],[106.33435,10.95918],[106.33352,10.95948],[106.33347,10.95999],[106.33288,10.9599],[106.3327,10.96046],[106.3323,10.96048],[106.3318,10.96209],[106.33218,10.96217],[106.33176,10.96401],[106.33305,10.96444],[106.33453,10.96429],[106.33457,10.96486],[106.33497,10.96483],[106.33498,10.96544],[106.33527,10.96538],[106.33529,10.96572],[106.33608,10.96561],[106.33618,10.96626],[106.33679,10.96636],[106.33684,10.96674],[106.34003,10.96607],[106.34028,10.96724],[106.34146,10.96747],[106.34097,10.96936],[106.34267,10.96936],[106.34271,10.96986],[106.34338,10.96885],[106.34376,10.97051],[106.3447,10.96918]]]]}},
{"type":"Feature","id":"27964","properties":{"Ward_Code":"27964","Ward_Code_Num":27964,"Ward":"Đức Lập","Ward_Alt":"Đức Lập","Ward_Upper":"ĐỨC LẬP","Ward_Full":"Xã Đức Lập","Ward_Full_Alt":"Xã Đức Lập","Ward_Full_Upper_Alt":"XÃ ĐỨC LẬP","Ward_Type":"Xã","Province_Code":"80","Province":"Tây Ninh","Province_Upper_Alt":"TÂY NINH"},"geometry":{"type":"MultiPolygon","coordinates":[[[[106.41665,10.87397],[106.41341,10.8761],[106.41048,10.88243],[106.40891,10.88404],[106.40945,10.88473],[106.40948,10.88629],[106.4109,10.88616],[106.41188,10.89208],[106.41201,10.8965],[106.41155,10.89647],[106.4107,10.89933],[106.41667,10.901],[106.4179,10.90174],[106.45351,10.94191],[106.49562,10.92088],[106.5036,10.91656],[106.50365,10.91695],[106.50578,10.9159],[106.53144,10.90273],[106.53291,10.9005],[106.52805,10.88183],[106.52656,10.87725],[106.52588,10.87364],[106.50781,10.8771],[106.50653,10.87682],[106.50503,10.87694],[106.49861,10.87789],[106.49329,10.87793],[106.48773,10.87554],[106.48548,10.87424],[106.48524,10.87476],[106.48552,10.8749],[106.48488,10.8766],[106.4818,10.87646],[106.47745,10.87716],[106.47739,10.87692],[106.47347,10.87724],[106.47324,10.87635],[106.46886,10.87802],[106.4613,10.87956],[106.46046,10.87646],[106.45506,10.87661],[106.45331,10.88107],[106.45307,10.88292],[106.45389,10.88689],[106.43977,10.89316],[106.43789,10.89385],[106.43597,10.8941],[106.43109,10.89243],[106.42408,10.88452],[106.42444,10.87283],[106.42529999999999,10.8699],[106.42244,10.87048],[106.41665,10.87397]]]]}},
{"type":"Feature","id":"27976","properties":{"Ward_Code":"27976","Ward_Code_Num":27976,"Ward":"Mỹ Hạnh","Ward_Alt":"Mỹ Hạnh","Ward_Upper":"MỸ HẠNH","Ward_Full":"Xã Mỹ Hạnh","Ward_Full_Alt":"Xã Mỹ Hạnh","Ward_Full_Upper_Alt":"XÃ MỸ HẠNH","Ward_Type":"Xã","Province_Code":"80","Province":"Tây Ninh","Province_Upper_Alt":"TÂY NINH"},"geometry":{"type":"MultiPolygon","coordinates":[[[[106.45741,10.87654],[106.46046,10.87646],[106.4613,10.87956],[106.46886,10.87802],[106.47324,10.87635],[106.47347,10.87724],[106.47739,10.87692],[106.47745,10.87716],[106.4818,10.87646],[106.48488,10.8766],[106.48552,10.8749],[106.48524,10.87476],[106.48548,10.87424],[106.48773,10.87554],[106.49329,10.87793],[106.49861,10.87789],[106.50503,10.87694],[106.50653,10.87682],[106.50781,10.8771],[106.52588,10.87364],[106.52016,10.85259],[106.51121,10.81737],[106.50627,10.79504],[106.50567,10.79374],[106.49224,10.80047],[106.47669,10.81076],[106.47629,10.81404],[106.47725,10.81402],[106.47722,10.81696],[106.47668,10.81702],[106.47688,10.81809],[106.47261,10.82096],[106.4725,10.82166],[106.47246,10.82423],[106.47328,10.82435],[106.47389,10.82715],[106.47362,10.83352],[106.47164,10.83336],[106.46918,10.83384],[106.46446,10.83406],[106.46656,10.83677],[106.46587,10.8393],[106.4619,10.83885],[106.46169,10.83958],[106.45995,10.8396],[106.45756,10.84013],[106.45536,10.8397],[106.45536,10.83912],[106.45405,10.83851],[106.45415,10.83639],[106.4533,10.83634],[106.4533,10.83595],[106.45078,10.83618],[106.44848,10.83752],[106.44081,10.83912],[106.44095,10.84317],[106.43928,10.84368],[106.43727,10.8481],[106.43583,10.85046],[106.43639,10.85053],[106.43622,10.85167],[106.43528,10.85139],[106.43214,10.85673],[106.43182,10.86015],[106.42529999999999,10.8699],[106.42444,10.87283],[106.42401,10.88428],[106.43109,10.89243],[106.43525,10.89395],[106.43789,10.89385],[106.45389,10.88689],[106.45307,10.88292],[106.45331,10.88107],[106.45506,10.87661],[106.45741,10.87654]]]]}},
{"type":"Feature","id":"27979","properties":{"Ward_Code":"27979","Ward_Code_Num":27979,"Ward":"Hoà Khánh","Ward_Alt":"Hòa Khánh","Ward_Upper":"HOÀ KHÁNH","Ward_Full":"Xã Hoà Khánh","Ward_Full_Alt":"Xã Hòa Khánh","Ward_Full_Upper_Alt":"XÃ HÒA KHÁNH","Ward_Type":"Xã","Province_Code":"80","Province":"Tây Ninh","Province_Upper_Alt":"TÂY NINH"},"geometry":{"type":"MultiPolygon","coordinates":[[[[106.41664,10.87399],[106.42244,10.87048],[106.42529999999999,10.8699],[106.43182,10.86015],[106.43214,10.85673],[106.43528,10.85139],[106.43622,10.85167],[106.43639,10.85053],[106.43583,10.85046],[106.43727,10.8481],[106.43928,10.84368],[106.44095,10.84317],[106.44083,10.83922],[106.44018,10.83658],[106.4401,10.83462],[106.43973,10.83393],[106.43893,10.83386],[106.43768,10.83169],[106.43751,10.82939],[106.43661,10.82681],[106.43665,10.82488],[106.43705,10.82338],[106.43659,10.8217],[106.43699,10.82001],[106.43636,10.81922],[106.43634,10.81864],[106.43571,10.81839],[106.43486,10.81699],[106.43256,10.81812],[106.42326,10.82006],[106.41056,10.82418],[106.40608,10.82082],[106.3997,10.81701],[106.39895,10.8156],[106.39654,10.81305],[106.39476,10.80934],[106.39368,10.808],[106.39244,10.80764],[106.39193,10.80808],[106.39099,10.80827],[106.39182,10.81515],[106.3909,10.81838],[106.387,10.82321],[106.38463,10.82541],[106.38346,10.82609],[106.38124,10.82666],[106.37943,10.82674],[106.37772,10.8264],[106.37628,10.82555],[106.37311,10.8219],[106.37048,10.82041],[106.36724,10.81975],[106.36371,10.82065],[106.36154,10.8219],[106.35981,10.82372],[106.35781,10.82697],[106.3568,10.82984],[106.35639,10.83305],[106.35698,10.83602],[106.35762,10.83735],[106.35956,10.83977],[106.35935,10.84074],[106.35872,10.84163],[106.35738,10.84224],[106.3511,10.842],[106.34532,10.84254],[106.34201,10.84338],[106.34033,10.84417],[106.33917,10.84526],[106.33838,10.84673],[106.33823,10.8486],[106.33911,10.85154],[106.34182,10.8559],[106.34249,10.85813],[106.34263,10.86056],[106.34179,10.86257],[106.34404,10.86403],[106.34491,10.86572],[106.34828,10.86781],[106.35406,10.86951],[106.35503,10.8694],[106.35603,10.87033],[106.35919,10.86876],[106.36183,10.86841],[106.36447,10.86694],[106.37857,10.88174],[106.38014,10.89155],[106.38206,10.893],[106.38287,10.89321],[106.38545,10.893],[106.38729,10.89366],[106.38833,10.89186],[106.38774,10.89146],[106.38841,10.89061],[106.38974,10.89146],[106.39008,10.8912],[106.3911,10.89241],[106.39144,10.89084],[106.3911,10.89077],[106.39188,10.88834],[106.39231,10.88838],[106.39243,10.88731],[106.3956,10.88776],[106.39829,10.88131],[106.40292,10.88576],[106.40535,10.88667],[106.40948,10.88629],[106.40945,10.88473],[106.40891,10.88404],[106.41048,10.88243],[106.41341,10.8761],[106.41664,10.87399]]]]}},
{"type":"Feature","id":"27991","properties":{"Ward_Code":"27991","Ward_Code_Num":27991,"Ward":"Bến Lức","Ward_Alt":"Bến Lức","Ward_Upper":"BẾN LỨC","Ward_Full":"Xã Bến Lức","Ward_Full_Alt":"Xã Bến Lức","Ward_Full_Upper_Alt":"XÃ BẾN LỨC","Ward_Type":"Xã","Province_Code":"80","Province":"Tây Ninh","Province_Upper_Alt":"TÂY NINH"},"geometry":{"type":"MultiPolygon","coordinates":[[[[106.49635,10.69733],[106.49709,10.69778],[106.49984,10.69358],[106.49967,10.69332],[106.50603,10.68789],[106.50202,10.68422],[106.50191,10.68244],[106.5025,10.682],[106.50393,10.68174],[106.50452,10.68125],[106.50554,10.68143],[106.50758,10.68065],[106.51022,10.67806],[106.51208,10.67924],[106.51272,10.67916],[106.51245,10.67819],[106.51265,10.67703],[106.51332,10.67718],[106.52372,10.65746],[106.52388,10.65662],[106.52355,10.65624],[106.52328,10.65449],[106.52468,10.65285],[106.52528,10.65088],[106.52589,10.65017],[106.52586,10.64846],[106.52653,10.64747],[106.52564,10.6474],[106.52399,10.64665],[106.52235,10.64805],[106.52004,10.64872],[106.5196,10.6496],[106.5187,10.65017],[106.51848,10.65098],[106.51705,10.65182],[106.51645,10.65318],[106.5147,10.65519],[106.51386,10.65536],[106.5106,10.65403],[106.50983,10.65197],[106.5102,10.65077],[106.5099,10.64967],[106.50759,10.65054],[106.5065,10.65046],[106.50634,10.65],[106.5058,10.64982],[106.50434,10.65029],[106.5039,10.64952],[106.50268,10.64866],[106.49937,10.64382],[106.50027,10.64238],[106.50349,10.63917],[106.50403,10.63806],[106.50548,10.63729],[106.50598,10.636],[106.50702,10.63474],[106.50857,10.63364],[106.50937,10.63216],[106.51001,10.63229],[106.51033,10.63133],[106.51124,10.63153],[106.51195,10.62657],[106.50954,10.62617],[106.50887,10.62661],[106.50908,10.62665],[106.50879,10.62845],[106.5082,10.62829],[106.50821,10.62865],[106.50619,10.62812],[106.50492,10.62733],[106.50506,10.62602],[106.50344,10.62426],[106.50214,10.62363],[106.503,10.62144],[106.50347,10.62112],[106.5025,10.62017],[106.50162,10.61992],[106.50202,10.61919],[106.50186,10.6187],[106.50239,10.61808],[106.50208,10.61782],[106.49898,10.61908],[106.49665,10.61736],[106.49384,10.61662],[106.49381,10.61615],[106.49467,10.61518],[106.49344,10.61318],[106.49177,10.61384],[106.48949,10.61408],[106.48927,10.61372],[106.48794,10.61351],[106.48483,10.61356],[106.48382,10.61375],[106.48403,10.61614],[106.48371,10.61982],[106.48288,10.62262],[106.48127,10.62488],[106.47618,10.63027],[106.47543,10.63142],[106.4746,10.63346],[106.47422,10.6357],[106.47413,10.6405],[106.47335,10.64334],[106.47183,10.64597],[106.46934,10.64845],[106.46694,10.65002],[106.46483,10.6504],[106.4569,10.64775],[106.4497,10.64765],[106.44596,10.64685],[106.43767,10.64373],[106.43665,10.64368],[106.43599,10.64386],[106.43525,10.64497],[106.43477,10.64863],[106.43495,10.6518],[106.43645,10.65479],[106.43732,10.65554],[106.44266,10.65728],[106.44407,10.65816],[106.44837,10.66233],[106.44953,10.66413],[106.45043,10.66954],[106.45004,10.67046],[106.4493,10.67118],[106.44768,10.67149],[106.44776,10.67388],[106.44972,10.67533],[106.44939,10.67584],[106.4477,10.68773],[106.47463,10.69009],[106.48575,10.6942],[106.48432,10.69866],[106.48137,10.70588],[106.48922,10.71156],[106.49723,10.70162],[106.49635,10.69733]]]]}},
{"type":"Feature","id":"27994","properties":{"Ward_Code":"27994","Ward_Code_Num":27994,"Ward":"Thạnh Lợi","Ward_Alt":"Thạnh Lợi","Ward_Upper":"THẠNH LỢI","Ward_Full":"Xã Thạnh Lợi","Ward_Full_Alt":"Xã Thạnh Lợi","Ward_Full_Upper_Alt":"XÃ THẠNH LỢI","Ward_Type":"Xã","Province_Code":"80","Province":"Tây Ninh","Province_Upper_Alt":"TÂY NINH"},"geometry":{"type":"MultiPolygon","coordinates":[[[[106.39359,10.79651],[106.39495,10.79479],[106.399,10.79208],[106.40113,10.79106],[106.40726,10.78933],[106.41289,10.78691],[106.41502,10.78728],[106.41578,10.78802],[106.41662,10.79112],[106.41803,10.79446],[106.41915,10.79553],[106.42032,10.79611],[106.42194,10.79632],[106.42422,10.79592],[106.42594,10.79526],[106.42763,10.79406],[106.42873,10.79224],[106.42899,10.79058],[106.4284,10.78709],[106.42728,10.78469],[106.4251,10.78292],[106.42276,10.78198],[106.42339,10.77811],[106.42456,10.77705],[106.42423,10.77525],[106.4275,10.77564],[106.42744,10.77539],[106.42988,10.77529],[106.429,10.77325],[106.43131,10.77206],[106.43152,10.77267],[106.43407,10.77088],[106.43847,10.76417],[106.43852,10.76291],[106.43958,10.76274],[106.44264,10.75815],[106.44888,10.76294],[106.4661,10.74085],[106.44853,10.72738],[106.44655,10.72622],[106.44418,10.72553],[106.43353,10.72513],[106.43152,10.72435],[106.43091,10.71826],[106.42851,10.71194],[106.42222,10.7027],[106.42155,10.70131],[106.41782,10.68902],[106.41762,10.68763],[106.41784,10.68587],[106.41524,10.68478],[106.41315,10.68749],[106.4031,10.68949],[106.39727,10.68915],[106.39261,10.68967],[106.38852,10.69148],[106.37528,10.69601],[106.38077,10.70063],[106.35433,10.73132],[106.33132,10.76473],[106.34384,10.77195],[106.34567,10.76989],[106.34894,10.76976],[106.35731,10.77451],[106.36857,10.77414],[106.36469,10.78025],[106.36821,10.782],[106.36982,10.78135],[106.37172,10.78126],[106.37481,10.78216],[106.37866,10.78171],[106.37949,10.78187],[106.38118,10.78406],[106.3807,10.78526],[106.38083,10.78691],[106.38187,10.78608],[106.3829,10.78596],[106.38326,10.78627],[106.38485,10.78623],[106.3879,10.78704],[106.38966,10.7869],[106.38971,10.7873],[106.38916999999999,10.78806],[106.39016,10.78982],[106.3903,10.79094],[106.38994,10.79269],[106.38904,10.79276],[106.38912,10.79379],[106.39017,10.79452],[106.39011,10.79545],[106.39114,10.79538],[106.39091,10.7965],[106.39218,10.79655],[106.39234,10.79713],[106.39288,10.79745],[106.39359,10.79651]]]]}},
{"type":"Feature","id":"28003","properties":{"Ward_Code":"28003","Ward_Code_Num":28003,"Ward":"Lương Hoà","Ward_Alt":"Lương Hòa","Ward_Upper":"LƯƠNG HOÀ","Ward_Full":"Xã Lương Hoà","Ward_Full_Alt":"Xã Lương Hòa","Ward_Full_Upper_Alt":"XÃ LƯƠNG HÒA","Ward_Type":"Xã","Province_Code":"80","Province":"Tây Ninh","Province_Upper_Alt":"TÂY NINH"},"geometry":{"type":"MultiPolygon","coordinates":[[[[106.49635,10.69733],[106.49723,10.70162],[106.48922,10.71156],[106.48137,10.70588],[106.48432,10.69866],[106.48575,10.6942],[106.47463,10.69009],[106.4477,10.68773],[106.44939,10.67584],[106.44972,10.67533],[106.44776,10.67388],[106.44768,10.67149],[106.44668,10.67145],[106.4449,10.67065],[106.44112,10.66842],[106.43862,10.66861],[106.43172,10.67047],[106.42712,10.67249],[106.42506,10.67378],[106.42316,10.67605],[106.42185,10.67823],[106.42055,10.68208],[106.4182,10.68495],[106.41771,10.68646],[106.41782,10.68902],[106.42155,10.70131],[106.42222,10.7027],[106.42851,10.71194],[106.4303,10.7163],[106.43091,10.71826],[106.43152,10.72435],[106.43353,10.72513],[106.44418,10.72553],[106.44748,10.7267],[106.47338,10.74642],[106.48197,10.73543],[106.48238,10.73561],[106.48696,10.72984],[106.48882,10.73122],[106.49521,10.72729],[106.49572,10.72759],[106.49955,10.72499],[106.50179,10.72642],[106.50938,10.71707],[106.52019,10.72366],[106.52387,10.72095],[106.53021,10.71732],[106.52834,10.71486],[106.5272,10.7091],[106.52896,10.70223],[106.53222,10.69349],[106.53386,10.68812],[106.53505,10.68704],[106.53572,10.68552],[106.53784,10.68608],[106.5398,10.68607],[106.5473,10.68714],[106.54766,10.68669],[106.54739,10.68109],[106.54556,10.68072],[106.54478,10.67891],[106.54396,10.67823],[106.53735,10.67755],[106.5369,10.67702],[106.53606,10.6773],[106.53507,10.67673],[106.53561,10.67555],[106.53573,10.67409],[106.53684,10.67177],[106.53577,10.6709],[106.53528,10.66982],[106.53537,10.66902],[106.53578,10.66867],[106.53806,10.66876],[106.53865,10.66775],[106.53734,10.66752],[106.53564,10.66649],[106.53553,10.66316],[106.5341,10.66217],[106.53403,10.66094],[106.53358,10.66026],[106.53286,10.66004],[106.53073,10.66145],[106.52922,10.65932],[106.52886,10.65586],[106.52793,10.65528],[106.52652,10.65544],[106.52559,10.65685],[106.52388,10.65662],[106.52372,10.65746],[106.51332,10.67718],[106.51265,10.67703],[106.51245,10.67819],[106.51272,10.67916],[106.51208,10.67924],[106.51022,10.67806],[106.50758,10.68065],[106.50554,10.68143],[106.50452,10.68125],[106.50393,10.68174],[106.5025,10.682],[106.50191,10.68244],[106.50202,10.68422],[106.50603,10.68789],[106.49967,10.69332],[106.49984,10.69358],[106.49709,10.69778],[106.49635,10.69733]]]]}},
{"type":"Feature","id":"28015","properties":{"Ward_Code":"28015","Ward_Code_Num":28015,"Ward":"Bình Đức","Ward_Alt":"Bình Đức","Ward_Upper":"BÌNH ĐỨC","Ward_Full":"Xã Bình Đức","Ward_Full_Alt":"Xã Bình Đức","Ward_Full_Upper_Alt":"XÃ BÌNH ĐỨC","Ward_Type":"Xã","Province_Code":"80","Province":"Tây Ninh","Province_Upper_Alt":"TÂY NINH"},"geometry":{"type":"MultiPolygon","coordinates":[[[[106.39442,10.6895],[106.39727,10.68915],[106.4031,10.68949],[106.41315,10.68749],[106.41514,10.68478],[106.41784,10.68587],[106.4182,10.68495],[106.42055,10.68208],[106.42185,10.67823],[106.42397,10.67495],[106.42651,10.67283],[106.43172,10.67047],[106.44017,10.66836],[106.44222,10.66888],[106.44668,10.67145],[106.44816,10.67151],[106.4493,10.67118],[106.45004,10.67046],[106.45044,10.66879],[106.44953,10.66413],[106.44837,10.66233],[106.44407,10.65816],[106.44167,10.65691],[106.43859,10.65616],[106.43645,10.65479],[106.43495,10.6518],[106.43477,10.64863],[106.43525,10.64497],[106.43599,10.64386],[106.43767,10.64373],[106.44596,10.64685],[106.4497,10.64765],[106.4569,10.64775],[106.46483,10.6504],[106.46694,10.65002],[106.46934,10.64845],[106.47097,10.64693],[106.47274,10.64451],[106.47385,10.64176],[106.47413,10.6405],[106.47422,10.6357],[106.4746,10.63346],[106.47543,10.63142],[106.48197,10.62398],[106.48288,10.62262],[106.4835,10.62079],[106.48401,10.61466],[106.48283,10.60874],[106.48253,10.6051],[106.48366,10.59742],[106.48258,10.59725],[106.48181,10.59625],[106.48067,10.5966],[106.478,10.59548],[106.47654,10.5968],[106.47532,10.596],[106.47501,10.59636],[106.47338,10.59458],[106.47391,10.59407],[106.47353,10.59349],[106.47438,10.59234],[106.47257,10.59118],[106.47303,10.59017],[106.4717,10.58928],[106.47101,10.58906],[106.4708,10.59066],[106.46882,10.5917],[106.46664,10.59055],[106.46539,10.58935],[106.45975,10.59015],[106.45953,10.59278],[106.45735,10.59272],[106.45734,10.59635],[106.4553,10.59621],[106.4549,10.59584],[106.45046,10.5973],[106.44946,10.59725],[106.44871,10.59758],[106.44659,10.5974],[106.44591,10.59773],[106.44488,10.59703],[106.44425,10.59706],[106.4441,10.59657],[106.44357,10.59664],[106.4428,10.59746],[106.44256,10.59899],[106.443,10.59941],[106.4431,10.60025],[106.44461,10.60302],[106.44189,10.60456],[106.44181,10.60515],[106.43958,10.60447],[106.43744,10.60335],[106.43691,10.60328],[106.43686,10.60357],[106.43591,10.60324],[106.43495,10.60598],[106.43564,10.60705],[106.43619,10.61013],[106.43546,10.611],[106.43265,10.61204],[106.43329,10.61384],[106.43419,10.61418],[106.43315,10.61475],[106.43314,10.61506],[106.43417,10.61615],[106.4348,10.61615],[106.43488,10.6165],[106.43432,10.61734],[106.43302,10.61755],[106.43282,10.61831],[106.43195,10.61765],[106.43123,10.61872],[106.4307,10.61799],[106.43033,10.61801],[106.43,10.62026],[106.42929,10.62145],[106.42982,10.62237],[106.43412,10.62527],[106.43362,10.62822],[106.43421,10.62931],[106.43401,10.63003],[106.43347,10.63081],[106.43198,10.63161],[106.42814,10.63474],[106.42764,10.63426],[106.42678,10.63407],[106.42438,10.63429],[106.42209,10.63632],[106.42041,10.63715],[106.41471,10.64162],[106.41403,10.6416],[106.41343,10.64372],[106.41201,10.6436],[106.41174,10.64482],[106.40954,10.6446],[106.40902,10.64734],[106.40777,10.64724],[106.40671,10.64911],[106.40724,10.64915],[106.4064,10.65319],[106.40469,10.65471],[106.40451,10.65457],[106.40344,10.65686],[106.40211,10.66126],[106.39112,10.67415],[106.38813,10.67837],[106.37494,10.69384],[106.37337,10.69442],[106.37528,10.69601],[106.38852,10.69148],[106.39234,10.68976],[106.39442,10.6895]]]]}},
{"type":"Feature","id":"28018","properties":{"Ward_Code":"28018","Ward_Code_Num":28018,"Ward":"Mỹ Yên","Ward_Alt":"Mỹ Yên","Ward_Upper":"MỸ YÊN","Ward_Full":"Xã Mỹ Yên","Ward_Full_Alt":"Xã Mỹ Yên","Ward_Full_Upper_Alt":"XÃ MỸ YÊN","Ward_Type":"Xã","Province_Code":"80","Province":"Tây Ninh","Province_Upper_Alt":"TÂY NINH"},"geometry":{"type":"MultiPolygon","coordinates":[[[[106.54827,10.68617],[106.5491,10.68646],[106.55047,10.68551],[106.55105,10.68282],[106.55137,10.68245],[106.55151,10.67969],[106.55281,10.67715],[106.55296,10.67576],[106.55365,10.67537],[106.55326,10.67442],[106.5532,10.672],[106.55221,10.6712],[106.55206,10.67058],[106.55281,10.66907],[106.55356,10.66868],[106.55319,10.6657],[106.55192,10.66485],[106.55153,10.66419],[106.55136,10.66123],[106.55044,10.65899],[106.54925,10.65963],[106.54892,10.65746],[106.55274,10.65751],[106.55573,10.657],[106.55599,10.65546],[106.55532,10.65455],[106.55527,10.65238],[106.55358,10.65194],[106.55353,10.65132],[106.55298,10.65127],[106.55314,10.65073],[106.55232,10.65058],[106.55023,10.65102],[106.54952,10.64839],[106.54823,10.64611],[106.54422,10.641],[106.54178,10.63872],[106.54265,10.63723],[106.54449,10.63652],[106.54588,10.6368],[106.54786,10.63561],[106.54838,10.63348],[106.55089,10.63266],[106.551,10.63032],[106.55251,10.62873],[106.55474,10.6291],[106.55543,10.6275],[106.55751,10.62691],[106.55742,10.62546],[106.55815,10.62482],[106.55832,10.62426],[106.5581,10.62305],[106.55891,10.62164],[106.56005999999999,10.621],[106.55565,10.61402],[106.55281,10.61058],[106.55252,10.6096],[106.55112,10.60909],[106.55017,10.60761],[106.54808,10.60754],[106.54594,10.60668],[106.54549,10.60827],[106.54489,10.60871],[106.54417,10.60873],[106.54201,10.6074],[106.54032,10.6068],[106.53922,10.60731],[106.53625,10.60751],[106.53555,10.60816],[106.53261,10.60769],[106.53247,10.60794],[106.53315,10.60881],[106.53263,10.60885],[106.53207,10.60833],[106.53168,10.60844],[106.53143,10.60991],[106.5301,10.60963],[106.52912,10.61084],[106.52965,10.61156],[106.52956,10.6124],[106.52902,10.61271],[106.52853,10.61253],[106.52843,10.61132],[106.52766,10.6123],[106.52642,10.61282],[106.52645,10.61315],[106.52722,10.61351],[106.52658,10.61457],[106.52762,10.61511],[106.52762,10.61555],[106.52616,10.61539],[106.52472,10.61647],[106.52245,10.61618],[106.51864,10.61634],[106.51738,10.61519],[106.51629,10.61625],[106.51527,10.61584],[106.51456,10.6162],[106.51324,10.61614],[106.50938,10.61692],[106.50899,10.61708],[106.5097,10.61802],[106.50846,10.61758],[106.50761,10.61846],[106.50436,10.61857],[106.50423,10.61773],[106.50367,10.61723],[106.50208,10.61782],[106.50245,10.61826],[106.50186,10.6187],[106.50202,10.61919],[106.50162,10.61992],[106.5025,10.62017],[106.50347,10.62112],[106.503,10.62144],[106.50214,10.62363],[106.50344,10.62426],[106.50506,10.62602],[106.50492,10.62733],[106.50619,10.62812],[106.50821,10.62865],[106.5082,10.62829],[106.50879,10.62845],[106.50908,10.62665],[106.50887,10.62661],[106.50954,10.62617],[106.51195,10.62657],[106.51124,10.63153],[106.51033,10.63133],[106.51001,10.63229],[106.50937,10.63216],[106.50857,10.63364],[106.50702,10.63474],[106.50598,10.636],[106.50548,10.63729],[106.50403,10.63806],[106.50349,10.63917],[106.50027,10.64238],[106.49936,10.64388],[106.50029,10.64543],[106.50178,10.64701],[106.50283,10.64884],[106.5039,10.64952],[106.50443,10.65033],[106.5058,10.64982],[106.50634,10.65],[106.5065,10.65046],[106.50759,10.65054],[106.5099,10.64967],[106.5102,10.65077],[106.50983,10.65197],[106.5106,10.65403],[106.51373,10.65537],[106.5147,10.65519],[106.51645,10.65318],[106.51705,10.65182],[106.51848,10.65098],[106.5187,10.65017],[106.5196,10.6496],[106.52004,10.64872],[106.52235,10.64805],[106.52399,10.64665],[106.52564,10.6474],[106.52644,10.64737],[106.52572,10.64887],[106.52583,10.65032],[106.52528,10.65088],[106.52442,10.65336],[106.52328,10.65449],[106.52361,10.65643],[106.52551,10.65688],[106.52652,10.65544],[106.52807,10.65532],[106.5289,10.65593],[106.52922,10.65932],[106.53057,10.66133],[106.53108,10.66145],[106.53286,10.66004],[106.53358,10.66026],[106.53403,10.66094],[106.5341,10.66217],[106.53553,10.66316],[106.53564,10.66649],[106.53734,10.66752],[106.53867,10.66782],[106.53806,10.66876],[106.53578,10.66867],[106.53537,10.66902],[106.53528,10.66982],[106.53577,10.6709],[106.53684,10.67177],[106.53573,10.67409],[106.53561,10.67555],[106.53496,10.67656],[106.53606,10.6773],[106.5368,10.67699],[106.53735,10.67755],[106.54295,10.67802],[106.54448,10.6785],[106.54556,10.68072],[106.54739,10.68109],[106.54766,10.68669],[106.54827,10.68617]]]]}},
{"type":"Feature","id":"28036","properties":{"Ward_Code":"28036","Ward_Code_Num":28036,"Ward":"Thủ Thừa","Ward_Alt":"Thủ Thừa","Ward_Upper":"THỦ THỪA","Ward_Full":"Xã Thủ Thừa","Ward_Full_Alt":"Xã Thủ Thừa","Ward_Full_Upper_Alt":"XÃ THỦ THỪA","Ward_Type":"Xã","Province_Code":"80","Province":"Tây Ninh","Province_Upper_Alt":"TÂY NINH"},"geometry":{"type":"MultiPolygon","coordinates":[[[[106.39779,10.5735],[106.39242,10.57366],[106.39055,10.57344],[106.38992,10.57591],[106.38711,10.57578],[106.38606,10.57607],[106.38574,10.57645],[106.38316,10.57505],[106.38226,10.57666],[106.37894,10.58063],[106.37947,10.58215],[106.37986,10.58219],[106.3806,10.58359],[106.38176,10.58377],[106.3814,10.58435],[106.38303,10.58455],[106.38402,10.58658],[106.38624,10.58892],[106.38845,10.58997],[106.38916,10.58965],[106.38927,10.59018],[106.39006,10.58987],[106.39073,10.59058],[106.39245,10.59103],[106.39216,10.59178],[106.39255,10.59171],[106.39351,10.59233],[106.39358,10.59275],[106.39426,10.59318],[106.39344,10.5954],[106.39305,10.59831],[106.39369,10.59989],[106.39346,10.60051],[106.39395,10.60102],[106.39308,10.60276],[106.39398,10.60385],[106.39226,10.60526],[106.39202,10.6063],[106.39229,10.60713],[106.39218,10.60833],[106.39179,10.60906],[106.38855,10.61071],[106.38786,10.61337],[106.38278,10.62655],[106.37816,10.62349],[106.36202,10.64063],[106.37552,10.6513],[106.37572,10.65097],[106.39625,10.6681],[106.40211,10.66126],[106.40344,10.65686],[106.40451,10.65457],[106.40469,10.65471],[106.4064,10.65319],[106.40724,10.64915],[106.40671,10.64911],[106.40777,10.64724],[106.40902,10.64734],[106.40954,10.6446],[106.41174,10.64482],[106.41201,10.6436],[106.41343,10.64372],[106.41403,10.6416],[106.41471,10.64162],[106.42041,10.63715],[106.42209,10.63632],[106.42438,10.63429],[106.42678,10.63407],[106.42764,10.63426],[106.42814,10.63474],[106.43198,10.63161],[106.43347,10.63081],[106.43407,10.62994],[106.43421,10.62931],[106.43362,10.62822],[106.43412,10.62527],[106.42982,10.62237],[106.42929,10.62145],[106.43,10.62026],[106.43033,10.61801],[106.4307,10.61799],[106.43123,10.61872],[106.43195,10.61765],[106.43282,10.61831],[106.43302,10.61755],[106.43432,10.61734],[106.43488,10.6165],[106.4348,10.61615],[106.43417,10.61615],[106.43314,10.61506],[106.43315,10.61475],[106.43419,10.61418],[106.43329,10.61384],[106.43265,10.61204],[106.43546,10.611],[106.43619,10.61013],[106.43564,10.60705],[106.43495,10.60598],[106.43591,10.60324],[106.43686,10.60357],[106.43691,10.60328],[106.43744,10.60335],[106.4416,10.60518],[106.44186,10.6051],[106.44189,10.60456],[106.44459,10.6031],[106.4442,10.60187],[106.4431,10.60025],[106.44307,10.59955],[106.44256,10.59899],[106.4428,10.59746],[106.44348,10.59672],[106.44116,10.5953],[106.44014,10.59519],[106.43993,10.59255],[106.43961,10.5926],[106.43817,10.59118],[106.43847,10.59038],[106.43883,10.59039],[106.44008,10.58681],[106.44105,10.58687],[106.44179,10.58616],[106.44246,10.58304],[106.44435,10.57917],[106.44496,10.57877],[106.44518,10.57657],[106.44642,10.57502],[106.4453,10.57417],[106.44459,10.57297],[106.44419,10.57381],[106.44265,10.57382],[106.44184,10.57514],[106.44135,10.57515],[106.44091,10.57438],[106.44051,10.57431],[106.43766,10.57609],[106.43398,10.57755],[106.43335,10.57841],[106.43277,10.57857],[106.42792,10.57277],[106.42343,10.56799],[106.42073,10.56426],[106.42025,10.56472],[106.42002,10.56591],[106.41964,10.56588],[106.41949,10.56661],[106.41951,10.56865],[106.42002,10.5688],[106.42003,10.56934],[106.41698,10.56891],[106.41726,10.56822],[106.41663,10.56815],[106.41626,10.56988],[106.41512,10.56941],[106.41493,10.56983],[106.41393,10.5696],[106.41374,10.57039],[106.41223,10.57017],[106.41229,10.57156],[106.41077,10.57134],[106.41081,10.57023],[106.40918,10.57006],[106.40914,10.57116],[106.40757,10.57123],[106.40768,10.57008],[106.40687,10.56999],[106.40176,10.57344],[106.39779,10.5735]]]]}},
{"type":"Feature","id":"28051","properties":{"Ward_Code":"28051","Ward_Code_Num":28051,"Ward":"Mỹ Thạnh","Ward_Alt":"Mỹ Thạnh","Ward_Upper":"MỸ THẠNH","Ward_Full":"Xã Mỹ Thạnh","Ward_Full_Alt":"Xã Mỹ Thạnh","Ward_Full_Upper_Alt":"XÃ MỸ THẠNH","Ward_Type":"Xã","Province_Code":"80","Province":"Tây Ninh","Province_Upper_Alt":"TÂY NINH"},"geometry":{"type":"MultiPolygon","coordinates":[[[[106.38275,10.62655],[106.38786,10.61337],[106.38855,10.61071],[106.39179,10.60906],[106.39218,10.60833],[106.39229,10.60713],[106.39202,10.6063],[106.39226,10.60526],[106.39396,10.60392],[106.39308,10.60276],[106.39395,10.60102],[106.39346,10.60051],[106.39369,10.59989],[106.39305,10.59831],[106.39344,10.5954],[106.39426,10.59318],[106.39358,10.59275],[106.39351,10.59233],[106.39255,10.59171],[106.39216,10.59178],[106.39245,10.59103],[106.39073,10.59058],[106.39006,10.58987],[106.38927,10.59018],[106.38916,10.58965],[106.38845,10.58997],[106.38624,10.58892],[106.38402,10.58658],[106.38303,10.58455],[106.3814,10.58435],[106.38176,10.58377],[106.3806,10.58359],[106.37986,10.58219],[106.37947,10.58215],[106.37894,10.58063],[106.37263,10.5871],[106.3676,10.58991],[106.36462,10.59007],[106.36368,10.58951],[106.36301,10.5885],[106.36261,10.58388],[106.36149,10.5812],[106.35949,10.5794],[106.35839,10.57896],[106.35661,10.57896],[106.35517,10.57952],[106.35295,10.58108],[106.3465,10.58658],[106.34433,10.58961],[106.34333,10.59186],[106.34295,10.59371],[106.34301,10.59467],[106.34411,10.59551],[106.35048,10.59443],[106.35193,10.59444],[106.35319,10.59473],[106.3545,10.59578],[106.35495,10.5971],[106.35561,10.60495],[106.35537,10.60689],[106.35377,10.61086],[106.35015,10.61373],[106.34788,10.6149],[106.34266,10.61622],[106.33998,10.61562],[106.33902,10.61491],[106.3383,10.61301],[106.33845,10.61224],[106.34027,10.60987],[106.34134,10.6075],[106.34128,10.60449],[106.34034,10.60234],[106.33893,10.60091],[106.33668,10.60029],[106.33541,10.60059],[106.3317,10.60264],[106.3307,10.60348],[106.3297,10.60536],[106.32988,10.61165],[106.32921,10.61348],[106.32788,10.61422],[106.32148,10.61537],[106.31614,10.61769],[106.30977,10.62207],[106.30756,10.6244],[106.30745,10.62619],[106.3085,10.62796],[106.31001,10.62925],[106.3144,10.63182],[106.31486,10.63231],[106.31498,10.6341],[106.31378,10.63575],[106.30936,10.63983],[106.30421,10.64363],[106.30573,10.64504],[106.3065,10.64533],[106.30711,10.64616],[106.30933,10.64608],[106.31063,10.64638],[106.3121,10.64745],[106.31314,10.64705],[106.31413,10.64738],[106.31491,10.64804],[106.31752,10.64895],[106.31926,10.65096],[106.3203,10.65098],[106.32097,10.6514],[106.32175,10.65586],[106.32335,10.66069],[106.3276,10.65581],[106.37337,10.69442],[106.37494,10.69384],[106.38813,10.67837],[106.39112,10.67415],[106.39625,10.6681],[106.37572,10.65097],[106.37552,10.6513],[106.36202,10.64063],[106.37816,10.62349],[106.38275,10.62655]]]]}},
{"type":"Feature","id":"28066","properties":{"Ward_Code":"28066","Ward_Code_Num":28066,"Ward":"Mỹ An","Ward_Alt":"Mỹ An","Ward_Upper":"MỸ AN","Ward_Full":"Xã Mỹ An","Ward_Full_Alt":"Xã Mỹ An","Ward_Full_Upper_Alt":"XÃ MỸ AN","Ward_Type":"Xã","Province_Code":"80","Province":"Tây Ninh","Province_Upper_Alt":"TÂY NINH"},"geometry":{"type":"MultiPolygon","coordinates":[[[[106.35526,10.60049],[106.35475,10.59622],[106.35319,10.59473],[106.35048,10.59443],[106.34461,10.59556],[106.34365,10.59532],[106.34301,10.59467],[106.34333,10.59186],[106.34433,10.58961],[106.3461,10.58705],[106.34786,10.58518],[106.35517,10.57952],[106.35661,10.57896],[106.35839,10.57896],[106.36052,10.58013],[106.36208,10.58211],[106.36272,10.58473],[106.36276,10.58765],[106.36342,10.58921],[106.36504,10.59015],[106.3676,10.58991],[106.37263,10.5871],[106.37956,10.57996],[106.38295,10.57555],[106.38354,10.57378],[106.38352,10.57143],[106.38299,10.5699],[106.382,10.56852],[106.37665,10.56479],[106.36985,10.56222],[106.36908,10.56069],[106.36708,10.55855],[106.3616,10.55444],[106.36004,10.55288],[106.35627,10.55044],[106.35413,10.54969],[106.35306,10.54849],[106.35165,10.54801],[106.35009,10.54602],[106.34877,10.54538],[106.34621,10.54332],[106.34401,10.54415],[106.34114,10.54672],[106.34035,10.54602],[106.34004,10.54625],[106.33991,10.54668],[106.34028,10.54695],[106.34012,10.54823],[106.33927,10.54841],[106.33909,10.5482],[106.33832,10.54856],[106.33565,10.55091],[106.33561,10.55185],[106.33366,10.55478],[106.33116,10.55726],[106.33003,10.55889],[106.32782,10.56057],[106.32617,10.56245],[106.3243,10.56497],[106.32316,10.56599],[106.3221,10.56803],[106.32102,10.56935],[106.31844,10.5708],[106.31038,10.56545],[106.3097,10.56639],[106.30491,10.56976],[106.29569,10.57753],[106.28618,10.58701],[106.31764,10.58999],[106.31938,10.58913],[106.32124,10.58761],[106.32802,10.58322],[106.33156,10.58317],[106.33225,10.58574],[106.33293,10.58636],[106.33357,10.58767],[106.33445,10.58809],[106.33477,10.58875],[106.33463,10.58972],[106.33512,10.59032],[106.33526,10.59313],[106.33365,10.5954],[106.33397,10.59634],[106.33389,10.59796],[106.33454,10.60027],[106.33493,10.60085],[106.33668,10.60029],[106.33893,10.60091],[106.34034,10.60234],[106.34128,10.60449],[106.34134,10.6075],[106.34027,10.60987],[106.33845,10.61224],[106.3383,10.61301],[106.33902,10.61491],[106.33998,10.61562],[106.34191,10.61619],[106.34529,10.61567],[106.3486,10.61459],[106.35015,10.61373],[106.35377,10.61086],[106.35547,10.60637],[106.35559,10.60392],[106.35526,10.60049]]]]}},
{"type":"Feature","id":"28072","properties":{"Ward_Code":"28072","Ward_Code_Num":28072,"Ward":"Tân Long","Ward_Alt":"Tân Long","Ward_Upper":"TÂN LONG","Ward_Full":"Xã Tân Long","Ward_Full_Alt":"Xã Tân Long","Ward_Full_Upper_Alt":"XÃ TÂN LONG","Ward_Type":"Xã","Province_Code":"80","Province":"Tây Ninh","Province_Upper_Alt":"TÂY NINH"},"geometry":{"type":"MultiPolygon","coordinates":[[[[106.29661,10.74282],[106.30238,10.74752],[106.3316,10.76429],[106.35433,10.73132],[106.38077,10.70063],[106.3276,10.65581],[106.32335,10.66069],[106.32175,10.65586],[106.32097,10.6514],[106.3203,10.65098],[106.31904,10.65082],[106.31736,10.64884],[106.31491,10.64804],[106.31314,10.64705],[106.3121,10.64745],[106.31063,10.64638],[106.3091,10.64605],[106.30711,10.64616],[106.3065,10.64533],[106.30573,10.64504],[106.30421,10.64363],[106.30224,10.6442],[106.30073,10.64419],[106.29637,10.6431],[106.29518,10.64344],[106.29272,10.64536],[106.28831,10.65034],[106.28676,10.65133],[106.28253,10.65099],[106.27775,10.64909],[106.27588,10.64907],[106.2728,10.6498],[106.26695,10.65201],[106.26235,10.65463],[106.26106,10.6556],[106.25733,10.65968],[106.25616,10.66136],[106.25492,10.66401],[106.25501,10.66546],[106.25565,10.6668],[106.25632,10.66761],[106.25945,10.66992],[106.26025,10.67125],[106.26006,10.67508],[106.25959,10.67702],[106.25888,10.67833],[106.25731,10.6794],[106.25626,10.6795],[106.255,10.6791],[106.25178,10.67708],[106.24966,10.67687],[106.23435,10.68522],[106.23303,10.68524],[106.23086,10.68341],[106.23032,10.68397],[106.23065,10.68519],[106.23013,10.68563],[106.22964,10.68697],[106.22986,10.68834],[106.23032,10.68908],[106.23126,10.68952],[106.23324,10.6917],[106.23308,10.6934],[106.23347,10.696],[106.23283,10.69721],[106.23357,10.69854],[106.23324,10.69951],[106.23336,10.70067],[106.23296,10.7014],[106.23314,10.70333],[106.24376,10.75972],[106.24494,10.76285],[106.2465,10.76442],[106.26612,10.77786],[106.29661,10.74282]]]]}},
{"type":"Feature","id":"28075","properties":{"Ward_Code":"28075","Ward_Code_Num":28075,"Ward":"Tân Trụ","Ward_Alt":"Tân Trụ","Ward_Upper":"TÂN TRỤ","Ward_Full":"Xã Tân Trụ","Ward_Full_Alt":"Xã Tân Trụ","Ward_Full_Upper_Alt":"XÃ TÂN TRỤ","Ward_Type":"Xã","Province_Code":"80","Province":"Tây Ninh","Province_Upper_Alt":"TÂY NINH"},"geometry":{"type":"MultiPolygon","coordinates":[[[[106.4653,10.54464],[106.46595,10.54576],[106.46771,10.54483],[106.46997,10.54716],[106.47397,10.54243],[106.47691,10.54304],[106.4778,10.54207],[106.48023,10.54223],[106.48217,10.54182],[106.48947,10.5415],[106.49375,10.54106],[106.49597,10.5404],[106.4963,10.54095],[106.49748,10.54078],[106.50084,10.5414],[106.50205,10.54184],[106.50256,10.54244],[106.50294,10.54428],[106.50555,10.54586],[106.50644,10.54836],[106.5109,10.55018],[106.51129,10.55102],[106.51146,10.55447],[106.5122,10.55613],[106.51324,10.55667],[106.51453,10.55612],[106.51536,10.55626],[106.51864,10.55946],[106.52024,10.56147],[106.52721,10.55414],[106.52909,10.55281],[106.53237,10.55148],[106.53802,10.5503],[106.537,10.54468],[106.53549,10.54132],[106.53567,10.5398],[106.53386,10.54007],[106.53299,10.5388],[106.53209,10.53876],[106.53049,10.53738],[106.53015,10.53674],[106.52975,10.53664],[106.52999,10.53586],[106.52976,10.53506],[106.52896,10.53415],[106.52888,10.53323],[106.52781,10.53265],[106.52667,10.53309],[106.52622,10.53293],[106.52606,10.53163],[106.52496,10.52956],[106.5237,10.53008],[106.52059,10.52926],[106.52072,10.52864],[106.52222,10.52794],[106.52204,10.52728],[106.52116,10.52682],[106.52378,10.52425],[106.52293,10.5219],[106.52312,10.52087],[106.52384,10.51988],[106.52251,10.51925],[106.52241,10.51892],[106.52274,10.5163],[106.5211,10.51632],[106.52084,10.51592],[106.52106,10.51553],[106.52062,10.51531],[106.51598,10.5158],[106.51595,10.51513],[106.51705,10.51355],[106.51757,10.51388],[106.51912,10.51306],[106.51803,10.50952],[106.52018,10.50878],[106.52145,10.50537],[106.52315,10.50534],[106.52349,10.50492],[106.52335,10.50446],[106.52259,10.50325],[106.52166,10.50299],[106.52182,10.50256],[106.5211,10.50205],[106.5197,10.50133],[106.51789,10.5014],[106.51697,10.50098],[106.51731,10.50083],[106.51736,10.50021],[106.51816,10.49974],[106.51754,10.49961],[106.51736,10.4967],[106.51576,10.49398],[106.51472,10.49374],[106.51452,10.49404],[106.51188,10.4928],[106.50738,10.48957],[106.50683,10.48901],[106.507,10.48881],[106.50508,10.48764],[106.50425,10.49135],[106.50606,10.49898],[106.50608,10.50271],[106.50568,10.50507],[106.50481,10.50838],[106.50381,10.51005],[106.50037,10.51372],[106.49899,10.51462],[106.49727,10.51509],[106.49546,10.51517],[106.49358,10.51477],[106.49073,10.51336],[106.48928,10.51172],[106.48706,10.50819],[106.48487,10.50655],[106.48067,10.50602],[106.4764,10.50669],[106.47446,10.50787],[106.4726,10.51005],[106.4711,10.51694],[106.46659,10.52444],[106.46386,10.52831],[106.46145,10.5298],[106.4599,10.53006],[106.45664,10.52917],[106.45567,10.53269],[106.45736,10.53546],[106.4577,10.53573],[106.45816,10.53518],[106.45922,10.53492],[106.46189,10.5382],[106.46413,10.54129],[106.4653,10.54464]]]]}},
{"type":"Feature","id":"28087","properties":{"Ward_Code":"28087","Ward_Code_Num":28087,"Ward":"Nhựt Tảo","Ward_Alt":"Nhựt Tảo","Ward_Upper":"NHỰT TẢO","Ward_Full":"Xã Nhựt Tảo","Ward_Full_Alt":"Xã Nhựt Tảo","Ward_Full_Upper_Alt":"XÃ NHỰT TẢO","Ward_Type":"Xã","Province_Code":"80","Province":"Tây Ninh","Province_Upper_Alt":"TÂY NINH"},"geometry":{"type":"MultiPolygon","coordinates":[[[[106.46531,10.54455],[106.46413,10.54129],[106.46189,10.5382],[106.45922,10.53492],[106.45784,10.53537],[106.4577,10.53573],[106.4581,10.53612],[106.45861,10.5403],[106.4608,10.55097],[106.46045,10.55186],[106.45782,10.55281],[106.45675,10.5526],[106.45602,10.55368],[106.45345,10.5555],[106.45338,10.5563],[106.45408,10.55719],[106.45334,10.55756],[106.45302,10.55891],[106.45177,10.5602],[106.45168,10.56112],[106.44995,10.56488],[106.44824,10.56732],[106.44731,10.56938],[106.44668,10.56997],[106.4469,10.57156],[106.44607,10.57196],[106.44595,10.57277],[106.44502,10.57363],[106.44642,10.57502],[106.44546,10.57601],[106.4455,10.57645],[106.44493,10.5772],[106.44496,10.57877],[106.44435,10.57917],[106.44273,10.58241],[106.44179,10.58616],[106.44105,10.58687],[106.44008,10.58681],[106.43883,10.59039],[106.43847,10.59038],[106.43817,10.59118],[106.43961,10.5926],[106.43993,10.59255],[106.44014,10.59519],[106.44116,10.5953],[106.44348,10.59672],[106.4441,10.59657],[106.44425,10.59706],[106.44488,10.59703],[106.44565,10.5977],[106.44659,10.5974],[106.44871,10.59758],[106.44946,10.59725],[106.45046,10.5973],[106.4549,10.59584],[106.4553,10.59621],[106.45734,10.59635],[106.45735,10.59272],[106.45953,10.59278],[106.45975,10.59015],[106.46539,10.58935],[106.46664,10.59055],[106.46882,10.5917],[106.4708,10.59066],[106.47101,10.58906],[106.47303,10.59017],[106.47257,10.59118],[106.47438,10.59234],[106.47353,10.59349],[106.47391,10.59407],[106.47338,10.59458],[106.47501,10.59636],[106.47532,10.596],[106.47654,10.5968],[106.478,10.59548],[106.48067,10.5966],[106.48181,10.59625],[106.48258,10.59725],[106.48366,10.59742],[106.48418,10.59505],[106.48525,10.59251],[106.48777,10.58818],[106.4965,10.57861],[106.50178,10.57467],[106.51605,10.56574],[106.52024,10.56147],[106.51864,10.55946],[106.51536,10.55626],[106.51453,10.55612],[106.51324,10.55667],[106.5122,10.55613],[106.51146,10.55447],[106.51129,10.55102],[106.5109,10.55018],[106.50644,10.54836],[106.50555,10.54586],[106.50294,10.54428],[106.50256,10.54244],[106.50205,10.54184],[106.50084,10.5414],[106.49748,10.54078],[106.4963,10.54095],[106.49597,10.5404],[106.49375,10.54106],[106.48947,10.5415],[106.48217,10.54182],[106.48023,10.54223],[106.4778,10.54207],[106.47691,10.54304],[106.47397,10.54243],[106.46997,10.54716],[106.46771,10.54483],[106.46595,10.54576],[106.46531,10.54455]]]]}},
{"type":"Feature","id":"28093","properties":{"Ward_Code":"28093","Ward_Code_Num":28093,"Ward":"Vàm Cỏ","Ward_Alt":"Vàm Cỏ","Ward_Upper":"VÀM CỎ","Ward_Full":"Xã Vàm Cỏ","Ward_Full_Alt":"Xã Vàm Cỏ","Ward_Full_Upper_Alt":"XÃ VÀM CỎ","Ward_Type":"Xã","Province_Code":"80","Province":"Tây Ninh","Province_Upper_Alt":"TÂY NINH"},"geometry":{"type":"MultiPolygon","coordinates":[[[[106.56568,10.55058],[106.56734,10.54889],[106.56858,10.54566],[106.56884,10.54403],[106.56828,10.53403],[106.56736,10.52875],[106.5651,10.52218],[106.56271,10.51715],[106.55883,10.51047],[106.55826,10.5064],[106.55958,10.50304],[106.55692,10.50285],[106.55544,10.50239],[106.55352,10.50098],[106.55226,10.49899],[106.55086,10.49522],[106.54994,10.49019],[106.55026,10.48765],[106.55144,10.48542],[106.55326,10.48444],[106.55777,10.48423],[106.56052,10.48331],[106.56258,10.48161],[106.56402,10.4796],[106.56509,10.47638],[106.56507,10.47342],[106.56438,10.46996],[106.56226,10.46526],[106.55917,10.46207],[106.55655,10.46054],[106.55384,10.46012],[106.55043,10.46074],[106.54944,10.46142],[106.54876,10.4625],[106.54912,10.46876],[106.54822,10.47205],[106.54726,10.474],[106.54494,10.4766],[106.54312,10.4779],[106.5403,10.4789],[106.5376,10.47905],[106.52911,10.47767],[106.52702,10.47684],[106.52555,10.47573],[106.52489,10.47444],[106.52476,10.47274],[106.52573,10.46561],[106.5252,10.4641],[106.52423,10.46307],[106.52136,10.46191],[106.51807,10.46144],[106.51454,10.46182],[106.51145,10.46301],[106.50973,10.46432],[106.50832,10.46651],[106.50797,10.4681],[106.50825,10.47038],[106.50859,10.47104],[106.50987,10.47211],[106.51476,10.47422],[106.51681,10.47571],[106.51836,10.47832],[106.51828,10.48082],[106.51764,10.48206],[106.5162,10.48317],[106.51022,10.48404],[106.50753,10.48484],[106.50613,10.48588],[106.50508,10.48764],[106.507,10.48881],[106.50683,10.48901],[106.50738,10.48957],[106.51188,10.4928],[106.51452,10.49404],[106.51472,10.49374],[106.51576,10.49398],[106.51736,10.4967],[106.51754,10.49961],[106.51816,10.49974],[106.51736,10.50021],[106.51731,10.50083],[106.51697,10.50098],[106.51789,10.5014],[106.5197,10.50133],[106.5211,10.50205],[106.52182,10.50256],[106.52166,10.50299],[106.52259,10.50325],[106.52349,10.50475],[106.52315,10.50534],[106.52145,10.50537],[106.52018,10.50878],[106.51803,10.50952],[106.51912,10.51306],[106.51757,10.51388],[106.51705,10.51355],[106.51593,10.51524],[106.51598,10.5158],[106.5163,10.51591],[106.52072,10.515319999999999],[106.52106,10.51553],[106.52084,10.51592],[106.5211,10.51632],[106.52229,10.51612],[106.52281,10.51644],[106.52241,10.51892],[106.52251,10.51925],[106.52384,10.51988],[106.52312,10.52087],[106.52293,10.5219],[106.52378,10.52425],[106.52116,10.52682],[106.52204,10.52728],[106.52222,10.52794],[106.52072,10.52864],[106.52059,10.52926],[106.5237,10.53008],[106.52496,10.52956],[106.52606,10.53163],[106.52622,10.53293],[106.52667,10.53309],[106.52781,10.53265],[106.52888,10.53323],[106.52896,10.53415],[106.52976,10.53506],[106.52999,10.53586],[106.52975,10.53664],[106.53015,10.53674],[106.53049,10.53738],[106.53209,10.53876],[106.53299,10.5388],[106.53386,10.54007],[106.53567,10.5398],[106.53549,10.54132],[106.537,10.54468],[106.53802,10.5503],[106.54354,10.55035],[106.55329,10.55298],[106.55779,10.55325],[106.56277,10.55218],[106.56568,10.55058]]]]}},
{"type":"Feature","id":"28108","properties":{"Ward_Code":"28108","Ward_Code_Num":28108,"Ward":"Cần Đước","Ward_Alt":"Cần Đước","Ward_Upper":"CẦN ĐƯỚC","Ward_Full":"Xã Cần Đước","Ward_Full_Alt":"Xã Cần Đước","Ward_Full_Upper_Alt":"XÃ CẦN ĐƯỚC","Ward_Type":"Xã","Province_Code":"80","Province":"Tây Ninh","Province_Upper_Alt":"TÂY NINH"},"geometry":{"type":"MultiPolygon","coordinates":[[[[106.59406,10.53878],[106.59526,10.5386],[106.59622,10.53776],[106.5972,10.53738],[106.5962,10.5325],[106.59726,10.53204],[106.59712,10.52994],[106.59794,10.52958],[106.59858,10.52805],[106.59917,10.52784],[106.60011,10.52859],[106.60047,10.52845],[106.60049,10.52802],[106.60116,10.52773],[106.6022,10.52816],[106.60292,10.52767],[106.60346,10.52609],[106.60912,10.5212],[106.60684,10.51726],[106.60764,10.51639],[106.6077,10.51558],[106.60974,10.51507],[106.61108,10.51572],[106.61149,10.5156],[106.61304,10.51438],[106.61332,10.51294],[106.61439,10.51212],[106.61514,10.51086],[106.61498,10.51025],[106.61443,10.51032],[106.6138,10.50873],[106.61437,10.50406],[106.61384,10.50255],[106.61305,10.50194],[106.61259,10.50058],[106.61297,10.50039],[106.61335,10.49864],[106.61322,10.4972],[106.61603,10.49461],[106.61593,10.49312],[106.61518,10.49329],[106.61431,10.49166],[106.60693,10.4906],[106.60732,10.48517],[106.60773,10.48383],[106.61116,10.4792],[106.61304,10.47388],[106.61418,10.47346],[106.61674,10.47481],[106.61852,10.47464],[106.62637,10.46468],[106.63332,10.45975],[106.63112,10.45558],[106.62965,10.45386],[106.62678,10.45146],[106.6184,10.44892],[106.61272,10.4459],[106.60805,10.44296],[106.60204,10.43818],[106.59979,10.43688],[106.59616,10.43582],[106.59285,10.4361],[106.58943,10.43747],[106.58716,10.4396],[106.58634,10.4411],[106.58512,10.44444],[106.5844,10.44924],[106.5844,10.45189],[106.58568,10.46457],[106.58548,10.46639],[106.58412,10.47064],[106.58096,10.47621],[106.5762,10.48204],[106.56884,10.49022],[106.56397,10.49742],[106.5632,10.49899],[106.56037,10.50186],[106.55876,10.5047],[106.55826,10.5064],[106.55883,10.51047],[106.56271,10.51715],[106.56643,10.52572],[106.56778,10.53085],[106.56864,10.53898],[106.58096,10.5374],[106.58306,10.53781],[106.58921,10.53752],[106.59146,10.53942],[106.59406,10.53878]]]]}},
{"type":"Feature","id":"28114","properties":{"Ward_Code":"28114","Ward_Code_Num":28114,"Ward":"Rạch Kiến","Ward_Alt":"Rạch Kiến","Ward_Upper":"RẠCH KIẾN","Ward_Full":"Xã Rạch Kiến","Ward_Full_Alt":"Xã Rạch Kiến","Ward_Full_Upper_Alt":"XÃ RẠCH KIẾN","Ward_Type":"Xã","Province_Code":"80","Province":"Tây Ninh","Province_Upper_Alt":"TÂY NINH"},"geometry":{"type":"MultiPolygon","coordinates":[[[[106.57938,10.64091],[106.58062,10.64076],[106.58396,10.63878],[106.58547,10.63846],[106.5886,10.63576],[106.59459,10.63714],[106.59505,10.63698],[106.5955,10.63622],[106.5953,10.63536],[106.594,10.63346],[106.59437,10.63272],[106.59534,10.63243],[106.5931,10.62932],[106.59465,10.62511],[106.59417,10.62439],[106.59276,10.62376],[106.59318,10.62306],[106.59316,10.62206],[106.59259,10.619],[106.59026,10.61877],[106.58972,10.61557],[106.58884,10.61367],[106.58833,10.6115],[106.5906,10.60922],[106.59441,10.60664],[106.59469,10.60405],[106.5932,10.60375],[106.5929,10.59844],[106.59534,10.59811],[106.596,10.59788],[106.59628,10.59737],[106.59584,10.59474],[106.59114,10.59618],[106.59065,10.59563],[106.58836,10.59487],[106.58839,10.59322],[106.58904,10.59324],[106.58932,10.59181],[106.59012,10.59027],[106.59021,10.58913],[106.58968,10.5881],[106.59017,10.58757],[106.59196,10.58672],[106.59277,10.58758],[106.59376,10.58715],[106.59397,10.58772],[106.59435,10.58756],[106.59472,10.58835],[106.59502,10.58814],[106.59515,10.58604],[106.59486,10.58589],[106.59522,10.58505],[106.59559,10.58034],[106.59605,10.5798],[106.59624,10.57728],[106.59469,10.5762],[106.59412,10.57639],[106.59348,10.57775],[106.59353,10.57833],[106.59142,10.57708],[106.59097,10.5784],[106.59056,10.57833],[106.59051,10.57856],[106.5891,10.57818],[106.58876,10.5785],[106.58745,10.57846],[106.58604,10.57972],[106.58423,10.58028],[106.5838,10.58209],[106.58318,10.58157],[106.58357,10.58052],[106.5834,10.58016],[106.58203,10.57977],[106.58068,10.58102],[106.57824,10.58222],[106.57666999999999,10.58187],[106.57622,10.58286],[106.57509,10.58359],[106.57422,10.58316],[106.57408,10.58222],[106.57472,10.58159],[106.57655,10.5811],[106.57673,10.58041],[106.57629,10.57992],[106.57488,10.57946],[106.57322,10.5781],[106.57077,10.5788],[106.56928,10.57762],[106.56716,10.57794],[106.56604,10.57694],[106.5654,10.57678],[106.56255,10.57822],[106.56027,10.57854],[106.56082,10.5819],[106.56165,10.58272],[106.56104,10.58466],[106.56042,10.58524],[106.56117,10.58561],[106.56022,10.58882],[106.55982,10.58872],[106.55942,10.58985],[106.5586,10.59054],[106.55814,10.59395],[106.55829,10.59465],[106.55898,10.59467],[106.55862,10.59724],[106.5578,10.59796],[106.55624,10.59774],[106.55605,10.59966],[106.5529,10.59946],[106.55214,10.60148],[106.55244,10.60169],[106.55238,10.60219],[106.55184,10.60254],[106.55048,10.60787],[106.55112,10.60909],[106.55252,10.6096],[106.55281,10.61058],[106.55565,10.61402],[106.56005999999999,10.621],[106.55891,10.62164],[106.5581,10.62305],[106.55832,10.62426],[106.55815,10.62482],[106.55742,10.62546],[106.55755,10.62683],[106.5601,10.62678],[106.56286,10.62775],[106.56498,10.62742],[106.56554,10.62764],[106.56612,10.6288],[106.56574,10.63203],[106.56707,10.63351],[106.56792,10.63393],[106.568,10.63607],[106.56878,10.6363],[106.569,10.63715],[106.57027,10.63863],[106.57222,10.63842],[106.57386,10.63753],[106.57452,10.63805],[106.57393,10.63922],[106.57412,10.63952],[106.57591,10.63978],[106.57938,10.64091]]]]}},
{"type":"Feature","id":"28126","properties":{"Ward_Code":"28126","Ward_Code_Num":28126,"Ward":"Long Cang","Ward_Alt":"Long Cang","Ward_Upper":"LONG CANG","Ward_Full":"Xã Long Cang","Ward_Full_Alt":"Xã Long Cang","Ward_Full_Upper_Alt":"XÃ LONG CANG","Ward_Type":"Xã","Province_Code":"80","Province":"Tây Ninh","Province_Upper_Alt":"TÂY NINH"},"geometry":{"type":"MultiPolygon","coordinates":[[[[106.5031,10.6173],[106.50413,10.61754],[106.50436,10.61857],[106.50558,10.61861],[106.5078,10.61841],[106.50846,10.61758],[106.50963,10.61808],[106.5097,10.61781],[106.50899,10.61708],[106.50971,10.61683],[106.51324,10.61614],[106.51456,10.6162],[106.51527,10.61584],[106.51644,10.61621],[106.51738,10.61519],[106.51843,10.61627],[106.51984,10.61641],[106.52245,10.61618],[106.52441,10.61655],[106.52616,10.61539],[106.52751,10.61566],[106.52762,10.61511],[106.52658,10.61457],[106.52722,10.61351],[106.52645,10.61315],[106.52642,10.61282],[106.52766,10.6123],[106.52843,10.61132],[106.52853,10.61253],[106.52902,10.61271],[106.52956,10.6124],[106.52965,10.61156],[106.52912,10.61084],[106.5301,10.60963],[106.53143,10.60991],[106.53168,10.60844],[106.53207,10.60833],[106.53263,10.60885],[106.53315,10.60881],[106.53247,10.60794],[106.53272,10.60764],[106.53555,10.60816],[106.53625,10.60751],[106.53922,10.60731],[106.54042,10.6068],[106.54201,10.6074],[106.5437,10.60862],[106.54473,10.60874],[106.54554,10.60821],[106.54573,10.60682],[106.54606,10.60668],[106.54804,10.60753],[106.54964,10.6074],[106.55048,10.60787],[106.55184,10.60254],[106.55238,10.60219],[106.55244,10.60169],[106.55214,10.60148],[106.5529,10.59946],[106.55605,10.59966],[106.55624,10.59774],[106.5578,10.59796],[106.55862,10.59724],[106.55898,10.59467],[106.55829,10.59465],[106.55814,10.59395],[106.5586,10.59054],[106.55942,10.58985],[106.55982,10.58872],[106.56022,10.58882],[106.56117,10.58561],[106.56042,10.58524],[106.56104,10.58466],[106.56165,10.58272],[106.56082,10.5819],[106.56027,10.57854],[106.55849,10.57903],[106.55523,10.57894],[106.55419,10.57998],[106.5537,10.58002],[106.54935,10.57718],[106.54873,10.5757],[106.54824,10.57548],[106.54626,10.57657],[106.5443,10.57716],[106.54386,10.57874],[106.54275,10.57942],[106.54246,10.58058],[106.54016,10.58181],[106.53958,10.5819],[106.53861,10.58138],[106.53753,10.57802],[106.5363,10.57762],[106.53554,10.57771],[106.53503,10.57818],[106.53518,10.58027],[106.53487,10.58093],[106.53297,10.58159],[106.5315,10.58158],[106.52934,10.58077],[106.52816,10.5798],[106.52604,10.57937],[106.52527,10.57736],[106.52288,10.57404],[106.52204,10.57195],[106.52081,10.57072],[106.5189,10.57018],[106.51977,10.569],[106.51977,10.5684],[106.5184,10.56747],[106.51689,10.5685],[106.51648,10.56824],[106.51616,10.56764],[106.51605,10.56574],[106.50178,10.57467],[106.4965,10.57861],[106.4896,10.58589],[106.48692,10.58953],[106.48412,10.59526],[106.48288,10.60158],[106.48253,10.60556],[106.48382,10.61375],[106.48646,10.61339],[106.48916,10.61368],[106.48949,10.61408],[106.49177,10.61384],[106.49344,10.61318],[106.49467,10.61518],[106.49381,10.61615],[106.49382,10.6166],[106.49665,10.61736],[106.49898,10.61908],[106.5031,10.6173]]]]}},
{"type":"Feature","id":"28132","properties":{"Ward_Code":"28132","Ward_Code_Num":28132,"Ward":"Mỹ Lệ","Ward_Alt":"Mỹ Lệ","Ward_Upper":"MỸ LỆ","Ward_Full":"Xã Mỹ Lệ","Ward_Full_Alt":"Xã Mỹ Lệ","Ward_Full_Upper_Alt":"XÃ MỸ LỆ","Ward_Type":"Xã","Province_Code":"80","Province":"Tây Ninh","Province_Upper_Alt":"TÂY NINH"},"geometry":{"type":"MultiPolygon","coordinates":[[[[106.60632,10.54174],[106.60262,10.53788],[106.60028,10.53734],[106.59904,10.5377],[106.59711,10.53739],[106.59486,10.53875],[106.59413,10.53861],[106.59392,10.53893],[106.59146,10.53942],[106.58946,10.53763],[106.58868,10.53746],[106.58306,10.53781],[106.58096,10.5374],[106.56864,10.53898],[106.56886,10.54257],[106.56858,10.54566],[106.56734,10.54889],[106.56568,10.55058],[106.56277,10.55218],[106.55779,10.55325],[106.55329,10.55298],[106.54525,10.55072],[106.5416,10.55022],[106.53802,10.5503],[106.53491,10.55082],[106.53066,10.55206],[106.52721,10.55414],[106.51605,10.56574],[106.51623,10.56799],[106.51689,10.5685],[106.5184,10.56747],[106.51954,10.56811],[106.5198,10.56891],[106.5189,10.57018],[106.52081,10.57072],[106.52204,10.57195],[106.52288,10.57404],[106.52527,10.57736],[106.52604,10.57937],[106.52816,10.5798],[106.52934,10.58077],[106.53178,10.58164],[106.53351,10.58148],[106.53487,10.58093],[106.53518,10.58027],[106.53503,10.57818],[106.53554,10.57771],[106.5363,10.57762],[106.53753,10.57802],[106.53861,10.58138],[106.53958,10.5819],[106.54016,10.58181],[106.54246,10.58058],[106.54275,10.57942],[106.54386,10.57874],[106.5443,10.57716],[106.54626,10.57657],[106.54824,10.57548],[106.54873,10.5757],[106.54935,10.57718],[106.55381,10.58004],[106.55523,10.57894],[106.55943,10.57891],[106.5607,10.57839],[106.56255,10.57822],[106.5654,10.57678],[106.56604,10.57694],[106.56716,10.57794],[106.56928,10.57762],[106.57077,10.5788],[106.57322,10.5781],[106.57488,10.57946],[106.57629,10.57992],[106.57673,10.58041],[106.57643,10.58118],[106.57484,10.58154],[106.57414,10.58211],[106.57418,10.5831],[106.57489,10.5836],[106.57622,10.58286],[106.57666999999999,10.58187],[106.57824,10.58222],[106.58068,10.58102],[106.58203,10.57977],[106.5834,10.58016],[106.58357,10.58052],[106.58318,10.58157],[106.5838,10.58209],[106.58423,10.58028],[106.58604,10.57972],[106.58745,10.57846],[106.58876,10.5785],[106.5891,10.57818],[106.59051,10.57856],[106.59056,10.57833],[106.59097,10.5784],[106.59142,10.57708],[106.59353,10.57833],[106.59348,10.57775],[106.59424,10.57628],[106.59469,10.5762],[106.5965,10.577209999999999],[106.59629,10.5755],[106.59771,10.57496],[106.59869,10.57566],[106.59976,10.57575],[106.59917,10.577209999999999],[106.59935,10.57754],[106.60134,10.57652],[106.60143,10.57579],[106.60187,10.57577],[106.60274,10.57668],[106.61069,10.57037],[106.60914,10.56875],[106.60975,10.56847],[106.60849,10.56602],[106.60947,10.56584],[106.60987,10.5653],[106.61091,10.56484],[106.61084,10.56433],[106.61305,10.5633],[106.61237,10.55895],[106.61766,10.55761],[106.61776,10.55813],[106.61865,10.55806],[106.62463,10.55667],[106.62565,10.55612],[106.62579,10.55653],[106.62696,10.55588],[106.62735,10.55688],[106.62869,10.55602],[106.62889,10.55629],[106.6335,10.55282],[106.63325,10.55215],[106.63384,10.55176],[106.63279,10.54914],[106.63182,10.54853],[106.6316,10.5489],[106.6313,10.54882],[106.63188,10.54772],[106.6331,10.54828],[106.63349,10.54801],[106.63303,10.54664],[106.63186,10.54574],[106.63279,10.54488],[106.63271,10.54436],[106.63209,10.54382],[106.63179,10.5429],[106.6309,10.54235],[106.6309,10.54137],[106.62989,10.54082],[106.62932,10.53989],[106.62791,10.53999],[106.62751,10.53904],[106.62598,10.54012],[106.62565,10.5393],[106.62527,10.53925],[106.62339,10.5403],[106.62219,10.53967],[106.62202,10.54007],[106.62147,10.53979],[106.62095,10.54014],[106.62016,10.5396],[106.61894,10.5396],[106.61489,10.5417],[106.61466,10.54129],[106.61317,10.54182],[106.60666,10.54212],[106.60632,10.54174]]]]}},
{"type":"Feature","id":"28138","properties":{"Ward_Code":"28138","Ward_Code_Num":28138,"Ward":"Tân Lân","Ward_Alt":"Tân Lân","Ward_Upper":"TÂN LÂN","Ward_Full":"Xã Tân Lân","Ward_Full_Alt":"Xã Tân Lân","Ward_Full_Upper_Alt":"XÃ TÂN LÂN","Ward_Type":"Xã","Province_Code":"80","Province":"Tây Ninh","Province_Upper_Alt":"TÂY NINH"},"geometry":{"type":"MultiPolygon","coordinates":[[[[106.60632,10.54174],[106.60666,10.54212],[106.61317,10.54182],[106.61466,10.54129],[106.61489,10.5417],[106.61894,10.5396],[106.62016,10.5396],[106.62095,10.54014],[106.62147,10.53979],[106.62202,10.54007],[106.62219,10.53967],[106.62339,10.5403],[106.62547,10.53924],[106.62598,10.54012],[106.6274,10.53901],[106.62791,10.53999],[106.62955,10.54004],[106.62989,10.54082],[106.6309,10.54137],[106.6309,10.54235],[106.6319,10.54303],[106.63279,10.54488],[106.63388,10.54522],[106.63423,10.54486],[106.63384,10.54282],[106.63681,10.54289],[106.63855,10.54102],[106.64209,10.54065],[106.64275,10.53922],[106.64336,10.53868],[106.64422,10.53868],[106.64512,10.53991],[106.64586,10.54022],[106.6479,10.53962],[106.64999,10.53977],[106.65083,10.53489],[106.65204,10.53068],[106.65218,10.52842],[106.6518,10.52624],[106.64935,10.52144],[106.64829,10.51848],[106.64826,10.51618],[106.64879,10.5144],[106.64992,10.51298],[106.65162,10.51193],[106.65439,10.51187],[106.65874,10.51278],[106.66008,10.51252],[106.66072,10.51206],[106.66177,10.51066],[106.6623,10.50928],[106.66405,10.50274],[106.66701,10.49843],[106.66847,10.49702],[106.65653,10.48037],[106.65478,10.48175],[106.65228,10.48284],[106.65035,10.48348],[106.64736,10.48373],[106.6446,10.48309],[106.64283,10.4822],[106.64043,10.48031],[106.63874,10.47828],[106.6364,10.47353],[106.63453,10.46374],[106.63332,10.45975],[106.62637,10.46468],[106.61852,10.47464],[106.61674,10.47481],[106.61418,10.47346],[106.61304,10.47388],[106.61116,10.4792],[106.60747,10.48448],[106.60693,10.4906],[106.61431,10.49166],[106.61518,10.49329],[106.61593,10.49312],[106.61603,10.49461],[106.61322,10.4972],[106.61335,10.49864],[106.61297,10.50039],[106.61259,10.50058],[106.61305,10.50194],[106.61384,10.50255],[106.61437,10.50406],[106.6138,10.50873],[106.61443,10.51032],[106.61498,10.51025],[106.61514,10.51086],[106.61439,10.51212],[106.61332,10.51294],[106.61304,10.51438],[106.61149,10.5156],[106.61108,10.51572],[106.60974,10.51507],[106.6077,10.51558],[106.60764,10.51639],[106.60684,10.51726],[106.60912,10.5212],[106.60346,10.52609],[106.60292,10.52767],[106.6022,10.52816],[106.60116,10.52773],[106.60049,10.52802],[106.60047,10.52845],[106.60011,10.52859],[106.59935,10.52791],[106.59867,10.52796],[106.59794,10.52958],[106.59712,10.52994],[106.59726,10.53204],[106.5962,10.5325],[106.5972,10.53738],[106.59904,10.5377],[106.60052,10.53736],[106.60262,10.53788],[106.60632,10.54174]]]]}},
{"type":"Feature","id":"28144","properties":{"Ward_Code":"28144","Ward_Code_Num":28144,"Ward":"Long Hựu","Ward_Alt":"Long Hựu","Ward_Upper":"LONG HỰU","Ward_Full":"Xã Long Hựu","Ward_Full_Alt":"Xã Long Hựu","Ward_Full_Upper_Alt":"XÃ LONG HỰU","Ward_Type":"Xã","Province_Code":"80","Province":"Tây Ninh","Province_Upper_Alt":"TÂY NINH"},"geometry":{"type":"MultiPolygon","coordinates":[[[[106.73301,10.50972],[106.74402,10.5041],[106.7431,10.50002],[106.73497,10.49718],[106.7306,10.49435],[106.72533,10.49035],[106.70988,10.47672],[106.704,10.47048],[106.70055,10.46629],[106.69206,10.45181],[106.6863,10.44264],[106.68399,10.44068],[106.68234,10.43979],[106.6769,10.43833],[106.67535,10.43823],[106.67348,10.43819],[106.67033,10.43874],[106.66669,10.43997],[106.66423,10.44171],[106.6625,10.44358],[106.66135,10.44538],[106.66002,10.44928],[106.65974,10.45249],[106.66052,10.4663],[106.66031,10.47108],[106.65963,10.47446],[106.65847,10.47752],[106.65653,10.48037],[106.66847,10.49702],[106.67072,10.49614],[106.67184,10.49609],[106.67467,10.49733],[106.67858,10.50023],[106.68092,10.50063],[106.68618,10.50052],[106.69291,10.50213],[106.70209,10.50204],[106.70551,10.50116],[106.70655,10.50131],[106.70739,10.50164],[106.70806,10.50242],[106.70866,10.50493],[106.71034,10.50776],[106.71147,10.50809],[106.71678,10.50835],[106.71799,10.50896],[106.7195,10.51039],[106.72173,10.51351],[106.72345,10.51441],[106.72545,10.5144],[106.72678,10.51394],[106.73301,10.50972]]]]}},
{"type":"Feature","id":"28159","properties":{"Ward_Code":"28159","Ward_Code_Num":28159,"Ward":"Cần Giuộc","Ward_Alt":"Cần Giuộc","Ward_Upper":"CẦN GIUỘC","Ward_Full":"Xã Cần Giuộc","Ward_Full_Alt":"Xã Cần Giuộc","Ward_Full_Upper_Alt":"XÃ CẦN GIUỘC","Ward_Type":"Xã","Province_Code":"80","Province":"Tây Ninh","Province_Upper_Alt":"TÂY NINH"},"geometry":{"type":"MultiPolygon","coordinates":[[[[106.6663,10.60624],[106.665,10.60655],[106.66447,10.60602],[106.66235,10.60527],[106.66096,10.60542],[106.66037,10.60602],[106.66039,10.60842],[106.65978,10.60961],[106.65628,10.60977],[106.65518,10.61048],[106.65496,10.61116],[106.65538,10.61358],[106.65493,10.6144],[106.65374,10.61448],[106.65085,10.61362],[106.64945,10.61396],[106.64875,10.6152],[106.64916,10.61728],[106.649,10.61844],[106.64548,10.62356],[106.64413,10.62394],[106.64306,10.6238],[106.64106,10.62244],[106.6401,10.6223],[106.6393,10.62272],[106.63921,10.62513],[106.63873,10.62584],[106.63784,10.62594],[106.63568,10.62495],[106.63468,10.62557],[106.63547,10.62628],[106.63765,10.62646],[106.6389,10.62752],[106.63935,10.6271],[106.64102,10.62666],[106.64378,10.62962],[106.64622,10.63426],[106.64688,10.6342],[106.64857,10.63268],[106.65139,10.63273],[106.65274,10.63223],[106.65329,10.63328],[106.65336,10.63633],[106.65295,10.63716],[106.65344,10.63907],[106.65413,10.63957],[106.65446,10.63911],[106.65577,10.63899],[106.65613,10.6384],[106.6568,10.63922],[106.65674,10.64103],[106.65633,10.64157],[106.65636,10.64362],[106.65782,10.64358],[106.66088,10.64206],[106.66019,10.64097],[106.66028,10.63987],[106.66091,10.6401],[106.66273,10.63927],[106.6629,10.63992],[106.66336,10.64012],[106.665,10.63894],[106.66566,10.63961],[106.666,10.63844],[106.66647,10.63891],[106.66631,10.64022],[106.66668,10.64066],[106.66836,10.63915],[106.66974,10.63933],[106.67132,10.64114],[106.67319,10.64217],[106.67324,10.6431],[106.67368,10.6439],[106.67561,10.64481],[106.67864,10.64527],[106.6819,10.64836],[106.6846,10.65025],[106.68597,10.65273],[106.68578,10.65604],[106.686,10.65644],[106.68674,10.6563],[106.68779,10.65542],[106.689,10.65282],[106.69025,10.65117],[106.69086,10.64884],[106.69144,10.6485],[106.69595,10.64962],[106.69648,10.65002],[106.69756,10.65192],[106.70056,10.65398],[106.70236,10.65316],[106.70388,10.65314],[106.70525,10.65098],[106.70761,10.65002],[106.70866,10.64975],[106.71146,10.65042],[106.71267,10.65006],[106.71641,10.64765],[106.71896,10.64557],[106.72159,10.64597],[106.72242,10.64572],[106.72325,10.64459],[106.72339,10.64194],[106.72577,10.6384],[106.73005,10.63623],[106.73142,10.63432],[106.73125,10.63325],[106.73334,10.62875],[106.73212,10.62781],[106.73137,10.62782],[106.72997,10.62868],[106.72912,10.62816],[106.72844,10.62435],[106.72997,10.62375],[106.73163,10.62375],[106.73203,10.62295],[106.73109,10.62136],[106.72994,10.62049],[106.73006,10.61826],[106.72925,10.61653],[106.72883,10.61616],[106.72775,10.61672],[106.72754,10.61593],[106.7289,10.61223],[106.72958,10.61179],[106.73068,10.6123],[106.73164,10.61211],[106.7328,10.60986],[106.73154,10.60881],[106.72919,10.60924],[106.72863,10.60873],[106.7275,10.60983],[106.72672,10.61125],[106.72554,10.6112],[106.72394,10.61199],[106.723,10.61053],[106.72231,10.60836],[106.72232,10.6073],[106.71886,10.60609],[106.71976,10.60242],[106.72198,10.59965],[106.72037,10.59726],[106.72027,10.59601],[106.72091,10.59522],[106.72335,10.59381],[106.72377,10.59193],[106.72363,10.59116],[106.71916,10.58818],[106.71525,10.58731],[106.71423,10.58666],[106.71328,10.57971],[106.71352,10.57456],[106.71318,10.57382],[106.70802,10.57525],[106.70628,10.5769],[106.70481,10.57893],[106.70317,10.5798],[106.70185,10.58224],[106.69866,10.58446],[106.69722,10.58853],[106.69436,10.59196],[106.69339,10.59187],[106.69311,10.59139],[106.69328,10.59047],[106.69436,10.5891],[106.69424,10.58834],[106.69331,10.5883],[106.69256,10.58936],[106.69198,10.5894],[106.69164,10.58901],[106.69156,10.58746],[106.68993,10.58686],[106.68832,10.58508],[106.68708,10.58448],[106.68614,10.58482],[106.68636,10.58693],[106.68606,10.58734],[106.68385,10.58642],[106.679,10.58808],[106.67969,10.5902],[106.67968,10.59386],[106.68116,10.59905],[106.68115,10.60057],[106.67999,10.6032],[106.67866,10.6049],[106.67479,10.60228],[106.67279,10.60178],[106.67265,10.59743],[106.6653,10.59728],[106.66522,10.60121],[106.66693,10.60596],[106.6663,10.60624]]]]}},
{"type":"Feature","id":"28165","properties":{"Ward_Code":"28165","Ward_Code_Num":28165,"Ward":"Phước Lý","Ward_Alt":"Phước Lý","Ward_Upper":"PHƯỚC LÝ","Ward_Full":"Xã Phước Lý","Ward_Full_Alt":"Xã Phước Lý","Ward_Full_Upper_Alt":"XÃ PHƯỚC LÝ","Ward_Type":"Xã","Province_Code":"80","Province":"Tây Ninh","Province_Upper_Alt":"TÂY NINH"},"geometry":{"type":"MultiPolygon","coordinates":[[[[106.60602,10.65807],[106.60916,10.65747],[106.61055,10.65657],[106.6108,10.65691],[106.61135,10.65662],[106.61152,10.65586],[106.61246,10.65557],[106.6135,10.65432],[106.61384,10.65452],[106.61418,10.65384],[106.61461,10.65372],[106.61551,10.6541],[106.61599,10.6532],[106.61672,10.6533],[106.61684,10.65229],[106.61771,10.65191],[106.61776,10.65127],[106.61725,10.65094],[106.61735,10.65018],[106.61901,10.64963],[106.61895,10.64902],[106.62116,10.64873],[106.62237,10.64839],[106.62229,10.6481],[106.625,10.64734],[106.62393,10.64635],[106.62443,10.64529],[106.62433,10.64449],[106.62343,10.64448],[106.62332,10.6441],[106.62184,10.6441],[106.62158,10.64327],[106.62211,10.64317],[106.62214,10.64273],[106.6219,10.64182],[106.62149,10.64195],[106.62119,10.64099],[106.62272,10.64047],[106.62413,10.63947],[106.62451,10.63991],[106.62578,10.63974],[106.62715,10.6427],[106.62815,10.64208],[106.62967,10.64226],[106.62987,10.64068],[106.63027,10.64051],[106.62982,10.63937],[106.63049,10.63908],[106.63033,10.63854],[106.63121,10.63669],[106.62972,10.6362],[106.62969,10.63204],[106.63104,10.63012],[106.62975,10.6288],[106.62956,10.62705],[106.6302,10.62662],[106.62936,10.62576],[106.6278,10.62586],[106.62694,10.62699],[106.62713,10.62788],[106.62863,10.62857],[106.62916,10.62915],[106.62909,10.63012],[106.62844,10.63086],[106.62768,10.63092],[106.62704,10.63058],[106.62655,10.62847],[106.62564,10.62798],[106.62501,10.62842],[106.62438,10.63007],[106.62284,10.63246],[106.62167,10.63278],[106.6201,10.63188],[106.61864,10.6269],[106.62128,10.62587],[106.62126,10.62478],[106.62085,10.62456],[106.62102,10.62338],[106.6197,10.62054],[106.62048,10.6202],[106.61906,10.61688],[106.62118,10.61552],[106.62041,10.61407],[106.61927,10.61387],[106.61644,10.61247],[106.61538,10.60842],[106.61494,10.60832],[106.61493,10.60678],[106.61432,10.60679],[106.61425,10.60444],[106.61355,10.6044],[106.61352,10.60402],[106.61202,10.60453],[106.60948,10.60458],[106.60783,10.6039],[106.60756,10.60489],[106.60411,10.60488],[106.60427,10.60582],[106.60183,10.60704],[106.59915,10.60804],[106.59679,10.60839],[106.59636,10.60843],[106.59623,10.60678],[106.5949,10.60626],[106.5906,10.60922],[106.58833,10.6115],[106.58884,10.61367],[106.58972,10.61557],[106.59026,10.61877],[106.59259,10.619],[106.59316,10.62206],[106.59318,10.62306],[106.59276,10.62376],[106.59417,10.62439],[106.59465,10.62511],[106.5931,10.62932],[106.59534,10.63243],[106.59437,10.63272],[106.594,10.63336],[106.59548,10.6359],[106.59483,10.63712],[106.5886,10.63576],[106.58547,10.63846],[106.58396,10.63878],[106.5821,10.64006],[106.5799,10.6409],[106.5788,10.64085],[106.57591,10.63978],[106.57412,10.63952],[106.57393,10.63922],[106.57452,10.63805],[106.57386,10.63753],[106.57222,10.63842],[106.5705,10.63873],[106.569,10.63715],[106.56878,10.6363],[106.568,10.63607],[106.56792,10.63393],[106.56707,10.63351],[106.56574,10.63203],[106.56612,10.6288],[106.56554,10.62764],[106.56498,10.62742],[106.56286,10.62775],[106.56042,10.62684],[106.55835,10.62663],[106.55543,10.6275],[106.55474,10.6291],[106.55251,10.62873],[106.551,10.63032],[106.55089,10.63266],[106.54838,10.63348],[106.54786,10.63561],[106.54588,10.6368],[106.54449,10.63652],[106.54265,10.63723],[106.54178,10.63872],[106.54422,10.641],[106.54823,10.64611],[106.54952,10.64839],[106.55023,10.65102],[106.55232,10.65058],[106.55314,10.65073],[106.55298,10.65127],[106.55353,10.65132],[106.55358,10.65194],[106.55527,10.65238],[106.55558,10.6509],[106.55632,10.65093],[106.55743,10.65038],[106.55787,10.64855],[106.55853,10.64862],[106.5592,10.64992],[106.55878,10.65067],[106.55902,10.65188],[106.56314,10.65145],[106.56321,10.6522],[106.5653,10.6523],[106.56505,10.65299],[106.56592,10.65391],[106.56624,10.65645],[106.56851,10.65612],[106.56861,10.65657],[106.5697,10.6563],[106.5735,10.65418],[106.57308,10.65215],[106.57335,10.64983],[106.57513,10.64986],[106.57542,10.6491],[106.57674,10.64927],[106.57697,10.64889],[106.57881,10.64949],[106.57938,10.65033],[106.57955,10.65187],[106.57806,10.65186],[106.57789,10.6533],[106.57938,10.655],[106.57971,10.65612],[106.58052,10.65613],[106.5806,10.6555],[106.58327,10.65538],[106.58406,10.65365],[106.58722,10.65316],[106.58742,10.6528],[106.59042,10.65311],[106.59091,10.65112],[106.5916,10.65121],[106.59174,10.65008],[106.59496,10.65062],[106.5949,10.65102],[106.59571,10.6511],[106.59522,10.65377],[106.59751,10.65339],[106.59751,10.65313],[106.60006,10.65222],[106.60065,10.65071],[106.60167,10.65124],[106.60186,10.65227],[106.60275,10.65335],[106.6047,10.65799],[106.60538,10.65875],[106.60546,10.65829],[106.60602,10.65807]]]]}},
{"type":"Feature","id":"28177","properties":{"Ward_Code":"28177","Ward_Code_Num":28177,"Ward":"Mỹ Lộc","Ward_Alt":"Mỹ Lộc","Ward_Upper":"MỸ LỘC","Ward_Full":"Xã Mỹ Lộc","Ward_Full_Alt":"Xã Mỹ Lộc","Ward_Full_Upper_Alt":"XÃ MỸ LỘC","Ward_Type":"Xã","Province_Code":"80","Province":"Tây Ninh","Province_Upper_Alt":"TÂY NINH"},"geometry":{"type":"MultiPolygon","coordinates":[[[[106.65414,10.61454],[106.65493,10.6144],[106.65533,10.61385],[106.65496,10.61116],[106.65518,10.61048],[106.65628,10.60977],[106.65978,10.60961],[106.66039,10.60842],[106.66037,10.60602],[106.66096,10.60542],[106.66235,10.60527],[106.66447,10.60602],[106.665,10.60655],[106.66693,10.60596],[106.66522,10.60121],[106.6653,10.59728],[106.67265,10.59743],[106.67279,10.60178],[106.67479,10.60228],[106.67866,10.6049],[106.68065,10.60203],[106.68115,10.60057],[106.68116,10.59905],[106.67968,10.59386],[106.67969,10.5902],[106.67943,10.58908],[106.67878,10.58783],[106.67306,10.5868],[106.67157,10.58512],[106.67084,10.58305],[106.67064,10.58136],[106.67051,10.5743],[106.66805,10.57451],[106.66517,10.57606],[106.66239,10.57509],[106.66199,10.57566],[106.66224,10.57715],[106.6597,10.57759],[106.65861,10.57985],[106.65796,10.5804],[106.65732,10.58036],[106.65696,10.57993],[106.65706,10.57832],[106.65658,10.578],[106.65558,10.578],[106.65508,10.57863],[106.65589,10.58038],[106.65526,10.58119],[106.65448,10.58114],[106.65334,10.58047],[106.65227,10.58137],[106.65132,10.58156],[106.64939,10.58041],[106.64859,10.57919],[106.64639,10.57966],[106.64594,10.57916],[106.64597,10.5787],[106.64739,10.57807],[106.64706,10.57609],[106.64158,10.5751],[106.64149,10.57337],[106.63985,10.57373],[106.63897,10.57186],[106.63852,10.57206],[106.63167,10.56024],[106.63232,10.55986],[106.63087,10.55698],[106.6324,10.5566],[106.63192,10.5553],[106.63157,10.55526],[106.6298,10.5556],[106.62889,10.55629],[106.62869,10.55602],[106.62735,10.55688],[106.62696,10.55588],[106.62579,10.55653],[106.62565,10.55612],[106.62463,10.55667],[106.61865,10.55806],[106.61776,10.55813],[106.61766,10.55761],[106.61237,10.55895],[106.61305,10.5633],[106.61084,10.56433],[106.61091,10.56484],[106.60987,10.5653],[106.60947,10.56584],[106.60849,10.56602],[106.60975,10.56847],[106.60914,10.56875],[106.61069,10.57037],[106.60274,10.57668],[106.60187,10.57577],[106.60143,10.57579],[106.60134,10.57652],[106.59935,10.57754],[106.59917,10.577209999999999],[106.59976,10.57575],[106.59869,10.57566],[106.59771,10.57496],[106.59629,10.5755],[106.59661,10.57681],[106.59605,10.57745],[106.59609,10.57958],[106.59591,10.58023],[106.59559,10.58034],[106.59522,10.58505],[106.59486,10.58589],[106.59515,10.58604],[106.59502,10.58814],[106.59472,10.58835],[106.59435,10.58756],[106.59397,10.58772],[106.59376,10.58715],[106.59277,10.58758],[106.59196,10.58672],[106.59017,10.58757],[106.58968,10.5881],[106.59021,10.58913],[106.59012,10.59027],[106.58932,10.59181],[106.58904,10.59324],[106.58839,10.59322],[106.58836,10.59487],[106.59065,10.59563],[106.59114,10.59618],[106.59584,10.59474],[106.59628,10.59737],[106.596,10.59788],[106.5929,10.59844],[106.5932,10.60375],[106.59469,10.60405],[106.59438,10.60668],[106.59505,10.60626],[106.59623,10.60678],[106.59636,10.60843],[106.59915,10.60804],[106.60183,10.60704],[106.60427,10.60582],[106.60411,10.60488],[106.60756,10.60489],[106.60783,10.6039],[106.60948,10.60458],[106.61202,10.60453],[106.61352,10.60402],[106.61355,10.6044],[106.61425,10.60444],[106.61432,10.60679],[106.61493,10.60678],[106.61494,10.60832],[106.61538,10.60842],[106.61644,10.61247],[106.61927,10.61387],[106.62041,10.61407],[106.62118,10.61552],[106.61906,10.61688],[106.62048,10.6202],[106.6197,10.62054],[106.62102,10.62338],[106.62085,10.62456],[106.62126,10.62478],[106.62128,10.62587],[106.61864,10.6269],[106.6201,10.63188],[106.62167,10.63278],[106.62284,10.63246],[106.62438,10.63007],[106.62501,10.62842],[106.62564,10.62798],[106.62655,10.62847],[106.62704,10.63058],[106.62768,10.63092],[106.62864,10.63072],[106.62921,10.62983],[106.62916,10.62915],[106.62863,10.62857],[106.62713,10.62788],[106.62695,10.62719],[106.6273,10.62619],[106.62814,10.62573],[106.62969,10.62596],[106.63097,10.62792],[106.63188,10.62834],[106.6331,10.62771],[106.63518,10.62505],[106.63596,10.62502],[106.63784,10.62594],[106.63892,10.62571],[106.63925,10.62478],[106.63922,10.62296],[106.63973,10.62238],[106.64106,10.62244],[106.64306,10.6238],[106.64514,10.62376],[106.64581,10.62328],[106.649,10.61844],[106.64916,10.61728],[106.64875,10.6152],[106.64916,10.61424],[106.65011,10.61365],[106.65085,10.61362],[106.65414,10.61454]]]]}},
{"type":"Feature","id":"28201","properties":{"Ward_Code":"28201","Ward_Code_Num":28201,"Ward":"Phước Vĩnh Tây","Ward_Alt":"Phước Vĩnh Tây","Ward_Upper":"PHƯỚC VĨNH TÂY","Ward_Full":"Xã Phước Vĩnh Tây","Ward_Full_Alt":"Xã Phước Vĩnh Tây","Ward_Full_Upper_Alt":"XÃ PHƯỚC VĨNH TÂY","Ward_Type":"Xã","Province_Code":"80","Province":"Tây Ninh","Province_Upper_Alt":"TÂY NINH"},"geometry":{"type":"MultiPolygon","coordinates":[[[[106.69722,10.58853],[106.69866,10.58446],[106.70152,10.58258],[106.70294,10.58004],[106.70481,10.57893],[106.70668,10.57645],[106.70852,10.57496],[106.70616,10.57229],[106.70407,10.57076],[106.70362,10.57002],[106.70363,10.56853],[106.70485,10.56584],[106.70466,10.56516],[106.70328,10.56458],[106.69896,10.56523],[106.69713,10.56472],[106.69778,10.56062],[106.69582,10.55454],[106.69518,10.55378],[106.69344,10.55272],[106.69397,10.55493],[106.69377,10.55541],[106.69309,10.5555],[106.68926,10.55222],[106.68768,10.55014],[106.68791,10.54762],[106.68761,10.54669],[106.68666,10.54655],[106.68536,10.54788],[106.68446,10.54808],[106.68267,10.54731],[106.68083,10.54602],[106.68043,10.5466],[106.68049,10.54834],[106.67976,10.54964],[106.67716,10.54967],[106.67596,10.5492],[106.67544,10.54932],[106.67496,10.55003],[106.67457,10.54881],[106.67366,10.54767],[106.67312,10.54752],[106.67297,10.54825],[106.67247,10.54848],[106.67198,10.548],[106.67129,10.54797],[106.67065,10.54669],[106.66937,10.54632],[106.66933,10.54568],[106.66997,10.54523],[106.66959,10.54444],[106.67034,10.54335],[106.67002,10.54309],[106.66913,10.54352],[106.66824,10.54301],[106.66797,10.54085],[106.66692,10.54036],[106.6671,10.53979],[106.66653,10.53982],[106.66588,10.53894],[106.66545,10.53709],[106.66687,10.53661],[106.66782,10.53695],[106.66802,10.53743],[106.66857,10.53692],[106.66861,10.5364],[106.66956,10.53591],[106.66952,10.53555],[106.66862,10.53565],[106.66814,10.53525],[106.6683,10.53473],[106.66921,10.53462],[106.66918,10.53427],[106.66764,10.53372],[106.668,10.53323],[106.66892,10.53328],[106.66904,10.53252],[106.66712,10.53046],[106.66675,10.53072],[106.66685,10.53205],[106.66627,10.53259],[106.66585,10.5324],[106.6644,10.53025],[106.6637,10.53041],[106.66288,10.53135],[106.66192,10.53151],[106.66295,10.52382],[106.66158,10.52378],[106.66107,10.52282],[106.66156,10.52215],[106.66421,10.52101],[106.66427,10.52048],[106.66356,10.51906],[106.66368,10.5177],[106.65991,10.51632],[106.65848,10.5152],[106.6581,10.51268],[106.65313,10.51175],[106.65086,10.51221],[106.64879,10.5144],[106.64817,10.51695],[106.64849,10.5193],[106.6514,10.52525],[106.65218,10.52842],[106.65204,10.53068],[106.65083,10.53489],[106.64999,10.53977],[106.6479,10.53962],[106.64586,10.54022],[106.64512,10.53991],[106.64422,10.53868],[106.64355,10.53864],[106.64288,10.53903],[106.64209,10.54065],[106.63855,10.54102],[106.63681,10.54289],[106.63384,10.54282],[106.63419,10.54503],[106.63388,10.54522],[106.63273,10.54489],[106.63186,10.54574],[106.63303,10.54664],[106.63346,10.5481],[106.6331,10.54828],[106.63188,10.54772],[106.6313,10.54882],[106.6316,10.5489],[106.63182,10.54853],[106.63279,10.54914],[106.63384,10.55176],[106.63325,10.55215],[106.6335,10.55282],[106.6298,10.5556],[106.63192,10.5553],[106.6324,10.5566],[106.63087,10.55698],[106.63232,10.55986],[106.63167,10.56024],[106.63852,10.57206],[106.63897,10.57186],[106.63985,10.57373],[106.64149,10.57337],[106.64158,10.5751],[106.64689,10.57594],[106.64739,10.57807],[106.6461,10.57854],[106.64605,10.57936],[106.64682,10.57971],[106.64798,10.57913],[106.64859,10.57919],[106.64939,10.58041],[106.65132,10.58156],[106.65227,10.58137],[106.65334,10.58047],[106.65472,10.58122],[106.65552,10.58103],[106.65587,10.58002],[106.65508,10.5785],[106.65558,10.578],[106.65687,10.57813],[106.65719,10.57852],[106.65696,10.57993],[106.65732,10.58036],[106.65803,10.58037],[106.65861,10.57985],[106.6597,10.57759],[106.66224,10.57715],[106.66199,10.57566],[106.66239,10.57509],[106.66517,10.57606],[106.66805,10.57451],[106.67051,10.5743],[106.67047,10.57908],[106.67084,10.58305],[106.67157,10.58512],[106.67306,10.5868],[106.67463,10.58728],[106.67824,10.58764],[106.679,10.58808],[106.68385,10.58642],[106.68453,10.58649],[106.68589,10.58737],[106.68636,10.58693],[106.68614,10.58482],[106.68708,10.58448],[106.68832,10.58508],[106.68993,10.58686],[106.69156,10.58746],[106.69164,10.58901],[106.69198,10.5894],[106.69256,10.58936],[106.69331,10.5883],[106.69424,10.58834],[106.69436,10.5891],[106.6931,10.59101],[106.69319,10.59162],[106.69391,10.59203],[106.69436,10.59196],[106.69722,10.58853]]]]}},
{"type":"Feature","id":"28207","properties":{"Ward_Code":"28207","Ward_Code_Num":28207,"Ward":"Tân Tập","Ward_Alt":"Tân Tập","Ward_Upper":"TÂN TẬP","Ward_Full":"Xã Tân Tập","Ward_Full_Alt":"Xã Tân Tập","Ward_Full_Upper_Alt":"XÃ TÂN TẬP","Ward_Type":"Xã","Province_Code":"80","Province":"Tây Ninh","Province_Upper_Alt":"TÂY NINH"},"geometry":{"type":"MultiPolygon","coordinates":[[[[106.72573,10.58509],[106.72719,10.58544],[106.72657,10.58431],[106.72858,10.58005],[106.73102,10.57969],[106.73278,10.58022],[106.73341,10.58119],[106.73471,10.58205],[106.73498,10.58287],[106.73471,10.58343],[106.73498,10.58426],[106.73474,10.58502],[106.73544,10.58609],[106.73614,10.58635],[106.73746,10.58619],[106.73905,10.58498],[106.73957,10.58355],[106.73939,10.58235],[106.73876,10.58123],[106.73501,10.57893],[106.73478,10.57815],[106.73503,10.57766],[106.73601,10.57698],[106.7368,10.57692],[106.73841,10.57851],[106.74137,10.57909],[106.74247,10.57865],[106.74569,10.5756],[106.74301,10.57172],[106.74195,10.56891],[106.74168,10.56706],[106.74181,10.56375],[106.74777,10.53282],[106.74836,10.5252],[106.74817,10.52091],[106.74738,10.51563],[106.74402,10.5041],[106.73301,10.50972],[106.72678,10.51394],[106.72424,10.51453],[106.72248,10.51404],[106.72173,10.51351],[106.7195,10.51039],[106.71799,10.50896],[106.71678,10.50835],[106.71147,10.50809],[106.71034,10.50776],[106.70866,10.50493],[106.70806,10.50242],[106.70739,10.50164],[106.70655,10.50131],[106.70551,10.50116],[106.70209,10.50204],[106.69291,10.50213],[106.68618,10.50052],[106.68092,10.50063],[106.67858,10.50023],[106.67467,10.49733],[106.67184,10.49609],[106.67072,10.49614],[106.66869,10.49686],[106.66701,10.49843],[106.66405,10.50274],[106.66177,10.51066],[106.66008,10.51252],[106.6581,10.51268],[106.65808,10.51359],[106.65848,10.5152],[106.65938,10.51597],[106.66368,10.5177],[106.66356,10.51906],[106.66427,10.52048],[106.66421,10.52101],[106.66156,10.52215],[106.66107,10.52282],[106.66158,10.52378],[106.66295,10.52382],[106.66192,10.53151],[106.66288,10.53135],[106.6637,10.53041],[106.6644,10.53025],[106.66585,10.5324],[106.66627,10.53259],[106.66685,10.53205],[106.66675,10.53072],[106.66712,10.53046],[106.66904,10.53252],[106.66892,10.53328],[106.668,10.53323],[106.66764,10.53372],[106.66918,10.53427],[106.66921,10.53462],[106.6683,10.53473],[106.66814,10.53525],[106.66862,10.53565],[106.66952,10.53555],[106.66956,10.53591],[106.66861,10.5364],[106.66857,10.53692],[106.66802,10.53743],[106.66782,10.53695],[106.66687,10.53661],[106.66545,10.53709],[106.66588,10.53894],[106.66653,10.53982],[106.6671,10.53979],[106.66692,10.54036],[106.66797,10.54085],[106.66824,10.54301],[106.66913,10.54352],[106.67002,10.54309],[106.67034,10.54335],[106.66959,10.54444],[106.66997,10.54523],[106.66933,10.54568],[106.66931,10.54623],[106.67065,10.54669],[106.67129,10.54797],[106.67198,10.548],[106.67247,10.54848],[106.67297,10.54825],[106.67312,10.54752],[106.67366,10.54767],[106.67457,10.54881],[106.67496,10.55003],[106.67544,10.54932],[106.67596,10.5492],[106.67716,10.54967],[106.67976,10.54964],[106.68049,10.54834],[106.68043,10.5466],[106.68083,10.54602],[106.68267,10.54731],[106.68446,10.54808],[106.68536,10.54788],[106.68666,10.54655],[106.68761,10.54669],[106.68791,10.54762],[106.68768,10.55014],[106.68926,10.55222],[106.69309,10.5555],[106.69377,10.55541],[106.69397,10.55493],[106.69344,10.55272],[106.69518,10.55378],[106.69582,10.55454],[106.69778,10.56062],[106.69713,10.56472],[106.69896,10.56523],[106.70328,10.56458],[106.70416,10.56475],[106.70466,10.56516],[106.70485,10.56584],[106.7035,10.56912],[106.70407,10.57076],[106.70616,10.57229],[106.70852,10.57496],[106.71333,10.57389],[106.71328,10.57971],[106.71401,10.58579],[106.71439,10.58686],[106.71525,10.58731],[106.71916,10.58818],[106.72363,10.59116],[106.72323,10.58824],[106.7242,10.58711],[106.72475,10.58581],[106.72573,10.58509]]]]}},
{"type":"Feature","id":"28210","properties":{"Ward_Code":"28210","Ward_Code_Num":28210,"Ward":"Tầm Vu","Ward_Alt":"Tầm Vu","Ward_Upper":"TẦM VU","Ward_Full":"Xã Tầm Vu","Ward_Full_Alt":"Xã Tầm Vu","Ward_Full_Upper_Alt":"XÃ TẦM VU","Ward_Type":"Xã","Province_Code":"80","Province":"Tây Ninh","Province_Upper_Alt":"TÂY NINH"},"geometry":{"type":"MultiPolygon","coordinates":[[[[106.50525,10.50708],[106.50608,10.50271],[106.50606,10.49898],[106.50425,10.49135],[106.50473,10.48838],[106.50539,10.48689],[106.50636,10.48566],[106.50827,10.48451],[106.51645,10.48306],[106.51764,10.48206],[106.51836,10.48048],[106.51836,10.47832],[106.51681,10.47571],[106.51476,10.47422],[106.50981,10.47207],[106.50859,10.47104],[106.50808,10.46973],[106.50804,10.46738],[106.50896,10.46528],[106.50997,10.46408],[106.51145,10.46301],[106.51438,10.46187],[106.51538,10.45958],[106.51338,10.4588],[106.50956,10.45467],[106.50893,10.45457],[106.50766,10.45552],[106.5065,10.45522],[106.50533,10.45538],[106.50408,10.45473],[106.50331,10.45468],[106.50276,10.45398],[106.50214,10.45406],[106.50178,10.45337],[106.5007,10.45336],[106.49941,10.45392],[106.49579,10.45299],[106.49404,10.45137],[106.48964,10.44602],[106.48402,10.44058],[106.48261,10.44295],[106.47778,10.43848],[106.47693,10.43684],[106.47175,10.43865],[106.47133,10.43676],[106.47067,10.43568],[106.4689,10.43404],[106.4655,10.43223],[106.46488,10.4326],[106.46467,10.43312],[106.4656,10.43357],[106.46557,10.43468],[106.46354,10.43679],[106.46323,10.43768],[106.46213,10.43758],[106.46261,10.43859],[106.46135,10.43855],[106.46156,10.43955],[106.46036,10.4418],[106.46154,10.44216],[106.46171,10.443],[106.46336,10.44458],[106.46276,10.44548],[106.46335,10.44613],[106.4639,10.44612],[106.4659,10.44858],[106.46531,10.44892],[106.46236,10.44894],[106.46107,10.44846],[106.45803,10.45031],[106.45637,10.45007],[106.45549,10.44932],[106.45459,10.44938],[106.45283,10.45335],[106.4506,10.45355],[106.44804,10.45471],[106.44684,10.45577],[106.44604,10.45576],[106.4461,10.45708],[106.44505,10.45727],[106.44398,10.45814],[106.44218,10.45824],[106.44186,10.45957],[106.44225,10.46126],[106.44206,10.46605],[106.44157,10.46672],[106.44087,10.46703],[106.43943,10.46633],[106.43896,10.46684],[106.43908,10.46798],[106.44178,10.47214],[106.44525,10.47529],[106.44751,10.47632],[106.44912,10.47746],[106.45024,10.47684],[106.45137,10.47728],[106.45433,10.47685],[106.4548,10.47736],[106.45488,10.4788],[106.45537,10.47981],[106.45817,10.48022],[106.45706,10.48761],[106.4576,10.48803],[106.4582,10.48716],[106.45881,10.48696],[106.45932,10.4877],[106.45914,10.48946],[106.4581,10.49021],[106.4579,10.49115],[106.45898,10.49232],[106.46117,10.49349],[106.46261,10.49473],[106.46353,10.49727],[106.46486,10.49793],[106.4645,10.49975],[106.46634,10.50193],[106.46788,10.50449],[106.46775,10.50516],[106.46588,10.50527],[106.46528,10.50579],[106.46564,10.50629],[106.46758,10.50737],[106.46805,10.50862],[106.46885,10.50835],[106.4702,10.50686],[106.47068,10.50688],[106.47217,10.50898],[106.47258,10.51012],[106.47385,10.50841],[106.4764,10.50669],[106.47935,10.50606],[106.48431,10.50636],[106.48656,10.50764],[106.48928,10.51172],[106.49107,10.51367],[106.49358,10.51477],[106.49631,10.51518],[106.49899,10.51462],[106.50037,10.51372],[106.50381,10.51005],[106.50525,10.50708]]]]}},
{"type":"Feature","id":"28222","properties":{"Ward_Code":"28222","Ward_Code_Num":28222,"Ward":"Vĩnh Công","Ward_Alt":"Vĩnh Công","Ward_Upper":"VĨNH CÔNG","Ward_Full":"Xã Vĩnh Công","Ward_Full_Alt":"Xã Vĩnh Công","Ward_Full_Upper_Alt":"XÃ VĨNH CÔNG","Ward_Type":"Xã","Province_Code":"80","Province":"Tây Ninh","Province_Upper_Alt":"TÂY NINH"},"geometry":{"type":"MultiPolygon","coordinates":[[[[106.45517,10.52896],[106.45981,10.53007],[106.46145,10.5298],[106.46386,10.52831],[106.46659,10.52444],[106.4711,10.51694],[106.47255,10.50999],[106.47074,10.5069],[106.4702,10.50686],[106.46885,10.50835],[106.46812,10.50864],[106.46756,10.50735],[106.46545,10.50613],[106.46549,10.50545],[106.46775,10.50516],[106.46788,10.50449],[106.46634,10.50193],[106.4645,10.49975],[106.46486,10.49793],[106.46353,10.49727],[106.46261,10.49473],[106.46117,10.49349],[106.45898,10.49232],[106.45796,10.4913],[106.4581,10.49021],[106.45914,10.48946],[106.45932,10.4877],[106.45881,10.48696],[106.4582,10.48716],[106.4576,10.48803],[106.45706,10.48761],[106.45817,10.48022],[106.45537,10.47981],[106.45488,10.4788],[106.4548,10.47736],[106.45433,10.47685],[106.45137,10.47728],[106.45024,10.47684],[106.44912,10.47746],[106.44751,10.47632],[106.44522,10.47527],[106.44173,10.47208],[106.43908,10.46798],[106.43896,10.46684],[106.4368,10.46828],[106.43577,10.46963],[106.43527,10.46947],[106.43464,10.46865],[106.43433,10.46872],[106.43238,10.4707],[106.43004,10.47398],[106.42726,10.47343],[106.42561,10.474],[106.42503,10.47677],[106.42399,10.47857],[106.42265,10.47933],[106.42062,10.47983],[106.41733,10.48204],[106.41783,10.48386],[106.4167,10.48583],[106.417,10.48842],[106.41521,10.48904],[106.41432,10.48878],[106.41444,10.49079],[106.41516,10.49286],[106.41485,10.493],[106.41465,10.49525],[106.41745,10.49495],[106.41862,10.49515],[106.4192,10.49602],[106.41991,10.49608],[106.42139,10.49716],[106.42327,10.49737],[106.4222,10.50134],[106.42769,10.5024],[106.42801,10.50211],[106.4293,10.50435],[106.42938,10.50683],[106.4304,10.51012],[106.43404,10.51446],[106.43419,10.51516],[106.43375,10.5169],[106.43406,10.51767],[106.43724,10.51895],[106.44122,10.52007],[106.44257,10.52092],[106.44345,10.52206],[106.44432,10.52476],[106.44616,10.52786],[106.44836,10.53001],[106.45059,10.53151],[106.45295,10.52968],[106.45517,10.52896]]]]}},
{"type":"Feature","id":"28225","properties":{"Ward_Code":"28225","Ward_Code_Num":28225,"Ward":"Thuận Mỹ","Ward_Alt":"Thuận Mỹ","Ward_Upper":"THUẬN MỸ","Ward_Full":"Xã Thuận Mỹ","Ward_Full_Alt":"Xã Thuận Mỹ","Ward_Full_Upper_Alt":"XÃ THUẬN MỸ","Ward_Type":"Xã","Province_Code":"80","Province":"Tây Ninh","Province_Upper_Alt":"TÂY NINH"},"geometry":{"type":"MultiPolygon","coordinates":[[[[106.57408,10.48424],[106.57836,10.47953],[106.58145,10.47549],[106.58412,10.47064],[106.58548,10.46639],[106.58567,10.46263],[106.5844,10.45189],[106.58461,10.44691],[106.58512,10.44444],[106.58634,10.4411],[106.58831,10.4383],[106.58605,10.43648],[106.58455,10.43473],[106.58424,10.43249],[106.58488,10.42984],[106.58582,10.428],[106.58781,10.4254],[106.58745,10.42264],[106.58936,10.41968],[106.58942,10.41883],[106.58885,10.41811],[106.584,10.41675],[106.57979,10.4148],[106.57475,10.41409],[106.57187,10.41226],[106.57039,10.41254],[106.56806,10.41472],[106.5674,10.41485],[106.5647,10.41461],[106.56035,10.41301],[106.55907,10.41296],[106.55806,10.41371],[106.55774,10.41503],[106.55779,10.4166],[106.55909,10.42209],[106.55906,10.42337],[106.5586,10.42439],[106.55779,10.42508],[106.55617,10.42555],[106.54983,10.42498],[106.54907,10.42531],[106.54809,10.42633],[106.54716,10.42892],[106.54643,10.4295],[106.5448,10.42941],[106.54319,10.42816],[106.54113,10.42573],[106.53846,10.421],[106.53756,10.42037],[106.53675,10.42116],[106.53376,10.42819],[106.52932,10.43355],[106.52513,10.43169],[106.52403,10.4309],[106.52092,10.42774],[106.51961,10.42488],[106.5191,10.4245],[106.51818,10.42442],[106.51431,10.42607],[106.51398,10.42672],[106.51412,10.42819],[106.51331,10.4289],[106.51083,10.4287],[106.50957,10.4277],[106.50682,10.42968],[106.50537,10.42863],[106.50472,10.43221],[106.50344,10.43445],[106.50168,10.4333],[106.49963,10.43738],[106.49841,10.43692],[106.49856,10.43591],[106.49737,10.43552],[106.49603,10.43555],[106.49546,10.437],[106.49306,10.43647],[106.49233,10.43774],[106.49033,10.43857],[106.48978,10.43961],[106.49108,10.44005],[106.49066,10.44106],[106.49018,10.44095],[106.48997,10.44125],[106.48973,10.44239],[106.48895,10.44231],[106.48805,10.44453],[106.49579,10.45299],[106.49941,10.45392],[106.5007,10.45336],[106.50178,10.45337],[106.50214,10.45406],[106.50276,10.45398],[106.50331,10.45468],[106.50408,10.45473],[106.50533,10.45538],[106.5065,10.45522],[106.50766,10.45552],[106.50893,10.45457],[106.50956,10.45467],[106.51338,10.4588],[106.5153,10.45945],[106.51539,10.45994],[106.51462,10.46093],[106.51438,10.46187],[106.51807,10.46144],[106.51965,10.46158],[106.52255,10.46225],[106.52474,10.4635],[106.5256,10.46493],[106.52577,10.46615],[106.52488,10.47119],[106.52489,10.47444],[106.5259,10.47613],[106.52834,10.47743],[106.53739,10.47904],[106.5403,10.4789],[106.54238,10.47826],[106.54383,10.47748],[106.546,10.47555],[106.548,10.47263],[106.54912,10.46876],[106.54876,10.4625],[106.54944,10.46142],[106.55139,10.46038],[106.55491,10.46012],[106.55725,10.46087],[106.56054,10.46323],[106.56297,10.46654],[106.56464,10.47074],[106.56516,10.47557],[106.5645,10.47856],[106.56303,10.48113],[106.56052,10.48331],[106.55777,10.48423],[106.55378,10.48432],[106.55178,10.48517],[106.55077,10.48645],[106.55006,10.48846],[106.54999,10.49104],[106.55037,10.49341],[106.55226,10.49899],[106.55352,10.50098],[106.55544,10.50239],[106.55692,10.50285],[106.55958,10.50304],[106.5632,10.49899],[106.56397,10.49742],[106.5688,10.49027],[106.57408,10.48424]]]]}},
{"type":"Feature","id":"28243","properties":{"Ward_Code":"28243","Ward_Code_Num":28243,"Ward":"An Lục Long","Ward_Alt":"An Lục Long","Ward_Upper":"AN LỤC LONG","Ward_Full":"Xã An Lục Long","Ward_Full_Alt":"Xã An Lục Long","Ward_Full_Upper_Alt":"XÃ AN LỤC LONG","Ward_Type":"Xã","Province_Code":"80","Province":"Tây Ninh","Province_Upper_Alt":"TÂY NINH"},"geometry":{"type":"MultiPolygon","coordinates":[[[[106.4503,10.45034],[106.45402,10.45095],[106.45459,10.44938],[106.45549,10.44932],[106.45637,10.45007],[106.45803,10.45031],[106.46107,10.44846],[106.46236,10.44894],[106.46531,10.44892],[106.4659,10.44858],[106.4639,10.44612],[106.46335,10.44613],[106.46276,10.44548],[106.46336,10.44458],[106.46171,10.443],[106.46154,10.44216],[106.46036,10.4418],[106.46156,10.43955],[106.46135,10.43855],[106.46261,10.43859],[106.46213,10.43758],[106.46323,10.43768],[106.46354,10.43679],[106.46557,10.43468],[106.4656,10.43357],[106.46467,10.43312],[106.46488,10.4326],[106.4655,10.43223],[106.4689,10.43404],[106.47067,10.43568],[106.47133,10.43676],[106.47175,10.43865],[106.47693,10.43684],[106.47778,10.43848],[106.48261,10.44295],[106.48402,10.44058],[106.48805,10.44453],[106.48895,10.44231],[106.48973,10.44239],[106.48997,10.44125],[106.49018,10.44095],[106.49066,10.44106],[106.49108,10.44005],[106.48978,10.43961],[106.49033,10.43857],[106.49233,10.43774],[106.49306,10.43647],[106.49546,10.437],[106.49603,10.43555],[106.49737,10.43552],[106.49856,10.43591],[106.49841,10.43692],[106.49963,10.43738],[106.50168,10.4333],[106.50344,10.43445],[106.50472,10.43221],[106.50537,10.42863],[106.50682,10.42968],[106.50957,10.4277],[106.50854,10.42318],[106.50814,10.42262],[106.50729,10.42238],[106.5053,10.42324],[106.50466,10.42313],[106.50416,10.42238],[106.50398,10.42084],[106.50202,10.42027],[106.50137,10.41819],[106.49978,10.41738],[106.49919,10.41521],[106.49856,10.41516],[106.49791,10.41653],[106.4972,10.4167],[106.49696,10.41623],[106.49715,10.41508],[106.49671,10.41458],[106.49614,10.4144],[106.49512,10.41492],[106.49434,10.41416],[106.49269,10.41391],[106.49194,10.41319],[106.49133,10.41173],[106.48786,10.40952],[106.48731,10.40875],[106.48648,10.40879],[106.4859,10.40649],[106.48681,10.4058],[106.4856,10.40488],[106.48631,10.40394],[106.48625,10.40361],[106.48536,10.40374],[106.48486,10.40301],[106.4814,10.40484],[106.48022,10.39675],[106.47255,10.39877],[106.46992,10.39764],[106.46921,10.39675],[106.46775,10.39656],[106.46661,10.39719],[106.46602,10.39871],[106.4645,10.40021],[106.46329,10.40051],[106.46178,10.39974],[106.46097,10.39813],[106.45894,10.39542],[106.45566,10.39456],[106.45411,10.40036],[106.45201,10.39897],[106.4501,10.39822],[106.44788,10.39869],[106.44894,10.40182],[106.4481,10.40211],[106.44892,10.40438],[106.45042,10.40403],[106.45447,10.40083],[106.45568,10.40204],[106.45969,10.40487],[106.45741,10.40685],[106.4537,10.41163],[106.45185,10.41336],[106.44912,10.41119],[106.44631,10.41209],[106.44615,10.41362],[106.44034,10.41489],[106.43921,10.41171],[106.43181,10.41446],[106.43154,10.41537],[106.43034,10.41492],[106.42985,10.41432],[106.4288,10.41103],[106.42791,10.40979],[106.42468,10.41137],[106.42632,10.41442],[106.42436,10.4161],[106.42302,10.4178],[106.42147,10.42126],[106.42037,10.42183],[106.42053,10.42433],[106.42017,10.42526],[106.42118,10.42772],[106.42002,10.42813],[106.41782,10.42973],[106.41496,10.42964],[106.41478,10.42987],[106.4147,10.43094],[106.41551,10.43355],[106.41843,10.43497],[106.42729,10.43383],[106.42742,10.43655],[106.42987,10.43679],[106.43082,10.43651],[106.43351,10.43861],[106.43534,10.43901],[106.43608,10.44147],[106.4376,10.44139],[106.43931,10.44509],[106.44222,10.44427],[106.44398,10.44728],[106.44566,10.4494],[106.44712,10.45032],[106.44762,10.45148],[106.4503,10.45034]]]]}}]}